N (e-folds), phi (in Mpl), phi' (in Mpl), T (in Mpl)
0,5.96852,-0.0446254,0.000191358
1e-06,5.96852,-0.0446254,0.000191358
5.5e-06,5.96852,-0.0446254,0.000191358
2.575e-05,5.96852,-0.0446254,0.000191358
0.000116875,5.96851,-0.0446252,0.000191358
0.000526938,5.9685,-0.0446245,0.000191358
0.00237222,5.96841,-0.0446215,0.000191359
0.010676,5.96804,-0.0446095,0.00019136
0.0251687,5.9674,-0.0445933,0.000191362
0.0400081,5.96674,-0.0445816,0.000191361
0.0555051,5.96604,-0.0445731,0.000191359
0.0717043,5.96532,-0.0445668,0.000191355
0.0886706,5.96457,-0.0445624,0.00019135
0.106478,5.96377,-0.0445592,0.000191345
0.125209,5.96294,-0.044557,0.000191339
0.144963,5.96206,-0.0445554,0.000191332
0.165851,5.96113,-0.0445542,0.000191325
0.188007,5.96014,-0.0445534,0.000191317
0.211585,5.95909,-0.0445527,0.000191309
0.236772,5.95797,-0.0445522,0.0001913
0.263791,5.95676,-0.0445518,0.000191291
0.292911,5.95547,-0.0445514,0.000191281
0.324467,5.95406,-0.044551,0.00019127
0.358876,5.95253,-0.0445507,0.000191258
0.396668,5.95084,-0.0445503,0.000191245
0.438541,5.94898,-0.04455,0.000191232
0.48544,5.94689,-0.0445496,0.000191216
0.538778,5.94451,-0.0445492,0.000191199
0.601155,5.94173,-0.0445487,0.000191179
0.683238,5.93808,-0.0445482,0.000191153
0.76532,5.93442,-0.0445477,0.000191127
0.847402,5.93076,-0.0445473,0.000191101
0.929484,5.92711,-0.0445468,0.000191075
1.01157,5.92345,-0.0445464,0.000191049
1.09365,5.9198,-0.044546,0.000191024
1.17573,5.91614,-0.0445456,0.000190998
1.25781,5.91248,-0.0445452,0.000190973
1.33989,5.90883,-0.0445448,0.000190947
1.42198,5.90517,-0.0445444,0.000190922
1.50406,5.90151,-0.044544,0.000190897
1.58614,5.89786,-0.0445437,0.000190871
1.66822,5.8942,-0.0445433,0.000190846
1.75031,5.89055,-0.0445429,0.00019082
1.83239,5.88689,-0.0445425,0.000190795
1.91447,5.88323,-0.0445421,0.000190769
1.99655,5.87958,-0.0445417,0.000190744
2.07042,5.87629,-0.0445413,0.000190721
2.14432,5.87299,-0.044541,0.000190698
2.21817,5.86971,-0.0445406,0.000190675
2.29195,5.86642,-0.0445402,0.000190652
2.36568,5.86314,-0.0445398,0.000190629
2.43936,5.85985,-0.0445395,0.000190606
2.51298,5.85657,-0.0445391,0.000190583
2.58653,5.8533,-0.0445387,0.00019056
2.66004,5.85002,-0.0445383,0.000190537
2.7335,5.84675,-0.0445379,0.000190514
2.80689,5.84348,-0.0445375,0.000190491
2.88024,5.84022,-0.0445372,0.000190468
2.95353,5.83695,-0.0445368,0.000190446
3.02676,5.83369,-0.0445364,0.000190423
3.09995,5.83043,-0.044536,0.0001904
3.17307,5.82718,-0.0445356,0.000190377
3.24614,5.82392,-0.0445352,0.000190354
3.31916,5.82067,-0.0445348,0.000190331
3.39213,5.81742,-0.0445343,0.000190308
3.46503,5.81417,-0.0445339,0.000190285
3.53788,5.81093,-0.0445335,0.000190262
3.61069,5.80769,-0.0445331,0.000190239
3.68343,5.80445,-0.0445327,0.000190216
3.75612,5.80121,-0.0445323,0.000190193
3.82876,5.79798,-0.0445318,0.00019017
3.90134,5.79474,-0.0445314,0.000190148
3.97387,5.79151,-0.044531,0.000190125
4.04634,5.78829,-0.0445305,0.000190102
4.11877,5.78506,-0.0445301,0.000190079
4.19113,5.78184,-0.0445297,0.000190056
4.26345,5.77862,-0.0445292,0.000190033
4.33571,5.7754,-0.0445288,0.00019001
4.40792,5.77219,-0.0445283,0.000189987
4.48008,5.76897,-0.0445279,0.000189964
4.55218,5.76576,-0.0445274,0.000189941
4.62423,5.76255,-0.044527,0.000189919
4.69623,5.75935,-0.0445265,0.000189896
4.76818,5.75614,-0.0445261,0.000189873
4.84008,5.75294,-0.0445256,0.00018985
4.91192,5.74974,-0.0445252,0.000189827
4.98372,5.74655,-0.0445247,0.000189804
5.05545,5.74335,-0.0445242,0.000189781
5.12714,5.74016,-0.0445237,0.000189758
5.19878,5.73697,-0.0445233,0.000189736
5.27036,5.73379,-0.0445228,0.000189713
5.34189,5.7306,-0.0445223,0.00018969
5.41337,5.72742,-0.0445218,0.000189667
5.4848,5.72424,-0.0445214,0.000189644
5.55618,5.72106,-0.0445209,0.000189621
5.62751,5.71788,-0.0445204,0.000189598
5.69878,5.71471,-0.0445199,0.000189576
5.77001,5.71154,-0.0445194,0.000189553
5.84118,5.70837,-0.0445189,0.00018953
5.91231,5.70521,-0.0445184,0.000189507
5.98338,5.70204,-0.0445179,0.000189484
6.05441,5.69888,-0.0445174,0.000189461
6.12538,5.69572,-0.0445169,0.000189438
6.1963,5.69256,-0.0445164,0.000189416
6.26716,5.68941,-0.0445159,0.000189393
6.33799,5.68626,-0.0445153,0.00018937
6.40876,5.6831,-0.0445148,0.000189347
6.47948,5.67996,-0.0445143,0.000189324
6.55015,5.67681,-0.0445138,0.000189301
6.62077,5.67367,-0.0445133,0.000189278
6.69134,5.67053,-0.0445127,0.000189256
6.76186,5.66739,-0.0445122,0.000189233
6.83233,5.66425,-0.0445117,0.00018921
6.90275,5.66112,-0.0445111,0.000189187
6.97312,5.65798,-0.0445106,0.000189164
7.04344,5.65485,-0.0445101,0.000189142
7.11371,5.65173,-0.0445095,0.000189119
7.18394,5.6486,-0.044509,0.000189096
7.25412,5.64548,-0.0445084,0.000189073
7.32424,5.64236,-0.0445079,0.00018905
7.39432,5.63924,-0.0445073,0.000189027
7.46434,5.63612,-0.0445068,0.000189005
7.53432,5.63301,-0.0445062,0.000188982
7.60425,5.62989,-0.0445057,0.000188959
7.67414,5.62678,-0.0445051,0.000188936
7.74397,5.62367,-0.0445045,0.000188913
7.81376,5.62057,-0.044504,0.000188891
7.8835,5.61747,-0.0445034,0.000188868
7.95319,5.61436,-0.0445028,0.000188845
8.02283,5.61126,-0.0445023,0.000188822
8.09243,5.60817,-0.0445017,0.000188799
8.16197,5.60507,-0.0445011,0.000188776
8.23147,5.60198,-0.0445005,0.000188754
8.30092,5.59889,-0.0444999,0.000188731
8.37033,5.5958,-0.0444993,0.000188708
8.43968,5.59271,-0.0444988,0.000188685
8.50899,5.58963,-0.0444982,0.000188662
8.57825,5.58655,-0.0444976,0.00018864
8.64746,5.58347,-0.044497,0.000188617
8.71662,5.58039,-0.0444964,0.000188594
8.78574,5.57732,-0.0444958,0.000188571
8.85481,5.57424,-0.0444952,0.000188549
8.92383,5.57117,-0.0444946,0.000188526
8.99281,5.5681,-0.044494,0.000188503
9.06174,5.56504,-0.0444934,0.00018848
9.13062,5.56197,-0.0444927,0.000188457
9.19946,5.55891,-0.0444921,0.000188435
9.26824,5.55585,-0.0444915,0.000188412
9.33699,5.55279,-0.0444909,0.000188389
9.40569,5.54973,-0.0444903,0.000188366
9.47433,5.54668,-0.0444896,0.000188344
9.54294,5.54363,-0.044489,0.000188321
9.6115,5.54058,-0.0444884,0.000188298
9.68001,5.53753,-0.0444877,0.000188275
9.74847,5.53448,-0.0444871,0.000188252
9.81688,5.53144,-0.0444865,0.00018823
9.88525,5.5284,-0.0444858,0.000188207
9.95357,5.52536,-0.0444852,0.000188184
10.0219,5.52232,-0.0444845,0.000188161
10.0901,5.51929,-0.0444839,0.000188139
10.1583,5.51625,-0.0444833,0.000188116
10.2264,5.51322,-0.0444826,0.000188093
10.2945,5.51019,-0.0444819,0.00018807
10.3626,5.50717,-0.0444813,0.000188048
10.4306,5.50414,-0.0444806,0.000188025
10.4985,5.50112,-0.04448,0.000188002
10.5665,5.4981,-0.0444793,0.000187979
10.6343,5.49508,-0.0444786,0.000187956
10.7021,5.49206,-0.044478,0.000187934
10.7699,5.48905,-0.0444773,0.000187911
10.8377,5.48603,-0.0444766,0.000187888
10.9053,5.48302,-0.044476,0.000187865
10.973,5.48001,-0.0444753,0.000187843
11.0406,5.47701,-0.0444746,0.00018782
11.1082,5.474,-0.0444739,0.000187797
11.1757,5.471,-0.0444732,0.000187774
11.2431,5.468,-0.0444725,0.000187752
11.3106,5.465,-0.0444719,0.000187729
11.3779,5.46201,-0.0444712,0.000187706
11.4453,5.45901,-0.0444705,0.000187684
11.5126,5.45602,-0.0444698,0.000187661
11.5798,5.45303,-0.0444691,0.000187638
11.647,5.45004,-0.0444684,0.000187615
11.7142,5.44705,-0.0444677,0.000187593
11.7813,5.44407,-0.044467,0.00018757
11.8483,5.44109,-0.0444663,0.000187547
11.9154,5.43811,-0.0444655,0.000187524
11.9823,5.43513,-0.0444648,0.000187502
12.0493,5.43215,-0.0444641,0.000187479
12.1162,5.42918,-0.0444634,0.000187456
12.183,5.42621,-0.0444627,0.000187433
12.2498,5.42323,-0.044462,0.000187411
12.3166,5.42027,-0.0444612,0.000187388
12.3833,5.4173,-0.0444605,0.000187365
12.45,5.41434,-0.0444598,0.000187342
12.5166,5.41137,-0.0444591,0.00018732
12.5832,5.40841,-0.0444583,0.000187297
12.6498,5.40545,-0.0444576,0.000187274
12.7163,5.4025,-0.0444568,0.000187252
12.7827,5.39954,-0.0444561,0.000187229
12.8492,5.39659,-0.0444554,0.000187206
12.9155,5.39364,-0.0444546,0.000187183
12.9819,5.39069,-0.0444539,0.000187161
13.0481,5.38774,-0.0444531,0.000187138
13.1144,5.3848,-0.0444524,0.000187115
13.1806,5.38186,-0.0444516,0.000187093
13.2468,5.37891,-0.0444509,0.00018707
13.3129,5.37598,-0.0444501,0.000187047
13.379,5.37304,-0.0444493,0.000187024
13.445,5.3701,-0.0444486,0.000187002
13.511,5.36717,-0.0444478,0.000186979
13.5769,5.36424,-0.044447,0.000186956
13.6428,5.36131,-0.0444463,0.000186934
13.7087,5.35838,-0.0444455,0.000186911
13.7745,5.35546,-0.0444447,0.000186888
13.8403,5.35253,-0.0444439,0.000186865
13.9061,5.34961,-0.0444432,0.000186843
13.9717,5.34669,-0.0444424,0.00018682
14.0374,5.34377,-0.0444416,0.000186797
14.103,5.34086,-0.0444408,0.000186775
14.1686,5.33794,-0.04444,0.000186752
14.2341,5.33503,-0.0444392,0.000186729
14.2996,5.33212,-0.0444384,0.000186706
14.3651,5.32921,-0.0444376,0.000186684
14.4305,5.32631,-0.0444368,0.000186661
14.4958,5.3234,-0.044436,0.000186638
14.5612,5.3205,-0.0444352,0.000186616
14.6264,5.3176,-0.0444344,0.000186593
14.6917,5.3147,-0.0444336,0.00018657
14.7569,5.3118,-0.0444328,0.000186548
14.822,5.30891,-0.044432,0.000186525
14.8872,5.30601,-0.0444312,0.000186502
14.9522,5.30312,-0.0444304,0.00018648
15.0173,5.30023,-0.0444296,0.000186457
15.0823,5.29735,-0.0444287,0.000186434
15.1472,5.29446,-0.0444279,0.000186411
15.2121,5.29158,-0.0444271,0.000186389
15.277,5.28869,-0.0444263,0.000186366
15.3418,5.28581,-0.0444254,0.000186343
15.4066,5.28293,-0.0444246,0.000186321
15.4714,5.28006,-0.0444238,0.000186298
15.5361,5.27718,-0.0444229,0.000186275
15.6008,5.27431,-0.0444221,0.000186253
15.6654,5.27144,-0.0444213,0.00018623
15.73,5.26857,-0.0444204,0.000186207
15.7945,5.2657,-0.0444196,0.000186185
15.859,5.26284,-0.0444187,0.000186162
15.9235,5.25997,-0.0444179,0.000186139
15.9879,5.25711,-0.044417,0.000186116
16.0523,5.25425,-0.0444162,0.000186094
16.1167,5.25139,-0.0444153,0.000186071
16.181,5.24854,-0.0444145,0.000186048
16.2452,5.24568,-0.0444136,0.000186026
16.3095,5.24283,-0.0444127,0.000186003
16.3736,5.23998,-0.0444119,0.00018598
16.4378,5.23713,-0.044411,0.000185958
16.5019,5.23429,-0.0444101,0.000185935
16.566,5.23144,-0.0444093,0.000185912
16.63,5.2286,-0.0444084,0.00018589
16.694,5.22575,-0.0444075,0.000185867
16.758,5.22291,-0.0444067,0.000185844
16.8219,5.22008,-0.0444058,0.000185822
16.8857,5.21724,-0.0444049,0.000185799
16.9496,5.21441,-0.044404,0.000185776
17.0134,5.21157,-0.0444031,0.000185754
17.0771,5.20874,-0.0444022,0.000185731
17.1408,5.20591,-0.0444013,0.000185708
17.2045,5.20309,-0.0444004,0.000185686
17.2681,5.20026,-0.0443996,0.000185663
17.3317,5.19744,-0.0443987,0.00018564
17.3953,5.19462,-0.0443978,0.000185618
17.4588,5.1918,-0.0443969,0.000185595
17.5223,5.18898,-0.044396,0.000185572
17.5857,5.18616,-0.044395,0.00018555
17.6491,5.18335,-0.0443941,0.000185527
17.7125,5.18053,-0.0443932,0.000185504
17.7758,5.17772,-0.0443923,0.000185482
17.8391,5.17491,-0.0443914,0.000185459
17.9024,5.1721,-0.0443905,0.000185436
17.9656,5.1693,-0.0443896,0.000185414
18.0287,5.16649,-0.0443886,0.000185391
18.0919,5.16369,-0.0443877,0.000185368
18.155,5.16089,-0.0443868,0.000185346
18.218,5.15809,-0.0443859,0.000185323
18.281,5.1553,-0.0443849,0.0001853
18.344,5.1525,-0.044384,0.000185278
18.4069,5.14971,-0.0443831,0.000185255
18.4698,5.14692,-0.0443821,0.000185232
18.5327,5.14413,-0.0443812,0.00018521
18.5955,5.14134,-0.0443803,0.000185187
18.6583,5.13855,-0.0443793,0.000185164
18.7211,5.13577,-0.0443784,0.000185142
18.7838,5.13298,-0.0443774,0.000185119
18.8465,5.1302,-0.0443765,0.000185096
18.9091,5.12742,-0.0443755,0.000185074
18.9717,5.12464,-0.0443746,0.000185051
19.0343,5.12187,-0.0443736,0.000185028
19.0968,5.11909,-0.0443727,0.000185006
19.1593,5.11632,-0.0443717,0.000184983
19.2217,5.11355,-0.0443707,0.00018496
19.2841,5.11078,-0.0443698,0.000184938
19.3465,5.10801,-0.0443688,0.000184915
19.4088,5.10525,-0.0443678,0.000184893
19.4711,5.10248,-0.0443669,0.00018487
19.5334,5.09972,-0.0443659,0.000184847
19.5956,5.09696,-0.0443649,0.000184825
19.6578,5.0942,-0.044364,0.000184802
19.7199,5.09145,-0.044363,0.000184779
19.782,5.08869,-0.044362,0.000184757
19.8441,5.08594,-0.044361,0.000184734
19.9061,5.08319,-0.04436,0.000184711
19.9681,5.08044,-0.044359,0.000184689
20.0301,5.07769,-0.0443581,0.000184666
20.092,5.07494,-0.0443571,0.000184643
20.1539,5.07219,-0.0443561,0.000184621
20.2158,5.06945,-0.0443551,0.000184598
20.2776,5.06671,-0.0443541,0.000184575
20.3394,5.06397,-0.0443531,0.000184553
20.4011,5.06123,-0.0443521,0.00018453
20.4628,5.05849,-0.0443511,0.000184508
20.5245,5.05576,-0.0443501,0.000184485
20.5861,5.05303,-0.0443491,0.000184462
20.6477,5.05029,-0.0443481,0.00018444
20.7093,5.04756,-0.044347,0.000184417
20.7708,5.04484,-0.044346,0.000184394
20.8323,5.04211,-0.044345,0.000184372
20.8937,5.03938,-0.044344,0.000184349
20.9551,5.03666,-0.044343,0.000184326
21.0165,5.03394,-0.044342,0.000184304
21.0779,5.03122,-0.0443409,0.000184281
21.1392,5.0285,-0.0443399,0.000184259
21.2004,5.02578,-0.0443389,0.000184236
21.2617,5.02307,-0.0443378,0.000184213
21.3229,5.02036,-0.0443368,0.000184191
21.384,5.01765,-0.0443358,0.000184168
21.4451,5.01494,-0.0443347,0.000184145
21.5062,5.01223,-0.0443337,0.000184123
21.5673,5.00952,-0.0443327,0.0001841
21.6283,5.00682,-0.0443316,0.000184077
21.6893,5.00411,-0.0443306,0.000184055
21.7502,5.00141,-0.0443295,0.000184032
21.8111,4.99871,-0.0443285,0.00018401
21.872,4.99601,-0.0443274,0.000183987
21.9328,4.99332,-0.0443264,0.000183964
21.9936,4.99062,-0.0443253,0.000183942
22.0544,4.98793,-0.0443243,0.000183919
22.1151,4.98523,-0.0443232,0.000183896
22.1758,4.98254,-0.0443221,0.000183874
22.2365,4.97986,-0.0443211,0.000183851
22.2971,4.97717,-0.04432,0.000183828
22.3577,4.97448,-0.0443189,0.000183806
22.4183,4.9718,-0.0443179,0.000183783
22.4788,4.96912,-0.0443168,0.000183761
22.5392,4.96644,-0.0443157,0.000183738
22.5997,4.96376,-0.0443147,0.000183715
22.6601,4.96108,-0.0443136,0.000183693
22.7205,4.95841,-0.0443125,0.00018367
22.7808,4.95573,-0.0443114,0.000183647
22.8411,4.95306,-0.0443103,0.000183625
22.9014,4.95039,-0.0443093,0.000183602
22.9616,4.94772,-0.0443082,0.00018358
23.0218,4.94505,-0.0443071,0.000183557
23.082,4.94239,-0.044306,0.000183534
23.1421,4.93972,-0.0443049,0.000183512
23.2022,4.93706,-0.0443038,0.000183489
23.2623,4.9344,-0.0443027,0.000183466
23.3223,4.93174,-0.0443016,0.000183444
23.3823,4.92908,-0.0443005,0.000183421
23.4423,4.92643,-0.0442994,0.000183399
23.5022,4.92377,-0.0442983,0.000183376
23.5621,4.92112,-0.0442972,0.000183353
23.6219,4.91847,-0.0442961,0.000183331
23.6817,4.91582,-0.044295,0.000183308
23.7415,4.91317,-0.0442938,0.000183285
23.8013,4.91053,-0.0442927,0.000183263
23.861,4.90788,-0.0442916,0.00018324
23.9207,4.90524,-0.0442905,0.000183218
23.9803,4.90259,-0.0442894,0.000183195
24.0399,4.89995,-0.0442882,0.000183172
24.0995,4.89732,-0.0442871,0.00018315
24.1591,4.89468,-0.044286,0.000183127
24.2186,4.89204,-0.0442849,0.000183105
24.278,4.88941,-0.0442837,0.000183082
24.3375,4.88678,-0.0442826,0.000183059
24.3969,4.88415,-0.0442815,0.000183037
24.4563,4.88152,-0.0442803,0.000183014
24.5156,4.87889,-0.0442792,0.000182991
24.5749,4.87626,-0.044278,0.000182969
24.6342,4.87364,-0.0442769,0.000182946
24.6934,4.87102,-0.0442758,0.000182924
24.7526,4.8684,-0.0442746,0.000182901
24.8118,4.86578,-0.0442735,0.000182878
24.8709,4.86316,-0.0442723,0.000182856
24.93,4.86054,-0.0442712,0.000182833
24.9891,4.85793,-0.04427,0.000182811
25.0481,4.85531,-0.0442688,0.000182788
25.1071,4.8527,-0.0442677,0.000182765
25.1661,4.85009,-0.0442665,0.000182743
25.225,4.84748,-0.0442654,0.00018272
25.2839,4.84488,-0.0442642,0.000182697
25.3428,4.84227,-0.044263,0.000182675
25.4016,4.83967,-0.0442619,0.000182652
25.4604,4.83706,-0.0442607,0.00018263
25.5192,4.83446,-0.0442595,0.000182607
25.5779,4.83186,-0.0442583,0.000182584
25.6366,4.82926,-0.0442572,0.000182562
25.6953,4.82667,-0.044256,0.000182539
25.7539,4.82407,-0.0442548,0.000182517
25.8125,4.82148,-0.0442536,0.000182494
25.8711,4.81889,-0.0442524,0.000182471
25.9296,4.8163,-0.0442513,0.000182449
25.9881,4.81371,-0.0442501,0.000182426
26.0466,4.81112,-0.0442489,0.000182404
26.105,4.80854,-0.0442477,0.000182381
26.1634,4.80595,-0.0442465,0.000182358
26.2218,4.80337,-0.0442453,0.000182336
26.2801,4.80079,-0.0442441,0.000182313
26.3384,4.79821,-0.0442429,0.000182291
26.3967,4.79563,-0.0442417,0.000182268
26.4549,4.79306,-0.0442405,0.000182245
26.5131,4.79048,-0.0442393,0.000182223
26.5713,4.78791,-0.0442381,0.0001822
26.6294,4.78534,-0.0442369,0.000182177
26.6876,4.78276,-0.0442357,0.000182155
26.7456,4.7802,-0.0442344,0.000182132
26.8037,4.77763,-0.0442332,0.00018211
26.8617,4.77506,-0.044232,0.000182087
26.9197,4.7725,-0.0442308,0.000182064
26.9776,4.76994,-0.0442296,0.000182042
27.0355,4.76737,-0.0442284,0.000182019
27.0934,4.76481,-0.0442271,0.000181997
27.1512,4.76226,-0.0442259,0.000181974
27.209,4.7597,-0.0442247,0.000181951
27.2668,4.75714,-0.0442234,0.000181929
27.3246,4.75459,-0.0442222,0.000181906
27.3823,4.75204,-0.044221,0.000181884
27.44,4.74949,-0.0442197,0.000181861
27.4976,4.74694,-0.0442185,0.000181838
27.5552,4.74439,-0.0442173,0.000181816
27.6128,4.74184,-0.044216,0.000181793
27.6704,4.7393,-0.0442148,0.000181771
27.7279,4.73676,-0.0442135,0.000181748
27.7854,4.73421,-0.0442123,0.000181725
27.8429,4.73167,-0.044211,0.000181703
27.9003,4.72913,-0.0442098,0.00018168
27.9577,4.7266,-0.0442085,0.000181658
28.015,4.72406,-0.0442073,0.000181635
28.0724,4.72153,-0.044206,0.000181612
28.1297,4.71899,-0.0442048,0.00018159
28.1869,4.71646,-0.0442035,0.000181567
28.2442,4.71393,-0.0442022,0.000181545
28.3014,4.7114,-0.044201,0.000181522
28.3585,4.70888,-0.0441997,0.000181499
28.4157,4.70635,-0.0441984,0.000181477
28.4728,4.70383,-0.0441972,0.000181454
28.5299,4.70131,-0.0441959,0.000181432
28.5869,4.69878,-0.0441946,0.000181409
28.6439,4.69626,-0.0441934,0.000181386
28.7009,4.69375,-0.0441921,0.000181364
28.7579,4.69123,-0.0441908,0.000181341
28.8148,4.68871,-0.0441895,0.000181319
28.8717,4.6862,-0.0441882,0.000181296
28.9285,4.68369,-0.0441869,0.000181273
28.9853,4.68118,-0.0441857,0.000181251
29.0421,4.67867,-0.0441844,0.000181228
29.0989,4.67616,-0.0441831,0.000181206
29.1556,4.67365,-0.0441818,0.000181183
29.2123,4.67115,-0.0441805,0.000181161
29.269,4.66864,-0.0441792,0.000181138
29.3256,4.66614,-0.0441779,0.000181115
29.3822,4.66364,-0.0441766,0.000181093
29.4388,4.66114,-0.0441753,0.00018107
29.4953,4.65865,-0.044174,0.000181048
29.5519,4.65615,-0.0441727,0.000181025
29.6083,4.65365,-0.0441714,0.000181002
29.6648,4.65116,-0.0441701,0.00018098
29.7212,4.64867,-0.0441688,0.000180957
29.7776,4.64618,-0.0441675,0.000180935
29.8339,4.64369,-0.0441661,0.000180912
29.8903,4.6412,-0.0441648,0.000180889
29.9466,4.63872,-0.0441635,0.000180867
30.0028,4.63623,-0.0441622,0.000180844
30.0591,4.63375,-0.0441609,0.000180822
30.1153,4.63127,-0.0441595,0.000180799
30.1714,4.62878,-0.0441582,0.000180776
30.2276,4.62631,-0.0441569,0.000180754
30.2837,4.62383,-0.0441556,0.000180731
30.3398,4.62135,-0.0441542,0.000180709
30.3958,4.61888,-0.0441529,0.000180686
30.4518,4.6164,-0.0441516,0.000180664
30.5078,4.61393,-0.0441502,0.000180641
30.5638,4.61146,-0.0441489,0.000180618
30.6197,4.60899,-0.0441475,0.000180596
30.6756,4.60653,-0.0441462,0.000180573
30.7315,4.60406,-0.0441449,0.000180551
30.7873,4.60159,-0.0441435,0.000180528
30.8431,4.59913,-0.0441422,0.000180505
30.8989,4.59667,-0.0441408,0.000180483
30.9546,4.59421,-0.0441395,0.00018046
31.0103,4.59175,-0.0441381,0.000180438
31.066,4.58929,-0.0441368,0.000180415
31.1217,4.58684,-0.0441354,0.000180392
31.1773,4.58438,-0.044134,0.00018037
31.2329,4.58193,-0.0441327,0.000180347
31.2884,4.57948,-0.0441313,0.000180325
31.344,4.57702,-0.04413,0.000180302
31.3995,4.57458,-0.0441286,0.00018028
31.4549,4.57213,-0.0441272,0.000180257
31.5104,4.56968,-0.0441259,0.000180234
31.5658,4.56724,-0.0441245,0.000180212
31.6212,4.56479,-0.0441231,0.000180189
31.6765,4.56235,-0.0441217,0.000180167
31.7318,4.55991,-0.0441204,0.000180144
31.7871,4.55747,-0.044119,0.000180121
31.8424,4.55503,-0.0441176,0.000180099
31.8976,4.5526,-0.0441162,0.000180076
31.9528,4.55016,-0.0441148,0.000180054
32.008,4.54773,-0.0441135,0.000180031
32.0631,4.54529,-0.0441121,0.000180009
32.1182,4.54286,-0.0441107,0.000179986
32.1733,4.54043,-0.0441093,0.000179963
32.2284,4.53801,-0.0441079,0.000179941
32.2834,4.53558,-0.0441065,0.000179918
32.3384,4.53315,-0.0441051,0.000179896
32.3934,4.53073,-0.0441037,0.000179873
32.4483,4.52831,-0.0441023,0.00017985
32.5032,4.52588,-0.0441009,0.000179828
32.5581,4.52346,-0.0440995,0.000179805
32.6129,4.52105,-0.0440981,0.000179783
32.6677,4.51863,-0.0440967,0.00017976
32.7225,4.51621,-0.0440953,0.000179738
32.7773,4.5138,-0.0440939,0.000179715
32.832,4.51139,-0.0440925,0.000179692
32.8867,4.50897,-0.0440911,0.00017967
32.9414,4.50656,-0.0440897,0.000179647
32.996,4.50415,-0.0440882,0.000179625
33.0506,4.50175,-0.0440868,0.000179602
33.1052,4.49934,-0.0440854,0.000179579
33.1597,4.49694,-0.044084,0.000179557
33.2143,4.49453,-0.0440826,0.000179534
33.2688,4.49213,-0.0440811,0.000179512
33.3232,4.48973,-0.0440797,0.000179489
33.3777,4.48733,-0.0440783,0.000179467
33.4321,4.48493,-0.0440768,0.000179444
33.4864,4.48254,-0.0440754,0.000179421
33.5408,4.48014,-0.044074,0.000179399
33.5951,4.47775,-0.0440725,0.000179376
33.6494,4.47535,-0.0440711,0.000179354
33.7036,4.47296,-0.0440697,0.000179331
33.7579,4.47057,-0.0440682,0.000179309
33.8121,4.46818,-0.0440668,0.000179286
33.8663,4.4658,-0.0440653,0.000179263
33.9204,4.46341,-0.0440639,0.000179241
33.9745,4.46103,-0.0440624,0.000179218
34.0286,4.45864,-0.044061,0.000179196
34.0827,4.45626,-0.0440595,0.000179173
34.1367,4.45388,-0.0440581,0.000179151
34.1907,4.4515,-0.0440566,0.000179128
34.2447,4.44912,-0.0440552,0.000179105
34.2986,4.44675,-0.0440537,0.000179083
34.3525,4.44437,-0.0440523,0.00017906
34.4064,4.442,-0.0440508,0.000179038
34.4603,4.43963,-0.0440493,0.000179015
34.5141,4.43725,-0.0440479,0.000178993
34.5679,4.43488,-0.0440464,0.00017897
34.6217,4.43252,-0.0440449,0.000178947
34.6754,4.43015,-0.0440435,0.000178925
34.7291,4.42778,-0.044042,0.000178902
34.7828,4.42542,-0.0440405,0.00017888
34.8365,4.42306,-0.044039,0.000178857
34.8901,4.42069,-0.0440376,0.000178835
34.9437,4.41833,-0.0440361,0.000178812
34.9973,4.41597,-0.0440346,0.000178789
35.0508,4.41362,-0.0440331,0.000178767
35.1043,4.41126,-0.0440316,0.000178744
35.1578,4.40891,-0.0440301,0.000178722
35.2113,4.40655,-0.0440287,0.000178699
35.2647,4.4042,-0.0440272,0.000178676
35.3181,4.40185,-0.0440257,0.000178654
35.3715,4.3995,-0.0440242,0.000178631
35.4248,4.39715,-0.0440227,0.000178609
35.4782,4.3948,-0.0440212,0.000178586
35.5314,4.39246,-0.0440197,0.000178564
35.5847,4.39011,-0.0440182,0.000178541
35.6379,4.38777,-0.0440167,0.000178519
35.6911,4.38543,-0.0440152,0.000178496
35.7443,4.38309,-0.0440137,0.000178473
35.7975,4.38075,-0.0440122,0.000178451
35.8506,4.37841,-0.0440107,0.000178428
35.9037,4.37607,-0.0440092,0.000178406
35.9568,4.37374,-0.0440077,0.000178383
36.0098,4.3714,-0.0440062,0.000178361
36.0628,4.36907,-0.0440046,0.000178338
36.1158,4.36674,-0.0440031,0.000178315
36.1687,4.36441,-0.0440016,0.000178293
36.2217,4.36208,-0.0440001,0.00017827
36.2746,4.35975,-0.0439986,0.000178248
36.3274,4.35743,-0.043997,0.000178225
36.3803,4.3551,-0.0439955,0.000178203
36.4331,4.35278,-0.043994,0.00017818
36.4859,4.35046,-0.0439925,0.000178157
36.5387,4.34813,-0.0439909,0.000178135
36.5914,4.34581,-0.0439894,0.000178112
36.6441,4.3435,-0.0439879,0.00017809
36.6968,4.34118,-0.0439863,0.000178067
36.7494,4.33886,-0.0439848,0.000178045
36.8021,4.33655,-0.0439833,0.000178022
36.8546,4.33423,-0.0439817,0.000177999
36.9072,4.33192,-0.0439802,0.000177977
36.9598,4.32961,-0.0439786,0.000177954
37.0123,4.3273,-0.0439771,0.000177932
37.0648,4.32499,-0.0439755,0.000177909
37.1172,4.32269,-0.043974,0.000177887
37.1697,4.32038,-0.0439725,0.000177864
37.2221,4.31808,-0.0439709,0.000177841
37.2744,4.31577,-0.0439693,0.000177819
37.3268,4.31347,-0.0439678,0.000177796
37.3791,4.31117,-0.0439662,0.000177774
37.4314,4.30887,-0.0439647,0.000177751
37.4837,4.30658,-0.0439631,0.000177729
37.5359,4.30428,-0.0439616,0.000177706
37.5881,4.30198,-0.04396,0.000177684
37.6403,4.29969,-0.0439584,0.000177661
37.6925,4.2974,-0.0439569,0.000177638
37.7446,4.2951,-0.0439553,0.000177616
37.7967,4.29281,-0.0439537,0.000177593
37.8488,4.29053,-0.0439522,0.000177571
37.9008,4.28824,-0.0439506,0.000177548
37.9529,4.28595,-0.043949,0.000177526
38.0049,4.28367,-0.0439474,0.000177503
38.0568,4.28138,-0.0439459,0.00017748
38.1088,4.2791,-0.0439443,0.000177458
38.1607,4.27682,-0.0439427,0.000177435
38.2126,4.27454,-0.0439411,0.000177413
38.2645,4.27226,-0.0439395,0.00017739
38.3163,4.26998,-0.043938,0.000177368
38.3681,4.26771,-0.0439364,0.000177345
38.4199,4.26543,-0.0439348,0.000177323
38.4716,4.26316,-0.0439332,0.0001773
38.5234,4.26088,-0.0439316,0.000177277
38.5751,4.25861,-0.04393,0.000177255
38.6267,4.25634,-0.0439284,0.000177232
38.6784,4.25407,-0.0439268,0.00017721
38.73,4.25181,-0.0439252,0.000177187
38.7816,4.24954,-0.0439236,0.000177165
38.8332,4.24727,-0.043922,0.000177142
38.8847,4.24501,-0.0439204,0.000177119
38.9362,4.24275,-0.0439188,0.000177097
38.9877,4.24049,-0.0439172,0.000177074
39.0392,4.23823,-0.0439156,0.000177052
39.0906,4.23597,-0.043914,0.000177029
39.142,4.23371,-0.0439124,0.000177007
39.1934,4.23145,-0.0439108,0.000176984
39.2448,4.2292,-0.0439092,0.000176962
39.2961,4.22695,-0.0439075,0.000176939
39.3474,4.22469,-0.0439059,0.000176916
39.3987,4.22244,-0.0439043,0.000176894
39.4499,4.22019,-0.0439027,0.000176871
39.5012,4.21794,-0.0439011,0.000176849
39.5524,4.21569,-0.0438994,0.000176826
39.6035,4.21345,-0.0438978,0.000176804
39.6547,4.2112,-0.0438962,0.000176781
39.7058,4.20896,-0.0438946,0.000176759
39.7569,4.20672,-0.0438929,0.000176736
39.808,4.20448,-0.0438913,0.000176713
39.859,4.20224,-0.0438897,0.000176691
39.91,4.2,-0.043888,0.000176668
39.961,4.19776,-0.0438864,0.000176646
40.012,4.19552,-0.0438848,0.000176623
40.0629,4.19329,-0.0438831,0.000176601
40.1138,4.19105,-0.0438815,0.000176578
40.1647,4.18882,-0.0438798,0.000176556
40.2155,4.18659,-0.0438782,0.000176533
40.2664,4.18436,-0.0438765,0.00017651
40.3172,4.18213,-0.0438749,0.000176488
40.368,4.1799,-0.0438732,0.000176465
40.4187,4.17767,-0.0438716,0.000176443
40.4694,4.17545,-0.0438699,0.00017642
40.5201,4.17322,-0.0438683,0.000176398
40.5708,4.171,-0.0438666,0.000176375
40.6215,4.16878,-0.043865,0.000176353
40.6721,4.16656,-0.0438633,0.00017633
40.7227,4.16434,-0.0438617,0.000176307
40.7733,4.16212,-0.04386,0.000176285
40.8238,4.1599,-0.0438583,0.000176262
40.8743,4.15769,-0.0438567,0.00017624
40.9248,4.15547,-0.043855,0.000176217
40.9753,4.15326,-0.0438533,0.000176195
41.0258,4.15105,-0.0438517,0.000176172
41.0762,4.14884,-0.04385,0.00017615
41.1266,4.14663,-0.0438483,0.000176127
41.1769,4.14442,-0.0438466,0.000176104
41.2273,4.14221,-0.043845,0.000176082
41.2776,4.14,-0.0438433,0.000176059
41.3279,4.1378,-0.0438416,0.000176037
41.3782,4.1356,-0.0438399,0.000176014
41.4284,4.13339,-0.0438383,0.000175992
41.4786,4.13119,-0.0438366,0.000175969
41.5288,4.12899,-0.0438349,0.000175947
41.579,4.12679,-0.0438332,0.000175924
41.6291,4.1246,-0.0438315,0.000175902
41.6792,4.1224,-0.0438298,0.000175879
41.7293,4.1202,-0.0438281,0.000175856
41.7794,4.11801,-0.0438264,0.000175834
41.8294,4.11582,-0.0438248,0.000175811
41.8794,4.11362,-0.0438231,0.000175789
41.9294,4.11143,-0.0438214,0.000175766
41.9794,4.10924,-0.0438197,0.000175744
42.0293,4.10706,-0.043818,0.000175721
42.0793,4.10487,-0.0438163,0.000175699
42.1291,4.10268,-0.0438146,0.000175676
42.179,4.1005,-0.0438129,0.000175653
42.2288,4.09832,-0.0438111,0.000175631
42.2786,4.09613,-0.0438094,0.000175608
42.3284,4.09395,-0.0438077,0.000175586
42.3782,4.09177,-0.043806,0.000175563
42.4279,4.08959,-0.0438043,0.000175541
42.4776,4.08742,-0.0438026,0.000175518
42.5273,4.08524,-0.0438009,0.000175496
42.577,4.08306,-0.0437992,0.000175473
42.6266,4.08089,-0.0437974,0.000175451
42.6762,4.07872,-0.0437957,0.000175428
42.7258,4.07655,-0.043794,0.000175405
42.7754,4.07438,-0.0437923,0.000175383
42.8249,4.07221,-0.0437906,0.00017536
42.8744,4.07004,-0.0437888,0.000175338
42.9239,4.06787,-0.0437871,0.000175315
42.9734,4.06571,-0.0437854,0.000175293
43.0228,4.06354,-0.0437836,0.00017527
43.0722,4.06138,-0.0437819,0.000175248
43.1216,4.05922,-0.0437802,0.000175225
43.171,4.05705,-0.0437784,0.000175203
43.2203,4.05489,-0.0437767,0.00017518
43.2696,4.05274,-0.043775,0.000175157
43.3189,4.05058,-0.0437732,0.000175135
43.3682,4.04842,-0.0437715,0.000175112
43.4174,4.04627,-0.0437697,0.00017509
43.4666,4.04411,-0.043768,0.000175067
43.5158,4.04196,-0.0437663,0.000175045
43.565,4.03981,-0.0437645,0.000175022
43.6141,4.03766,-0.0437628,0.000175
43.6633,4.03551,-0.043761,0.000174977
43.7124,4.03336,-0.0437593,0.000174955
43.7614,4.03121,-0.0437575,0.000174932
43.8105,4.02907,-0.0437558,0.000174909
43.8595,4.02692,-0.043754,0.000174887
43.9085,4.02478,-0.0437522,0.000174864
43.9574,4.02263,-0.0437505,0.000174842
44.0064,4.02049,-0.0437487,0.000174819
44.0553,4.01835,-0.043747,0.000174797
44.1042,4.01621,-0.0437452,0.000174774
44.1531,4.01408,-0.0437434,0.000174752
44.2019,4.01194,-0.0437417,0.000174729
44.2507,4.0098,-0.0437399,0.000174707
44.2995,4.00767,-0.0437381,0.000174684
44.3483,4.00554,-0.0437364,0.000174661
44.3971,4.00341,-0.0437346,0.000174639
44.4458,4.00127,-0.0437328,0.000174616
44.4945,3.99914,-0.043731,0.000174594
44.5432,3.99702,-0.0437293,0.000174571
44.5918,3.99489,-0.0437275,0.000174549
44.6404,3.99276,-0.0437257,0.000174526
44.6891,3.99064,-0.0437239,0.000174504
44.7376,3.98851,-0.0437222,0.000174481
44.7862,3.98639,-0.0437204,0.000174459
44.8347,3.98427,-0.0437186,0.000174436
44.8832,3.98215,-0.0437168,0.000174413
44.9317,3.98003,-0.043715,0.000174391
44.9802,3.97791,-0.0437132,0.000174368
45.0286,3.97579,-0.0437114,0.000174346
45.077,3.97368,-0.0437096,0.000174323
45.1254,3.97156,-0.0437078,0.000174301
45.1738,3.96945,-0.043706,0.000174278
45.2221,3.96733,-0.0437043,0.000174256
45.2704,3.96522,-0.0437025,0.000174233
45.3187,3.96311,-0.0437007,0.000174211
45.367,3.961,-0.0436989,0.000174188
45.4152,3.95889,-0.0436971,0.000174166
45.4635,3.95679,-0.0436952,0.000174143
45.5117,3.95468,-0.0436934,0.00017412
45.5598,3.95258,-0.0436916,0.000174098
45.608,3.95047,-0.0436898,0.000174075
45.6561,3.94837,-0.043688,0.000174053
45.7042,3.94627,-0.0436862,0.00017403
45.7523,3.94417,-0.0436844,0.000174008
45.8003,3.94207,-0.0436826,0.000173985
45.8484,3.93997,-0.0436808,0.000173963
45.8964,3.93787,-0.043679,0.00017394
45.9444,3.93578,-0.0436771,0.000173918
45.9923,3.93368,-0.0436753,0.000173895
46.0403,3.93159,-0.0436735,0.000173873
46.0882,3.9295,-0.0436717,0.00017385
46.1361,3.92741,-0.0436698,0.000173828
46.1839,3.92532,-0.043668,0.000173805
46.2318,3.92323,-0.0436662,0.000173782
46.2796,3.92114,-0.0436644,0.00017376
46.3274,3.91905,-0.0436625,0.000173737
46.3752,3.91697,-0.0436607,0.000173715
46.4229,3.91488,-0.0436589,0.000173692
46.4706,3.9128,-0.043657,0.00017367
46.5183,3.91072,-0.0436552,0.000173647
46.566,3.90863,-0.0436534,0.000173625
46.6137,3.90655,-0.0436515,0.000173602
46.6613,3.90447,-0.0436497,0.00017358
46.7089,3.9024,-0.0436478,0.000173557
46.7565,3.90032,-0.043646,0.000173535
46.8041,3.89824,-0.0436442,0.000173512
46.8516,3.89617,-0.0436423,0.000173489
46.8991,3.8941,-0.0436405,0.000173467
46.9466,3.89202,-0.0436386,0.000173444
46.9941,3.88995,-0.0436368,0.000173422
47.0415,3.88788,-0.0436349,0.000173399
47.0889,3.88581,-0.0436331,0.000173377
47.1363,3.88374,-0.0436312,0.000173354
47.1837,3.88168,-0.0436294,0.000173332
47.2311,3.87961,-0.0436275,0.000173309
47.2784,3.87755,-0.0436256,0.000173287
47.3257,3.87548,-0.0436238,0.000173264
47.373,3.87342,-0.0436219,0.000173242
47.4202,3.87136,-0.0436201,0.000173219
47.4675,3.8693,-0.0436182,0.000173197
47.5147,3.86724,-0.0436163,0.000173174
47.5619,3.86518,-0.0436145,0.000173151
47.609,3.86312,-0.0436126,0.000173129
47.6562,3.86107,-0.0436107,0.000173106
47.7033,3.85901,-0.0436089,0.000173084
47.7504,3.85696,-0.043607,0.000173061
47.7975,3.85491,-0.0436051,0.000173039
47.8445,3.85285,-0.0436032,0.000173016
47.8916,3.8508,-0.0436014,0.000172994
47.9386,3.84875,-0.0435995,0.000172971
47.9856,3.84671,-0.0435976,0.000172949
48.0325,3.84466,-0.0435957,0.000172926
48.0795,3.84261,-0.0435939,0.000172904
48.1264,3.84057,-0.043592,0.000172881
48.1733,3.83852,-0.0435901,0.000172859
48.2201,3.83648,-0.0435882,0.000172836
48.267,3.83444,-0.0435863,0.000172814
48.3138,3.8324,-0.0435844,0.000172791
48.3606,3.83036,-0.0435825,0.000172768
48.4074,3.82832,-0.0435806,0.000172746
48.4541,3.82628,-0.0435788,0.000172723
48.5009,3.82424,-0.0435769,0.000172701
48.5476,3.82221,-0.043575,0.000172678
48.5943,3.82017,-0.0435731,0.000172656
48.6409,3.81814,-0.0435712,0.000172633
48.6876,3.81611,-0.0435693,0.000172611
48.7342,3.81408,-0.0435674,0.000172588
48.7808,3.81205,-0.0435655,0.000172566
48.8274,3.81002,-0.0435636,0.000172543
48.8739,3.80799,-0.0435617,0.000172521
48.9205,3.80596,-0.0435598,0.000172498
48.967,3.80394,-0.0435578,0.000172476
49.0135,3.80191,-0.0435559,0.000172453
49.0599,3.79989,-0.043554,0.000172431
49.1064,3.79787,-0.0435521,0.000172408
49.1528,3.79585,-0.0435502,0.000172386
49.1992,3.79382,-0.0435483,0.000172363
49.2455,3.7918,-0.0435464,0.00017234
49.2919,3.78979,-0.0435445,0.000172318
49.3382,3.78777,-0.0435425,0.000172295
49.3845,3.78575,-0.0435406,0.000172273
49.4308,3.78374,-0.0435387,0.00017225
49.4771,3.78172,-0.0435368,0.000172228
49.5233,3.77971,-0.0435349,0.000172205
49.5695,3.7777,-0.0435329,0.000172183
49.6157,3.77569,-0.043531,0.00017216
49.6619,3.77368,-0.0435291,0.000172138
49.7081,3.77167,-0.0435271,0.000172115
49.7542,3.76966,-0.0435252,0.000172093
49.8003,3.76765,-0.0435233,0.00017207
49.8464,3.76565,-0.0435213,0.000172048
49.8924,3.76364,-0.0435194,0.000172025
49.9385,3.76164,-0.0435175,0.000172003
49.9845,3.75964,-0.0435155,0.00017198
50.0305,3.75764,-0.0435136,0.000171958
50.0765,3.75564,-0.0435117,0.000171935
50.1224,3.75364,-0.0435097,0.000171912
50.1683,3.75164,-0.0435078,0.00017189
50.2142,3.74964,-0.0435058,0.000171867
50.2601,3.74765,-0.0435039,0.000171845
50.306,3.74565,-0.0435019,0.000171822
50.3518,3.74366,-0.0435,0.0001718
50.3977,3.74166,-0.043498,0.000171777
50.4435,3.73967,-0.0434961,0.000171755
50.4892,3.73768,-0.0434941,0.000171732
50.535,3.73569,-0.0434922,0.00017171
50.5807,3.7337,-0.0434902,0.000171687
50.6264,3.73171,-0.0434883,0.000171665
50.6721,3.72973,-0.0434863,0.000171642
50.7178,3.72774,-0.0434844,0.00017162
50.7634,3.72576,-0.0434824,0.000171597
50.809,3.72377,-0.0434804,0.000171575
50.8546,3.72179,-0.0434785,0.000171552
50.9002,3.71981,-0.0434765,0.00017153
50.9458,3.71783,-0.0434746,0.000171507
50.9913,3.71585,-0.0434726,0.000171485
51.0368,3.71387,-0.0434706,0.000171462
51.0823,3.71189,-0.0434687,0.00017144
51.1278,3.70991,-0.0434667,0.000171417
51.1732,3.70794,-0.0434647,0.000171394
51.2187,3.70596,-0.0434627,0.000171372
51.2641,3.70399,-0.0434608,0.000171349
51.3095,3.70202,-0.0434588,0.000171327
51.3548,3.70005,-0.0434568,0.000171304
51.4002,3.69808,-0.0434548,0.000171282
51.4455,3.69611,-0.0434529,0.000171259
51.4908,3.69414,-0.0434509,0.000171237
51.5361,3.69217,-0.0434489,0.000171214
51.5813,3.69021,-0.0434469,0.000171192
51.6266,3.68824,-0.0434449,0.000171169
51.6718,3.68628,-0.0434429,0.000171147
51.717,3.68431,-0.043441,0.000171124
51.7621,3.68235,-0.043439,0.000171102
51.8073,3.68039,-0.043437,0.000171079
51.8524,3.67843,-0.043435,0.000171057
51.8975,3.67647,-0.043433,0.000171034
51.9426,3.67451,-0.043431,0.000171012
51.9877,3.67256,-0.043429,0.000170989
52.0327,3.6706,-0.043427,0.000170967
52.0777,3.66864,-0.043425,0.000170944
52.1227,3.66669,-0.043423,0.000170922
52.1677,3.66474,-0.043421,0.000170899
52.2126,3.66279,-0.043419,0.000170877
52.2576,3.66083,-0.043417,0.000170854
52.3025,3.65888,-0.043415,0.000170832
52.3474,3.65694,-0.043413,0.000170809
52.3923,3.65499,-0.043411,0.000170786
52.4371,3.65304,-0.043409,0.000170764
52.4819,3.65109,-0.043407,0.000170741
52.5267,3.64915,-0.043405,0.000170719
52.5715,3.64721,-0.043403,0.000170696
52.6163,3.64526,-0.0434009,0.000170674
52.661,3.64332,-0.0433989,0.000170651
52.7058,3.64138,-0.0433969,0.000170629
52.7505,3.63944,-0.0433949,0.000170606
52.7952,3.6375,-0.0433929,0.000170584
52.8398,3.63556,-0.0433909,0.000170561
52.8844,3.63363,-0.0433888,0.000170539
52.9291,3.63169,-0.0433868,0.000170516
52.9737,3.62976,-0.0433848,0.000170494
53.0182,3.62782,-0.0433828,0.000170471
53.0628,3.62589,-0.0433807,0.000170449
53.1073,3.62396,-0.0433787,0.000170426
53.1518,3.62203,-0.0433767,0.000170404
53.1963,3.6201,-0.0433747,0.000170381
53.2408,3.61817,-0.0433726,0.000170359
53.2852,3.61624,-0.0433706,0.000170336
53.3297,3.61431,-0.0433686,0.000170314
53.3741,3.61239,-0.0433665,0.000170291
53.4185,3.61046,-0.0433645,0.000170269
53.4628,3.60854,-0.0433625,0.000170246
53.5072,3.60662,-0.0433604,0.000170224
53.5515,3.60469,-0.0433584,0.000170201
53.5958,3.60277,-0.0433563,0.000170179
53.6401,3.60085,-0.0433543,0.000170156
53.6844,3.59893,-0.0433523,0.000170134
53.7286,3.59702,-0.0433502,0.000170111
53.7728,3.5951,-0.0433482,0.000170089
53.817,3.59318,-0.0433461,0.000170066
53.8612,3.59127,-0.0433441,0.000170044
53.9054,3.58935,-0.043342,0.000170021
53.9495,3.58744,-0.04334,0.000169999
53.9936,3.58553,-0.0433379,0.000169976
54.0377,3.58362,-0.0433359,0.000169953
54.0818,3.58171,-0.0433338,0.000169931
54.1258,3.5798,-0.0433318,0.000169908
54.1699,3.57789,-0.0433297,0.000169886
54.2139,3.57598,-0.0433276,0.000169863
54.2579,3.57408,-0.0433256,0.000169841
54.3019,3.57217,-0.0433235,0.000169818
54.3458,3.57027,-0.0433215,0.000169796
54.3897,3.56837,-0.0433194,0.000169773
54.4337,3.56646,-0.0433173,0.000169751
54.4775,3.56456,-0.0433153,0.000169728
54.5214,3.56266,-0.0433132,0.000169706
54.5653,3.56076,-0.0433111,0.000169683
54.6091,3.55886,-0.0433091,0.000169661
54.6529,3.55697,-0.043307,0.000169638
54.6967,3.55507,-0.0433049,0.000169616
54.7405,3.55317,-0.0433028,0.000169593
54.7842,3.55128,-0.0433008,0.000169571
54.8279,3.54939,-0.0432987,0.000169548
54.8717,3.54749,-0.0432966,0.000169526
54.9153,3.5456,-0.0432945,0.000169503
54.959,3.54371,-0.0432925,0.000169481
55.0027,3.54182,-0.0432904,0.000169458
55.0463,3.53993,-0.0432883,0.000169436
55.0899,3.53805,-0.0432862,0.000169413
55.1335,3.53616,-0.0432841,0.000169391
55.1771,3.53427,-0.0432821,0.000169368
55.2206,3.53239,-0.04328,0.000169346
55.2641,3.53051,-0.0432779,0.000169323
55.3076,3.52862,-0.0432758,0.000169301
55.3511,3.52674,-0.0432737,0.000169278
55.3946,3.52486,-0.0432716,0.000169256
55.438,3.52298,-0.0432695,0.000169233
55.4815,3.5211,-0.0432674,0.000169211
55.5249,3.51922,-0.0432653,0.000169188
55.5683,3.51735,-0.0432632,0.000169166
55.6116,3.51547,-0.0432611,0.000169143
55.655,3.51359,-0.043259,0.000169121
55.6983,3.51172,-0.0432569,0.000169098
55.7416,3.50985,-0.0432548,0.000169076
55.7849,3.50797,-0.0432527,0.000169053
55.8282,3.5061,-0.0432506,0.000169031
55.8714,3.50423,-0.0432485,0.000169008
55.9146,3.50236,-0.0432464,0.000168986
55.9578,3.50049,-0.0432443,0.000168963
56.001,3.49863,-0.0432422,0.000168941
56.0442,3.49676,-0.0432401,0.000168918
56.0873,3.4949,-0.043238,0.000168896
56.1305,3.49303,-0.0432359,0.000168873
56.1736,3.49117,-0.0432338,0.000168851
56.2167,3.4893,-0.0432316,0.000168828
56.2597,3.48744,-0.0432295,0.000168806
56.3028,3.48558,-0.0432274,0.000168783
56.3458,3.48372,-0.0432253,0.000168761
56.3888,3.48186,-0.0432232,0.000168738
56.4318,3.48,-0.0432211,0.000168716
56.4748,3.47815,-0.0432189,0.000168693
56.5177,3.47629,-0.0432168,0.00016867
56.5606,3.47444,-0.0432147,0.000168648
56.6035,3.47258,-0.0432126,0.000168625
56.6464,3.47073,-0.0432104,0.000168603
56.6893,3.46888,-0.0432083,0.00016858
56.7322,3.46702,-0.0432062,0.000168558
56.775,3.46517,-0.0432041,0.000168535
56.8178,3.46332,-0.0432019,0.000168513
56.8606,3.46148,-0.0431998,0.00016849
56.9034,3.45963,-0.0431977,0.000168468
56.9461,3.45778,-0.0431955,0.000168445
56.9888,3.45594,-0.0431934,0.000168423
57.0316,3.45409,-0.0431913,0.0001684
57.0743,3.45225,-0.0431891,0.000168378
57.1169,3.4504,-0.043187,0.000168355
57.1596,3.44856,-0.0431848,0.000168333
57.2022,3.44672,-0.0431827,0.00016831
57.2448,3.44488,-0.0431806,0.000168288
57.2874,3.44304,-0.0431784,0.000168265
57.33,3.4412,-0.0431763,0.000168243
57.3726,3.43937,-0.0431741,0.00016822
57.4151,3.43753,-0.043172,0.000168198
57.4576,3.43569,-0.0431698,0.000168175
57.5001,3.43386,-0.0431677,0.000168153
57.5426,3.43203,-0.0431655,0.00016813
57.585,3.43019,-0.0431634,0.000168108
57.6275,3.42836,-0.0431612,0.000168085
57.6699,3.42653,-0.0431591,0.000168063
57.7123,3.4247,-0.0431569,0.00016804
57.7547,3.42287,-0.0431547,0.000168018
57.7971,3.42104,-0.0431526,0.000167995
57.8394,3.41922,-0.0431504,0.000167973
57.8817,3.41739,-0.0431483,0.00016795
57.924,3.41556,-0.0431461,0.000167928
57.9663,3.41374,-0.0431439,0.000167905
58.0086,3.41192,-0.0431418,0.000167883
58.0508,3.41009,-0.0431396,0.00016786
58.0931,3.40827,-0.0431375,0.000167838
58.1353,3.40645,-0.0431353,0.000167815
58.1775,3.40463,-0.0431331,0.000167793
58.2196,3.40281,-0.043131,0.00016777
58.2618,3.40099,-0.0431288,0.000167748
58.3039,3.39918,-0.0431266,0.000167725
58.346,3.39736,-0.0431244,0.000167703
58.3881,3.39555,-0.0431223,0.00016768
58.4302,3.39373,-0.0431201,0.000167658
58.4723,3.39192,-0.0431179,0.000167635
58.5143,3.39011,-0.0431157,0.000167613
58.5563,3.38829,-0.0431136,0.00016759
58.5983,3.38648,-0.0431114,0.000167568
58.6403,3.38467,-0.0431092,0.000167545
58.6823,3.38286,-0.043107,0.000167523
58.7242,3.38106,-0.0431048,0.0001675
58.7661,3.37925,-0.0431026,0.000167478
58.808,3.37744,-0.0431005,0.000167455
58.8499,3.37564,-0.0430983,0.000167433
58.8918,3.37383,-0.0430961,0.00016741
58.9336,3.37203,-0.0430939,0.000167388
58.9755,3.37023,-0.0430917,0.000167365
59.0173,3.36843,-0.0430895,0.000167343
59.0591,3.36662,-0.0430873,0.00016732
59.1009,3.36482,-0.0430851,0.000167298
59.1426,3.36303,-0.0430829,0.000167275
59.1843,3.36123,-0.0430807,0.000167253
59.2261,3.35943,-0.0430785,0.00016723
59.2678,3.35763,-0.0430763,0.000167208
59.3094,3.35584,-0.0430741,0.000167185
59.3511,3.35404,-0.0430719,0.000167163
59.3927,3.35225,-0.0430697,0.00016714
59.4344,3.35046,-0.0430675,0.000167118
59.476,3.34867,-0.0430653,0.000167095
59.5176,3.34688,-0.0430631,0.000167073
59.5591,3.34509,-0.0430609,0.00016705
59.6007,3.3433,-0.0430587,0.000167028
59.6422,3.34151,-0.0430565,0.000167005
59.6837,3.33972,-0.0430543,0.000166983
59.7252,3.33793,-0.0430521,0.00016696
59.7667,3.33615,-0.0430499,0.000166938
59.8081,3.33436,-0.0430477,0.000166915
59.8496,3.33258,-0.0430455,0.000166893
59.891,3.3308,-0.0430432,0.00016687
59.9324,3.32902,-0.043041,0.000166848
59.9738,3.32723,-0.0430388,0.000166825
60.0151,3.32545,-0.0430366,0.000166803
60.0565,3.32368,-0.0430344,0.00016678
60.0978,3.3219,-0.0430322,0.000166758
60.1391,3.32012,-0.0430299,0.000166735
60.1804,3.31834,-0.0430277,0.000166713
60.2217,3.31657,-0.0430255,0.00016669
60.2629,3.31479,-0.0430233,0.000166668
60.3042,3.31302,-0.043021,0.000166645
60.3454,3.31124,-0.0430188,0.000166623
60.3866,3.30947,-0.0430166,0.0001666
60.4278,3.3077,-0.0430144,0.000166578
60.4689,3.30593,-0.0430121,0.000166555
60.5101,3.30416,-0.0430099,0.000166533
60.5512,3.30239,-0.0430077,0.00016651
60.5923,3.30062,-0.0430054,0.000166488
60.6334,3.29886,-0.0430032,0.000166465
60.6745,3.29709,-0.043001,0.000166443
60.7155,3.29533,-0.0429987,0.00016642
60.7565,3.29356,-0.0429965,0.000166398
60.7976,3.2918,-0.0429942,0.000166375
60.8386,3.29004,-0.042992,0.000166353
60.8795,3.28827,-0.0429898,0.00016633
60.9205,3.28651,-0.0429875,0.000166308
60.9614,3.28475,-0.0429853,0.000166285
61.0024,3.28299,-0.042983,0.000166263
61.0433,3.28124,-0.0429808,0.00016624
61.0842,3.27948,-0.0429785,0.000166218
61.125,3.27772,-0.0429763,0.000166195
61.1659,3.27597,-0.042974,0.000166173
61.2067,3.27421,-0.0429718,0.00016615
61.2475,3.27246,-0.0429695,0.000166128
61.2883,3.27071,-0.0429673,0.000166105
61.3291,3.26895,-0.042965,0.000166083
61.3699,3.2672,-0.0429628,0.00016606
61.4106,3.26545,-0.0429605,0.000166038
61.4513,3.2637,-0.0429583,0.000166015
61.492,3.26195,-0.042956,0.000165993
61.5327,3.26021,-0.0429537,0.00016597
61.5734,3.25846,-0.0429515,0.000165948
61.614,3.25671,-0.0429492,0.000165925
61.6547,3.25497,-0.042947,0.000165903
61.6953,3.25322,-0.0429447,0.00016588
61.7359,3.25148,-0.0429424,0.000165858
61.7765,3.24974,-0.0429402,0.000165835
61.817,3.248,-0.0429379,0.000165813
61.8576,3.24625,-0.0429356,0.00016579
61.8981,3.24451,-0.0429334,0.000165768
61.9386,3.24278,-0.0429311,0.000165745
61.9791,3.24104,-0.0429288,0.000165723
62.0196,3.2393,-0.0429266,0.0001657
62.06,3.23756,-0.0429243,0.000165678
62.1005,3.23583,-0.042922,0.000165655
62.1409,3.23409,-0.0429197,0.000165633
62.1813,3.23236,-0.0429175,0.00016561
62.2217,3.23062,-0.0429152,0.000165588
62.2621,3.22889,-0.0429129,0.000165565
62.3024,3.22716,-0.0429106,0.000165543
62.3427,3.22543,-0.0429083,0.00016552
62.3831,3.2237,-0.0429061,0.000165498
62.4234,3.22197,-0.0429038,0.000165475
62.4636,3.22024,-0.0429015,0.000165453
62.5039,3.21852,-0.0428992,0.00016543
62.5441,3.21679,-0.0428969,0.000165408
62.5844,3.21506,-0.0428946,0.000165385
62.6246,3.21334,-0.0428923,0.000165363
62.6648,3.21162,-0.0428901,0.00016534
62.7049,3.20989,-0.0428878,0.000165318
62.7451,3.20817,-0.0428855,0.000165295
62.7852,3.20645,-0.0428832,0.000165273
62.8254,3.20473,-0.0428809,0.00016525
62.8655,3.20301,-0.0428786,0.000165228
62.9056,3.20129,-0.0428763,0.000165205
62.9456,3.19957,-0.042874,0.000165183
62.9857,3.19785,-0.0428717,0.00016516
63.0257,3.19614,-0.0428694,0.000165138
63.0657,3.19442,-0.0428671,0.000165115
63.1057,3.19271,-0.0428648,0.000165093
63.1457,3.19099,-0.0428625,0.00016507
63.1857,3.18928,-0.0428602,0.000165048
63.2256,3.18757,-0.0428579,0.000165025
63.2656,3.18586,-0.0428556,0.000165003
63.3055,3.18415,-0.0428533,0.00016498
63.3454,3.18244,-0.042851,0.000164958
63.3853,3.18073,-0.0428487,0.000164935
63.4251,3.17902,-0.0428464,0.000164913
63.465,3.17731,-0.0428441,0.00016489
63.5048,3.17561,-0.0428417,0.000164868
63.5446,3.1739,-0.0428394,0.000164845
63.5844,3.1722,-0.0428371,0.000164823
63.6242,3.17049,-0.0428348,0.0001648
63.6639,3.16879,-0.0428325,0.000164778
63.7037,3.16709,-0.0428302,0.000164755
63.7434,3.16539,-0.0428279,0.000164733
63.7831,3.16369,-0.0428255,0.00016471
63.8228,3.16199,-0.0428232,0.000164688
63.8624,3.16029,-0.0428209,0.000164665
63.9021,3.15859,-0.0428186,0.000164643
63.9417,3.15689,-0.0428163,0.00016462
63.9814,3.1552,-0.0428139,0.000164598
64.021,3.1535,-0.0428116,0.000164575
64.0605,3.15181,-0.0428093,0.000164553
64.1001,3.15011,-0.042807,0.00016453
64.1397,3.14842,-0.0428046,0.000164508
64.1792,3.14673,-0.0428023,0.000164485
64.2187,3.14504,-0.0428,0.000164462
64.2582,3.14335,-0.0427976,0.00016444
64.2977,3.14166,-0.0427953,0.000164417
64.3372,3.13997,-0.042793,0.000164395
64.3766,3.13828,-0.0427906,0.000164372
64.4161,3.13659,-0.0427883,0.00016435
64.4555,3.1349,-0.042786,0.000164327
64.4949,3.13322,-0.0427836,0.000164305
64.5343,3.13153,-0.0427813,0.000164282
64.5736,3.12985,-0.0427789,0.00016426
64.613,3.12817,-0.0427766,0.000164237
64.6523,3.12648,-0.0427743,0.000164215
64.6916,3.1248,-0.0427719,0.000164192
64.7309,3.12312,-0.0427696,0.00016417
64.7702,3.12144,-0.0427672,0.000164147
64.8095,3.11976,-0.0427649,0.000164125
64.8487,3.11808,-0.0427625,0.000164102
64.8879,3.11641,-0.0427602,0.00016408
64.9272,3.11473,-0.0427578,0.000164057
64.9664,3.11305,-0.0427555,0.000164035
65.0055,3.11138,-0.0427531,0.000164012
65.0447,3.1097,-0.0427508,0.00016399
65.0839,3.10803,-0.0427484,0.000163967
65.123,3.10636,-0.0427461,0.000163945
65.1621,3.10469,-0.0427437,0.000163922
65.2012,3.10302,-0.0427414,0.0001639
65.2403,3.10134,-0.042739,0.000163877
65.2793,3.09968,-0.0427367,0.000163855
65.3184,3.09801,-0.0427343,0.000163832
65.3574,3.09634,-0.0427319,0.00016381
65.3964,3.09467,-0.0427296,0.000163787
65.4354,3.09301,-0.0427272,0.000163765
65.4744,3.09134,-0.0427249,0.000163742
65.5134,3.08967,-0.0427225,0.00016372
65.5523,3.08801,-0.0427201,0.000163697
65.5913,3.08635,-0.0427178,0.000163675
65.6302,3.08469,-0.0427154,0.000163652
65.6691,3.08302,-0.042713,0.00016363
65.708,3.08136,-0.0427107,0.000163607
65.7468,3.0797,-0.0427083,0.000163585
65.7857,3.07804,-0.0427059,0.000163562
65.8245,3.07639,-0.0427035,0.00016354
65.8633,3.07473,-0.0427012,0.000163517
65.9021,3.07307,-0.0426988,0.000163495
65.9409,3.07142,-0.0426964,0.000163472
65.9797,3.06976,-0.042694,0.00016345
66.0184,3.06811,-0.0426917,0.000163427
66.0572,3.06645,-0.0426893,0.000163405
66.0959,3.0648,-0.0426869,0.000163382
66.1346,3.06315,-0.0426845,0.000163359
66.1733,3.0615,-0.0426821,0.000163337
66.2119,3.05985,-0.0426798,0.000163314
66.2506,3.0582,-0.0426774,0.000163292
66.2892,3.05655,-0.042675,0.000163269
66.3278,3.0549,-0.0426726,0.000163247
66.3664,3.05325,-0.0426702,0.000163224
66.405,3.05161,-0.0426678,0.000163202
66.4436,3.04996,-0.0426655,0.000163179
66.4822,3.04831,-0.0426631,0.000163157
66.5207,3.04667,-0.0426607,0.000163134
66.5592,3.04503,-0.0426583,0.000163112
66.5977,3.04338,-0.0426559,0.000163089
66.6362,3.04174,-0.0426535,0.000163067
66.6747,3.0401,-0.0426511,0.000163044
66.7132,3.03846,-0.0426487,0.000163022
66.7516,3.03682,-0.0426463,0.000162999
66.79,3.03518,-0.0426439,0.000162977
66.8284,3.03354,-0.0426415,0.000162954
66.8668,3.03191,-0.0426391,0.000162932
66.9052,3.03027,-0.0426367,0.000162909
66.9436,3.02864,-0.0426343,0.000162887
66.9819,3.027,-0.0426319,0.000162864
67.0203,3.02537,-0.0426295,0.000162842
67.0586,3.02373,-0.0426271,0.000162819
67.0969,3.0221,-0.0426247,0.000162797
67.1352,3.02047,-0.0426223,0.000162774
67.1734,3.01884,-0.0426199,0.000162752
67.2117,3.01721,-0.0426175,0.000162729
67.2499,3.01558,-0.0426151,0.000162706
67.2881,3.01395,-0.0426127,0.000162684
67.3263,3.01232,-0.0426102,0.000162661
67.3645,3.01069,-0.0426078,0.000162639
67.4027,3.00907,-0.0426054,0.000162616
67.4409,3.00744,-0.042603,0.000162594
67.479,3.00582,-0.0426006,0.000162571
67.5171,3.00419,-0.0425982,0.000162549
67.5552,3.00257,-0.0425958,0.000162526
67.5933,3.00095,-0.0425933,0.000162504
67.6314,2.99933,-0.0425909,0.000162481
67.6695,2.9977,-0.0425885,0.000162459
67.7075,2.99608,-0.0425861,0.000162436
67.7455,2.99446,-0.0425837,0.000162414
67.7836,2.99285,-0.0425812,0.000162391
67.8216,2.99123,-0.0425788,0.000162369
67.8595,2.98961,-0.0425764,0.000162346
67.8975,2.98799,-0.042574,0.000162324
67.9355,2.98638,-0.0425715,0.000162301
67.9734,2.98476,-0.0425691,0.000162278
68.0113,2.98315,-0.0425667,0.000162256
68.0492,2.98154,-0.0425642,0.000162233
68.0871,2.97992,-0.0425618,0.000162211
68.125,2.97831,-0.0425594,0.000162188
68.1628,2.9767,-0.0425569,0.000162166
68.2007,2.97509,-0.0425545,0.000162143
68.2385,2.97348,-0.0425521,0.000162121
68.2763,2.97187,-0.0425496,0.000162098
68.3141,2.97026,-0.0425472,0.000162076
68.3519,2.96866,-0.0425448,0.000162053
68.3897,2.96705,-0.0425423,0.000162031
68.4274,2.96544,-0.0425399,0.000162008
68.4652,2.96384,-0.0425374,0.000161986
68.5029,2.96223,-0.042535,0.000161963
68.5406,2.96063,-0.0425326,0.00016194
68.5783,2.95903,-0.0425301,0.000161918
68.6159,2.95742,-0.0425277,0.000161895
68.6536,2.95582,-0.0425252,0.000161873
68.6912,2.95422,-0.0425228,0.00016185
68.7289,2.95262,-0.0425203,0.000161828
68.7665,2.95102,-0.0425179,0.000161805
68.8041,2.94942,-0.0425154,0.000161783
68.8417,2.94783,-0.042513,0.00016176
68.8792,2.94623,-0.0425105,0.000161738
68.9168,2.94463,-0.0425081,0.000161715
68.9543,2.94304,-0.0425056,0.000161693
68.9918,2.94144,-0.0425032,0.00016167
69.0293,2.93985,-0.0425007,0.000161647
69.0668,2.93826,-0.0424983,0.000161625
69.1043,2.93666,-0.0424958,0.000161602
69.1417,2.93507,-0.0424933,0.00016158
69.1792,2.93348,-0.0424909,0.000161557
69.2166,2.93189,-0.0424884,0.000161535
69.254,2.9303,-0.042486,0.000161512
69.2914,2.92871,-0.0424835,0.00016149
69.3288,2.92712,-0.042481,0.000161467
69.3662,2.92554,-0.0424786,0.000161445
69.4035,2.92395,-0.0424761,0.000161422
69.4409,2.92236,-0.0424736,0.0001614
69.4782,2.92078,-0.0424712,0.000161377
69.5155,2.91919,-0.0424687,0.000161354
69.5528,2.91761,-0.0424662,0.000161332
69.5901,2.91603,-0.0424638,0.000161309
69.6273,2.91445,-0.0424613,0.000161287
69.6646,2.91286,-0.0424588,0.000161264
69.7018,2.91128,-0.0424563,0.000161242
69.739,2.9097,-0.0424539,0.000161219
69.7762,2.90812,-0.0424514,0.000161197
69.8134,2.90654,-0.0424489,0.000161174
69.8506,2.90497,-0.0424464,0.000161151
69.8878,2.90339,-0.042444,0.000161129
69.9249,2.90181,-0.0424415,0.000161106
69.962,2.90024,-0.042439,0.000161084
69.9992,2.89866,-0.0424365,0.000161061
70.0363,2.89709,-0.042434,0.000161039
70.0733,2.89551,-0.0424316,0.000161016
70.1104,2.89394,-0.0424291,0.000160994
70.1475,2.89237,-0.0424266,0.000160971
70.1845,2.8908,-0.0424241,0.000160949
70.2215,2.88923,-0.0424216,0.000160926
70.2585,2.88766,-0.0424191,0.000160903
70.2955,2.88609,-0.0424166,0.000160881
70.3325,2.88452,-0.0424142,0.000160858
70.3695,2.88295,-0.0424117,0.000160836
70.4064,2.88138,-0.0424092,0.000160813
70.4434,2.87982,-0.0424067,0.000160791
70.4803,2.87825,-0.0424042,0.000160768
70.5172,2.87669,-0.0424017,0.000160745
70.5541,2.87512,-0.0423992,0.000160723
70.591,2.87356,-0.0423967,0.0001607
70.6278,2.872,-0.0423942,0.000160678
70.6647,2.87043,-0.0423917,0.000160655
70.7015,2.86887,-0.0423892,0.000160633
70.7383,2.86731,-0.0423867,0.00016061
70.7751,2.86575,-0.0423842,0.000160588
70.8119,2.86419,-0.0423817,0.000160565
70.8487,2.86263,-0.0423792,0.000160542
70.8855,2.86108,-0.0423767,0.00016052
70.9222,2.85952,-0.0423742,0.000160497
70.959,2.85796,-0.0423717,0.000160475
70.9957,2.85641,-0.0423692,0.000160452
71.0324,2.85485,-0.0423667,0.00016043
71.0691,2.8533,-0.0423642,0.000160407
71.1057,2.85174,-0.0423617,0.000160384
71.1424,2.85019,-0.0423591,0.000160362
71.179,2.84864,-0.0423566,0.000160339
71.2157,2.84709,-0.0423541,0.000160317
71.2523,2.84554,-0.0423516,0.000160294
71.2889,2.84399,-0.0423491,0.000160272
71.3255,2.84244,-0.0423466,0.000160249
71.3621,2.84089,-0.0423441,0.000160226
71.3986,2.83934,-0.0423415,0.000160204
71.4352,2.83779,-0.042339,0.000160181
71.4717,2.83625,-0.0423365,0.000160159
71.5082,2.8347,-0.042334,0.000160136
71.5447,2.83315,-0.0423315,0.000160114
71.5812,2.83161,-0.0423289,0.000160091
71.6177,2.83007,-0.0423264,0.000160068
71.6541,2.82852,-0.0423239,0.000160046
71.6906,2.82698,-0.0423214,0.000160023
71.727,2.82544,-0.0423189,0.000160001
71.7634,2.8239,-0.0423163,0.000159978
71.7998,2.82236,-0.0423138,0.000159955
71.8362,2.82082,-0.0423113,0.000159933
71.8726,2.81928,-0.0423087,0.00015991
71.909,2.81774,-0.0423062,0.000159888
71.9453,2.8162,-0.0423037,0.000159865
71.9817,2.81467,-0.0423011,0.000159843
72.018,2.81313,-0.0422986,0.00015982
72.0543,2.81159,-0.0422961,0.000159797
72.0906,2.81006,-0.0422935,0.000159775
72.1269,2.80852,-0.042291,0.000159752
72.1631,2.80699,-0.0422885,0.00015973
72.1994,2.80546,-0.0422859,0.000159707
72.2356,2.80393,-0.0422834,0.000159684
72.2718,2.80239,-0.0422809,0.000159662
72.308,2.80086,-0.0422783,0.000159639
72.3442,2.79933,-0.0422758,0.000159617
72.3804,2.7978,-0.0422732,0.000159594
72.4166,2.79627,-0.0422707,0.000159571
72.4527,2.79475,-0.0422681,0.000159549
72.4889,2.79322,-0.0422656,0.000159526
72.525,2.79169,-0.042263,0.000159504
72.5611,2.79017,-0.0422605,0.000159481
72.5972,2.78864,-0.0422579,0.000159458
72.6333,2.78712,-0.0422554,0.000159436
72.6693,2.78559,-0.0422529,0.000159413
72.7054,2.78407,-0.0422503,0.000159391
72.7414,2.78255,-0.0422477,0.000159368
72.7775,2.78102,-0.0422452,0.000159345
72.8135,2.7795,-0.0422426,0.000159323
72.8495,2.77798,-0.0422401,0.0001593
72.8855,2.77646,-0.0422375,0.000159278
72.9214,2.77494,-0.042235,0.000159255
72.9574,2.77342,-0.0422324,0.000159232
72.9933,2.77191,-0.0422299,0.00015921
73.0293,2.77039,-0.0422273,0.000159187
73.0652,2.76887,-0.0422247,0.000159165
73.1011,2.76736,-0.0422222,0.000159142
73.137,2.76584,-0.0422196,0.000159119
73.1729,2.76433,-0.042217,0.000159097
73.2087,2.76281,-0.0422145,0.000159074
73.2446,2.7613,-0.0422119,0.000159051
73.2804,2.75978,-0.0422094,0.000159029
73.3163,2.75827,-0.0422068,0.000159006
73.3521,2.75676,-0.0422042,0.000158984
73.3879,2.75525,-0.0422016,0.000158961
73.4236,2.75374,-0.0421991,0.000158938
73.4594,2.75223,-0.0421965,0.000158916
73.4952,2.75072,-0.0421939,0.000158893
73.5309,2.74921,-0.0421914,0.00015887
73.5666,2.74771,-0.0421888,0.000158848
73.6024,2.7462,-0.0421862,0.000158825
73.6381,2.74469,-0.0421836,0.000158803
73.6738,2.74319,-0.0421811,0.00015878
73.7094,2.74168,-0.0421785,0.000158757
73.7451,2.74018,-0.0421759,0.000158735
73.7807,2.73868,-0.0421733,0.000158712
73.8164,2.73717,-0.0421707,0.000158689
73.852,2.73567,-0.0421682,0.000158667
73.8876,2.73417,-0.0421656,0.000158644
73.9232,2.73267,-0.042163,0.000158622
73.9588,2.73117,-0.0421604,0.000158599
73.9944,2.72967,-0.0421578,0.000158576
74.0299,2.72817,-0.0421552,0.000158554
74.0655,2.72667,-0.0421527,0.000158531
74.101,2.72517,-0.0421501,0.000158508
74.1365,2.72368,-0.0421475,0.000158486
74.172,2.72218,-0.0421449,0.000158463
74.2075,2.72068,-0.0421423,0.00015844
74.243,2.71919,-0.0421397,0.000158418
74.2785,2.71769,-0.0421371,0.000158395
74.3139,2.7162,-0.0421345,0.000158372
74.3493,2.71471,-0.0421319,0.00015835
74.3848,2.71322,-0.0421293,0.000158327
74.4202,2.71172,-0.0421267,0.000158305
74.4556,2.71023,-0.0421241,0.000158282
74.491,2.70874,-0.0421215,0.000158259
74.5264,2.70725,-0.0421189,0.000158237
74.5617,2.70576,-0.0421163,0.000158214
74.5971,2.70427,-0.0421137,0.000158191
74.6324,2.70278,-0.0421111,0.000158169
74.6677,2.7013,-0.0421085,0.000158146
74.703,2.69981,-0.0421059,0.000158123
74.7383,2.69832,-0.0421033,0.000158101
74.7736,2.69684,-0.0421007,0.000158078
74.8089,2.69535,-0.0420981,0.000158055
74.8442,2.69387,-0.0420955,0.000158033
74.8794,2.69239,-0.0420929,0.00015801
74.9146,2.6909,-0.0420903,0.000157987
74.9499,2.68942,-0.0420877,0.000157965
74.9851,2.68794,-0.0420851,0.000157942
75.0203,2.68646,-0.0420824,0.000157919
75.0554,2.68498,-0.0420798,0.000157897
75.0906,2.6835,-0.0420772,0.000157874
75.1258,2.68202,-0.0420746,0.000157851
75.1609,2.68054,-0.042072,0.000157829
75.1961,2.67906,-0.0420694,0.000157806
75.2312,2.67758,-0.0420667,0.000157783
75.2663,2.67611,-0.0420641,0.000157761
75.3014,2.67463,-0.0420615,0.000157738
75.3365,2.67315,-0.0420589,0.000157715
75.3715,2.67168,-0.0420563,0.000157692
75.4066,2.67021,-0.0420536,0.00015767
75.4416,2.66873,-0.042051,0.000157647
75.4767,2.66726,-0.0420484,0.000157624
75.5117,2.66579,-0.0420458,0.000157602
75.5467,2.66431,-0.0420431,0.000157579
75.5817,2.66284,-0.0420405,0.000157556
75.6167,2.66137,-0.0420379,0.000157534
75.6516,2.6599,-0.0420353,0.000157511
75.6866,2.65843,-0.0420326,0.000157488
75.7216,2.65696,-0.04203,0.000157466
75.7565,2.6555,-0.0420274,0.000157443
75.7914,2.65403,-0.0420247,0.00015742
75.8263,2.65256,-0.0420221,0.000157397
75.8612,2.65109,-0.0420195,0.000157375
75.8961,2.64963,-0.0420168,0.000157352
75.931,2.64816,-0.0420142,0.000157329
75.9658,2.6467,-0.0420115,0.000157307
76.0007,2.64523,-0.0420089,0.000157284
76.0355,2.64377,-0.0420063,0.000157261
76.0703,2.64231,-0.0420036,0.000157239
76.1052,2.64085,-0.042001,0.000157216
76.14,2.63939,-0.0419983,0.000157193
76.1747,2.63792,-0.0419957,0.00015717
76.2095,2.63646,-0.041993,0.000157148
76.2443,2.635,-0.0419904,0.000157125
76.279,2.63354,-0.0419878,0.000157102
76.3138,2.63209,-0.0419851,0.000157079
76.3485,2.63063,-0.0419825,0.000157057
76.3832,2.62917,-0.0419798,0.000157034
76.4179,2.62771,-0.0419772,0.000157011
76.4526,2.62626,-0.0419745,0.000156989
76.4873,2.6248,-0.0419719,0.000156966
76.5219,2.62335,-0.0419692,0.000156943
76.5566,2.62189,-0.0419665,0.00015692
76.5912,2.62044,-0.0419639,0.000156898
76.6259,2.61899,-0.0419612,0.000156875
76.6605,2.61753,-0.0419586,0.000156852
76.6951,2.61608,-0.0419559,0.000156829
76.7297,2.61463,-0.0419533,0.000156807
76.7643,2.61318,-0.0419506,0.000156784
76.7989,2.61173,-0.0419479,0.000156761
76.8334,2.61028,-0.0419453,0.000156738
76.868,2.60883,-0.0419426,0.000156716
76.9025,2.60738,-0.0419399,0.000156693
76.937,2.60593,-0.0419373,0.00015667
76.9716,2.60449,-0.0419346,0.000156647
77.0061,2.60304,-0.0419319,0.000156625
77.0405,2.60159,-0.0419293,0.000156602
77.075,2.60015,-0.0419266,0.000156579
77.1095,2.5987,-0.0419239,0.000156556
77.1439,2.59726,-0.0419213,0.000156534
77.1784,2.59581,-0.0419186,0.000156511
77.2128,2.59437,-0.0419159,0.000156488
77.2472,2.59293,-0.0419132,0.000156465
77.2816,2.59149,-0.0419106,0.000156443
77.316,2.59004,-0.0419079,0.00015642
77.3504,2.5886,-0.0419052,0.000156397
77.3848,2.58716,-0.0419025,0.000156374
77.4192,2.58572,-0.0418999,0.000156351
77.4535,2.58428,-0.0418972,0.000156329
77.4879,2.58284,-0.0418945,0.000156306
77.5222,2.58141,-0.0418918,0.000156283
77.5565,2.57997,-0.0418891,0.00015626
77.5908,2.57853,-0.0418865,0.000156238
77.6251,2.5771,-0.0418838,0.000156215
77.6594,2.57566,-0.0418811,0.000156192
77.6937,2.57422,-0.0418784,0.000156169
77.7279,2.57279,-0.0418757,0.000156146
77.7622,2.57136,-0.041873,0.000156124
77.7964,2.56992,-0.0418703,0.000156101
77.8306,2.56849,-0.0418676,0.000156078
77.8649,2.56706,-0.041865,0.000156055
77.8991,2.56562,-0.0418623,0.000156032
77.9333,2.56419,-0.0418596,0.00015601
77.9674,2.56276,-0.0418569,0.000155987
78.0016,2.56133,-0.0418542,0.000155964
78.0358,2.5599,-0.0418515,0.000155941
78.0699,2.55847,-0.0418488,0.000155918
78.1041,2.55704,-0.0418461,0.000155896
78.1382,2.55562,-0.0418434,0.000155873
78.1723,2.55419,-0.0418407,0.00015585
78.2064,2.55276,-0.041838,0.000155827
78.2405,2.55134,-0.0418353,0.000155804
78.2746,2.54991,-0.0418326,0.000155781
78.3087,2.54848,-0.0418299,0.000155759
78.3427,2.54706,-0.0418272,0.000155736
78.3768,2.54564,-0.0418245,0.000155713
78.4108,2.54421,-0.0418218,0.00015569
78.4448,2.54279,-0.041819,0.000155667
78.4789,2.54137,-0.0418163,0.000155644
78.5129,2.53994,-0.0418136,0.000155622
78.5469,2.53852,-0.0418109,0.000155599
78.5809,2.5371,-0.0418082,0.000155576
78.6148,2.53568,-0.0418055,0.000155553
78.6488,2.53426,-0.0418028,0.00015553
78.6827,2.53284,-0.0418001,0.000155507
78.7167,2.53142,-0.0417973,0.000155484
78.7506,2.53,-0.0417946,0.000155462
78.7845,2.52859,-0.0417919,0.000155439
78.8185,2.52717,-0.0417892,0.000155416
78.8524,2.52575,-0.0417865,0.000155393
78.8862,2.52434,-0.0417837,0.00015537
78.9201,2.52292,-0.041781,0.000155347
78.954,2.52151,-0.0417783,0.000155324
78.9879,2.52009,-0.0417756,0.000155302
79.0217,2.51868,-0.0417729,0.000155279
79.0555,2.51726,-0.0417701,0.000155256
79.0894,2.51585,-0.0417674,0.000155233
79.1232,2.51444,-0.0417647,0.00015521
79.157,2.51303,-0.0417619,0.000155187
79.1908,2.51162,-0.0417592,0.000155164
79.2246,2.5102,-0.0417565,0.000155141
79.2584,2.50879,-0.0417537,0.000155119
79.2921,2.50738,-0.041751,0.000155096
79.3259,2.50598,-0.0417483,0.000155073
79.3596,2.50457,-0.0417455,0.00015505
79.3934,2.50316,-0.0417428,0.000155027
79.4271,2.50175,-0.0417401,0.000155004
79.4608,2.50034,-0.0417373,0.000154981
79.4945,2.49894,-0.0417346,0.000154958
79.5282,2.49753,-0.0417318,0.000154935
79.5619,2.49612,-0.0417291,0.000154912
79.5956,2.49472,-0.0417264,0.000154889
79.6292,2.49331,-0.0417236,0.000154867
79.6629,2.49191,-0.0417209,0.000154844
79.6965,2.49051,-0.0417181,0.000154821
79.7302,2.4891,-0.0417154,0.000154798
79.7638,2.4877,-0.0417126,0.000154775
79.7974,2.4863,-0.0417099,0.000154752
79.831,2.4849,-0.0417071,0.000154729
79.8646,2.4835,-0.0417044,0.000154706
79.8982,2.4821,-0.0417016,0.000154683
79.9318,2.4807,-0.0416989,0.00015466
79.9653,2.4793,-0.0416961,0.000154637
79.9989,2.4779,-0.0416934,0.000154614
80.0324,2.4765,-0.0416906,0.000154591
80.066,2.4751,-0.0416879,0.000154568
80.0995,2.4737,-0.0416851,0.000154545
80.133,2.47231,-0.0416823,0.000154522
80.1665,2.47091,-0.0416796,0.000154499
80.2,2.46951,-0.0416768,0.000154476
80.2335,2.46812,-0.0416741,0.000154453
80.267,2.46672,-0.0416713,0.000154431
80.3005,2.46533,-0.0416685,0.000154408
80.3339,2.46393,-0.0416658,0.000154385
80.3674,2.46254,-0.041663,0.000154362
80.4008,2.46115,-0.0416602,0.000154339
80.4342,2.45975,-0.0416575,0.000154316
80.4677,2.45836,-0.0416547,0.000154293
80.5011,2.45697,-0.0416519,0.00015427
80.5345,2.45558,-0.0416491,0.000154247
80.5679,2.45419,-0.0416464,0.000154224
80.6013,2.4528,-0.0416436,0.000154201
80.6346,2.45141,-0.0416408,0.000154178
80.668,2.45002,-0.041638,0.000154155
80.7014,2.44863,-0.0416353,0.000154132
80.7347,2.44724,-0.0416325,0.000154109
80.768,2.44585,-0.0416297,0.000154086
80.8014,2.44446,-0.0416269,0.000154063
80.8347,2.44308,-0.0416241,0.00015404
80.868,2.44169,-0.0416214,0.000154016
80.9013,2.44031,-0.0416186,0.000153993
80.9346,2.43892,-0.0416158,0.00015397
80.9679,2.43753,-0.041613,0.000153947
81.0012,2.43615,-0.0416102,0.000153924
81.0344,2.43477,-0.0416074,0.000153901
81.0677,2.43338,-0.0416046,0.000153878
81.1009,2.432,-0.0416019,0.000153855
81.1342,2.43062,-0.0415991,0.000153832
81.1674,2.42923,-0.0415963,0.000153809
81.2006,2.42785,-0.0415935,0.000153786
81.2339,2.42647,-0.0415907,0.000153763
81.2671,2.42509,-0.0415879,0.00015374
81.3003,2.42371,-0.0415851,0.000153717
81.3334,2.42233,-0.0415823,0.000153694
81.3666,2.42095,-0.0415795,0.000153671
81.3998,2.41957,-0.0415767,0.000153648
81.433,2.41819,-0.0415739,0.000153625
81.4661,2.41681,-0.0415711,0.000153601
81.4993,2.41544,-0.0415683,0.000153578
81.5324,2.41406,-0.0415655,0.000153555
81.5655,2.41268,-0.0415627,0.000153532
81.5986,2.4113,-0.0415599,0.000153509
81.6317,2.40993,-0.0415571,0.000153486
81.6648,2.40855,-0.0415542,0.000153463
81.6979,2.40718,-0.0415514,0.00015344
81.731,2.4058,-0.0415486,0.000153417
81.7641,2.40443,-0.0415458,0.000153393
81.7972,2.40305,-0.041543,0.00015337
81.8302,2.40168,-0.0415402,0.000153347
81.8633,2.40031,-0.0415374,0.000153324
81.8963,2.39894,-0.0415346,0.000153301
81.9294,2.39756,-0.0415317,0.000153278
81.9624,2.39619,-0.0415289,0.000153255
81.9954,2.39482,-0.0415261,0.000153232
82.0284,2.39345,-0.0415233,0.000153208
82.0614,2.39208,-0.0415204,0.000153185
82.0944,2.39071,-0.0415176,0.000153162
82.1274,2.38934,-0.0415148,0.000153139
82.1604,2.38797,-0.041512,0.000153116
82.1934,2.3866,-0.0415091,0.000153093
82.2263,2.38523,-0.0415063,0.000153069
82.2593,2.38387,-0.0415035,0.000153046
82.2922,2.3825,-0.0415007,0.000153023
82.3252,2.38113,-0.0414978,0.000153
82.3581,2.37976,-0.041495,0.000152977
82.391,2.3784,-0.0414922,0.000152953
82.424,2.37703,-0.0414893,0.00015293
82.4569,2.37567,-0.0414865,0.000152907
82.4898,2.3743,-0.0414836,0.000152884
82.5227,2.37294,-0.0414808,0.000152861
82.5556,2.37157,-0.041478,0.000152837
82.5884,2.37021,-0.0414751,0.000152814
82.6213,2.36885,-0.0414723,0.000152791
82.6542,2.36748,-0.0414694,0.000152768
82.687,2.36612,-0.0414666,0.000152744
82.7199,2.36476,-0.0414637,0.000152721
82.7527,2.3634,-0.0414609,0.000152698
82.7856,2.36204,-0.041458,0.000152675
82.8184,2.36067,-0.0414552,0.000152651
82.8512,2.35931,-0.0414523,0.000152628
82.884,2.35795,-0.0414495,0.000152605
82.9169,2.35659,-0.0414466,0.000152582
82.9497,2.35523,-0.0414438,0.000152558
82.9824,2.35388,-0.0414409,0.000152535
83.0152,2.35252,-0.0414381,0.000152512
83.048,2.35116,-0.0414352,0.000152489
83.0808,2.3498,-0.0414323,0.000152465
83.1136,2.34844,-0.0414295,0.000152442
83.1463,2.34708,-0.0414266,0.000152419
83.1791,2.34573,-0.0414238,0.000152395
83.2118,2.34437,-0.0414209,0.000152372
83.2446,2.34302,-0.041418,0.000152349
83.2773,2.34166,-0.0414152,0.000152325
83.31,2.3403,-0.0414123,0.000152302
83.3428,2.33895,-0.0414094,0.000152279
83.3755,2.33759,-0.0414065,0.000152255
83.4082,2.33624,-0.0414037,0.000152232
83.4409,2.33489,-0.0414008,0.000152209
83.4736,2.33353,-0.0413979,0.000152185
83.5063,2.33218,-0.041395,0.000152162
83.539,2.33083,-0.0413922,0.000152139
83.5716,2.32947,-0.0413893,0.000152115
83.6043,2.32812,-0.0413864,0.000152092
83.637,2.32677,-0.0413835,0.000152069
83.6696,2.32542,-0.0413806,0.000152045
83.7023,2.32407,-0.0413778,0.000152022
83.7349,2.32272,-0.0413749,0.000151998
83.7676,2.32137,-0.041372,0.000151975
83.8002,2.32002,-0.0413691,0.000151952
83.8328,2.31867,-0.0413662,0.000151928
83.8655,2.31732,-0.0413633,0.000151905
83.8981,2.31597,-0.0413604,0.000151881
83.9307,2.31462,-0.0413575,0.000151858
83.9633,2.31327,-0.0413546,0.000151834
83.9959,2.31192,-0.0413517,0.000151811
84.0285,2.31057,-0.0413488,0.000151788
84.0611,2.30923,-0.0413459,0.000151764
84.0937,2.30788,-0.041343,0.000151741
84.1262,2.30653,-0.0413401,0.000151717
84.1588,2.30519,-0.0413372,0.000151694
84.1914,2.30384,-0.0413343,0.00015167
84.2239,2.30249,-0.0413314,0.000151647
84.2565,2.30115,-0.0413285,0.000151623
84.2891,2.2998,-0.0413256,0.0001516
84.3216,2.29846,-0.0413227,0.000151576
84.3541,2.29711,-0.0413198,0.000151553
84.3867,2.29577,-0.0413169,0.000151529
84.4192,2.29442,-0.041314,0.000151506
84.4517,2.29308,-0.041311,0.000151482
84.4843,2.29174,-0.0413081,0.000151459
84.5168,2.29039,-0.0413052,0.000151435
84.5493,2.28905,-0.0413023,0.000151412
84.5818,2.28771,-0.0412994,0.000151388
84.6143,2.28637,-0.0412964,0.000151365
84.6468,2.28502,-0.0412935,0.000151341
84.6793,2.28368,-0.0412906,0.000151317
84.7118,2.28234,-0.0412877,0.000151294
84.7443,2.281,-0.0412847,0.00015127
84.7768,2.27966,-0.0412818,0.000151247
84.8092,2.27832,-0.0412789,0.000151223
84.8417,2.27698,-0.0412759,0.0001512
84.8742,2.27564,-0.041273,0.000151176
84.9067,2.2743,-0.0412701,0.000151152
84.9391,2.27296,-0.0412671,0.000151129
84.9716,2.27162,-0.0412642,0.000151105
85.004,2.27028,-0.0412612,0.000151081
85.0365,2.26894,-0.0412583,0.000151058
85.0689,2.2676,-0.0412554,0.000151034
85.1014,2.26626,-0.0412524,0.000151011
85.1338,2.26493,-0.0412495,0.000150987
85.1662,2.26359,-0.0412465,0.000150963
85.1987,2.26225,-0.0412436,0.00015094
85.2311,2.26091,-0.0412406,0.000150916
85.2635,2.25958,-0.0412377,0.000150892
85.2959,2.25824,-0.0412347,0.000150868
85.3283,2.2569,-0.0412318,0.000150845
85.3607,2.25557,-0.0412288,0.000150821
85.3932,2.25423,-0.0412258,0.000150797
85.4256,2.25289,-0.0412229,0.000150774
85.458,2.25156,-0.0412199,0.00015075
85.4904,2.25022,-0.041217,0.000150726
85.5228,2.24889,-0.041214,0.000150702
85.5552,2.24755,-0.041211,0.000150679
85.5875,2.24622,-0.0412081,0.000150655
85.6199,2.24488,-0.0412051,0.000150631
85.6523,2.24355,-0.0412021,0.000150607
85.6847,2.24221,-0.0411991,0.000150583
85.7171,2.24088,-0.0411962,0.00015056
85.7495,2.23955,-0.0411932,0.000150536
85.7818,2.23821,-0.0411902,0.000150512
85.8142,2.23688,-0.0411872,0.000150488
85.8466,2.23555,-0.0411842,0.000150464
85.879,2.23421,-0.0411813,0.000150441
85.9113,2.23288,-0.0411783,0.000150417
85.9437,2.23155,-0.0411753,0.000150393
85.9761,2.23022,-0.0411723,0.000150369
86.0084,2.22888,-0.0411693,0.000150345
86.0408,2.22755,-0.0411663,0.000150321
86.0731,2.22622,-0.0411633,0.000150297
86.1055,2.22489,-0.0411603,0.000150273
86.1379,2.22355,-0.0411573,0.00015025
86.1702,2.22222,-0.0411543,0.000150226
86.2026,2.22089,-0.0411513,0.000150202
86.2349,2.21956,-0.0411483,0.000150178
86.2673,2.21823,-0.0411453,0.000150154
86.2996,2.2169,-0.0411423,0.00015013
86.332,2.21557,-0.0411393,0.000150106
86.3643,2.21424,-0.0411363,0.000150082
86.3967,2.21291,-0.0411333,0.000150058
86.429,2.21158,-0.0411303,0.000150034
86.4614,2.21024,-0.0411273,0.00015001
86.4937,2.20891,-0.0411242,0.000149986
86.5261,2.20758,-0.0411212,0.000149962
86.5584,2.20625,-0.0411182,0.000149938
86.5908,2.20492,-0.0411152,0.000149914
86.6231,2.20359,-0.0411122,0.00014989
86.6555,2.20226,-0.0411091,0.000149866
86.6878,2.20093,-0.0411061,0.000149842
86.7202,2.1996,-0.0411031,0.000149818
86.7525,2.19827,-0.0411,0.000149793
86.7849,2.19695,-0.041097,0.000149769
86.8172,2.19562,-0.041094,0.000149745
86.8496,2.19429,-0.0410909,0.000149721
86.8819,2.19296,-0.0410879,0.000149697
86.9143,2.19163,-0.0410848,0.000149673
86.9466,2.1903,-0.0410818,0.000149649
86.979,2.18897,-0.0410788,0.000149624
87.0113,2.18764,-0.0410757,0.0001496
87.0437,2.18631,-0.0410727,0.000149576
87.076,2.18498,-0.0410696,0.000149552
87.1084,2.18365,-0.0410666,0.000149528
87.1408,2.18232,-0.0410635,0.000149503
87.1731,2.181,-0.0410604,0.000149479
87.2055,2.17967,-0.0410574,0.000149455
87.2379,2.17834,-0.0410543,0.000149431
87.2702,2.17701,-0.0410512,0.000149406
87.3026,2.17568,-0.0410482,0.000149382
87.335,2.17435,-0.0410451,0.000149358
87.3674,2.17302,-0.041042,0.000149334
87.3997,2.17169,-0.041039,0.000149309
87.4321,2.17036,-0.0410359,0.000149285
87.4645,2.16904,-0.0410328,0.000149261
87.4969,2.16771,-0.0410297,0.000149236
87.5293,2.16638,-0.0410267,0.000149212
87.5617,2.16505,-0.0410236,0.000149187
87.5941,2.16372,-0.0410205,0.000149163
87.6265,2.16239,-0.0410174,0.000149139
87.6589,2.16106,-0.0410143,0.000149114
87.6913,2.15973,-0.0410112,0.00014909
87.7237,2.1584,-0.0410081,0.000149065
87.7562,2.15707,-0.041005,0.000149041
87.7886,2.15574,-0.0410019,0.000149016
87.821,2.15441,-0.0409988,0.000148992
87.8535,2.15308,-0.0409957,0.000148967
87.8859,2.15175,-0.0409926,0.000148943
87.9184,2.15042,-0.0409895,0.000148918
87.9508,2.14909,-0.0409864,0.000148894
87.9833,2.14776,-0.0409833,0.000148869
88.0157,2.14643,-0.0409801,0.000148845
88.0482,2.1451,-0.040977,0.00014882
88.0807,2.14377,-0.0409739,0.000148795
88.1131,2.14244,-0.0409708,0.000148771
88.1456,2.14111,-0.0409676,0.000148746
88.1781,2.13978,-0.0409645,0.000148721
88.2106,2.13845,-0.0409614,0.000148697
88.2431,2.13712,-0.0409582,0.000148672
88.2756,2.13578,-0.0409551,0.000148647
88.3082,2.13445,-0.040952,0.000148623
88.3407,2.13312,-0.0409488,0.000148598
88.3732,2.13179,-0.0409457,0.000148573
88.4058,2.13045,-0.0409425,0.000148548
88.4383,2.12912,-0.0409394,0.000148523
88.4709,2.12779,-0.0409362,0.000148499
88.5035,2.12646,-0.0409331,0.000148474
88.536,2.12512,-0.0409299,0.000148449
88.5686,2.12379,-0.0409267,0.000148424
88.6012,2.12245,-0.0409236,0.000148399
88.6338,2.12112,-0.0409204,0.000148374
88.6665,2.11979,-0.0409172,0.000148349
88.6991,2.11845,-0.040914,0.000148325
88.7317,2.11711,-0.0409109,0.0001483
88.7644,2.11578,-0.0409077,0.000148275
88.797,2.11444,-0.0409045,0.00014825
88.8297,2.11311,-0.0409013,0.000148225
88.8624,2.11177,-0.0408981,0.0001482
88.8951,2.11043,-0.0408949,0.000148174
88.9278,2.1091,-0.0408917,0.000148149
88.9605,2.10776,-0.0408885,0.000148124
88.9933,2.10642,-0.0408853,0.000148099
89.026,2.10508,-0.0408821,0.000148074
89.0588,2.10374,-0.0408789,0.000148049
89.0915,2.1024,-0.0408757,0.000148024
89.1243,2.10106,-0.0408725,0.000147999
89.1571,2.09972,-0.0408693,0.000147973
89.1899,2.09838,-0.040866,0.000147948
89.2228,2.09704,-0.0408628,0.000147923
89.2556,2.0957,-0.0408596,0.000147898
89.2885,2.09435,-0.0408564,0.000147872
89.3213,2.09301,-0.0408531,0.000147847
89.3542,2.09167,-0.0408499,0.000147822
89.3871,2.09032,-0.0408466,0.000147796
89.4201,2.08898,-0.0408434,0.000147771
89.453,2.08763,-0.0408401,0.000147745
89.486,2.08629,-0.0408369,0.00014772
89.519,2.08494,-0.0408336,0.000147694
89.552,2.08359,-0.0408303,0.000147669
89.585,2.08224,-0.0408271,0.000147643
89.618,2.08089,-0.0408238,0.000147618
89.6511,2.07954,-0.0408205,0.000147592
89.6842,2.07819,-0.0408172,0.000147567
89.7173,2.07684,-0.040814,0.000147541
89.7504,2.07549,-0.0408107,0.000147515
89.7835,2.07414,-0.0408074,0.00014749
89.8167,2.07279,-0.0408041,0.000147464
89.8499,2.07143,-0.0408008,0.000147438
89.8831,2.07008,-0.0407975,0.000147412
89.9163,2.06872,-0.0407942,0.000147386
89.9496,2.06736,-0.0407909,0.000147361
89.9829,2.06601,-0.0407875,0.000147335
90.0162,2.06465,-0.0407842,0.000147309
90.0496,2.06329,-0.0407809,0.000147283
90.0829,2.06193,-0.0407775,0.000147257
90.1163,2.06056,-0.0407742,0.000147231
90.1498,2.0592,-0.0407709,0.000147205
90.1832,2.05784,-0.0407675,0.000147179
90.2167,2.05647,-0.0407642,0.000147153
90.2502,2.05511,-0.0407608,0.000147126
90.2838,2.05374,-0.0407574,0.0001471
90.3173,2.05237,-0.0407541,0.000147074
90.351,2.051,-0.0407507,0.000147048
90.3846,2.04963,-0.0407473,0.000147022
90.4183,2.04826,-0.0407439,0.000146995
90.452,2.04688,-0.0407405,0.000146969
90.4858,2.04551,-0.0407371,0.000146942
90.5196,2.04413,-0.0407337,0.000146916
90.5534,2.04275,-0.0407303,0.000146889
90.5873,2.04137,-0.0407269,0.000146863
90.6212,2.03999,-0.0407235,0.000146836
90.6551,2.03861,-0.04072,0.00014681
90.6891,2.03722,-0.0407166,0.000146783
90.7232,2.03584,-0.0407132,0.000146756
90.7573,2.03445,-0.0407097,0.000146729
90.7914,2.03306,-0.0407063,0.000146703
90.8256,2.03167,-0.0407028,0.000146676
90.8598,2.03028,-0.0406993,0.000146649
90.8941,2.02888,-0.0406958,0.000146622
90.9284,2.02749,-0.0406924,0.000146595
90.9628,2.02609,-0.0406889,0.000146568
90.9972,2.02469,-0.0406854,0.000146541
91.0317,2.02328,-0.0406819,0.000146513
91.0663,2.02188,-0.0406783,0.000146486
91.1009,2.02047,-0.0406748,0.000146459
91.1356,2.01906,-0.0406713,0.000146431
91.1704,2.01764,-0.0406677,0.000146404
91.2052,2.01623,-0.0406642,0.000146376
91.24,2.01481,-0.0406606,0.000146349
91.275,2.01339,-0.040657,0.000146321
91.31,2.01196,-0.0406535,0.000146293
91.3451,2.01054,-0.0406499,0.000146266
91.3803,2.00911,-0.0406463,0.000146238
91.4156,2.00767,-0.0406426,0.00014621
91.451,2.00624,-0.040639,0.000146182
91.4864,2.0048,-0.0406354,0.000146154
91.5219,2.00335,-0.0406317,0.000146125
91.5576,2.0019,-0.0406281,0.000146097
91.5933,2.00045,-0.0406244,0.000146069
91.6291,1.999,-0.0406207,0.00014604
91.6651,1.99754,-0.040617,0.000146012
91.7011,1.99607,-0.0406133,0.000145983
91.7373,1.9946,-0.0406096,0.000145954
91.7736,1.99313,-0.0406058,0.000145925
91.81,1.99165,-0.0406021,0.000145896
91.8466,1.99016,-0.0405983,0.000145867
91.8834,1.98867,-0.0405945,0.000145838
91.9202,1.98718,-0.0405907,0.000145808
91.9573,1.98567,-0.0405868,0.000145779
91.9945,1.98416,-0.040583,0.000145749
92.0319,1.98264,-0.0405791,0.000145719
92.0695,1.98112,-0.0405752,0.000145689
92.1073,1.97958,-0.0405713,0.000145659
92.1453,1.97804,-0.0405673,0.000145628
92.1836,1.97649,-0.0405633,0.000145598
92.2221,1.97493,-0.0405593,0.000145567
92.2609,1.97335,-0.0405553,0.000145536
92.3,1.97177,-0.0405512,0.000145504
92.3394,1.97017,-0.0405471,0.000145473
92.3792,1.96856,-0.040543,0.000145441
92.4195,1.96692,-0.0405388,0.000145408
92.4601,1.96528,-0.0405345,0.000145376
92.5013,1.96361,-0.0405302,0.000145342
92.5432,1.96191,-0.0405258,0.000145309
92.5858,1.96018,-0.0405214,0.000145274
92.6293,1.95842,-0.0405168,0.000145239
92.674,1.95661,-0.0405121,0.000145203
92.7204,1.95473,-0.0405072,0.000145166
92.7696,1.95274,-0.0405021,0.000145126
92.8139,1.95094,-0.0404974,0.00014509
92.8643,1.9489,-0.0404921,0.00014505
92.8995,1.94748,-0.0404884,0.000145021
92.9546,1.94524,-0.0404826,0.000144976
92.9887,1.94386,-0.040479,0.000144949
93.0404,1.94177,-0.0404735,0.000144907
93.0809,1.94013,-0.0404692,0.000144874
93.1284,1.93821,-0.0404642,0.000144835
93.1811,1.93608,-0.0404586,0.000144793
93.2339,1.93394,-0.040453,0.00014475
93.2802,1.93207,-0.0404481,0.000144712
93.3273,1.93017,-0.0404431,0.000144674
93.3746,1.92825,-0.0404381,0.000144635
93.422,1.92634,-0.040433,0.000144597
93.4688,1.92445,-0.040428,0.000144558
93.5155,1.92255,-0.0404231,0.00014452
93.5623,1.92066,-0.0404181,0.000144482
93.6091,1.91877,-0.0404131,0.000144444
93.6559,1.91688,-0.0404081,0.000144406
93.7027,1.91499,-0.0404031,0.000144367
93.7495,1.9131,-0.0403981,0.000144329
93.7963,1.91121,-0.040393,0.000144291
93.8431,1.90932,-0.040388,0.000144252
93.8899,1.90743,-0.040383,0.000144214
93.9366,1.90554,-0.040378,0.000144175
93.9736,1.90405,-0.040374,0.000144145
94.0106,1.90256,-0.04037,0.000144115
94.0476,1.90106,-0.040366,0.000144084
94.0845,1.89957,-0.0403621,0.000144054
94.1215,1.89808,-0.0403581,0.000144023
94.1585,1.89659,-0.0403541,0.000143993
94.1954,1.8951,-0.0403501,0.000143963
94.2324,1.8936,-0.0403461,0.000143932
94.2694,1.89211,-0.0403421,0.000143902
94.3063,1.89062,-0.0403381,0.000143871
94.3433,1.88913,-0.0403341,0.000143841
94.3803,1.88764,-0.0403301,0.00014381
94.4173,1.88615,-0.0403261,0.000143779
94.4542,1.88466,-0.0403221,0.000143749
94.4912,1.88317,-0.040318,0.000143718
94.5282,1.88168,-0.040314,0.000143688
94.5651,1.88019,-0.04031,0.000143657
94.5983,1.87885,-0.0403064,0.00014363
94.6309,1.87754,-0.0403029,0.000143603
94.6633,1.87623,-0.0402993,0.000143576
94.6956,1.87493,-0.0402958,0.000143549
94.7277,1.87363,-0.0402923,0.000143522
94.7598,1.87234,-0.0402888,0.000143496
94.7918,1.87105,-0.0402853,0.000143469
94.8237,1.86977,-0.0402818,0.000143442
94.8555,1.86849,-0.0402783,0.000143416
94.8872,1.86721,-0.0402749,0.00014339
94.9187,1.86594,-0.0402714,0.000143363
94.9502,1.86467,-0.040268,0.000143337
94.9817,1.86341,-0.0402645,0.000143311
95.013,1.86214,-0.0402611,0.000143285
95.0442,1.86089,-0.0402577,0.000143259
95.0754,1.85963,-0.0402542,0.000143233
95.1064,1.85838,-0.0402508,0.000143207
95.1374,1.85713,-0.0402474,0.000143181
95.1683,1.85589,-0.040244,0.000143155
95.1991,1.85465,-0.0402406,0.000143129
95.2299,1.85341,-0.0402373,0.000143104
95.2605,1.85218,-0.0402339,0.000143078
95.2911,1.85095,-0.0402305,0.000143052
95.3216,1.84972,-0.0402271,0.000143027
95.3521,1.8485,-0.0402238,0.000143001
95.3824,1.84728,-0.0402204,0.000142976
95.4127,1.84606,-0.0402171,0.000142951
95.4429,1.84484,-0.0402137,0.000142925
95.4731,1.84363,-0.0402104,0.0001429
95.5032,1.84242,-0.0402071,0.000142875
95.5332,1.84122,-0.0402038,0.000142849
95.5631,1.84001,-0.0402004,0.000142824
95.593,1.83881,-0.0401971,0.000142799
95.6228,1.83761,-0.0401938,0.000142774
95.6526,1.83642,-0.0401905,0.000142749
95.6822,1.83522,-0.0401872,0.000142724
95.7118,1.83403,-0.0401839,0.000142699
95.7414,1.83285,-0.0401806,0.000142674
95.7709,1.83166,-0.0401774,0.000142649
95.8003,1.83048,-0.0401741,0.000142625
95.8297,1.8293,-0.0401708,0.0001426
95.859,1.82812,-0.0401676,0.000142575
95.8882,1.82695,-0.0401643,0.00014255
95.9174,1.82577,-0.040161,0.000142526
95.9466,1.8246,-0.0401578,0.000142501
95.9756,1.82344,-0.0401545,0.000142476
96.0047,1.82227,-0.0401513,0.000142452
96.0336,1.82111,-0.0401481,0.000142427
96.0625,1.81995,-0.0401448,0.000142403
96.0914,1.81879,-0.0401416,0.000142379
96.1202,1.81763,-0.0401384,0.000142354
96.1489,1.81648,-0.0401352,0.00014233
96.1776,1.81533,-0.040132,0.000142305
96.2062,1.81418,-0.0401287,0.000142281
96.2348,1.81303,-0.0401255,0.000142257
96.2633,1.81189,-0.0401223,0.000142233
96.2918,1.81075,-0.0401191,0.000142209
96.3203,1.80961,-0.0401159,0.000142184
96.3486,1.80847,-0.0401127,0.00014216
96.377,1.80733,-0.0401096,0.000142136
96.4052,1.8062,-0.0401064,0.000142112
96.4335,1.80507,-0.0401032,0.000142088
96.4616,1.80394,-0.0401,0.000142064
96.4898,1.80281,-0.0400969,0.00014204
96.5179,1.80168,-0.0400937,0.000142016
96.5459,1.80056,-0.0400905,0.000141992
96.5739,1.79943,-0.0400874,0.000141968
96.6018,1.79831,-0.0400842,0.000141945
96.6297,1.7972,-0.0400811,0.000141921
96.6576,1.79608,-0.0400779,0.000141897
96.6854,1.79497,-0.0400748,0.000141873
96.7131,1.79385,-0.0400716,0.00014185
96.7409,1.79274,-0.0400685,0.000141826
96.7685,1.79163,-0.0400653,0.000141802
96.7962,1.79053,-0.0400622,0.000141779
96.8237,1.78942,-0.0400591,0.000141755
96.8513,1.78832,-0.040056,0.000141731
96.8788,1.78722,-0.0400528,0.000141708
96.9062,1.78612,-0.0400497,0.000141684
96.9336,1.78502,-0.0400466,0.000141661
96.961,1.78393,-0.0400435,0.000141637
96.9883,1.78283,-0.0400404,0.000141614
97.0156,1.78174,-0.0400373,0.000141591
97.0428,1.78065,-0.0400342,0.000141567
97.07,1.77956,-0.0400311,0.000141544
97.0972,1.77847,-0.040028,0.00014152
97.1243,1.77739,-0.0400249,0.000141497
97.1514,1.7763,-0.0400218,0.000141474
97.1784,1.77522,-0.0400187,0.000141451
97.2054,1.77414,-0.0400156,0.000141427
97.2324,1.77306,-0.0400126,0.000141404
97.2593,1.77199,-0.0400095,0.000141381
97.2862,1.77091,-0.0400064,0.000141358
97.313,1.76984,-0.0400033,0.000141335
97.3398,1.76876,-0.0400003,0.000141312
97.3666,1.76769,-0.0399972,0.000141288
97.3933,1.76663,-0.0399941,0.000141265
97.42,1.76556,-0.0399911,0.000141242
97.4466,1.76449,-0.039988,0.000141219
97.4732,1.76343,-0.039985,0.000141196
97.4998,1.76237,-0.0399819,0.000141173
97.5263,1.76131,-0.0399789,0.00014115
97.5528,1.76025,-0.0399758,0.000141128
97.5793,1.75919,-0.0399728,0.000141105
97.6057,1.75813,-0.0399697,0.000141082
97.6321,1.75708,-0.0399667,0.000141059
97.6585,1.75602,-0.0399637,0.000141036
97.6848,1.75497,-0.0399606,0.000141013
97.711,1.75392,-0.0399576,0.00014099
97.7373,1.75287,-0.0399546,0.000140968
97.7635,1.75183,-0.0399515,0.000140945
97.7897,1.75078,-0.0399485,0.000140922
97.8158,1.74974,-0.0399455,0.0001409
97.8419,1.74869,-0.0399425,0.000140877
97.868,1.74765,-0.0399395,0.000140854
97.894,1.74661,-0.0399364,0.000140832
97.92,1.74557,-0.0399334,0.000140809
97.946,1.74454,-0.0399304,0.000140786
97.972,1.7435,-0.0399274,0.000140764
97.9979,1.74247,-0.0399244,0.000140741
98.0237,1.74143,-0.0399214,0.000140719
98.0496,1.7404,-0.0399184,0.000140696
98.0754,1.73937,-0.0399154,0.000140674
98.1011,1.73834,-0.0399124,0.000140651
98.1269,1.73732,-0.0399094,0.000140629
98.1526,1.73629,-0.0399065,0.000140606
98.1782,1.73527,-0.0399035,0.000140584
98.2039,1.73424,-0.0399005,0.000140561
98.2295,1.73322,-0.0398975,0.000140539
98.255,1.7322,-0.0398945,0.000140517
98.2806,1.73118,-0.0398916,0.000140494
98.3061,1.73017,-0.0398886,0.000140472
98.3316,1.72915,-0.0398856,0.00014045
98.357,1.72814,-0.0398826,0.000140428
98.3824,1.72712,-0.0398797,0.000140405
98.4078,1.72611,-0.0398767,0.000140383
98.4332,1.7251,-0.0398737,0.000140361
98.4585,1.72409,-0.0398708,0.000140339
98.4838,1.72308,-0.0398678,0.000140316
98.509,1.72207,-0.0398649,0.000140294
98.5343,1.72107,-0.0398619,0.000140272
98.5595,1.72006,-0.039859,0.00014025
98.5846,1.71906,-0.039856,0.000140228
98.6098,1.71806,-0.0398531,0.000140206
98.6349,1.71706,-0.0398501,0.000140184
98.66,1.71606,-0.0398472,0.000140162
98.685,1.71506,-0.0398442,0.00014014
98.71,1.71406,-0.0398413,0.000140118
98.735,1.71307,-0.0398384,0.000140096
98.76,1.71207,-0.0398354,0.000140074
98.7849,1.71108,-0.0398325,0.000140052
98.8098,1.71009,-0.0398296,0.00014003
98.8347,1.7091,-0.0398266,0.000140008
98.8596,1.70811,-0.0398237,0.000139986
98.8844,1.70712,-0.0398208,0.000139964
98.9092,1.70613,-0.0398179,0.000139942
98.9339,1.70515,-0.0398149,0.00013992
98.9587,1.70416,-0.039812,0.000139898
98.9834,1.70318,-0.0398091,0.000139876
99.008,1.7022,-0.0398062,0.000139855
99.0327,1.70121,-0.0398033,0.000139833
99.0573,1.70023,-0.0398004,0.000139811
99.0819,1.69926,-0.0397975,0.000139789
99.1065,1.69828,-0.0397946,0.000139768
99.131,1.6973,-0.0397916,0.000139746
99.1555,1.69633,-0.0397887,0.000139724
99.18,1.69535,-0.0397858,0.000139702
99.2045,1.69438,-0.0397829,0.000139681
99.2289,1.69341,-0.03978,0.000139659
99.2533,1.69244,-0.0397772,0.000139637
99.2777,1.69147,-0.0397743,0.000139616
99.302,1.6905,-0.0397714,0.000139594
99.3263,1.68953,-0.0397685,0.000139572
99.3506,1.68857,-0.0397656,0.000139551
99.3749,1.6876,-0.0397627,0.000139529
99.3992,1.68664,-0.0397598,0.000139508
99.4234,1.68567,-0.0397569,0.000139486
99.4476,1.68471,-0.0397541,0.000139465
99.4717,1.68375,-0.0397512,0.000139443
99.4959,1.68279,-0.0397483,0.000139422
99.52,1.68183,-0.0397454,0.0001394
99.5441,1.68088,-0.0397426,0.000139379
99.5681,1.67992,-0.0397397,0.000139357
99.5922,1.67896,-0.0397368,0.000139336
99.6162,1.67801,-0.0397339,0.000139314
99.6402,1.67706,-0.0397311,0.000139293
99.6641,1.67611,-0.0397282,0.000139272
99.688,1.67516,-0.0397254,0.00013925
99.7119,1.67421,-0.0397225,0.000139229
99.7358,1.67326,-0.0397196,0.000139207
99.7597,1.67231,-0.0397168,0.000139186
99.7835,1.67136,-0.0397139,0.000139165
99.8073,1.67042,-0.0397111,0.000139144
99.8311,1.66947,-0.0397082,0.000139122
99.8549,1.66853,-0.0397054,0.000139101
99.8786,1.66759,-0.0397025,0.00013908
99.9023,1.66665,-0.0396997,0.000139058
99.926,1.66571,-0.0396968,0.000139037
99.9496,1.66477,-0.039694,0.000139016
99.9733,1.66383,-0.0396911,0.000138995
99.9969,1.66289,-0.0396883,0.000138974
100.02,1.66196,-0.0396855,0.000138952
100.044,1.66102,-0.0396826,0.000138931
100.068,1.66009,-0.0396798,0.00013891
100.091,1.65915,-0.039677,0.000138889
100.115,1.65822,-0.0396741,0.000138868
100.138,1.65729,-0.0396713,0.000138847
100.161,1.65636,-0.0396685,0.000138826
100.185,1.65543,-0.0396656,0.000138805
100.208,1.6545,-0.0396628,0.000138784
100.232,1.65358,-0.03966,0.000138762
100.255,1.65265,-0.0396572,0.000138741
100.278,1.65173,-0.0396544,0.00013872
100.302,1.6508,-0.0396515,0.000138699
100.325,1.64988,-0.0396487,0.000138678
100.348,1.64896,-0.0396459,0.000138657
100.371,1.64804,-0.0396431,0.000138636
100.395,1.64712,-0.0396403,0.000138615
100.418,1.6462,-0.0396375,0.000138595
100.441,1.64528,-0.0396347,0.000138574
100.464,1.64436,-0.0396319,0.000138553
100.487,1.64345,-0.039629,0.000138532
100.51,1.64253,-0.0396262,0.000138511
100.533,1.64162,-0.0396234,0.00013849
100.556,1.6407,-0.0396206,0.000138469
100.579,1.63979,-0.0396178,0.000138448
100.602,1.63888,-0.039615,0.000138427
100.625,1.63797,-0.0396122,0.000138407
100.648,1.63706,-0.0396094,0.000138386
100.671,1.63615,-0.0396067,0.000138365
100.694,1.63524,-0.0396039,0.000138344
100.717,1.63433,-0.0396011,0.000138323
100.74,1.63343,-0.0395983,0.000138303
100.763,1.63252,-0.0395955,0.000138282
100.786,1.63162,-0.0395927,0.000138261
100.809,1.63072,-0.0395899,0.00013824
100.831,1.62982,-0.0395871,0.00013822
100.854,1.62891,-0.0395844,0.000138199
100.877,1.62801,-0.0395816,0.000138178
100.9,1.62712,-0.0395788,0.000138158
100.922,1.62622,-0.039576,0.000138137
100.945,1.62532,-0.0395732,0.000138116
100.968,1.62442,-0.0395705,0.000138096
100.99,1.62353,-0.0395677,0.000138075
101.013,1.62263,-0.0395649,0.000138054
101.035,1.62174,-0.0395622,0.000138034
101.058,1.62085,-0.0395594,0.000138013
101.081,1.61995,-0.0395566,0.000137993
101.103,1.61906,-0.0395539,0.000137972
101.126,1.61817,-0.0395511,0.000137951
101.148,1.61728,-0.0395483,0.000137931
101.171,1.61639,-0.0395456,0.00013791
101.193,1.61551,-0.0395428,0.00013789
101.215,1.61462,-0.0395401,0.000137869
101.238,1.61373,-0.0395373,0.000137849
101.26,1.61285,-0.0395345,0.000137828
101.283,1.61197,-0.0395318,0.000137808
101.305,1.61108,-0.039529,0.000137787
101.327,1.6102,-0.0395263,0.000137767
101.35,1.60932,-0.0395235,0.000137747
101.372,1.60844,-0.0395208,0.000137726
101.394,1.60756,-0.039518,0.000137706
101.416,1.60668,-0.0395153,0.000137685
101.439,1.6058,-0.0395125,0.000137665
101.461,1.60492,-0.0395098,0.000137645
101.483,1.60405,-0.0395071,0.000137624
101.505,1.60317,-0.0395043,0.000137604
101.527,1.6023,-0.0395016,0.000137583
101.549,1.60142,-0.0394988,0.000137563
101.571,1.60055,-0.0394961,0.000137543
101.594,1.59968,-0.0394934,0.000137522
101.616,1.59881,-0.0394906,0.000137502
101.638,1.59794,-0.0394879,0.000137482
101.66,1.59707,-0.0394852,0.000137462
101.682,1.5962,-0.0394824,0.000137441
101.704,1.59533,-0.0394797,0.000137421
101.726,1.59446,-0.039477,0.000137401
101.748,1.5936,-0.0394743,0.000137381
101.769,1.59273,-0.0394715,0.00013736
101.791,1.59187,-0.0394688,0.00013734
101.813,1.59101,-0.0394661,0.00013732
101.835,1.59014,-0.0394634,0.0001373
101.857,1.58928,-0.0394607,0.00013728
101.879,1.58842,-0.0394579,0.000137259
101.901,1.58756,-0.0394552,0.000137239
101.922,1.5867,-0.0394525,0.000137219
101.944,1.58584,-0.0394498,0.000137199
101.966,1.58498,-0.0394471,0.000137179
101.988,1.58413,-0.0394444,0.000137159
102.009,1.58327,-0.0394417,0.000137139
102.031,1.58241,-0.039439,0.000137118
102.053,1.58156,-0.0394363,0.000137098
102.074,1.58071,-0.0394335,0.000137078
102.096,1.57985,-0.0394308,0.000137058
102.118,1.579,-0.0394281,0.000137038
102.139,1.57815,-0.0394254,0.000137018
102.161,1.5773,-0.0394227,0.000136998
102.182,1.57645,-0.03942,0.000136978
102.204,1.5756,-0.0394173,0.000136958
102.225,1.57475,-0.0394146,0.000136938
102.247,1.5739,-0.0394119,0.000136918
102.268,1.57306,-0.0394093,0.000136898
102.29,1.57221,-0.0394066,0.000136878
102.311,1.57136,-0.0394039,0.000136858
102.333,1.57052,-0.0394012,0.000136838
102.354,1.56968,-0.0393985,0.000136818
102.376,1.56883,-0.0393958,0.000136798
102.397,1.56799,-0.0393931,0.000136778
102.418,1.56715,-0.0393904,0.000136759
102.44,1.56631,-0.0393877,0.000136739
102.461,1.56547,-0.0393851,0.000136719
102.482,1.56463,-0.0393824,0.000136699
102.503,1.56379,-0.0393797,0.000136679
102.525,1.56296,-0.039377,0.000136659
102.546,1.56212,-0.0393743,0.000136639
102.567,1.56128,-0.0393717,0.000136619
102.588,1.56045,-0.039369,0.0001366
102.61,1.55961,-0.0393663,0.00013658
102.631,1.55878,-0.0393636,0.00013656
102.652,1.55795,-0.039361,0.00013654
102.673,1.55712,-0.0393583,0.00013652
102.694,1.55628,-0.0393556,0.000136501
102.715,1.55545,-0.039353,0.000136481
102.736,1.55462,-0.0393503,0.000136461
102.757,1.55379,-0.0393476,0.000136441
102.779,1.55297,-0.039345,0.000136422
102.8,1.55214,-0.0393423,0.000136402
102.821,1.55131,-0.0393396,0.000136382
102.842,1.55049,-0.039337,0.000136363
102.863,1.54966,-0.0393343,0.000136343
102.884,1.54884,-0.0393317,0.000136323
102.904,1.54801,-0.039329,0.000136303
102.925,1.54719,-0.0393263,0.000136284
102.946,1.54637,-0.0393237,0.000136264
102.967,1.54554,-0.039321,0.000136244
102.988,1.54472,-0.0393184,0.000136225
103.009,1.5439,-0.0393157,0.000136205
103.03,1.54308,-0.0393131,0.000136186
103.051,1.54227,-0.0393104,0.000136166
103.071,1.54145,-0.0393078,0.000136146
103.092,1.54063,-0.0393051,0.000136127
103.113,1.53981,-0.0393025,0.000136107
103.134,1.539,-0.0392998,0.000136088
103.155,1.53818,-0.0392972,0.000136068
103.175,1.53737,-0.0392946,0.000136048
103.196,1.53655,-0.0392919,0.000136029
103.217,1.53574,-0.0392893,0.000136009
103.237,1.53493,-0.0392866,0.00013599
103.258,1.53412,-0.039284,0.00013597
103.279,1.53331,-0.0392814,0.000135951
103.299,1.5325,-0.0392787,0.000135931
103.32,1.53169,-0.0392761,0.000135912
103.34,1.53088,-0.0392735,0.000135892
103.361,1.53007,-0.0392708,0.000135873
103.382,1.52926,-0.0392682,0.000135853
103.402,1.52846,-0.0392656,0.000135834
103.423,1.52765,-0.0392629,0.000135815
103.443,1.52685,-0.0392603,0.000135795
103.464,1.52604,-0.0392577,0.000135776
103.484,1.52524,-0.0392551,0.000135756
103.505,1.52443,-0.0392524,0.000135737
103.525,1.52363,-0.0392498,0.000135717
103.545,1.52283,-0.0392472,0.000135698
103.566,1.52203,-0.0392446,0.000135679
103.586,1.52123,-0.0392419,0.000135659
103.607,1.52043,-0.0392393,0.00013564
103.627,1.51963,-0.0392367,0.000135621
103.647,1.51883,-0.0392341,0.000135601
103.668,1.51803,-0.0392315,0.000135582
103.688,1.51724,-0.0392289,0.000135563
103.708,1.51644,-0.0392262,0.000135543
103.729,1.51565,-0.0392236,0.000135524
103.749,1.51485,-0.039221,0.000135505
103.769,1.51406,-0.0392184,0.000135485
103.789,1.51326,-0.0392158,0.000135466
103.81,1.51247,-0.0392132,0.000135447
103.83,1.51168,-0.0392106,0.000135428
103.85,1.51089,-0.039208,0.000135408
103.87,1.5101,-0.0392054,0.000135389
103.89,1.50931,-0.0392028,0.00013537
103.91,1.50852,-0.0392002,0.000135351
103.93,1.50773,-0.0391976,0.000135331
103.951,1.50694,-0.039195,0.000135312
103.971,1.50615,-0.0391924,0.000135293
103.991,1.50536,-0.0391898,0.000135274
104.011,1.50458,-0.0391872,0.000135255
104.031,1.50379,-0.0391846,0.000135235
104.051,1.50301,-0.039182,0.000135216
104.071,1.50222,-0.0391794,0.000135197
104.091,1.50144,-0.0391768,0.000135178
104.111,1.50066,-0.0391742,0.000135159
104.131,1.49988,-0.0391716,0.00013514
104.151,1.49909,-0.039169,0.000135121
104.171,1.49831,-0.0391664,0.000135101
104.191,1.49753,-0.0391639,0.000135082
104.211,1.49675,-0.0391613,0.000135063
104.23,1.49598,-0.0391587,0.000135044
104.25,1.4952,-0.0391561,0.000135025
104.27,1.49442,-0.0391535,0.000135006
104.29,1.49364,-0.0391509,0.000134987
104.31,1.49287,-0.0391484,0.000134968
104.33,1.49209,-0.0391458,0.000134949
104.349,1.49132,-0.0391432,0.00013493
104.369,1.49054,-0.0391406,0.000134911
104.389,1.48977,-0.039138,0.000134892
104.409,1.48899,-0.0391355,0.000134873
104.429,1.48822,-0.0391329,0.000134854
104.448,1.48745,-0.0391303,0.000134835
104.468,1.48668,-0.0391277,0.000134816
104.488,1.48591,-0.0391252,0.000134797
104.507,1.48514,-0.0391226,0.000134778
104.527,1.48437,-0.03912,0.000134759
104.547,1.4836,-0.0391175,0.00013474
104.566,1.48283,-0.0391149,0.000134721
104.586,1.48207,-0.0391123,0.000134702
104.605,1.4813,-0.0391098,0.000134683
104.625,1.48053,-0.0391072,0.000134664
104.645,1.47977,-0.0391046,0.000134645
104.664,1.479,-0.0391021,0.000134626
104.684,1.47824,-0.0390995,0.000134607
104.703,1.47748,-0.039097,0.000134588
104.723,1.47671,-0.0390944,0.00013457
104.742,1.47595,-0.0390918,0.000134551
104.762,1.47519,-0.0390893,0.000134532
104.781,1.47443,-0.0390867,0.000134513
104.801,1.47367,-0.0390842,0.000134494
104.82,1.47291,-0.0390816,0.000134475
104.84,1.47215,-0.0390791,0.000134456
104.859,1.47139,-0.0390765,0.000134438
104.878,1.47063,-0.039074,0.000134419
104.898,1.46987,-0.0390714,0.0001344
104.917,1.46912,-0.0390689,0.000134381
104.936,1.46836,-0.0390663,0.000134362
104.956,1.46761,-0.0390638,0.000134344
104.975,1.46685,-0.0390612,0.000134325
104.994,1.4661,-0.0390587,0.000134306
105.014,1.46534,-0.0390561,0.000134287
105.033,1.46459,-0.0390536,0.000134268
105.052,1.46384,-0.039051,0.00013425
105.072,1.46309,-0.0390485,0.000134231
105.091,1.46233,-0.039046,0.000134212
105.11,1.46158,-0.0390434,0.000134194
105.129,1.46083,-0.0390409,0.000134175
105.148,1.46008,-0.0390383,0.000134156
105.168,1.45934,-0.0390358,0.000134137
105.187,1.45859,-0.0390333,0.000134119
105.206,1.45784,-0.0390307,0.0001341
105.225,1.45709,-0.0390282,0.000134081
105.244,1.45635,-0.0390257,0.000134063
105.263,1.4556,-0.0390231,0.000134044
105.282,1.45486,-0.0390206,0.000134025
105.301,1.45411,-0.0390181,0.000134007
105.321,1.45337,-0.0390156,0.000133988
105.34,1.45262,-0.039013,0.000133969
105.359,1.45188,-0.0390105,0.000133951
105.378,1.45114,-0.039008,0.000133932
105.397,1.4504,-0.0390055,0.000133914
105.416,1.44965,-0.0390029,0.000133895
105.435,1.44891,-0.0390004,0.000133876
105.454,1.44817,-0.0389979,0.000133858
105.473,1.44743,-0.0389954,0.000133839
105.492,1.4467,-0.0389928,0.000133821
105.51,1.44596,-0.0389903,0.000133802
105.529,1.44522,-0.0389878,0.000133784
105.548,1.44448,-0.0389853,0.000133765
105.567,1.44375,-0.0389828,0.000133746
105.586,1.44301,-0.0389803,0.000133728
105.605,1.44228,-0.0389777,0.000133709
105.624,1.44154,-0.0389752,0.000133691
105.643,1.44081,-0.0389727,0.000133672
105.661,1.44007,-0.0389702,0.000133654
105.68,1.43934,-0.0389677,0.000133635
105.699,1.43861,-0.0389652,0.000133617
105.718,1.43788,-0.0389627,0.000133598
105.737,1.43714,-0.0389602,0.00013358
105.755,1.43641,-0.0389577,0.000133561
105.774,1.43568,-0.0389552,0.000133543
105.793,1.43495,-0.0389527,0.000133525
105.812,1.43423,-0.0389502,0.000133506
105.83,1.4335,-0.0389477,0.000133488
105.849,1.43277,-0.0389452,0.000133469
105.868,1.43204,-0.0389427,0.000133451
105.886,1.43132,-0.0389402,0.000133432
105.905,1.43059,-0.0389377,0.000133414
105.924,1.42986,-0.0389352,0.000133396
105.942,1.42914,-0.0389327,0.000133377
105.961,1.42841,-0.0389302,0.000133359
105.979,1.42769,-0.0389277,0.00013334
105.998,1.42697,-0.0389252,0.000133322
106.017,1.42624,-0.0389227,0.000133304
106.035,1.42552,-0.0389202,0.000133285
106.054,1.4248,-0.0389177,0.000133267
106.072,1.42408,-0.0389152,0.000133249
106.091,1.42336,-0.0389127,0.00013323
106.109,1.42264,-0.0389102,0.000133212
106.128,1.42192,-0.0389077,0.000133194
106.146,1.4212,-0.0389053,0.000133175
106.165,1.42048,-0.0389028,0.000133157
106.183,1.41976,-0.0389003,0.000133139
106.201,1.41905,-0.0388978,0.00013312
106.22,1.41833,-0.0388953,0.000133102
106.238,1.41761,-0.0388928,0.000133084
106.257,1.4169,-0.0388904,0.000133066
106.275,1.41618,-0.0388879,0.000133047
106.293,1.41547,-0.0388854,0.000133029
106.312,1.41476,-0.0388829,0.000133011
106.33,1.41404,-0.0388804,0.000132993
106.349,1.41333,-0.038878,0.000132974
106.367,1.41262,-0.0388755,0.000132956
106.385,1.41191,-0.038873,0.000132938
106.403,1.41119,-0.0388705,0.00013292
106.422,1.41048,-0.0388681,0.000132901
106.44,1.40977,-0.0388656,0.000132883
106.458,1.40906,-0.0388631,0.000132865
106.477,1.40835,-0.0388606,0.000132847
106.495,1.40765,-0.0388582,0.000132829
106.513,1.40694,-0.0388557,0.000132811
106.531,1.40623,-0.0388532,0.000132792
106.549,1.40552,-0.0388508,0.000132774
106.568,1.40482,-0.0388483,0.000132756
106.586,1.40411,-0.0388458,0.000132738
106.604,1.40341,-0.0388434,0.00013272
106.622,1.4027,-0.0388409,0.000132702
106.64,1.402,-0.0388385,0.000132684
106.658,1.40129,-0.038836,0.000132665
106.676,1.40059,-0.0388335,0.000132647
106.694,1.39989,-0.0388311,0.000132629
106.713,1.39919,-0.0388286,0.000132611
106.731,1.39848,-0.0388262,0.000132593
106.749,1.39778,-0.0388237,0.000132575
106.767,1.39708,-0.0388212,0.000132557
106.785,1.39638,-0.0388188,0.000132539
106.803,1.39568,-0.0388163,0.000132521
106.821,1.39498,-0.0388139,0.000132503
106.839,1.39429,-0.0388114,0.000132485
106.857,1.39359,-0.038809,0.000132467
106.875,1.39289,-0.0388065,0.000132449
106.893,1.39219,-0.0388041,0.000132431
106.911,1.3915,-0.0388016,0.000132413
106.929,1.3908,-0.0387992,0.000132395
106.946,1.39011,-0.0387967,0.000132377
106.964,1.38941,-0.0387943,0.000132359
106.982,1.38872,-0.0387918,0.000132341
107,1.38802,-0.0387894,0.000132323
107.018,1.38733,-0.038787,0.000132305
107.036,1.38664,-0.0387845,0.000132287
107.054,1.38595,-0.0387821,0.000132269
107.072,1.38525,-0.0387796,0.000132251
107.089,1.38456,-0.0387772,0.000132233
107.107,1.38387,-0.0387748,0.000132215
107.125,1.38318,-0.0387723,0.000132197
107.143,1.38249,-0.0387699,0.000132179
107.161,1.3818,-0.0387674,0.000132161
107.178,1.38112,-0.038765,0.000132143
107.196,1.38043,-0.0387626,0.000132125
107.214,1.37974,-0.0387601,0.000132107
107.232,1.37905,-0.0387577,0.000132089
107.249,1.37837,-0.0387553,0.000132071
107.267,1.37768,-0.0387528,0.000132054
107.285,1.37699,-0.0387504,0.000132036
107.302,1.37631,-0.038748,0.000132018
107.32,1.37563,-0.0387456,0.000132
107.338,1.37494,-0.0387431,0.000131982
107.355,1.37426,-0.0387407,0.000131964
107.373,1.37357,-0.0387383,0.000131946
107.391,1.37289,-0.0387358,0.000131929
107.408,1.37221,-0.0387334,0.000131911
107.426,1.37153,-0.038731,0.000131893
107.443,1.37085,-0.0387286,0.000131875
107.461,1.37017,-0.0387262,0.000131857
107.478,1.36949,-0.0387237,0.000131839
107.496,1.36881,-0.0387213,0.000131822
107.514,1.36813,-0.0387189,0.000131804
107.531,1.36745,-0.0387165,0.000131786
107.549,1.36677,-0.0387141,0.000131768
107.566,1.36609,-0.0387116,0.00013175
107.584,1.36542,-0.0387092,0.000131733
107.601,1.36474,-0.0387068,0.000131715
107.619,1.36407,-0.0387044,0.000131697
107.636,1.36339,-0.038702,0.000131679
107.653,1.36271,-0.0386996,0.000131662
107.671,1.36204,-0.0386972,0.000131644
107.688,1.36137,-0.0386948,0.000131626
107.706,1.36069,-0.0386923,0.000131609
107.723,1.36002,-0.0386899,0.000131591
107.74,1.35935,-0.0386875,0.000131573
107.758,1.35867,-0.0386851,0.000131555
107.775,1.358,-0.0386827,0.000131538
107.793,1.35733,-0.0386803,0.00013152
107.81,1.35666,-0.0386779,0.000131502
107.827,1.35599,-0.0386755,0.000131485
107.844,1.35532,-0.0386731,0.000131467
107.862,1.35465,-0.0386707,0.000131449
107.879,1.35398,-0.0386683,0.000131432
107.896,1.35332,-0.0386659,0.000131414
107.914,1.35265,-0.0386635,0.000131396
107.931,1.35198,-0.0386611,0.000131379
107.948,1.35131,-0.0386587,0.000131361
107.965,1.35065,-0.0386563,0.000131343
107.983,1.34998,-0.0386539,0.000131326
108,1.34932,-0.0386515,0.000131308
108.017,1.34865,-0.0386491,0.000131291
108.034,1.34799,-0.0386467,0.000131273
108.051,1.34732,-0.0386443,0.000131255
108.069,1.34666,-0.0386419,0.000131238
108.086,1.346,-0.0386395,0.00013122
108.103,1.34534,-0.0386371,0.000131203
108.12,1.34467,-0.0386348,0.000131185
108.137,1.34401,-0.0386324,0.000131167
108.154,1.34335,-0.03863,0.00013115
108.171,1.34269,-0.0386276,0.000131132
108.188,1.34203,-0.0386252,0.000131115
108.205,1.34137,-0.0386228,0.000131097
108.223,1.34071,-0.0386204,0.00013108
108.24,1.34005,-0.0386181,0.000131062
108.257,1.33939,-0.0386157,0.000131045
108.274,1.33874,-0.0386133,0.000131027
108.291,1.33808,-0.0386109,0.00013101
108.308,1.33742,-0.0386085,0.000130992
108.325,1.33677,-0.0386061,0.000130975
108.342,1.33611,-0.0386038,0.000130957
108.359,1.33546,-0.0386014,0.00013094
108.376,1.3348,-0.038599,0.000130922
108.393,1.33415,-0.0385966,0.000130905
108.41,1.33349,-0.0385943,0.000130887
108.426,1.33284,-0.0385919,0.00013087
108.443,1.33219,-0.0385895,0.000130852
108.46,1.33153,-0.0385871,0.000130835
108.477,1.33088,-0.0385848,0.000130817
108.494,1.33023,-0.0385824,0.0001308
108.511,1.32958,-0.03858,0.000130783
108.528,1.32893,-0.0385777,0.000130765
108.545,1.32828,-0.0385753,0.000130748
108.562,1.32763,-0.0385729,0.00013073
108.578,1.32698,-0.0385705,0.000130713
108.595,1.32633,-0.0385682,0.000130696
108.612,1.32568,-0.0385658,0.000130678
108.629,1.32503,-0.0385634,0.000130661
108.646,1.32439,-0.0385611,0.000130643
108.662,1.32374,-0.0385587,0.000130626
108.679,1.32309,-0.0385564,0.000130609
108.696,1.32245,-0.038554,0.000130591
108.713,1.3218,-0.0385516,0.000130574
108.729,1.32115,-0.0385493,0.000130557
108.746,1.32051,-0.0385469,0.000130539
108.763,1.31987,-0.0385446,0.000130522
108.78,1.31922,-0.0385422,0.000130504
108.796,1.31858,-0.0385398,0.000130487
108.813,1.31794,-0.0385375,0.00013047
108.83,1.31729,-0.0385351,0.000130452
108.846,1.31665,-0.0385328,0.000130435
108.863,1.31601,-0.0385304,0.000130418
108.88,1.31537,-0.0385281,0.000130401
108.896,1.31473,-0.0385257,0.000130383
108.913,1.31409,-0.0385234,0.000130366
108.929,1.31345,-0.038521,0.000130349
108.946,1.31281,-0.0385187,0.000130331
108.963,1.31217,-0.0385163,0.000130314
108.979,1.31153,-0.038514,0.000130297
108.996,1.31089,-0.0385116,0.00013028
109.012,1.31025,-0.0385093,0.000130262
109.029,1.30962,-0.0385069,0.000130245
109.045,1.30898,-0.0385046,0.000130228
109.062,1.30834,-0.0385022,0.000130211
109.078,1.30771,-0.0384999,0.000130193
109.095,1.30707,-0.0384975,0.000130176
109.111,1.30644,-0.0384952,0.000130159
109.128,1.3058,-0.0384929,0.000130142
109.144,1.30517,-0.0384905,0.000130125
109.161,1.30454,-0.0384882,0.000130107
109.177,1.3039,-0.0384858,0.00013009
109.194,1.30327,-0.0384835,0.000130073
109.21,1.30264,-0.0384812,0.000130056
109.227,1.30201,-0.0384788,0.000130039
109.243,1.30138,-0.0384765,0.000130021
109.259,1.30074,-0.0384742,0.000130004
109.276,1.30011,-0.0384718,0.000129987
109.292,1.29948,-0.0384695,0.00012997
109.309,1.29885,-0.0384672,0.000129953
109.325,1.29822,-0.0384648,0.000129936
109.341,1.2976,-0.0384625,0.000129919
109.358,1.29697,-0.0384602,0.000129901
109.374,1.29634,-0.0384578,0.000129884
109.39,1.29571,-0.0384555,0.000129867
109.407,1.29509,-0.0384532,0.00012985
109.423,1.29446,-0.0384509,0.000129833
109.439,1.29383,-0.0384485,0.000129816
109.455,1.29321,-0.0384462,0.000129799
109.472,1.29258,-0.0384439,0.000129782
109.488,1.29196,-0.0384416,0.000129765
109.504,1.29133,-0.0384392,0.000129747
109.52,1.29071,-0.0384369,0.00012973
109.537,1.29008,-0.0384346,0.000129713
109.553,1.28946,-0.0384323,0.000129696
109.569,1.28884,-0.03843,0.000129679
109.585,1.28822,-0.0384276,0.000129662
109.601,1.28759,-0.0384253,0.000129645
109.618,1.28697,-0.038423,0.000129628
109.634,1.28635,-0.0384207,0.000129611
109.65,1.28573,-0.0384184,0.000129594
109.666,1.28511,-0.038416,0.000129577
109.682,1.28449,-0.0384137,0.00012956
109.698,1.28387,-0.0384114,0.000129543
109.714,1.28325,-0.0384091,0.000129526
109.731,1.28263,-0.0384068,0.000129509
109.747,1.28202,-0.0384045,0.000129492
109.763,1.2814,-0.0384022,0.000129475
109.779,1.28078,-0.0383999,0.000129458
109.795,1.28016,-0.0383976,0.000129441
109.811,1.27955,-0.0383952,0.000129424
109.827,1.27893,-0.0383929,0.000129407
109.843,1.27832,-0.0383906,0.00012939
109.859,1.2777,-0.0383883,0.000129373
109.875,1.27709,-0.038386,0.000129356
109.891,1.27647,-0.0383837,0.000129339
109.907,1.27586,-0.0383814,0.000129322
109.923,1.27524,-0.0383791,0.000129305
109.939,1.27463,-0.0383768,0.000129288
109.955,1.27402,-0.0383745,0.000129271
109.971,1.27341,-0.0383722,0.000129255
109.987,1.27279,-0.0383699,0.000129238
110.003,1.27218,-0.0383676,0.000129221
110.019,1.27157,-0.0383653,0.000129204
110.035,1.27096,-0.038363,0.000129187
110.05,1.27035,-0.0383607,0.00012917
110.066,1.26974,-0.0383584,0.000129153
110.082,1.26913,-0.0383561,0.000129136
110.098,1.26852,-0.0383538,0.000129119
110.114,1.26791,-0.0383515,0.000129103
110.13,1.26731,-0.0383492,0.000129086
110.146,1.2667,-0.0383469,0.000129069
110.162,1.26609,-0.0383447,0.000129052
110.177,1.26549,-0.0383424,0.000129035
110.193,1.26488,-0.0383401,0.000129018
110.209,1.26427,-0.0383378,0.000129001
110.225,1.26367,-0.0383355,0.000128985
110.241,1.26306,-0.0383332,0.000128968
110.256,1.26246,-0.0383309,0.000128951
110.272,1.26185,-0.0383286,0.000128934
110.288,1.26125,-0.0383263,0.000128917
110.304,1.26064,-0.0383241,0.000128901
110.319,1.26004,-0.0383218,0.000128884
110.335,1.25944,-0.0383195,0.000128867
110.351,1.25884,-0.0383172,0.00012885
110.367,1.25823,-0.0383149,0.000128833
110.382,1.25763,-0.0383126,0.000128817
110.398,1.25703,-0.0383104,0.0001288
110.414,1.25643,-0.0383081,0.000128783
110.429,1.25583,-0.0383058,0.000128766
110.445,1.25523,-0.0383035,0.00012875
110.461,1.25463,-0.0383013,0.000128733
110.476,1.25403,-0.038299,0.000128716
110.492,1.25343,-0.0382967,0.000128699
110.508,1.25283,-0.0382944,0.000128683
110.523,1.25224,-0.0382922,0.000128666
110.539,1.25164,-0.0382899,0.000128649
110.554,1.25104,-0.0382876,0.000128632
110.57,1.25045,-0.0382853,0.000128616
110.586,1.24985,-0.0382831,0.000128599
110.601,1.24925,-0.0382808,0.000128582
110.617,1.24866,-0.0382785,0.000128566
110.632,1.24806,-0.0382763,0.000128549
110.648,1.24747,-0.038274,0.000128532
110.663,1.24687,-0.0382717,0.000128515
110.679,1.24628,-0.0382694,0.000128499
110.694,1.24568,-0.0382672,0.000128482
110.71,1.24509,-0.0382649,0.000128465
110.725,1.2445,-0.0382627,0.000128449
110.741,1.24391,-0.0382604,0.000128432
110.756,1.24331,-0.0382581,0.000128415
110.772,1.24272,-0.0382559,0.000128399
110.787,1.24213,-0.0382536,0.000128382
110.803,1.24154,-0.0382513,0.000128366
110.818,1.24095,-0.0382491,0.000128349
110.833,1.24036,-0.0382468,0.000128332
110.849,1.23977,-0.0382446,0.000128316
110.864,1.23918,-0.0382423,0.000128299
110.88,1.23859,-0.03824,0.000128282
110.895,1.238,-0.0382378,0.000128266
110.91,1.23742,-0.0382355,0.000128249
110.926,1.23683,-0.0382333,0.000128233
110.941,1.23624,-0.038231,0.000128216
110.957,1.23565,-0.0382288,0.000128199
110.972,1.23507,-0.0382265,0.000128183
110.987,1.23448,-0.0382243,0.000128166
111.003,1.23389,-0.038222,0.00012815
111.018,1.23331,-0.0382198,0.000128133
111.033,1.23272,-0.0382175,0.000128117
111.049,1.23214,-0.0382153,0.0001281
111.064,1.23155,-0.038213,0.000128084
111.079,1.23097,-0.0382108,0.000128067
111.094,1.23039,-0.0382085,0.00012805
111.11,1.2298,-0.0382063,0.000128034
111.125,1.22922,-0.038204,0.000128017
111.14,1.22864,-0.0382018,0.000128001
111.155,1.22806,-0.0381995,0.000127984
111.171,1.22748,-0.0381973,0.000127968
111.186,1.22689,-0.038195,0.000127951
111.201,1.22631,-0.0381928,0.000127935
111.216,1.22573,-0.0381906,0.000127918
111.231,1.22515,-0.0381883,0.000127902
111.247,1.22457,-0.0381861,0.000127885
111.262,1.22399,-0.0381838,0.000127869
111.277,1.22341,-0.0381816,0.000127852
111.292,1.22284,-0.0381794,0.000127836
111.307,1.22226,-0.0381771,0.000127819
111.322,1.22168,-0.0381749,0.000127803
111.337,1.2211,-0.0381727,0.000127787
111.353,1.22053,-0.0381704,0.00012777
111.368,1.21995,-0.0381682,0.000127754
111.383,1.21937,-0.038166,0.000127737
111.398,1.2188,-0.0381637,0.000127721
111.413,1.21822,-0.0381615,0.000127704
111.428,1.21765,-0.0381593,0.000127688
111.443,1.21707,-0.038157,0.000127671
111.458,1.2165,-0.0381548,0.000127655
111.473,1.21592,-0.0381526,0.000127639
111.488,1.21535,-0.0381503,0.000127622
111.503,1.21478,-0.0381481,0.000127606
111.518,1.2142,-0.0381459,0.000127589
111.533,1.21363,-0.0381437,0.000127573
111.548,1.21306,-0.0381414,0.000127557
111.563,1.21249,-0.0381392,0.00012754
111.578,1.21191,-0.038137,0.000127524
111.593,1.21134,-0.0381348,0.000127508
111.608,1.21077,-0.0381325,0.000127491
111.623,1.2102,-0.0381303,0.000127475
111.638,1.20963,-0.0381281,0.000127458
111.653,1.20906,-0.0381259,0.000127442
111.668,1.20849,-0.0381237,0.000127426
111.683,1.20792,-0.0381214,0.000127409
111.698,1.20736,-0.0381192,0.000127393
111.713,1.20679,-0.038117,0.000127377
111.728,1.20622,-0.0381148,0.00012736
111.743,1.20565,-0.0381126,0.000127344
111.757,1.20509,-0.0381104,0.000127328
111.772,1.20452,-0.0381081,0.000127311
111.787,1.20395,-0.0381059,0.000127295
111.802,1.20339,-0.0381037,0.000127279
111.817,1.20282,-0.0381015,0.000127263
111.832,1.20226,-0.0380993,0.000127246
111.846,1.20169,-0.0380971,0.00012723
111.861,1.20113,-0.0380949,0.000127214
111.876,1.20056,-0.0380927,0.000127197
111.891,1.2,-0.0380904,0.000127181
111.906,1.19944,-0.0380882,0.000127165
111.92,1.19887,-0.038086,0.000127149
111.935,1.19831,-0.0380838,0.000127132
111.95,1.19775,-0.0380816,0.000127116
111.965,1.19719,-0.0380794,0.0001271
111.98,1.19662,-0.0380772,0.000127084
111.994,1.19606,-0.038075,0.000127067
112.009,1.1955,-0.0380728,0.000127051
112.024,1.19494,-0.0380706,0.000127035
112.038,1.19438,-0.0380684,0.000127019
112.053,1.19382,-0.0380662,0.000127003
112.068,1.19326,-0.038064,0.000126986
112.083,1.1927,-0.0380618,0.00012697
112.097,1.19214,-0.0380596,0.000126954
112.112,1.19159,-0.0380574,0.000126938
112.127,1.19103,-0.0380552,0.000126921
112.141,1.19047,-0.038053,0.000126905
112.156,1.18991,-0.0380508,0.000126889
112.17,1.18936,-0.0380486,0.000126873
112.185,1.1888,-0.0380464,0.000126857
112.2,1.18824,-0.0380442,0.000126841
112.214,1.18769,-0.038042,0.000126824
112.229,1.18713,-0.0380398,0.000126808
112.244,1.18658,-0.0380376,0.000126792
112.258,1.18602,-0.0380354,0.000126776
112.273,1.18547,-0.0380333,0.00012676
112.287,1.18491,-0.0380311,0.000126744
112.302,1.18436,-0.0380289,0.000126728
112.316,1.18381,-0.0380267,0.000126711
112.331,1.18325,-0.0380245,0.000126695
112.345,1.1827,-0.0380223,0.000126679
112.36,1.18215,-0.0380201,0.000126663
112.375,1.1816,-0.0380179,0.000126647
112.389,1.18104,-0.0380158,0.000126631
112.404,1.18049,-0.0380136,0.000126615
112.418,1.17994,-0.0380114,0.000126599
112.433,1.17939,-0.0380092,0.000126583
112.447,1.17884,-0.038007,0.000126566
112.461,1.17829,-0.0380048,0.00012655
112.476,1.17774,-0.0380027,0.000126534
112.49,1.17719,-0.0380005,0.000126518
112.505,1.17664,-0.0379983,0.000126502
112.519,1.17609,-0.0379961,0.000126486
112.534,1.17555,-0.0379939,0.00012647
112.548,1.175,-0.0379918,0.000126454
112.563,1.17445,-0.0379896,0.000126438
112.577,1.1739,-0.0379874,0.000126422
112.591,1.17336,-0.0379852,0.000126406
112.606,1.17281,-0.0379831,0.00012639
112.62,1.17226,-0.0379809,0.000126374
112.634,1.17172,-0.0379787,0.000126358
112.649,1.17117,-0.0379765,0.000126342
112.663,1.17063,-0.0379744,0.000126326
112.678,1.17008,-0.0379722,0.00012631
112.692,1.16954,-0.03797,0.000126294
112.706,1.16899,-0.0379678,0.000126278
112.721,1.16845,-0.0379657,0.000126262
112.735,1.16791,-0.0379635,0.000126246
112.749,1.16736,-0.0379613,0.00012623
112.763,1.16682,-0.0379592,0.000126214
112.778,1.16628,-0.037957,0.000126198
112.792,1.16574,-0.0379548,0.000126182
112.806,1.1652,-0.0379527,0.000126166
112.821,1.16465,-0.0379505,0.00012615
112.835,1.16411,-0.0379483,0.000126134
112.849,1.16357,-0.0379462,0.000126118
112.863,1.16303,-0.037944,0.000126102
112.877,1.16249,-0.0379419,0.000126086
112.892,1.16195,-0.0379397,0.00012607
112.906,1.16141,-0.0379375,0.000126054
112.92,1.16088,-0.0379354,0.000126038
112.934,1.16034,-0.0379332,0.000126022
112.949,1.1598,-0.0379311,0.000126006
112.963,1.15926,-0.0379289,0.00012599
112.977,1.15872,-0.0379267,0.000125974
112.991,1.15819,-0.0379246,0.000125958
113.005,1.15765,-0.0379224,0.000125943
113.019,1.15711,-0.0379203,0.000125927
113.033,1.15658,-0.0379181,0.000125911
113.048,1.15604,-0.037916,0.000125895
113.062,1.1555,-0.0379138,0.000125879
113.076,1.15497,-0.0379117,0.000125863
113.09,1.15443,-0.0379095,0.000125847
113.104,1.1539,-0.0379074,0.000125831
113.118,1.15337,-0.0379052,0.000125815
113.132,1.15283,-0.0379031,0.0001258
113.146,1.1523,-0.0379009,0.000125784
113.16,1.15176,-0.0378988,0.000125768
113.174,1.15123,-0.0378966,0.000125752
113.189,1.1507,-0.0378945,0.000125736
113.203,1.15017,-0.0378923,0.00012572
113.217,1.14963,-0.0378902,0.000125705
113.231,1.1491,-0.037888,0.000125689
113.245,1.14857,-0.0378859,0.000125673
113.259,1.14804,-0.0378837,0.000125657
113.273,1.14751,-0.0378816,0.000125641
113.287,1.14698,-0.0378795,0.000125625
113.301,1.14645,-0.0378773,0.00012561
113.315,1.14592,-0.0378752,0.000125594
113.329,1.14539,-0.037873,0.000125578
113.343,1.14486,-0.0378709,0.000125562
113.357,1.14433,-0.0378688,0.000125546
113.371,1.1438,-0.0378666,0.000125531
113.384,1.14328,-0.0378645,0.000125515
113.398,1.14275,-0.0378623,0.000125499
113.412,1.14222,-0.0378602,0.000125483
113.426,1.14169,-0.0378581,0.000125467
113.44,1.14117,-0.0378559,0.000125452
113.454,1.14064,-0.0378538,0.000125436
113.468,1.14012,-0.0378517,0.00012542
113.482,1.13959,-0.0378495,0.000125404
113.496,1.13906,-0.0378474,0.000125389
113.51,1.13854,-0.0378453,0.000125373
113.523,1.13801,-0.0378431,0.000125357
113.537,1.13749,-0.037841,0.000125341
113.551,1.13697,-0.0378389,0.000125326
113.565,1.13644,-0.0378367,0.00012531
113.579,1.13592,-0.0378346,0.000125294
113.593,1.1354,-0.0378325,0.000125279
113.607,1.13487,-0.0378304,0.000125263
113.62,1.13435,-0.0378282,0.000125247
113.634,1.13383,-0.0378261,0.000125231
113.648,1.13331,-0.037824,0.000125216
113.662,1.13278,-0.0378219,0.0001252
113.675,1.13226,-0.0378197,0.000125184
113.689,1.13174,-0.0378176,0.000125169
113.703,1.13122,-0.0378155,0.000125153
113.717,1.1307,-0.0378134,0.000125137
113.731,1.13018,-0.0378113,0.000125122
113.744,1.12966,-0.0378091,0.000125106
113.758,1.12914,-0.037807,0.00012509
113.772,1.12862,-0.0378049,0.000125075
113.785,1.12811,-0.0378028,0.000125059
113.799,1.12759,-0.0378007,0.000125043
113.813,1.12707,-0.0377985,0.000125028
113.827,1.12655,-0.0377964,0.000125012
113.84,1.12603,-0.0377943,0.000124996
113.854,1.12552,-0.0377922,0.000124981
113.868,1.125,-0.0377901,0.000124965
113.881,1.12448,-0.037788,0.000124949
113.895,1.12397,-0.0377859,0.000124934
113.909,1.12345,-0.0377837,0.000124918
113.922,1.12294,-0.0377816,0.000124903
113.936,1.12242,-0.0377795,0.000124887
113.95,1.12191,-0.0377774,0.000124871
113.963,1.12139,-0.0377753,0.000124856
113.977,1.12088,-0.0377732,0.00012484
113.99,1.12036,-0.0377711,0.000124825
114.004,1.11985,-0.037769,0.000124809
114.018,1.11934,-0.0377669,0.000124793
114.031,1.11882,-0.0377648,0.000124778
114.045,1.11831,-0.0377627,0.000124762
114.058,1.1178,-0.0377605,0.000124747
114.072,1.11729,-0.0377584,0.000124731
114.085,1.11677,-0.0377563,0.000124716
114.099,1.11626,-0.0377542,0.0001247
114.112,1.11575,-0.0377521,0.000124684
114.126,1.11524,-0.03775,0.000124669
114.14,1.11473,-0.0377479,0.000124653
114.153,1.11422,-0.0377458,0.000124638
114.167,1.11371,-0.0377437,0.000124622
114.18,1.1132,-0.0377416,0.000124607
114.194,1.11269,-0.0377395,0.000124591
114.207,1.11218,-0.0377374,0.000124576
114.221,1.11167,-0.0377353,0.00012456
114.234,1.11117,-0.0377332,0.000124545
114.247,1.11066,-0.0377311,0.000124529
114.261,1.11015,-0.037729,0.000124514
114.274,1.10964,-0.037727,0.000124498
114.288,1.10914,-0.0377249,0.000124483
114.301,1.10863,-0.0377228,0.000124467
114.315,1.10812,-0.0377207,0.000124452
114.328,1.10762,-0.0377186,0.000124436
114.341,1.10711,-0.0377165,0.000124421
114.355,1.1066,-0.0377144,0.000124405
114.368,1.1061,-0.0377123,0.00012439
114.382,1.10559,-0.0377102,0.000124374
114.395,1.10509,-0.0377081,0.000124359
114.408,1.10459,-0.037706,0.000124343
114.422,1.10408,-0.037704,0.000124328
114.435,1.10358,-0.0377019,0.000124313
114.449,1.10307,-0.0376998,0.000124297
114.462,1.10257,-0.0376977,0.000124282
114.475,1.10207,-0.0376956,0.000124266
114.489,1.10157,-0.0376935,0.000124251
114.502,1.10106,-0.0376914,0.000124235
114.515,1.10056,-0.0376894,0.00012422
114.528,1.10006,-0.0376873,0.000124204
114.542,1.09956,-0.0376852,0.000124189
114.555,1.09906,-0.0376831,0.000124174
114.568,1.09856,-0.037681,0.000124158
114.582,1.09806,-0.037679,0.000124143
114.595,1.09756,-0.0376769,0.000124127
114.608,1.09706,-0.0376748,0.000124112
114.621,1.09656,-0.0376727,0.000124097
114.635,1.09606,-0.0376706,0.000124081
114.648,1.09556,-0.0376686,0.000124066
114.661,1.09506,-0.0376665,0.000124051
114.674,1.09456,-0.0376644,0.000124035
114.688,1.09406,-0.0376623,0.00012402
114.701,1.09357,-0.0376603,0.000124004
114.714,1.09307,-0.0376582,0.000123989
114.727,1.09257,-0.0376561,0.000123974
114.74,1.09207,-0.037654,0.000123958
114.754,1.09158,-0.037652,0.000123943
114.767,1.09108,-0.0376499,0.000123928
114.78,1.09059,-0.0376478,0.000123912
114.793,1.09009,-0.0376458,0.000123897
114.806,1.0896,-0.0376437,0.000123882
114.819,1.0891,-0.0376416,0.000123866
114.833,1.08861,-0.0376396,0.000123851
114.846,1.08811,-0.0376375,0.000123836
114.859,1.08762,-0.0376354,0.00012382
114.872,1.08712,-0.0376334,0.000123805
114.885,1.08663,-0.0376313,0.00012379
114.898,1.08614,-0.0376292,0.000123774
114.911,1.08564,-0.0376272,0.000123759
114.924,1.08515,-0.0376251,0.000123744
114.938,1.08466,-0.037623,0.000123729
114.951,1.08417,-0.037621,0.000123713
114.964,1.08367,-0.0376189,0.000123698
114.977,1.08318,-0.0376169,0.000123683
114.99,1.08269,-0.0376148,0.000123667
115.003,1.0822,-0.0376127,0.000123652
115.016,1.08171,-0.0376107,0.000123637
115.029,1.08122,-0.0376086,0.000123622
115.042,1.08073,-0.0376066,0.000123606
115.055,1.08024,-0.0376045,0.000123591
115.068,1.07975,-0.0376024,0.000123576
115.081,1.07926,-0.0376004,0.000123561
115.094,1.07877,-0.0375983,0.000123545
115.107,1.07828,-0.0375963,0.00012353
115.12,1.0778,-0.0375942,0.000123515
115.133,1.07731,-0.0375922,0.0001235
115.146,1.07682,-0.0375901,0.000123484
115.159,1.07633,-0.0375881,0.000123469
115.172,1.07584,-0.037586,0.000123454
115.185,1.07536,-0.037584,0.000123439
115.198,1.07487,-0.0375819,0.000123424
115.211,1.07439,-0.0375799,0.000123408
115.224,1.0739,-0.0375778,0.000123393
115.237,1.07341,-0.0375758,0.000123378
115.25,1.07293,-0.0375737,0.000123363
115.262,1.07244,-0.0375717,0.000123348
115.275,1.07196,-0.0375696,0.000123332
115.288,1.07147,-0.0375676,0.000123317
115.301,1.07099,-0.0375655,0.000123302
115.314,1.07051,-0.0375635,0.000123287
115.327,1.07002,-0.0375615,0.000123272
115.34,1.06954,-0.0375594,0.000123257
115.353,1.06905,-0.0375574,0.000123241
115.365,1.06857,-0.0375553,0.000123226
115.378,1.06809,-0.0375533,0.000123211
115.391,1.06761,-0.0375512,0.000123196
115.404,1.06713,-0.0375492,0.000123181
115.417,1.06664,-0.0375472,0.000123166
115.43,1.06616,-0.0375451,0.00012315
115.442,1.06568,-0.0375431,0.000123135
115.455,1.0652,-0.0375411,0.00012312
115.468,1.06472,-0.037539,0.000123105
115.481,1.06424,-0.037537,0.00012309
115.494,1.06376,-0.0375349,0.000123075
115.506,1.06328,-0.0375329,0.00012306
115.519,1.0628,-0.0375309,0.000123045
115.532,1.06232,-0.0375288,0.00012303
115.545,1.06184,-0.0375268,0.000123014
115.557,1.06136,-0.0375248,0.000122999
115.57,1.06088,-0.0375227,0.000122984
115.583,1.06041,-0.0375207,0.000122969
115.596,1.05993,-0.0375187,0.000122954
115.608,1.05945,-0.0375167,0.000122939
115.621,1.05897,-0.0375146,0.000122924
115.634,1.0585,-0.0375126,0.000122909
115.647,1.05802,-0.0375106,0.000122894
115.659,1.05754,-0.0375085,0.000122879
115.672,1.05707,-0.0375065,0.000122864
115.685,1.05659,-0.0375045,0.000122849
115.697,1.05612,-0.0375025,0.000122834
115.71,1.05564,-0.0375004,0.000122819
115.723,1.05517,-0.0374984,0.000122803
115.735,1.05469,-0.0374964,0.000122788
115.748,1.05422,-0.0374944,0.000122773
115.761,1.05374,-0.0374924,0.000122758
115.773,1.05327,-0.0374903,0.000122743
115.786,1.0528,-0.0374883,0.000122728
115.799,1.05232,-0.0374863,0.000122713
115.811,1.05185,-0.0374843,0.000122698
115.824,1.05138,-0.0374822,0.000122683
115.836,1.0509,-0.0374802,0.000122668
115.849,1.05043,-0.0374782,0.000122653
115.862,1.04996,-0.0374762,0.000122638
115.874,1.04949,-0.0374742,0.000122623
115.887,1.04902,-0.0374722,0.000122608
115.899,1.04855,-0.0374701,0.000122593
115.912,1.04808,-0.0374681,0.000122578
115.924,1.0476,-0.0374661,0.000122563
115.937,1.04713,-0.0374641,0.000122548
115.95,1.04666,-0.0374621,0.000122533
115.962,1.04619,-0.0374601,0.000122518
115.975,1.04573,-0.0374581,0.000122503
115.987,1.04526,-0.0374561,0.000122488
116,1.04479,-0.037454,0.000122473
116.012,1.04432,-0.037452,0.000122459
116.025,1.04385,-0.03745,0.000122444
116.037,1.04338,-0.037448,0.000122429
116.05,1.04291,-0.037446,0.000122414
116.062,1.04245,-0.037444,0.000122399
116.075,1.04198,-0.037442,0.000122384
116.087,1.04151,-0.03744,0.000122369
116.1,1.04105,-0.037438,0.000122354
116.112,1.04058,-0.037436,0.000122339
116.124,1.04011,-0.037434,0.000122324
116.137,1.03965,-0.037432,0.000122309
116.149,1.03918,-0.03743,0.000122294
116.162,1.03872,-0.037428,0.000122279
116.174,1.03825,-0.037426,0.000122264
116.187,1.03779,-0.037424,0.00012225
116.199,1.03732,-0.037422,0.000122235
116.211,1.03686,-0.03742,0.00012222
116.224,1.03639,-0.037418,0.000122205
116.236,1.03593,-0.037416,0.00012219
116.249,1.03547,-0.037414,0.000122175
116.261,1.035,-0.037412,0.00012216
116.273,1.03454,-0.03741,0.000122145
116.286,1.03408,-0.037408,0.00012213
116.298,1.03361,-0.037406,0.000122116
116.31,1.03315,-0.037404,0.000122101
116.323,1.03269,-0.037402,0.000122086
116.335,1.03223,-0.0374,0.000122071
116.348,1.03177,-0.037398,0.000122056
116.36,1.03131,-0.037396,0.000122041
116.372,1.03085,-0.037394,0.000122027
116.384,1.03039,-0.037392,0.000122012
116.397,1.02992,-0.03739,0.000121997
116.409,1.02946,-0.037388,0.000121982
116.421,1.02901,-0.0373861,0.000121967
116.434,1.02855,-0.0373841,0.000121952
116.446,1.02809,-0.0373821,0.000121938
116.458,1.02763,-0.0373801,0.000121923
116.471,1.02717,-0.0373781,0.000121908
116.483,1.02671,-0.0373761,0.000121893
116.495,1.02625,-0.0373741,0.000121878
116.507,1.02579,-0.0373721,0.000121863
116.52,1.02534,-0.0373702,0.000121849
116.532,1.02488,-0.0373682,0.000121834
116.544,1.02442,-0.0373662,0.000121819
116.556,1.02397,-0.0373642,0.000121804
116.568,1.02351,-0.0373622,0.00012179
116.581,1.02305,-0.0373602,0.000121775
116.593,1.0226,-0.0373583,0.00012176
116.605,1.02214,-0.0373563,0.000121745
116.617,1.02168,-0.0373543,0.00012173
116.629,1.02123,-0.0373523,0.000121716
116.642,1.02077,-0.0373503,0.000121701
116.654,1.02032,-0.0373484,0.000121686
116.666,1.01986,-0.0373464,0.000121671
116.678,1.01941,-0.0373444,0.000121657
116.69,1.01896,-0.0373424,0.000121642
116.702,1.0185,-0.0373405,0.000121627
116.715,1.01805,-0.0373385,0.000121612
116.727,1.0176,-0.0373365,0.000121598
116.739,1.01714,-0.0373345,0.000121583
116.751,1.01669,-0.0373326,0.000121568
116.763,1.01624,-0.0373306,0.000121554
116.775,1.01579,-0.0373286,0.000121539
116.787,1.01533,-0.0373266,0.000121524
116.799,1.01488,-0.0373247,0.000121509
116.812,1.01443,-0.0373227,0.000121495
116.824,1.01398,-0.0373207,0.00012148
116.836,1.01353,-0.0373188,0.000121465
116.848,1.01308,-0.0373168,0.000121451
116.86,1.01263,-0.0373148,0.000121436
116.872,1.01218,-0.0373129,0.000121421
116.884,1.01173,-0.0373109,0.000121407
116.896,1.01128,-0.0373089,0.000121392
116.908,1.01083,-0.037307,0.000121377
116.92,1.01038,-0.037305,0.000121362
116.932,1.00993,-0.037303,0.000121348
116.944,1.00948,-0.0373011,0.000121333
116.956,1.00903,-0.0372991,0.000121318
116.968,1.00859,-0.0372971,0.000121304
116.98,1.00814,-0.0372952,0.000121289
116.992,1.00769,-0.0372932,0.000121275
117.004,1.00724,-0.0372913,0.00012126
117.016,1.0068,-0.0372893,0.000121245
117.028,1.00635,-0.0372873,0.000121231
117.04,1.0059,-0.0372854,0.000121216
117.052,1.00546,-0.0372834,0.000121201
117.064,1.00501,-0.0372815,0.000121187
117.076,1.00456,-0.0372795,0.000121172
117.088,1.00412,-0.0372775,0.000121157
117.1,1.00367,-0.0372756,0.000121143
117.112,1.00323,-0.0372736,0.000121128
117.124,1.00278,-0.0372717,0.000121114
117.136,1.00234,-0.0372697,0.000121099
117.148,1.00189,-0.0372678,0.000121084
117.16,1.00145,-0.0372658,0.00012107
117.172,1.00101,-0.0372639,0.000121055
117.183,1.00056,-0.0372619,0.000121041
117.195,1.00012,-0.03726,0.000121026
117.207,0.999677,-0.037258,0.000121011
117.219,0.999234,-0.0372561,0.000120997
117.231,0.998792,-0.0372541,0.000120982
117.243,0.998349,-0.0372522,0.000120968
117.255,0.997907,-0.0372502,0.000120953
117.267,0.997466,-0.0372483,0.000120939
117.278,0.997024,-0.0372463,0.000120924
117.29,0.996583,-0.0372444,0.000120909
117.302,0.996142,-0.0372424,0.000120895
117.314,0.995701,-0.0372405,0.00012088
117.326,0.99526,-0.0372385,0.000120866
117.338,0.99482,-0.0372366,0.000120851
117.349,0.99438,-0.0372347,0.000120837
117.361,0.99394,-0.0372327,0.000120822
117.373,0.993501,-0.0372308,0.000120808
117.385,0.993062,-0.0372288,0.000120793
117.397,0.992623,-0.0372269,0.000120779
117.408,0.992184,-0.0372249,0.000120764
117.42,0.991745,-0.037223,0.00012075
117.432,0.991307,-0.0372211,0.000120735
117.444,0.990869,-0.0372191,0.00012072
117.456,0.990431,-0.0372172,0.000120706
117.467,0.989993,-0.0372152,0.000120691
117.479,0.989556,-0.0372133,0.000120677
117.491,0.989119,-0.0372114,0.000120662
117.502,0.988682,-0.0372094,0.000120648
117.514,0.988246,-0.0372075,0.000120633
117.526,0.987809,-0.0372056,0.000120619
117.538,0.987373,-0.0372036,0.000120605
117.549,0.986937,-0.0372017,0.00012059
117.561,0.986502,-0.0371998,0.000120576
117.573,0.986066,-0.0371978,0.000120561
117.585,0.985631,-0.0371959,0.000120547
117.596,0.985196,-0.037194,0.000120532
117.608,0.984762,-0.037192,0.000120518
117.62,0.984327,-0.0371901,0.000120503
117.631,0.983893,-0.0371882,0.000120489
117.643,0.983459,-0.0371863,0.000120474
117.655,0.983026,-0.0371843,0.00012046
117.666,0.982592,-0.0371824,0.000120445
117.678,0.982159,-0.0371805,0.000120431
117.69,0.981726,-0.0371785,0.000120417
117.701,0.981293,-0.0371766,0.000120402
117.713,0.980861,-0.0371747,0.000120388
117.724,0.980429,-0.0371728,0.000120373
117.736,0.979997,-0.0371708,0.000120359
117.748,0.979565,-0.0371689,0.000120344
117.759,0.979134,-0.037167,0.00012033
117.771,0.978702,-0.0371651,0.000120316
117.782,0.978271,-0.0371632,0.000120301
117.794,0.977841,-0.0371612,0.000120287
117.806,0.97741,-0.0371593,0.000120272
117.817,0.97698,-0.0371574,0.000120258
117.829,0.97655,-0.0371555,0.000120244
117.84,0.97612,-0.0371536,0.000120229
117.852,0.97569,-0.0371516,0.000120215
117.863,0.975261,-0.0371497,0.0001202
117.875,0.974832,-0.0371478,0.000120186
117.887,0.974403,-0.0371459,0.000120172
117.898,0.973975,-0.037144,0.000120157
117.91,0.973546,-0.0371421,0.000120143
117.921,0.973118,-0.0371401,0.000120129
117.933,0.97269,-0.0371382,0.000120114
117.944,0.972263,-0.0371363,0.0001201
117.956,0.971835,-0.0371344,0.000120085
117.967,0.971408,-0.0371325,0.000120071
117.979,0.970981,-0.0371306,0.000120057
117.99,0.970554,-0.0371287,0.000120042
118.002,0.970128,-0.0371267,0.000120028
118.013,0.969702,-0.0371248,0.000120014
118.025,0.969276,-0.0371229,0.000119999
118.036,0.96885,-0.037121,0.000119985
118.048,0.968424,-0.0371191,0.000119971
118.059,0.967999,-0.0371172,0.000119956
118.07,0.967574,-0.0371153,0.000119942
118.082,0.967149,-0.0371134,0.000119928
118.093,0.966725,-0.0371115,0.000119913
118.105,0.966301,-0.0371096,0.000119899
118.116,0.965876,-0.0371077,0.000119885
118.128,0.965453,-0.0371058,0.000119871
118.139,0.965029,-0.0371039,0.000119856
118.15,0.964606,-0.037102,0.000119842
118.162,0.964182,-0.0371001,0.000119828
118.173,0.96376,-0.0370982,0.000119813
118.185,0.963337,-0.0370963,0.000119799
118.196,0.962914,-0.0370944,0.000119785
118.207,0.962492,-0.0370925,0.00011977
118.219,0.96207,-0.0370906,0.000119756
118.23,0.961648,-0.0370887,0.000119742
118.242,0.961227,-0.0370868,0.000119728
118.253,0.960806,-0.0370849,0.000119713
118.264,0.960385,-0.037083,0.000119699
118.276,0.959964,-0.0370811,0.000119685
118.287,0.959543,-0.0370792,0.000119671
118.298,0.959123,-0.0370773,0.000119656
118.31,0.958703,-0.0370754,0.000119642
118.321,0.958283,-0.0370735,0.000119628
118.332,0.957863,-0.0370716,0.000119614
118.344,0.957444,-0.0370697,0.000119599
118.355,0.957025,-0.0370678,0.000119585
118.366,0.956606,-0.0370659,0.000119571
118.378,0.956187,-0.037064,0.000119557
118.389,0.955769,-0.0370621,0.000119542
118.4,0.95535,-0.0370602,0.000119528
118.411,0.954932,-0.0370583,0.000119514
118.423,0.954515,-0.0370565,0.0001195
118.434,0.954097,-0.0370546,0.000119486
118.445,0.95368,-0.0370527,0.000119471
118.456,0.953263,-0.0370508,0.000119457
118.468,0.952846,-0.0370489,0.000119443
118.479,0.952429,-0.037047,0.000119429
118.49,0.952013,-0.0370451,0.000119415
118.501,0.951596,-0.0370432,0.0001194
118.513,0.95118,-0.0370414,0.000119386
118.524,0.950765,-0.0370395,0.000119372
118.535,0.950349,-0.0370376,0.000119358
118.546,0.949934,-0.0370357,0.000119344
118.557,0.949519,-0.0370338,0.00011933
118.569,0.949104,-0.0370319,0.000119315
118.58,0.948689,-0.0370301,0.000119301
118.591,0.948275,-0.0370282,0.000119287
118.602,0.947861,-0.0370263,0.000119273
118.613,0.947447,-0.0370244,0.000119259
118.625,0.947033,-0.0370225,0.000119245
118.636,0.94662,-0.0370207,0.00011923
118.647,0.946207,-0.0370188,0.000119216
118.658,0.945794,-0.0370169,0.000119202
118.669,0.945381,-0.037015,0.000119188
118.68,0.944968,-0.0370132,0.000119174
118.692,0.944556,-0.0370113,0.00011916
118.703,0.944144,-0.0370094,0.000119146
118.714,0.943732,-0.0370075,0.000119131
118.725,0.94332,-0.0370057,0.000119117
118.736,0.942909,-0.0370038,0.000119103
118.747,0.942498,-0.0370019,0.000119089
118.758,0.942087,-0.037,0.000119075
118.769,0.941676,-0.0369982,0.000119061
118.78,0.941265,-0.0369963,0.000119047
118.792,0.940855,-0.0369944,0.000119033
118.803,0.940445,-0.0369926,0.000119019
118.814,0.940035,-0.0369907,0.000119004
118.825,0.939626,-0.0369888,0.00011899
118.836,0.939216,-0.0369869,0.000118976
118.847,0.938807,-0.0369851,0.000118962
118.858,0.938398,-0.0369832,0.000118948
118.869,0.937989,-0.0369813,0.000118934
118.88,0.937581,-0.0369795,0.00011892
118.891,0.937173,-0.0369776,0.000118906
118.902,0.936764,-0.0369757,0.000118892
118.913,0.936357,-0.0369739,0.000118878
118.924,0.935949,-0.036972,0.000118864
118.935,0.935542,-0.0369702,0.00011885
118.946,0.935134,-0.0369683,0.000118836
118.957,0.934728,-0.0369664,0.000118822
118.968,0.934321,-0.0369646,0.000118807
118.979,0.933914,-0.0369627,0.000118793
118.99,0.933508,-0.0369608,0.000118779
119.001,0.933102,-0.036959,0.000118765
119.012,0.932696,-0.0369571,0.000118751
119.023,0.93229,-0.0369553,0.000118737
119.034,0.931885,-0.0369534,0.000118723
119.045,0.93148,-0.0369516,0.000118709
119.056,0.931075,-0.0369497,0.000118695
119.067,0.93067,-0.0369478,0.000118681
119.078,0.930266,-0.036946,0.000118667
119.089,0.929861,-0.0369441,0.000118653
119.1,0.929457,-0.0369423,0.000118639
119.111,0.929053,-0.0369404,0.000118625
119.122,0.92865,-0.0369386,0.000118611
119.133,0.928246,-0.0369367,0.000118597
119.144,0.927843,-0.0369349,0.000118583
119.154,0.92744,-0.036933,0.000118569
119.165,0.927037,-0.0369312,0.000118555
119.176,0.926635,-0.0369293,0.000118541
119.187,0.926232,-0.0369275,0.000118527
119.198,0.92583,-0.0369256,0.000118513
119.209,0.925428,-0.0369238,0.000118499
119.22,0.925026,-0.0369219,0.000118485
119.231,0.924625,-0.0369201,0.000118471
119.242,0.924224,-0.0369182,0.000118457
119.252,0.923823,-0.0369164,0.000118443
119.263,0.923422,-0.0369145,0.000118429
119.274,0.923021,-0.0369127,0.000118415
119.285,0.922621,-0.0369108,0.000118401
119.296,0.922221,-0.036909,0.000118388
119.307,0.921821,-0.0369071,0.000118374
119.318,0.921421,-0.0369053,0.00011836
119.328,0.921021,-0.0369034,0.000118346
119.339,0.920622,-0.0369016,0.000118332
119.35,0.920223,-0.0368998,0.000118318
119.361,0.919824,-0.0368979,0.000118304
119.372,0.919426,-0.0368961,0.00011829
119.382,0.919027,-0.0368942,0.000118276
119.393,0.918629,-0.0368924,0.000118262
119.404,0.918231,-0.0368906,0.000118248
119.415,0.917833,-0.0368887,0.000118234
119.426,0.917435,-0.0368869,0.00011822
119.436,0.917038,-0.036885,0.000118206
119.447,0.916641,-0.0368832,0.000118193
119.458,0.916244,-0.0368814,0.000118179
119.469,0.915847,-0.0368795,0.000118165
119.479,0.915451,-0.0368777,0.000118151
119.49,0.915054,-0.0368759,0.000118137
119.501,0.914658,-0.036874,0.000118123
119.512,0.914263,-0.0368722,0.000118109
119.522,0.913867,-0.0368704,0.000118095
119.533,0.913471,-0.0368685,0.000118081
119.544,0.913076,-0.0368667,0.000118068
119.554,0.912681,-0.0368649,0.000118054
119.565,0.912286,-0.036863,0.00011804
119.576,0.911892,-0.0368612,0.000118026
119.587,0.911497,-0.0368594,0.000118012
119.597,0.911103,-0.0368575,0.000117998
119.608,0.910709,-0.0368557,0.000117984
119.619,0.910315,-0.0368539,0.000117971
119.629,0.909922,-0.0368521,0.000117957
119.64,0.909529,-0.0368502,0.000117943
119.651,0.909136,-0.0368484,0.000117929
119.661,0.908743,-0.0368466,0.000117915
119.672,0.90835,-0.0368448,0.000117901
119.683,0.907957,-0.0368429,0.000117887
119.693,0.907565,-0.0368411,0.000117874
119.704,0.907173,-0.0368393,0.00011786
119.715,0.906781,-0.0368375,0.000117846
119.725,0.90639,-0.0368356,0.000117832
119.736,0.905998,-0.0368338,0.000117818
119.746,0.905607,-0.036832,0.000117805
119.757,0.905216,-0.0368302,0.000117791
119.768,0.904825,-0.0368284,0.000117777
119.778,0.904434,-0.0368265,0.000117763
119.789,0.904044,-0.0368247,0.000117749
119.799,0.903654,-0.0368229,0.000117736
119.81,0.903264,-0.0368211,0.000117722
119.821,0.902874,-0.0368193,0.000117708
119.831,0.902485,-0.0368174,0.000117694
119.842,0.902095,-0.0368156,0.00011768
119.852,0.901706,-0.0368138,0.000117667
119.863,0.901317,-0.036812,0.000117653
119.874,0.900928,-0.0368102,0.000117639
119.884,0.90054,-0.0368084,0.000117625
119.895,0.900152,-0.0368065,0.000117611
119.905,0.899764,-0.0368047,0.000117598
119.916,0.899376,-0.0368029,0.000117584
119.926,0.898988,-0.0368011,0.00011757
119.937,0.8986,-0.0367993,0.000117556
119.947,0.898213,-0.0367975,0.000117543
119.958,0.897826,-0.0367957,0.000117529
119.968,0.897439,-0.0367939,0.000117515
119.979,0.897053,-0.0367921,0.000117501
119.989,0.896666,-0.0367902,0.000117488
120,0.89628,-0.0367884,0.000117474
120.01,0.895894,-0.0367866,0.00011746
120.021,0.895508,-0.0367848,0.000117446
120.031,0.895122,-0.036783,0.000117433
120.042,0.894737,-0.0367812,0.000117419
120.052,0.894352,-0.0367794,0.000117405
120.063,0.893967,-0.0367776,0.000117392
120.073,0.893582,-0.0367758,0.000117378
120.084,0.893197,-0.036774,0.000117364
120.094,0.892813,-0.0367722,0.00011735
120.105,0.892429,-0.0367704,0.000117337
120.115,0.892045,-0.0367686,0.000117323
120.125,0.891661,-0.0367668,0.000117309
120.136,0.891277,-0.036765,0.000117296
120.146,0.890894,-0.0367632,0.000117282
120.157,0.890511,-0.0367614,0.000117268
120.167,0.890128,-0.0367596,0.000117255
120.178,0.889745,-0.0367578,0.000117241
120.188,0.889363,-0.036756,0.000117227
120.198,0.88898,-0.0367542,0.000117214
120.209,0.888598,-0.0367524,0.0001172
120.219,0.888216,-0.0367506,0.000117186
120.23,0.887834,-0.0367488,0.000117173
120.24,0.887453,-0.036747,0.000117159
120.25,0.887071,-0.0367452,0.000117145
120.261,0.88669,-0.0367434,0.000117132
120.271,0.886309,-0.0367416,0.000117118
120.281,0.885929,-0.0367398,0.000117104
120.292,0.885548,-0.036738,0.000117091
120.302,0.885168,-0.0367362,0.000117077
120.312,0.884788,-0.0367344,0.000117063
120.323,0.884408,-0.0367326,0.00011705
120.333,0.884028,-0.0367309,0.000117036
120.343,0.883649,-0.0367291,0.000117022
120.354,0.883269,-0.0367273,0.000117009
120.364,0.88289,-0.0367255,0.000116995
120.374,0.882511,-0.0367237,0.000116981
120.385,0.882132,-0.0367219,0.000116968
120.395,0.881754,-0.0367201,0.000116954
120.405,0.881375,-0.0367183,0.000116941
120.416,0.880997,-0.0367165,0.000116927
120.426,0.880619,-0.0367148,0.000116913
120.436,0.880242,-0.036713,0.0001169
120.447,0.879864,-0.0367112,0.000116886
120.457,0.879487,-0.0367094,0.000116873
120.467,0.87911,-0.0367076,0.000116859
120.477,0.878733,-0.0367058,0.000116845
120.488,0.878356,-0.0367041,0.000116832
120.498,0.877979,-0.0367023,0.000116818
120.508,0.877603,-0.0367005,0.000116805
120.518,0.877227,-0.0366987,0.000116791
120.529,0.876851,-0.0366969,0.000116777
120.539,0.876475,-0.0366951,0.000116764
120.549,0.8761,-0.0366934,0.00011675
120.559,0.875724,-0.0366916,0.000116737
120.57,0.875349,-0.0366898,0.000116723
120.58,0.874974,-0.036688,0.00011671
120.59,0.8746,-0.0366863,0.000116696
120.6,0.874225,-0.0366845,0.000116682
120.61,0.873851,-0.0366827,0.000116669
120.621,0.873476,-0.0366809,0.000116655
120.631,0.873102,-0.0366791,0.000116642
120.641,0.872729,-0.0366774,0.000116628
120.651,0.872355,-0.0366756,0.000116615
120.661,0.871982,-0.0366738,0.000116601
120.672,0.871608,-0.0366721,0.000116588
120.682,0.871235,-0.0366703,0.000116574
120.692,0.870863,-0.0366685,0.000116561
120.702,0.87049,-0.0366667,0.000116547
120.712,0.870118,-0.036665,0.000116534
120.722,0.869745,-0.0366632,0.00011652
120.732,0.869373,-0.0366614,0.000116506
120.743,0.869002,-0.0366597,0.000116493
120.753,0.86863,-0.0366579,0.000116479
120.763,0.868259,-0.0366561,0.000116466
120.773,0.867887,-0.0366543,0.000116452
120.783,0.867516,-0.0366526,0.000116439
120.793,0.867145,-0.0366508,0.000116425
120.803,0.866775,-0.036649,0.000116412
120.813,0.866404,-0.0366473,0.000116398
120.824,0.866034,-0.0366455,0.000116385
120.834,0.865664,-0.0366437,0.000116371
120.844,0.865294,-0.036642,0.000116358
120.854,0.864924,-0.0366402,0.000116344
120.864,0.864555,-0.0366385,0.000116331
120.874,0.864186,-0.0366367,0.000116318
120.884,0.863817,-0.0366349,0.000116304
120.894,0.863448,-0.0366332,0.000116291
120.904,0.863079,-0.0366314,0.000116277
120.914,0.86271,-0.0366296,0.000116264
120.924,0.862342,-0.0366279,0.00011625
120.934,0.861974,-0.0366261,0.000116237
120.944,0.861606,-0.0366244,0.000116223
120.954,0.861238,-0.0366226,0.00011621
120.965,0.860871,-0.0366209,0.000116196
120.975,0.860503,-0.0366191,0.000116183
120.985,0.860136,-0.0366173,0.000116169
120.995,0.859769,-0.0366156,0.000116156
121.005,0.859402,-0.0366138,0.000116143
121.015,0.859036,-0.0366121,0.000116129
121.025,0.858669,-0.0366103,0.000116116
121.035,0.858303,-0.0366086,0.000116102
121.045,0.857937,-0.0366068,0.000116089
121.055,0.857571,-0.0366051,0.000116075
121.065,0.857206,-0.0366033,0.000116062
121.075,0.85684,-0.0366016,0.000116049
121.085,0.856475,-0.0365998,0.000116035
121.095,0.85611,-0.036598,0.000116022
121.105,0.855745,-0.0365963,0.000116008
121.115,0.85538,-0.0365945,0.000115995
121.124,0.855016,-0.0365928,0.000115982
121.134,0.854651,-0.036591,0.000115968
121.144,0.854287,-0.0365893,0.000115955
121.154,0.853923,-0.0365876,0.000115941
121.164,0.85356,-0.0365858,0.000115928
121.174,0.853196,-0.0365841,0.000115915
121.184,0.852833,-0.0365823,0.000115901
121.194,0.852469,-0.0365806,0.000115888
121.204,0.852106,-0.0365788,0.000115874
121.214,0.851744,-0.0365771,0.000115861
121.224,0.851381,-0.0365753,0.000115848
121.234,0.851019,-0.0365736,0.000115834
121.244,0.850656,-0.0365718,0.000115821
121.254,0.850294,-0.0365701,0.000115808
121.263,0.849932,-0.0365684,0.000115794
121.273,0.849571,-0.0365666,0.000115781
121.283,0.849209,-0.0365649,0.000115768
121.293,0.848848,-0.0365631,0.000115754
121.303,0.848487,-0.0365614,0.000115741
121.313,0.848126,-0.0365597,0.000115727
121.323,0.847765,-0.0365579,0.000115714
121.333,0.847405,-0.0365562,0.000115701
121.342,0.847044,-0.0365544,0.000115687
121.352,0.846684,-0.0365527,0.000115674
121.362,0.846324,-0.036551,0.000115661
121.372,0.845964,-0.0365492,0.000115647
121.382,0.845604,-0.0365475,0.000115634
121.392,0.845245,-0.0365458,0.000115621
121.401,0.844886,-0.036544,0.000115607
121.411,0.844527,-0.0365423,0.000115594
121.421,0.844168,-0.0365406,0.000115581
121.431,0.843809,-0.0365388,0.000115568
121.441,0.843451,-0.0365371,0.000115554
121.451,0.843092,-0.0365354,0.000115541
121.46,0.842734,-0.0365336,0.000115528
121.47,0.842376,-0.0365319,0.000115514
121.48,0.842018,-0.0365302,0.000115501
121.49,0.841661,-0.0365284,0.000115488
121.5,0.841303,-0.0365267,0.000115474
121.509,0.840946,-0.036525,0.000115461
121.519,0.840589,-0.0365232,0.000115448
121.529,0.840232,-0.0365215,0.000115435
121.539,0.839876,-0.0365198,0.000115421
121.548,0.839519,-0.0365181,0.000115408
121.558,0.839163,-0.0365163,0.000115395
121.568,0.838807,-0.0365146,0.000115381
121.578,0.838451,-0.0365129,0.000115368
121.587,0.838095,-0.0365112,0.000115355
121.597,0.837739,-0.0365094,0.000115342
121.607,0.837384,-0.0365077,0.000115328
121.617,0.837029,-0.036506,0.000115315
121.626,0.836674,-0.0365043,0.000115302
121.636,0.836319,-0.0365025,0.000115289
121.646,0.835964,-0.0365008,0.000115275
121.655,0.83561,-0.0364991,0.000115262
121.665,0.835255,-0.0364974,0.000115249
121.675,0.834901,-0.0364957,0.000115236
121.685,0.834547,-0.0364939,0.000115222
121.694,0.834194,-0.0364922,0.000115209
121.704,0.83384,-0.0364905,0.000115196
121.714,0.833487,-0.0364888,0.000115183
121.723,0.833133,-0.0364871,0.00011517
121.733,0.83278,-0.0364854,0.000115156
121.743,0.832428,-0.0364836,0.000115143
121.752,0.832075,-0.0364819,0.00011513
121.762,0.831722,-0.0364802,0.000115117
121.772,0.83137,-0.0364785,0.000115103
121.781,0.831018,-0.0364768,0.00011509
121.791,0.830666,-0.0364751,0.000115077
121.801,0.830314,-0.0364733,0.000115064
121.81,0.829963,-0.0364716,0.000115051
121.82,0.829611,-0.0364699,0.000115037
121.83,0.82926,-0.0364682,0.000115024
121.839,0.828909,-0.0364665,0.000115011
121.849,0.828558,-0.0364648,0.000114998
121.858,0.828208,-0.0364631,0.000114985
121.868,0.827857,-0.0364614,0.000114972
121.878,0.827507,-0.0364597,0.000114958
121.887,0.827157,-0.0364579,0.000114945
121.897,0.826807,-0.0364562,0.000114932
121.906,0.826457,-0.0364545,0.000114919
121.916,0.826107,-0.0364528,0.000114906
121.926,0.825758,-0.0364511,0.000114893
121.935,0.825409,-0.0364494,0.000114879
121.945,0.82506,-0.0364477,0.000114866
121.954,0.824711,-0.036446,0.000114853
121.964,0.824362,-0.0364443,0.00011484
121.973,0.824013,-0.0364426,0.000114827
121.983,0.823665,-0.0364409,0.000114814
121.993,0.823317,-0.0364392,0.0001148
122.002,0.822969,-0.0364375,0.000114787
122.012,0.822621,-0.0364358,0.000114774
122.021,0.822273,-0.0364341,0.000114761
122.031,0.821926,-0.0364324,0.000114748
122.04,0.821579,-0.0364307,0.000114735
122.05,0.821232,-0.036429,0.000114722
122.059,0.820885,-0.0364273,0.000114708
122.069,0.820538,-0.0364256,0.000114695
122.078,0.820191,-0.0364239,0.000114682
122.088,0.819845,-0.0364222,0.000114669
122.097,0.819499,-0.0364205,0.000114656
122.107,0.819153,-0.0364188,0.000114643
122.116,0.818807,-0.0364171,0.00011463
122.126,0.818461,-0.0364154,0.000114617
122.135,0.818116,-0.0364137,0.000114604
122.145,0.81777,-0.036412,0.00011459
122.154,0.817425,-0.0364103,0.000114577
122.164,0.81708,-0.0364086,0.000114564
122.173,0.816735,-0.0364069,0.000114551
122.183,0.816391,-0.0364052,0.000114538
122.192,0.816046,-0.0364035,0.000114525
122.202,0.815702,-0.0364018,0.000114512
122.211,0.815358,-0.0364001,0.000114499
122.221,0.815014,-0.0363985,0.000114486
122.23,0.81467,-0.0363968,0.000114473
122.239,0.814326,-0.0363951,0.00011446
122.249,0.813983,-0.0363934,0.000114447
122.258,0.81364,-0.0363917,0.000114434
122.268,0.813297,-0.03639,0.00011442
122.277,0.812954,-0.0363883,0.000114407
122.287,0.812611,-0.0363866,0.000114394
122.296,0.812268,-0.0363849,0.000114381
122.305,0.811926,-0.0363833,0.000114368
122.315,0.811584,-0.0363816,0.000114355
122.324,0.811242,-0.0363799,0.000114342
122.334,0.8109,-0.0363782,0.000114329
122.343,0.810558,-0.0363765,0.000114316
122.352,0.810217,-0.0363748,0.000114303
122.362,0.809876,-0.0363732,0.00011429
122.371,0.809534,-0.0363715,0.000114277
122.381,0.809193,-0.0363698,0.000114264
122.39,0.808853,-0.0363681,0.000114251
122.399,0.808512,-0.0363664,0.000114238
122.409,0.808171,-0.0363647,0.000114225
122.418,0.807831,-0.0363631,0.000114212
122.427,0.807491,-0.0363614,0.000114199
122.437,0.807151,-0.0363597,0.000114186
122.446,0.806811,-0.036358,0.000114173
122.455,0.806472,-0.0363564,0.00011416
122.465,0.806132,-0.0363547,0.000114147
122.474,0.805793,-0.036353,0.000114134
122.483,0.805454,-0.0363513,0.000114121
122.493,0.805115,-0.0363496,0.000114108
122.502,0.804776,-0.036348,0.000114095
122.511,0.804438,-0.0363463,0.000114082
122.521,0.804099,-0.0363446,0.000114069
122.53,0.803761,-0.0363429,0.000114056
122.539,0.803423,-0.0363413,0.000114043
122.549,0.803085,-0.0363396,0.00011403
122.558,0.802747,-0.0363379,0.000114017
122.567,0.80241,-0.0363362,0.000114004
122.576,0.802072,-0.0363346,0.000113991
122.586,0.801735,-0.0363329,0.000113978
122.595,0.801398,-0.0363312,0.000113965
122.604,0.801061,-0.0363296,0.000113952
122.613,0.800724,-0.0363279,0.000113939
122.623,0.800388,-0.0363262,0.000113926
122.632,0.800052,-0.0363246,0.000113913
122.641,0.799715,-0.0363229,0.0001139
122.651,0.799379,-0.0363212,0.000113887
122.66,0.799043,-0.0363196,0.000113874
122.669,0.798708,-0.0363179,0.000113861
122.678,0.798372,-0.0363162,0.000113848
122.687,0.798037,-0.0363146,0.000113835
122.697,0.797702,-0.0363129,0.000113823
122.706,0.797367,-0.0363112,0.00011381
122.715,0.797032,-0.0363096,0.000113797
122.724,0.796697,-0.0363079,0.000113784
122.734,0.796363,-0.0363062,0.000113771
122.743,0.796028,-0.0363046,0.000113758
122.752,0.795694,-0.0363029,0.000113745
122.761,0.79536,-0.0363012,0.000113732
122.77,0.795026,-0.0362996,0.000113719
122.78,0.794693,-0.0362979,0.000113706
122.789,0.794359,-0.0362963,0.000113693
122.798,0.794026,-0.0362946,0.00011368
122.807,0.793693,-0.0362929,0.000113667
122.816,0.793359,-0.0362913,0.000113655
122.826,0.793027,-0.0362896,0.000113642
122.835,0.792694,-0.036288,0.000113629
122.844,0.792362,-0.0362863,0.000113616
122.853,0.792029,-0.0362847,0.000113603
122.862,0.791697,-0.036283,0.00011359
122.871,0.791365,-0.0362813,0.000113577
122.88,0.791033,-0.0362797,0.000113564
122.89,0.790701,-0.036278,0.000113551
122.899,0.79037,-0.0362764,0.000113539
122.908,0.790039,-0.0362747,0.000113526
122.917,0.789707,-0.0362731,0.000113513
122.926,0.789376,-0.0362714,0.0001135
122.935,0.789046,-0.0362698,0.000113487
122.944,0.788715,-0.0362681,0.000113474
122.953,0.788384,-0.0362665,0.000113461
122.963,0.788054,-0.0362648,0.000113449
122.972,0.787724,-0.0362632,0.000113436
122.981,0.787394,-0.0362615,0.000113423
122.99,0.787064,-0.0362599,0.00011341
122.999,0.786734,-0.0362582,0.000113397
123.008,0.786405,-0.0362566,0.000113384
123.017,0.786075,-0.0362549,0.000113371
123.026,0.785746,-0.0362533,0.000113359
123.035,0.785417,-0.0362516,0.000113346
123.044,0.785088,-0.03625,0.000113333
123.053,0.78476,-0.0362483,0.00011332
123.063,0.784431,-0.0362467,0.000113307
123.072,0.784103,-0.036245,0.000113294
123.081,0.783774,-0.0362434,0.000113282
123.09,0.783446,-0.0362418,0.000113269
123.099,0.783118,-0.0362401,0.000113256
123.108,0.782791,-0.0362385,0.000113243
123.117,0.782463,-0.0362368,0.00011323
123.126,0.782136,-0.0362352,0.000113218
123.135,0.781809,-0.0362335,0.000113205
123.144,0.781482,-0.0362319,0.000113192
123.153,0.781155,-0.0362303,0.000113179
123.162,0.780828,-0.0362286,0.000113166
123.171,0.780501,-0.036227,0.000113154
123.18,0.780175,-0.0362254,0.000113141
123.189,0.779849,-0.0362237,0.000113128
123.198,0.779523,-0.0362221,0.000113115
123.207,0.779197,-0.0362204,0.000113102
123.216,0.778871,-0.0362188,0.00011309
123.225,0.778545,-0.0362172,0.000113077
123.234,0.77822,-0.0362155,0.000113064
123.243,0.777895,-0.0362139,0.000113051
123.252,0.77757,-0.0362123,0.000113038
123.261,0.777245,-0.0362106,0.000113026
123.27,0.77692,-0.036209,0.000113013
123.279,0.776595,-0.0362074,0.000113
123.288,0.776271,-0.0362057,0.000112987
123.297,0.775946,-0.0362041,0.000112975
123.306,0.775622,-0.0362025,0.000112962
123.315,0.775298,-0.0362008,0.000112949
123.324,0.774974,-0.0361992,0.000112936
123.333,0.774651,-0.0361976,0.000112924
123.341,0.774327,-0.0361959,0.000112911
123.35,0.774004,-0.0361943,0.000112898
123.359,0.773681,-0.0361927,0.000112885
123.368,0.773358,-0.036191,0.000112873
123.377,0.773035,-0.0361894,0.00011286
123.386,0.772712,-0.0361878,0.000112847
123.395,0.772389,-0.0361862,0.000112834
123.404,0.772067,-0.0361845,0.000112822
123.413,0.771745,-0.0361829,0.000112809
123.422,0.771423,-0.0361813,0.000112796
123.431,0.771101,-0.0361797,0.000112784
123.439,0.770779,-0.036178,0.000112771
123.448,0.770458,-0.0361764,0.000112758
123.457,0.770136,-0.0361748,0.000112745
123.466,0.769815,-0.0361732,0.000112733
123.475,0.769494,-0.0361715,0.00011272
123.484,0.769173,-0.0361699,0.000112707
123.493,0.768852,-0.0361683,0.000112695
123.502,0.768531,-0.0361667,0.000112682
123.51,0.768211,-0.0361651,0.000112669
123.519,0.767891,-0.0361634,0.000112656
123.528,0.767571,-0.0361618,0.000112644
123.537,0.767251,-0.0361602,0.000112631
123.546,0.766931,-0.0361586,0.000112618
123.555,0.766611,-0.036157,0.000112606
123.564,0.766291,-0.0361553,0.000112593
123.572,0.765972,-0.0361537,0.00011258
123.581,0.765653,-0.0361521,0.000112568
123.59,0.765334,-0.0361505,0.000112555
123.599,0.765015,-0.0361489,0.000112542
123.608,0.764696,-0.0361473,0.00011253
123.617,0.764378,-0.0361457,0.000112517
123.625,0.764059,-0.036144,0.000112504
123.634,0.763741,-0.0361424,0.000112492
123.643,0.763423,-0.0361408,0.000112479
123.652,0.763105,-0.0361392,0.000112466
123.661,0.762787,-0.0361376,0.000112454
123.669,0.762469,-0.036136,0.000112441
123.678,0.762152,-0.0361344,0.000112428
123.687,0.761835,-0.0361328,0.000112416
123.696,0.761517,-0.0361311,0.000112403
123.704,0.7612,-0.0361295,0.00011239
123.713,0.760884,-0.0361279,0.000112378
123.722,0.760567,-0.0361263,0.000112365
123.731,0.76025,-0.0361247,0.000112353
123.74,0.759934,-0.0361231,0.00011234
123.748,0.759618,-0.0361215,0.000112327
123.757,0.759302,-0.0361199,0.000112315
123.766,0.758986,-0.0361183,0.000112302
123.774,0.75867,-0.0361167,0.000112289
123.783,0.758354,-0.0361151,0.000112277
123.792,0.758039,-0.0361135,0.000112264
123.801,0.757723,-0.0361119,0.000112252
123.809,0.757408,-0.0361102,0.000112239
123.818,0.757093,-0.0361086,0.000112226
123.827,0.756778,-0.036107,0.000112214
123.836,0.756464,-0.0361054,0.000112201
123.844,0.756149,-0.0361038,0.000112189
123.853,0.755835,-0.0361022,0.000112176
123.862,0.755521,-0.0361006,0.000112163
123.87,0.755207,-0.036099,0.000112151
123.879,0.754893,-0.0360974,0.000112138
123.888,0.754579,-0.0360958,0.000112126
123.896,0.754265,-0.0360942,0.000112113
123.905,0.753952,-0.0360926,0.0001121
123.914,0.753639,-0.036091,0.000112088
123.923,0.753325,-0.0360894,0.000112075
123.931,0.753012,-0.0360878,0.000112063
123.94,0.752699,-0.0360862,0.00011205
123.949,0.752387,-0.0360846,0.000112038
123.957,0.752074,-0.0360831,0.000112025
123.966,0.751762,-0.0360815,0.000112012
123.975,0.75145,-0.0360799,0.000112
123.983,0.751138,-0.0360783,0.000111987
123.992,0.750826,-0.0360767,0.000111975
124,0.750514,-0.0360751,0.000111962
124.009,0.750202,-0.0360735,0.00011195
124.018,0.749891,-0.0360719,0.000111937
124.026,0.749579,-0.0360703,0.000111925
124.035,0.749268,-0.0360687,0.000111912
124.044,0.748957,-0.0360671,0.000111899
124.052,0.748646,-0.0360655,0.000111887
124.061,0.748336,-0.0360639,0.000111874
124.069,0.748025,-0.0360623,0.000111862
124.078,0.747715,-0.0360608,0.000111849
124.087,0.747404,-0.0360592,0.000111837
124.095,0.747094,-0.0360576,0.000111824
124.104,0.746784,-0.036056,0.000111812
124.112,0.746475,-0.0360544,0.000111799
124.121,0.746165,-0.0360528,0.000111787
124.13,0.745855,-0.0360512,0.000111774
124.138,0.745546,-0.0360496,0.000111762
124.147,0.745237,-0.0360481,0.000111749
124.155,0.744928,-0.0360465,0.000111737
124.164,0.744619,-0.0360449,0.000111724
124.172,0.74431,-0.0360433,0.000111712
124.181,0.744002,-0.0360417,0.000111699
124.19,0.743693,-0.0360401,0.000111687
124.198,0.743385,-0.0360386,0.000111674
124.207,0.743077,-0.036037,0.000111662
124.215,0.742769,-0.0360354,0.000111649
124.224,0.742461,-0.0360338,0.000111637
124.232,0.742153,-0.0360322,0.000111624
124.241,0.741846,-0.0360307,0.000111612
124.249,0.741538,-0.0360291,0.000111599
124.258,0.741231,-0.0360275,0.000111587
124.266,0.740924,-0.0360259,0.000111574
124.275,0.740617,-0.0360243,0.000111562
124.283,0.74031,-0.0360228,0.000111549
124.292,0.740004,-0.0360212,0.000111537
124.301,0.739697,-0.0360196,0.000111524
124.309,0.739391,-0.036018,0.000111512
124.318,0.739085,-0.0360165,0.000111499
124.326,0.738778,-0.0360149,0.000111487
124.335,0.738473,-0.0360133,0.000111474
124.343,0.738167,-0.0360117,0.000111462
124.351,0.737861,-0.0360102,0.00011145
124.36,0.737556,-0.0360086,0.000111437
124.368,0.73725,-0.036007,0.000111425
124.377,0.736945,-0.0360054,0.000111412
124.385,0.73664,-0.0360039,0.0001114
124.394,0.736335,-0.0360023,0.000111387
124.402,0.736031,-0.0360007,0.000111375
124.411,0.735726,-0.0359992,0.000111362
124.419,0.735422,-0.0359976,0.00011135
124.428,0.735117,-0.035996,0.000111338
124.436,0.734813,-0.0359944,0.000111325
124.445,0.734509,-0.0359929,0.000111313
124.453,0.734205,-0.0359913,0.0001113
124.461,0.733902,-0.0359897,0.000111288
124.47,0.733598,-0.0359882,0.000111276
124.478,0.733295,-0.0359866,0.000111263
124.487,0.732992,-0.035985,0.000111251
124.495,0.732688,-0.0359835,0.000111238
124.504,0.732386,-0.0359819,0.000111226
124.512,0.732083,-0.0359803,0.000111213
124.52,0.73178,-0.0359788,0.000111201
124.529,0.731478,-0.0359772,0.000111189
124.537,0.731175,-0.0359757,0.000111176
124.546,0.730873,-0.0359741,0.000111164
124.554,0.730571,-0.0359725,0.000111151
124.562,0.730269,-0.035971,0.000111139
124.571,0.729967,-0.0359694,0.000111127
124.579,0.729666,-0.0359678,0.000111114
124.588,0.729364,-0.0359663,0.000111102
124.596,0.729063,-0.0359647,0.00011109
124.604,0.728761,-0.0359632,0.000111077
124.613,0.72846,-0.0359616,0.000111065
124.621,0.72816,-0.03596,0.000111052
124.629,0.727859,-0.0359585,0.00011104
124.638,0.727558,-0.0359569,0.000111028
124.646,0.727258,-0.0359554,0.000111015
124.655,0.726957,-0.0359538,0.000111003
124.663,0.726657,-0.0359523,0.000110991
124.671,0.726357,-0.0359507,0.000110978
124.68,0.726057,-0.0359491,0.000110966
124.688,0.725757,-0.0359476,0.000110954
124.696,0.725458,-0.035946,0.000110941
124.705,0.725158,-0.0359445,0.000110929
124.713,0.724859,-0.0359429,0.000110916
124.721,0.72456,-0.0359414,0.000110904
124.73,0.724261,-0.0359398,0.000110892
124.738,0.723962,-0.0359383,0.000110879
124.746,0.723663,-0.0359367,0.000110867
124.754,0.723365,-0.0359352,0.000110855
124.763,0.723066,-0.0359336,0.000110842
124.771,0.722768,-0.0359321,0.00011083
124.779,0.72247,-0.0359305,0.000110818
124.788,0.722172,-0.035929,0.000110805
124.796,0.721874,-0.0359274,0.000110793
124.804,0.721576,-0.0359259,0.000110781
124.813,0.721278,-0.0359243,0.000110768
124.821,0.720981,-0.0359228,0.000110756
124.829,0.720684,-0.0359212,0.000110744
124.837,0.720387,-0.0359197,0.000110732
124.846,0.720089,-0.0359181,0.000110719
124.854,0.719793,-0.0359166,0.000110707
124.862,0.719496,-0.035915,0.000110695
124.87,0.719199,-0.0359135,0.000110682
124.879,0.718903,-0.035912,0.00011067
124.887,0.718606,-0.0359104,0.000110658
124.895,0.71831,-0.0359089,0.000110645
124.903,0.718014,-0.0359073,0.000110633
124.912,0.717718,-0.0359058,0.000110621
124.92,0.717423,-0.0359042,0.000110609
124.928,0.717127,-0.0359027,0.000110596
124.936,0.716831,-0.0359012,0.000110584
124.945,0.716536,-0.0358996,0.000110572
124.953,0.716241,-0.0358981,0.000110559
124.961,0.715946,-0.0358965,0.000110547
124.969,0.715651,-0.035895,0.000110535
124.977,0.715356,-0.0358935,0.000110523
124.986,0.715062,-0.0358919,0.00011051
124.994,0.714767,-0.0358904,0.000110498
125.002,0.714473,-0.0358888,0.000110486
125.01,0.714179,-0.0358873,0.000110474
125.018,0.713885,-0.0358858,0.000110461
125.027,0.713591,-0.0358842,0.000110449
125.035,0.713297,-0.0358827,0.000110437
125.043,0.713003,-0.0358812,0.000110425
125.051,0.71271,-0.0358796,0.000110412
125.059,0.712416,-0.0358781,0.0001104
125.068,0.712123,-0.0358766,0.000110388
125.076,0.71183,-0.035875,0.000110376
125.084,0.711537,-0.0358735,0.000110363
125.092,0.711244,-0.035872,0.000110351
125.1,0.710952,-0.0358704,0.000110339
125.108,0.710659,-0.0358689,0.000110327
125.117,0.710367,-0.0358674,0.000110314
125.125,0.710075,-0.0358658,0.000110302
125.133,0.709783,-0.0358643,0.00011029
125.141,0.709491,-0.0358628,0.000110278
125.149,0.709199,-0.0358613,0.000110265
125.157,0.708907,-0.0358597,0.000110253
125.165,0.708616,-0.0358582,0.000110241
125.173,0.708324,-0.0358567,0.000110229
125.182,0.708033,-0.0358551,0.000110217
125.19,0.707742,-0.0358536,0.000110204
125.198,0.707451,-0.0358521,0.000110192
125.206,0.70716,-0.0358506,0.00011018
125.214,0.706869,-0.035849,0.000110168
125.222,0.706579,-0.0358475,0.000110156
125.23,0.706288,-0.035846,0.000110143
125.238,0.705998,-0.0358445,0.000110131
125.246,0.705708,-0.0358429,0.000110119
125.255,0.705418,-0.0358414,0.000110107
125.263,0.705128,-0.0358399,0.000110095
125.271,0.704838,-0.0358384,0.000110082
125.279,0.704549,-0.0358369,0.00011007
125.287,0.704259,-0.0358353,0.000110058
125.295,0.70397,-0.0358338,0.000110046
125.303,0.703681,-0.0358323,0.000110034
125.311,0.703392,-0.0358308,0.000110022
125.319,0.703103,-0.0358293,0.000110009
125.327,0.702814,-0.0358277,0.000109997
125.335,0.702525,-0.0358262,0.000109985
125.343,0.702237,-0.0358247,0.000109973
125.351,0.701948,-0.0358232,0.000109961
125.359,0.70166,-0.0358217,0.000109949
125.367,0.701372,-0.0358201,0.000109936
125.376,0.701084,-0.0358186,0.000109924
125.384,0.700796,-0.0358171,0.000109912
125.392,0.700509,-0.0358156,0.0001099
125.4,0.700221,-0.0358141,0.000109888
125.408,0.699934,-0.0358126,0.000109876
125.416,0.699647,-0.0358111,0.000109864
125.424,0.699359,-0.0358095,0.000109851
125.432,0.699072,-0.035808,0.000109839
125.44,0.698786,-0.0358065,0.000109827
125.448,0.698499,-0.035805,0.000109815
125.456,0.698212,-0.0358035,0.000109803
125.464,0.697926,-0.035802,0.000109791
125.472,0.697639,-0.0358005,0.000109779
125.48,0.697353,-0.035799,0.000109766
125.488,0.697067,-0.0357975,0.000109754
125.496,0.696781,-0.0357959,0.000109742
125.504,0.696495,-0.0357944,0.00010973
125.512,0.69621,-0.0357929,0.000109718
125.52,0.695924,-0.0357914,0.000109706
125.528,0.695639,-0.0357899,0.000109694
125.536,0.695354,-0.0357884,0.000109682
125.544,0.695069,-0.0357869,0.00010967
125.551,0.694784,-0.0357854,0.000109657
125.559,0.694499,-0.0357839,0.000109645
125.567,0.694214,-0.0357824,0.000109633
125.575,0.69393,-0.0357809,0.000109621
125.583,0.693645,-0.0357794,0.000109609
125.591,0.693361,-0.0357779,0.000109597
125.599,0.693077,-0.0357764,0.000109585
125.607,0.692793,-0.0357749,0.000109573
125.615,0.692509,-0.0357734,0.000109561
125.623,0.692225,-0.0357719,0.000109549
125.631,0.691941,-0.0357704,0.000109536
125.639,0.691658,-0.0357689,0.000109524
125.647,0.691374,-0.0357674,0.000109512
125.655,0.691091,-0.0357659,0.0001095
125.663,0.690808,-0.0357644,0.000109488
125.671,0.690525,-0.0357629,0.000109476
125.678,0.690242,-0.0357614,0.000109464
125.686,0.68996,-0.0357599,0.000109452
125.694,0.689677,-0.0357584,0.00010944
125.702,0.689395,-0.0357569,0.000109428
125.71,0.689112,-0.0357554,0.000109416
125.718,0.68883,-0.0357539,0.000109404
125.726,0.688548,-0.0357524,0.000109392
125.734,0.688266,-0.0357509,0.00010938
125.742,0.687985,-0.0357494,0.000109368
125.749,0.687703,-0.0357479,0.000109356
125.757,0.687422,-0.0357464,0.000109343
125.765,0.68714,-0.0357449,0.000109331
125.773,0.686859,-0.0357434,0.000109319
125.781,0.686578,-0.0357419,0.000109307
125.789,0.686297,-0.0357404,0.000109295
125.797,0.686016,-0.0357389,0.000109283
125.805,0.685735,-0.0357374,0.000109271
125.812,0.685455,-0.0357359,0.000109259
125.82,0.685174,-0.0357345,0.000109247
125.828,0.684894,-0.035733,0.000109235
125.836,0.684614,-0.0357315,0.000109223
125.844,0.684334,-0.03573,0.000109211
125.852,0.684054,-0.0357285,0.000109199
125.859,0.683774,-0.035727,0.000109187
125.867,0.683494,-0.0357255,0.000109175
125.875,0.683215,-0.035724,0.000109163
125.883,0.682936,-0.0357226,0.000109151
125.891,0.682656,-0.0357211,0.000109139
125.898,0.682377,-0.0357196,0.000109127
125.906,0.682098,-0.0357181,0.000109115
125.914,0.681819,-0.0357166,0.000109103
125.922,0.681541,-0.0357151,0.000109091
125.93,0.681262,-0.0357136,0.000109079
125.938,0.680984,-0.0357122,0.000109067
125.945,0.680705,-0.0357107,0.000109055
125.953,0.680427,-0.0357092,0.000109043
125.961,0.680149,-0.0357077,0.000109031
125.969,0.679871,-0.0357062,0.000109019
125.976,0.679593,-0.0357047,0.000109007
125.984,0.679315,-0.0357033,0.000108995
125.992,0.679038,-0.0357018,0.000108983
126,0.678761,-0.0357003,0.000108971
126.008,0.678483,-0.0356988,0.000108959
126.015,0.678206,-0.0356973,0.000108947
126.023,0.677929,-0.0356959,0.000108935
126.031,0.677652,-0.0356944,0.000108923
126.039,0.677375,-0.0356929,0.000108911
126.046,0.677099,-0.0356914,0.000108899
126.054,0.676822,-0.03569,0.000108887
126.062,0.676546,-0.0356885,0.000108875
126.07,0.67627,-0.035687,0.000108864
126.077,0.675993,-0.0356855,0.000108852
126.085,0.675717,-0.035684,0.00010884
126.093,0.675442,-0.0356826,0.000108828
126.1,0.675166,-0.0356811,0.000108816
126.108,0.67489,-0.0356796,0.000108804
126.116,0.674615,-0.0356782,0.000108792
126.124,0.674339,-0.0356767,0.00010878
126.131,0.674064,-0.0356752,0.000108768
126.139,0.673789,-0.0356737,0.000108756
126.147,0.673514,-0.0356723,0.000108744
126.155,0.673239,-0.0356708,0.000108732
126.162,0.672964,-0.0356693,0.00010872
126.17,0.67269,-0.0356678,0.000108708
126.178,0.672415,-0.0356664,0.000108696
126.185,0.672141,-0.0356649,0.000108684
126.193,0.671867,-0.0356634,0.000108673
126.201,0.671593,-0.035662,0.000108661
126.208,0.671319,-0.0356605,0.000108649
126.216,0.671045,-0.035659,0.000108637
126.224,0.670771,-0.0356576,0.000108625
126.231,0.670498,-0.0356561,0.000108613
126.239,0.670224,-0.0356546,0.000108601
126.247,0.669951,-0.0356532,0.000108589
126.254,0.669678,-0.0356517,0.000108577
126.262,0.669405,-0.0356502,0.000108565
126.27,0.669132,-0.0356488,0.000108553
126.277,0.668859,-0.0356473,0.000108542
126.285,0.668586,-0.0356458,0.00010853
126.293,0.668314,-0.0356444,0.000108518
126.3,0.668041,-0.0356429,0.000108506
126.308,0.667769,-0.0356415,0.000108494
126.316,0.667497,-0.03564,0.000108482
126.323,0.667225,-0.0356385,0.00010847
126.331,0.666953,-0.0356371,0.000108458
126.338,0.666681,-0.0356356,0.000108446
126.346,0.666409,-0.0356342,0.000108435
126.354,0.666138,-0.0356327,0.000108423
126.361,0.665866,-0.0356312,0.000108411
126.369,0.665595,-0.0356298,0.000108399
126.377,0.665324,-0.0356283,0.000108387
126.384,0.665053,-0.0356269,0.000108375
126.392,0.664782,-0.0356254,0.000108363
126.399,0.664511,-0.0356239,0.000108352
126.407,0.664241,-0.0356225,0.00010834
126.415,0.66397,-0.035621,0.000108328
126.422,0.6637,-0.0356196,0.000108316
126.43,0.663429,-0.0356181,0.000108304
126.437,0.663159,-0.0356167,0.000108292
126.445,0.662889,-0.0356152,0.00010828
126.452,0.662619,-0.0356138,0.000108269
126.46,0.662349,-0.0356123,0.000108257
126.468,0.66208,-0.0356108,0.000108245
126.475,0.66181,-0.0356094,0.000108233
126.483,0.661541,-0.0356079,0.000108221
126.49,0.661272,-0.0356065,0.000108209
126.498,0.661002,-0.035605,0.000108198
126.505,0.660733,-0.0356036,0.000108186
126.513,0.660464,-0.0356021,0.000108174
126.521,0.660196,-0.0356007,0.000108162
126.528,0.659927,-0.0355992,0.00010815
126.536,0.659658,-0.0355978,0.000108138
126.543,0.65939,-0.0355963,0.000108127
126.551,0.659122,-0.0355949,0.000108115
126.558,0.658854,-0.0355934,0.000108103
126.566,0.658585,-0.035592,0.000108091
126.573,0.658318,-0.0355906,0.000108079
126.581,0.65805,-0.0355891,0.000108068
126.588,0.657782,-0.0355877,0.000108056
126.596,0.657515,-0.0355862,0.000108044
126.603,0.657247,-0.0355848,0.000108032
126.611,0.65698,-0.0355833,0.00010802
126.618,0.656713,-0.0355819,0.000108009
126.626,0.656446,-0.0355804,0.000107997
126.633,0.656179,-0.035579,0.000107985
126.641,0.655912,-0.0355775,0.000107973
126.648,0.655645,-0.0355761,0.000107961
126.656,0.655379,-0.0355747,0.00010795
126.663,0.655112,-0.0355732,0.000107938
126.671,0.654846,-0.0355718,0.000107926
126.678,0.65458,-0.0355703,0.000107914
126.686,0.654314,-0.0355689,0.000107902
126.693,0.654048,-0.0355675,0.000107891
126.701,0.653782,-0.035566,0.000107879
126.708,0.653516,-0.0355646,0.000107867
126.716,0.653251,-0.0355631,0.000107855
126.723,0.652985,-0.0355617,0.000107844
126.731,0.65272,-0.0355603,0.000107832
126.738,0.652455,-0.0355588,0.00010782
126.746,0.652189,-0.0355574,0.000107808
126.753,0.651924,-0.035556,0.000107797
126.76,0.65166,-0.0355545,0.000107785
126.768,0.651395,-0.0355531,0.000107773
126.775,0.65113,-0.0355516,0.000107761
126.783,0.650866,-0.0355502,0.000107749
126.79,0.650601,-0.0355488,0.000107738
126.798,0.650337,-0.0355473,0.000107726
126.805,0.650073,-0.0355459,0.000107714
126.813,0.649809,-0.0355445,0.000107703
126.82,0.649545,-0.035543,0.000107691
126.827,0.649282,-0.0355416,0.000107679
126.835,0.649018,-0.0355402,0.000107667
126.842,0.648754,-0.0355388,0.000107656
126.85,0.648491,-0.0355373,0.000107644
126.857,0.648228,-0.0355359,0.000107632
126.864,0.647964,-0.0355345,0.00010762
126.872,0.647701,-0.035533,0.000107609
126.879,0.647439,-0.0355316,0.000107597
126.887,0.647176,-0.0355302,0.000107585
126.894,0.646913,-0.0355287,0.000107573
126.901,0.646651,-0.0355273,0.000107562
126.909,0.646388,-0.0355259,0.00010755
126.916,0.646126,-0.0355245,0.000107538
126.924,0.645864,-0.035523,0.000107527
126.931,0.645602,-0.0355216,0.000107515
126.938,0.64534,-0.0355202,0.000107503
126.946,0.645078,-0.0355188,0.000107491
126.953,0.644816,-0.0355173,0.00010748
126.96,0.644554,-0.0355159,0.000107468
126.968,0.644293,-0.0355145,0.000107456
126.975,0.644032,-0.0355131,0.000107445
126.982,0.64377,-0.0355116,0.000107433
126.99,0.643509,-0.0355102,0.000107421
126.997,0.643248,-0.0355088,0.00010741
127.005,0.642987,-0.0355074,0.000107398
127.012,0.642727,-0.035506,0.000107386
127.019,0.642466,-0.0355045,0.000107375
127.027,0.642206,-0.0355031,0.000107363
127.034,0.641945,-0.0355017,0.000107351
127.041,0.641685,-0.0355003,0.00010734
127.049,0.641425,-0.0354989,0.000107328
127.056,0.641165,-0.0354974,0.000107316
127.063,0.640905,-0.035496,0.000107304
127.071,0.640645,-0.0354946,0.000107293
127.078,0.640385,-0.0354932,0.000107281
127.085,0.640126,-0.0354918,0.000107269
127.092,0.639866,-0.0354903,0.000107258
127.1,0.639607,-0.0354889,0.000107246
127.107,0.639348,-0.0354875,0.000107235
127.114,0.639089,-0.0354861,0.000107223
127.122,0.63883,-0.0354847,0.000107211
127.129,0.638571,-0.0354833,0.0001072
127.136,0.638312,-0.0354819,0.000107188
127.144,0.638054,-0.0354804,0.000107176
127.151,0.637795,-0.035479,0.000107165
127.158,0.637537,-0.0354776,0.000107153
127.165,0.637278,-0.0354762,0.000107141
127.173,0.63702,-0.0354748,0.00010713
127.18,0.636762,-0.0354734,0.000107118
127.187,0.636504,-0.035472,0.000107106
127.194,0.636247,-0.0354706,0.000107095
127.202,0.635989,-0.0354692,0.000107083
127.209,0.635731,-0.0354677,0.000107072
127.216,0.635474,-0.0354663,0.00010706
127.224,0.635217,-0.0354649,0.000107048
127.231,0.634959,-0.0354635,0.000107037
127.238,0.634702,-0.0354621,0.000107025
127.245,0.634445,-0.0354607,0.000107013
127.253,0.634188,-0.0354593,0.000107002
127.26,0.633932,-0.0354579,0.00010699
127.267,0.633675,-0.0354565,0.000106979
127.274,0.633419,-0.0354551,0.000106967
127.281,0.633162,-0.0354537,0.000106955
127.289,0.632906,-0.0354523,0.000106944
127.296,0.63265,-0.0354509,0.000106932
127.303,0.632394,-0.0354495,0.000106921
127.31,0.632138,-0.0354481,0.000106909
127.318,0.631882,-0.0354467,0.000106897
127.325,0.631626,-0.0354452,0.000106886
127.332,0.631371,-0.0354438,0.000106874
127.339,0.631115,-0.0354424,0.000106863
127.346,0.63086,-0.035441,0.000106851
127.354,0.630605,-0.0354396,0.000106839
127.361,0.63035,-0.0354382,0.000106828
127.368,0.630094,-0.0354368,0.000106816
127.375,0.62984,-0.0354354,0.000106805
127.382,0.629585,-0.035434,0.000106793
127.39,0.62933,-0.0354326,0.000106781
127.397,0.629076,-0.0354312,0.00010677
127.404,0.628821,-0.0354298,0.000106758
127.411,0.628567,-0.0354284,0.000106747
127.418,0.628313,-0.0354271,0.000106735
127.425,0.628059,-0.0354257,0.000106724
127.433,0.627805,-0.0354243,0.000106712
127.44,0.627551,-0.0354229,0.0001067
127.447,0.627297,-0.0354215,0.000106689
127.454,0.627043,-0.0354201,0.000106677
127.461,0.62679,-0.0354187,0.000106666
127.468,0.626537,-0.0354173,0.000106654
127.476,0.626283,-0.0354159,0.000106643
127.483,0.62603,-0.0354145,0.000106631
127.49,0.625777,-0.0354131,0.00010662
127.497,0.625524,-0.0354117,0.000106608
127.504,0.625271,-0.0354103,0.000106596
127.511,0.625019,-0.0354089,0.000106585
127.518,0.624766,-0.0354075,0.000106573
127.526,0.624514,-0.0354061,0.000106562
127.533,0.624261,-0.0354048,0.00010655
127.54,0.624009,-0.0354034,0.000106539
127.547,0.623757,-0.035402,0.000106527
127.554,0.623505,-0.0354006,0.000106516
127.561,0.623253,-0.0353992,0.000106504
127.568,0.623001,-0.0353978,0.000106493
127.575,0.62275,-0.0353964,0.000106481
127.582,0.622498,-0.035395,0.00010647
127.59,0.622247,-0.0353936,0.000106458
127.597,0.621995,-0.0353923,0.000106447
127.604,0.621744,-0.0353909,0.000106435
127.611,0.621493,-0.0353895,0.000106423
127.618,0.621242,-0.0353881,0.000106412
127.625,0.620991,-0.0353867,0.0001064
127.632,0.62074,-0.0353853,0.000106389
127.639,0.62049,-0.0353839,0.000106377
127.646,0.620239,-0.0353826,0.000106366
127.653,0.619989,-0.0353812,0.000106354
127.66,0.619738,-0.0353798,0.000106343
127.668,0.619488,-0.0353784,0.000106331
127.675,0.619238,-0.035377,0.00010632
127.682,0.618988,-0.0353757,0.000106308
127.689,0.618738,-0.0353743,0.000106297
127.696,0.618488,-0.0353729,0.000106285
127.703,0.618239,-0.0353715,0.000106274
127.71,0.617989,-0.0353701,0.000106262
127.717,0.61774,-0.0353688,0.000106251
127.724,0.617491,-0.0353674,0.000106239
127.731,0.617241,-0.035366,0.000106228
127.738,0.616992,-0.0353646,0.000106217
127.745,0.616743,-0.0353632,0.000106205
127.752,0.616494,-0.0353619,0.000106194
127.759,0.616246,-0.0353605,0.000106182
127.766,0.615997,-0.0353591,0.000106171
127.773,0.615748,-0.0353577,0.000106159
127.78,0.6155,-0.0353564,0.000106148
127.787,0.615252,-0.035355,0.000106136
127.794,0.615004,-0.0353536,0.000106125
127.801,0.614756,-0.0353522,0.000106113
127.808,0.614508,-0.0353509,0.000106102
127.815,0.61426,-0.0353495,0.00010609
127.822,0.614012,-0.0353481,0.000106079
127.829,0.613764,-0.0353467,0.000106067
127.836,0.613517,-0.0353454,0.000106056
127.843,0.613269,-0.035344,0.000106045
127.85,0.613022,-0.0353426,0.000106033
127.857,0.612775,-0.0353412,0.000106022
127.864,0.612528,-0.0353399,0.00010601
127.871,0.612281,-0.0353385,0.000105999
127.878,0.612034,-0.0353371,0.000105987
127.885,0.611787,-0.0353358,0.000105976
127.892,0.611541,-0.0353344,0.000105964
127.899,0.611294,-0.035333,0.000105953
127.906,0.611048,-0.0353317,0.000105942
127.913,0.610801,-0.0353303,0.00010593
127.92,0.610555,-0.0353289,0.000105919
127.927,0.610309,-0.0353276,0.000105907
127.934,0.610063,-0.0353262,0.000105896
127.941,0.609817,-0.0353248,0.000105884
127.948,0.609572,-0.0353235,0.000105873
127.955,0.609326,-0.0353221,0.000105862
127.962,0.60908,-0.0353207,0.00010585
127.969,0.608835,-0.0353194,0.000105839
127.976,0.60859,-0.035318,0.000105827
127.983,0.608344,-0.0353166,0.000105816
127.99,0.608099,-0.0353153,0.000105805
127.997,0.607854,-0.0353139,0.000105793
128.004,0.607609,-0.0353126,0.000105782
128.011,0.607365,-0.0353112,0.00010577
128.017,0.60712,-0.0353098,0.000105759
128.024,0.606875,-0.0353085,0.000105748
128.031,0.606631,-0.0353071,0.000105736
128.038,0.606387,-0.0353057,0.000105725
128.045,0.606142,-0.0353044,0.000105713
128.052,0.605898,-0.035303,0.000105702
128.059,0.605654,-0.0353017,0.000105691
128.066,0.60541,-0.0353003,0.000105679
128.073,0.605167,-0.035299,0.000105668
128.08,0.604923,-0.0352976,0.000105656
128.087,0.604679,-0.0352962,0.000105645
128.094,0.604436,-0.0352949,0.000105634
128.1,0.604193,-0.0352935,0.000105622
128.107,0.603949,-0.0352922,0.000105611
128.114,0.603706,-0.0352908,0.000105599
128.121,0.603463,-0.0352895,0.000105588
128.128,0.60322,-0.0352881,0.000105577
128.135,0.602977,-0.0352867,0.000105565
128.142,0.602735,-0.0352854,0.000105554
128.149,0.602492,-0.035284,0.000105543
128.155,0.60225,-0.0352827,0.000105531
128.162,0.602007,-0.0352813,0.00010552
128.169,0.601765,-0.03528,0.000105509
128.176,0.601523,-0.0352786,0.000105497
128.183,0.601281,-0.0352773,0.000105486
128.19,0.601039,-0.0352759,0.000105474
128.197,0.600797,-0.0352746,0.000105463
128.203,0.600555,-0.0352732,0.000105452
128.21,0.600314,-0.0352719,0.00010544
128.217,0.600072,-0.0352705,0.000105429
128.224,0.599831,-0.0352692,0.000105418
128.231,0.599589,-0.0352678,0.000105406
128.238,0.599348,-0.0352665,0.000105395
128.245,0.599107,-0.0352651,0.000105384
128.251,0.598866,-0.0352638,0.000105372
128.258,0.598625,-0.0352624,0.000105361
128.265,0.598384,-0.0352611,0.00010535
128.272,0.598144,-0.0352597,0.000105338
128.279,0.597903,-0.0352584,0.000105327
128.286,0.597663,-0.0352571,0.000105316
128.292,0.597422,-0.0352557,0.000105304
128.299,0.597182,-0.0352544,0.000105293
128.306,0.596942,-0.035253,0.000105282
128.313,0.596702,-0.0352517,0.00010527
128.32,0.596462,-0.0352503,0.000105259
128.326,0.596222,-0.035249,0.000105248
128.333,0.595983,-0.0352476,0.000105237
128.34,0.595743,-0.0352463,0.000105225
128.347,0.595504,-0.035245,0.000105214
128.354,0.595264,-0.0352436,0.000105203
128.36,0.595025,-0.0352423,0.000105191
128.367,0.594786,-0.0352409,0.00010518
128.374,0.594547,-0.0352396,0.000105169
128.381,0.594308,-0.0352383,0.000105157
128.387,0.594069,-0.0352369,0.000105146
128.394,0.59383,-0.0352356,0.000105135
128.401,0.593591,-0.0352342,0.000105123
128.408,0.593353,-0.0352329,0.000105112
128.415,0.593115,-0.0352316,0.000105101
128.421,0.592876,-0.0352302,0.00010509
128.428,0.592638,-0.0352289,0.000105078
128.435,0.5924,-0.0352276,0.000105067
128.442,0.592162,-0.0352262,0.000105056
128.448,0.591924,-0.0352249,0.000105044
128.455,0.591686,-0.0352236,0.000105033
128.462,0.591448,-0.0352222,0.000105022
128.469,0.591211,-0.0352209,0.000105011
128.475,0.590973,-0.0352195,0.000104999
128.482,0.590736,-0.0352182,0.000104988
128.489,0.590499,-0.0352169,0.000104977
128.496,0.590261,-0.0352155,0.000104966
128.502,0.590024,-0.0352142,0.000104954
128.509,0.589787,-0.0352129,0.000104943
128.516,0.589551,-0.0352116,0.000104932
128.522,0.589314,-0.0352102,0.000104921
128.529,0.589077,-0.0352089,0.000104909
128.536,0.588841,-0.0352076,0.000104898
128.543,0.588604,-0.0352062,0.000104887
128.549,0.588368,-0.0352049,0.000104875
128.556,0.588132,-0.0352036,0.000104864
128.563,0.587895,-0.0352022,0.000104853
128.569,0.587659,-0.0352009,0.000104842
128.576,0.587423,-0.0351996,0.00010483
128.583,0.587188,-0.0351983,0.000104819
128.59,0.586952,-0.0351969,0.000104808
128.596,0.586716,-0.0351956,0.000104797
128.603,0.586481,-0.0351943,0.000104786
128.61,0.586245,-0.035193,0.000104774
128.616,0.58601,-0.0351916,0.000104763
128.623,0.585775,-0.0351903,0.000104752
128.63,0.58554,-0.035189,0.000104741
128.636,0.585305,-0.0351877,0.000104729
128.643,0.58507,-0.0351863,0.000104718
128.65,0.584835,-0.035185,0.000104707
128.656,0.5846,-0.0351837,0.000104696
128.663,0.584366,-0.0351824,0.000104684
128.67,0.584131,-0.035181,0.000104673
128.676,0.583897,-0.0351797,0.000104662
128.683,0.583663,-0.0351784,0.000104651
128.69,0.583428,-0.0351771,0.00010464
128.696,0.583194,-0.0351758,0.000104628
128.703,0.58296,-0.0351744,0.000104617
128.71,0.582726,-0.0351731,0.000104606
128.716,0.582493,-0.0351718,0.000104595
128.723,0.582259,-0.0351705,0.000104584
128.73,0.582026,-0.0351692,0.000104572
128.736,0.581792,-0.0351678,0.000104561
128.743,0.581559,-0.0351665,0.00010455
128.749,0.581325,-0.0351652,0.000104539
128.756,0.581092,-0.0351639,0.000104528
128.763,0.580859,-0.0351626,0.000104516
128.769,0.580626,-0.0351613,0.000104505
128.776,0.580393,-0.0351599,0.000104494
128.783,0.580161,-0.0351586,0.000104483
128.789,0.579928,-0.0351573,0.000104472
128.796,0.579696,-0.035156,0.00010446
128.802,0.579463,-0.0351547,0.000104449
128.809,0.579231,-0.0351534,0.000104438
128.816,0.578999,-0.0351521,0.000104427
128.822,0.578766,-0.0351507,0.000104416
128.829,0.578534,-0.0351494,0.000104405
128.835,0.578303,-0.0351481,0.000104393
128.842,0.578071,-0.0351468,0.000104382
128.849,0.577839,-0.0351455,0.000104371
128.855,0.577607,-0.0351442,0.00010436
128.862,0.577376,-0.0351429,0.000104349
128.868,0.577144,-0.0351416,0.000104337
128.875,0.576913,-0.0351403,0.000104326
128.882,0.576682,-0.0351389,0.000104315
128.888,0.576451,-0.0351376,0.000104304
128.895,0.57622,-0.0351363,0.000104293
128.901,0.575989,-0.035135,0.000104282
128.908,0.575758,-0.0351337,0.000104271
128.914,0.575527,-0.0351324,0.000104259
128.921,0.575297,-0.0351311,0.000104248
128.928,0.575066,-0.0351298,0.000104237
128.934,0.574836,-0.0351285,0.000104226
128.941,0.574605,-0.0351272,0.000104215
128.947,0.574375,-0.0351259,0.000104204
128.954,0.574145,-0.0351246,0.000104193
128.96,0.573915,-0.0351233,0.000104181
128.967,0.573685,-0.035122,0.00010417
128.973,0.573455,-0.0351207,0.000104159
128.98,0.573226,-0.0351194,0.000104148
128.987,0.572996,-0.035118,0.000104137
128.993,0.572767,-0.0351167,0.000104126
129,0.572537,-0.0351154,0.000104115
129.006,0.572308,-0.0351141,0.000104103
129.013,0.572079,-0.0351128,0.000104092
129.019,0.57185,-0.0351115,0.000104081
129.026,0.571621,-0.0351102,0.00010407
129.032,0.571392,-0.0351089,0.000104059
129.039,0.571163,-0.0351076,0.000104048
129.045,0.570934,-0.0351063,0.000104037
129.052,0.570706,-0.035105,0.000104026
129.058,0.570477,-0.0351037,0.000104014
129.065,0.570249,-0.0351024,0.000104003
129.071,0.57002,-0.0351011,0.000103992
129.078,0.569792,-0.0350998,0.000103981
129.084,0.569564,-0.0350986,0.00010397
129.091,0.569336,-0.0350973,0.000103959
129.097,0.569108,-0.035096,0.000103948
129.104,0.56888,-0.0350947,0.000103937
129.11,0.568652,-0.0350934,0.000103926
129.117,0.568425,-0.0350921,0.000103915
129.123,0.568197,-0.0350908,0.000103903
129.13,0.56797,-0.0350895,0.000103892
129.136,0.567743,-0.0350882,0.000103881
129.143,0.567515,-0.0350869,0.00010387
129.149,0.567288,-0.0350856,0.000103859
129.156,0.567061,-0.0350843,0.000103848
129.162,0.566834,-0.035083,0.000103837
129.169,0.566607,-0.0350817,0.000103826
129.175,0.566381,-0.0350804,0.000103815
129.181,0.566154,-0.0350791,0.000103804
129.188,0.565928,-0.0350779,0.000103793
129.194,0.565701,-0.0350766,0.000103782
129.201,0.565475,-0.0350753,0.00010377
129.207,0.565249,-0.035074,0.000103759
129.214,0.565022,-0.0350727,0.000103748
129.22,0.564796,-0.0350714,0.000103737
129.227,0.56457,-0.0350701,0.000103726
129.233,0.564345,-0.0350688,0.000103715
129.239,0.564119,-0.0350675,0.000103704
129.246,0.563893,-0.0350663,0.000103693
129.252,0.563668,-0.035065,0.000103682
129.259,0.563442,-0.0350637,0.000103671
129.265,0.563217,-0.0350624,0.00010366
129.272,0.562992,-0.0350611,0.000103649
129.278,0.562766,-0.0350598,0.000103638
129.284,0.562541,-0.0350585,0.000103627
129.291,0.562316,-0.0350573,0.000103616
129.297,0.562091,-0.035056,0.000103605
129.304,0.561867,-0.0350547,0.000103594
129.31,0.561642,-0.0350534,0.000103582
129.317,0.561417,-0.0350521,0.000103571
129.323,0.561193,-0.0350508,0.00010356
129.329,0.560968,-0.0350496,0.000103549
129.336,0.560744,-0.0350483,0.000103538
129.342,0.56052,-0.035047,0.000103527
129.349,0.560296,-0.0350457,0.000103516
129.355,0.560072,-0.0350444,0.000103505
129.361,0.559848,-0.0350432,0.000103494
129.368,0.559624,-0.0350419,0.000103483
129.374,0.5594,-0.0350406,0.000103472
129.38,0.559177,-0.0350393,0.000103461
129.387,0.558953,-0.035038,0.00010345
129.393,0.55873,-0.0350368,0.000103439
129.4,0.558506,-0.0350355,0.000103428
129.406,0.558283,-0.0350342,0.000103417
129.412,0.55806,-0.0350329,0.000103406
129.419,0.557837,-0.0350317,0.000103395
129.425,0.557614,-0.0350304,0.000103384
129.431,0.557391,-0.0350291,0.000103373
129.438,0.557169,-0.0350278,0.000103362
129.444,0.556946,-0.0350266,0.000103351
129.451,0.556723,-0.0350253,0.00010334
129.457,0.556501,-0.035024,0.000103329
129.463,0.556279,-0.0350227,0.000103318
129.47,0.556056,-0.0350215,0.000103307
129.476,0.555834,-0.0350202,0.000103296
129.482,0.555612,-0.0350189,0.000103285
129.489,0.55539,-0.0350176,0.000103274
129.495,0.555168,-0.0350164,0.000103263
129.501,0.554946,-0.0350151,0.000103252
129.508,0.554725,-0.0350138,0.000103241
129.514,0.554503,-0.0350126,0.00010323
129.52,0.554281,-0.0350113,0.000103219
129.527,0.55406,-0.03501,0.000103208
129.533,0.553839,-0.0350087,0.000103197
129.539,0.553617,-0.0350075,0.000103186
129.546,0.553396,-0.0350062,0.000103175
129.552,0.553175,-0.0350049,0.000103164
129.558,0.552954,-0.0350037,0.000103153
129.564,0.552733,-0.0350024,0.000103142
129.571,0.552513,-0.0350011,0.000103131
129.577,0.552292,-0.0349999,0.00010312
129.583,0.552072,-0.0349986,0.000103109
129.59,0.551851,-0.0349973,0.000103098
129.596,0.551631,-0.0349961,0.000103087
129.602,0.55141,-0.0349948,0.000103076
129.609,0.55119,-0.0349935,0.000103065
129.615,0.55097,-0.0349923,0.000103054
129.621,0.55075,-0.034991,0.000103044
129.627,0.55053,-0.0349898,0.000103033
129.634,0.55031,-0.0349885,0.000103022
129.64,0.550091,-0.0349872,0.000103011
129.646,0.549871,-0.034986,0.000103
129.653,0.549652,-0.0349847,0.000102989
129.659,0.549432,-0.0349834,0.000102978
129.665,0.549213,-0.0349822,0.000102967
129.671,0.548994,-0.0349809,0.000102956
129.678,0.548774,-0.0349797,0.000102945
129.684,0.548555,-0.0349784,0.000102934
129.69,0.548336,-0.0349771,0.000102923
129.696,0.548117,-0.0349759,0.000102912
129.703,0.547899,-0.0349746,0.000102901
129.709,0.54768,-0.0349734,0.00010289
129.715,0.547461,-0.0349721,0.000102879
129.721,0.547243,-0.0349708,0.000102868
129.728,0.547024,-0.0349696,0.000102857
129.734,0.546806,-0.0349683,0.000102847
129.74,0.546588,-0.0349671,0.000102836
129.746,0.54637,-0.0349658,0.000102825
129.753,0.546152,-0.0349646,0.000102814
129.759,0.545934,-0.0349633,0.000102803
129.765,0.545716,-0.0349621,0.000102792
129.771,0.545498,-0.0349608,0.000102781
129.778,0.545281,-0.0349595,0.00010277
129.784,0.545063,-0.0349583,0.000102759
129.79,0.544845,-0.034957,0.000102748
129.796,0.544628,-0.0349558,0.000102737
129.802,0.544411,-0.0349545,0.000102726
129.809,0.544194,-0.0349533,0.000102716
129.815,0.543976,-0.034952,0.000102705
129.821,0.543759,-0.0349508,0.000102694
129.827,0.543542,-0.0349495,0.000102683
129.833,0.543326,-0.0349483,0.000102672
129.84,0.543109,-0.034947,0.000102661
129.846,0.542892,-0.0349458,0.00010265
129.852,0.542676,-0.0349445,0.000102639
129.858,0.542459,-0.0349433,0.000102628
129.864,0.542243,-0.034942,0.000102617
129.871,0.542027,-0.0349408,0.000102607
129.877,0.54181,-0.0349395,0.000102596
129.883,0.541594,-0.0349383,0.000102585
129.889,0.541378,-0.034937,0.000102574
129.895,0.541162,-0.0349358,0.000102563
129.902,0.540947,-0.0349345,0.000102552
129.908,0.540731,-0.0349333,0.000102541
129.914,0.540515,-0.034932,0.00010253
129.92,0.5403,-0.0349308,0.000102519
129.926,0.540084,-0.0349296,0.000102509
129.932,0.539869,-0.0349283,0.000102498
129.939,0.539654,-0.0349271,0.000102487
129.945,0.539438,-0.0349258,0.000102476
129.951,0.539223,-0.0349246,0.000102465
129.957,0.539008,-0.0349233,0.000102454
129.963,0.538793,-0.0349221,0.000102443
129.969,0.538579,-0.0349208,0.000102433
129.975,0.538364,-0.0349196,0.000102422
129.982,0.538149,-0.0349184,0.000102411
129.988,0.537935,-0.0349171,0.0001024
129.994,0.53772,-0.0349159,0.000102389
130,0.537506,-0.0349146,0.000102378
130.006,0.537292,-0.0349134,0.000102367
130.012,0.537077,-0.0349122,0.000102357
130.018,0.536863,-0.0349109,0.000102346
130.025,0.536649,-0.0349097,0.000102335
130.031,0.536435,-0.0349084,0.000102324
130.037,0.536222,-0.0349072,0.000102313
130.043,0.536008,-0.034906,0.000102302
130.049,0.535794,-0.0349047,0.000102291
130.055,0.535581,-0.0349035,0.000102281
130.061,0.535367,-0.0349023,0.00010227
130.067,0.535154,-0.034901,0.000102259
130.074,0.534941,-0.0348998,0.000102248
130.08,0.534727,-0.0348986,0.000102237
130.086,0.534514,-0.0348973,0.000102226
130.092,0.534301,-0.0348961,0.000102216
130.098,0.534088,-0.0348948,0.000102205
130.104,0.533876,-0.0348936,0.000102194
130.11,0.533663,-0.0348924,0.000102183
130.116,0.53345,-0.0348911,0.000102172
130.122,0.533238,-0.0348899,0.000102161
130.128,0.533025,-0.0348887,0.000102151
130.135,0.532813,-0.0348874,0.00010214
130.141,0.5326,-0.0348862,0.000102129
130.147,0.532388,-0.034885,0.000102118
130.153,0.532176,-0.0348838,0.000102107
130.159,0.531964,-0.0348825,0.000102097
130.165,0.531752,-0.0348813,0.000102086
130.171,0.53154,-0.0348801,0.000102075
130.177,0.531329,-0.0348788,0.000102064
130.183,0.531117,-0.0348776,0.000102053
130.189,0.530905,-0.0348764,0.000102043
130.195,0.530694,-0.0348751,0.000102032
130.201,0.530482,-0.0348739,0.000102021
130.207,0.530271,-0.0348727,0.00010201
130.213,0.53006,-0.0348715,0.000101999
130.219,0.529849,-0.0348702,0.000101989
130.226,0.529638,-0.034869,0.000101978
130.232,0.529427,-0.0348678,0.000101967
130.238,0.529216,-0.0348666,0.000101956
130.244,0.529005,-0.0348653,0.000101945
130.25,0.528794,-0.0348641,0.000101935
130.256,0.528584,-0.0348629,0.000101924
130.262,0.528373,-0.0348617,0.000101913
130.268,0.528163,-0.0348604,0.000101902
130.274,0.527953,-0.0348592,0.000101891
130.28,0.527742,-0.034858,0.000101881
130.286,0.527532,-0.0348568,0.00010187
130.292,0.527322,-0.0348555,0.000101859
130.298,0.527112,-0.0348543,0.000101848
130.304,0.526902,-0.0348531,0.000101838
130.31,0.526692,-0.0348519,0.000101827
130.316,0.526483,-0.0348507,0.000101816
130.322,0.526273,-0.0348494,0.000101805
130.328,0.526064,-0.0348482,0.000101794
130.334,0.525854,-0.034847,0.000101784
130.34,0.525645,-0.0348458,0.000101773
130.346,0.525435,-0.0348446,0.000101762
130.352,0.525226,-0.0348433,0.000101751
130.358,0.525017,-0.0348421,0.000101741
130.364,0.524808,-0.0348409,0.00010173
130.37,0.524599,-0.0348397,0.000101719
130.376,0.52439,-0.0348385,0.000101708
130.382,0.524182,-0.0348373,0.000101698
130.388,0.523973,-0.034836,0.000101687
130.394,0.523764,-0.0348348,0.000101676
130.4,0.523556,-0.0348336,0.000101665
130.406,0.523348,-0.0348324,0.000101655
130.412,0.523139,-0.0348312,0.000101644
130.418,0.522931,-0.03483,0.000101633
130.424,0.522723,-0.0348287,0.000101622
130.43,0.522515,-0.0348275,0.000101612
130.436,0.522307,-0.0348263,0.000101601
130.442,0.522099,-0.0348251,0.00010159
130.448,0.521891,-0.0348239,0.000101579
130.454,0.521683,-0.0348227,0.000101569
130.46,0.521476,-0.0348215,0.000101558
130.466,0.521268,-0.0348203,0.000101547
130.472,0.521061,-0.034819,0.000101536
130.478,0.520854,-0.0348178,0.000101526
130.484,0.520646,-0.0348166,0.000101515
130.49,0.520439,-0.0348154,0.000101504
130.495,0.520232,-0.0348142,0.000101494
130.501,0.520025,-0.034813,0.000101483
130.507,0.519818,-0.0348118,0.000101472
130.513,0.519611,-0.0348106,0.000101461
130.519,0.519404,-0.0348094,0.000101451
130.525,0.519198,-0.0348082,0.00010144
130.531,0.518991,-0.034807,0.000101429
130.537,0.518785,-0.0348057,0.000101419
130.543,0.518578,-0.0348045,0.000101408
130.549,0.518372,-0.0348033,0.000101397
130.555,0.518166,-0.0348021,0.000101386
130.561,0.51796,-0.0348009,0.000101376
130.567,0.517754,-0.0347997,0.000101365
130.573,0.517548,-0.0347985,0.000101354
130.579,0.517342,-0.0347973,0.000101344
130.584,0.517136,-0.0347961,0.000101333
130.59,0.51693,-0.0347949,0.000101322
130.596,0.516725,-0.0347937,0.000101311
130.602,0.516519,-0.0347925,0.000101301
130.608,0.516314,-0.0347913,0.00010129
130.614,0.516108,-0.0347901,0.000101279
130.62,0.515903,-0.0347889,0.000101269
130.626,0.515698,-0.0347877,0.000101258
130.632,0.515493,-0.0347865,0.000101247
130.638,0.515288,-0.0347853,0.000101237
130.643,0.515083,-0.0347841,0.000101226
130.649,0.514878,-0.0347829,0.000101215
130.655,0.514673,-0.0347817,0.000101205
130.661,0.514468,-0.0347805,0.000101194
130.667,0.514264,-0.0347793,0.000101183
130.673,0.514059,-0.0347781,0.000101173
130.679,0.513855,-0.0347769,0.000101162
130.685,0.51365,-0.0347757,0.000101151
130.691,0.513446,-0.0347745,0.000101141
130.696,0.513242,-0.0347733,0.00010113
130.702,0.513038,-0.0347721,0.000101119
130.708,0.512834,-0.0347709,0.000101109
130.714,0.51263,-0.0347697,0.000101098
130.72,0.512426,-0.0347685,0.000101087
130.726,0.512222,-0.0347673,0.000101077
130.732,0.512018,-0.0347661,0.000101066
130.737,0.511815,-0.0347649,0.000101055
130.743,0.511611,-0.0347637,0.000101045
130.749,0.511408,-0.0347625,0.000101034
130.755,0.511205,-0.0347614,0.000101023
130.761,0.511001,-0.0347602,0.000101013
130.767,0.510798,-0.034759,0.000101002
130.773,0.510595,-0.0347578,0.000100991
130.778,0.510392,-0.0347566,0.000100981
130.784,0.510189,-0.0347554,0.00010097
130.79,0.509986,-0.0347542,0.000100959
130.796,0.509784,-0.034753,0.000100949
130.802,0.509581,-0.0347518,0.000100938
130.808,0.509378,-0.0347506,0.000100927
130.813,0.509176,-0.0347494,0.000100917
130.819,0.508973,-0.0347482,0.000100906
130.825,0.508771,-0.0347471,0.000100896
130.831,0.508569,-0.0347459,0.000100885
130.837,0.508367,-0.0347447,0.000100874
130.842,0.508165,-0.0347435,0.000100864
130.848,0.507963,-0.0347423,0.000100853
130.854,0.507761,-0.0347411,0.000100842
130.86,0.507559,-0.0347399,0.000100832
130.866,0.507357,-0.0347387,0.000100821
130.872,0.507156,-0.0347376,0.00010081
130.877,0.506954,-0.0347364,0.0001008
130.883,0.506752,-0.0347352,0.000100789
130.889,0.506551,-0.034734,0.000100779
130.895,0.50635,-0.0347328,0.000100768
130.901,0.506148,-0.0347316,0.000100757
130.906,0.505947,-0.0347305,0.000100747
130.912,0.505746,-0.0347293,0.000100736
130.918,0.505545,-0.0347281,0.000100726
130.924,0.505344,-0.0347269,0.000100715
130.929,0.505143,-0.0347257,0.000100704
130.935,0.504943,-0.0347245,0.000100694
130.941,0.504742,-0.0347234,0.000100683
130.947,0.504541,-0.0347222,0.000100672
130.953,0.504341,-0.034721,0.000100662
130.958,0.50414,-0.0347198,0.000100651
130.964,0.50394,-0.0347186,0.000100641
130.97,0.50374,-0.0347175,0.00010063
130.976,0.50354,-0.0347163,0.000100619
130.981,0.50334,-0.0347151,0.000100609
130.987,0.50314,-0.0347139,0.000100598
130.993,0.50294,-0.0347127,0.000100588
130.999,0.50274,-0.0347116,0.000100577
131.004,0.50254,-0.0347104,0.000100567
131.01,0.50234,-0.0347092,0.000100556
131.016,0.502141,-0.034708,0.000100545
131.022,0.501941,-0.0347069,0.000100535
131.027,0.501742,-0.0347057,0.000100524
131.033,0.501542,-0.0347045,0.000100514
131.039,0.501343,-0.0347033,0.000100503
131.045,0.501144,-0.0347022,0.000100492
131.05,0.500945,-0.034701,0.000100482
131.056,0.500746,-0.0346998,0.000100471
131.062,0.500547,-0.0346986,0.000100461
131.068,0.500348,-0.0346975,0.00010045
131.073,0.500149,-0.0346963,0.00010044
131.079,0.49995,-0.0346951,0.000100429
131.085,0.499752,-0.0346939,0.000100418
131.091,0.499553,-0.0346928,0.000100408
131.096,0.499355,-0.0346916,0.000100397
131.102,0.499156,-0.0346904,0.000100387
131.108,0.498958,-0.0346892,0.000100376
131.113,0.49876,-0.0346881,0.000100366
131.119,0.498562,-0.0346869,0.000100355
131.125,0.498364,-0.0346857,0.000100344
131.131,0.498166,-0.0346846,0.000100334
131.136,0.497968,-0.0346834,0.000100323
131.142,0.49777,-0.0346822,0.000100313
131.148,0.497572,-0.0346811,0.000100302
131.153,0.497375,-0.0346799,0.000100292
131.159,0.497177,-0.0346787,0.000100281
131.165,0.49698,-0.0346776,0.000100271
131.17,0.496782,-0.0346764,0.00010026
131.176,0.496585,-0.0346752,0.000100249
131.182,0.496388,-0.0346741,0.000100239
131.187,0.49619,-0.0346729,0.000100228
131.193,0.495993,-0.0346717,0.000100218
131.199,0.495796,-0.0346706,0.000100207
131.205,0.495599,-0.0346694,0.000100197
131.21,0.495403,-0.0346682,0.000100186
131.216,0.495206,-0.0346671,0.000100176
131.222,0.495009,-0.0346659,0.000100165
131.227,0.494813,-0.0346647,0.000100155
131.233,0.494616,-0.0346636,0.000100144
131.239,0.49442,-0.0346624,0.000100134
131.244,0.494223,-0.0346613,0.000100123
131.25,0.494027,-0.0346601,0.000100113
131.256,0.493831,-0.0346589,0.000100102
131.261,0.493635,-0.0346578,0.000100091
131.267,0.493439,-0.0346566,0.000100081
131.273,0.493243,-0.0346554,0.00010007
131.278,0.493047,-0.0346543,0.00010006
131.284,0.492851,-0.0346531,0.000100049
131.289,0.492655,-0.034652,0.000100039
131.295,0.49246,-0.0346508,0.000100028
131.301,0.492264,-0.0346496,0.000100018
131.306,0.492069,-0.0346485,0.000100007
131.312,0.491873,-0.0346473,9.99968e-05
131.318,0.491678,-0.0346462,9.99863e-05
131.323,0.491483,-0.034645,9.99758e-05
131.329,0.491287,-0.0346439,9.99653e-05
131.335,0.491092,-0.0346427,9.99548e-05
131.34,0.490897,-0.0346415,9.99443e-05
131.346,0.490702,-0.0346404,9.99338e-05
131.351,0.490508,-0.0346392,9.99233e-05
131.357,0.490313,-0.0346381,9.99128e-05
131.363,0.490118,-0.0346369,9.99023e-05
131.368,0.489923,-0.0346358,9.98918e-05
131.374,0.489729,-0.0346346,9.98813e-05
131.38,0.489534,-0.0346335,9.98708e-05
131.385,0.48934,-0.0346323,9.98603e-05
131.391,0.489146,-0.0346312,9.98498e-05
131.396,0.488952,-0.03463,9.98393e-05
131.402,0.488757,-0.0346288,9.98288e-05
131.408,0.488563,-0.0346277,9.98184e-05
131.413,0.488369,-0.0346265,9.98079e-05
131.419,0.488175,-0.0346254,9.97974e-05
131.424,0.487982,-0.0346242,9.97869e-05
131.43,0.487788,-0.0346231,9.97764e-05
131.436,0.487594,-0.0346219,9.97659e-05
131.441,0.487401,-0.0346208,9.97555e-05
131.447,0.487207,-0.0346196,9.9745e-05
131.452,0.487014,-0.0346185,9.97345e-05
131.458,0.48682,-0.0346173,9.9724e-05
131.464,0.486627,-0.0346162,9.97136e-05
131.469,0.486434,-0.034615,9.97031e-05
131.475,0.486241,-0.0346139,9.96926e-05
131.48,0.486048,-0.0346127,9.96822e-05
131.486,0.485855,-0.0346116,9.96717e-05
131.491,0.485662,-0.0346105,9.96612e-05
131.497,0.485469,-0.0346093,9.96508e-05
131.503,0.485276,-0.0346082,9.96403e-05
131.508,0.485084,-0.034607,9.96298e-05
131.514,0.484891,-0.0346059,9.96194e-05
131.519,0.484699,-0.0346047,9.96089e-05
131.525,0.484506,-0.0346036,9.95985e-05
131.53,0.484314,-0.0346024,9.9588e-05
131.536,0.484122,-0.0346013,9.95776e-05
131.541,0.483929,-0.0346002,9.95671e-05
131.547,0.483737,-0.034599,9.95567e-05
131.553,0.483545,-0.0345979,9.95462e-05
131.558,0.483353,-0.0345967,9.95358e-05
131.564,0.483161,-0.0345956,9.95253e-05
131.569,0.48297,-0.0345944,9.95149e-05
131.575,0.482778,-0.0345933,9.95044e-05
131.58,0.482586,-0.0345922,9.9494e-05
131.586,0.482395,-0.034591,9.94835e-05
131.591,0.482203,-0.0345899,9.94731e-05
131.597,0.482012,-0.0345887,9.94626e-05
131.602,0.48182,-0.0345876,9.94522e-05
131.608,0.481629,-0.0345865,9.94418e-05
131.613,0.481438,-0.0345853,9.94313e-05
131.619,0.481247,-0.0345842,9.94209e-05
131.625,0.481056,-0.034583,9.94105e-05
131.63,0.480865,-0.0345819,9.94e-05
131.636,0.480674,-0.0345808,9.93896e-05
131.641,0.480483,-0.0345796,9.93792e-05
131.647,0.480292,-0.0345785,9.93688e-05
131.652,0.480102,-0.0345774,9.93583e-05
131.658,0.479911,-0.0345762,9.93479e-05
131.663,0.479721,-0.0345751,9.93375e-05
131.669,0.47953,-0.0345739,9.93271e-05
131.674,0.47934,-0.0345728,9.93166e-05
131.68,0.47915,-0.0345717,9.93062e-05
131.685,0.478959,-0.0345705,9.92958e-05
131.691,0.478769,-0.0345694,9.92854e-05
131.696,0.478579,-0.0345683,9.9275e-05
131.702,0.478389,-0.0345671,9.92646e-05
131.707,0.478199,-0.034566,9.92542e-05
131.713,0.47801,-0.0345649,9.92438e-05
131.718,0.47782,-0.0345637,9.92333e-05
131.724,0.47763,-0.0345626,9.92229e-05
131.729,0.477441,-0.0345615,9.92125e-05
131.735,0.477251,-0.0345603,9.92021e-05
131.74,0.477062,-0.0345592,9.91917e-05
131.746,0.476872,-0.0345581,9.91813e-05
131.751,0.476683,-0.034557,9.91709e-05
131.756,0.476494,-0.0345558,9.91605e-05
131.762,0.476305,-0.0345547,9.91501e-05
131.767,0.476116,-0.0345536,9.91397e-05
131.773,0.475927,-0.0345524,9.91293e-05
131.778,0.475738,-0.0345513,9.91189e-05
131.784,0.475549,-0.0345502,9.91085e-05
131.789,0.47536,-0.0345491,9.90982e-05
131.795,0.475172,-0.0345479,9.90878e-05
131.8,0.474983,-0.0345468,9.90774e-05
131.806,0.474794,-0.0345457,9.9067e-05
131.811,0.474606,-0.0345445,9.90566e-05
131.817,0.474418,-0.0345434,9.90462e-05
131.822,0.474229,-0.0345423,9.90358e-05
131.827,0.474041,-0.0345412,9.90255e-05
131.833,0.473853,-0.03454,9.90151e-05
131.838,0.473665,-0.0345389,9.90047e-05
131.844,0.473477,-0.0345378,9.89943e-05
131.849,0.473289,-0.0345367,9.89839e-05
131.855,0.473101,-0.0345355,9.89736e-05
131.86,0.472913,-0.0345344,9.89632e-05
131.866,0.472726,-0.0345333,9.89528e-05
131.871,0.472538,-0.0345322,9.89425e-05
131.876,0.472351,-0.0345311,9.89321e-05
131.882,0.472163,-0.0345299,9.89217e-05
131.887,0.471976,-0.0345288,9.89114e-05
131.893,0.471788,-0.0345277,9.8901e-05
131.898,0.471601,-0.0345266,9.88906e-05
131.904,0.471414,-0.0345254,9.88803e-05
131.909,0.471227,-0.0345243,9.88699e-05
131.914,0.47104,-0.0345232,9.88595e-05
131.92,0.470853,-0.0345221,9.88492e-05
131.925,0.470666,-0.034521,9.88388e-05
131.931,0.470479,-0.0345198,9.88285e-05
131.936,0.470292,-0.0345187,9.88181e-05
131.941,0.470106,-0.0345176,9.88078e-05
131.947,0.469919,-0.0345165,9.87974e-05
131.952,0.469733,-0.0345154,9.87871e-05
131.958,0.469546,-0.0345143,9.87767e-05
131.963,0.46936,-0.0345131,9.87664e-05
131.968,0.469174,-0.034512,9.8756e-05
131.974,0.468987,-0.0345109,9.87457e-05
131.979,0.468801,-0.0345098,9.87353e-05
131.985,0.468615,-0.0345087,9.8725e-05
131.99,0.468429,-0.0345076,9.87146e-05
131.995,0.468243,-0.0345065,9.87043e-05
132.001,0.468058,-0.0345053,9.8694e-05
132.006,0.467872,-0.0345042,9.86836e-05
132.012,0.467686,-0.0345031,9.86733e-05
132.017,0.4675,-0.034502,9.8663e-05
132.022,0.467315,-0.0345009,9.86526e-05
132.028,0.467129,-0.0344998,9.86423e-05
132.033,0.466944,-0.0344987,9.8632e-05
132.038,0.466759,-0.0344975,9.86216e-05
132.044,0.466573,-0.0344964,9.86113e-05
132.049,0.466388,-0.0344953,9.8601e-05
132.055,0.466203,-0.0344942,9.85907e-05
132.06,0.466018,-0.0344931,9.85803e-05
132.065,0.465833,-0.034492,9.857e-05
132.071,0.465648,-0.0344909,9.85597e-05
132.076,0.465464,-0.0344898,9.85494e-05
132.081,0.465279,-0.0344887,9.8539e-05
132.087,0.465094,-0.0344876,9.85287e-05
132.092,0.46491,-0.0344864,9.85184e-05
132.097,0.464725,-0.0344853,9.85081e-05
132.103,0.464541,-0.0344842,9.84978e-05
132.108,0.464356,-0.0344831,9.84875e-05
132.113,0.464172,-0.034482,9.84772e-05
132.119,0.463988,-0.0344809,9.84669e-05
132.124,0.463804,-0.0344798,9.84565e-05
132.129,0.463619,-0.0344787,9.84462e-05
132.135,0.463435,-0.0344776,9.84359e-05
132.14,0.463252,-0.0344765,9.84256e-05
132.145,0.463068,-0.0344754,9.84153e-05
132.151,0.462884,-0.0344743,9.8405e-05
132.156,0.4627,-0.0344732,9.83947e-05
132.161,0.462517,-0.0344721,9.83844e-05
132.167,0.462333,-0.034471,9.83741e-05
132.172,0.462149,-0.0344699,9.83638e-05
132.177,0.461966,-0.0344688,9.83535e-05
132.183,0.461783,-0.0344677,9.83432e-05
132.188,0.461599,-0.0344666,9.8333e-05
132.193,0.461416,-0.0344654,9.83227e-05
132.199,0.461233,-0.0344643,9.83124e-05
132.204,0.46105,-0.0344632,9.83021e-05
132.209,0.460867,-0.0344621,9.82918e-05
132.215,0.460684,-0.034461,9.82815e-05
132.22,0.460501,-0.0344599,9.82712e-05
132.225,0.460319,-0.0344588,9.82609e-05
132.231,0.460136,-0.0344577,9.82507e-05
132.236,0.459953,-0.0344566,9.82404e-05
132.241,0.459771,-0.0344555,9.82301e-05
132.246,0.459588,-0.0344544,9.82198e-05
132.252,0.459406,-0.0344533,9.82095e-05
132.257,0.459223,-0.0344523,9.81993e-05
132.262,0.459041,-0.0344512,9.8189e-05
132.268,0.458859,-0.0344501,9.81787e-05
132.273,0.458677,-0.034449,9.81684e-05
132.278,0.458495,-0.0344479,9.81582e-05
132.283,0.458313,-0.0344468,9.81479e-05
132.289,0.458131,-0.0344457,9.81376e-05
132.294,0.457949,-0.0344446,9.81274e-05
132.299,0.457767,-0.0344435,9.81171e-05
132.305,0.457585,-0.0344424,9.81068e-05
132.31,0.457404,-0.0344413,9.80966e-05
132.315,0.457222,-0.0344402,9.80863e-05
132.32,0.457041,-0.0344391,9.8076e-05
132.326,0.456859,-0.034438,9.80658e-05
132.331,0.456678,-0.0344369,9.80555e-05
132.336,0.456497,-0.0344358,9.80453e-05
132.341,0.456316,-0.0344347,9.8035e-05
132.347,0.456134,-0.0344336,9.80248e-05
132.352,0.455953,-0.0344325,9.80145e-05
132.357,0.455772,-0.0344315,9.80043e-05
132.362,0.455591,-0.0344304,9.7994e-05
132.368,0.455411,-0.0344293,9.79838e-05
132.373,0.45523,-0.0344282,9.79735e-05
132.378,0.455049,-0.0344271,9.79633e-05
132.383,0.454868,-0.034426,9.7953e-05
132.389,0.454688,-0.0344249,9.79428e-05
132.394,0.454507,-0.0344238,9.79325e-05
132.399,0.454327,-0.0344227,9.79223e-05
132.404,0.454147,-0.0344216,9.7912e-05
132.41,0.453966,-0.0344206,9.79018e-05
132.415,0.453786,-0.0344195,9.78916e-05
132.42,0.453606,-0.0344184,9.78813e-05
132.425,0.453426,-0.0344173,9.78711e-05
132.431,0.453246,-0.0344162,9.78609e-05
132.436,0.453066,-0.0344151,9.78506e-05
132.441,0.452886,-0.034414,9.78404e-05
132.446,0.452706,-0.034413,9.78302e-05
132.452,0.452526,-0.0344119,9.78199e-05
132.457,0.452347,-0.0344108,9.78097e-05
132.462,0.452167,-0.0344097,9.77995e-05
132.467,0.451988,-0.0344086,9.77893e-05
132.472,0.451808,-0.0344075,9.7779e-05
132.478,0.451629,-0.0344064,9.77688e-05
132.483,0.45145,-0.0344054,9.77586e-05
132.488,0.45127,-0.0344043,9.77484e-05
132.493,0.451091,-0.0344032,9.77381e-05
132.498,0.450912,-0.0344021,9.77279e-05
132.504,0.450733,-0.034401,9.77177e-05
132.509,0.450554,-0.0343999,9.77075e-05
132.514,0.450375,-0.0343989,9.76973e-05
132.519,0.450196,-0.0343978,9.76871e-05
132.524,0.450018,-0.0343967,9.76769e-05
132.53,0.449839,-0.0343956,9.76666e-05
132.535,0.44966,-0.0343945,9.76564e-05
132.54,0.449482,-0.0343935,9.76462e-05
132.545,0.449303,-0.0343924,9.7636e-05
132.55,0.449125,-0.0343913,9.76258e-05
132.556,0.448947,-0.0343902,9.76156e-05
132.561,0.448768,-0.0343891,9.76054e-05
132.566,0.44859,-0.0343881,9.75952e-05
132.571,0.448412,-0.034387,9.7585e-05
132.576,0.448234,-0.0343859,9.75748e-05
132.581,0.448056,-0.0343848,9.75646e-05
132.587,0.447878,-0.0343838,9.75544e-05
132.592,0.4477,-0.0343827,9.75442e-05
132.597,0.447522,-0.0343816,9.7534e-05
132.602,0.447345,-0.0343805,9.75238e-05
132.607,0.447167,-0.0343795,9.75136e-05
132.613,0.446989,-0.0343784,9.75034e-05
132.618,0.446812,-0.0343773,9.74932e-05
132.623,0.446634,-0.0343762,9.7483e-05
132.628,0.446457,-0.0343752,9.74729e-05
132.633,0.44628,-0.0343741,9.74627e-05
132.638,0.446102,-0.034373,9.74525e-05
132.643,0.445925,-0.0343719,9.74423e-05
132.649,0.445748,-0.0343709,9.74321e-05
132.654,0.445571,-0.0343698,9.74219e-05
132.659,0.445394,-0.0343687,9.74117e-05
132.664,0.445217,-0.0343676,9.74016e-05
132.669,0.44504,-0.0343666,9.73914e-05
132.674,0.444864,-0.0343655,9.73812e-05
132.679,0.444687,-0.0343644,9.7371e-05
132.685,0.44451,-0.0343634,9.73609e-05
132.69,0.444334,-0.0343623,9.73507e-05
132.695,0.444157,-0.0343612,9.73405e-05
132.7,0.443981,-0.0343602,9.73303e-05
132.705,0.443805,-0.0343591,9.73202e-05
132.71,0.443628,-0.034358,9.731e-05
132.715,0.443452,-0.0343569,9.72998e-05
132.721,0.443276,-0.0343559,9.72897e-05
132.726,0.4431,-0.0343548,9.72795e-05
132.731,0.442924,-0.0343537,9.72693e-05
132.736,0.442748,-0.0343527,9.72592e-05
132.741,0.442572,-0.0343516,9.7249e-05
132.746,0.442396,-0.0343505,9.72388e-05
132.751,0.44222,-0.0343495,9.72287e-05
132.756,0.442045,-0.0343484,9.72185e-05
132.762,0.441869,-0.0343473,9.72084e-05
132.767,0.441694,-0.0343463,9.71982e-05
132.772,0.441518,-0.0343452,9.71881e-05
132.777,0.441343,-0.0343442,9.71779e-05
132.782,0.441167,-0.0343431,9.71678e-05
132.787,0.440992,-0.034342,9.71576e-05
132.792,0.440817,-0.034341,9.71474e-05
132.797,0.440642,-0.0343399,9.71373e-05
132.802,0.440467,-0.0343388,9.71272e-05
132.807,0.440292,-0.0343378,9.7117e-05
132.813,0.440117,-0.0343367,9.71069e-05
132.818,0.439942,-0.0343356,9.70967e-05
132.823,0.439767,-0.0343346,9.70866e-05
132.828,0.439592,-0.0343335,9.70764e-05
132.833,0.439418,-0.0343325,9.70663e-05
132.838,0.439243,-0.0343314,9.70561e-05
132.843,0.439069,-0.0343303,9.7046e-05
132.848,0.438894,-0.0343293,9.70359e-05
132.853,0.43872,-0.0343282,9.70257e-05
132.858,0.438545,-0.0343272,9.70156e-05
132.863,0.438371,-0.0343261,9.70055e-05
132.868,0.438197,-0.034325,9.69953e-05
132.874,0.438023,-0.034324,9.69852e-05
132.879,0.437849,-0.0343229,9.69751e-05
132.884,0.437675,-0.0343219,9.69649e-05
132.889,0.437501,-0.0343208,9.69548e-05
132.894,0.437327,-0.0343198,9.69447e-05
132.899,0.437153,-0.0343187,9.69346e-05
132.904,0.436979,-0.0343176,9.69244e-05
132.909,0.436806,-0.0343166,9.69143e-05
132.914,0.436632,-0.0343155,9.69042e-05
132.919,0.436459,-0.0343145,9.68941e-05
132.924,0.436285,-0.0343134,9.68839e-05
132.929,0.436112,-0.0343124,9.68738e-05
132.934,0.435938,-0.0343113,9.68637e-05
132.939,0.435765,-0.0343103,9.68536e-05
132.944,0.435592,-0.0343092,9.68435e-05
132.949,0.435419,-0.0343081,9.68334e-05
132.954,0.435246,-0.0343071,9.68232e-05
132.96,0.435073,-0.034306,9.68131e-05
132.965,0.4349,-0.034305,9.6803e-05
132.97,0.434727,-0.0343039,9.67929e-05
132.975,0.434554,-0.0343029,9.67828e-05
132.98,0.434381,-0.0343018,9.67727e-05
132.985,0.434209,-0.0343008,9.67626e-05
132.99,0.434036,-0.0342997,9.67525e-05
132.995,0.433864,-0.0342987,9.67424e-05
133,0.433691,-0.0342976,9.67323e-05
133.005,0.433519,-0.0342966,9.67222e-05
133.01,0.433346,-0.0342955,9.67121e-05
133.015,0.433174,-0.0342945,9.6702e-05
133.02,0.433002,-0.0342934,9.66919e-05
133.025,0.43283,-0.0342924,9.66818e-05
133.03,0.432658,-0.0342913,9.66717e-05
133.035,0.432485,-0.0342903,9.66616e-05
133.04,0.432314,-0.0342892,9.66515e-05
133.045,0.432142,-0.0342882,9.66414e-05
133.05,0.43197,-0.0342871,9.66313e-05
133.055,0.431798,-0.0342861,9.66212e-05
133.06,0.431626,-0.0342851,9.66111e-05
133.065,0.431455,-0.034284,9.6601e-05
133.07,0.431283,-0.034283,9.65909e-05
133.075,0.431112,-0.0342819,9.65809e-05
133.08,0.43094,-0.0342809,9.65708e-05
133.085,0.430769,-0.0342798,9.65607e-05
133.09,0.430597,-0.0342788,9.65506e-05
133.095,0.430426,-0.0342777,9.65405e-05
133.1,0.430255,-0.0342767,9.65304e-05
133.105,0.430084,-0.0342757,9.65204e-05
133.11,0.429913,-0.0342746,9.65103e-05
133.115,0.429742,-0.0342736,9.65002e-05
133.12,0.429571,-0.0342725,9.64901e-05
133.125,0.4294,-0.0342715,9.648e-05
133.13,0.429229,-0.0342704,9.647e-05
133.135,0.429059,-0.0342694,9.64599e-05
133.14,0.428888,-0.0342684,9.64498e-05
133.145,0.428717,-0.0342673,9.64397e-05
133.15,0.428547,-0.0342663,9.64297e-05
133.155,0.428376,-0.0342652,9.64196e-05
133.16,0.428206,-0.0342642,9.64095e-05
133.165,0.428036,-0.0342632,9.63995e-05
133.17,0.427865,-0.0342621,9.63894e-05
133.175,0.427695,-0.0342611,9.63793e-05
133.18,0.427525,-0.03426,9.63693e-05
133.185,0.427355,-0.034259,9.63592e-05
133.19,0.427185,-0.034258,9.63492e-05
133.195,0.427015,-0.0342569,9.63391e-05
133.2,0.426845,-0.0342559,9.6329e-05
133.204,0.426675,-0.0342548,9.6319e-05
133.209,0.426505,-0.0342538,9.63089e-05
133.214,0.426336,-0.0342528,9.62989e-05
133.219,0.426166,-0.0342517,9.62888e-05
133.224,0.425996,-0.0342507,9.62787e-05
133.229,0.425827,-0.0342497,9.62687e-05
133.234,0.425657,-0.0342486,9.62586e-05
133.239,0.425488,-0.0342476,9.62486e-05
133.244,0.425319,-0.0342466,9.62385e-05
133.249,0.425149,-0.0342455,9.62285e-05
133.254,0.42498,-0.0342445,9.62184e-05
133.259,0.424811,-0.0342435,9.62084e-05
133.264,0.424642,-0.0342424,9.61983e-05
133.269,0.424473,-0.0342414,9.61883e-05
133.274,0.424304,-0.0342404,9.61783e-05
133.279,0.424135,-0.0342393,9.61682e-05
133.284,0.423966,-0.0342383,9.61582e-05
133.289,0.423798,-0.0342373,9.61481e-05
133.293,0.423629,-0.0342362,9.61381e-05
133.298,0.42346,-0.0342352,9.61281e-05
133.303,0.423292,-0.0342342,9.6118e-05
133.308,0.423123,-0.0342331,9.6108e-05
133.313,0.422955,-0.0342321,9.60979e-05
133.318,0.422786,-0.0342311,9.60879e-05
133.323,0.422618,-0.0342301,9.60779e-05
133.328,0.42245,-0.034229,9.60678e-05
133.333,0.422282,-0.034228,9.60578e-05
133.338,0.422114,-0.034227,9.60478e-05
133.343,0.421945,-0.0342259,9.60378e-05
133.348,0.421777,-0.0342249,9.60277e-05
133.352,0.42161,-0.0342239,9.60177e-05
133.357,0.421442,-0.0342229,9.60077e-05
133.362,0.421274,-0.0342218,9.59977e-05
133.367,0.421106,-0.0342208,9.59876e-05
133.372,0.420938,-0.0342198,9.59776e-05
133.377,0.420771,-0.0342187,9.59676e-05
133.382,0.420603,-0.0342177,9.59576e-05
133.387,0.420436,-0.0342167,9.59475e-05
133.392,0.420268,-0.0342157,9.59375e-05
133.397,0.420101,-0.0342146,9.59275e-05
133.401,0.419934,-0.0342136,9.59175e-05
133.406,0.419766,-0.0342126,9.59075e-05
133.411,0.419599,-0.0342116,9.58975e-05
133.416,0.419432,-0.0342106,9.58875e-05
133.421,0.419265,-0.0342095,9.58774e-05
133.426,0.419098,-0.0342085,9.58674e-05
133.431,0.418931,-0.0342075,9.58574e-05
133.436,0.418764,-0.0342065,9.58474e-05
133.44,0.418597,-0.0342054,9.58374e-05
133.445,0.418431,-0.0342044,9.58274e-05
133.45,0.418264,-0.0342034,9.58174e-05
133.455,0.418097,-0.0342024,9.58074e-05
133.46,0.417931,-0.0342014,9.57974e-05
133.465,0.417764,-0.0342003,9.57874e-05
133.47,0.417598,-0.0341993,9.57774e-05
133.475,0.417431,-0.0341983,9.57674e-05
133.479,0.417265,-0.0341973,9.57574e-05
133.484,0.417099,-0.0341963,9.57474e-05
133.489,0.416933,-0.0341952,9.57374e-05
133.494,0.416766,-0.0341942,9.57274e-05
133.499,0.4166,-0.0341932,9.57174e-05
133.504,0.416434,-0.0341922,9.57074e-05
133.509,0.416268,-0.0341912,9.56974e-05
133.513,0.416103,-0.0341901,9.56874e-05
133.518,0.415937,-0.0341891,9.56774e-05
133.523,0.415771,-0.0341881,9.56674e-05
133.528,0.415605,-0.0341871,9.56574e-05
133.533,0.41544,-0.0341861,9.56474e-05
133.538,0.415274,-0.0341851,9.56374e-05
133.542,0.415109,-0.034184,9.56275e-05
133.547,0.414943,-0.034183,9.56175e-05
133.552,0.414778,-0.034182,9.56075e-05
133.557,0.414612,-0.034181,9.55975e-05
133.562,0.414447,-0.03418,9.55875e-05
133.567,0.414282,-0.034179,9.55775e-05
133.572,0.414117,-0.034178,9.55676e-05
133.576,0.413952,-0.0341769,9.55576e-05
133.581,0.413787,-0.0341759,9.55476e-05
133.586,0.413622,-0.0341749,9.55376e-05
133.591,0.413457,-0.0341739,9.55276e-05
133.596,0.413292,-0.0341729,9.55177e-05
133.6,0.413127,-0.0341719,9.55077e-05
133.605,0.412962,-0.0341709,9.54977e-05
133.61,0.412798,-0.0341699,9.54877e-05
133.615,0.412633,-0.0341689,9.54778e-05
133.62,0.412468,-0.0341678,9.54678e-05
133.625,0.412304,-0.0341668,9.54578e-05
133.629,0.412139,-0.0341658,9.54479e-05
133.634,0.411975,-0.0341648,9.54379e-05
133.639,0.411811,-0.0341638,9.54279e-05
133.644,0.411647,-0.0341628,9.5418e-05
133.649,0.411482,-0.0341618,9.5408e-05
133.653,0.411318,-0.0341608,9.5398e-05
133.658,0.411154,-0.0341598,9.53881e-05
133.663,0.41099,-0.0341588,9.53781e-05
133.668,0.410826,-0.0341578,9.53681e-05
133.673,0.410662,-0.0341567,9.53582e-05
133.677,0.410498,-0.0341557,9.53482e-05
133.682,0.410335,-0.0341547,9.53383e-05
133.687,0.410171,-0.0341537,9.53283e-05
133.692,0.410007,-0.0341527,9.53183e-05
133.697,0.409844,-0.0341517,9.53084e-05
133.701,0.40968,-0.0341507,9.52984e-05
133.706,0.409517,-0.0341497,9.52885e-05
133.711,0.409353,-0.0341487,9.52785e-05
133.716,0.40919,-0.0341477,9.52686e-05
133.721,0.409027,-0.0341467,9.52586e-05
133.725,0.408863,-0.0341457,9.52487e-05
133.73,0.4087,-0.0341447,9.52387e-05
133.735,0.408537,-0.0341437,9.52288e-05
133.74,0.408374,-0.0341427,9.52188e-05
133.744,0.408211,-0.0341417,9.52089e-05
133.749,0.408048,-0.0341407,9.51989e-05
133.754,0.407885,-0.0341397,9.5189e-05
133.759,0.407722,-0.0341387,9.5179e-05
133.763,0.40756,-0.0341377,9.51691e-05
133.768,0.407397,-0.0341367,9.51592e-05
133.773,0.407234,-0.0341357,9.51492e-05
133.778,0.407072,-0.0341347,9.51393e-05
133.783,0.406909,-0.0341337,9.51293e-05
133.787,0.406747,-0.0341327,9.51194e-05
133.792,0.406584,-0.0341317,9.51095e-05
133.797,0.406422,-0.0341307,9.50995e-05
133.802,0.40626,-0.0341297,9.50896e-05
133.806,0.406098,-0.0341287,9.50797e-05
133.811,0.405935,-0.0341277,9.50697e-05
133.816,0.405773,-0.0341267,9.50598e-05
133.821,0.405611,-0.0341257,9.50499e-05
133.825,0.405449,-0.0341247,9.50399e-05
133.83,0.405287,-0.0341237,9.503e-05
133.835,0.405125,-0.0341227,9.50201e-05
133.84,0.404964,-0.0341217,9.50101e-05
133.844,0.404802,-0.0341207,9.50002e-05
133.849,0.40464,-0.0341197,9.49903e-05
133.854,0.404478,-0.0341187,9.49804e-05
133.858,0.404317,-0.0341177,9.49704e-05
133.863,0.404155,-0.0341167,9.49605e-05
133.868,0.403994,-0.0341157,9.49506e-05
133.873,0.403833,-0.0341147,9.49407e-05
133.877,0.403671,-0.0341137,9.49308e-05
133.882,0.40351,-0.0341127,9.49208e-05
133.887,0.403349,-0.0341117,9.49109e-05
133.892,0.403187,-0.0341108,9.4901e-05
133.896,0.403026,-0.0341098,9.48911e-05
133.901,0.402865,-0.0341088,9.48812e-05
133.906,0.402704,-0.0341078,9.48712e-05
133.91,0.402543,-0.0341068,9.48613e-05
133.915,0.402382,-0.0341058,9.48514e-05
133.92,0.402222,-0.0341048,9.48415e-05
133.925,0.402061,-0.0341038,9.48316e-05
133.929,0.4019,-0.0341028,9.48217e-05
133.934,0.401739,-0.0341018,9.48118e-05
133.939,0.401579,-0.0341008,9.48019e-05
133.943,0.401418,-0.0340998,9.4792e-05
133.948,0.401258,-0.0340989,9.47821e-05
133.953,0.401097,-0.0340979,9.47721e-05
133.958,0.400937,-0.0340969,9.47622e-05
133.962,0.400777,-0.0340959,9.47523e-05
133.967,0.400617,-0.0340949,9.47424e-05
133.972,0.400456,-0.0340939,9.47325e-05
133.976,0.400296,-0.0340929,9.47226e-05
133.981,0.400136,-0.0340919,9.47127e-05
133.986,0.399976,-0.034091,9.47028e-05
133.99,0.399816,-0.03409,9.46929e-05
133.995,0.399656,-0.034089,9.4683e-05
134,0.399496,-0.034088,9.46731e-05
134.005,0.399337,-0.034087,9.46632e-05
134.009,0.399177,-0.034086,9.46533e-05
134.014,0.399017,-0.034085,9.46434e-05
134.019,0.398858,-0.0340841,9.46336e-05
134.023,0.398698,-0.0340831,9.46237e-05
134.028,0.398539,-0.0340821,9.46138e-05
134.033,0.398379,-0.0340811,9.46039e-05
134.037,0.39822,-0.0340801,9.4594e-05
134.042,0.39806,-0.0340791,9.45841e-05
134.047,0.397901,-0.0340782,9.45742e-05
134.051,0.397742,-0.0340772,9.45643e-05
134.056,0.397583,-0.0340762,9.45544e-05
134.061,0.397424,-0.0340752,9.45445e-05
134.065,0.397265,-0.0340742,9.45347e-05
134.07,0.397105,-0.0340732,9.45248e-05
134.075,0.396947,-0.0340723,9.45149e-05
134.079,0.396788,-0.0340713,9.4505e-05
134.084,0.396629,-0.0340703,9.44951e-05
134.089,0.39647,-0.0340693,9.44852e-05
134.093,0.396311,-0.0340683,9.44754e-05
134.098,0.396153,-0.0340674,9.44655e-05
134.103,0.395994,-0.0340664,9.44556e-05
134.107,0.395836,-0.0340654,9.44457e-05
134.112,0.395677,-0.0340644,9.44359e-05
134.117,0.395519,-0.0340634,9.4426e-05
134.121,0.39536,-0.0340625,9.44161e-05
134.126,0.395202,-0.0340615,9.44062e-05
134.131,0.395044,-0.0340605,9.43964e-05
134.135,0.394886,-0.0340595,9.43865e-05
134.14,0.394727,-0.0340585,9.43766e-05
134.144,0.394569,-0.0340576,9.43667e-05
134.149,0.394411,-0.0340566,9.43569e-05
134.154,0.394253,-0.0340556,9.4347e-05
134.158,0.394095,-0.0340546,9.43371e-05
134.163,0.393937,-0.0340537,9.43273e-05
134.168,0.39378,-0.0340527,9.43174e-05
134.172,0.393622,-0.0340517,9.43075e-05
134.177,0.393464,-0.0340507,9.42977e-05
134.182,0.393307,-0.0340498,9.42878e-05
134.186,0.393149,-0.0340488,9.42779e-05
134.191,0.392991,-0.0340478,9.42681e-05
134.195,0.392834,-0.0340468,9.42582e-05
134.2,0.392676,-0.0340459,9.42483e-05
134.205,0.392519,-0.0340449,9.42385e-05
134.209,0.392362,-0.0340439,9.42286e-05
134.214,0.392205,-0.034043,9.42188e-05
134.219,0.392047,-0.034042,9.42089e-05
134.223,0.39189,-0.034041,9.41991e-05
134.228,0.391733,-0.03404,9.41892e-05
134.232,0.391576,-0.0340391,9.41793e-05
134.237,0.391419,-0.0340381,9.41695e-05
134.242,0.391262,-0.0340371,9.41596e-05
134.246,0.391105,-0.0340362,9.41498e-05
134.251,0.390949,-0.0340352,9.41399e-05
134.255,0.390792,-0.0340342,9.41301e-05
134.26,0.390635,-0.0340332,9.41202e-05
134.265,0.390478,-0.0340323,9.41104e-05
134.269,0.390322,-0.0340313,9.41005e-05
134.274,0.390165,-0.0340303,9.40907e-05
134.278,0.390009,-0.0340294,9.40808e-05
134.283,0.389852,-0.0340284,9.4071e-05
134.288,0.389696,-0.0340274,9.40611e-05
134.292,0.38954,-0.0340265,9.40513e-05
134.297,0.389383,-0.0340255,9.40414e-05
134.301,0.389227,-0.0340245,9.40316e-05
134.306,0.389071,-0.0340236,9.40218e-05
134.311,0.388915,-0.0340226,9.40119e-05
134.315,0.388759,-0.0340216,9.40021e-05
134.32,0.388603,-0.0340207,9.39922e-05
134.324,0.388447,-0.0340197,9.39824e-05
134.329,0.388291,-0.0340187,9.39726e-05
134.333,0.388135,-0.0340178,9.39627e-05
134.338,0.387979,-0.0340168,9.39529e-05
134.343,0.387824,-0.0340158,9.3943e-05
134.347,0.387668,-0.0340149,9.39332e-05
134.352,0.387512,-0.0340139,9.39234e-05
134.356,0.387357,-0.0340129,9.39135e-05
134.361,0.387201,-0.034012,9.39037e-05
134.366,0.387046,-0.034011,9.38939e-05
134.37,0.38689,-0.0340101,9.3884e-05
134.375,0.386735,-0.0340091,9.38742e-05
134.379,0.38658,-0.0340081,9.38644e-05
134.384,0.386425,-0.0340072,9.38545e-05
134.388,0.386269,-0.0340062,9.38447e-05
134.393,0.386114,-0.0340053,9.38349e-05
134.397,0.385959,-0.0340043,9.38251e-05
134.402,0.385804,-0.0340033,9.38152e-05
134.407,0.385649,-0.0340024,9.38054e-05
134.411,0.385494,-0.0340014,9.37956e-05
134.416,0.385339,-0.0340005,9.37858e-05
134.42,0.385185,-0.0339995,9.37759e-05
134.425,0.38503,-0.0339985,9.37661e-05
134.429,0.384875,-0.0339976,9.37563e-05
134.434,0.384721,-0.0339966,9.37465e-05
134.438,0.384566,-0.0339957,9.37366e-05
134.443,0.384411,-0.0339947,9.37268e-05
134.448,0.384257,-0.0339937,9.3717e-05
134.452,0.384103,-0.0339928,9.37072e-05
134.457,0.383948,-0.0339918,9.36974e-05
134.461,0.383794,-0.0339909,9.36875e-05
134.466,0.38364,-0.0339899,9.36777e-05
134.47,0.383485,-0.033989,9.36679e-05
134.475,0.383331,-0.033988,9.36581e-05
134.479,0.383177,-0.033987,9.36483e-05
134.484,0.383023,-0.0339861,9.36385e-05
134.488,0.382869,-0.0339851,9.36287e-05
134.493,0.382715,-0.0339842,9.36188e-05
134.497,0.382561,-0.0339832,9.3609e-05
134.502,0.382407,-0.0339823,9.35992e-05
134.506,0.382254,-0.0339813,9.35894e-05
134.511,0.3821,-0.0339804,9.35796e-05
134.516,0.381946,-0.0339794,9.35698e-05
134.52,0.381792,-0.0339785,9.356e-05
134.525,0.381639,-0.0339775,9.35502e-05
134.529,0.381485,-0.0339765,9.35404e-05
134.534,0.381332,-0.0339756,9.35306e-05
134.538,0.381178,-0.0339746,9.35208e-05
134.543,0.381025,-0.0339737,9.3511e-05
134.547,0.380872,-0.0339727,9.35012e-05
134.552,0.380718,-0.0339718,9.34913e-05
134.556,0.380565,-0.0339708,9.34815e-05
134.561,0.380412,-0.0339699,9.34717e-05
134.565,0.380259,-0.0339689,9.34619e-05
134.57,0.380106,-0.033968,9.34521e-05
134.574,0.379953,-0.033967,9.34423e-05
134.579,0.3798,-0.0339661,9.34325e-05
134.583,0.379647,-0.0339651,9.34227e-05
134.588,0.379494,-0.0339642,9.34129e-05
134.592,0.379341,-0.0339632,9.34031e-05
134.597,0.379189,-0.0339623,9.33934e-05
134.601,0.379036,-0.0339613,9.33836e-05
134.606,0.378883,-0.0339604,9.33738e-05
134.61,0.378731,-0.0339595,9.3364e-05
134.615,0.378578,-0.0339585,9.33542e-05
134.619,0.378426,-0.0339576,9.33444e-05
134.624,0.378273,-0.0339566,9.33346e-05
134.628,0.378121,-0.0339557,9.33248e-05
134.633,0.377969,-0.0339547,9.3315e-05
134.637,0.377816,-0.0339538,9.33052e-05
134.642,0.377664,-0.0339528,9.32954e-05
134.646,0.377512,-0.0339519,9.32856e-05
134.651,0.37736,-0.0339509,9.32758e-05
134.655,0.377208,-0.03395,9.32661e-05
134.66,0.377056,-0.033949,9.32563e-05
134.664,0.376904,-0.0339481,9.32465e-05
134.668,0.376752,-0.0339472,9.32367e-05
134.673,0.3766,-0.0339462,9.32269e-05
134.677,0.376448,-0.0339453,9.32171e-05
134.682,0.376296,-0.0339443,9.32073e-05
134.686,0.376144,-0.0339434,9.31976e-05
134.691,0.375993,-0.0339424,9.31878e-05
134.695,0.375841,-0.0339415,9.3178e-05
134.7,0.37569,-0.0339406,9.31682e-05
134.704,0.375538,-0.0339396,9.31584e-05
134.709,0.375387,-0.0339387,9.31487e-05
134.713,0.375235,-0.0339377,9.31389e-05
134.718,0.375084,-0.0339368,9.31291e-05
134.722,0.374933,-0.0339359,9.31193e-05
134.727,0.374781,-0.0339349,9.31095e-05
134.731,0.37463,-0.033934,9.30998e-05
134.735,0.374479,-0.033933,9.309e-05
134.74,0.374328,-0.0339321,9.30802e-05
134.744,0.374177,-0.0339312,9.30704e-05
134.749,0.374026,-0.0339302,9.30607e-05
134.753,0.373875,-0.0339293,9.30509e-05
134.758,0.373724,-0.0339283,9.30411e-05
134.762,0.373573,-0.0339274,9.30313e-05
134.767,0.373422,-0.0339265,9.30216e-05
134.771,0.373272,-0.0339255,9.30118e-05
134.775,0.373121,-0.0339246,9.3002e-05
134.78,0.37297,-0.0339237,9.29923e-05
134.784,0.37282,-0.0339227,9.29825e-05
134.789,0.372669,-0.0339218,9.29727e-05
134.793,0.372519,-0.0339208,9.2963e-05
134.798,0.372368,-0.0339199,9.29532e-05
134.802,0.372218,-0.033919,9.29434e-05
134.807,0.372067,-0.033918,9.29337e-05
134.811,0.371917,-0.0339171,9.29239e-05
134.815,0.371767,-0.0339162,9.29141e-05
134.82,0.371617,-0.0339152,9.29044e-05
134.824,0.371467,-0.0339143,9.28946e-05
134.829,0.371316,-0.0339134,9.28848e-05
134.833,0.371166,-0.0339124,9.28751e-05
134.837,0.371016,-0.0339115,9.28653e-05
134.842,0.370866,-0.0339106,9.28555e-05
134.846,0.370717,-0.0339096,9.28458e-05
134.851,0.370567,-0.0339087,9.2836e-05
134.855,0.370417,-0.0339078,9.28263e-05
134.86,0.370267,-0.0339068,9.28165e-05
134.864,0.370117,-0.0339059,9.28067e-05
134.868,0.369968,-0.033905,9.2797e-05
134.873,0.369818,-0.033904,9.27872e-05
134.877,0.369669,-0.0339031,9.27775e-05
134.882,0.369519,-0.0339022,9.27677e-05
134.886,0.36937,-0.0339012,9.2758e-05
134.89,0.36922,-0.0339003,9.27482e-05
134.895,0.369071,-0.0338994,9.27384e-05
134.899,0.368922,-0.0338985,9.27287e-05
134.904,0.368772,-0.0338975,9.27189e-05
134.908,0.368623,-0.0338966,9.27092e-05
134.912,0.368474,-0.0338957,9.26994e-05
134.917,0.368325,-0.0338947,9.26897e-05
134.921,0.368176,-0.0338938,9.26799e-05
134.926,0.368027,-0.0338929,9.26702e-05
134.93,0.367878,-0.033892,9.26604e-05
134.934,0.367729,-0.033891,9.26507e-05
134.939,0.36758,-0.0338901,9.26409e-05
134.943,0.367431,-0.0338892,9.26312e-05
134.948,0.367283,-0.0338883,9.26214e-05
134.952,0.367134,-0.0338873,9.26117e-05
134.956,0.366985,-0.0338864,9.26019e-05
134.961,0.366837,-0.0338855,9.25922e-05
134.965,0.366688,-0.0338845,9.25824e-05
134.97,0.36654,-0.0338836,9.25727e-05
134.974,0.366391,-0.0338827,9.25629e-05
134.978,0.366243,-0.0338818,9.25532e-05
134.983,0.366094,-0.0338808,9.25435e-05
134.987,0.365946,-0.0338799,9.25337e-05
134.991,0.365798,-0.033879,9.2524e-05
134.996,0.365649,-0.0338781,9.25142e-05
135,0.365501,-0.0338772,9.25045e-05
135.005,0.365353,-0.0338762,9.24947e-05
135.009,0.365205,-0.0338753,9.2485e-05
135.013,0.365057,-0.0338744,9.24753e-05
135.018,0.364909,-0.0338735,9.24655e-05
135.022,0.364761,-0.0338725,9.24558e-05
135.026,0.364613,-0.0338716,9.24461e-05
135.031,0.364465,-0.0338707,9.24363e-05
135.035,0.364318,-0.0338698,9.24266e-05
135.04,0.36417,-0.0338689,9.24168e-05
135.044,0.364022,-0.0338679,9.24071e-05
135.048,0.363874,-0.033867,9.23974e-05
135.053,0.363727,-0.0338661,9.23876e-05
135.057,0.363579,-0.0338652,9.23779e-05
135.061,0.363432,-0.0338643,9.23682e-05
135.066,0.363284,-0.0338633,9.23584e-05
135.07,0.363137,-0.0338624,9.23487e-05
135.074,0.36299,-0.0338615,9.2339e-05
135.079,0.362842,-0.0338606,9.23292e-05
135.083,0.362695,-0.0338597,9.23195e-05
135.087,0.362548,-0.0338587,9.23098e-05
135.092,0.362401,-0.0338578,9.23e-05
135.096,0.362253,-0.0338569,9.22903e-05
135.1,0.362106,-0.033856,9.22806e-05
135.105,0.361959,-0.0338551,9.22708e-05
135.109,0.361812,-0.0338542,9.22611e-05
135.113,0.361665,-0.0338532,9.22514e-05
135.118,0.361519,-0.0338523,9.22416e-05
135.122,0.361372,-0.0338514,9.22319e-05
135.126,0.361225,-0.0338505,9.22222e-05
135.131,0.361078,-0.0338496,9.22125e-05
135.135,0.360931,-0.0338487,9.22027e-05
135.139,0.360785,-0.0338477,9.2193e-05
135.144,0.360638,-0.0338468,9.21833e-05
135.148,0.360492,-0.0338459,9.21736e-05
135.152,0.360345,-0.033845,9.21638e-05
135.157,0.360199,-0.0338441,9.21541e-05
135.161,0.360052,-0.0338432,9.21444e-05
135.165,0.359906,-0.0338423,9.21347e-05
135.17,0.359759,-0.0338414,9.21249e-05
135.174,0.359613,-0.0338404,9.21152e-05
135.178,0.359467,-0.0338395,9.21055e-05
135.183,0.359321,-0.0338386,9.20958e-05
135.187,0.359175,-0.0338377,9.2086e-05
135.191,0.359028,-0.0338368,9.20763e-05
135.196,0.358882,-0.0338359,9.20666e-05
135.2,0.358736,-0.033835,9.20569e-05
135.204,0.35859,-0.0338341,9.20472e-05
135.209,0.358445,-0.0338331,9.20374e-05
135.213,0.358299,-0.0338322,9.20277e-05
135.217,0.358153,-0.0338313,9.2018e-05
135.222,0.358007,-0.0338304,9.20083e-05
135.226,0.357861,-0.0338295,9.19986e-05
135.23,0.357716,-0.0338286,9.19888e-05
135.234,0.35757,-0.0338277,9.19791e-05
135.239,0.357424,-0.0338268,9.19694e-05
135.243,0.357279,-0.0338259,9.19597e-05
135.247,0.357133,-0.033825,9.195e-05
135.252,0.356988,-0.0338241,9.19403e-05
135.256,0.356842,-0.0338231,9.19305e-05
135.26,0.356697,-0.0338222,9.19208e-05
135.265,0.356552,-0.0338213,9.19111e-05
135.269,0.356406,-0.0338204,9.19014e-05
135.273,0.356261,-0.0338195,9.18917e-05
135.277,0.356116,-0.0338186,9.1882e-05
135.282,0.355971,-0.0338177,9.18723e-05
135.286,0.355826,-0.0338168,9.18625e-05
135.29,0.355681,-0.0338159,9.18528e-05
135.295,0.355536,-0.033815,9.18431e-05
135.299,0.355391,-0.0338141,9.18334e-05
135.303,0.355246,-0.0338132,9.18237e-05
135.308,0.355101,-0.0338123,9.1814e-05
135.312,0.354956,-0.0338114,9.18043e-05
135.316,0.354811,-0.0338105,9.17946e-05
135.32,0.354667,-0.0338096,9.17848e-05
135.325,0.354522,-0.0338087,9.17751e-05
135.329,0.354377,-0.0338078,9.17654e-05
135.333,0.354233,-0.0338068,9.17557e-05
135.337,0.354088,-0.0338059,9.1746e-05
135.342,0.353944,-0.033805,9.17363e-05
135.346,0.353799,-0.0338041,9.17266e-05
135.35,0.353655,-0.0338032,9.17169e-05
135.355,0.35351,-0.0338023,9.17072e-05
135.359,0.353366,-0.0338014,9.16975e-05
135.363,0.353222,-0.0338005,9.16878e-05
135.367,0.353078,-0.0337996,9.16781e-05
135.372,0.352933,-0.0337987,9.16684e-05
135.376,0.352789,-0.0337978,9.16587e-05
135.38,0.352645,-0.0337969,9.16489e-05
135.384,0.352501,-0.033796,9.16392e-05
135.389,0.352357,-0.0337951,9.16295e-05
135.393,0.352213,-0.0337942,9.16198e-05
135.397,0.352069,-0.0337933,9.16101e-05
135.401,0.351925,-0.0337924,9.16004e-05
135.406,0.351781,-0.0337915,9.15907e-05
135.41,0.351638,-0.0337906,9.1581e-05
135.414,0.351494,-0.0337897,9.15713e-05
135.418,0.35135,-0.0337888,9.15616e-05
135.423,0.351207,-0.0337879,9.15519e-05
135.427,0.351063,-0.033787,9.15422e-05
135.431,0.350919,-0.0337861,9.15325e-05
135.435,0.350776,-0.0337852,9.15228e-05
135.44,0.350632,-0.0337844,9.15131e-05
135.444,0.350489,-0.0337835,9.15034e-05
135.448,0.350345,-0.0337826,9.14937e-05
135.452,0.350202,-0.0337817,9.1484e-05
135.457,0.350059,-0.0337808,9.14743e-05
135.461,0.349916,-0.0337799,9.14646e-05
135.465,0.349772,-0.033779,9.14549e-05
135.469,0.349629,-0.0337781,9.14452e-05
135.474,0.349486,-0.0337772,9.14355e-05
135.478,0.349343,-0.0337763,9.14258e-05
135.482,0.3492,-0.0337754,9.14161e-05
135.486,0.349057,-0.0337745,9.14064e-05
135.491,0.348914,-0.0337736,9.13967e-05
135.495,0.348771,-0.0337727,9.1387e-05
135.499,0.348628,-0.0337718,9.13773e-05
135.503,0.348485,-0.0337709,9.13676e-05
135.508,0.348342,-0.03377,9.13579e-05
135.512,0.3482,-0.0337691,9.13482e-05
135.516,0.348057,-0.0337683,9.13385e-05
135.52,0.347914,-0.0337674,9.13288e-05
135.524,0.347772,-0.0337665,9.13191e-05
135.529,0.347629,-0.0337656,9.13094e-05
135.533,0.347486,-0.0337647,9.12997e-05
135.537,0.347344,-0.0337638,9.129e-05
135.541,0.347202,-0.0337629,9.12804e-05
135.546,0.347059,-0.033762,9.12707e-05
135.55,0.346917,-0.0337611,9.1261e-05
135.554,0.346774,-0.0337602,9.12513e-05
135.558,0.346632,-0.0337593,9.12416e-05
135.562,0.34649,-0.0337585,9.12319e-05
135.567,0.346348,-0.0337576,9.12222e-05
135.571,0.346206,-0.0337567,9.12125e-05
135.575,0.346063,-0.0337558,9.12028e-05
135.579,0.345921,-0.0337549,9.11931e-05
135.583,0.345779,-0.033754,9.11834e-05
135.588,0.345637,-0.0337531,9.11737e-05
135.592,0.345495,-0.0337522,9.1164e-05
135.596,0.345354,-0.0337513,9.11543e-05
135.6,0.345212,-0.0337505,9.11446e-05
135.604,0.34507,-0.0337496,9.11349e-05
135.609,0.344928,-0.0337487,9.11253e-05
135.613,0.344786,-0.0337478,9.11156e-05
135.617,0.344645,-0.0337469,9.11059e-05
135.621,0.344503,-0.033746,9.10962e-05
135.625,0.344361,-0.0337451,9.10865e-05
135.63,0.34422,-0.0337442,9.10768e-05
135.634,0.344078,-0.0337434,9.10671e-05
135.638,0.343937,-0.0337425,9.10574e-05
135.642,0.343795,-0.0337416,9.10477e-05
135.646,0.343654,-0.0337407,9.1038e-05
135.651,0.343512,-0.0337398,9.10283e-05
135.655,0.343371,-0.0337389,9.10187e-05
135.659,0.34323,-0.0337381,9.1009e-05
135.663,0.343089,-0.0337372,9.09993e-05
135.667,0.342947,-0.0337363,9.09896e-05
135.672,0.342806,-0.0337354,9.09799e-05
135.676,0.342665,-0.0337345,9.09702e-05
135.68,0.342524,-0.0337336,9.09605e-05
135.684,0.342383,-0.0337328,9.09508e-05
135.688,0.342242,-0.0337319,9.09411e-05
135.692,0.342101,-0.033731,9.09314e-05
135.697,0.34196,-0.0337301,9.09218e-05
135.701,0.341819,-0.0337292,9.09121e-05
135.705,0.341679,-0.0337283,9.09024e-05
135.709,0.341538,-0.0337275,9.08927e-05
135.713,0.341397,-0.0337266,9.0883e-05
135.717,0.341256,-0.0337257,9.08733e-05
135.722,0.341116,-0.0337248,9.08636e-05
135.726,0.340975,-0.0337239,9.08539e-05
135.73,0.340834,-0.0337231,9.08443e-05
135.734,0.340694,-0.0337222,9.08346e-05
135.738,0.340553,-0.0337213,9.08249e-05
135.742,0.340413,-0.0337204,9.08152e-05
135.747,0.340272,-0.0337195,9.08055e-05
135.751,0.340132,-0.0337187,9.07958e-05
135.755,0.339992,-0.0337178,9.07861e-05
135.759,0.339851,-0.0337169,9.07764e-05
135.763,0.339711,-0.033716,9.07667e-05
135.767,0.339571,-0.0337151,9.07571e-05
135.772,0.339431,-0.0337143,9.07474e-05
135.776,0.33929,-0.0337134,9.07377e-05
135.78,0.33915,-0.0337125,9.0728e-05
135.784,0.33901,-0.0337116,9.07183e-05
135.788,0.33887,-0.0337108,9.07086e-05
135.792,0.33873,-0.0337099,9.06989e-05
135.797,0.33859,-0.033709,9.06892e-05
135.801,0.33845,-0.0337081,9.06796e-05
135.805,0.33831,-0.0337073,9.06699e-05
135.809,0.338171,-0.0337064,9.06602e-05
135.813,0.338031,-0.0337055,9.06505e-05
135.817,0.337891,-0.0337046,9.06408e-05
135.821,0.337751,-0.0337038,9.06311e-05
135.826,0.337612,-0.0337029,9.06214e-05
135.83,0.337472,-0.033702,9.06117e-05
135.834,0.337332,-0.0337011,9.06021e-05
135.838,0.337193,-0.0337003,9.05924e-05
135.842,0.337053,-0.0336994,9.05827e-05
135.846,0.336914,-0.0336985,9.0573e-05
135.85,0.336774,-0.0336976,9.05633e-05
135.855,0.336635,-0.0336968,9.05536e-05
135.859,0.336496,-0.0336959,9.05439e-05
135.863,0.336356,-0.033695,9.05342e-05
135.867,0.336217,-0.0336941,9.05246e-05
135.871,0.336078,-0.0336933,9.05149e-05
135.875,0.335939,-0.0336924,9.05052e-05
135.879,0.335799,-0.0336915,9.04955e-05
135.883,0.33566,-0.0336907,9.04858e-05
135.888,0.335521,-0.0336898,9.04761e-05
135.892,0.335382,-0.0336889,9.04664e-05
135.896,0.335243,-0.033688,9.04567e-05
135.9,0.335104,-0.0336872,9.04471e-05
135.904,0.334965,-0.0336863,9.04374e-05
135.908,0.334826,-0.0336854,9.04277e-05
135.912,0.334687,-0.0336846,9.0418e-05
135.917,0.334548,-0.0336837,9.04083e-05
135.921,0.33441,-0.0336828,9.03986e-05
135.925,0.334271,-0.033682,9.03889e-05
135.929,0.334132,-0.0336811,9.03792e-05
135.933,0.333994,-0.0336802,9.03696e-05
135.937,0.333855,-0.0336793,9.03599e-05
135.941,0.333716,-0.0336785,9.03502e-05
135.945,0.333578,-0.0336776,9.03405e-05
135.949,0.333439,-0.0336767,9.03308e-05
135.954,0.333301,-0.0336759,9.03211e-05
135.958,0.333162,-0.033675,9.03114e-05
135.962,0.333024,-0.0336741,9.03017e-05
135.966,0.332885,-0.0336733,9.0292e-05
135.97,0.332747,-0.0336724,9.02824e-05
135.974,0.332609,-0.0336715,9.02727e-05
135.978,0.33247,-0.0336707,9.0263e-05
135.982,0.332332,-0.0336698,9.02533e-05
135.986,0.332194,-0.0336689,9.02436e-05
135.991,0.332056,-0.0336681,9.02339e-05
135.995,0.331918,-0.0336672,9.02242e-05
135.999,0.33178,-0.0336663,9.02145e-05
136.003,0.331642,-0.0336655,9.02048e-05
136.007,0.331504,-0.0336646,9.01951e-05
136.011,0.331366,-0.0336637,9.01855e-05
136.015,0.331228,-0.0336629,9.01758e-05
136.019,0.33109,-0.033662,9.01661e-05
136.023,0.330952,-0.0336612,9.01564e-05
136.027,0.330814,-0.0336603,9.01467e-05
136.032,0.330676,-0.0336594,9.0137e-05
136.036,0.330539,-0.0336586,9.01273e-05
136.04,0.330401,-0.0336577,9.01176e-05
136.044,0.330263,-0.0336568,9.01079e-05
136.048,0.330125,-0.033656,9.00982e-05
136.052,0.329988,-0.0336551,9.00885e-05
136.056,0.32985,-0.0336543,9.00789e-05
136.06,0.329713,-0.0336534,9.00692e-05
136.064,0.329575,-0.0336525,9.00595e-05
136.068,0.329438,-0.0336517,9.00498e-05
136.072,0.3293,-0.0336508,9.00401e-05
136.076,0.329163,-0.0336499,9.00304e-05
136.081,0.329025,-0.0336491,9.00207e-05
136.085,0.328888,-0.0336482,9.0011e-05
136.089,0.328751,-0.0336474,9.00013e-05
136.093,0.328614,-0.0336465,8.99916e-05
136.097,0.328476,-0.0336456,8.99819e-05
136.101,0.328339,-0.0336448,8.99722e-05
136.105,0.328202,-0.0336439,8.99625e-05
136.109,0.328065,-0.0336431,8.99528e-05
136.113,0.327928,-0.0336422,8.99431e-05
136.117,0.327791,-0.0336413,8.99334e-05
136.121,0.327654,-0.0336405,8.99237e-05
136.125,0.327517,-0.0336396,8.9914e-05
136.129,0.32738,-0.0336388,8.99043e-05
136.134,0.327243,-0.0336379,8.98947e-05
136.138,0.327106,-0.033637,8.9885e-05
136.142,0.326969,-0.0336362,8.98753e-05
136.146,0.326832,-0.0336353,8.98656e-05
136.15,0.326695,-0.0336345,8.98559e-05
136.154,0.326559,-0.0336336,8.98462e-05
136.158,0.326422,-0.0336328,8.98365e-05
136.162,0.326285,-0.0336319,8.98268e-05
136.166,0.326149,-0.033631,8.98171e-05
136.17,0.326012,-0.0336302,8.98074e-05
136.174,0.325876,-0.0336293,8.97977e-05
136.178,0.325739,-0.0336285,8.9788e-05
136.182,0.325602,-0.0336276,8.97783e-05
136.186,0.325466,-0.0336268,8.97686e-05
136.19,0.325329,-0.0336259,8.97589e-05
136.194,0.325193,-0.0336251,8.97492e-05
136.199,0.325057,-0.0336242,8.97395e-05
136.203,0.32492,-0.0336233,8.97297e-05
136.207,0.324784,-0.0336225,8.972e-05
136.211,0.324648,-0.0336216,8.97103e-05
136.215,0.324512,-0.0336208,8.97006e-05
136.219,0.324375,-0.0336199,8.96909e-05
136.223,0.324239,-0.0336191,8.96812e-05
136.227,0.324103,-0.0336182,8.96715e-05
136.231,0.323967,-0.0336174,8.96618e-05
136.235,0.323831,-0.0336165,8.96521e-05
136.239,0.323695,-0.0336157,8.96424e-05
136.243,0.323559,-0.0336148,8.96327e-05
136.247,0.323423,-0.033614,8.9623e-05
136.251,0.323287,-0.0336131,8.96133e-05
136.255,0.323151,-0.0336123,8.96036e-05
136.259,0.323015,-0.0336114,8.95939e-05
136.263,0.322879,-0.0336105,8.95842e-05
136.267,0.322743,-0.0336097,8.95744e-05
136.271,0.322608,-0.0336088,8.95647e-05
136.275,0.322472,-0.033608,8.9555e-05
136.279,0.322336,-0.0336071,8.95453e-05
136.284,0.3222,-0.0336063,8.95356e-05
136.288,0.322065,-0.0336054,8.95259e-05
136.292,0.321929,-0.0336046,8.95162e-05
136.296,0.321793,-0.0336037,8.95065e-05
136.3,0.321658,-0.0336029,8.94968e-05
136.304,0.321522,-0.033602,8.9487e-05
136.308,0.321387,-0.0336012,8.94773e-05
136.312,0.321251,-0.0336003,8.94676e-05
136.316,0.321116,-0.0335995,8.94579e-05
136.32,0.320981,-0.0335986,8.94482e-05
136.324,0.320845,-0.0335978,8.94385e-05
136.328,0.32071,-0.0335969,8.94287e-05
136.332,0.320575,-0.0335961,8.9419e-05
136.336,0.320439,-0.0335952,8.94093e-05
136.34,0.320304,-0.0335944,8.93996e-05
136.344,0.320169,-0.0335936,8.93899e-05
136.348,0.320034,-0.0335927,8.93802e-05
136.352,0.319898,-0.0335919,8.93704e-05
136.356,0.319763,-0.033591,8.93607e-05
136.36,0.319628,-0.0335902,8.9351e-05
136.364,0.319493,-0.0335893,8.93413e-05
136.368,0.319358,-0.0335885,8.93316e-05
136.372,0.319223,-0.0335876,8.93218e-05
136.376,0.319088,-0.0335868,8.93121e-05
136.38,0.318953,-0.0335859,8.93024e-05
136.384,0.318818,-0.0335851,8.92927e-05
136.388,0.318683,-0.0335842,8.92829e-05
136.392,0.318549,-0.0335834,8.92732e-05
136.396,0.318414,-0.0335825,8.92635e-05
136.4,0.318279,-0.0335817,8.92538e-05
136.404,0.318144,-0.0335809,8.9244e-05
136.408,0.318009,-0.03358,8.92343e-05
136.412,0.317875,-0.0335792,8.92246e-05
136.416,0.31774,-0.0335783,8.92148e-05
136.42,0.317605,-0.0335775,8.92051e-05
136.424,0.317471,-0.0335766,8.91954e-05
136.428,0.317336,-0.0335758,8.91856e-05
136.432,0.317202,-0.0335749,8.91759e-05
136.436,0.317067,-0.0335741,8.91662e-05
136.44,0.316932,-0.0335733,8.91564e-05
136.444,0.316798,-0.0335724,8.91467e-05
136.448,0.316664,-0.0335716,8.9137e-05
136.452,0.316529,-0.0335707,8.91272e-05
136.456,0.316395,-0.0335699,8.91175e-05
136.46,0.31626,-0.033569,8.91078e-05
136.464,0.316126,-0.0335682,8.9098e-05
136.468,0.315992,-0.0335674,8.90883e-05
136.472,0.315857,-0.0335665,8.90785e-05
136.476,0.315723,-0.0335657,8.90688e-05
136.48,0.315589,-0.0335648,8.90591e-05
136.484,0.315455,-0.033564,8.90493e-05
136.488,0.315321,-0.0335631,8.90396e-05
136.492,0.315186,-0.0335623,8.90298e-05
136.496,0.315052,-0.0335615,8.90201e-05
136.5,0.314918,-0.0335606,8.90103e-05
136.504,0.314784,-0.0335598,8.90006e-05
136.508,0.31465,-0.0335589,8.89909e-05
136.512,0.314516,-0.0335581,8.89811e-05
136.516,0.314382,-0.0335573,8.89714e-05
136.52,0.314248,-0.0335564,8.89616e-05
136.524,0.314114,-0.0335556,8.89519e-05
136.528,0.31398,-0.0335547,8.89421e-05
136.532,0.313847,-0.0335539,8.89324e-05
136.536,0.313713,-0.0335531,8.89226e-05
136.54,0.313579,-0.0335522,8.89129e-05
136.544,0.313445,-0.0335514,8.89031e-05
136.548,0.313311,-0.0335505,8.88933e-05
136.552,0.313178,-0.0335497,8.88836e-05
136.556,0.313044,-0.0335489,8.88738e-05
136.56,0.31291,-0.033548,8.88641e-05
136.564,0.312777,-0.0335472,8.88543e-05
136.568,0.312643,-0.0335464,8.88446e-05
136.572,0.312509,-0.0335455,8.88348e-05
136.576,0.312376,-0.0335447,8.8825e-05
136.58,0.312242,-0.0335438,8.88153e-05
136.584,0.312109,-0.033543,8.88055e-05
136.588,0.311975,-0.0335422,8.87957e-05
136.592,0.311842,-0.0335413,8.8786e-05
136.596,0.311708,-0.0335405,8.87762e-05
136.6,0.311575,-0.0335397,8.87664e-05
136.604,0.311441,-0.0335388,8.87567e-05
136.608,0.311308,-0.033538,8.87469e-05
136.612,0.311175,-0.0335371,8.87371e-05
136.616,0.311041,-0.0335363,8.87274e-05
136.62,0.310908,-0.0335355,8.87176e-05
136.624,0.310775,-0.0335346,8.87078e-05
136.628,0.310642,-0.0335338,8.86981e-05
136.632,0.310508,-0.033533,8.86883e-05
136.636,0.310375,-0.0335321,8.86785e-05
136.64,0.310242,-0.0335313,8.86687e-05
136.644,0.310109,-0.0335305,8.86589e-05
136.648,0.309976,-0.0335296,8.86492e-05
136.652,0.309843,-0.0335288,8.86394e-05
136.656,0.30971,-0.033528,8.86296e-05
136.66,0.309576,-0.0335271,8.86198e-05
136.664,0.309443,-0.0335263,8.861e-05
136.668,0.30931,-0.0335255,8.86003e-05
136.672,0.309177,-0.0335246,8.85905e-05
136.675,0.309044,-0.0335238,8.85807e-05
136.679,0.308911,-0.033523,8.85709e-05
136.683,0.308779,-0.0335221,8.85611e-05
136.687,0.308646,-0.0335213,8.85513e-05
136.691,0.308513,-0.0335205,8.85415e-05
136.695,0.30838,-0.0335196,8.85317e-05
136.699,0.308247,-0.0335188,8.85219e-05
136.703,0.308114,-0.033518,8.85121e-05
136.707,0.307982,-0.0335171,8.85023e-05
136.711,0.307849,-0.0335163,8.84925e-05
136.715,0.307716,-0.0335155,8.84827e-05
136.719,0.307583,-0.0335146,8.84729e-05
136.723,0.307451,-0.0335138,8.84631e-05
136.727,0.307318,-0.033513,8.84533e-05
136.731,0.307185,-0.0335121,8.84435e-05
136.735,0.307053,-0.0335113,8.84337e-05
136.739,0.30692,-0.0335105,8.84239e-05
136.743,0.306787,-0.0335096,8.84141e-05
136.747,0.306655,-0.0335088,8.84043e-05
136.751,0.306522,-0.033508,8.83945e-05
136.755,0.30639,-0.0335071,8.83847e-05
136.759,0.306257,-0.0335063,8.83749e-05
136.763,0.306125,-0.0335055,8.83651e-05
136.767,0.305992,-0.0335046,8.83552e-05
136.77,0.30586,-0.0335038,8.83454e-05
136.774,0.305727,-0.033503,8.83356e-05
136.778,0.305595,-0.0335022,8.83258e-05
136.782,0.305462,-0.0335013,8.8316e-05
136.786,0.30533,-0.0335005,8.83061e-05
136.79,0.305198,-0.0334997,8.82963e-05
136.794,0.305065,-0.0334988,8.82865e-05
136.798,0.304933,-0.033498,8.82767e-05
136.802,0.304801,-0.0334972,8.82668e-05
136.806,0.304669,-0.0334964,8.8257e-05
136.81,0.304536,-0.0334955,8.82472e-05
136.814,0.304404,-0.0334947,8.82373e-05
136.818,0.304272,-0.0334939,8.82275e-05
136.822,0.30414,-0.033493,8.82177e-05
136.826,0.304007,-0.0334922,8.82078e-05
136.83,0.303875,-0.0334914,8.8198e-05
136.834,0.303743,-0.0334905,8.81882e-05
136.838,0.303611,-0.0334897,8.81783e-05
136.842,0.303479,-0.0334889,8.81685e-05
136.846,0.303347,-0.0334881,8.81586e-05
136.849,0.303215,-0.0334872,8.81488e-05
136.853,0.303083,-0.0334864,8.81389e-05
136.857,0.302951,-0.0334856,8.81291e-05
136.861,0.302819,-0.0334848,8.81192e-05
136.865,0.302687,-0.0334839,8.81094e-05
136.869,0.302555,-0.0334831,8.80995e-05
136.873,0.302423,-0.0334823,8.80897e-05
136.877,0.302291,-0.0334814,8.80798e-05
136.881,0.302159,-0.0334806,8.80699e-05
136.885,0.302027,-0.0334798,8.80601e-05
136.889,0.301895,-0.033479,8.80502e-05
136.893,0.301763,-0.0334781,8.80404e-05
136.897,0.301631,-0.0334773,8.80305e-05
136.901,0.301499,-0.0334765,8.80206e-05
136.905,0.301367,-0.0334757,8.80108e-05
136.909,0.301236,-0.0334748,8.80009e-05
136.913,0.301104,-0.033474,8.7991e-05
136.916,0.300972,-0.0334732,8.79811e-05
136.92,0.30084,-0.0334724,8.79713e-05
136.924,0.300708,-0.0334715,8.79614e-05
136.928,0.300577,-0.0334707,8.79515e-05
136.932,0.300445,-0.0334699,8.79416e-05
136.936,0.300313,-0.0334691,8.79317e-05
136.94,0.300181,-0.0334682,8.79218e-05
136.944,0.30005,-0.0334674,8.79119e-05
136.948,0.299918,-0.0334666,8.79021e-05
136.952,0.299786,-0.0334657,8.78922e-05
136.956,0.299655,-0.0334649,8.78823e-05
136.96,0.299523,-0.0334641,8.78724e-05
136.964,0.299391,-0.0334633,8.78625e-05
136.968,0.29926,-0.0334624,8.78526e-05
136.972,0.299128,-0.0334616,8.78427e-05
136.975,0.298996,-0.0334608,8.78328e-05
136.979,0.298865,-0.03346,8.78229e-05
136.983,0.298733,-0.0334592,8.7813e-05
136.987,0.298602,-0.0334583,8.7803e-05
136.991,0.29847,-0.0334575,8.77931e-05
136.995,0.298339,-0.0334567,8.77832e-05
136.999,0.298207,-0.0334559,8.77733e-05
137.003,0.298076,-0.033455,8.77634e-05
137.007,0.297944,-0.0334542,8.77535e-05
137.011,0.297813,-0.0334534,8.77435e-05
137.015,0.297681,-0.0334526,8.77336e-05
137.019,0.29755,-0.0334517,8.77237e-05
137.023,0.297418,-0.0334509,8.77138e-05
137.027,0.297287,-0.0334501,8.77038e-05
137.031,0.297155,-0.0334493,8.76939e-05
137.034,0.297024,-0.0334484,8.7684e-05
137.038,0.296892,-0.0334476,8.7674e-05
137.042,0.296761,-0.0334468,8.76641e-05
137.046,0.29663,-0.033446,8.76541e-05
137.05,0.296498,-0.0334451,8.76442e-05
137.054,0.296367,-0.0334443,8.76342e-05
137.058,0.296235,-0.0334435,8.76243e-05
137.062,0.296104,-0.0334427,8.76143e-05
137.066,0.295973,-0.0334419,8.76044e-05
137.07,0.295841,-0.033441,8.75944e-05
137.074,0.29571,-0.0334402,8.75845e-05
137.078,0.295579,-0.0334394,8.75745e-05
137.082,0.295447,-0.0334386,8.75645e-05
137.086,0.295316,-0.0334377,8.75546e-05
137.089,0.295185,-0.0334369,8.75446e-05
137.093,0.295053,-0.0334361,8.75346e-05
137.097,0.294922,-0.0334353,8.75247e-05
137.101,0.294791,-0.0334345,8.75147e-05
137.105,0.294659,-0.0334336,8.75047e-05
137.109,0.294528,-0.0334328,8.74947e-05
137.113,0.294397,-0.033432,8.74847e-05
137.117,0.294266,-0.0334312,8.74748e-05
137.121,0.294134,-0.0334303,8.74648e-05
137.125,0.294003,-0.0334295,8.74548e-05
137.129,0.293872,-0.0334287,8.74448e-05
137.133,0.29374,-0.0334279,8.74348e-05
137.137,0.293609,-0.0334271,8.74248e-05
137.14,0.293478,-0.0334262,8.74148e-05
137.144,0.293347,-0.0334254,8.74048e-05
137.148,0.293215,-0.0334246,8.73948e-05
137.152,0.293084,-0.0334238,8.73848e-05
137.156,0.292953,-0.0334229,8.73747e-05
137.16,0.292822,-0.0334221,8.73647e-05
137.164,0.29269,-0.0334213,8.73547e-05
137.168,0.292559,-0.0334205,8.73447e-05
137.172,0.292428,-0.0334197,8.73347e-05
137.176,0.292297,-0.0334188,8.73246e-05
137.18,0.292165,-0.033418,8.73146e-05
137.184,0.292034,-0.0334172,8.73046e-05
137.188,0.291903,-0.0334164,8.72945e-05
137.192,0.291772,-0.0334155,8.72845e-05
137.195,0.291641,-0.0334147,8.72744e-05
137.199,0.291509,-0.0334139,8.72644e-05
137.203,0.291378,-0.0334131,8.72544e-05
137.207,0.291247,-0.0334123,8.72443e-05
137.211,0.291116,-0.0334114,8.72342e-05
137.215,0.290984,-0.0334106,8.72242e-05
137.219,0.290853,-0.0334098,8.72141e-05
137.223,0.290722,-0.033409,8.72041e-05
137.227,0.290591,-0.0334082,8.7194e-05
137.231,0.290459,-0.0334073,8.71839e-05
137.235,0.290328,-0.0334065,8.71738e-05
137.239,0.290197,-0.0334057,8.71638e-05
137.243,0.290066,-0.0334049,8.71537e-05
137.247,0.289934,-0.033404,8.71436e-05
137.25,0.289803,-0.0334032,8.71335e-05
137.254,0.289672,-0.0334024,8.71234e-05
137.258,0.28954,-0.0334016,8.71133e-05
137.262,0.289409,-0.0334008,8.71032e-05
137.266,0.289278,-0.0333999,8.70931e-05
137.27,0.289146,-0.0333991,8.7083e-05
137.274,0.289015,-0.0333983,8.70729e-05
137.278,0.288884,-0.0333975,8.70628e-05
137.282,0.288753,-0.0333967,8.70527e-05
137.286,0.288621,-0.0333958,8.70425e-05
137.29,0.28849,-0.033395,8.70324e-05
137.294,0.288359,-0.0333942,8.70223e-05
137.298,0.288227,-0.0333934,8.70121e-05
137.302,0.288096,-0.0333925,8.7002e-05
137.306,0.287964,-0.0333917,8.69919e-05
137.309,0.287833,-0.0333909,8.69817e-05
137.313,0.287702,-0.0333901,8.69716e-05
137.317,0.28757,-0.0333893,8.69614e-05
137.321,0.287439,-0.0333884,8.69513e-05
137.325,0.287307,-0.0333876,8.69411e-05
137.329,0.287176,-0.0333868,8.69309e-05
137.333,0.287045,-0.033386,8.69208e-05
137.337,0.286913,-0.0333851,8.69106e-05
137.341,0.286782,-0.0333843,8.69004e-05
137.345,0.28665,-0.0333835,8.68903e-05
137.349,0.286519,-0.0333827,8.68801e-05
137.353,0.286387,-0.0333819,8.68699e-05
137.357,0.286256,-0.033381,8.68597e-05
137.361,0.286124,-0.0333802,8.68495e-05
137.365,0.285992,-0.0333794,8.68393e-05
137.369,0.285861,-0.0333786,8.68291e-05
137.372,0.285729,-0.0333777,8.68189e-05
137.376,0.285598,-0.0333769,8.68087e-05
137.38,0.285466,-0.0333761,8.67984e-05
137.384,0.285334,-0.0333753,8.67882e-05
137.388,0.285203,-0.0333745,8.6778e-05
137.392,0.285071,-0.0333736,8.67678e-05
137.396,0.284939,-0.0333728,8.67575e-05
137.4,0.284808,-0.033372,8.67473e-05
137.404,0.284676,-0.0333712,8.6737e-05
137.408,0.284544,-0.0333703,8.67268e-05
137.412,0.284412,-0.0333695,8.67165e-05
137.416,0.284281,-0.0333687,8.67062e-05
137.42,0.284149,-0.0333679,8.6696e-05
137.424,0.284017,-0.033367,8.66857e-05
137.428,0.283885,-0.0333662,8.66754e-05
137.432,0.283753,-0.0333654,8.66651e-05
137.436,0.283621,-0.0333646,8.66549e-05
137.44,0.283489,-0.0333637,8.66446e-05
137.444,0.283357,-0.0333629,8.66343e-05
137.448,0.283225,-0.0333621,8.6624e-05
137.451,0.283093,-0.0333613,8.66137e-05
137.455,0.282961,-0.0333604,8.66033e-05
137.459,0.282829,-0.0333596,8.6593e-05
137.463,0.282697,-0.0333588,8.65827e-05
137.467,0.282565,-0.033358,8.65724e-05
137.471,0.282433,-0.0333571,8.6562e-05
137.475,0.2823,-0.0333563,8.65517e-05
137.479,0.282168,-0.0333555,8.65414e-05
137.483,0.282036,-0.0333547,8.6531e-05
137.487,0.281904,-0.0333538,8.65206e-05
137.491,0.281771,-0.033353,8.65103e-05
137.495,0.281639,-0.0333522,8.64999e-05
137.499,0.281507,-0.0333513,8.64895e-05
137.503,0.281374,-0.0333505,8.64791e-05
137.507,0.281242,-0.0333497,8.64688e-05
137.511,0.281109,-0.0333489,8.64584e-05
137.515,0.280977,-0.033348,8.6448e-05
137.519,0.280844,-0.0333472,8.64375e-05
137.523,0.280711,-0.0333464,8.64271e-05
137.527,0.280579,-0.0333456,8.64167e-05
137.531,0.280446,-0.0333447,8.64063e-05
137.535,0.280313,-0.0333439,8.63959e-05
137.539,0.28018,-0.0333431,8.63854e-05
137.543,0.280048,-0.0333422,8.6375e-05
137.547,0.279915,-0.0333414,8.63645e-05
137.551,0.279782,-0.0333406,8.63541e-05
137.555,0.279649,-0.0333397,8.63436e-05
137.559,0.279516,-0.0333389,8.63331e-05
137.563,0.279383,-0.0333381,8.63226e-05
137.567,0.27925,-0.0333373,8.63121e-05
137.571,0.279117,-0.0333364,8.63017e-05
137.575,0.278983,-0.0333356,8.62912e-05
137.579,0.27885,-0.0333348,8.62806e-05
137.583,0.278717,-0.0333339,8.62701e-05
137.587,0.278583,-0.0333331,8.62596e-05
137.591,0.27845,-0.0333323,8.62491e-05
137.595,0.278317,-0.0333314,8.62385e-05
137.599,0.278183,-0.0333306,8.6228e-05
137.603,0.278049,-0.0333298,8.62174e-05
137.607,0.277916,-0.0333289,8.62069e-05
137.611,0.277782,-0.0333281,8.61963e-05
137.615,0.277648,-0.0333273,8.61857e-05
137.619,0.277514,-0.0333264,8.61751e-05
137.623,0.27738,-0.0333256,8.61645e-05
137.627,0.277247,-0.0333248,8.61539e-05
137.631,0.277112,-0.0333239,8.61433e-05
137.635,0.276978,-0.0333231,8.61327e-05
137.639,0.276844,-0.0333222,8.6122e-05
137.643,0.27671,-0.0333214,8.61114e-05
137.647,0.276576,-0.0333206,8.61007e-05
137.651,0.276441,-0.0333197,8.60901e-05
137.655,0.276307,-0.0333189,8.60794e-05
137.659,0.276172,-0.033318,8.60687e-05
137.663,0.276038,-0.0333172,8.6058e-05
137.667,0.275903,-0.0333164,8.60473e-05
137.671,0.275768,-0.0333155,8.60366e-05
137.675,0.275633,-0.0333147,8.60259e-05
137.679,0.275498,-0.0333138,8.60152e-05
137.683,0.275363,-0.033313,8.60044e-05
137.687,0.275228,-0.0333122,8.59937e-05
137.691,0.275093,-0.0333113,8.59829e-05
137.696,0.274958,-0.0333105,8.59721e-05
137.7,0.274822,-0.0333096,8.59613e-05
137.704,0.274687,-0.0333088,8.59506e-05
137.708,0.274551,-0.0333079,8.59397e-05
137.712,0.274416,-0.0333071,8.59289e-05
137.716,0.27428,-0.0333062,8.59181e-05
137.72,0.274144,-0.0333054,8.59073e-05
137.724,0.274008,-0.0333046,8.58964e-05
137.728,0.273872,-0.0333037,8.58855e-05
137.732,0.273736,-0.0333029,8.58747e-05
137.736,0.273599,-0.033302,8.58638e-05
137.74,0.273463,-0.0333012,8.58529e-05
137.744,0.273326,-0.0333003,8.5842e-05
137.749,0.27319,-0.0332995,8.5831e-05
137.753,0.273053,-0.0332986,8.58201e-05
137.757,0.272916,-0.0332977,8.58091e-05
137.761,0.272779,-0.0332969,8.57982e-05
137.765,0.272642,-0.033296,8.57872e-05
137.769,0.272505,-0.0332952,8.57762e-05
137.773,0.272367,-0.0332943,8.57652e-05
137.777,0.27223,-0.0332935,8.57542e-05
137.782,0.272092,-0.0332926,8.57431e-05
137.786,0.271954,-0.0332918,8.57321e-05
137.79,0.271816,-0.0332909,8.5721e-05
137.794,0.271678,-0.03329,8.57099e-05
137.798,0.27154,-0.0332892,8.56988e-05
137.802,0.271401,-0.0332883,8.56877e-05
137.806,0.271263,-0.0332874,8.56766e-05
137.811,0.271124,-0.0332866,8.56654e-05
137.815,0.270985,-0.0332857,8.56542e-05
137.819,0.270846,-0.0332849,8.56431e-05
137.823,0.270707,-0.033284,8.56319e-05
137.827,0.270568,-0.0332831,8.56206e-05
137.832,0.270428,-0.0332822,8.56094e-05
137.836,0.270288,-0.0332814,8.55981e-05
137.84,0.270148,-0.0332805,8.55869e-05
137.844,0.270008,-0.0332796,8.55756e-05
137.848,0.269868,-0.0332788,8.55642e-05
137.853,0.269727,-0.0332779,8.55529e-05
137.857,0.269586,-0.033277,8.55415e-05
137.861,0.269445,-0.0332761,8.55301e-05
137.865,0.269304,-0.0332752,8.55187e-05
137.87,0.269162,-0.0332744,8.55073e-05
137.874,0.26902,-0.0332735,8.54958e-05
137.878,0.268878,-0.0332726,8.54844e-05
137.882,0.268736,-0.0332717,8.54729e-05
137.887,0.268594,-0.0332708,8.54613e-05
137.891,0.268451,-0.0332699,8.54498e-05
137.895,0.268308,-0.0332691,8.54382e-05
137.9,0.268164,-0.0332682,8.54266e-05
137.904,0.268021,-0.0332673,8.5415e-05
137.908,0.267877,-0.0332664,8.54033e-05
137.913,0.267733,-0.0332655,8.53916e-05
137.917,0.267588,-0.0332646,8.53799e-05
137.921,0.267443,-0.0332637,8.53681e-05
137.926,0.267298,-0.0332628,8.53563e-05
137.93,0.267152,-0.0332619,8.53445e-05
137.934,0.267006,-0.033261,8.53327e-05
137.939,0.26686,-0.03326,8.53208e-05
137.943,0.266713,-0.0332591,8.53088e-05
137.948,0.266566,-0.0332582,8.52969e-05
137.952,0.266418,-0.0332573,8.52849e-05
137.957,0.26627,-0.0332564,8.52728e-05
137.961,0.266122,-0.0332555,8.52607e-05
137.965,0.265973,-0.0332545,8.52486e-05
137.97,0.265823,-0.0332536,8.52364e-05
137.974,0.265673,-0.0332527,8.52242e-05
137.979,0.265522,-0.0332517,8.52119e-05
137.984,0.265371,-0.0332508,8.51996e-05
137.988,0.265219,-0.0332498,8.51872e-05
137.993,0.265066,-0.0332489,8.51747e-05
137.997,0.264913,-0.0332479,8.51622e-05
138.002,0.264759,-0.033247,8.51496e-05
138.007,0.264604,-0.033246,8.5137e-05
138.011,0.264448,-0.0332451,8.51242e-05
138.016,0.264292,-0.0332441,8.51114e-05
138.021,0.264134,-0.0332431,8.50985e-05
138.026,0.263976,-0.0332421,8.50856e-05
138.03,0.263816,-0.0332411,8.50725e-05
138.035,0.263655,-0.0332401,8.50593e-05
138.04,0.263493,-0.0332391,8.5046e-05
138.045,0.263329,-0.0332381,8.50326e-05
138.05,0.263163,-0.0332371,8.5019e-05
138.055,0.262996,-0.033236,8.50053e-05
138.06,0.262826,-0.033235,8.49913e-05
138.065,0.262653,-0.0332339,8.49772e-05
138.071,0.262478,-0.0332328,8.49628e-05
138.076,0.262298,-0.0332317,8.4948e-05
138.082,0.262112,-0.0332305,8.49327e-05
138.088,0.261914,-0.0332293,8.49164e-05
138.091,0.261794,-0.0332286,8.49065e-05
138.096,0.26162,-0.0332275,8.48922e-05
138.102,0.261427,-0.0332263,8.48763e-05
138.107,0.261261,-0.0332253,8.48626e-05
138.113,0.261064,-0.033224,8.48464e-05
138.116,0.260958,-0.0332234,8.48377e-05
138.122,0.260757,-0.0332221,8.48211e-05
138.131,0.260484,-0.0332204,8.47985e-05
138.135,0.260328,-0.0332195,8.47856e-05
138.142,0.260115,-0.0332182,8.4768e-05
138.148,0.259901,-0.0332168,8.47503e-05
138.155,0.259687,-0.0332155,8.47326e-05
138.16,0.2595,-0.0332143,8.47171e-05
138.166,0.259322,-0.0332132,8.47024e-05
138.171,0.25913,-0.033212,8.46865e-05
138.176,0.258982,-0.0332111,8.46742e-05
138.181,0.258813,-0.0332101,8.46602e-05
138.186,0.258636,-0.033209,8.46455e-05
138.192,0.258456,-0.0332079,8.46306e-05
138.197,0.258273,-0.0332067,8.46154e-05
138.203,0.258089,-0.0332056,8.46001e-05
138.208,0.257902,-0.0332044,8.45845e-05
138.214,0.257711,-0.0332033,8.45687e-05
138.219,0.257551,-0.0332023,8.45554e-05
138.224,0.257392,-0.0332013,8.45421e-05
138.228,0.257234,-0.0332003,8.45289e-05
138.233,0.257077,-0.0331993,8.45159e-05
138.238,0.256922,-0.0331984,8.4503e-05
138.242,0.256768,-0.0331974,8.44902e-05
138.247,0.256616,-0.0331965,8.44775e-05
138.252,0.256465,-0.0331955,8.44649e-05
138.256,0.256315,-0.0331946,8.44524e-05
138.261,0.256167,-0.0331937,8.44399e-05
138.265,0.256019,-0.0331928,8.44276e-05
138.27,0.255872,-0.0331919,8.44153e-05
138.274,0.255726,-0.033191,8.44031e-05
138.278,0.25558,-0.0331901,8.43909e-05
138.283,0.255436,-0.0331892,8.43789e-05
138.287,0.255292,-0.0331883,8.43668e-05
138.291,0.255149,-0.0331874,8.43549e-05
138.296,0.255007,-0.0331865,8.43429e-05
138.3,0.254865,-0.0331856,8.43311e-05
138.304,0.254724,-0.0331848,8.43193e-05
138.308,0.254584,-0.0331839,8.43075e-05
138.313,0.254444,-0.033183,8.42958e-05
138.317,0.254305,-0.0331822,8.42841e-05
138.321,0.254167,-0.0331813,8.42725e-05
138.325,0.254029,-0.0331805,8.42609e-05
138.329,0.253891,-0.0331796,8.42493e-05
138.333,0.253754,-0.0331788,8.42378e-05
138.337,0.253618,-0.0331779,8.42263e-05
138.342,0.253482,-0.0331771,8.42149e-05
138.346,0.253346,-0.0331762,8.42035e-05
138.35,0.253211,-0.0331754,8.41921e-05
138.354,0.253076,-0.0331746,8.41808e-05
138.358,0.252942,-0.0331738,8.41695e-05
138.362,0.252808,-0.0331729,8.41582e-05
138.366,0.252675,-0.0331721,8.4147e-05
138.37,0.252542,-0.0331713,8.41358e-05
138.374,0.25241,-0.0331705,8.41246e-05
138.378,0.252278,-0.0331696,8.41135e-05
138.382,0.252146,-0.0331688,8.41024e-05
138.386,0.252015,-0.033168,8.40913e-05
138.39,0.251884,-0.0331672,8.40802e-05
138.394,0.251753,-0.0331664,8.40692e-05
138.398,0.251623,-0.0331656,8.40582e-05
138.401,0.251493,-0.0331648,8.40472e-05
138.405,0.251363,-0.033164,8.40362e-05
138.409,0.251234,-0.0331632,8.40253e-05
138.413,0.251105,-0.0331624,8.40144e-05
138.417,0.250977,-0.0331616,8.40035e-05
138.421,0.250849,-0.0331608,8.39927e-05
138.425,0.250721,-0.03316,8.39818e-05
138.429,0.250593,-0.0331592,8.3971e-05
138.432,0.250466,-0.0331585,8.39602e-05
138.436,0.250339,-0.0331577,8.39494e-05
138.44,0.250212,-0.0331569,8.39387e-05
138.444,0.250086,-0.0331561,8.3928e-05
138.448,0.24996,-0.0331553,8.39173e-05
138.452,0.249834,-0.0331546,8.39066e-05
138.455,0.249708,-0.0331538,8.38959e-05
138.459,0.249583,-0.033153,8.38853e-05
138.463,0.249458,-0.0331522,8.38746e-05
138.467,0.249333,-0.0331515,8.3864e-05
138.47,0.249209,-0.0331507,8.38534e-05
138.474,0.249084,-0.0331499,8.38429e-05
138.478,0.248961,-0.0331492,8.38323e-05
138.482,0.248837,-0.0331484,8.38218e-05
138.485,0.248713,-0.0331477,8.38113e-05
138.489,0.24859,-0.0331469,8.38008e-05
138.493,0.248467,-0.0331461,8.37903e-05
138.496,0.248345,-0.0331454,8.37798e-05
138.5,0.248222,-0.0331446,8.37694e-05
138.504,0.2481,-0.0331439,8.3759e-05
138.508,0.247978,-0.0331431,8.37486e-05
138.511,0.247856,-0.0331424,8.37382e-05
138.515,0.247735,-0.0331416,8.37278e-05
138.518,0.247614,-0.0331409,8.37174e-05
138.522,0.247493,-0.0331401,8.37071e-05
138.526,0.247372,-0.0331394,8.36968e-05
138.529,0.247251,-0.0331386,8.36864e-05
138.533,0.247131,-0.0331379,8.36762e-05
138.537,0.247011,-0.0331372,8.36659e-05
138.54,0.246891,-0.0331364,8.36556e-05
138.544,0.246771,-0.0331357,8.36453e-05
138.548,0.246651,-0.0331349,8.36351e-05
138.551,0.246532,-0.0331342,8.36249e-05
138.555,0.246413,-0.0331335,8.36147e-05
138.558,0.246294,-0.0331327,8.36045e-05
138.562,0.246175,-0.033132,8.35943e-05
138.565,0.246057,-0.0331313,8.35841e-05
138.569,0.245939,-0.0331306,8.3574e-05
138.573,0.24582,-0.0331298,8.35638e-05
138.576,0.245702,-0.0331291,8.35537e-05
138.58,0.245585,-0.0331284,8.35436e-05
138.583,0.245467,-0.0331277,8.35335e-05
138.587,0.24535,-0.0331269,8.35234e-05
138.59,0.245233,-0.0331262,8.35133e-05
138.594,0.245116,-0.0331255,8.35033e-05
138.597,0.244999,-0.0331248,8.34932e-05
138.601,0.244882,-0.0331241,8.34832e-05
138.604,0.244766,-0.0331233,8.34732e-05
138.608,0.24465,-0.0331226,8.34632e-05
138.611,0.244534,-0.0331219,8.34532e-05
138.615,0.244418,-0.0331212,8.34432e-05
138.618,0.244302,-0.0331205,8.34332e-05
138.622,0.244186,-0.0331198,8.34232e-05
138.625,0.244071,-0.0331191,8.34133e-05
138.629,0.243956,-0.0331184,8.34033e-05
138.632,0.243841,-0.0331177,8.33934e-05
138.636,0.243726,-0.0331169,8.33835e-05
138.639,0.243611,-0.0331162,8.33736e-05
138.643,0.243497,-0.0331155,8.33637e-05
138.646,0.243383,-0.0331148,8.33538e-05
138.65,0.243269,-0.0331141,8.33439e-05
138.653,0.243155,-0.0331134,8.33341e-05
138.657,0.243041,-0.0331127,8.33242e-05
138.66,0.242927,-0.033112,8.33144e-05
138.663,0.242813,-0.0331113,8.33046e-05
138.667,0.2427,-0.0331106,8.32948e-05
138.67,0.242587,-0.03311,8.3285e-05
138.674,0.242474,-0.0331093,8.32752e-05
138.677,0.242361,-0.0331086,8.32654e-05
138.68,0.242248,-0.0331079,8.32556e-05
138.684,0.242136,-0.0331072,8.32458e-05
138.687,0.242023,-0.0331065,8.32361e-05
138.691,0.241911,-0.0331058,8.32263e-05
138.694,0.241799,-0.0331051,8.32166e-05
138.697,0.241687,-0.0331044,8.32069e-05
138.701,0.241575,-0.0331037,8.31972e-05
138.704,0.241463,-0.0331031,8.31875e-05
138.708,0.241352,-0.0331024,8.31778e-05
138.711,0.241241,-0.0331017,8.31681e-05
138.714,0.241129,-0.033101,8.31584e-05
138.718,0.241018,-0.0331003,8.31487e-05
138.721,0.240907,-0.0330996,8.31391e-05
138.724,0.240796,-0.033099,8.31294e-05
138.728,0.240686,-0.0330983,8.31198e-05
138.731,0.240575,-0.0330976,8.31102e-05
138.734,0.240465,-0.0330969,8.31006e-05
138.738,0.240355,-0.0330962,8.30909e-05
138.741,0.240244,-0.0330956,8.30813e-05
138.744,0.240135,-0.0330949,8.30718e-05
138.748,0.240025,-0.0330942,8.30622e-05
138.751,0.239915,-0.0330936,8.30526e-05
138.754,0.239805,-0.0330929,8.3043e-05
138.758,0.239696,-0.0330922,8.30335e-05
138.761,0.239587,-0.0330915,8.30239e-05
138.764,0.239478,-0.0330909,8.30144e-05
138.767,0.239369,-0.0330902,8.30049e-05
138.771,0.23926,-0.0330895,8.29953e-05
138.774,0.239151,-0.0330889,8.29858e-05
138.777,0.239042,-0.0330882,8.29763e-05
138.781,0.238934,-0.0330875,8.29668e-05
138.784,0.238825,-0.0330869,8.29573e-05
138.787,0.238717,-0.0330862,8.29479e-05
138.79,0.238609,-0.0330856,8.29384e-05
138.794,0.238501,-0.0330849,8.29289e-05
138.797,0.238393,-0.0330842,8.29195e-05
138.8,0.238285,-0.0330836,8.291e-05
138.803,0.238178,-0.0330829,8.29006e-05
138.807,0.23807,-0.0330823,8.28912e-05
138.81,0.237963,-0.0330816,8.28818e-05
138.813,0.237856,-0.0330809,8.28723e-05
138.816,0.237749,-0.0330803,8.28629e-05
138.82,0.237642,-0.0330796,8.28535e-05
138.823,0.237535,-0.033079,8.28442e-05
138.826,0.237428,-0.0330783,8.28348e-05
138.829,0.237322,-0.0330777,8.28254e-05
138.833,0.237215,-0.033077,8.2816e-05
138.836,0.237109,-0.0330764,8.28067e-05
138.839,0.237002,-0.0330757,8.27973e-05
138.842,0.236896,-0.0330751,8.2788e-05
138.845,0.23679,-0.0330744,8.27787e-05
138.849,0.236684,-0.0330738,8.27693e-05
138.852,0.236579,-0.0330731,8.276e-05
138.855,0.236473,-0.0330725,8.27507e-05
138.858,0.236367,-0.0330718,8.27414e-05
138.861,0.236262,-0.0330712,8.27321e-05
138.865,0.236157,-0.0330705,8.27228e-05
138.868,0.236051,-0.0330699,8.27135e-05
138.871,0.235946,-0.0330693,8.27043e-05
138.874,0.235841,-0.0330686,8.2695e-05
138.877,0.235736,-0.033068,8.26857e-05
138.88,0.235632,-0.0330673,8.26765e-05
138.884,0.235527,-0.0330667,8.26672e-05
138.887,0.235423,-0.0330661,8.2658e-05
138.89,0.235318,-0.0330654,8.26488e-05
138.893,0.235214,-0.0330648,8.26395e-05
138.896,0.23511,-0.0330641,8.26303e-05
138.899,0.235006,-0.0330635,8.26211e-05
138.903,0.234902,-0.0330629,8.26119e-05
138.906,0.234798,-0.0330622,8.26027e-05
138.909,0.234694,-0.0330616,8.25935e-05
138.912,0.23459,-0.033061,8.25843e-05
138.915,0.234487,-0.0330603,8.25752e-05
138.918,0.234383,-0.0330597,8.2566e-05
138.921,0.23428,-0.0330591,8.25568e-05
138.924,0.234177,-0.0330584,8.25477e-05
138.928,0.234074,-0.0330578,8.25385e-05
138.931,0.233971,-0.0330572,8.25294e-05
138.934,0.233868,-0.0330566,8.25202e-05
138.937,0.233765,-0.0330559,8.25111e-05
138.94,0.233662,-0.0330553,8.2502e-05
138.943,0.23356,-0.0330547,8.24929e-05
138.946,0.233457,-0.0330541,8.24837e-05
138.949,0.233355,-0.0330534,8.24746e-05
138.952,0.233252,-0.0330528,8.24655e-05
138.956,0.23315,-0.0330522,8.24565e-05
138.959,0.233048,-0.0330516,8.24474e-05
138.962,0.232946,-0.0330509,8.24383e-05
138.965,0.232844,-0.0330503,8.24292e-05
138.968,0.232742,-0.0330497,8.24201e-05
138.971,0.232641,-0.0330491,8.24111e-05
138.974,0.232539,-0.0330485,8.2402e-05
138.977,0.232438,-0.0330478,8.2393e-05
138.98,0.232336,-0.0330472,8.23839e-05
138.983,0.232235,-0.0330466,8.23749e-05
138.986,0.232134,-0.033046,8.23659e-05
138.989,0.232033,-0.0330454,8.23569e-05
138.992,0.231932,-0.0330448,8.23479e-05
138.995,0.231831,-0.0330441,8.23388e-05
138.998,0.23173,-0.0330435,8.23298e-05
139.002,0.23163,-0.0330429,8.23208e-05
139.005,0.231529,-0.0330423,8.23118e-05
139.008,0.231428,-0.0330417,8.23029e-05
139.011,0.231328,-0.0330411,8.22939e-05
139.014,0.231228,-0.0330405,8.22849e-05
139.017,0.231127,-0.0330399,8.22759e-05
139.02,0.231027,-0.0330392,8.2267e-05
139.023,0.230927,-0.0330386,8.2258e-05
139.026,0.230827,-0.033038,8.22491e-05
139.029,0.230728,-0.0330374,8.22401e-05
139.032,0.230628,-0.0330368,8.22312e-05
139.035,0.230528,-0.0330362,8.22223e-05
139.038,0.230429,-0.0330356,8.22133e-05
139.041,0.230329,-0.033035,8.22044e-05
139.044,0.23023,-0.0330344,8.21955e-05
139.047,0.23013,-0.0330338,8.21866e-05
139.05,0.230031,-0.0330332,8.21777e-05
139.053,0.229932,-0.0330326,8.21688e-05
139.056,0.229833,-0.033032,8.21599e-05
139.059,0.229734,-0.0330314,8.2151e-05
139.062,0.229635,-0.0330308,8.21421e-05
139.065,0.229537,-0.0330302,8.21332e-05
139.068,0.229438,-0.0330296,8.21244e-05
139.071,0.22934,-0.033029,8.21155e-05
139.074,0.229241,-0.0330284,8.21066e-05
139.077,0.229143,-0.0330278,8.20978e-05
139.08,0.229044,-0.0330272,8.20889e-05
139.083,0.228946,-0.0330266,8.20801e-05
139.086,0.228848,-0.033026,8.20712e-05
139.089,0.22875,-0.0330254,8.20624e-05
139.092,0.228652,-0.0330248,8.20536e-05
139.095,0.228554,-0.0330242,8.20448e-05
139.098,0.228457,-0.0330236,8.2036e-05
139.101,0.228359,-0.033023,8.20271e-05
139.103,0.228261,-0.0330224,8.20183e-05
139.106,0.228164,-0.0330218,8.20095e-05
139.109,0.228066,-0.0330212,8.20007e-05
139.112,0.227969,-0.0330206,8.19919e-05
139.115,0.227872,-0.0330201,8.19832e-05
139.118,0.227775,-0.0330195,8.19744e-05
139.121,0.227678,-0.0330189,8.19656e-05
139.124,0.227581,-0.0330183,8.19568e-05
139.127,0.227484,-0.0330177,8.19481e-05
139.13,0.227387,-0.0330171,8.19393e-05
139.133,0.22729,-0.0330165,8.19306e-05
139.136,0.227194,-0.0330159,8.19218e-05
139.139,0.227097,-0.0330153,8.19131e-05
139.142,0.227001,-0.0330148,8.19043e-05
139.145,0.226904,-0.0330142,8.18956e-05
139.148,0.226808,-0.0330136,8.18869e-05
139.15,0.226712,-0.033013,8.18781e-05
139.153,0.226616,-0.0330124,8.18694e-05
139.156,0.226519,-0.0330118,8.18607e-05
139.159,0.226423,-0.0330113,8.1852e-05
139.162,0.226328,-0.0330107,8.18433e-05
139.165,0.226232,-0.0330101,8.18346e-05
139.168,0.226136,-0.0330095,8.18259e-05
139.171,0.22604,-0.0330089,8.18172e-05
139.174,0.225945,-0.0330084,8.18085e-05
139.177,0.225849,-0.0330078,8.17998e-05
139.179,0.225754,-0.0330072,8.17912e-05
139.182,0.225659,-0.0330066,8.17825e-05
139.185,0.225563,-0.033006,8.17738e-05
139.188,0.225468,-0.0330055,8.17652e-05
139.191,0.225373,-0.0330049,8.17565e-05
139.194,0.225278,-0.0330043,8.17479e-05
139.197,0.225183,-0.0330037,8.17392e-05
139.2,0.225088,-0.0330032,8.17306e-05
139.202,0.224994,-0.0330026,8.17219e-05
139.205,0.224899,-0.033002,8.17133e-05
139.208,0.224804,-0.0330014,8.17047e-05
139.211,0.22471,-0.0330009,8.16961e-05
139.214,0.224615,-0.0330003,8.16874e-05
139.217,0.224521,-0.0329997,8.16788e-05
139.22,0.224427,-0.0329992,8.16702e-05
139.223,0.224332,-0.0329986,8.16616e-05
139.225,0.224238,-0.032998,8.1653e-05
139.228,0.224144,-0.0329974,8.16444e-05
139.231,0.22405,-0.0329969,8.16358e-05
139.234,0.223956,-0.0329963,8.16273e-05
139.237,0.223862,-0.0329957,8.16187e-05
139.24,0.223769,-0.0329952,8.16101e-05
139.242,0.223675,-0.0329946,8.16015e-05
139.245,0.223581,-0.032994,8.1593e-05
139.248,0.223488,-0.0329935,8.15844e-05
139.251,0.223394,-0.0329929,8.15758e-05
139.254,0.223301,-0.0329923,8.15673e-05
139.257,0.223208,-0.0329918,8.15587e-05
139.259,0.223114,-0.0329912,8.15502e-05
139.262,0.223021,-0.0329907,8.15417e-05
139.265,0.222928,-0.0329901,8.15331e-05
139.268,0.222835,-0.0329895,8.15246e-05
139.271,0.222742,-0.032989,8.15161e-05
139.274,0.222649,-0.0329884,8.15075e-05
139.276,0.222557,-0.0329878,8.1499e-05
139.279,0.222464,-0.0329873,8.14905e-05
139.282,0.222371,-0.0329867,8.1482e-05
139.285,0.222279,-0.0329862,8.14735e-05
139.288,0.222186,-0.0329856,8.1465e-05
139.29,0.222094,-0.032985,8.14565e-05
139.293,0.222001,-0.0329845,8.1448e-05
139.296,0.221909,-0.0329839,8.14395e-05
139.299,0.221817,-0.0329834,8.14311e-05
139.302,0.221725,-0.0329828,8.14226e-05
139.304,0.221633,-0.0329823,8.14141e-05
139.307,0.221541,-0.0329817,8.14056e-05
139.31,0.221449,-0.0329811,8.13972e-05
139.313,0.221357,-0.0329806,8.13887e-05
139.315,0.221265,-0.03298,8.13802e-05
139.318,0.221174,-0.0329795,8.13718e-05
139.321,0.221082,-0.0329789,8.13633e-05
139.324,0.220991,-0.0329784,8.13549e-05
139.327,0.220899,-0.0329778,8.13465e-05
139.329,0.220808,-0.0329773,8.1338e-05
139.332,0.220716,-0.0329767,8.13296e-05
139.335,0.220625,-0.0329762,8.13212e-05
139.338,0.220534,-0.0329756,8.13128e-05
139.34,0.220443,-0.0329751,8.13043e-05
139.343,0.220352,-0.0329745,8.12959e-05
139.346,0.220261,-0.032974,8.12875e-05
139.349,0.22017,-0.0329734,8.12791e-05
139.351,0.220079,-0.0329729,8.12707e-05
139.354,0.219988,-0.0329723,8.12623e-05
139.357,0.219898,-0.0329718,8.12539e-05
139.36,0.219807,-0.0329712,8.12455e-05
139.362,0.219716,-0.0329707,8.12371e-05
139.365,0.219626,-0.0329701,8.12288e-05
139.368,0.219535,-0.0329696,8.12204e-05
139.371,0.219445,-0.0329691,8.1212e-05
139.373,0.219355,-0.0329685,8.12036e-05
139.376,0.219265,-0.032968,8.11953e-05
139.379,0.219174,-0.0329674,8.11869e-05
139.382,0.219084,-0.0329669,8.11785e-05
139.384,0.218994,-0.0329663,8.11702e-05
139.387,0.218904,-0.0329658,8.11618e-05
139.39,0.218814,-0.0329653,8.11535e-05
139.393,0.218725,-0.0329647,8.11452e-05
139.395,0.218635,-0.0329642,8.11368e-05
139.398,0.218545,-0.0329636,8.11285e-05
139.401,0.218456,-0.0329631,8.11202e-05
139.403,0.218366,-0.0329626,8.11118e-05
139.406,0.218277,-0.032962,8.11035e-05
139.409,0.218187,-0.0329615,8.10952e-05
139.412,0.218098,-0.0329609,8.10869e-05
139.414,0.218008,-0.0329604,8.10786e-05
139.417,0.217919,-0.0329599,8.10703e-05
139.42,0.21783,-0.0329593,8.10619e-05
139.422,0.217741,-0.0329588,8.10537e-05
139.425,0.217652,-0.0329583,8.10454e-05
139.428,0.217563,-0.0329577,8.10371e-05
139.43,0.217474,-0.0329572,8.10288e-05
139.433,0.217385,-0.0329567,8.10205e-05
139.436,0.217297,-0.0329561,8.10122e-05
139.439,0.217208,-0.0329556,8.10039e-05
139.441,0.217119,-0.0329551,8.09957e-05
139.444,0.217031,-0.0329545,8.09874e-05
139.447,0.216942,-0.032954,8.09791e-05
139.449,0.216854,-0.0329535,8.09709e-05
139.452,0.216765,-0.0329529,8.09626e-05
139.455,0.216677,-0.0329524,8.09544e-05
139.457,0.216589,-0.0329519,8.09461e-05
139.46,0.216501,-0.0329513,8.09379e-05
139.463,0.216413,-0.0329508,8.09296e-05
139.465,0.216325,-0.0329503,8.09214e-05
139.468,0.216237,-0.0329498,8.09131e-05
139.471,0.216149,-0.0329492,8.09049e-05
139.473,0.216061,-0.0329487,8.08967e-05
139.476,0.215973,-0.0329482,8.08885e-05
139.479,0.215885,-0.0329476,8.08802e-05
139.481,0.215798,-0.0329471,8.0872e-05
139.484,0.21571,-0.0329466,8.08638e-05
139.487,0.215622,-0.0329461,8.08556e-05
139.489,0.215535,-0.0329455,8.08474e-05
139.492,0.215448,-0.032945,8.08392e-05
139.495,0.21536,-0.0329445,8.0831e-05
139.497,0.215273,-0.032944,8.08228e-05
139.5,0.215186,-0.0329434,8.08146e-05
139.503,0.215099,-0.0329429,8.08064e-05
139.505,0.215011,-0.0329424,8.07982e-05
139.508,0.214924,-0.0329419,8.07901e-05
139.51,0.214837,-0.0329414,8.07819e-05
139.513,0.214751,-0.0329408,8.07737e-05
139.516,0.214664,-0.0329403,8.07655e-05
139.518,0.214577,-0.0329398,8.07574e-05
139.521,0.21449,-0.0329393,8.07492e-05
139.524,0.214404,-0.0329387,8.07411e-05
139.526,0.214317,-0.0329382,8.07329e-05
139.529,0.21423,-0.0329377,8.07248e-05
139.532,0.214144,-0.0329372,8.07166e-05
139.534,0.214057,-0.0329367,8.07085e-05
139.537,0.213971,-0.0329362,8.07003e-05
139.539,0.213885,-0.0329356,8.06922e-05
139.542,0.213799,-0.0329351,8.06841e-05
139.545,0.213712,-0.0329346,8.06759e-05
139.547,0.213626,-0.0329341,8.06678e-05
139.55,0.21354,-0.0329336,8.06597e-05
139.552,0.213454,-0.0329331,8.06516e-05
139.555,0.213368,-0.0329325,8.06434e-05
139.558,0.213282,-0.032932,8.06353e-05
139.56,0.213197,-0.0329315,8.06272e-05
139.563,0.213111,-0.032931,8.06191e-05
139.566,0.213025,-0.0329305,8.0611e-05
139.568,0.212939,-0.03293,8.06029e-05
139.571,0.212854,-0.0329295,8.05948e-05
139.573,0.212768,-0.032929,8.05867e-05
139.576,0.212683,-0.0329284,8.05786e-05
139.579,0.212598,-0.0329279,8.05705e-05
139.581,0.212512,-0.0329274,8.05625e-05
139.584,0.212427,-0.0329269,8.05544e-05
139.586,0.212342,-0.0329264,8.05463e-05
139.589,0.212256,-0.0329259,8.05382e-05
139.591,0.212171,-0.0329254,8.05302e-05
139.594,0.212086,-0.0329249,8.05221e-05
139.597,0.212001,-0.0329244,8.0514e-05
139.599,0.211916,-0.0329239,8.0506e-05
139.602,0.211831,-0.0329233,8.04979e-05
139.604,0.211747,-0.0329228,8.04899e-05
139.607,0.211662,-0.0329223,8.04818e-05
139.609,0.211577,-0.0329218,8.04738e-05
139.612,0.211493,-0.0329213,8.04657e-05
139.615,0.211408,-0.0329208,8.04577e-05
139.617,0.211323,-0.0329203,8.04497e-05
139.62,0.211239,-0.0329198,8.04416e-05
139.622,0.211155,-0.0329193,8.04336e-05
139.625,0.21107,-0.0329188,8.04256e-05
139.627,0.210986,-0.0329183,8.04176e-05
139.63,0.210902,-0.0329178,8.04095e-05
139.633,0.210817,-0.0329173,8.04015e-05
139.635,0.210733,-0.0329168,8.03935e-05
139.638,0.210649,-0.0329163,8.03855e-05
139.64,0.210565,-0.0329158,8.03775e-05
139.643,0.210481,-0.0329153,8.03695e-05
139.645,0.210397,-0.0329148,8.03615e-05
139.648,0.210314,-0.0329143,8.03535e-05
139.65,0.21023,-0.0329138,8.03455e-05
139.653,0.210146,-0.0329133,8.03375e-05
139.656,0.210062,-0.0329128,8.03295e-05
139.658,0.209979,-0.0329123,8.03215e-05
139.661,0.209895,-0.0329118,8.03136e-05
139.663,0.209812,-0.0329113,8.03056e-05
139.666,0.209728,-0.0329108,8.02976e-05
139.668,0.209645,-0.0329103,8.02896e-05
139.671,0.209561,-0.0329098,8.02817e-05
139.673,0.209478,-0.0329093,8.02737e-05
139.676,0.209395,-0.0329088,8.02657e-05
139.678,0.209312,-0.0329083,8.02578e-05
139.681,0.209229,-0.0329078,8.02498e-05
139.683,0.209145,-0.0329073,8.02419e-05
139.686,0.209062,-0.0329068,8.02339e-05
139.688,0.20898,-0.0329063,8.0226e-05
139.691,0.208897,-0.0329058,8.0218e-05
139.693,0.208814,-0.0329053,8.02101e-05
139.696,0.208731,-0.0329048,8.02022e-05
139.698,0.208648,-0.0329043,8.01942e-05
139.701,0.208566,-0.0329039,8.01863e-05
139.704,0.208483,-0.0329034,8.01784e-05
139.706,0.2084,-0.0329029,8.01705e-05
139.709,0.208318,-0.0329024,8.01625e-05
139.711,0.208235,-0.0329019,8.01546e-05
139.714,0.208153,-0.0329014,8.01467e-05
139.716,0.208071,-0.0329009,8.01388e-05
139.719,0.207988,-0.0329004,8.01309e-05
139.721,0.207906,-0.0328999,8.0123e-05
139.724,0.207824,-0.0328994,8.01151e-05
139.726,0.207742,-0.0328989,8.01072e-05
139.729,0.20766,-0.0328985,8.00993e-05
139.731,0.207577,-0.032898,8.00914e-05
139.734,0.207495,-0.0328975,8.00835e-05
139.736,0.207414,-0.032897,8.00756e-05
139.739,0.207332,-0.0328965,8.00677e-05
139.741,0.20725,-0.032896,8.00598e-05
139.743,0.207168,-0.0328955,8.0052e-05
139.746,0.207086,-0.032895,8.00441e-05
139.748,0.207005,-0.0328946,8.00362e-05
139.751,0.206923,-0.0328941,8.00284e-05
139.753,0.206842,-0.0328936,8.00205e-05
139.756,0.20676,-0.0328931,8.00126e-05
139.758,0.206679,-0.0328926,8.00048e-05
139.761,0.206597,-0.0328921,7.99969e-05
139.763,0.206516,-0.0328917,7.99891e-05
139.766,0.206434,-0.0328912,7.99812e-05
139.768,0.206353,-0.0328907,7.99733e-05
139.771,0.206272,-0.0328902,7.99655e-05
139.773,0.206191,-0.0328897,7.99577e-05
139.776,0.20611,-0.0328892,7.99498e-05
139.778,0.206029,-0.0328888,7.9942e-05
139.781,0.205948,-0.0328883,7.99342e-05
139.783,0.205867,-0.0328878,7.99263e-05
139.785,0.205786,-0.0328873,7.99185e-05
139.788,0.205705,-0.0328868,7.99107e-05
139.79,0.205624,-0.0328864,7.99028e-05
139.793,0.205544,-0.0328859,7.9895e-05
139.795,0.205463,-0.0328854,7.98872e-05
139.798,0.205382,-0.0328849,7.98794e-05
139.8,0.205302,-0.0328844,7.98716e-05
139.803,0.205221,-0.032884,7.98638e-05
139.805,0.205141,-0.0328835,7.9856e-05
139.808,0.20506,-0.032883,7.98482e-05
139.81,0.20498,-0.0328825,7.98404e-05
139.812,0.2049,-0.0328821,7.98326e-05
139.815,0.204819,-0.0328816,7.98248e-05
139.817,0.204739,-0.0328811,7.9817e-05
139.82,0.204659,-0.0328806,7.98092e-05
139.822,0.204579,-0.0328802,7.98014e-05
139.825,0.204499,-0.0328797,7.97936e-05
139.827,0.204419,-0.0328792,7.97859e-05
139.83,0.204339,-0.0328787,7.97781e-05
139.832,0.204259,-0.0328783,7.97703e-05
139.834,0.204179,-0.0328778,7.97626e-05
139.837,0.204099,-0.0328773,7.97548e-05
139.839,0.204019,-0.0328768,7.9747e-05
139.842,0.20394,-0.0328764,7.97393e-05
139.844,0.20386,-0.0328759,7.97315e-05
139.846,0.20378,-0.0328754,7.97237e-05
139.849,0.203701,-0.032875,7.9716e-05
139.851,0.203621,-0.0328745,7.97082e-05
139.854,0.203542,-0.032874,7.97005e-05
139.856,0.203462,-0.0328735,7.96927e-05
139.859,0.203383,-0.0328731,7.9685e-05
139.861,0.203304,-0.0328726,7.96773e-05
139.863,0.203224,-0.0328721,7.96695e-05
139.866,0.203145,-0.0328717,7.96618e-05
139.868,0.203066,-0.0328712,7.96541e-05
139.871,0.202987,-0.0328707,7.96463e-05
139.873,0.202908,-0.0328703,7.96386e-05
139.875,0.202829,-0.0328698,7.96309e-05
139.878,0.20275,-0.0328693,7.96232e-05
139.88,0.202671,-0.0328689,7.96155e-05
139.883,0.202592,-0.0328684,7.96077e-05
139.885,0.202513,-0.0328679,7.96e-05
139.887,0.202434,-0.0328675,7.95923e-05
139.89,0.202356,-0.032867,7.95846e-05
139.892,0.202277,-0.0328665,7.95769e-05
139.895,0.202198,-0.0328661,7.95692e-05
139.897,0.20212,-0.0328656,7.95615e-05
139.899,0.202041,-0.0328651,7.95538e-05
139.902,0.201963,-0.0328647,7.95461e-05
139.904,0.201884,-0.0328642,7.95384e-05
139.907,0.201806,-0.0328637,7.95307e-05
139.909,0.201728,-0.0328633,7.95231e-05
139.911,0.201649,-0.0328628,7.95154e-05
139.914,0.201571,-0.0328624,7.95077e-05
139.916,0.201493,-0.0328619,7.95e-05
139.918,0.201415,-0.0328614,7.94924e-05
139.921,0.201337,-0.032861,7.94847e-05
139.923,0.201259,-0.0328605,7.9477e-05
139.926,0.201181,-0.03286,7.94693e-05
139.928,0.201103,-0.0328596,7.94617e-05
139.93,0.201025,-0.0328591,7.9454e-05
139.933,0.200947,-0.0328587,7.94464e-05
139.935,0.200869,-0.0328582,7.94387e-05
139.937,0.200791,-0.0328577,7.94311e-05
139.94,0.200713,-0.0328573,7.94234e-05
139.942,0.200636,-0.0328568,7.94158e-05
139.945,0.200558,-0.0328564,7.94081e-05
139.947,0.200481,-0.0328559,7.94005e-05
139.949,0.200403,-0.0328555,7.93928e-05
139.952,0.200326,-0.032855,7.93852e-05
139.954,0.200248,-0.0328545,7.93776e-05
139.956,0.200171,-0.0328541,7.93699e-05
139.959,0.200093,-0.0328536,7.93623e-05
139.961,0.200016,-0.0328532,7.93547e-05
139.963,0.199939,-0.0328527,7.93471e-05
139.966,0.199862,-0.0328523,7.93394e-05
139.968,0.199784,-0.0328518,7.93318e-05
139.97,0.199707,-0.0328514,7.93242e-05
139.973,0.19963,-0.0328509,7.93166e-05
139.975,0.199553,-0.0328504,7.9309e-05
139.977,0.199476,-0.03285,7.93014e-05
139.98,0.199399,-0.0328495,7.92938e-05
139.982,0.199322,-0.0328491,7.92862e-05
139.984,0.199246,-0.0328486,7.92786e-05
139.987,0.199169,-0.0328482,7.9271e-05
139.989,0.199092,-0.0328477,7.92634e-05
139.991,0.199015,-0.0328473,7.92558e-05
139.994,0.198939,-0.0328468,7.92482e-05
139.996,0.198862,-0.0328464,7.92406e-05
139.998,0.198786,-0.0328459,7.9233e-05
140.001,0.198709,-0.0328455,7.92255e-05
140.003,0.198633,-0.032845,7.92179e-05
140.005,0.198556,-0.0328446,7.92103e-05
140.008,0.19848,-0.0328441,7.92027e-05
140.01,0.198403,-0.0328437,7.91951e-05
140.012,0.198327,-0.0328432,7.91876e-05
140.015,0.198251,-0.0328428,7.918e-05
140.017,0.198175,-0.0328423,7.91725e-05
140.019,0.198099,-0.0328419,7.91649e-05
140.022,0.198022,-0.0328414,7.91573e-05
140.024,0.197946,-0.032841,7.91498e-05
140.026,0.19787,-0.0328405,7.91422e-05
140.029,0.197794,-0.0328401,7.91347e-05
140.031,0.197718,-0.0328397,7.91271e-05
140.033,0.197643,-0.0328392,7.91196e-05
140.036,0.197567,-0.0328388,7.9112e-05
140.038,0.197491,-0.0328383,7.91045e-05
140.04,0.197415,-0.0328379,7.9097e-05
140.043,0.19734,-0.0328374,7.90894e-05
140.045,0.197264,-0.032837,7.90819e-05
140.047,0.197188,-0.0328365,7.90744e-05
140.049,0.197113,-0.0328361,7.90668e-05
140.052,0.197037,-0.0328356,7.90593e-05
140.054,0.196962,-0.0328352,7.90518e-05
140.056,0.196886,-0.0328348,7.90442e-05
140.059,0.196811,-0.0328343,7.90367e-05
140.061,0.196735,-0.0328339,7.90292e-05
140.063,0.19666,-0.0328334,7.90217e-05
140.066,0.196585,-0.032833,7.90142e-05
140.068,0.19651,-0.0328326,7.90067e-05
140.07,0.196435,-0.0328321,7.89992e-05
140.072,0.196359,-0.0328317,7.89917e-05
140.075,0.196284,-0.0328312,7.89842e-05
140.077,0.196209,-0.0328308,7.89767e-05
140.079,0.196134,-0.0328303,7.89692e-05
140.082,0.196059,-0.0328299,7.89617e-05
140.084,0.195984,-0.0328295,7.89542e-05
140.086,0.19591,-0.032829,7.89467e-05
140.088,0.195835,-0.0328286,7.89392e-05
140.091,0.19576,-0.0328282,7.89317e-05
140.093,0.195685,-0.0328277,7.89242e-05
140.095,0.19561,-0.0328273,7.89168e-05
140.097,0.195536,-0.0328268,7.89093e-05
140.1,0.195461,-0.0328264,7.89018e-05
140.102,0.195387,-0.032826,7.88943e-05
140.104,0.195312,-0.0328255,7.88869e-05
140.107,0.195238,-0.0328251,7.88794e-05
140.109,0.195163,-0.0328247,7.88719e-05
140.111,0.195089,-0.0328242,7.88645e-05
140.113,0.195014,-0.0328238,7.8857e-05
140.116,0.19494,-0.0328234,7.88495e-05
140.118,0.194866,-0.0328229,7.88421e-05
140.12,0.194792,-0.0328225,7.88346e-05
140.122,0.194718,-0.032822,7.88272e-05
140.125,0.194643,-0.0328216,7.88197e-05
140.127,0.194569,-0.0328212,7.88123e-05
140.129,0.194495,-0.0328207,7.88049e-05
140.131,0.194421,-0.0328203,7.87974e-05
140.134,0.194347,-0.0328199,7.879e-05
140.136,0.194273,-0.0328194,7.87825e-05
140.138,0.1942,-0.032819,7.87751e-05
140.14,0.194126,-0.0328186,7.87677e-05
140.143,0.194052,-0.0328182,7.87602e-05
140.145,0.193978,-0.0328177,7.87528e-05
140.147,0.193904,-0.0328173,7.87454e-05
140.149,0.193831,-0.0328169,7.8738e-05
140.152,0.193757,-0.0328164,7.87305e-05
140.154,0.193684,-0.032816,7.87231e-05
140.156,0.19361,-0.0328156,7.87157e-05
140.158,0.193536,-0.0328151,7.87083e-05
140.161,0.193463,-0.0328147,7.87009e-05
140.163,0.19339,-0.0328143,7.86935e-05
140.165,0.193316,-0.0328139,7.86861e-05
140.167,0.193243,-0.0328134,7.86787e-05
140.17,0.19317,-0.032813,7.86713e-05
140.172,0.193096,-0.0328126,7.86639e-05
140.174,0.193023,-0.0328121,7.86565e-05
140.176,0.19295,-0.0328117,7.86491e-05
140.178,0.192877,-0.0328113,7.86417e-05
140.181,0.192804,-0.0328109,7.86343e-05
140.183,0.192731,-0.0328104,7.86269e-05
140.185,0.192658,-0.03281,7.86195e-05
140.187,0.192585,-0.0328096,7.86121e-05
140.19,0.192512,-0.0328092,7.86047e-05
140.192,0.192439,-0.0328087,7.85974e-05
140.194,0.192366,-0.0328083,7.859e-05
140.196,0.192293,-0.0328079,7.85826e-05
140.198,0.192221,-0.0328075,7.85752e-05
140.201,0.192148,-0.032807,7.85679e-05
140.203,0.192075,-0.0328066,7.85605e-05
140.205,0.192003,-0.0328062,7.85531e-05
140.207,0.19193,-0.0328058,7.85458e-05
140.21,0.191857,-0.0328053,7.85384e-05
140.212,0.191785,-0.0328049,7.85311e-05
140.214,0.191712,-0.0328045,7.85237e-05
140.216,0.19164,-0.0328041,7.85164e-05
140.218,0.191568,-0.0328036,7.8509e-05
140.221,0.191495,-0.0328032,7.85016e-05
140.223,0.191423,-0.0328028,7.84943e-05
140.225,0.191351,-0.0328024,7.8487e-05
140.227,0.191278,-0.032802,7.84796e-05
140.229,0.191206,-0.0328015,7.84723e-05
140.232,0.191134,-0.0328011,7.84649e-05
140.234,0.191062,-0.0328007,7.84576e-05
140.236,0.19099,-0.0328003,7.84503e-05
140.238,0.190918,-0.0327999,7.84429e-05
140.24,0.190846,-0.0327994,7.84356e-05
140.243,0.190774,-0.032799,7.84283e-05
140.245,0.190702,-0.0327986,7.8421e-05
140.247,0.19063,-0.0327982,7.84136e-05
140.249,0.190558,-0.0327978,7.84063e-05
140.251,0.190487,-0.0327974,7.8399e-05
140.254,0.190415,-0.0327969,7.83917e-05
140.256,0.190343,-0.0327965,7.83844e-05
140.258,0.190272,-0.0327961,7.8377e-05
140.26,0.1902,-0.0327957,7.83697e-05
140.262,0.190128,-0.0327953,7.83624e-05
140.264,0.190057,-0.0327949,7.83551e-05
140.267,0.189985,-0.0327944,7.83478e-05
140.269,0.189914,-0.032794,7.83405e-05
140.271,0.189842,-0.0327936,7.83332e-05
140.273,0.189771,-0.0327932,7.83259e-05
140.275,0.1897,-0.0327928,7.83186e-05
140.278,0.189628,-0.0327924,7.83113e-05
140.28,0.189557,-0.0327919,7.83041e-05
140.282,0.189486,-0.0327915,7.82968e-05
140.284,0.189415,-0.0327911,7.82895e-05
140.286,0.189344,-0.0327907,7.82822e-05
140.288,0.189272,-0.0327903,7.82749e-05
140.291,0.189201,-0.0327899,7.82676e-05
140.293,0.18913,-0.0327895,7.82604e-05
140.295,0.189059,-0.0327891,7.82531e-05
140.297,0.188988,-0.0327886,7.82458e-05
140.299,0.188918,-0.0327882,7.82385e-05
140.301,0.188847,-0.0327878,7.82313e-05
140.304,0.188776,-0.0327874,7.8224e-05
140.306,0.188705,-0.032787,7.82167e-05
140.308,0.188634,-0.0327866,7.82095e-05
140.31,0.188564,-0.0327862,7.82022e-05
140.312,0.188493,-0.0327858,7.8195e-05
140.314,0.188422,-0.0327854,7.81877e-05
140.316,0.188352,-0.0327849,7.81805e-05
140.319,0.188281,-0.0327845,7.81732e-05
140.321,0.188211,-0.0327841,7.8166e-05
140.323,0.18814,-0.0327837,7.81587e-05
140.325,0.18807,-0.0327833,7.81515e-05
140.327,0.187999,-0.0327829,7.81442e-05
140.329,0.187929,-0.0327825,7.8137e-05
140.331,0.187859,-0.0327821,7.81298e-05
140.334,0.187788,-0.0327817,7.81225e-05
140.336,0.187718,-0.0327813,7.81153e-05
140.338,0.187648,-0.0327809,7.81081e-05
140.34,0.187578,-0.0327805,7.81008e-05
140.342,0.187507,-0.0327801,7.80936e-05
140.344,0.187437,-0.0327796,7.80864e-05
140.346,0.187367,-0.0327792,7.80792e-05
140.349,0.187297,-0.0327788,7.80719e-05
140.351,0.187227,-0.0327784,7.80647e-05
140.353,0.187157,-0.032778,7.80575e-05
140.355,0.187087,-0.0327776,7.80503e-05
140.357,0.187018,-0.0327772,7.80431e-05
140.359,0.186948,-0.0327768,7.80359e-05
140.361,0.186878,-0.0327764,7.80287e-05
140.364,0.186808,-0.032776,7.80214e-05
140.366,0.186738,-0.0327756,7.80142e-05
140.368,0.186669,-0.0327752,7.8007e-05
140.37,0.186599,-0.0327748,7.79998e-05
140.372,0.18653,-0.0327744,7.79926e-05
140.374,0.18646,-0.032774,7.79854e-05
140.376,0.18639,-0.0327736,7.79783e-05
140.378,0.186321,-0.0327732,7.79711e-05
140.381,0.186251,-0.0327728,7.79639e-05
140.383,0.186182,-0.0327724,7.79567e-05
140.385,0.186113,-0.032772,7.79495e-05
140.387,0.186043,-0.0327716,7.79423e-05
140.389,0.185974,-0.0327712,7.79351e-05
140.391,0.185905,-0.0327708,7.7928e-05
140.393,0.185836,-0.0327704,7.79208e-05
140.395,0.185766,-0.03277,7.79136e-05
140.397,0.185697,-0.0327696,7.79064e-05
140.4,0.185628,-0.0327692,7.78993e-05
140.402,0.185559,-0.0327688,7.78921e-05
140.404,0.18549,-0.0327684,7.78849e-05
140.406,0.185421,-0.032768,7.78778e-05
140.408,0.185352,-0.0327676,7.78706e-05
140.41,0.185283,-0.0327672,7.78634e-05
140.412,0.185214,-0.0327668,7.78563e-05
140.414,0.185145,-0.0327664,7.78491e-05
140.416,0.185076,-0.032766,7.7842e-05
140.418,0.185008,-0.0327656,7.78348e-05
140.421,0.184939,-0.0327652,7.78277e-05
140.423,0.18487,-0.0327648,7.78205e-05
140.425,0.184801,-0.0327644,7.78134e-05
140.427,0.184733,-0.032764,7.78062e-05
140.429,0.184664,-0.0327636,7.77991e-05
140.431,0.184596,-0.0327632,7.77919e-05
140.433,0.184527,-0.0327628,7.77848e-05
140.435,0.184459,-0.0327624,7.77777e-05
140.437,0.18439,-0.032762,7.77705e-05
140.439,0.184322,-0.0327616,7.77634e-05
140.442,0.184253,-0.0327612,7.77563e-05
140.444,0.184185,-0.0327609,7.77491e-05
140.446,0.184117,-0.0327605,7.7742e-05
140.448,0.184048,-0.0327601,7.77349e-05
140.45,0.18398,-0.0327597,7.77278e-05
140.452,0.183912,-0.0327593,7.77207e-05
140.454,0.183844,-0.0327589,7.77135e-05
140.456,0.183776,-0.0327585,7.77064e-05
140.458,0.183708,-0.0327581,7.76993e-05
140.46,0.18364,-0.0327577,7.76922e-05
140.462,0.183572,-0.0327573,7.76851e-05
140.464,0.183504,-0.0327569,7.7678e-05
140.466,0.183436,-0.0327565,7.76709e-05
140.469,0.183368,-0.0327561,7.76638e-05
140.471,0.1833,-0.0327558,7.76567e-05
140.473,0.183232,-0.0327554,7.76496e-05
140.475,0.183164,-0.032755,7.76425e-05
140.477,0.183096,-0.0327546,7.76354e-05
140.479,0.183029,-0.0327542,7.76283e-05
140.481,0.182961,-0.0327538,7.76212e-05
140.483,0.182893,-0.0327534,7.76141e-05
140.485,0.182826,-0.032753,7.7607e-05
140.487,0.182758,-0.0327526,7.75999e-05
140.489,0.18269,-0.0327523,7.75928e-05
140.491,0.182623,-0.0327519,7.75857e-05
140.493,0.182555,-0.0327515,7.75787e-05
140.495,0.182488,-0.0327511,7.75716e-05
140.497,0.182421,-0.0327507,7.75645e-05
140.5,0.182353,-0.0327503,7.75574e-05
140.502,0.182286,-0.0327499,7.75504e-05
140.504,0.182219,-0.0327495,7.75433e-05
140.506,0.182151,-0.0327492,7.75362e-05
140.508,0.182084,-0.0327488,7.75292e-05
140.51,0.182017,-0.0327484,7.75221e-05
140.512,0.18195,-0.032748,7.7515e-05
140.514,0.181883,-0.0327476,7.7508e-05
140.516,0.181815,-0.0327472,7.75009e-05
140.518,0.181748,-0.0327468,7.74938e-05
140.52,0.181681,-0.0327465,7.74868e-05
140.522,0.181614,-0.0327461,7.74797e-05
140.524,0.181547,-0.0327457,7.74727e-05
140.526,0.18148,-0.0327453,7.74656e-05
140.528,0.181414,-0.0327449,7.74586e-05
140.53,0.181347,-0.0327445,7.74515e-05
140.532,0.18128,-0.0327441,7.74445e-05
140.534,0.181213,-0.0327438,7.74375e-05
140.536,0.181146,-0.0327434,7.74304e-05
140.538,0.18108,-0.032743,7.74234e-05
140.54,0.181013,-0.0327426,7.74163e-05
140.542,0.180946,-0.0327422,7.74093e-05
140.545,0.18088,-0.0327419,7.74023e-05
140.547,0.180813,-0.0327415,7.73952e-05
140.549,0.180747,-0.0327411,7.73882e-05
140.551,0.18068,-0.0327407,7.73812e-05
140.553,0.180614,-0.0327403,7.73742e-05
140.555,0.180547,-0.0327399,7.73671e-05
140.557,0.180481,-0.0327396,7.73601e-05
140.559,0.180414,-0.0327392,7.73531e-05
140.561,0.180348,-0.0327388,7.73461e-05
140.563,0.180282,-0.0327384,7.73391e-05
140.565,0.180216,-0.032738,7.73321e-05
140.567,0.180149,-0.0327377,7.7325e-05
140.569,0.180083,-0.0327373,7.7318e-05
140.571,0.180017,-0.0327369,7.7311e-05
140.573,0.179951,-0.0327365,7.7304e-05
140.575,0.179885,-0.0327362,7.7297e-05
140.577,0.179819,-0.0327358,7.729e-05
140.579,0.179753,-0.0327354,7.7283e-05
140.581,0.179687,-0.032735,7.7276e-05
140.583,0.179621,-0.0327346,7.7269e-05
140.585,0.179555,-0.0327343,7.7262e-05
140.587,0.179489,-0.0327339,7.7255e-05
140.589,0.179423,-0.0327335,7.7248e-05
140.591,0.179357,-0.0327331,7.72411e-05
140.593,0.179291,-0.0327328,7.72341e-05
140.595,0.179226,-0.0327324,7.72271e-05
140.597,0.17916,-0.032732,7.72201e-05
140.599,0.179094,-0.0327316,7.72131e-05
140.601,0.179029,-0.0327313,7.72061e-05
140.603,0.178963,-0.0327309,7.71992e-05
140.605,0.178897,-0.0327305,7.71922e-05
140.607,0.178832,-0.0327301,7.71852e-05
140.609,0.178766,-0.0327298,7.71782e-05
140.611,0.178701,-0.0327294,7.71713e-05
140.613,0.178635,-0.032729,7.71643e-05
140.615,0.17857,-0.0327286,7.71573e-05
140.617,0.178505,-0.0327283,7.71504e-05
140.619,0.178439,-0.0327279,7.71434e-05
140.621,0.178374,-0.0327275,7.71364e-05
140.623,0.178309,-0.0327271,7.71295e-05
140.625,0.178243,-0.0327268,7.71225e-05
140.627,0.178178,-0.0327264,7.71156e-05
140.629,0.178113,-0.032726,7.71086e-05
140.631,0.178048,-0.0327257,7.71017e-05
140.633,0.177983,-0.0327253,7.70947e-05
140.635,0.177918,-0.0327249,7.70878e-05
140.637,0.177853,-0.0327245,7.70808e-05
140.639,0.177788,-0.0327242,7.70739e-05
140.641,0.177723,-0.0327238,7.70669e-05
140.643,0.177658,-0.0327234,7.706e-05
140.645,0.177593,-0.0327231,7.70531e-05
140.647,0.177528,-0.0327227,7.70461e-05
140.649,0.177463,-0.0327223,7.70392e-05
140.651,0.177398,-0.0327219,7.70322e-05
140.653,0.177333,-0.0327216,7.70253e-05
140.655,0.177269,-0.0327212,7.70184e-05
140.657,0.177204,-0.0327208,7.70115e-05
140.659,0.177139,-0.0327205,7.70045e-05
140.661,0.177075,-0.0327201,7.69976e-05
140.663,0.17701,-0.0327197,7.69907e-05
140.665,0.176945,-0.0327194,7.69838e-05
140.667,0.176881,-0.032719,7.69768e-05
140.669,0.176816,-0.0327186,7.69699e-05
140.671,0.176752,-0.0327183,7.6963e-05
140.673,0.176687,-0.0327179,7.69561e-05
140.675,0.176623,-0.0327175,7.69492e-05
140.677,0.176559,-0.0327172,7.69423e-05
140.679,0.176494,-0.0327168,7.69354e-05
140.68,0.17643,-0.0327164,7.69285e-05
140.682,0.176366,-0.0327161,7.69216e-05
140.684,0.176301,-0.0327157,7.69147e-05
140.686,0.176237,-0.0327153,7.69078e-05
140.688,0.176173,-0.032715,7.69009e-05
140.69,0.176109,-0.0327146,7.6894e-05
140.692,0.176045,-0.0327142,7.68871e-05
140.694,0.175981,-0.0327139,7.68802e-05
140.696,0.175916,-0.0327135,7.68733e-05
140.698,0.175852,-0.0327131,7.68664e-05
140.7,0.175788,-0.0327128,7.68595e-05
140.702,0.175724,-0.0327124,7.68526e-05
140.704,0.17566,-0.0327121,7.68457e-05
140.706,0.175597,-0.0327117,7.68388e-05
140.708,0.175533,-0.0327113,7.6832e-05
140.71,0.175469,-0.032711,7.68251e-05
140.712,0.175405,-0.0327106,7.68182e-05
140.714,0.175341,-0.0327102,7.68113e-05
140.716,0.175278,-0.0327099,7.68045e-05
140.718,0.175214,-0.0327095,7.67976e-05
140.72,0.17515,-0.0327092,7.67907e-05
140.722,0.175086,-0.0327088,7.67838e-05
140.723,0.175023,-0.0327084,7.6777e-05
140.725,0.174959,-0.0327081,7.67701e-05
140.727,0.174896,-0.0327077,7.67632e-05
140.729,0.174832,-0.0327073,7.67564e-05
140.731,0.174769,-0.032707,7.67495e-05
140.733,0.174705,-0.0327066,7.67427e-05
140.735,0.174642,-0.0327063,7.67358e-05
140.737,0.174578,-0.0327059,7.67289e-05
140.739,0.174515,-0.0327055,7.67221e-05
140.741,0.174452,-0.0327052,7.67152e-05
140.743,0.174388,-0.0327048,7.67084e-05
140.745,0.174325,-0.0327045,7.67015e-05
140.747,0.174262,-0.0327041,7.66947e-05
140.749,0.174199,-0.0327038,7.66878e-05
140.751,0.174136,-0.0327034,7.6681e-05
140.753,0.174072,-0.032703,7.66742e-05
140.754,0.174009,-0.0327027,7.66673e-05
140.756,0.173946,-0.0327023,7.66605e-05
140.758,0.173883,-0.032702,7.66536e-05
140.76,0.17382,-0.0327016,7.66468e-05
140.762,0.173757,-0.0327012,7.664e-05
140.764,0.173694,-0.0327009,7.66332e-05
140.766,0.173631,-0.0327005,7.66263e-05
140.768,0.173568,-0.0327002,7.66195e-05
140.77,0.173506,-0.0326998,7.66127e-05
140.772,0.173443,-0.0326995,7.66058e-05
140.774,0.17338,-0.0326991,7.6599e-05
140.776,0.173317,-0.0326988,7.65922e-05
140.778,0.173254,-0.0326984,7.65854e-05
140.779,0.173192,-0.032698,7.65786e-05
140.781,0.173129,-0.0326977,7.65717e-05
140.783,0.173066,-0.0326973,7.65649e-05
140.785,0.173004,-0.032697,7.65581e-05
140.787,0.172941,-0.0326966,7.65513e-05
140.789,0.172879,-0.0326963,7.65445e-05
140.791,0.172816,-0.0326959,7.65377e-05
140.793,0.172754,-0.0326956,7.65309e-05
140.795,0.172691,-0.0326952,7.65241e-05
140.797,0.172629,-0.0326949,7.65173e-05
140.799,0.172566,-0.0326945,7.65105e-05
140.801,0.172504,-0.0326942,7.65037e-05
140.802,0.172442,-0.0326938,7.64969e-05
140.804,0.172379,-0.0326935,7.64901e-05
140.806,0.172317,-0.0326931,7.64833e-05
140.808,0.172255,-0.0326927,7.64765e-05
140.81,0.172193,-0.0326924,7.64697e-05
140.812,0.17213,-0.032692,7.64629e-05
140.814,0.172068,-0.0326917,7.64561e-05
140.816,0.172006,-0.0326913,7.64494e-05
140.818,0.171944,-0.032691,7.64426e-05
140.82,0.171882,-0.0326906,7.64358e-05
140.821,0.17182,-0.0326903,7.6429e-05
140.823,0.171758,-0.0326899,7.64222e-05
140.825,0.171696,-0.0326896,7.64155e-05
140.827,0.171634,-0.0326892,7.64087e-05
140.829,0.171572,-0.0326889,7.64019e-05
140.831,0.17151,-0.0326885,7.63951e-05
140.833,0.171448,-0.0326882,7.63884e-05
140.835,0.171387,-0.0326878,7.63816e-05
140.837,0.171325,-0.0326875,7.63748e-05
140.838,0.171263,-0.0326871,7.63681e-05
140.84,0.171201,-0.0326868,7.63613e-05
140.842,0.17114,-0.0326864,7.63545e-05
140.844,0.171078,-0.0326861,7.63478e-05
140.846,0.171016,-0.0326858,7.6341e-05
140.848,0.170955,-0.0326854,7.63343e-05
140.85,0.170893,-0.0326851,7.63275e-05
140.852,0.170832,-0.0326847,7.63208e-05
140.854,0.17077,-0.0326844,7.6314e-05
140.855,0.170709,-0.032684,7.63073e-05
140.857,0.170647,-0.0326837,7.63005e-05
140.859,0.170586,-0.0326833,7.62938e-05
140.861,0.170524,-0.032683,7.6287e-05
140.863,0.170463,-0.0326826,7.62803e-05
140.865,0.170402,-0.0326823,7.62735e-05
140.867,0.17034,-0.0326819,7.62668e-05
140.869,0.170279,-0.0326816,7.62601e-05
140.87,0.170218,-0.0326813,7.62533e-05
140.872,0.170157,-0.0326809,7.62466e-05
140.874,0.170095,-0.0326806,7.62399e-05
140.876,0.170034,-0.0326802,7.62331e-05
140.878,0.169973,-0.0326799,7.62264e-05
140.88,0.169912,-0.0326795,7.62197e-05
140.882,0.169851,-0.0326792,7.62129e-05
140.884,0.16979,-0.0326788,7.62062e-05
140.885,0.169729,-0.0326785,7.61995e-05
140.887,0.169668,-0.0326782,7.61928e-05
140.889,0.169607,-0.0326778,7.6186e-05
140.891,0.169546,-0.0326775,7.61793e-05
140.893,0.169485,-0.0326771,7.61726e-05
140.895,0.169424,-0.0326768,7.61659e-05
140.897,0.169364,-0.0326764,7.61592e-05
140.898,0.169303,-0.0326761,7.61525e-05
140.9,0.169242,-0.0326758,7.61458e-05
140.902,0.169181,-0.0326754,7.61391e-05
140.904,0.169121,-0.0326751,7.61323e-05
140.906,0.16906,-0.0326747,7.61256e-05
140.908,0.168999,-0.0326744,7.61189e-05
140.91,0.168939,-0.0326741,7.61122e-05
140.911,0.168878,-0.0326737,7.61055e-05
140.913,0.168817,-0.0326734,7.60988e-05
140.915,0.168757,-0.032673,7.60921e-05
140.917,0.168696,-0.0326727,7.60854e-05
140.919,0.168636,-0.0326724,7.60787e-05
140.921,0.168576,-0.032672,7.6072e-05
140.923,0.168515,-0.0326717,7.60654e-05
140.924,0.168455,-0.0326713,7.60587e-05
140.926,0.168394,-0.032671,7.6052e-05
140.928,0.168334,-0.0326707,7.60453e-05
140.93,0.168274,-0.0326703,7.60386e-05
140.932,0.168213,-0.03267,7.60319e-05
140.934,0.168153,-0.0326696,7.60252e-05
140.935,0.168093,-0.0326693,7.60186e-05
140.937,0.168033,-0.032669,7.60119e-05
140.939,0.167973,-0.0326686,7.60052e-05
140.941,0.167912,-0.0326683,7.59985e-05
140.943,0.167852,-0.032668,7.59919e-05
140.945,0.167792,-0.0326676,7.59852e-05
140.947,0.167732,-0.0326673,7.59785e-05
140.948,0.167672,-0.0326669,7.59718e-05
140.95,0.167612,-0.0326666,7.59652e-05
140.952,0.167552,-0.0326663,7.59585e-05
140.954,0.167492,-0.0326659,7.59518e-05
140.956,0.167433,-0.0326656,7.59452e-05
140.958,0.167373,-0.0326653,7.59385e-05
140.959,0.167313,-0.0326649,7.59319e-05
140.961,0.167253,-0.0326646,7.59252e-05
140.963,0.167193,-0.0326643,7.59186e-05
140.965,0.167133,-0.0326639,7.59119e-05
140.967,0.167074,-0.0326636,7.59052e-05
140.969,0.167014,-0.0326633,7.58986e-05
140.97,0.166954,-0.0326629,7.58919e-05
140.972,0.166895,-0.0326626,7.58853e-05
140.974,0.166835,-0.0326623,7.58786e-05
140.976,0.166776,-0.0326619,7.5872e-05
140.978,0.166716,-0.0326616,7.58654e-05
140.979,0.166656,-0.0326613,7.58587e-05
140.981,0.166597,-0.0326609,7.58521e-05
140.983,0.166537,-0.0326606,7.58454e-05
140.985,0.166478,-0.0326603,7.58388e-05
140.987,0.166419,-0.0326599,7.58322e-05
140.989,0.166359,-0.0326596,7.58255e-05
140.99,0.1663,-0.0326593,7.58189e-05
140.992,0.166241,-0.0326589,7.58123e-05
140.994,0.166181,-0.0326586,7.58056e-05
140.996,0.166122,-0.0326583,7.5799e-05
140.998,0.166063,-0.0326579,7.57924e-05
140.999,0.166004,-0.0326576,7.57858e-05
141.001,0.165944,-0.0326573,7.57791e-05
141.003,0.165885,-0.0326569,7.57725e-05
141.005,0.165826,-0.0326566,7.57659e-05
141.007,0.165767,-0.0326563,7.57593e-05
141.008,0.165708,-0.032656,7.57527e-05
141.01,0.165649,-0.0326556,7.5746e-05
141.012,0.16559,-0.0326553,7.57394e-05
141.014,0.165531,-0.032655,7.57328e-05
141.016,0.165472,-0.0326546,7.57262e-05
141.018,0.165413,-0.0326543,7.57196e-05
141.019,0.165354,-0.032654,7.5713e-05
141.021,0.165295,-0.0326536,7.57064e-05
141.023,0.165236,-0.0326533,7.56998e-05
141.025,0.165177,-0.032653,7.56932e-05
141.027,0.165119,-0.0326527,7.56866e-05
141.028,0.16506,-0.0326523,7.568e-05
141.03,0.165001,-0.032652,7.56734e-05
141.032,0.164942,-0.0326517,7.56668e-05
141.034,0.164884,-0.0326514,7.56602e-05
141.036,0.164825,-0.032651,7.56536e-05
141.037,0.164766,-0.0326507,7.5647e-05
141.039,0.164708,-0.0326504,7.56404e-05
141.041,0.164649,-0.03265,7.56338e-05
141.043,0.164591,-0.0326497,7.56272e-05
141.045,0.164532,-0.0326494,7.56206e-05
141.046,0.164474,-0.0326491,7.5614e-05
141.048,0.164415,-0.0326487,7.56075e-05
141.05,0.164357,-0.0326484,7.56009e-05
141.052,0.164298,-0.0326481,7.55943e-05
141.053,0.16424,-0.0326478,7.55877e-05
141.055,0.164182,-0.0326474,7.55811e-05
141.057,0.164123,-0.0326471,7.55746e-05
141.059,0.164065,-0.0326468,7.5568e-05
141.061,0.164007,-0.0326465,7.55614e-05
141.062,0.163949,-0.0326461,7.55549e-05
141.064,0.16389,-0.0326458,7.55483e-05
141.066,0.163832,-0.0326455,7.55417e-05
141.068,0.163774,-0.0326452,7.55351e-05
141.07,0.163716,-0.0326448,7.55286e-05
141.071,0.163658,-0.0326445,7.5522e-05
141.073,0.1636,-0.0326442,7.55155e-05
141.075,0.163542,-0.0326439,7.55089e-05
141.077,0.163484,-0.0326435,7.55023e-05
141.078,0.163426,-0.0326432,7.54958e-05
141.08,0.163368,-0.0326429,7.54892e-05
141.082,0.16331,-0.0326426,7.54827e-05
141.084,0.163252,-0.0326423,7.54761e-05
141.085,0.163194,-0.0326419,7.54696e-05
141.087,0.163136,-0.0326416,7.5463e-05
141.089,0.163078,-0.0326413,7.54565e-05
141.091,0.16302,-0.032641,7.54499e-05
141.093,0.162963,-0.0326407,7.54434e-05
141.094,0.162905,-0.0326403,7.54368e-05
141.096,0.162847,-0.03264,7.54303e-05
141.098,0.162789,-0.0326397,7.54237e-05
141.1,0.162732,-0.0326394,7.54172e-05
141.101,0.162674,-0.032639,7.54107e-05
141.103,0.162617,-0.0326387,7.54041e-05
141.105,0.162559,-0.0326384,7.53976e-05
141.107,0.162501,-0.0326381,7.53911e-05
141.108,0.162444,-0.0326378,7.53845e-05
141.11,0.162386,-0.0326374,7.5378e-05
141.112,0.162329,-0.0326371,7.53715e-05
141.114,0.162271,-0.0326368,7.53649e-05
141.116,0.162214,-0.0326365,7.53584e-05
141.117,0.162157,-0.0326362,7.53519e-05
141.119,0.162099,-0.0326359,7.53454e-05
141.121,0.162042,-0.0326355,7.53388e-05
141.123,0.161984,-0.0326352,7.53323e-05
141.124,0.161927,-0.0326349,7.53258e-05
141.126,0.16187,-0.0326346,7.53193e-05
141.128,0.161813,-0.0326343,7.53128e-05
141.13,0.161755,-0.0326339,7.53062e-05
141.131,0.161698,-0.0326336,7.52997e-05
141.133,0.161641,-0.0326333,7.52932e-05
141.135,0.161584,-0.032633,7.52867e-05
141.137,0.161527,-0.0326327,7.52802e-05
141.138,0.16147,-0.0326324,7.52737e-05
141.14,0.161413,-0.032632,7.52672e-05
141.142,0.161356,-0.0326317,7.52607e-05
141.144,0.161299,-0.0326314,7.52542e-05
141.145,0.161242,-0.0326311,7.52477e-05
141.147,0.161185,-0.0326308,7.52412e-05
141.149,0.161128,-0.0326305,7.52347e-05
141.151,0.161071,-0.0326302,7.52282e-05
141.152,0.161014,-0.0326298,7.52217e-05
141.154,0.160957,-0.0326295,7.52152e-05
141.156,0.1609,-0.0326292,7.52087e-05
141.158,0.160844,-0.0326289,7.52022e-05
141.159,0.160787,-0.0326286,7.51957e-05
141.161,0.16073,-0.0326283,7.51892e-05
141.163,0.160673,-0.0326279,7.51827e-05
141.164,0.160617,-0.0326276,7.51763e-05
141.166,0.16056,-0.0326273,7.51698e-05
141.168,0.160503,-0.032627,7.51633e-05
141.17,0.160447,-0.0326267,7.51568e-05
141.171,0.16039,-0.0326264,7.51503e-05
141.173,0.160334,-0.0326261,7.51439e-05
141.175,0.160277,-0.0326258,7.51374e-05
141.177,0.160221,-0.0326254,7.51309e-05
141.178,0.160164,-0.0326251,7.51244e-05
141.18,0.160108,-0.0326248,7.5118e-05
141.182,0.160051,-0.0326245,7.51115e-05
141.184,0.159995,-0.0326242,7.5105e-05
141.185,0.159938,-0.0326239,7.50986e-05
141.187,0.159882,-0.0326236,7.50921e-05
141.189,0.159826,-0.0326233,7.50856e-05
141.19,0.15977,-0.0326229,7.50792e-05
141.192,0.159713,-0.0326226,7.50727e-05
141.194,0.159657,-0.0326223,7.50662e-05
141.196,0.159601,-0.032622,7.50598e-05
141.197,0.159545,-0.0326217,7.50533e-05
141.199,0.159488,-0.0326214,7.50469e-05
141.201,0.159432,-0.0326211,7.50404e-05
141.202,0.159376,-0.0326208,7.50339e-05
141.204,0.15932,-0.0326205,7.50275e-05
141.206,0.159264,-0.0326202,7.5021e-05
141.208,0.159208,-0.0326198,7.50146e-05
141.209,0.159152,-0.0326195,7.50081e-05
141.211,0.159096,-0.0326192,7.50017e-05
141.213,0.15904,-0.0326189,7.49953e-05
141.215,0.158984,-0.0326186,7.49888e-05
141.216,0.158928,-0.0326183,7.49824e-05
141.218,0.158872,-0.032618,7.49759e-05
141.22,0.158816,-0.0326177,7.49695e-05
141.221,0.158761,-0.0326174,7.4963e-05
141.223,0.158705,-0.0326171,7.49566e-05
141.225,0.158649,-0.0326168,7.49502e-05
141.226,0.158593,-0.0326165,7.49437e-05
141.228,0.158537,-0.0326161,7.49373e-05
141.23,0.158482,-0.0326158,7.49309e-05
141.232,0.158426,-0.0326155,7.49244e-05
141.233,0.15837,-0.0326152,7.4918e-05
141.235,0.158315,-0.0326149,7.49116e-05
141.237,0.158259,-0.0326146,7.49052e-05
141.238,0.158204,-0.0326143,7.48987e-05
141.24,0.158148,-0.032614,7.48923e-05
141.242,0.158093,-0.0326137,7.48859e-05
141.244,0.158037,-0.0326134,7.48795e-05
141.245,0.157982,-0.0326131,7.48731e-05
141.247,0.157926,-0.0326128,7.48666e-05
141.249,0.157871,-0.0326125,7.48602e-05
141.25,0.157815,-0.0326122,7.48538e-05
141.252,0.15776,-0.0326119,7.48474e-05
141.254,0.157705,-0.0326116,7.4841e-05
141.255,0.157649,-0.0326112,7.48346e-05
141.257,0.157594,-0.0326109,7.48282e-05
141.259,0.157539,-0.0326106,7.48218e-05
141.261,0.157483,-0.0326103,7.48154e-05
141.262,0.157428,-0.03261,7.4809e-05
141.264,0.157373,-0.0326097,7.48025e-05
141.266,0.157318,-0.0326094,7.47961e-05
141.267,0.157263,-0.0326091,7.47897e-05
141.269,0.157208,-0.0326088,7.47833e-05
141.271,0.157152,-0.0326085,7.47769e-05
141.272,0.157097,-0.0326082,7.47706e-05
141.274,0.157042,-0.0326079,7.47642e-05
141.276,0.156987,-0.0326076,7.47578e-05
141.277,0.156932,-0.0326073,7.47514e-05
141.279,0.156877,-0.032607,7.4745e-05
141.281,0.156822,-0.0326067,7.47386e-05
141.282,0.156767,-0.0326064,7.47322e-05
141.284,0.156712,-0.0326061,7.47258e-05
141.286,0.156658,-0.0326058,7.47194e-05
141.288,0.156603,-0.0326055,7.4713e-05
141.289,0.156548,-0.0326052,7.47067e-05
141.291,0.156493,-0.0326049,7.47003e-05
141.293,0.156438,-0.0326046,7.46939e-05
141.294,0.156384,-0.0326043,7.46875e-05
141.296,0.156329,-0.032604,7.46812e-05
141.298,0.156274,-0.0326037,7.46748e-05
141.299,0.15622,-0.0326034,7.46684e-05
141.301,0.156165,-0.0326031,7.4662e-05
141.303,0.15611,-0.0326028,7.46557e-05
141.304,0.156056,-0.0326025,7.46493e-05
141.306,0.156001,-0.0326022,7.46429e-05
141.308,0.155946,-0.0326019,7.46365e-05
141.309,0.155892,-0.0326016,7.46302e-05
141.311,0.155837,-0.0326013,7.46238e-05
141.313,0.155783,-0.032601,7.46175e-05
141.314,0.155728,-0.0326007,7.46111e-05
141.316,0.155674,-0.0326004,7.46047e-05
141.318,0.15562,-0.0326001,7.45984e-05
141.319,0.155565,-0.0325998,7.4592e-05
141.321,0.155511,-0.0325995,7.45857e-05
141.323,0.155457,-0.0325992,7.45793e-05
141.324,0.155402,-0.0325989,7.4573e-05
141.326,0.155348,-0.0325986,7.45666e-05
141.328,0.155294,-0.0325983,7.45602e-05
141.329,0.155239,-0.032598,7.45539e-05
141.331,0.155185,-0.0325977,7.45476e-05
141.333,0.155131,-0.0325974,7.45412e-05
141.334,0.155077,-0.0325971,7.45349e-05
141.336,0.155023,-0.0325968,7.45285e-05
141.338,0.154969,-0.0325965,7.45222e-05
141.339,0.154915,-0.0325962,7.45158e-05
141.341,0.154861,-0.0325959,7.45095e-05
141.343,0.154806,-0.0325956,7.45032e-05
141.344,0.154752,-0.0325953,7.44968e-05
141.346,0.154698,-0.032595,7.44905e-05
141.348,0.154645,-0.0325947,7.44841e-05
141.349,0.154591,-0.0325945,7.44778e-05
141.351,0.154537,-0.0325942,7.44715e-05
141.353,0.154483,-0.0325939,7.44651e-05
141.354,0.154429,-0.0325936,7.44588e-05
141.356,0.154375,-0.0325933,7.44525e-05
141.358,0.154321,-0.032593,7.44462e-05
141.359,0.154267,-0.0325927,7.44398e-05
141.361,0.154214,-0.0325924,7.44335e-05
141.362,0.15416,-0.0325921,7.44272e-05
141.364,0.154106,-0.0325918,7.44209e-05
141.366,0.154052,-0.0325915,7.44145e-05
141.367,0.153999,-0.0325912,7.44082e-05
141.369,0.153945,-0.0325909,7.44019e-05
141.371,0.153891,-0.0325906,7.43956e-05
141.372,0.153838,-0.0325903,7.43893e-05
141.374,0.153784,-0.03259,7.4383e-05
141.376,0.153731,-0.0325897,7.43767e-05
141.377,0.153677,-0.0325895,7.43703e-05
141.379,0.153624,-0.0325892,7.4364e-05
141.381,0.15357,-0.0325889,7.43577e-05
141.382,0.153517,-0.0325886,7.43514e-05
141.384,0.153463,-0.0325883,7.43451e-05
141.385,0.15341,-0.032588,7.43388e-05
141.387,0.153356,-0.0325877,7.43325e-05
141.389,0.153303,-0.0325874,7.43262e-05
141.39,0.15325,-0.0325871,7.43199e-05
141.392,0.153196,-0.0325868,7.43136e-05
141.394,0.153143,-0.0325865,7.43073e-05
141.395,0.15309,-0.0325862,7.4301e-05
141.397,0.153037,-0.032586,7.42947e-05
141.399,0.152983,-0.0325857,7.42884e-05
141.4,0.15293,-0.0325854,7.42821e-05
141.402,0.152877,-0.0325851,7.42758e-05
141.403,0.152824,-0.0325848,7.42696e-05
141.405,0.152771,-0.0325845,7.42633e-05
141.407,0.152718,-0.0325842,7.4257e-05
141.408,0.152665,-0.0325839,7.42507e-05
141.41,0.152611,-0.0325836,7.42444e-05
141.412,0.152558,-0.0325833,7.42381e-05
141.413,0.152505,-0.0325831,7.42318e-05
141.415,0.152452,-0.0325828,7.42256e-05
141.416,0.152399,-0.0325825,7.42193e-05
141.418,0.152347,-0.0325822,7.4213e-05
141.42,0.152294,-0.0325819,7.42067e-05
141.421,0.152241,-0.0325816,7.42005e-05
141.423,0.152188,-0.0325813,7.41942e-05
141.425,0.152135,-0.032581,7.41879e-05
141.426,0.152082,-0.0325807,7.41816e-05
141.428,0.152029,-0.0325805,7.41754e-05
141.429,0.151977,-0.0325802,7.41691e-05
141.431,0.151924,-0.0325799,7.41628e-05
141.433,0.151871,-0.0325796,7.41566e-05
141.434,0.151818,-0.0325793,7.41503e-05
141.436,0.151766,-0.032579,7.4144e-05
141.438,0.151713,-0.0325787,7.41378e-05
141.439,0.15166,-0.0325784,7.41315e-05
141.441,0.151608,-0.0325782,7.41253e-05
141.442,0.151555,-0.0325779,7.4119e-05
141.444,0.151503,-0.0325776,7.41127e-05
141.446,0.15145,-0.0325773,7.41065e-05
141.447,0.151398,-0.032577,7.41002e-05
141.449,0.151345,-0.0325767,7.4094e-05
141.45,0.151293,-0.0325764,7.40877e-05
141.452,0.15124,-0.0325762,7.40815e-05
141.454,0.151188,-0.0325759,7.40752e-05
141.455,0.151135,-0.0325756,7.4069e-05
141.457,0.151083,-0.0325753,7.40627e-05
141.459,0.151031,-0.032575,7.40565e-05
141.46,0.150978,-0.0325747,7.40502e-05
141.462,0.150926,-0.0325744,7.4044e-05
141.463,0.150874,-0.0325742,7.40378e-05
141.465,0.150821,-0.0325739,7.40315e-05
141.467,0.150769,-0.0325736,7.40253e-05
141.468,0.150717,-0.0325733,7.4019e-05
141.47,0.150665,-0.032573,7.40128e-05
141.471,0.150612,-0.0325727,7.40066e-05
141.473,0.15056,-0.0325725,7.40003e-05
141.475,0.150508,-0.0325722,7.39941e-05
141.476,0.150456,-0.0325719,7.39879e-05
141.478,0.150404,-0.0325716,7.39816e-05
141.479,0.150352,-0.0325713,7.39754e-05
141.481,0.1503,-0.032571,7.39692e-05
141.483,0.150248,-0.0325708,7.3963e-05
141.484,0.150196,-0.0325705,7.39567e-05
141.486,0.150144,-0.0325702,7.39505e-05
141.487,0.150092,-0.0325699,7.39443e-05
141.489,0.15004,-0.0325696,7.39381e-05
141.491,0.149988,-0.0325693,7.39318e-05
141.492,0.149936,-0.0325691,7.39256e-05
141.494,0.149884,-0.0325688,7.39194e-05
141.495,0.149833,-0.0325685,7.39132e-05
141.497,0.149781,-0.0325682,7.3907e-05
141.498,0.149729,-0.0325679,7.39008e-05
141.5,0.149677,-0.0325677,7.38946e-05
141.502,0.149625,-0.0325674,7.38883e-05
141.503,0.149574,-0.0325671,7.38821e-05
141.505,0.149522,-0.0325668,7.38759e-05
141.506,0.14947,-0.0325665,7.38697e-05
141.508,0.149419,-0.0325663,7.38635e-05
141.51,0.149367,-0.032566,7.38573e-05
141.511,0.149315,-0.0325657,7.38511e-05
141.513,0.149264,-0.0325654,7.38449e-05
141.514,0.149212,-0.0325651,7.38387e-05
141.516,0.149161,-0.0325649,7.38325e-05
141.518,0.149109,-0.0325646,7.38263e-05
141.519,0.149058,-0.0325643,7.38201e-05
141.521,0.149006,-0.032564,7.38139e-05
141.522,0.148955,-0.0325637,7.38077e-05
141.524,0.148903,-0.0325635,7.38015e-05
141.525,0.148852,-0.0325632,7.37953e-05
141.527,0.148801,-0.0325629,7.37891e-05
141.529,0.148749,-0.0325626,7.37829e-05
141.53,0.148698,-0.0325623,7.37768e-05
141.532,0.148647,-0.0325621,7.37706e-05
141.533,0.148595,-0.0325618,7.37644e-05
141.535,0.148544,-0.0325615,7.37582e-05
141.536,0.148493,-0.0325612,7.3752e-05
141.538,0.148442,-0.032561,7.37458e-05
141.54,0.14839,-0.0325607,7.37397e-05
141.541,0.148339,-0.0325604,7.37335e-05
141.543,0.148288,-0.0325601,7.37273e-05
141.544,0.148237,-0.0325598,7.37211e-05
141.546,0.148186,-0.0325596,7.37149e-05
141.547,0.148135,-0.0325593,7.37088e-05
141.549,0.148084,-0.032559,7.37026e-05
141.551,0.148033,-0.0325587,7.36964e-05
141.552,0.147982,-0.0325585,7.36903e-05
141.554,0.147931,-0.0325582,7.36841e-05
141.555,0.14788,-0.0325579,7.36779e-05
141.557,0.147829,-0.0325576,7.36717e-05
141.558,0.147778,-0.0325574,7.36656e-05
141.56,0.147727,-0.0325571,7.36594e-05
141.562,0.147676,-0.0325568,7.36533e-05
141.563,0.147625,-0.0325565,7.36471e-05
141.565,0.147574,-0.0325563,7.36409e-05
141.566,0.147523,-0.032556,7.36348e-05
141.568,0.147472,-0.0325557,7.36286e-05
141.569,0.147422,-0.0325554,7.36225e-05
141.571,0.147371,-0.0325552,7.36163e-05
141.572,0.14732,-0.0325549,7.36101e-05
141.574,0.147269,-0.0325546,7.3604e-05
141.576,0.147219,-0.0325543,7.35978e-05
141.577,0.147168,-0.0325541,7.35917e-05
141.579,0.147117,-0.0325538,7.35855e-05
141.58,0.147067,-0.0325535,7.35794e-05
141.582,0.147016,-0.0325532,7.35732e-05
141.583,0.146966,-0.032553,7.35671e-05
141.585,0.146915,-0.0325527,7.35609e-05
141.586,0.146864,-0.0325524,7.35548e-05
141.588,0.146814,-0.0325521,7.35487e-05
141.59,0.146763,-0.0325519,7.35425e-05
141.591,0.146713,-0.0325516,7.35364e-05
141.593,0.146663,-0.0325513,7.35302e-05
141.594,0.146612,-0.0325511,7.35241e-05
141.596,0.146562,-0.0325508,7.3518e-05
141.597,0.146511,-0.0325505,7.35118e-05
141.599,0.146461,-0.0325502,7.35057e-05
141.6,0.146411,-0.03255,7.34996e-05
141.602,0.14636,-0.0325497,7.34934e-05
141.603,0.14631,-0.0325494,7.34873e-05
141.605,0.14626,-0.0325492,7.34812e-05
141.607,0.146209,-0.0325489,7.3475e-05
141.608,0.146159,-0.0325486,7.34689e-05
141.61,0.146109,-0.0325483,7.34628e-05
141.611,0.146059,-0.0325481,7.34567e-05
141.613,0.146009,-0.0325478,7.34505e-05
141.614,0.145958,-0.0325475,7.34444e-05
141.616,0.145908,-0.0325473,7.34383e-05
141.617,0.145858,-0.032547,7.34322e-05
141.619,0.145808,-0.0325467,7.34261e-05
141.62,0.145758,-0.0325464,7.34199e-05
141.622,0.145708,-0.0325462,7.34138e-05
141.624,0.145658,-0.0325459,7.34077e-05
141.625,0.145608,-0.0325456,7.34016e-05
141.627,0.145558,-0.0325454,7.33955e-05
141.628,0.145508,-0.0325451,7.33894e-05
141.63,0.145458,-0.0325448,7.33833e-05
141.631,0.145408,-0.0325446,7.33772e-05
141.633,0.145358,-0.0325443,7.3371e-05
141.634,0.145308,-0.032544,7.33649e-05
141.636,0.145259,-0.0325438,7.33588e-05
141.637,0.145209,-0.0325435,7.33527e-05
141.639,0.145159,-0.0325432,7.33466e-05
141.64,0.145109,-0.032543,7.33405e-05
141.642,0.145059,-0.0325427,7.33344e-05
141.643,0.14501,-0.0325424,7.33283e-05
141.645,0.14496,-0.0325421,7.33222e-05
141.646,0.14491,-0.0325419,7.33161e-05
141.648,0.144861,-0.0325416,7.331e-05
141.65,0.144811,-0.0325413,7.33039e-05
141.651,0.144761,-0.0325411,7.32979e-05
141.653,0.144712,-0.0325408,7.32918e-05
141.654,0.144662,-0.0325405,7.32857e-05
141.656,0.144612,-0.0325403,7.32796e-05
141.657,0.144563,-0.03254,7.32735e-05
141.659,0.144513,-0.0325397,7.32674e-05
141.66,0.144464,-0.0325395,7.32613e-05
141.662,0.144414,-0.0325392,7.32552e-05
141.663,0.144365,-0.0325389,7.32491e-05
141.665,0.144315,-0.0325387,7.32431e-05
141.666,0.144266,-0.0325384,7.3237e-05
141.668,0.144217,-0.0325381,7.32309e-05
141.669,0.144167,-0.0325379,7.32248e-05
141.671,0.144118,-0.0325376,7.32187e-05
141.672,0.144068,-0.0325373,7.32127e-05
141.674,0.144019,-0.0325371,7.32066e-05
141.675,0.14397,-0.0325368,7.32005e-05
141.677,0.143921,-0.0325366,7.31944e-05
141.678,0.143871,-0.0325363,7.31884e-05
141.68,0.143822,-0.032536,7.31823e-05
141.681,0.143773,-0.0325358,7.31762e-05
141.683,0.143724,-0.0325355,7.31702e-05
141.684,0.143674,-0.0325352,7.31641e-05
141.686,0.143625,-0.032535,7.3158e-05
141.687,0.143576,-0.0325347,7.3152e-05
141.689,0.143527,-0.0325344,7.31459e-05
141.691,0.143478,-0.0325342,7.31398e-05
141.692,0.143429,-0.0325339,7.31338e-05
141.694,0.14338,-0.0325336,7.31277e-05
141.695,0.143331,-0.0325334,7.31217e-05
141.697,0.143282,-0.0325331,7.31156e-05
141.698,0.143233,-0.0325329,7.31095e-05
141.7,0.143184,-0.0325326,7.31035e-05
141.701,0.143135,-0.0325323,7.30974e-05
141.703,0.143086,-0.0325321,7.30914e-05
141.704,0.143037,-0.0325318,7.30853e-05
141.706,0.142988,-0.0325315,7.30793e-05
141.707,0.142939,-0.0325313,7.30732e-05
141.709,0.142891,-0.032531,7.30672e-05
141.71,0.142842,-0.0325308,7.30611e-05
141.712,0.142793,-0.0325305,7.30551e-05
141.713,0.142744,-0.0325302,7.3049e-05
141.715,0.142695,-0.03253,7.3043e-05
141.716,0.142647,-0.0325297,7.3037e-05
141.718,0.142598,-0.0325294,7.30309e-05
141.719,0.142549,-0.0325292,7.30249e-05
141.721,0.142501,-0.0325289,7.30188e-05
141.722,0.142452,-0.0325287,7.30128e-05
141.724,0.142403,-0.0325284,7.30068e-05
141.725,0.142355,-0.0325281,7.30007e-05
141.727,0.142306,-0.0325279,7.29947e-05
141.728,0.142257,-0.0325276,7.29887e-05
141.73,0.142209,-0.0325274,7.29826e-05
141.731,0.14216,-0.0325271,7.29766e-05
141.733,0.142112,-0.0325268,7.29706e-05
141.734,0.142063,-0.0325266,7.29645e-05
141.735,0.142015,-0.0325263,7.29585e-05
141.737,0.141966,-0.0325261,7.29525e-05
141.738,0.141918,-0.0325258,7.29465e-05
141.74,0.14187,-0.0325255,7.29404e-05
141.741,0.141821,-0.0325253,7.29344e-05
141.743,0.141773,-0.032525,7.29284e-05
141.744,0.141725,-0.0325248,7.29224e-05
141.746,0.141676,-0.0325245,7.29163e-05
141.747,0.141628,-0.0325242,7.29103e-05
141.749,0.14158,-0.032524,7.29043e-05
141.75,0.141531,-0.0325237,7.28983e-05
141.752,0.141483,-0.0325235,7.28923e-05
141.753,0.141435,-0.0325232,7.28863e-05
141.755,0.141387,-0.032523,7.28802e-05
141.756,0.141338,-0.0325227,7.28742e-05
141.758,0.14129,-0.0325224,7.28682e-05
141.759,0.141242,-0.0325222,7.28622e-05
141.761,0.141194,-0.0325219,7.28562e-05
141.762,0.141146,-0.0325217,7.28502e-05
141.764,0.141098,-0.0325214,7.28442e-05
141.765,0.14105,-0.0325211,7.28382e-05
141.767,0.141002,-0.0325209,7.28322e-05
141.768,0.140954,-0.0325206,7.28262e-05
141.77,0.140906,-0.0325204,7.28202e-05
141.771,0.140858,-0.0325201,7.28142e-05
141.773,0.14081,-0.0325199,7.28082e-05
141.774,0.140762,-0.0325196,7.28022e-05
141.775,0.140714,-0.0325194,7.27962e-05
141.777,0.140666,-0.0325191,7.27902e-05
141.778,0.140618,-0.0325188,7.27842e-05
141.78,0.14057,-0.0325186,7.27782e-05
141.781,0.140522,-0.0325183,7.27722e-05
141.783,0.140475,-0.0325181,7.27662e-05
141.784,0.140427,-0.0325178,7.27602e-05
141.786,0.140379,-0.0325176,7.27542e-05
141.787,0.140331,-0.0325173,7.27483e-05
141.789,0.140284,-0.032517,7.27423e-05
141.79,0.140236,-0.0325168,7.27363e-05
141.792,0.140188,-0.0325165,7.27303e-05
141.793,0.14014,-0.0325163,7.27243e-05
141.795,0.140093,-0.032516,7.27183e-05
141.796,0.140045,-0.0325158,7.27124e-05
141.798,0.139998,-0.0325155,7.27064e-05
141.799,0.13995,-0.0325153,7.27004e-05
141.8,0.139902,-0.032515,7.26944e-05
141.802,0.139855,-0.0325148,7.26884e-05
141.803,0.139807,-0.0325145,7.26825e-05
141.805,0.13976,-0.0325142,7.26765e-05
141.806,0.139712,-0.032514,7.26705e-05
141.808,0.139665,-0.0325137,7.26645e-05
141.809,0.139617,-0.0325135,7.26586e-05
141.811,0.13957,-0.0325132,7.26526e-05
141.812,0.139522,-0.032513,7.26466e-05
141.814,0.139475,-0.0325127,7.26407e-05
141.815,0.139428,-0.0325125,7.26347e-05
141.817,0.13938,-0.0325122,7.26287e-05
141.818,0.139333,-0.032512,7.26228e-05
141.819,0.139286,-0.0325117,7.26168e-05
141.821,0.139238,-0.0325115,7.26108e-05
141.822,0.139191,-0.0325112,7.26049e-05
141.824,0.139144,-0.032511,7.25989e-05
141.825,0.139096,-0.0325107,7.2593e-05
141.827,0.139049,-0.0325105,7.2587e-05
141.828,0.139002,-0.0325102,7.25811e-05
141.83,0.138955,-0.0325099,7.25751e-05
141.831,0.138908,-0.0325097,7.25691e-05
141.832,0.138861,-0.0325094,7.25632e-05
141.834,0.138813,-0.0325092,7.25572e-05
141.835,0.138766,-0.0325089,7.25513e-05
141.837,0.138719,-0.0325087,7.25453e-05
141.838,0.138672,-0.0325084,7.25394e-05
141.84,0.138625,-0.0325082,7.25334e-05
141.841,0.138578,-0.0325079,7.25275e-05
141.843,0.138531,-0.0325077,7.25216e-05
141.844,0.138484,-0.0325074,7.25156e-05
141.846,0.138437,-0.0325072,7.25097e-05
141.847,0.13839,-0.0325069,7.25037e-05
141.848,0.138343,-0.0325067,7.24978e-05
141.85,0.138296,-0.0325064,7.24918e-05
141.851,0.138249,-0.0325062,7.24859e-05
141.853,0.138203,-0.0325059,7.248e-05
141.854,0.138156,-0.0325057,7.2474e-05
141.856,0.138109,-0.0325054,7.24681e-05
141.857,0.138062,-0.0325052,7.24622e-05
141.858,0.138015,-0.0325049,7.24562e-05
141.86,0.137969,-0.0325047,7.24503e-05
141.861,0.137922,-0.0325044,7.24444e-05
141.863,0.137875,-0.0325042,7.24384e-05
141.864,0.137828,-0.0325039,7.24325e-05
141.866,0.137782,-0.0325037,7.24266e-05
141.867,0.137735,-0.0325034,7.24206e-05
141.869,0.137688,-0.0325032,7.24147e-05
141.87,0.137642,-0.0325029,7.24088e-05
141.871,0.137595,-0.0325027,7.24029e-05
141.873,0.137548,-0.0325024,7.2397e-05
141.874,0.137502,-0.0325022,7.2391e-05
141.876,0.137455,-0.032502,7.23851e-05
141.877,0.137409,-0.0325017,7.23792e-05
141.879,0.137362,-0.0325015,7.23733e-05
141.88,0.137316,-0.0325012,7.23674e-05
141.881,0.137269,-0.032501,7.23614e-05
141.883,0.137223,-0.0325007,7.23555e-05
141.884,0.137176,-0.0325005,7.23496e-05
141.886,0.13713,-0.0325002,7.23437e-05
141.887,0.137083,-0.0325,7.23378e-05
141.889,0.137037,-0.0324997,7.23319e-05
141.89,0.136991,-0.0324995,7.2326e-05
141.891,0.136944,-0.0324992,7.23201e-05
141.893,0.136898,-0.032499,7.23142e-05
141.894,0.136852,-0.0324987,7.23082e-05
141.896,0.136805,-0.0324985,7.23023e-05
141.897,0.136759,-0.0324982,7.22964e-05
141.899,0.136713,-0.032498,7.22905e-05
141.9,0.136667,-0.0324978,7.22846e-05
141.901,0.13662,-0.0324975,7.22787e-05
141.903,0.136574,-0.0324973,7.22728e-05
141.904,0.136528,-0.032497,7.22669e-05
141.906,0.136482,-0.0324968,7.2261e-05
141.907,0.136436,-0.0324965,7.22551e-05
141.909,0.13639,-0.0324963,7.22492e-05
141.91,0.136344,-0.032496,7.22434e-05
141.911,0.136297,-0.0324958,7.22375e-05
141.913,0.136251,-0.0324955,7.22316e-05
141.914,0.136205,-0.0324953,7.22257e-05
141.916,0.136159,-0.0324951,7.22198e-05
141.917,0.136113,-0.0324948,7.22139e-05
141.918,0.136067,-0.0324946,7.2208e-05
141.92,0.136021,-0.0324943,7.22021e-05
141.921,0.135975,-0.0324941,7.21962e-05
141.923,0.135929,-0.0324938,7.21904e-05
141.924,0.135884,-0.0324936,7.21845e-05
141.925,0.135838,-0.0324933,7.21786e-05
141.927,0.135792,-0.0324931,7.21727e-05
141.928,0.135746,-0.0324929,7.21668e-05
141.93,0.1357,-0.0324926,7.2161e-05
141.931,0.135654,-0.0324924,7.21551e-05
141.933,0.135608,-0.0324921,7.21492e-05
141.934,0.135563,-0.0324919,7.21433e-05
141.935,0.135517,-0.0324916,7.21374e-05
141.937,0.135471,-0.0324914,7.21316e-05
141.938,0.135425,-0.0324912,7.21257e-05
141.94,0.13538,-0.0324909,7.21198e-05
141.941,0.135334,-0.0324907,7.2114e-05
141.942,0.135288,-0.0324904,7.21081e-05
141.944,0.135243,-0.0324902,7.21022e-05
141.945,0.135197,-0.0324899,7.20964e-05
141.947,0.135152,-0.0324897,7.20905e-05
141.948,0.135106,-0.0324895,7.20846e-05
141.949,0.13506,-0.0324892,7.20788e-05
141.951,0.135015,-0.032489,7.20729e-05
141.952,0.134969,-0.0324887,7.2067e-05
141.954,0.134924,-0.0324885,7.20612e-05
141.955,0.134878,-0.0324882,7.20553e-05
141.956,0.134833,-0.032488,7.20495e-05
141.958,0.134787,-0.0324878,7.20436e-05
141.959,0.134742,-0.0324875,7.20377e-05
141.961,0.134696,-0.0324873,7.20319e-05
141.962,0.134651,-0.032487,7.2026e-05
141.963,0.134606,-0.0324868,7.20202e-05
141.965,0.13456,-0.0324866,7.20143e-05
141.966,0.134515,-0.0324863,7.20085e-05
141.968,0.13447,-0.0324861,7.20026e-05
141.969,0.134424,-0.0324858,7.19968e-05
141.97,0.134379,-0.0324856,7.19909e-05
141.972,0.134334,-0.0324854,7.19851e-05
141.973,0.134288,-0.0324851,7.19792e-05
141.975,0.134243,-0.0324849,7.19734e-05
141.976,0.134198,-0.0324846,7.19675e-05
141.977,0.134153,-0.0324844,7.19617e-05
141.979,0.134108,-0.0324842,7.19559e-05
141.98,0.134062,-0.0324839,7.195e-05
141.982,0.134017,-0.0324837,7.19442e-05
141.983,0.133972,-0.0324834,7.19383e-05
141.984,0.133927,-0.0324832,7.19325e-05
141.986,0.133882,-0.032483,7.19267e-05
141.987,0.133837,-0.0324827,7.19208e-05
141.988,0.133792,-0.0324825,7.1915e-05
141.99,0.133747,-0.0324822,7.19092e-05
141.991,0.133702,-0.032482,7.19033e-05
141.993,0.133657,-0.0324818,7.18975e-05
141.994,0.133612,-0.0324815,7.18917e-05
141.995,0.133567,-0.0324813,7.18858e-05
141.997,0.133522,-0.0324811,7.188e-05
141.998,0.133477,-0.0324808,7.18742e-05
142,0.133432,-0.0324806,7.18684e-05
142.001,0.133387,-0.0324803,7.18625e-05
142.002,0.133342,-0.0324801,7.18567e-05
142.004,0.133297,-0.0324799,7.18509e-05
142.005,0.133253,-0.0324796,7.18451e-05
142.006,0.133208,-0.0324794,7.18392e-05
142.008,0.133163,-0.0324791,7.18334e-05
142.009,0.133118,-0.0324789,7.18276e-05
142.011,0.133073,-0.0324787,7.18218e-05
142.012,0.133029,-0.0324784,7.1816e-05
142.013,0.132984,-0.0324782,7.18101e-05
142.015,0.132939,-0.032478,7.18043e-05
142.016,0.132895,-0.0324777,7.17985e-05
142.017,0.13285,-0.0324775,7.17927e-05
142.019,0.132805,-0.0324773,7.17869e-05
142.02,0.132761,-0.032477,7.17811e-05
142.022,0.132716,-0.0324768,7.17753e-05
142.023,0.132671,-0.0324765,7.17695e-05
142.024,0.132627,-0.0324763,7.17637e-05
142.026,0.132582,-0.0324761,7.17579e-05
142.027,0.132538,-0.0324758,7.1752e-05
142.028,0.132493,-0.0324756,7.17462e-05
142.03,0.132449,-0.0324754,7.17404e-05
142.031,0.132404,-0.0324751,7.17346e-05
142.033,0.13236,-0.0324749,7.17288e-05
142.034,0.132315,-0.0324747,7.1723e-05
142.035,0.132271,-0.0324744,7.17172e-05
142.037,0.132226,-0.0324742,7.17114e-05
142.038,0.132182,-0.032474,7.17056e-05
142.039,0.132138,-0.0324737,7.16998e-05
142.041,0.132093,-0.0324735,7.1694e-05
142.042,0.132049,-0.0324732,7.16883e-05
142.043,0.132005,-0.032473,7.16825e-05
142.045,0.13196,-0.0324728,7.16767e-05
142.046,0.131916,-0.0324725,7.16709e-05
142.048,0.131872,-0.0324723,7.16651e-05
142.049,0.131827,-0.0324721,7.16593e-05
142.05,0.131783,-0.0324718,7.16535e-05
142.052,0.131739,-0.0324716,7.16477e-05
142.053,0.131695,-0.0324714,7.16419e-05
142.054,0.131651,-0.0324711,7.16362e-05
142.056,0.131606,-0.0324709,7.16304e-05
142.057,0.131562,-0.0324707,7.16246e-05
142.058,0.131518,-0.0324704,7.16188e-05
142.06,0.131474,-0.0324702,7.1613e-05
142.061,0.13143,-0.03247,7.16072e-05
142.063,0.131386,-0.0324697,7.16015e-05
142.064,0.131342,-0.0324695,7.15957e-05
142.065,0.131298,-0.0324693,7.15899e-05
142.067,0.131254,-0.032469,7.15841e-05
142.068,0.13121,-0.0324688,7.15784e-05
142.069,0.131166,-0.0324686,7.15726e-05
142.071,0.131122,-0.0324683,7.15668e-05
142.072,0.131078,-0.0324681,7.1561e-05
142.073,0.131034,-0.0324679,7.15553e-05
142.075,0.13099,-0.0324676,7.15495e-05
142.076,0.130946,-0.0324674,7.15437e-05
142.077,0.130902,-0.0324672,7.1538e-05
142.079,0.130858,-0.0324669,7.15322e-05
142.08,0.130814,-0.0324667,7.15264e-05
142.082,0.130771,-0.0324665,7.15207e-05
142.083,0.130727,-0.0324663,7.15149e-05
142.084,0.130683,-0.032466,7.15091e-05
142.086,0.130639,-0.0324658,7.15034e-05
142.087,0.130595,-0.0324656,7.14976e-05
142.088,0.130552,-0.0324653,7.14919e-05
142.09,0.130508,-0.0324651,7.14861e-05
142.091,0.130464,-0.0324649,7.14803e-05
142.092,0.130421,-0.0324646,7.14746e-05
142.094,0.130377,-0.0324644,7.14688e-05
142.095,0.130333,-0.0324642,7.14631e-05
142.096,0.13029,-0.0324639,7.14573e-05
142.098,0.130246,-0.0324637,7.14516e-05
142.099,0.130202,-0.0324635,7.14458e-05
142.1,0.130159,-0.0324632,7.14401e-05
142.102,0.130115,-0.032463,7.14343e-05
142.103,0.130072,-0.0324628,7.14286e-05
142.104,0.130028,-0.0324626,7.14228e-05
142.106,0.129985,-0.0324623,7.14171e-05
142.107,0.129941,-0.0324621,7.14113e-05
142.108,0.129898,-0.0324619,7.14056e-05
142.11,0.129854,-0.0324616,7.13998e-05
142.111,0.129811,-0.0324614,7.13941e-05
142.112,0.129767,-0.0324612,7.13884e-05
142.114,0.129724,-0.0324609,7.13826e-05
142.115,0.129681,-0.0324607,7.13769e-05
142.116,0.129637,-0.0324605,7.13711e-05
142.118,0.129594,-0.0324603,7.13654e-05
142.119,0.12955,-0.03246,7.13597e-05
142.12,0.129507,-0.0324598,7.13539e-05
142.122,0.129464,-0.0324596,7.13482e-05
142.123,0.129421,-0.0324593,7.13425e-05
142.124,0.129377,-0.0324591,7.13367e-05
142.126,0.129334,-0.0324589,7.1331e-05
142.127,0.129291,-0.0324587,7.13253e-05
142.128,0.129248,-0.0324584,7.13195e-05
142.13,0.129204,-0.0324582,7.13138e-05
142.131,0.129161,-0.032458,7.13081e-05
142.132,0.129118,-0.0324577,7.13023e-05
142.134,0.129075,-0.0324575,7.12966e-05
142.135,0.129032,-0.0324573,7.12909e-05
142.136,0.128989,-0.0324571,7.12852e-05
142.138,0.128946,-0.0324568,7.12794e-05
142.139,0.128902,-0.0324566,7.12737e-05
142.14,0.128859,-0.0324564,7.1268e-05
142.142,0.128816,-0.0324562,7.12623e-05
142.143,0.128773,-0.0324559,7.12566e-05
142.144,0.12873,-0.0324557,7.12508e-05
142.146,0.128687,-0.0324555,7.12451e-05
142.147,0.128644,-0.0324552,7.12394e-05
142.148,0.128601,-0.032455,7.12337e-05
142.15,0.128558,-0.0324548,7.1228e-05
142.151,0.128516,-0.0324546,7.12223e-05
142.152,0.128473,-0.0324543,7.12166e-05
142.154,0.12843,-0.0324541,7.12108e-05
142.155,0.128387,-0.0324539,7.12051e-05
142.156,0.128344,-0.0324537,7.11994e-05
142.158,0.128301,-0.0324534,7.11937e-05
142.159,0.128258,-0.0324532,7.1188e-05
142.16,0.128216,-0.032453,7.11823e-05
142.162,0.128173,-0.0324528,7.11766e-05
142.163,0.12813,-0.0324525,7.11709e-05
142.164,0.128087,-0.0324523,7.11652e-05
142.165,0.128044,-0.0324521,7.11595e-05
142.167,0.128002,-0.0324519,7.11538e-05
142.168,0.127959,-0.0324516,7.11481e-05
142.169,0.127916,-0.0324514,7.11424e-05
142.171,0.127874,-0.0324512,7.11367e-05
142.172,0.127831,-0.032451,7.1131e-05
142.173,0.127788,-0.0324507,7.11253e-05
142.175,0.127746,-0.0324505,7.11196e-05
142.176,0.127703,-0.0324503,7.11139e-05
142.177,0.127661,-0.0324501,7.11082e-05
142.179,0.127618,-0.0324498,7.11025e-05
142.18,0.127575,-0.0324496,7.10968e-05
142.181,0.127533,-0.0324494,7.10911e-05
142.183,0.12749,-0.0324492,7.10855e-05
142.184,0.127448,-0.0324489,7.10798e-05
142.185,0.127405,-0.0324487,7.10741e-05
142.186,0.127363,-0.0324485,7.10684e-05
142.188,0.12732,-0.0324483,7.10627e-05
142.189,0.127278,-0.032448,7.1057e-05
142.19,0.127236,-0.0324478,7.10513e-05
142.192,0.127193,-0.0324476,7.10457e-05
142.193,0.127151,-0.0324474,7.104e-05
142.194,0.127109,-0.0324471,7.10343e-05
142.196,0.127066,-0.0324469,7.10286e-05
142.197,0.127024,-0.0324467,7.10229e-05
142.198,0.126982,-0.0324465,7.10173e-05
142.2,0.126939,-0.0324462,7.10116e-05
142.201,0.126897,-0.032446,7.10059e-05
142.202,0.126855,-0.0324458,7.10002e-05
142.203,0.126812,-0.0324456,7.09946e-05
142.205,0.12677,-0.0324454,7.09889e-05
142.206,0.126728,-0.0324451,7.09832e-05
142.207,0.126686,-0.0324449,7.09775e-05
142.209,0.126644,-0.0324447,7.09719e-05
142.21,0.126601,-0.0324445,7.09662e-05
142.211,0.126559,-0.0324442,7.09605e-05
142.213,0.126517,-0.032444,7.09549e-05
142.214,0.126475,-0.0324438,7.09492e-05
142.215,0.126433,-0.0324436,7.09435e-05
142.216,0.126391,-0.0324434,7.09379e-05
142.218,0.126349,-0.0324431,7.09322e-05
142.219,0.126307,-0.0324429,7.09265e-05
142.22,0.126265,-0.0324427,7.09209e-05
142.222,0.126223,-0.0324425,7.09152e-05
142.223,0.126181,-0.0324422,7.09096e-05
142.224,0.126139,-0.032442,7.09039e-05
142.226,0.126097,-0.0324418,7.08982e-05
142.227,0.126055,-0.0324416,7.08926e-05
142.228,0.126013,-0.0324414,7.08869e-05
142.229,0.125971,-0.0324411,7.08813e-05
142.231,0.125929,-0.0324409,7.08756e-05
142.232,0.125887,-0.0324407,7.087e-05
142.233,0.125845,-0.0324405,7.08643e-05
142.235,0.125803,-0.0324403,7.08587e-05
142.236,0.125762,-0.03244,7.0853e-05
142.237,0.12572,-0.0324398,7.08474e-05
142.238,0.125678,-0.0324396,7.08417e-05
142.24,0.125636,-0.0324394,7.08361e-05
142.241,0.125594,-0.0324392,7.08304e-05
142.242,0.125553,-0.0324389,7.08248e-05
142.244,0.125511,-0.0324387,7.08191e-05
142.245,0.125469,-0.0324385,7.08135e-05
142.246,0.125428,-0.0324383,7.08078e-05
142.247,0.125386,-0.0324381,7.08022e-05
142.249,0.125344,-0.0324378,7.07966e-05
142.25,0.125303,-0.0324376,7.07909e-05
142.251,0.125261,-0.0324374,7.07853e-05
142.253,0.125219,-0.0324372,7.07796e-05
142.254,0.125178,-0.032437,7.0774e-05
142.255,0.125136,-0.0324367,7.07684e-05
142.256,0.125095,-0.0324365,7.07627e-05
142.258,0.125053,-0.0324363,7.07571e-05
142.259,0.125011,-0.0324361,7.07515e-05
142.26,0.12497,-0.0324359,7.07458e-05
142.262,0.124928,-0.0324356,7.07402e-05
142.263,0.124887,-0.0324354,7.07346e-05
142.264,0.124845,-0.0324352,7.07289e-05
142.265,0.124804,-0.032435,7.07233e-05
142.267,0.124763,-0.0324348,7.07177e-05
142.268,0.124721,-0.0324345,7.07121e-05
142.269,0.12468,-0.0324343,7.07064e-05
142.27,0.124638,-0.0324341,7.07008e-05
142.272,0.124597,-0.0324339,7.06952e-05
142.273,0.124556,-0.0324337,7.06896e-05
142.274,0.124514,-0.0324335,7.06839e-05
142.276,0.124473,-0.0324332,7.06783e-05
142.277,0.124432,-0.032433,7.06727e-05
142.278,0.12439,-0.0324328,7.06671e-05
142.279,0.124349,-0.0324326,7.06615e-05
142.281,0.124308,-0.0324324,7.06558e-05
142.282,0.124267,-0.0324322,7.06502e-05
142.283,0.124225,-0.0324319,7.06446e-05
142.284,0.124184,-0.0324317,7.0639e-05
142.286,0.124143,-0.0324315,7.06334e-05
142.287,0.124102,-0.0324313,7.06278e-05
142.288,0.124061,-0.0324311,7.06222e-05
142.29,0.124019,-0.0324308,7.06166e-05
142.291,0.123978,-0.0324306,7.06109e-05
142.292,0.123937,-0.0324304,7.06053e-05
142.293,0.123896,-0.0324302,7.05997e-05
142.295,0.123855,-0.03243,7.05941e-05
142.296,0.123814,-0.0324298,7.05885e-05
142.297,0.123773,-0.0324295,7.05829e-05
142.298,0.123732,-0.0324293,7.05773e-05
142.3,0.123691,-0.0324291,7.05717e-05
142.301,0.12365,-0.0324289,7.05661e-05
142.302,0.123609,-0.0324287,7.05605e-05
142.303,0.123568,-0.0324285,7.05549e-05
142.305,0.123527,-0.0324283,7.05493e-05
142.306,0.123486,-0.032428,7.05437e-05
142.307,0.123445,-0.0324278,7.05381e-05
142.309,0.123404,-0.0324276,7.05325e-05
142.31,0.123363,-0.0324274,7.05269e-05
142.311,0.123322,-0.0324272,7.05213e-05
142.312,0.123281,-0.032427,7.05157e-05
142.314,0.123241,-0.0324267,7.05101e-05
142.315,0.1232,-0.0324265,7.05045e-05
142.316,0.123159,-0.0324263,7.04989e-05
142.317,0.123118,-0.0324261,7.04934e-05
142.319,0.123077,-0.0324259,7.04878e-05
142.32,0.123037,-0.0324257,7.04822e-05
142.321,0.122996,-0.0324255,7.04766e-05
142.322,0.122955,-0.0324252,7.0471e-05
142.324,0.122914,-0.032425,7.04654e-05
142.325,0.122874,-0.0324248,7.04598e-05
142.326,0.122833,-0.0324246,7.04542e-05
142.327,0.122792,-0.0324244,7.04487e-05
142.329,0.122752,-0.0324242,7.04431e-05
142.33,0.122711,-0.0324239,7.04375e-05
142.331,0.12267,-0.0324237,7.04319e-05
142.332,0.12263,-0.0324235,7.04263e-05
142.334,0.122589,-0.0324233,7.04208e-05
142.335,0.122549,-0.0324231,7.04152e-05
142.336,0.122508,-0.0324229,7.04096e-05
142.337,0.122468,-0.0324227,7.0404e-05
142.339,0.122427,-0.0324225,7.03985e-05
142.34,0.122387,-0.0324222,7.03929e-05
142.341,0.122346,-0.032422,7.03873e-05
142.342,0.122306,-0.0324218,7.03817e-05
142.344,0.122265,-0.0324216,7.03762e-05
142.345,0.122225,-0.0324214,7.03706e-05
142.346,0.122184,-0.0324212,7.0365e-05
142.347,0.122144,-0.032421,7.03595e-05
142.349,0.122103,-0.0324207,7.03539e-05
142.35,0.122063,-0.0324205,7.03483e-05
142.351,0.122023,-0.0324203,7.03428e-05
142.352,0.121982,-0.0324201,7.03372e-05
142.354,0.121942,-0.0324199,7.03316e-05
142.355,0.121902,-0.0324197,7.03261e-05
142.356,0.121861,-0.0324195,7.03205e-05
142.357,0.121821,-0.0324193,7.03149e-05
142.359,0.121781,-0.032419,7.03094e-05
142.36,0.121741,-0.0324188,7.03038e-05
142.361,0.1217,-0.0324186,7.02983e-05
142.362,0.12166,-0.0324184,7.02927e-05
142.364,0.12162,-0.0324182,7.02872e-05
142.365,0.12158,-0.032418,7.02816e-05
142.366,0.12154,-0.0324178,7.0276e-05
142.367,0.121499,-0.0324176,7.02705e-05
142.369,0.121459,-0.0324173,7.02649e-05
142.37,0.121419,-0.0324171,7.02594e-05
142.371,0.121379,-0.0324169,7.02538e-05
142.372,0.121339,-0.0324167,7.02483e-05
142.373,0.121299,-0.0324165,7.02427e-05
142.375,0.121259,-0.0324163,7.02372e-05
142.376,0.121219,-0.0324161,7.02316e-05
142.377,0.121179,-0.0324159,7.02261e-05
142.378,0.121139,-0.0324157,7.02205e-05
142.38,0.121099,-0.0324154,7.0215e-05
142.381,0.121059,-0.0324152,7.02095e-05
142.382,0.121019,-0.032415,7.02039e-05
142.383,0.120979,-0.0324148,7.01984e-05
142.385,0.120939,-0.0324146,7.01928e-05
142.386,0.120899,-0.0324144,7.01873e-05
142.387,0.120859,-0.0324142,7.01818e-05
142.388,0.120819,-0.032414,7.01762e-05
142.39,0.120779,-0.0324138,7.01707e-05
142.391,0.120739,-0.0324135,7.01651e-05
142.392,0.120699,-0.0324133,7.01596e-05
142.393,0.120659,-0.0324131,7.01541e-05
142.394,0.12062,-0.0324129,7.01485e-05
142.396,0.12058,-0.0324127,7.0143e-05
142.397,0.12054,-0.0324125,7.01375e-05
142.398,0.1205,-0.0324123,7.01319e-05
142.399,0.12046,-0.0324121,7.01264e-05
142.401,0.120421,-0.0324119,7.01209e-05
142.402,0.120381,-0.0324117,7.01154e-05
142.403,0.120341,-0.0324114,7.01098e-05
142.404,0.120302,-0.0324112,7.01043e-05
142.405,0.120262,-0.032411,7.00988e-05
142.407,0.120222,-0.0324108,7.00932e-05
142.408,0.120183,-0.0324106,7.00877e-05
142.409,0.120143,-0.0324104,7.00822e-05
142.41,0.120103,-0.0324102,7.00767e-05
142.412,0.120064,-0.03241,7.00712e-05
142.413,0.120024,-0.0324098,7.00656e-05
142.414,0.119985,-0.0324096,7.00601e-05
142.415,0.119945,-0.0324094,7.00546e-05
142.416,0.119905,-0.0324091,7.00491e-05
142.418,0.119866,-0.0324089,7.00436e-05
142.419,0.119826,-0.0324087,7.0038e-05
142.42,0.119787,-0.0324085,7.00325e-05
142.421,0.119747,-0.0324083,7.0027e-05
142.423,0.119708,-0.0324081,7.00215e-05
142.424,0.119668,-0.0324079,7.0016e-05
142.425,0.119629,-0.0324077,7.00105e-05
142.426,0.11959,-0.0324075,7.0005e-05
142.427,0.11955,-0.0324073,6.99995e-05
142.429,0.119511,-0.0324071,6.99939e-05
142.43,0.119471,-0.0324069,6.99884e-05
142.431,0.119432,-0.0324066,6.99829e-05
142.432,0.119393,-0.0324064,6.99774e-05
142.433,0.119353,-0.0324062,6.99719e-05
142.435,0.119314,-0.032406,6.99664e-05
142.436,0.119275,-0.0324058,6.99609e-05
142.437,0.119235,-0.0324056,6.99554e-05
142.438,0.119196,-0.0324054,6.99499e-05
142.44,0.119157,-0.0324052,6.99444e-05
142.441,0.119118,-0.032405,6.99389e-05
142.442,0.119078,-0.0324048,6.99334e-05
142.443,0.119039,-0.0324046,6.99279e-05
142.444,0.119,-0.0324044,6.99224e-05
142.446,0.118961,-0.0324042,6.99169e-05
142.447,0.118922,-0.032404,6.99114e-05
142.448,0.118882,-0.0324037,6.99059e-05
142.449,0.118843,-0.0324035,6.99004e-05
142.45,0.118804,-0.0324033,6.98949e-05
142.452,0.118765,-0.0324031,6.98894e-05
142.453,0.118726,-0.0324029,6.9884e-05
142.454,0.118687,-0.0324027,6.98785e-05
142.455,0.118648,-0.0324025,6.9873e-05
142.456,0.118609,-0.0324023,6.98675e-05
142.458,0.11857,-0.0324021,6.9862e-05
142.459,0.118531,-0.0324019,6.98565e-05
142.46,0.118492,-0.0324017,6.9851e-05
142.461,0.118453,-0.0324015,6.98455e-05
142.462,0.118414,-0.0324013,6.98401e-05
142.464,0.118375,-0.0324011,6.98346e-05
142.465,0.118336,-0.0324009,6.98291e-05
142.466,0.118297,-0.0324007,6.98236e-05
142.467,0.118258,-0.0324004,6.98181e-05
142.468,0.118219,-0.0324002,6.98126e-05
142.47,0.11818,-0.0324,6.98072e-05
142.471,0.118141,-0.0323998,6.98017e-05
142.472,0.118103,-0.0323996,6.97962e-05
142.473,0.118064,-0.0323994,6.97907e-05
142.474,0.118025,-0.0323992,6.97853e-05
142.476,0.117986,-0.032399,6.97798e-05
142.477,0.117947,-0.0323988,6.97743e-05
142.478,0.117908,-0.0323986,6.97688e-05
142.479,0.11787,-0.0323984,6.97634e-05
142.48,0.117831,-0.0323982,6.97579e-05
142.482,0.117792,-0.032398,6.97524e-05
142.483,0.117753,-0.0323978,6.97469e-05
142.484,0.117715,-0.0323976,6.97415e-05
142.485,0.117676,-0.0323974,6.9736e-05
142.486,0.117637,-0.0323972,6.97305e-05
142.488,0.117599,-0.032397,6.97251e-05
142.489,0.11756,-0.0323968,6.97196e-05
142.49,0.117521,-0.0323966,6.97141e-05
142.491,0.117483,-0.0323963,6.97087e-05
142.492,0.117444,-0.0323961,6.97032e-05
142.494,0.117406,-0.0323959,6.96978e-05
142.495,0.117367,-0.0323957,6.96923e-05
142.496,0.117328,-0.0323955,6.96868e-05
142.497,0.11729,-0.0323953,6.96814e-05
142.498,0.117251,-0.0323951,6.96759e-05
142.5,0.117213,-0.0323949,6.96705e-05
142.501,0.117174,-0.0323947,6.9665e-05
142.502,0.117136,-0.0323945,6.96596e-05
142.503,0.117097,-0.0323943,6.96541e-05
142.504,0.117059,-0.0323941,6.96486e-05
142.505,0.117021,-0.0323939,6.96432e-05
142.507,0.116982,-0.0323937,6.96377e-05
142.508,0.116944,-0.0323935,6.96323e-05
142.509,0.116905,-0.0323933,6.96268e-05
142.51,0.116867,-0.0323931,6.96214e-05
142.511,0.116829,-0.0323929,6.96159e-05
142.513,0.11679,-0.0323927,6.96105e-05
142.514,0.116752,-0.0323925,6.9605e-05
142.515,0.116714,-0.0323923,6.95996e-05
142.516,0.116675,-0.0323921,6.95941e-05
142.517,0.116637,-0.0323919,6.95887e-05
142.519,0.116599,-0.0323917,6.95833e-05
142.52,0.11656,-0.0323915,6.95778e-05
142.521,0.116522,-0.0323913,6.95724e-05
142.522,0.116484,-0.0323911,6.95669e-05
142.523,0.116446,-0.0323909,6.95615e-05
142.524,0.116407,-0.0323907,6.9556e-05
142.526,0.116369,-0.0323905,6.95506e-05
142.527,0.116331,-0.0323903,6.95452e-05
142.528,0.116293,-0.03239,6.95397e-05
142.529,0.116255,-0.0323898,6.95343e-05
142.53,0.116217,-0.0323896,6.95289e-05
142.531,0.116178,-0.0323894,6.95234e-05
142.533,0.11614,-0.0323892,6.9518e-05
142.534,0.116102,-0.032389,6.95126e-05
142.535,0.116064,-0.0323888,6.95071e-05
142.536,0.116026,-0.0323886,6.95017e-05
142.537,0.115988,-0.0323884,6.94963e-05
142.539,0.11595,-0.0323882,6.94908e-05
142.54,0.115912,-0.032388,6.94854e-05
142.541,0.115874,-0.0323878,6.948e-05
142.542,0.115836,-0.0323876,6.94746e-05
142.543,0.115798,-0.0323874,6.94691e-05
142.544,0.11576,-0.0323872,6.94637e-05
142.546,0.115722,-0.032387,6.94583e-05
142.547,0.115684,-0.0323868,6.94529e-05
142.548,0.115646,-0.0323866,6.94474e-05
142.549,0.115608,-0.0323864,6.9442e-05
142.55,0.11557,-0.0323862,6.94366e-05
142.551,0.115533,-0.032386,6.94312e-05
142.553,0.115495,-0.0323858,6.94258e-05
142.554,0.115457,-0.0323856,6.94203e-05
142.555,0.115419,-0.0323854,6.94149e-05
142.556,0.115381,-0.0323852,6.94095e-05
142.557,0.115343,-0.032385,6.94041e-05
142.558,0.115306,-0.0323848,6.93987e-05
142.56,0.115268,-0.0323846,6.93933e-05
142.561,0.11523,-0.0323844,6.93878e-05
142.562,0.115192,-0.0323842,6.93824e-05
142.563,0.115155,-0.032384,6.9377e-05
142.564,0.115117,-0.0323838,6.93716e-05
142.565,0.115079,-0.0323836,6.93662e-05
142.567,0.115042,-0.0323834,6.93608e-05
142.568,0.115004,-0.0323832,6.93554e-05
142.569,0.114966,-0.032383,6.935e-05
142.57,0.114929,-0.0323828,6.93446e-05
142.571,0.114891,-0.0323826,6.93392e-05
142.572,0.114853,-0.0323824,6.93337e-05
142.574,0.114816,-0.0323822,6.93283e-05
142.575,0.114778,-0.032382,6.93229e-05
142.576,0.11474,-0.0323818,6.93175e-05
142.577,0.114703,-0.0323816,6.93121e-05
142.578,0.114665,-0.0323814,6.93067e-05
142.579,0.114628,-0.0323812,6.93013e-05
142.581,0.11459,-0.032381,6.92959e-05
142.582,0.114553,-0.0323808,6.92905e-05
142.583,0.114515,-0.0323806,6.92851e-05
142.584,0.114478,-0.0323804,6.92797e-05
142.585,0.11444,-0.0323802,6.92743e-05
142.586,0.114403,-0.03238,6.9269e-05
142.587,0.114365,-0.0323798,6.92636e-05
142.589,0.114328,-0.0323796,6.92582e-05
142.59,0.114291,-0.0323794,6.92528e-05
142.591,0.114253,-0.0323792,6.92474e-05
142.592,0.114216,-0.032379,6.9242e-05
142.593,0.114179,-0.0323788,6.92366e-05
142.594,0.114141,-0.0323786,6.92312e-05
142.596,0.114104,-0.0323784,6.92258e-05
142.597,0.114067,-0.0323782,6.92204e-05
142.598,0.114029,-0.032378,6.9215e-05
142.599,0.113992,-0.0323778,6.92097e-05
142.6,0.113955,-0.0323776,6.92043e-05
142.601,0.113917,-0.0323774,6.91989e-05
142.602,0.11388,-0.0323772,6.91935e-05
142.604,0.113843,-0.032377,6.91881e-05
142.605,0.113806,-0.0323768,6.91827e-05
142.606,0.113768,-0.0323766,6.91774e-05
142.607,0.113731,-0.0323764,6.9172e-05
142.608,0.113694,-0.0323763,6.91666e-05
142.609,0.113657,-0.0323761,6.91612e-05
142.611,0.11362,-0.0323759,6.91558e-05
142.612,0.113583,-0.0323757,6.91505e-05
142.613,0.113545,-0.0323755,6.91451e-05
142.614,0.113508,-0.0323753,6.91397e-05
142.615,0.113471,-0.0323751,6.91343e-05
142.616,0.113434,-0.0323749,6.9129e-05
142.617,0.113397,-0.0323747,6.91236e-05
142.619,0.11336,-0.0323745,6.91182e-05
142.62,0.113323,-0.0323743,6.91129e-05
142.621,0.113286,-0.0323741,6.91075e-05
142.622,0.113249,-0.0323739,6.91021e-05
142.623,0.113212,-0.0323737,6.90967e-05
142.624,0.113175,-0.0323735,6.90914e-05
142.625,0.113138,-0.0323733,6.9086e-05
142.627,0.113101,-0.0323731,6.90806e-05
142.628,0.113064,-0.0323729,6.90753e-05
142.629,0.113027,-0.0323727,6.90699e-05
142.63,0.11299,-0.0323725,6.90646e-05
142.631,0.112953,-0.0323723,6.90592e-05
142.632,0.112916,-0.0323721,6.90538e-05
142.633,0.11288,-0.0323719,6.90485e-05
142.635,0.112843,-0.0323717,6.90431e-05
142.636,0.112806,-0.0323715,6.90377e-05
142.637,0.112769,-0.0323713,6.90324e-05
142.638,0.112732,-0.0323711,6.9027e-05
142.639,0.112695,-0.0323709,6.90217e-05
142.64,0.112659,-0.0323707,6.90163e-05
142.641,0.112622,-0.0323705,6.9011e-05
142.642,0.112585,-0.0323703,6.90056e-05
142.644,0.112548,-0.0323701,6.90002e-05
142.645,0.112512,-0.03237,6.89949e-05
142.646,0.112475,-0.0323698,6.89895e-05
142.647,0.112438,-0.0323696,6.89842e-05
142.648,0.112401,-0.0323694,6.89788e-05
142.649,0.112365,-0.0323692,6.89735e-05
142.65,0.112328,-0.032369,6.89681e-05
142.652,0.112291,-0.0323688,6.89628e-05
142.653,0.112255,-0.0323686,6.89574e-05
142.654,0.112218,-0.0323684,6.89521e-05
142.655,0.112182,-0.0323682,6.89468e-05
142.656,0.112145,-0.032368,6.89414e-05
142.657,0.112108,-0.0323678,6.89361e-05
142.658,0.112072,-0.0323676,6.89307e-05
142.659,0.112035,-0.0323674,6.89254e-05
142.661,0.111999,-0.0323672,6.892e-05
142.662,0.111962,-0.032367,6.89147e-05
142.663,0.111926,-0.0323668,6.89094e-05
142.664,0.111889,-0.0323666,6.8904e-05
142.665,0.111853,-0.0323664,6.88987e-05
142.666,0.111816,-0.0323662,6.88933e-05
142.667,0.11178,-0.032366,6.8888e-05
142.668,0.111743,-0.0323658,6.88827e-05
142.67,0.111707,-0.0323657,6.88773e-05
142.671,0.11167,-0.0323655,6.8872e-05
142.672,0.111634,-0.0323653,6.88667e-05
142.673,0.111598,-0.0323651,6.88613e-05
142.674,0.111561,-0.0323649,6.8856e-05
142.675,0.111525,-0.0323647,6.88507e-05
142.676,0.111488,-0.0323645,6.88453e-05
142.677,0.111452,-0.0323643,6.884e-05
142.679,0.111416,-0.0323641,6.88347e-05
142.68,0.111379,-0.0323639,6.88293e-05
142.681,0.111343,-0.0323637,6.8824e-05
142.682,0.111307,-0.0323635,6.88187e-05
142.683,0.111271,-0.0323633,6.88134e-05
142.684,0.111234,-0.0323631,6.8808e-05
142.685,0.111198,-0.0323629,6.88027e-05
142.686,0.111162,-0.0323627,6.87974e-05
142.688,0.111126,-0.0323625,6.87921e-05
142.689,0.111089,-0.0323624,6.87868e-05
142.69,0.111053,-0.0323622,6.87814e-05
142.691,0.111017,-0.032362,6.87761e-05
142.692,0.110981,-0.0323618,6.87708e-05
142.693,0.110945,-0.0323616,6.87655e-05
142.694,0.110909,-0.0323614,6.87602e-05
142.695,0.110872,-0.0323612,6.87548e-05
142.696,0.110836,-0.032361,6.87495e-05
142.698,0.1108,-0.0323608,6.87442e-05
142.699,0.110764,-0.0323606,6.87389e-05
142.7,0.110728,-0.0323604,6.87336e-05
142.701,0.110692,-0.0323602,6.87283e-05
142.702,0.110656,-0.03236,6.8723e-05
142.703,0.11062,-0.0323598,6.87176e-05
142.704,0.110584,-0.0323596,6.87123e-05
142.705,0.110548,-0.0323595,6.8707e-05
142.707,0.110512,-0.0323593,6.87017e-05
142.708,0.110476,-0.0323591,6.86964e-05
142.709,0.11044,-0.0323589,6.86911e-05
142.71,0.110404,-0.0323587,6.86858e-05
142.711,0.110368,-0.0323585,6.86805e-05
142.712,0.110332,-0.0323583,6.86752e-05
142.713,0.110296,-0.0323581,6.86699e-05
142.714,0.11026,-0.0323579,6.86646e-05
142.715,0.110224,-0.0323577,6.86593e-05
142.717,0.110189,-0.0323575,6.8654e-05
142.718,0.110153,-0.0323573,6.86487e-05
142.719,0.110117,-0.0323571,6.86434e-05
142.72,0.110081,-0.0323569,6.86381e-05
142.721,0.110045,-0.0323568,6.86328e-05
142.722,0.110009,-0.0323566,6.86275e-05
142.723,0.109974,-0.0323564,6.86222e-05
142.724,0.109938,-0.0323562,6.86169e-05
142.725,0.109902,-0.032356,6.86116e-05
142.726,0.109866,-0.0323558,6.86063e-05
142.728,0.109831,-0.0323556,6.8601e-05
142.729,0.109795,-0.0323554,6.85957e-05
142.73,0.109759,-0.0323552,6.85904e-05
142.731,0.109723,-0.032355,6.85851e-05
142.732,0.109688,-0.0323548,6.85798e-05
142.733,0.109652,-0.0323546,6.85745e-05
142.734,0.109616,-0.0323544,6.85692e-05
142.735,0.109581,-0.0323543,6.8564e-05
142.736,0.109545,-0.0323541,6.85587e-05
142.738,0.10951,-0.0323539,6.85534e-05
142.739,0.109474,-0.0323537,6.85481e-05
142.74,0.109438,-0.0323535,6.85428e-05
142.741,0.109403,-0.0323533,6.85375e-05
142.742,0.109367,-0.0323531,6.85322e-05
142.743,0.109332,-0.0323529,6.8527e-05
142.744,0.109296,-0.0323527,6.85217e-05
142.745,0.109261,-0.0323525,6.85164e-05
142.746,0.109225,-0.0323523,6.85111e-05
142.747,0.10919,-0.0323522,6.85058e-05
142.748,0.109154,-0.032352,6.85006e-05
142.75,0.109119,-0.0323518,6.84953e-05
142.751,0.109083,-0.0323516,6.849e-05
142.752,0.109048,-0.0323514,6.84847e-05
142.753,0.109012,-0.0323512,6.84794e-05
142.754,0.108977,-0.032351,6.84742e-05
142.755,0.108941,-0.0323508,6.84689e-05
142.756,0.108906,-0.0323506,6.84636e-05
142.757,0.108871,-0.0323504,6.84584e-05
142.758,0.108835,-0.0323502,6.84531e-05
142.759,0.1088,-0.0323501,6.84478e-05
142.761,0.108764,-0.0323499,6.84425e-05
142.762,0.108729,-0.0323497,6.84373e-05
142.763,0.108694,-0.0323495,6.8432e-05
142.764,0.108659,-0.0323493,6.84267e-05
142.765,0.108623,-0.0323491,6.84215e-05
142.766,0.108588,-0.0323489,6.84162e-05
142.767,0.108553,-0.0323487,6.84109e-05
142.768,0.108517,-0.0323485,6.84057e-05
142.769,0.108482,-0.0323483,6.84004e-05
142.77,0.108447,-0.0323481,6.83951e-05
142.771,0.108412,-0.032348,6.83899e-05
142.773,0.108377,-0.0323478,6.83846e-05
142.774,0.108341,-0.0323476,6.83793e-05
142.775,0.108306,-0.0323474,6.83741e-05
142.776,0.108271,-0.0323472,6.83688e-05
142.777,0.108236,-0.032347,6.83636e-05
142.778,0.108201,-0.0323468,6.83583e-05
142.779,0.108166,-0.0323466,6.83531e-05
142.78,0.108131,-0.0323464,6.83478e-05
142.781,0.108095,-0.0323463,6.83425e-05
142.782,0.10806,-0.0323461,6.83373e-05
142.783,0.108025,-0.0323459,6.8332e-05
142.784,0.10799,-0.0323457,6.83268e-05
142.786,0.107955,-0.0323455,6.83215e-05
142.787,0.10792,-0.0323453,6.83163e-05
142.788,0.107885,-0.0323451,6.8311e-05
142.789,0.10785,-0.0323449,6.83058e-05
142.79,0.107815,-0.0323447,6.83005e-05
142.791,0.10778,-0.0323445,6.82953e-05
142.792,0.107745,-0.0323444,6.829e-05
142.793,0.10771,-0.0323442,6.82848e-05
142.794,0.107675,-0.032344,6.82795e-05
142.795,0.10764,-0.0323438,6.82743e-05
142.796,0.107605,-0.0323436,6.8269e-05
142.797,0.10757,-0.0323434,6.82638e-05
142.799,0.107536,-0.0323432,6.82586e-05
142.8,0.107501,-0.032343,6.82533e-05
142.801,0.107466,-0.0323428,6.82481e-05
142.802,0.107431,-0.0323427,6.82428e-05
142.803,0.107396,-0.0323425,6.82376e-05
142.804,0.107361,-0.0323423,6.82323e-05
142.805,0.107326,-0.0323421,6.82271e-05
142.806,0.107292,-0.0323419,6.82219e-05
142.807,0.107257,-0.0323417,6.82166e-05
142.808,0.107222,-0.0323415,6.82114e-05
142.809,0.107187,-0.0323413,6.82062e-05
142.81,0.107153,-0.0323411,6.82009e-05
142.811,0.107118,-0.032341,6.81957e-05
142.813,0.107083,-0.0323408,6.81905e-05
142.814,0.107048,-0.0323406,6.81852e-05
142.815,0.107014,-0.0323404,6.818e-05
142.816,0.106979,-0.0323402,6.81748e-05
142.817,0.106944,-0.03234,6.81695e-05
142.818,0.10691,-0.0323398,6.81643e-05
142.819,0.106875,-0.0323396,6.81591e-05
142.82,0.10684,-0.0323395,6.81538e-05
142.821,0.106806,-0.0323393,6.81486e-05
142.822,0.106771,-0.0323391,6.81434e-05
142.823,0.106737,-0.0323389,6.81382e-05
142.824,0.106702,-0.0323387,6.81329e-05
142.825,0.106667,-0.0323385,6.81277e-05
142.826,0.106633,-0.0323383,6.81225e-05
142.828,0.106598,-0.0323381,6.81173e-05
142.829,0.106564,-0.0323379,6.8112e-05
142.83,0.106529,-0.0323378,6.81068e-05
142.831,0.106495,-0.0323376,6.81016e-05
142.832,0.10646,-0.0323374,6.80964e-05
142.833,0.106426,-0.0323372,6.80912e-05
142.834,0.106391,-0.032337,6.80859e-05
142.835,0.106357,-0.0323368,6.80807e-05
142.836,0.106322,-0.0323366,6.80755e-05
142.837,0.106288,-0.0323364,6.80703e-05
142.838,0.106254,-0.0323363,6.80651e-05
142.839,0.106219,-0.0323361,6.80599e-05
142.84,0.106185,-0.0323359,6.80546e-05
142.841,0.10615,-0.0323357,6.80494e-05
142.842,0.106116,-0.0323355,6.80442e-05
142.843,0.106082,-0.0323353,6.8039e-05
142.845,0.106047,-0.0323351,6.80338e-05
142.846,0.106013,-0.0323349,6.80286e-05
142.847,0.105979,-0.0323348,6.80234e-05
142.848,0.105944,-0.0323346,6.80182e-05
142.849,0.10591,-0.0323344,6.8013e-05
142.85,0.105876,-0.0323342,6.80078e-05
142.851,0.105841,-0.032334,6.80026e-05
142.852,0.105807,-0.0323338,6.79973e-05
142.853,0.105773,-0.0323336,6.79921e-05
142.854,0.105739,-0.0323335,6.79869e-05
142.855,0.105704,-0.0323333,6.79817e-05
142.856,0.10567,-0.0323331,6.79765e-05
142.857,0.105636,-0.0323329,6.79713e-05
142.858,0.105602,-0.0323327,6.79661e-05
142.859,0.105568,-0.0323325,6.79609e-05
142.86,0.105534,-0.0323323,6.79557e-05
142.861,0.105499,-0.0323321,6.79505e-05
142.863,0.105465,-0.032332,6.79453e-05
142.864,0.105431,-0.0323318,6.79401e-05
142.865,0.105397,-0.0323316,6.79349e-05
142.866,0.105363,-0.0323314,6.79297e-05
142.867,0.105329,-0.0323312,6.79245e-05
142.868,0.105295,-0.032331,6.79193e-05
142.869,0.105261,-0.0323308,6.79142e-05
142.87,0.105227,-0.0323307,6.7909e-05
142.871,0.105193,-0.0323305,6.79038e-05
142.872,0.105159,-0.0323303,6.78986e-05
142.873,0.105125,-0.0323301,6.78934e-05
142.874,0.105091,-0.0323299,6.78882e-05
142.875,0.105057,-0.0323297,6.7883e-05
142.876,0.105023,-0.0323295,6.78778e-05
142.877,0.104989,-0.0323294,6.78726e-05
142.878,0.104955,-0.0323292,6.78674e-05
142.879,0.104921,-0.032329,6.78623e-05
142.88,0.104887,-0.0323288,6.78571e-05
142.881,0.104853,-0.0323286,6.78519e-05
142.883,0.104819,-0.0323284,6.78467e-05
142.884,0.104785,-0.0323282,6.78415e-05
142.885,0.104751,-0.0323281,6.78363e-05
142.886,0.104717,-0.0323279,6.78312e-05
142.887,0.104684,-0.0323277,6.7826e-05
142.888,0.10465,-0.0323275,6.78208e-05
142.889,0.104616,-0.0323273,6.78156e-05
142.89,0.104582,-0.0323271,6.78104e-05
142.891,0.104548,-0.0323269,6.78053e-05
142.892,0.104515,-0.0323268,6.78001e-05
142.893,0.104481,-0.0323266,6.77949e-05
142.894,0.104447,-0.0323264,6.77897e-05
142.895,0.104413,-0.0323262,6.77846e-05
142.896,0.10438,-0.032326,6.77794e-05
142.897,0.104346,-0.0323258,6.77742e-05
142.898,0.104312,-0.0323256,6.7769e-05
142.899,0.104278,-0.0323255,6.77639e-05
142.9,0.104245,-0.0323253,6.77587e-05
142.901,0.104211,-0.0323251,6.77535e-05
142.902,0.104177,-0.0323249,6.77483e-05
142.903,0.104144,-0.0323247,6.77432e-05
142.904,0.10411,-0.0323245,6.7738e-05
142.906,0.104076,-0.0323243,6.77328e-05
142.907,0.104043,-0.0323242,6.77277e-05
142.908,0.104009,-0.032324,6.77225e-05
142.909,0.103976,-0.0323238,6.77173e-05
142.91,0.103942,-0.0323236,6.77122e-05
142.911,0.103908,-0.0323234,6.7707e-05
142.912,0.103875,-0.0323232,6.77018e-05
142.913,0.103841,-0.0323231,6.76967e-05
142.914,0.103808,-0.0323229,6.76915e-05
142.915,0.103774,-0.0323227,6.76864e-05
142.916,0.103741,-0.0323225,6.76812e-05
142.917,0.103707,-0.0323223,6.7676e-05
142.918,0.103674,-0.0323221,6.76709e-05
142.919,0.10364,-0.0323219,6.76657e-05
142.92,0.103607,-0.0323218,6.76606e-05
142.921,0.103573,-0.0323216,6.76554e-05
142.922,0.10354,-0.0323214,6.76503e-05
142.923,0.103507,-0.0323212,6.76451e-05
142.924,0.103473,-0.032321,6.76399e-05
142.925,0.10344,-0.0323208,6.76348e-05
142.926,0.103406,-0.0323207,6.76296e-05
142.927,0.103373,-0.0323205,6.76245e-05
142.928,0.10334,-0.0323203,6.76193e-05
142.929,0.103306,-0.0323201,6.76142e-05
142.93,0.103273,-0.0323199,6.7609e-05
142.931,0.10324,-0.0323197,6.76039e-05
142.932,0.103206,-0.0323195,6.75987e-05
142.933,0.103173,-0.0323194,6.75936e-05
142.934,0.10314,-0.0323192,6.75884e-05
142.936,0.103106,-0.032319,6.75833e-05
142.937,0.103073,-0.0323188,6.75781e-05
142.938,0.10304,-0.0323186,6.7573e-05
142.939,0.103007,-0.0323184,6.75679e-05
142.94,0.102973,-0.0323183,6.75627e-05
142.941,0.10294,-0.0323181,6.75576e-05
142.942,0.102907,-0.0323179,6.75524e-05
142.943,0.102874,-0.0323177,6.75473e-05
142.944,0.102841,-0.0323175,6.75421e-05
142.945,0.102807,-0.0323173,6.7537e-05
142.946,0.102774,-0.0323172,6.75319e-05
142.947,0.102741,-0.032317,6.75267e-05
142.948,0.102708,-0.0323168,6.75216e-05
142.949,0.102675,-0.0323166,6.75165e-05
142.95,0.102642,-0.0323164,6.75113e-05
142.951,0.102609,-0.0323162,6.75062e-05
142.952,0.102576,-0.0323161,6.7501e-05
142.953,0.102543,-0.0323159,6.74959e-05
142.954,0.10251,-0.0323157,6.74908e-05
142.955,0.102476,-0.0323155,6.74856e-05
142.956,0.102443,-0.0323153,6.74805e-05
142.957,0.10241,-0.0323151,6.74754e-05
142.958,0.102377,-0.032315,6.74702e-05
142.959,0.102344,-0.0323148,6.74651e-05
142.96,0.102311,-0.0323146,6.746e-05
142.961,0.102278,-0.0323144,6.74549e-05
142.962,0.102245,-0.0323142,6.74497e-05
142.963,0.102212,-0.032314,6.74446e-05
142.964,0.10218,-0.0323139,6.74395e-05
142.965,0.102147,-0.0323137,6.74344e-05
142.966,0.102114,-0.0323135,6.74292e-05
142.967,0.102081,-0.0323133,6.74241e-05
142.968,0.102048,-0.0323131,6.7419e-05
142.969,0.102015,-0.0323129,6.74139e-05
142.97,0.101982,-0.0323128,6.74087e-05
142.971,0.101949,-0.0323126,6.74036e-05
142.972,0.101916,-0.0323124,6.73985e-05
142.973,0.101884,-0.0323122,6.73934e-05
142.974,0.101851,-0.032312,6.73883e-05
142.975,0.101818,-0.0323118,6.73831e-05
142.976,0.101785,-0.0323117,6.7378e-05
142.977,0.101752,-0.0323115,6.73729e-05
142.978,0.10172,-0.0323113,6.73678e-05
142.979,0.101687,-0.0323111,6.73627e-05
142.98,0.101654,-0.0323109,6.73576e-05
142.981,0.101621,-0.0323107,6.73524e-05
142.982,0.101589,-0.0323106,6.73473e-05
142.983,0.101556,-0.0323104,6.73422e-05
142.985,0.101523,-0.0323102,6.73371e-05
142.986,0.10149,-0.03231,6.7332e-05
142.987,0.101458,-0.0323098,6.73269e-05
142.988,0.101425,-0.0323097,6.73218e-05
142.989,0.101392,-0.0323095,6.73167e-05
142.99,0.10136,-0.0323093,6.73116e-05
142.991,0.101327,-0.0323091,6.73064e-05
142.992,0.101295,-0.0323089,6.73013e-05
142.993,0.101262,-0.0323087,6.72962e-05
142.994,0.101229,-0.0323086,6.72911e-05
142.995,0.101197,-0.0323084,6.7286e-05
142.996,0.101164,-0.0323082,6.72809e-05
142.997,0.101132,-0.032308,6.72758e-05
142.998,0.101099,-0.0323078,6.72707e-05
142.999,0.101067,-0.0323076,6.72656e-05
143,0.101034,-0.0323075,6.72605e-05
143.001,0.101001,-0.0323073,6.72554e-05
143.002,0.100969,-0.0323071,6.72503e-05
143.003,0.100936,-0.0323069,6.72452e-05
143.004,0.100904,-0.0323067,6.72401e-05
143.005,0.100871,-0.0323066,6.7235e-05
143.006,0.100839,-0.0323064,6.72299e-05
143.007,0.100807,-0.0323062,6.72248e-05
143.008,0.100774,-0.032306,6.72197e-05
143.009,0.100742,-0.0323058,6.72146e-05
143.01,0.100709,-0.0323056,6.72095e-05
143.011,0.100677,-0.0323055,6.72044e-05
143.012,0.100645,-0.0323053,6.71993e-05
143.013,0.100612,-0.0323051,6.71942e-05
143.014,0.10058,-0.0323049,6.71892e-05
143.015,0.100547,-0.0323047,6.71841e-05
143.016,0.100515,-0.0323046,6.7179e-05
143.017,0.100483,-0.0323044,6.71739e-05
143.018,0.10045,-0.0323042,6.71688e-05
143.019,0.100418,-0.032304,6.71637e-05
143.02,0.100386,-0.0323038,6.71586e-05
143.021,0.100354,-0.0323036,6.71535e-05
143.022,0.100321,-0.0323035,6.71484e-05
143.023,0.100289,-0.0323033,6.71434e-05
143.024,0.100257,-0.0323031,6.71383e-05
143.025,0.100224,-0.0323029,6.71332e-05
143.026,0.100192,-0.0323027,6.71281e-05
143.027,0.10016,-0.0323026,6.7123e-05
143.028,0.100128,-0.0323024,6.71179e-05
143.029,0.100096,-0.0323022,6.71129e-05
143.03,0.100063,-0.032302,6.71078e-05
143.031,0.100031,-0.0323018,6.71027e-05
143.032,0.0999991,-0.0323017,6.70976e-05
143.033,0.099967,-0.0323015,6.70925e-05
143.034,0.0999348,-0.0323013,6.70875e-05
143.035,0.0999027,-0.0323011,6.70824e-05
143.036,0.0998706,-0.0323009,6.70773e-05
143.037,0.0998385,-0.0323007,6.70722e-05
143.038,0.0998064,-0.0323006,6.70672e-05
143.039,0.0997743,-0.0323004,6.70621e-05
143.04,0.0997422,-0.0323002,6.7057e-05
143.041,0.0997102,-0.0323,6.70519e-05
143.042,0.0996781,-0.0322998,6.70469e-05
143.043,0.0996461,-0.0322997,6.70418e-05
143.044,0.0996141,-0.0322995,6.70367e-05
143.045,0.0995821,-0.0322993,6.70317e-05
143.046,0.0995501,-0.0322991,6.70266e-05
143.047,0.0995181,-0.0322989,6.70215e-05
143.048,0.0994861,-0.0322988,6.70165e-05
143.049,0.0994541,-0.0322986,6.70114e-05
143.05,0.0994222,-0.0322984,6.70063e-05
143.051,0.0993902,-0.0322982,6.70013e-05
143.052,0.0993583,-0.032298,6.69962e-05
143.053,0.0993264,-0.0322978,6.69911e-05
143.054,0.0992945,-0.0322977,6.69861e-05
143.054,0.0992626,-0.0322975,6.6981e-05
143.055,0.0992307,-0.0322973,6.69759e-05
143.056,0.0991988,-0.0322971,6.69709e-05
143.057,0.099167,-0.0322969,6.69658e-05
143.058,0.0991351,-0.0322968,6.69608e-05
143.059,0.0991033,-0.0322966,6.69557e-05
143.06,0.0990714,-0.0322964,6.69506e-05
143.061,0.0990396,-0.0322962,6.69456e-05
143.062,0.0990078,-0.032296,6.69405e-05
143.063,0.098976,-0.0322959,6.69355e-05
143.064,0.0989442,-0.0322957,6.69304e-05
143.065,0.0989125,-0.0322955,6.69254e-05
143.066,0.0988807,-0.0322953,6.69203e-05
143.067,0.098849,-0.0322951,6.69152e-05
143.068,0.0988172,-0.032295,6.69102e-05
143.069,0.0987855,-0.0322948,6.69051e-05
143.07,0.0987538,-0.0322946,6.69001e-05
143.071,0.0987221,-0.0322944,6.6895e-05
143.072,0.0986904,-0.0322942,6.689e-05
143.073,0.0986587,-0.0322941,6.68849e-05
143.074,0.098627,-0.0322939,6.68799e-05
143.075,0.0985954,-0.0322937,6.68748e-05
143.076,0.0985637,-0.0322935,6.68698e-05
143.077,0.0985321,-0.0322933,6.68647e-05
143.078,0.0985005,-0.0322932,6.68597e-05
143.079,0.0984688,-0.032293,6.68546e-05
143.08,0.0984372,-0.0322928,6.68496e-05
143.081,0.0984056,-0.0322926,6.68446e-05
143.082,0.0983741,-0.0322924,6.68395e-05
143.083,0.0983425,-0.0322923,6.68345e-05
143.084,0.0983109,-0.0322921,6.68294e-05
143.085,0.0982794,-0.0322919,6.68244e-05
143.086,0.0982479,-0.0322917,6.68193e-05
143.087,0.0982163,-0.0322915,6.68143e-05
143.088,0.0981848,-0.0322914,6.68093e-05
143.089,0.0981533,-0.0322912,6.68042e-05
143.09,0.0981218,-0.032291,6.67992e-05
143.091,0.0980903,-0.0322908,6.67942e-05
143.092,0.0980589,-0.0322906,6.67891e-05
143.093,0.0980274,-0.0322904,6.67841e-05
143.094,0.097996,-0.0322903,6.6779e-05
143.095,0.0979645,-0.0322901,6.6774e-05
143.096,0.0979331,-0.0322899,6.6769e-05
143.097,0.0979017,-0.0322897,6.67639e-05
143.098,0.0978703,-0.0322895,6.67589e-05
143.099,0.0978389,-0.0322894,6.67539e-05
143.1,0.0978075,-0.0322892,6.67488e-05
143.101,0.0977762,-0.032289,6.67438e-05
143.101,0.0977448,-0.0322888,6.67388e-05
143.102,0.0977134,-0.0322887,6.67338e-05
143.103,0.0976821,-0.0322885,6.67287e-05
143.104,0.0976508,-0.0322883,6.67237e-05
143.105,0.0976195,-0.0322881,6.67187e-05
143.106,0.0975882,-0.0322879,6.67136e-05
143.107,0.0975569,-0.0322878,6.67086e-05
143.108,0.0975256,-0.0322876,6.67036e-05
143.109,0.0974943,-0.0322874,6.66986e-05
143.11,0.0974631,-0.0322872,6.66935e-05
143.111,0.0974318,-0.032287,6.66885e-05
143.112,0.0974006,-0.0322869,6.66835e-05
143.113,0.0973694,-0.0322867,6.66785e-05
143.114,0.0973382,-0.0322865,6.66735e-05
143.115,0.0973069,-0.0322863,6.66684e-05
143.116,0.0972758,-0.0322861,6.66634e-05
143.117,0.0972446,-0.032286,6.66584e-05
143.118,0.0972134,-0.0322858,6.66534e-05
143.119,0.0971822,-0.0322856,6.66484e-05
143.12,0.0971511,-0.0322854,6.66433e-05
143.121,0.09712,-0.0322852,6.66383e-05
143.122,0.0970888,-0.0322851,6.66333e-05
143.123,0.0970577,-0.0322849,6.66283e-05
143.124,0.0970266,-0.0322847,6.66233e-05
143.125,0.0969955,-0.0322845,6.66183e-05
143.126,0.0969645,-0.0322843,6.66132e-05
143.127,0.0969334,-0.0322842,6.66082e-05
143.128,0.0969023,-0.032284,6.66032e-05
143.129,0.0968713,-0.0322838,6.65982e-05
143.13,0.0968402,-0.0322836,6.65932e-05
143.13,0.0968092,-0.0322834,6.65882e-05
143.131,0.0967782,-0.0322833,6.65832e-05
143.132,0.0967472,-0.0322831,6.65782e-05
143.133,0.0967162,-0.0322829,6.65732e-05
143.134,0.0966852,-0.0322827,6.65682e-05
143.135,0.0966542,-0.0322825,6.65632e-05
143.136,0.0966233,-0.0322824,6.65581e-05
143.137,0.0965923,-0.0322822,6.65531e-05
143.138,0.0965614,-0.032282,6.65481e-05
143.139,0.0965305,-0.0322818,6.65431e-05
143.14,0.0964995,-0.0322816,6.65381e-05
143.141,0.0964686,-0.0322815,6.65331e-05
143.142,0.0964377,-0.0322813,6.65281e-05
143.143,0.0964069,-0.0322811,6.65231e-05
143.144,0.096376,-0.0322809,6.65181e-05
143.145,0.0963451,-0.0322808,6.65131e-05
143.146,0.0963143,-0.0322806,6.65081e-05
143.147,0.0962834,-0.0322804,6.65031e-05
143.148,0.0962526,-0.0322802,6.64981e-05
143.149,0.0962218,-0.03228,6.64931e-05
143.15,0.096191,-0.0322799,6.64881e-05
143.151,0.0961602,-0.0322797,6.64831e-05
143.152,0.0961294,-0.0322795,6.64781e-05
143.152,0.0960986,-0.0322793,6.64731e-05
143.153,0.0960678,-0.0322791,6.64682e-05
143.154,0.0960371,-0.032279,6.64632e-05
143.155,0.0960063,-0.0322788,6.64582e-05
143.156,0.0959756,-0.0322786,6.64532e-05
143.157,0.0959449,-0.0322784,6.64482e-05
143.158,0.0959142,-0.0322782,6.64432e-05
143.159,0.0958835,-0.0322781,6.64382e-05
143.16,0.0958528,-0.0322779,6.64332e-05
143.161,0.0958221,-0.0322777,6.64282e-05
143.162,0.0957914,-0.0322775,6.64232e-05
143.163,0.0957608,-0.0322774,6.64183e-05
143.164,0.0957301,-0.0322772,6.64133e-05
143.165,0.0956995,-0.032277,6.64083e-05
143.166,0.0956689,-0.0322768,6.64033e-05
143.167,0.0956383,-0.0322766,6.63983e-05
143.168,0.0956077,-0.0322765,6.63933e-05
143.169,0.0955771,-0.0322763,6.63883e-05
143.17,0.0955465,-0.0322761,6.63834e-05
143.171,0.0955159,-0.0322759,6.63784e-05
143.171,0.0954854,-0.0322757,6.63734e-05
143.172,0.0954548,-0.0322756,6.63684e-05
143.173,0.0954243,-0.0322754,6.63634e-05
143.174,0.0953937,-0.0322752,6.63585e-05
143.175,0.0953632,-0.032275,6.63535e-05
143.176,0.0953327,-0.0322748,6.63485e-05
143.177,0.0953022,-0.0322747,6.63435e-05
143.178,0.0952717,-0.0322745,6.63385e-05
143.179,0.0952413,-0.0322743,6.63336e-05
143.18,0.0952108,-0.0322741,6.63286e-05
143.181,0.0951804,-0.032274,6.63236e-05
143.182,0.0951499,-0.0322738,6.63186e-05
143.183,0.0951195,-0.0322736,6.63137e-05
143.184,0.0950891,-0.0322734,6.63087e-05
143.185,0.0950587,-0.0322732,6.63037e-05
143.186,0.0950283,-0.0322731,6.62988e-05
143.187,0.0949979,-0.0322729,6.62938e-05
143.188,0.0949675,-0.0322727,6.62888e-05
143.188,0.0949371,-0.0322725,6.62838e-05
143.189,0.0949068,-0.0322723,6.62789e-05
143.19,0.0948764,-0.0322722,6.62739e-05
143.191,0.0948461,-0.032272,6.62689e-05
143.192,0.0948158,-0.0322718,6.6264e-05
143.193,0.0947854,-0.0322716,6.6259e-05
143.194,0.0947551,-0.0322715,6.6254e-05
143.195,0.0947248,-0.0322713,6.62491e-05
143.196,0.0946946,-0.0322711,6.62441e-05
143.197,0.0946643,-0.0322709,6.62391e-05
143.198,0.094634,-0.0322707,6.62342e-05
143.199,0.0946038,-0.0322706,6.62292e-05
143.2,0.0945735,-0.0322704,6.62243e-05
143.201,0.0945433,-0.0322702,6.62193e-05
143.202,0.0945131,-0.03227,6.62143e-05
143.203,0.0944829,-0.0322698,6.62094e-05
143.203,0.0944527,-0.0322697,6.62044e-05
143.204,0.0944225,-0.0322695,6.61995e-05
143.205,0.0943923,-0.0322693,6.61945e-05
143.206,0.0943622,-0.0322691,6.61895e-05
143.207,0.094332,-0.032269,6.61846e-05
143.208,0.0943019,-0.0322688,6.61796e-05
143.209,0.0942717,-0.0322686,6.61747e-05
143.21,0.0942416,-0.0322684,6.61697e-05
143.211,0.0942115,-0.0322682,6.61648e-05
143.212,0.0941814,-0.0322681,6.61598e-05
143.213,0.0941513,-0.0322679,6.61549e-05
143.214,0.0941212,-0.0322677,6.61499e-05
143.215,0.0940911,-0.0322675,6.6145e-05
143.216,0.0940611,-0.0322673,6.614e-05
143.217,0.094031,-0.0322672,6.61351e-05
143.217,0.094001,-0.032267,6.61301e-05
143.218,0.093971,-0.0322668,6.61252e-05
143.219,0.0939409,-0.0322666,6.61202e-05
143.22,0.0939109,-0.0322665,6.61153e-05
143.221,0.0938809,-0.0322663,6.61103e-05
143.222,0.093851,-0.0322661,6.61054e-05
143.223,0.093821,-0.0322659,6.61004e-05
143.224,0.093791,-0.0322657,6.60955e-05
143.225,0.0937611,-0.0322656,6.60905e-05
143.226,0.0937311,-0.0322654,6.60856e-05
143.227,0.0937012,-0.0322652,6.60807e-05
143.228,0.0936712,-0.032265,6.60757e-05
143.229,0.0936413,-0.0322648,6.60708e-05
143.23,0.0936114,-0.0322647,6.60658e-05
143.23,0.0935815,-0.0322645,6.60609e-05
143.231,0.0935517,-0.0322643,6.6056e-05
143.232,0.0935218,-0.0322641,6.6051e-05
143.233,0.0934919,-0.032264,6.60461e-05
143.234,0.0934621,-0.0322638,6.60411e-05
143.235,0.0934322,-0.0322636,6.60362e-05
143.236,0.0934024,-0.0322634,6.60313e-05
143.237,0.0933726,-0.0322632,6.60263e-05
143.238,0.0933428,-0.0322631,6.60214e-05
143.239,0.093313,-0.0322629,6.60165e-05
143.24,0.0932832,-0.0322627,6.60115e-05
143.241,0.0932534,-0.0322625,6.60066e-05
143.242,0.0932236,-0.0322624,6.60017e-05
143.242,0.0931939,-0.0322622,6.59967e-05
143.243,0.0931641,-0.032262,6.59918e-05
143.244,0.0931344,-0.0322618,6.59869e-05
143.245,0.0931047,-0.0322616,6.59819e-05
143.246,0.093075,-0.0322615,6.5977e-05
143.247,0.0930452,-0.0322613,6.59721e-05
143.248,0.0930156,-0.0322611,6.59671e-05
143.249,0.0929859,-0.0322609,6.59622e-05
143.25,0.0929562,-0.0322607,6.59573e-05
143.251,0.0929265,-0.0322606,6.59524e-05
143.252,0.0928969,-0.0322604,6.59474e-05
143.253,0.0928672,-0.0322602,6.59425e-05
143.254,0.0928376,-0.03226,6.59376e-05
143.254,0.092808,-0.0322599,6.59327e-05
143.255,0.0927784,-0.0322597,6.59277e-05
143.256,0.0927488,-0.0322595,6.59228e-05
143.257,0.0927192,-0.0322593,6.59179e-05
143.258,0.0926896,-0.0322591,6.5913e-05
143.259,0.09266,-0.032259,6.59081e-05
143.26,0.0926305,-0.0322588,6.59031e-05
143.261,0.0926009,-0.0322586,6.58982e-05
143.262,0.0925714,-0.0322584,6.58933e-05
143.263,0.0925418,-0.0322583,6.58884e-05
143.264,0.0925123,-0.0322581,6.58835e-05
143.265,0.0924828,-0.0322579,6.58786e-05
143.265,0.0924533,-0.0322577,6.58736e-05
143.266,0.0924238,-0.0322575,6.58687e-05
143.267,0.0923943,-0.0322574,6.58638e-05
143.268,0.0923649,-0.0322572,6.58589e-05
143.269,0.0923354,-0.032257,6.5854e-05
143.27,0.092306,-0.0322568,6.58491e-05
143.271,0.0922765,-0.0322567,6.58442e-05
143.272,0.0922471,-0.0322565,6.58392e-05
143.273,0.0922177,-0.0322563,6.58343e-05
143.274,0.0921883,-0.0322561,6.58294e-05
143.275,0.0921589,-0.0322559,6.58245e-05
143.275,0.0921295,-0.0322558,6.58196e-05
143.276,0.0921001,-0.0322556,6.58147e-05
143.277,0.0920707,-0.0322554,6.58098e-05
143.278,0.0920414,-0.0322552,6.58049e-05
143.279,0.092012,-0.032255,6.58e-05
143.28,0.0919827,-0.0322549,6.57951e-05
143.281,0.0919534,-0.0322547,6.57902e-05
143.282,0.0919241,-0.0322545,6.57853e-05
143.283,0.0918948,-0.0322543,6.57804e-05
143.284,0.0918655,-0.0322542,6.57754e-05
143.285,0.0918362,-0.032254,6.57705e-05
143.285,0.0918069,-0.0322538,6.57656e-05
143.286,0.0917776,-0.0322536,6.57607e-05
143.287,0.0917484,-0.0322534,6.57558e-05
143.288,0.0917191,-0.0322533,6.57509e-05
143.289,0.0916899,-0.0322531,6.5746e-05
143.29,0.0916607,-0.0322529,6.57411e-05
143.291,0.0916315,-0.0322527,6.57362e-05
143.292,0.0916023,-0.0322526,6.57313e-05
143.293,0.0915731,-0.0322524,6.57265e-05
143.294,0.0915439,-0.0322522,6.57216e-05
143.295,0.0915147,-0.032252,6.57167e-05
143.295,0.0914855,-0.0322518,6.57118e-05
143.296,0.0914564,-0.0322517,6.57069e-05
143.297,0.0914272,-0.0322515,6.5702e-05
143.298,0.0913981,-0.0322513,6.56971e-05
143.299,0.091369,-0.0322511,6.56922e-05
143.3,0.0913399,-0.032251,6.56873e-05
143.301,0.0913108,-0.0322508,6.56824e-05
143.302,0.0912817,-0.0322506,6.56775e-05
143.303,0.0912526,-0.0322504,6.56726e-05
143.304,0.0912235,-0.0322502,6.56677e-05
143.304,0.0911945,-0.0322501,6.56628e-05
143.305,0.0911654,-0.0322499,6.5658e-05
143.306,0.0911364,-0.0322497,6.56531e-05
143.307,0.0911073,-0.0322495,6.56482e-05
143.308,0.0910783,-0.0322493,6.56433e-05
143.309,0.0910493,-0.0322492,6.56384e-05
143.31,0.0910203,-0.032249,6.56335e-05
143.311,0.0909913,-0.0322488,6.56286e-05
143.312,0.0909623,-0.0322486,6.56238e-05
143.313,0.0909334,-0.0322485,6.56189e-05
143.313,0.0909044,-0.0322483,6.5614e-05
143.314,0.0908754,-0.0322481,6.56091e-05
143.315,0.0908465,-0.0322479,6.56042e-05
143.316,0.0908176,-0.0322477,6.55993e-05
143.317,0.0907886,-0.0322476,6.55945e-05
143.318,0.0907597,-0.0322474,6.55896e-05
143.319,0.0907308,-0.0322472,6.55847e-05
143.32,0.0907019,-0.032247,6.55798e-05
143.321,0.0906731,-0.0322469,6.5575e-05
143.322,0.0906442,-0.0322467,6.55701e-05
143.322,0.0906153,-0.0322465,6.55652e-05
143.323,0.0905865,-0.0322463,6.55603e-05
143.324,0.0905576,-0.0322461,6.55554e-05
143.325,0.0905288,-0.032246,6.55506e-05
143.326,0.0905,-0.0322458,6.55457e-05
143.327,0.0904712,-0.0322456,6.55408e-05
143.328,0.0904424,-0.0322454,6.5536e-05
143.329,0.0904136,-0.0322452,6.55311e-05
143.33,0.0903848,-0.0322451,6.55262e-05
143.33,0.090356,-0.0322449,6.55213e-05
143.331,0.0903272,-0.0322447,6.55165e-05
143.332,0.0902985,-0.0322445,6.55116e-05
143.333,0.0902698,-0.0322444,6.55067e-05
143.334,0.090241,-0.0322442,6.55019e-05
143.335,0.0902123,-0.032244,6.5497e-05
143.336,0.0901836,-0.0322438,6.54921e-05
143.337,0.0901549,-0.0322436,6.54873e-05
143.338,0.0901262,-0.0322435,6.54824e-05
143.338,0.0900975,-0.0322433,6.54775e-05
143.339,0.0900688,-0.0322431,6.54727e-05
143.34,0.0900402,-0.0322429,6.54678e-05
143.341,0.0900115,-0.0322428,6.54629e-05
143.342,0.0899829,-0.0322426,6.54581e-05
143.343,0.0899542,-0.0322424,6.54532e-05
143.344,0.0899256,-0.0322422,6.54484e-05
143.345,0.089897,-0.032242,6.54435e-05
143.346,0.0898684,-0.0322419,6.54386e-05
143.346,0.0898398,-0.0322417,6.54338e-05
143.347,0.0898112,-0.0322415,6.54289e-05
143.348,0.0897826,-0.0322413,6.54241e-05
143.349,0.0897541,-0.0322411,6.54192e-05
143.35,0.0897255,-0.032241,6.54143e-05
143.351,0.089697,-0.0322408,6.54095e-05
143.352,0.0896684,-0.0322406,6.54046e-05
143.353,0.0896399,-0.0322404,6.53998e-05
143.354,0.0896114,-0.0322403,6.53949e-05
143.354,0.0895829,-0.0322401,6.53901e-05
143.355,0.0895544,-0.0322399,6.53852e-05
143.356,0.0895259,-0.0322397,6.53804e-05
143.357,0.0894974,-0.0322395,6.53755e-05
143.358,0.089469,-0.0322394,6.53707e-05
143.359,0.0894405,-0.0322392,6.53658e-05
143.36,0.0894121,-0.032239,6.53609e-05
143.361,0.0893836,-0.0322388,6.53561e-05
143.362,0.0893552,-0.0322387,6.53512e-05
143.362,0.0893268,-0.0322385,6.53464e-05
143.363,0.0892984,-0.0322383,6.53416e-05
143.364,0.08927,-0.0322381,6.53367e-05
143.365,0.0892416,-0.0322379,6.53319e-05
143.366,0.0892132,-0.0322378,6.5327e-05
143.367,0.0891848,-0.0322376,6.53222e-05
143.368,0.0891565,-0.0322374,6.53173e-05
143.369,0.0891281,-0.0322372,6.53125e-05
143.369,0.0890998,-0.032237,6.53076e-05
143.37,0.0890715,-0.0322369,6.53028e-05
143.371,0.0890431,-0.0322367,6.52979e-05
143.372,0.0890148,-0.0322365,6.52931e-05
143.373,0.0889865,-0.0322363,6.52883e-05
143.374,0.0889582,-0.0322362,6.52834e-05
143.375,0.0889299,-0.032236,6.52786e-05
143.376,0.0889017,-0.0322358,6.52737e-05
143.376,0.0888734,-0.0322356,6.52689e-05
143.377,0.0888452,-0.0322354,6.52641e-05
143.378,0.0888169,-0.0322353,6.52592e-05
143.379,0.0887887,-0.0322351,6.52544e-05
143.38,0.0887605,-0.0322349,6.52496e-05
143.381,0.0887322,-0.0322347,6.52447e-05
143.382,0.088704,-0.0322345,6.52399e-05
143.383,0.0886758,-0.0322344,6.5235e-05
143.383,0.0886477,-0.0322342,6.52302e-05
143.384,0.0886195,-0.032234,6.52254e-05
143.385,0.0885913,-0.0322338,6.52205e-05
143.386,0.0885632,-0.0322337,6.52157e-05
143.387,0.088535,-0.0322335,6.52109e-05
143.388,0.0885069,-0.0322333,6.52061e-05
143.389,0.0884788,-0.0322331,6.52012e-05
143.39,0.0884506,-0.0322329,6.51964e-05
143.39,0.0884225,-0.0322328,6.51916e-05
143.391,0.0883944,-0.0322326,6.51867e-05
143.392,0.0883664,-0.0322324,6.51819e-05
143.393,0.0883383,-0.0322322,6.51771e-05
143.394,0.0883102,-0.032232,6.51722e-05
143.395,0.0882821,-0.0322319,6.51674e-05
143.396,0.0882541,-0.0322317,6.51626e-05
143.397,0.0882261,-0.0322315,6.51578e-05
143.397,0.088198,-0.0322313,6.51529e-05
143.398,0.08817,-0.0322311,6.51481e-05
143.399,0.088142,-0.032231,6.51433e-05
143.4,0.088114,-0.0322308,6.51385e-05
143.401,0.088086,-0.0322306,6.51337e-05
143.402,0.088058,-0.0322304,6.51288e-05
143.403,0.08803,-0.0322303,6.5124e-05
143.403,0.0880021,-0.0322301,6.51192e-05
143.404,0.0879741,-0.0322299,6.51144e-05
143.405,0.0879462,-0.0322297,6.51096e-05
143.406,0.0879182,-0.0322295,6.51047e-05
143.407,0.0878903,-0.0322294,6.50999e-05
143.408,0.0878624,-0.0322292,6.50951e-05
143.409,0.0878345,-0.032229,6.50903e-05
143.41,0.0878066,-0.0322288,6.50855e-05
143.41,0.0877787,-0.0322286,6.50807e-05
143.411,0.0877508,-0.0322285,6.50758e-05
143.412,0.087723,-0.0322283,6.5071e-05
143.413,0.0876951,-0.0322281,6.50662e-05
143.414,0.0876673,-0.0322279,6.50614e-05
143.415,0.0876394,-0.0322277,6.50566e-05
143.416,0.0876116,-0.0322276,6.50518e-05
143.416,0.0875838,-0.0322274,6.5047e-05
143.417,0.087556,-0.0322272,6.50421e-05
143.418,0.0875282,-0.032227,6.50373e-05
143.419,0.0875004,-0.0322269,6.50325e-05
143.42,0.0874726,-0.0322267,6.50277e-05
143.421,0.0874448,-0.0322265,6.50229e-05
143.422,0.0874171,-0.0322263,6.50181e-05
143.423,0.0873893,-0.0322261,6.50133e-05
143.423,0.0873616,-0.032226,6.50085e-05
143.424,0.0873338,-0.0322258,6.50037e-05
143.425,0.0873061,-0.0322256,6.49989e-05
143.426,0.0872784,-0.0322254,6.49941e-05
143.427,0.0872507,-0.0322252,6.49893e-05
143.428,0.087223,-0.0322251,6.49845e-05
143.429,0.0871953,-0.0322249,6.49797e-05
143.429,0.0871676,-0.0322247,6.49749e-05
143.43,0.0871399,-0.0322245,6.49701e-05
143.431,0.0871123,-0.0322243,6.49653e-05
143.432,0.0870846,-0.0322242,6.49605e-05
143.433,0.087057,-0.032224,6.49557e-05
143.434,0.0870294,-0.0322238,6.49509e-05
143.435,0.0870017,-0.0322236,6.49461e-05
143.435,0.0869741,-0.0322234,6.49413e-05
143.436,0.0869465,-0.0322233,6.49365e-05
143.437,0.0869189,-0.0322231,6.49317e-05
143.438,0.0868913,-0.0322229,6.49269e-05
143.439,0.0868638,-0.0322227,6.49221e-05
143.44,0.0868362,-0.0322226,6.49173e-05
143.441,0.0868087,-0.0322224,6.49125e-05
143.441,0.0867811,-0.0322222,6.49077e-05
143.442,0.0867536,-0.032222,6.49029e-05
143.443,0.086726,-0.0322218,6.48981e-05
143.444,0.0866985,-0.0322217,6.48933e-05
143.445,0.086671,-0.0322215,6.48885e-05
143.446,0.0866435,-0.0322213,6.48837e-05
143.447,0.086616,-0.0322211,6.48789e-05
143.447,0.0865885,-0.0322209,6.48741e-05
143.448,0.0865611,-0.0322208,6.48694e-05
143.449,0.0865336,-0.0322206,6.48646e-05
143.45,0.0865062,-0.0322204,6.48598e-05
143.451,0.0864787,-0.0322202,6.4855e-05
143.452,0.0864513,-0.03222,6.48502e-05
143.452,0.0864239,-0.0322199,6.48454e-05
143.453,0.0863964,-0.0322197,6.48406e-05
143.454,0.086369,-0.0322195,6.48358e-05
143.455,0.0863416,-0.0322193,6.48311e-05
143.456,0.0863143,-0.0322191,6.48263e-05
143.457,0.0862869,-0.032219,6.48215e-05
143.458,0.0862595,-0.0322188,6.48167e-05
143.458,0.0862321,-0.0322186,6.48119e-05
143.459,0.0862048,-0.0322184,6.48071e-05
143.46,0.0861775,-0.0322182,6.48024e-05
143.461,0.0861501,-0.0322181,6.47976e-05
143.462,0.0861228,-0.0322179,6.47928e-05
143.463,0.0860955,-0.0322177,6.4788e-05
143.464,0.0860682,-0.0322175,6.47832e-05
143.464,0.0860409,-0.0322173,6.47785e-05
143.465,0.0860136,-0.0322172,6.47737e-05
143.466,0.0859863,-0.032217,6.47689e-05
143.467,0.0859591,-0.0322168,6.47641e-05
143.468,0.0859318,-0.0322166,6.47594e-05
143.469,0.0859046,-0.0322164,6.47546e-05
143.469,0.0858773,-0.0322163,6.47498e-05
143.47,0.0858501,-0.0322161,6.4745e-05
143.471,0.0858229,-0.0322159,6.47403e-05
143.472,0.0857957,-0.0322157,6.47355e-05
143.473,0.0857685,-0.0322155,6.47307e-05
143.474,0.0857413,-0.0322154,6.47259e-05
143.475,0.0857141,-0.0322152,6.47212e-05
143.475,0.0856869,-0.032215,6.47164e-05
143.476,0.0856597,-0.0322148,6.47116e-05
143.477,0.0856326,-0.0322146,6.47069e-05
143.478,0.0856054,-0.0322145,6.47021e-05
143.479,0.0855783,-0.0322143,6.46973e-05
143.48,0.0855512,-0.0322141,6.46926e-05
143.48,0.0855241,-0.0322139,6.46878e-05
143.481,0.085497,-0.0322137,6.4683e-05
143.482,0.0854699,-0.0322136,6.46783e-05
143.483,0.0854428,-0.0322134,6.46735e-05
143.484,0.0854157,-0.0322132,6.46687e-05
143.485,0.0853886,-0.032213,6.4664e-05
143.485,0.0853615,-0.0322128,6.46592e-05
143.486,0.0853345,-0.0322127,6.46544e-05
143.487,0.0853074,-0.0322125,6.46497e-05
143.488,0.0852804,-0.0322123,6.46449e-05
143.489,0.0852534,-0.0322121,6.46401e-05
143.49,0.0852264,-0.0322119,6.46354e-05
143.49,0.0851994,-0.0322118,6.46306e-05
143.491,0.0851724,-0.0322116,6.46259e-05
143.492,0.0851454,-0.0322114,6.46211e-05
143.493,0.0851184,-0.0322112,6.46164e-05
143.494,0.0850914,-0.032211,6.46116e-05
143.495,0.0850644,-0.0322108,6.46068e-05
143.496,0.0850375,-0.0322107,6.46021e-05
143.496,0.0850106,-0.0322105,6.45973e-05
143.497,0.0849836,-0.0322103,6.45926e-05
143.498,0.0849567,-0.0322101,6.45878e-05
143.499,0.0849298,-0.0322099,6.45831e-05
143.5,0.0849029,-0.0322098,6.45783e-05
143.501,0.084876,-0.0322096,6.45735e-05
143.501,0.0848491,-0.0322094,6.45688e-05
143.502,0.0848222,-0.0322092,6.4564e-05
143.503,0.0847953,-0.032209,6.45593e-05
143.504,0.0847685,-0.0322089,6.45545e-05
143.505,0.0847416,-0.0322087,6.45498e-05
143.506,0.0847148,-0.0322085,6.4545e-05
143.506,0.0846879,-0.0322083,6.45403e-05
143.507,0.0846611,-0.0322081,6.45355e-05
143.508,0.0846343,-0.032208,6.45308e-05
143.509,0.0846075,-0.0322078,6.4526e-05
143.51,0.0845807,-0.0322076,6.45213e-05
143.511,0.0845539,-0.0322074,6.45166e-05
143.511,0.0845271,-0.0322072,6.45118e-05
143.512,0.0845003,-0.0322071,6.45071e-05
143.513,0.0844736,-0.0322069,6.45023e-05
143.514,0.0844468,-0.0322067,6.44976e-05
143.515,0.0844201,-0.0322065,6.44928e-05
143.516,0.0843933,-0.0322063,6.44881e-05
143.516,0.0843666,-0.0322061,6.44833e-05
143.517,0.0843399,-0.032206,6.44786e-05
143.518,0.0843132,-0.0322058,6.44739e-05
143.519,0.0842865,-0.0322056,6.44691e-05
143.52,0.0842598,-0.0322054,6.44644e-05
143.52,0.0842331,-0.0322052,6.44596e-05
143.521,0.0842064,-0.0322051,6.44549e-05
143.522,0.0841798,-0.0322049,6.44502e-05
143.523,0.0841531,-0.0322047,6.44454e-05
143.524,0.0841265,-0.0322045,6.44407e-05
143.525,0.0840998,-0.0322043,6.44359e-05
143.525,0.0840732,-0.0322042,6.44312e-05
143.526,0.0840466,-0.032204,6.44265e-05
143.527,0.08402,-0.0322038,6.44217e-05
143.528,0.0839934,-0.0322036,6.4417e-05
143.529,0.0839668,-0.0322034,6.44123e-05
143.53,0.0839402,-0.0322032,6.44075e-05
143.53,0.0839136,-0.0322031,6.44028e-05
143.531,0.0838871,-0.0322029,6.43981e-05
143.532,0.0838605,-0.0322027,6.43933e-05
143.533,0.083834,-0.0322025,6.43886e-05
143.534,0.0838074,-0.0322023,6.43839e-05
143.535,0.0837809,-0.0322022,6.43792e-05
143.535,0.0837544,-0.032202,6.43744e-05
143.536,0.0837279,-0.0322018,6.43697e-05
143.537,0.0837014,-0.0322016,6.4365e-05
143.538,0.0836749,-0.0322014,6.43602e-05
143.539,0.0836484,-0.0322012,6.43555e-05
143.539,0.0836219,-0.0322011,6.43508e-05
143.54,0.0835954,-0.0322009,6.43461e-05
143.541,0.083569,-0.0322007,6.43413e-05
143.542,0.0835425,-0.0322005,6.43366e-05
143.543,0.0835161,-0.0322003,6.43319e-05
143.544,0.0834897,-0.0322002,6.43272e-05
143.544,0.0834632,-0.0322,6.43224e-05
143.545,0.0834368,-0.0321998,6.43177e-05
143.546,0.0834104,-0.0321996,6.4313e-05
143.547,0.083384,-0.0321994,6.43083e-05
143.548,0.0833577,-0.0321992,6.43035e-05
143.548,0.0833313,-0.0321991,6.42988e-05
143.549,0.0833049,-0.0321989,6.42941e-05
143.55,0.0832785,-0.0321987,6.42894e-05
143.551,0.0832522,-0.0321985,6.42847e-05
143.552,0.0832259,-0.0321983,6.428e-05
143.553,0.0831995,-0.0321981,6.42752e-05
143.553,0.0831732,-0.032198,6.42705e-05
143.554,0.0831469,-0.0321978,6.42658e-05
143.555,0.0831206,-0.0321976,6.42611e-05
143.556,0.0830943,-0.0321974,6.42564e-05
143.557,0.083068,-0.0321972,6.42517e-05
143.557,0.0830417,-0.0321971,6.42469e-05
143.558,0.0830154,-0.0321969,6.42422e-05
143.559,0.0829892,-0.0321967,6.42375e-05
143.56,0.0829629,-0.0321965,6.42328e-05
143.561,0.0829367,-0.0321963,6.42281e-05
143.562,0.0829104,-0.0321961,6.42234e-05
143.562,0.0828842,-0.032196,6.42187e-05
143.563,0.082858,-0.0321958,6.4214e-05
143.564,0.0828318,-0.0321956,6.42092e-05
143.565,0.0828056,-0.0321954,6.42045e-05
143.566,0.0827794,-0.0321952,6.41998e-05
143.566,0.0827532,-0.032195,6.41951e-05
143.567,0.082727,-0.0321949,6.41904e-05
143.568,0.0827009,-0.0321947,6.41857e-05
143.569,0.0826747,-0.0321945,6.4181e-05
143.57,0.0826486,-0.0321943,6.41763e-05
143.571,0.0826224,-0.0321941,6.41716e-05
143.571,0.0825963,-0.0321939,6.41669e-05
143.572,0.0825702,-0.0321938,6.41622e-05
143.573,0.0825441,-0.0321936,6.41575e-05
143.574,0.082518,-0.0321934,6.41528e-05
143.575,0.0824919,-0.0321932,6.41481e-05
143.575,0.0824658,-0.032193,6.41434e-05
143.576,0.0824397,-0.0321929,6.41387e-05
143.577,0.0824136,-0.0321927,6.4134e-05
143.578,0.0823876,-0.0321925,6.41293e-05
143.579,0.0823615,-0.0321923,6.41246e-05
143.579,0.0823355,-0.0321921,6.41199e-05
143.58,0.0823094,-0.0321919,6.41152e-05
143.581,0.0822834,-0.0321918,6.41105e-05
143.582,0.0822574,-0.0321916,6.41058e-05
143.583,0.0822314,-0.0321914,6.41011e-05
143.583,0.0822054,-0.0321912,6.40964e-05
143.584,0.0821794,-0.032191,6.40917e-05
143.585,0.0821534,-0.0321908,6.4087e-05
143.586,0.0821274,-0.0321907,6.40823e-05
143.587,0.0821015,-0.0321905,6.40776e-05
143.587,0.0820755,-0.0321903,6.40729e-05
143.588,0.0820496,-0.0321901,6.40682e-05
143.589,0.0820236,-0.0321899,6.40635e-05
143.59,0.0819977,-0.0321897,6.40588e-05
143.591,0.0819718,-0.0321895,6.40541e-05
143.592,0.0819459,-0.0321894,6.40494e-05
143.592,0.08192,-0.0321892,6.40448e-05
143.593,0.0818941,-0.032189,6.40401e-05
143.594,0.0818682,-0.0321888,6.40354e-05
143.595,0.0818423,-0.0321886,6.40307e-05
143.596,0.0818165,-0.0321884,6.4026e-05
143.596,0.0817906,-0.0321883,6.40213e-05
143.597,0.0817647,-0.0321881,6.40166e-05
143.598,0.0817389,-0.0321879,6.40119e-05
143.599,0.0817131,-0.0321877,6.40073e-05
143.6,0.0816872,-0.0321875,6.40026e-05
143.6,0.0816614,-0.0321873,6.39979e-05
143.601,0.0816356,-0.0321872,6.39932e-05
143.602,0.0816098,-0.032187,6.39885e-05
143.603,0.081584,-0.0321868,6.39838e-05
143.604,0.0815582,-0.0321866,6.39791e-05
143.604,0.0815325,-0.0321864,6.39745e-05
143.605,0.0815067,-0.0321862,6.39698e-05
143.606,0.0814809,-0.0321861,6.39651e-05
143.607,0.0814552,-0.0321859,6.39604e-05
143.608,0.0814295,-0.0321857,6.39557e-05
143.608,0.0814037,-0.0321855,6.39511e-05
143.609,0.081378,-0.0321853,6.39464e-05
143.61,0.0813523,-0.0321851,6.39417e-05
143.611,0.0813266,-0.0321849,6.3937e-05
143.612,0.0813009,-0.0321848,6.39324e-05
143.612,0.0812752,-0.0321846,6.39277e-05
143.613,0.0812495,-0.0321844,6.3923e-05
143.614,0.0812239,-0.0321842,6.39183e-05
143.615,0.0811982,-0.032184,6.39137e-05
143.616,0.0811725,-0.0321838,6.3909e-05
143.616,0.0811469,-0.0321837,6.39043e-05
143.617,0.0811213,-0.0321835,6.38996e-05
143.618,0.0810956,-0.0321833,6.3895e-05
143.619,0.08107,-0.0321831,6.38903e-05
143.62,0.0810444,-0.0321829,6.38856e-05
143.62,0.0810188,-0.0321827,6.38809e-05
143.621,0.0809932,-0.0321825,6.38763e-05
143.622,0.0809676,-0.0321824,6.38716e-05
143.623,0.080942,-0.0321822,6.38669e-05
143.624,0.0809165,-0.032182,6.38623e-05
143.624,0.0808909,-0.0321818,6.38576e-05
143.625,0.0808654,-0.0321816,6.38529e-05
143.626,0.0808398,-0.0321814,6.38483e-05
143.627,0.0808143,-0.0321812,6.38436e-05
143.627,0.0807888,-0.0321811,6.38389e-05
143.628,0.0807632,-0.0321809,6.38343e-05
143.629,0.0807377,-0.0321807,6.38296e-05
143.63,0.0807122,-0.0321805,6.38249e-05
143.631,0.0806867,-0.0321803,6.38203e-05
143.631,0.0806613,-0.0321801,6.38156e-05
143.632,0.0806358,-0.03218,6.38109e-05
143.633,0.0806103,-0.0321798,6.38063e-05
143.634,0.0805849,-0.0321796,6.38016e-05
143.635,0.0805594,-0.0321794,6.3797e-05
143.635,0.080534,-0.0321792,6.37923e-05
143.636,0.0805085,-0.032179,6.37876e-05
143.637,0.0804831,-0.0321788,6.3783e-05
143.638,0.0804577,-0.0321787,6.37783e-05
143.639,0.0804323,-0.0321785,6.37737e-05
143.639,0.0804069,-0.0321783,6.3769e-05
143.64,0.0803815,-0.0321781,6.37643e-05
143.641,0.0803561,-0.0321779,6.37597e-05
143.642,0.0803308,-0.0321777,6.3755e-05
143.642,0.0803054,-0.0321775,6.37504e-05
143.643,0.08028,-0.0321774,6.37457e-05
143.644,0.0802547,-0.0321772,6.37411e-05
143.645,0.0802294,-0.032177,6.37364e-05
143.646,0.080204,-0.0321768,6.37318e-05
143.646,0.0801787,-0.0321766,6.37271e-05
143.647,0.0801534,-0.0321764,6.37224e-05
143.648,0.0801281,-0.0321762,6.37178e-05
143.649,0.0801028,-0.032176,6.37131e-05
143.65,0.0800775,-0.0321759,6.37085e-05
143.65,0.0800522,-0.0321757,6.37038e-05
143.651,0.080027,-0.0321755,6.36992e-05
143.652,0.0800017,-0.0321753,6.36945e-05
143.653,0.0799764,-0.0321751,6.36899e-05
143.653,0.0799512,-0.0321749,6.36852e-05
143.654,0.079926,-0.0321747,6.36806e-05
143.655,0.0799007,-0.0321746,6.3676e-05
143.656,0.0798755,-0.0321744,6.36713e-05
143.657,0.0798503,-0.0321742,6.36667e-05
143.657,0.0798251,-0.032174,6.3662e-05
143.658,0.0797999,-0.0321738,6.36574e-05
143.659,0.0797747,-0.0321736,6.36527e-05
143.66,0.0797495,-0.0321734,6.36481e-05
143.661,0.0797244,-0.0321733,6.36434e-05
143.661,0.0796992,-0.0321731,6.36388e-05
143.662,0.079674,-0.0321729,6.36342e-05
143.663,0.0796489,-0.0321727,6.36295e-05
143.664,0.0796238,-0.0321725,6.36249e-05
143.664,0.0795986,-0.0321723,6.36202e-05
143.665,0.0795735,-0.0321721,6.36156e-05
143.666,0.0795484,-0.0321719,6.36109e-05
143.667,0.0795233,-0.0321718,6.36063e-05
143.668,0.0794982,-0.0321716,6.36017e-05
143.668,0.0794731,-0.0321714,6.3597e-05
143.669,0.079448,-0.0321712,6.35924e-05
143.67,0.079423,-0.032171,6.35878e-05
143.671,0.0793979,-0.0321708,6.35831e-05
143.671,0.0793728,-0.0321706,6.35785e-05
143.672,0.0793478,-0.0321704,6.35738e-05
143.673,0.0793228,-0.0321703,6.35692e-05
143.674,0.0792977,-0.0321701,6.35646e-05
143.675,0.0792727,-0.0321699,6.35599e-05
143.675,0.0792477,-0.0321697,6.35553e-05
143.676,0.0792227,-0.0321695,6.35507e-05
143.677,0.0791977,-0.0321693,6.3546e-05
143.678,0.0791727,-0.0321691,6.35414e-05
143.678,0.0791477,-0.0321689,6.35368e-05
143.679,0.0791228,-0.0321688,6.35322e-05
143.68,0.0790978,-0.0321686,6.35275e-05
143.681,0.0790729,-0.0321684,6.35229e-05
143.682,0.0790479,-0.0321682,6.35183e-05
143.682,0.079023,-0.032168,6.35136e-05
143.683,0.078998,-0.0321678,6.3509e-05
143.684,0.0789731,-0.0321676,6.35044e-05
143.685,0.0789482,-0.0321674,6.34998e-05
143.685,0.0789233,-0.0321673,6.34951e-05
143.686,0.0788984,-0.0321671,6.34905e-05
143.687,0.0788735,-0.0321669,6.34859e-05
143.688,0.0788486,-0.0321667,6.34812e-05
143.689,0.0788238,-0.0321665,6.34766e-05
143.689,0.0787989,-0.0321663,6.3472e-05
143.69,0.078774,-0.0321661,6.34674e-05
143.691,0.0787492,-0.0321659,6.34628e-05
143.692,0.0787244,-0.0321657,6.34581e-05
143.692,0.0786995,-0.0321656,6.34535e-05
143.693,0.0786747,-0.0321654,6.34489e-05
143.694,0.0786499,-0.0321652,6.34443e-05
143.695,0.0786251,-0.032165,6.34397e-05
143.695,0.0786003,-0.0321648,6.3435e-05
143.696,0.0785755,-0.0321646,6.34304e-05
143.697,0.0785507,-0.0321644,6.34258e-05
143.698,0.078526,-0.0321642,6.34212e-05
143.699,0.0785012,-0.032164,6.34166e-05
143.699,0.0784764,-0.0321639,6.34119e-05
143.7,0.0784517,-0.0321637,6.34073e-05
143.701,0.0784269,-0.0321635,6.34027e-05
143.702,0.0784022,-0.0321633,6.33981e-05
143.702,0.0783775,-0.0321631,6.33935e-05
143.703,0.0783528,-0.0321629,6.33889e-05
143.704,0.0783281,-0.0321627,6.33843e-05
143.705,0.0783034,-0.0321625,6.33796e-05
143.705,0.0782787,-0.0321623,6.3375e-05
143.706,0.078254,-0.0321622,6.33704e-05
143.707,0.0782293,-0.032162,6.33658e-05
143.708,0.0782047,-0.0321618,6.33612e-05
143.709,0.07818,-0.0321616,6.33566e-05
143.709,0.0781553,-0.0321614,6.3352e-05
143.71,0.0781307,-0.0321612,6.33474e-05
143.711,0.0781061,-0.032161,6.33428e-05
143.712,0.0780814,-0.0321608,6.33381e-05
143.712,0.0780568,-0.0321606,6.33335e-05
143.713,0.0780322,-0.0321605,6.33289e-05
143.714,0.0780076,-0.0321603,6.33243e-05
143.715,0.077983,-0.0321601,6.33197e-05
143.715,0.0779584,-0.0321599,6.33151e-05
143.716,0.0779339,-0.0321597,6.33105e-05
143.717,0.0779093,-0.0321595,6.33059e-05
143.718,0.0778847,-0.0321593,6.33013e-05
143.719,0.0778602,-0.0321591,6.32967e-05
143.719,0.0778356,-0.0321589,6.32921e-05
143.72,0.0778111,-0.0321587,6.32875e-05
143.721,0.0777866,-0.0321586,6.32829e-05
143.722,0.077762,-0.0321584,6.32783e-05
143.722,0.0777375,-0.0321582,6.32737e-05
143.723,0.077713,-0.032158,6.32691e-05
143.724,0.0776885,-0.0321578,6.32645e-05
143.725,0.077664,-0.0321576,6.32599e-05
143.725,0.0776396,-0.0321574,6.32553e-05
143.726,0.0776151,-0.0321572,6.32507e-05
143.727,0.0775906,-0.032157,6.32461e-05
143.728,0.0775662,-0.0321568,6.32415e-05
143.728,0.0775417,-0.0321567,6.32369e-05
143.729,0.0775173,-0.0321565,6.32323e-05
143.73,0.0774929,-0.0321563,6.32277e-05
143.731,0.0774684,-0.0321561,6.32231e-05
143.731,0.077444,-0.0321559,6.32185e-05
143.732,0.0774196,-0.0321557,6.32139e-05
143.733,0.0773952,-0.0321555,6.32093e-05
143.734,0.0773708,-0.0321553,6.32047e-05
143.734,0.0773464,-0.0321551,6.32001e-05
143.735,0.0773221,-0.0321549,6.31955e-05
143.736,0.0772977,-0.0321547,6.31909e-05
143.737,0.0772733,-0.0321546,6.31864e-05
143.738,0.077249,-0.0321544,6.31818e-05
143.738,0.0772246,-0.0321542,6.31772e-05
143.739,0.0772003,-0.032154,6.31726e-05
143.74,0.077176,-0.0321538,6.3168e-05
143.741,0.0771517,-0.0321536,6.31634e-05
143.741,0.0771274,-0.0321534,6.31588e-05
143.742,0.077103,-0.0321532,6.31542e-05
143.743,0.0770788,-0.032153,6.31496e-05
143.744,0.0770545,-0.0321528,6.31451e-05
143.744,0.0770302,-0.0321526,6.31405e-05
143.745,0.0770059,-0.0321524,6.31359e-05
143.746,0.0769817,-0.0321523,6.31313e-05
143.747,0.0769574,-0.0321521,6.31267e-05
143.747,0.0769332,-0.0321519,6.31221e-05
143.748,0.0769089,-0.0321517,6.31175e-05
143.749,0.0768847,-0.0321515,6.3113e-05
143.75,0.0768605,-0.0321513,6.31084e-05
143.75,0.0768362,-0.0321511,6.31038e-05
143.751,0.076812,-0.0321509,6.30992e-05
143.752,0.0767878,-0.0321507,6.30946e-05
143.753,0.0767637,-0.0321505,6.30901e-05
143.753,0.0767395,-0.0321503,6.30855e-05
143.754,0.0767153,-0.0321501,6.30809e-05
143.755,0.0766911,-0.0321499,6.30763e-05
143.756,0.076667,-0.0321498,6.30717e-05
143.756,0.0766428,-0.0321496,6.30672e-05
143.757,0.0766187,-0.0321494,6.30626e-05
143.758,0.0765945,-0.0321492,6.3058e-05
143.759,0.0765704,-0.032149,6.30534e-05
143.759,0.0765463,-0.0321488,6.30489e-05
143.76,0.0765222,-0.0321486,6.30443e-05
143.761,0.0764981,-0.0321484,6.30397e-05
143.762,0.076474,-0.0321482,6.30351e-05
143.762,0.0764499,-0.032148,6.30306e-05
143.763,0.0764258,-0.0321478,6.3026e-05
143.764,0.0764017,-0.0321476,6.30214e-05
143.765,0.0763777,-0.0321474,6.30168e-05
143.765,0.0763536,-0.0321473,6.30123e-05
143.766,0.0763296,-0.0321471,6.30077e-05
143.767,0.0763055,-0.0321469,6.30031e-05
143.768,0.0762815,-0.0321467,6.29986e-05
143.768,0.0762575,-0.0321465,6.2994e-05
143.769,0.0762335,-0.0321463,6.29894e-05
143.77,0.0762094,-0.0321461,6.29848e-05
143.771,0.0761854,-0.0321459,6.29803e-05
143.771,0.0761615,-0.0321457,6.29757e-05
143.772,0.0761375,-0.0321455,6.29711e-05
143.773,0.0761135,-0.0321453,6.29666e-05
143.774,0.0760895,-0.0321451,6.2962e-05
143.774,0.0760656,-0.0321449,6.29574e-05
143.775,0.0760416,-0.0321447,6.29529e-05
143.776,0.0760177,-0.0321445,6.29483e-05
143.777,0.0759937,-0.0321444,6.29437e-05
143.777,0.0759698,-0.0321442,6.29392e-05
143.778,0.0759459,-0.032144,6.29346e-05
143.779,0.075922,-0.0321438,6.29301e-05
143.78,0.075898,-0.0321436,6.29255e-05
143.78,0.0758742,-0.0321434,6.29209e-05
143.781,0.0758503,-0.0321432,6.29164e-05
143.782,0.0758264,-0.032143,6.29118e-05
143.783,0.0758025,-0.0321428,6.29073e-05
143.783,0.0757786,-0.0321426,6.29027e-05
143.784,0.0757548,-0.0321424,6.28981e-05
143.785,0.0757309,-0.0321422,6.28936e-05
143.785,0.0757071,-0.032142,6.2889e-05
143.786,0.0756832,-0.0321418,6.28845e-05
143.787,0.0756594,-0.0321416,6.28799e-05
143.788,0.0756356,-0.0321414,6.28753e-05
143.788,0.0756118,-0.0321412,6.28708e-05
143.789,0.075588,-0.032141,6.28662e-05
143.79,0.0755642,-0.0321409,6.28617e-05
143.791,0.0755404,-0.0321407,6.28571e-05
143.791,0.0755166,-0.0321405,6.28526e-05
143.792,0.0754928,-0.0321403,6.2848e-05
143.793,0.0754691,-0.0321401,6.28435e-05
143.794,0.0754453,-0.0321399,6.28389e-05
143.794,0.0754216,-0.0321397,6.28344e-05
143.795,0.0753978,-0.0321395,6.28298e-05
143.796,0.0753741,-0.0321393,6.28253e-05
143.797,0.0753504,-0.0321391,6.28207e-05
143.797,0.0753266,-0.0321389,6.28162e-05
143.798,0.0753029,-0.0321387,6.28116e-05
143.799,0.0752792,-0.0321385,6.28071e-05
143.8,0.0752555,-0.0321383,6.28025e-05
143.8,0.0752318,-0.0321381,6.2798e-05
143.801,0.0752082,-0.0321379,6.27934e-05
143.802,0.0751845,-0.0321377,6.27889e-05
143.802,0.0751608,-0.0321375,6.27843e-05
143.803,0.0751372,-0.0321373,6.27798e-05
143.804,0.0751135,-0.0321371,6.27752e-05
143.805,0.0750899,-0.0321369,6.27707e-05
143.805,0.0750662,-0.0321368,6.27661e-05
143.806,0.0750426,-0.0321366,6.27616e-05
143.807,0.075019,-0.0321364,6.27571e-05
143.808,0.0749954,-0.0321362,6.27525e-05
143.808,0.0749718,-0.032136,6.2748e-05
143.809,0.0749482,-0.0321358,6.27434e-05
143.81,0.0749246,-0.0321356,6.27389e-05
143.811,0.074901,-0.0321354,6.27343e-05
143.811,0.0748774,-0.0321352,6.27298e-05
143.812,0.0748539,-0.032135,6.27253e-05
143.813,0.0748303,-0.0321348,6.27207e-05
143.813,0.0748068,-0.0321346,6.27162e-05
143.814,0.0747832,-0.0321344,6.27116e-05
143.815,0.0747597,-0.0321342,6.27071e-05
143.816,0.0747362,-0.032134,6.27026e-05
143.816,0.0747127,-0.0321338,6.2698e-05
143.817,0.0746891,-0.0321336,6.26935e-05
143.818,0.0746656,-0.0321334,6.2689e-05
143.819,0.0746421,-0.0321332,6.26844e-05
143.819,0.0746187,-0.032133,6.26799e-05
143.82,0.0745952,-0.0321328,6.26754e-05
143.821,0.0745717,-0.0321326,6.26708e-05
143.822,0.0745482,-0.0321324,6.26663e-05
143.822,0.0745248,-0.0321322,6.26618e-05
143.823,0.0745013,-0.032132,6.26572e-05
143.824,0.0744779,-0.0321318,6.26527e-05
143.824,0.0744545,-0.0321316,6.26482e-05
143.825,0.074431,-0.0321314,6.26436e-05
143.826,0.0744076,-0.0321312,6.26391e-05
143.827,0.0743842,-0.032131,6.26346e-05
143.827,0.0743608,-0.0321308,6.263e-05
143.828,0.0743374,-0.0321306,6.26255e-05
143.829,0.074314,-0.0321305,6.2621e-05
143.83,0.0742906,-0.0321303,6.26165e-05
143.83,0.0742673,-0.0321301,6.26119e-05
143.831,0.0742439,-0.0321299,6.26074e-05
143.832,0.0742205,-0.0321297,6.26029e-05
143.832,0.0741972,-0.0321295,6.25984e-05
143.833,0.0741738,-0.0321293,6.25938e-05
143.834,0.0741505,-0.0321291,6.25893e-05
143.835,0.0741272,-0.0321289,6.25848e-05
143.835,0.0741039,-0.0321287,6.25803e-05
143.836,0.0740806,-0.0321285,6.25757e-05
143.837,0.0740573,-0.0321283,6.25712e-05
143.838,0.074034,-0.0321281,6.25667e-05
143.838,0.0740107,-0.0321279,6.25622e-05
143.839,0.0739874,-0.0321277,6.25576e-05
143.84,0.0739641,-0.0321275,6.25531e-05
143.84,0.0739408,-0.0321273,6.25486e-05
143.841,0.0739176,-0.0321271,6.25441e-05
143.842,0.0738943,-0.0321269,6.25396e-05
143.843,0.0738711,-0.0321267,6.2535e-05
143.843,0.0738479,-0.0321265,6.25305e-05
143.844,0.0738246,-0.0321263,6.2526e-05
143.845,0.0738014,-0.0321261,6.25215e-05
143.845,0.0737782,-0.0321259,6.2517e-05
143.846,0.073755,-0.0321257,6.25125e-05
143.847,0.0737318,-0.0321255,6.25079e-05
143.848,0.0737086,-0.0321253,6.25034e-05
143.848,0.0736854,-0.0321251,6.24989e-05
143.849,0.0736622,-0.0321249,6.24944e-05
143.85,0.0736391,-0.0321247,6.24899e-05
143.851,0.0736159,-0.0321245,6.24854e-05
143.851,0.0735928,-0.0321243,6.24809e-05
143.852,0.0735696,-0.0321241,6.24763e-05
143.853,0.0735465,-0.0321239,6.24718e-05
143.853,0.0735233,-0.0321237,6.24673e-05
143.854,0.0735002,-0.0321235,6.24628e-05
143.855,0.0734771,-0.0321233,6.24583e-05
143.856,0.073454,-0.0321231,6.24538e-05
143.856,0.0734309,-0.0321229,6.24493e-05
143.857,0.0734078,-0.0321227,6.24448e-05
143.858,0.0733847,-0.0321225,6.24403e-05
143.858,0.0733616,-0.0321223,6.24357e-05
143.859,0.0733386,-0.0321221,6.24312e-05
143.86,0.0733155,-0.0321219,6.24267e-05
143.861,0.0732925,-0.0321217,6.24222e-05
143.861,0.0732694,-0.0321215,6.24177e-05
143.862,0.0732464,-0.0321213,6.24132e-05
143.863,0.0732233,-0.0321211,6.24087e-05
143.863,0.0732003,-0.0321209,6.24042e-05
143.864,0.0731773,-0.0321207,6.23997e-05
143.865,0.0731543,-0.0321205,6.23952e-05
143.866,0.0731313,-0.0321203,6.23907e-05
143.866,0.0731083,-0.0321201,6.23862e-05
143.867,0.0730853,-0.0321199,6.23817e-05
143.868,0.0730623,-0.0321197,6.23772e-05
143.868,0.0730393,-0.0321195,6.23727e-05
143.869,0.0730164,-0.0321193,6.23682e-05
143.87,0.0729934,-0.0321191,6.23637e-05
143.871,0.0729705,-0.0321189,6.23592e-05
143.871,0.0729475,-0.0321187,6.23547e-05
143.872,0.0729246,-0.0321185,6.23502e-05
143.873,0.0729017,-0.0321183,6.23457e-05
143.873,0.0728787,-0.0321181,6.23412e-05
143.874,0.0728558,-0.0321179,6.23367e-05
143.875,0.0728329,-0.0321177,6.23322e-05
143.876,0.07281,-0.0321175,6.23277e-05
143.876,0.0727871,-0.0321173,6.23232e-05
143.877,0.0727642,-0.0321171,6.23187e-05
143.878,0.0727414,-0.0321169,6.23142e-05
143.878,0.0727185,-0.0321167,6.23097e-05
143.879,0.0726956,-0.0321165,6.23052e-05
143.88,0.0726728,-0.0321163,6.23007e-05
143.881,0.0726499,-0.032116,6.22962e-05
143.881,0.0726271,-0.0321158,6.22917e-05
143.882,0.0726043,-0.0321156,6.22872e-05
143.883,0.0725814,-0.0321154,6.22828e-05
143.883,0.0725586,-0.0321152,6.22783e-05
143.884,0.0725358,-0.032115,6.22738e-05
143.885,0.072513,-0.0321148,6.22693e-05
143.886,0.0724902,-0.0321146,6.22648e-05
143.886,0.0724674,-0.0321144,6.22603e-05
143.887,0.0724446,-0.0321142,6.22558e-05
143.888,0.0724219,-0.032114,6.22513e-05
143.888,0.0723991,-0.0321138,6.22468e-05
143.889,0.0723764,-0.0321136,6.22424e-05
143.89,0.0723536,-0.0321134,6.22379e-05
143.891,0.0723309,-0.0321132,6.22334e-05
143.891,0.0723081,-0.032113,6.22289e-05
143.892,0.0722854,-0.0321128,6.22244e-05
143.893,0.0722627,-0.0321126,6.22199e-05
143.893,0.07224,-0.0321124,6.22154e-05
143.894,0.0722173,-0.0321122,6.2211e-05
143.895,0.0721946,-0.032112,6.22065e-05
143.896,0.0721719,-0.0321118,6.2202e-05
143.896,0.0721492,-0.0321116,6.21975e-05
143.897,0.0721265,-0.0321114,6.2193e-05
143.898,0.0721038,-0.0321112,6.21885e-05
143.898,0.0720812,-0.032111,6.21841e-05
143.899,0.0720585,-0.0321108,6.21796e-05
143.9,0.0720359,-0.0321106,6.21751e-05
143.9,0.0720132,-0.0321104,6.21706e-05
143.901,0.0719906,-0.0321102,6.21661e-05
143.902,0.071968,-0.0321099,6.21617e-05
143.903,0.0719453,-0.0321097,6.21572e-05
143.903,0.0719227,-0.0321095,6.21527e-05
143.904,0.0719001,-0.0321093,6.21482e-05
143.905,0.0718775,-0.0321091,6.21438e-05
143.905,0.0718549,-0.0321089,6.21393e-05
143.906,0.0718324,-0.0321087,6.21348e-05
143.907,0.0718098,-0.0321085,6.21303e-05
143.907,0.0717872,-0.0321083,6.21259e-05
143.908,0.0717647,-0.0321081,6.21214e-05
143.909,0.0717421,-0.0321079,6.21169e-05
143.91,0.0717196,-0.0321077,6.21124e-05
143.91,0.071697,-0.0321075,6.2108e-05
143.911,0.0716745,-0.0321073,6.21035e-05
143.912,0.071652,-0.0321071,6.2099e-05
143.912,0.0716295,-0.0321069,6.20945e-05
143.913,0.0716069,-0.0321067,6.20901e-05
143.914,0.0715844,-0.0321065,6.20856e-05
143.915,0.071562,-0.0321063,6.20811e-05
143.915,0.0715395,-0.0321061,6.20767e-05
143.916,0.071517,-0.0321058,6.20722e-05
143.917,0.0714945,-0.0321056,6.20677e-05
143.917,0.071472,-0.0321054,6.20633e-05
143.918,0.0714496,-0.0321052,6.20588e-05
143.919,0.0714271,-0.032105,6.20543e-05
143.919,0.0714047,-0.0321048,6.20499e-05
143.92,0.0713823,-0.0321046,6.20454e-05
143.921,0.0713598,-0.0321044,6.20409e-05
143.921,0.0713374,-0.0321042,6.20365e-05
143.922,0.071315,-0.032104,6.2032e-05
143.923,0.0712926,-0.0321038,6.20275e-05
143.924,0.0712702,-0.0321036,6.20231e-05
143.924,0.0712478,-0.0321034,6.20186e-05
143.925,0.0712254,-0.0321032,6.20141e-05
143.926,0.071203,-0.032103,6.20097e-05
143.926,0.0711807,-0.0321028,6.20052e-05
143.927,0.0711583,-0.0321025,6.20008e-05
143.928,0.0711359,-0.0321023,6.19963e-05
143.928,0.0711136,-0.0321021,6.19918e-05
143.929,0.0710912,-0.0321019,6.19874e-05
143.93,0.0710689,-0.0321017,6.19829e-05
143.931,0.0710466,-0.0321015,6.19784e-05
143.931,0.0710243,-0.0321013,6.1974e-05
143.932,0.071002,-0.0321011,6.19695e-05
143.933,0.0709796,-0.0321009,6.19651e-05
143.933,0.0709573,-0.0321007,6.19606e-05
143.934,0.0709351,-0.0321005,6.19562e-05
143.935,0.0709128,-0.0321003,6.19517e-05
143.935,0.0708905,-0.0321001,6.19472e-05
143.936,0.0708682,-0.0320999,6.19428e-05
143.937,0.070846,-0.0320996,6.19383e-05
143.938,0.0708237,-0.0320994,6.19339e-05
143.938,0.0708015,-0.0320992,6.19294e-05
143.939,0.0707792,-0.032099,6.1925e-05
143.94,0.070757,-0.0320988,6.19205e-05
143.94,0.0707348,-0.0320986,6.19161e-05
143.941,0.0707125,-0.0320984,6.19116e-05
143.942,0.0706903,-0.0320982,6.19072e-05
143.942,0.0706681,-0.032098,6.19027e-05
143.943,0.0706459,-0.0320978,6.18983e-05
143.944,0.0706237,-0.0320976,6.18938e-05
143.944,0.0706015,-0.0320974,6.18894e-05
143.945,0.0705794,-0.0320971,6.18849e-05
143.946,0.0705572,-0.0320969,6.18805e-05
143.946,0.070535,-0.0320967,6.1876e-05
143.947,0.0705129,-0.0320965,6.18716e-05
143.948,0.0704907,-0.0320963,6.18671e-05
143.949,0.0704686,-0.0320961,6.18627e-05
143.949,0.0704464,-0.0320959,6.18582e-05
143.95,0.0704243,-0.0320957,6.18538e-05
143.951,0.0704022,-0.0320955,6.18493e-05
143.951,0.0703801,-0.0320953,6.18449e-05
143.952,0.070358,-0.0320951,6.18405e-05
143.953,0.0703359,-0.0320948,6.1836e-05
143.953,0.0703138,-0.0320946,6.18316e-05
143.954,0.0702917,-0.0320944,6.18271e-05
143.955,0.0702696,-0.0320942,6.18227e-05
143.955,0.0702476,-0.032094,6.18182e-05
143.956,0.0702255,-0.0320938,6.18138e-05
143.957,0.0702034,-0.0320936,6.18094e-05
143.958,0.0701814,-0.0320934,6.18049e-05
143.958,0.0701593,-0.0320932,6.18005e-05
143.959,0.0701373,-0.032093,6.1796e-05
143.96,0.0701153,-0.0320927,6.17916e-05
143.96,0.0700933,-0.0320925,6.17872e-05
143.961,0.0700713,-0.0320923,6.17827e-05
143.962,0.0700492,-0.0320921,6.17783e-05
143.962,0.0700272,-0.0320919,6.17738e-05
143.963,0.0700053,-0.0320917,6.17694e-05
143.964,0.0699833,-0.0320915,6.1765e-05
143.964,0.0699613,-0.0320913,6.17605e-05
143.965,0.0699393,-0.0320911,6.17561e-05
143.966,0.0699174,-0.0320908,6.17517e-05
143.966,0.0698954,-0.0320906,6.17472e-05
143.967,0.0698734,-0.0320904,6.17428e-05
143.968,0.0698515,-0.0320902,6.17384e-05
143.968,0.0698296,-0.03209,6.17339e-05
143.969,0.0698076,-0.0320898,6.17295e-05
143.97,0.0697857,-0.0320896,6.17251e-05
143.971,0.0697638,-0.0320894,6.17206e-05
143.971,0.0697419,-0.0320892,6.17162e-05
143.972,0.06972,-0.0320889,6.17118e-05
143.973,0.0696981,-0.0320887,6.17073e-05
143.973,0.0696762,-0.0320885,6.17029e-05
143.974,0.0696543,-0.0320883,6.16985e-05
143.975,0.0696325,-0.0320881,6.1694e-05
143.975,0.0696106,-0.0320879,6.16896e-05
143.976,0.0695887,-0.0320877,6.16852e-05
143.977,0.0695669,-0.0320875,6.16808e-05
143.977,0.069545,-0.0320872,6.16763e-05
143.978,0.0695232,-0.032087,6.16719e-05
143.979,0.0695014,-0.0320868,6.16675e-05
143.979,0.0694796,-0.0320866,6.16631e-05
143.98,0.0694577,-0.0320864,6.16586e-05
143.981,0.0694359,-0.0320862,6.16542e-05
143.981,0.0694141,-0.032086,6.16498e-05
143.982,0.0693923,-0.0320858,6.16454e-05
143.983,0.0693705,-0.0320855,6.16409e-05
143.983,0.0693488,-0.0320853,6.16365e-05
143.984,0.069327,-0.0320851,6.16321e-05
143.985,0.0693052,-0.0320849,6.16277e-05
143.985,0.0692835,-0.0320847,6.16232e-05
143.986,0.0692617,-0.0320845,6.16188e-05
143.987,0.06924,-0.0320843,6.16144e-05
143.988,0.0692182,-0.032084,6.161e-05
143.988,0.0691965,-0.0320838,6.16056e-05
143.989,0.0691748,-0.0320836,6.16011e-05
143.99,0.069153,-0.0320834,6.15967e-05
143.99,0.0691313,-0.0320832,6.15923e-05
143.991,0.0691096,-0.032083,6.15879e-05
143.992,0.0690879,-0.0320828,6.15835e-05
143.992,0.0690662,-0.0320826,6.1579e-05
143.993,0.0690446,-0.0320823,6.15746e-05
143.994,0.0690229,-0.0320821,6.15702e-05
143.994,0.0690012,-0.0320819,6.15658e-05
143.995,0.0689795,-0.0320817,6.15614e-05
143.996,0.0689579,-0.0320815,6.1557e-05
143.996,0.0689362,-0.0320813,6.15526e-05
143.997,0.0689146,-0.0320811,6.15481e-05
143.998,0.068893,-0.0320808,6.15437e-05
143.998,0.0688713,-0.0320806,6.15393e-05
143.999,0.0688497,-0.0320804,6.15349e-05
144,0.0688281,-0.0320802,6.15305e-05
144,0.0688065,-0.03208,6.15261e-05
144.001,0.0687849,-0.0320798,6.15217e-05
144.002,0.0687633,-0.0320795,6.15173e-05
144.002,0.0687417,-0.0320793,6.15128e-05
144.003,0.0687201,-0.0320791,6.15084e-05
144.004,0.0686985,-0.0320789,6.1504e-05
144.004,0.068677,-0.0320787,6.14996e-05
144.005,0.0686554,-0.0320785,6.14952e-05
144.006,0.0686339,-0.0320783,6.14908e-05
144.006,0.0686123,-0.032078,6.14864e-05
144.007,0.0685908,-0.0320778,6.1482e-05
144.008,0.0685693,-0.0320776,6.14776e-05
144.008,0.0685477,-0.0320774,6.14732e-05
144.009,0.0685262,-0.0320772,6.14688e-05
144.01,0.0685047,-0.032077,6.14644e-05
144.01,0.0684832,-0.0320767,6.146e-05
144.011,0.0684617,-0.0320765,6.14556e-05
144.012,0.0684402,-0.0320763,6.14512e-05
144.012,0.0684187,-0.0320761,6.14467e-05
144.013,0.0683973,-0.0320759,6.14423e-05
144.014,0.0683758,-0.0320757,6.14379e-05
144.014,0.0683543,-0.0320754,6.14335e-05
144.015,0.0683329,-0.0320752,6.14291e-05
144.016,0.0683114,-0.032075,6.14247e-05
144.016,0.06829,-0.0320748,6.14203e-05
144.017,0.0682685,-0.0320746,6.14159e-05
144.018,0.0682471,-0.0320744,6.14115e-05
144.018,0.0682257,-0.0320741,6.14071e-05
144.019,0.0682043,-0.0320739,6.14027e-05
144.02,0.0681829,-0.0320737,6.13983e-05
144.02,0.0681615,-0.0320735,6.13939e-05
144.021,0.0681401,-0.0320733,6.13895e-05
144.022,0.0681187,-0.032073,6.13851e-05
144.022,0.0680973,-0.0320728,6.13807e-05
144.023,0.0680759,-0.0320726,6.13764e-05
144.024,0.0680546,-0.0320724,6.1372e-05
144.024,0.0680332,-0.0320722,6.13676e-05
144.025,0.0680118,-0.032072,6.13632e-05
144.026,0.0679905,-0.0320717,6.13588e-05
144.026,0.0679692,-0.0320715,6.13544e-05
144.027,0.0679478,-0.0320713,6.135e-05
144.028,0.0679265,-0.0320711,6.13456e-05
144.028,0.0679052,-0.0320709,6.13412e-05
144.029,0.0678839,-0.0320706,6.13368e-05
144.03,0.0678626,-0.0320704,6.13324e-05
144.03,0.0678413,-0.0320702,6.1328e-05
144.031,0.06782,-0.03207,6.13236e-05
144.032,0.0677987,-0.0320698,6.13192e-05
144.032,0.0677774,-0.0320696,6.13149e-05
144.033,0.0677561,-0.0320693,6.13105e-05
144.034,0.0677349,-0.0320691,6.13061e-05
144.034,0.0677136,-0.0320689,6.13017e-05
144.035,0.0676924,-0.0320687,6.12973e-05
144.036,0.0676711,-0.0320685,6.12929e-05
144.036,0.0676499,-0.0320682,6.12885e-05
144.037,0.0676286,-0.032068,6.12841e-05
144.038,0.0676074,-0.0320678,6.12798e-05
144.038,0.0675862,-0.0320676,6.12754e-05
144.039,0.067565,-0.0320674,6.1271e-05
144.04,0.0675438,-0.0320671,6.12666e-05
144.04,0.0675226,-0.0320669,6.12622e-05
144.041,0.0675014,-0.0320667,6.12578e-05
144.042,0.0674802,-0.0320665,6.12534e-05
144.042,0.067459,-0.0320663,6.12491e-05
144.043,0.0674379,-0.032066,6.12447e-05
144.044,0.0674167,-0.0320658,6.12403e-05
144.044,0.0673955,-0.0320656,6.12359e-05
144.045,0.0673744,-0.0320654,6.12315e-05
144.046,0.0673533,-0.0320651,6.12272e-05
144.046,0.0673321,-0.0320649,6.12228e-05
144.047,0.067311,-0.0320647,6.12184e-05
144.048,0.0672899,-0.0320645,6.1214e-05
144.048,0.0672687,-0.0320643,6.12096e-05
144.049,0.0672476,-0.032064,6.12053e-05
144.05,0.0672265,-0.0320638,6.12009e-05
144.05,0.0672054,-0.0320636,6.11965e-05
144.051,0.0671843,-0.0320634,6.11921e-05
144.052,0.0671633,-0.0320632,6.11877e-05
144.052,0.0671422,-0.0320629,6.11834e-05
144.053,0.0671211,-0.0320627,6.1179e-05
144.054,0.0671001,-0.0320625,6.11746e-05
144.054,0.067079,-0.0320623,6.11702e-05
144.055,0.0670579,-0.032062,6.11659e-05
144.056,0.0670369,-0.0320618,6.11615e-05
144.056,0.0670159,-0.0320616,6.11571e-05
144.057,0.0669948,-0.0320614,6.11527e-05
144.058,0.0669738,-0.0320612,6.11484e-05
144.058,0.0669528,-0.0320609,6.1144e-05
144.059,0.0669318,-0.0320607,6.11396e-05
144.059,0.0669108,-0.0320605,6.11353e-05
144.06,0.0668898,-0.0320603,6.11309e-05
144.061,0.0668688,-0.03206,6.11265e-05
144.061,0.0668478,-0.0320598,6.11221e-05
144.062,0.0668268,-0.0320596,6.11178e-05
144.063,0.0668059,-0.0320594,6.11134e-05
144.063,0.0667849,-0.0320592,6.1109e-05
144.064,0.066764,-0.0320589,6.11047e-05
144.065,0.066743,-0.0320587,6.11003e-05
144.065,0.0667221,-0.0320585,6.10959e-05
144.066,0.0667011,-0.0320583,6.10916e-05
144.067,0.0666802,-0.032058,6.10872e-05
144.067,0.0666593,-0.0320578,6.10828e-05
144.068,0.0666384,-0.0320576,6.10785e-05
144.069,0.0666175,-0.0320574,6.10741e-05
144.069,0.0665966,-0.0320571,6.10697e-05
144.07,0.0665757,-0.0320569,6.10654e-05
144.071,0.0665548,-0.0320567,6.1061e-05
144.071,0.0665339,-0.0320565,6.10566e-05
144.072,0.066513,-0.0320562,6.10523e-05
144.073,0.0664921,-0.032056,6.10479e-05
144.073,0.0664713,-0.0320558,6.10436e-05
144.074,0.0664504,-0.0320556,6.10392e-05
144.074,0.0664296,-0.0320553,6.10348e-05
144.075,0.0664087,-0.0320551,6.10305e-05
144.076,0.0663879,-0.0320549,6.10261e-05
144.076,0.0663671,-0.0320547,6.10218e-05
144.077,0.0663462,-0.0320544,6.10174e-05
144.078,0.0663254,-0.0320542,6.1013e-05
144.078,0.0663046,-0.032054,6.10087e-05
144.079,0.0662838,-0.0320538,6.10043e-05
144.08,0.066263,-0.0320535,6.1e-05
144.08,0.0662422,-0.0320533,6.09956e-05
144.081,0.0662214,-0.0320531,6.09912e-05
144.082,0.0662007,-0.0320529,6.09869e-05
144.082,0.0661799,-0.0320526,6.09825e-05
144.083,0.0661591,-0.0320524,6.09782e-05
144.084,0.0661384,-0.0320522,6.09738e-05
144.084,0.0661176,-0.032052,6.09695e-05
144.085,0.0660969,-0.0320517,6.09651e-05
144.086,0.0660761,-0.0320515,6.09608e-05
144.086,0.0660554,-0.0320513,6.09564e-05
144.087,0.0660347,-0.032051,6.09521e-05
144.087,0.066014,-0.0320508,6.09477e-05
144.088,0.0659933,-0.0320506,6.09433e-05
144.089,0.0659726,-0.0320504,6.0939e-05
144.089,0.0659519,-0.0320501,6.09346e-05
144.09,0.0659312,-0.0320499,6.09303e-05
144.091,0.0659105,-0.0320497,6.09259e-05
144.091,0.0658898,-0.0320495,6.09216e-05
144.092,0.0658691,-0.0320492,6.09172e-05
144.093,0.0658485,-0.032049,6.09129e-05
144.093,0.0658278,-0.0320488,6.09085e-05
144.094,0.0658072,-0.0320485,6.09042e-05
144.095,0.0657865,-0.0320483,6.08999e-05
144.095,0.0657659,-0.0320481,6.08955e-05
144.096,0.0657452,-0.0320479,6.08912e-05
144.096,0.0657246,-0.0320476,6.08868e-05
144.097,0.065704,-0.0320474,6.08825e-05
144.098,0.0656834,-0.0320472,6.08781e-05
144.098,0.0656628,-0.032047,6.08738e-05
144.099,0.0656422,-0.0320467,6.08694e-05
144.1,0.0656216,-0.0320465,6.08651e-05
144.1,0.065601,-0.0320463,6.08607e-05
144.101,0.0655804,-0.032046,6.08564e-05
144.102,0.0655598,-0.0320458,6.08521e-05
144.102,0.0655393,-0.0320456,6.08477e-05
144.103,0.0655187,-0.0320453,6.08434e-05
144.104,0.0654982,-0.0320451,6.0839e-05
144.104,0.0654776,-0.0320449,6.08347e-05
144.105,0.0654571,-0.0320447,6.08303e-05
144.105,0.0654365,-0.0320444,6.0826e-05
144.106,0.065416,-0.0320442,6.08217e-05
144.107,0.0653955,-0.032044,6.08173e-05
144.107,0.065375,-0.0320437,6.0813e-05
144.108,0.0653545,-0.0320435,6.08086e-05
144.109,0.065334,-0.0320433,6.08043e-05
144.109,0.0653135,-0.0320431,6.08e-05
144.11,0.065293,-0.0320428,6.07956e-05
144.111,0.0652725,-0.0320426,6.07913e-05
144.111,0.065252,-0.0320424,6.0787e-05
144.112,0.0652315,-0.0320421,6.07826e-05
144.113,0.0652111,-0.0320419,6.07783e-05
144.113,0.0651906,-0.0320417,6.0774e-05
144.114,0.0651702,-0.0320414,6.07696e-05
144.114,0.0651497,-0.0320412,6.07653e-05
144.115,0.0651293,-0.032041,6.0761e-05
144.116,0.0651089,-0.0320407,6.07566e-05
144.116,0.0650884,-0.0320405,6.07523e-05
144.117,0.065068,-0.0320403,6.0748e-05
144.118,0.0650476,-0.0320401,6.07436e-05
144.118,0.0650272,-0.0320398,6.07393e-05
144.119,0.0650068,-0.0320396,6.0735e-05
144.12,0.0649864,-0.0320394,6.07306e-05
144.12,0.064966,-0.0320391,6.07263e-05
144.121,0.0649456,-0.0320389,6.0722e-05
144.121,0.0649253,-0.0320387,6.07176e-05
144.122,0.0649049,-0.0320384,6.07133e-05
144.123,0.0648845,-0.0320382,6.0709e-05
144.123,0.0648642,-0.032038,6.07047e-05
144.124,0.0648438,-0.0320377,6.07003e-05
144.125,0.0648235,-0.0320375,6.0696e-05
144.125,0.0648032,-0.0320373,6.06917e-05
144.126,0.0647828,-0.032037,6.06873e-05
144.127,0.0647625,-0.0320368,6.0683e-05
144.127,0.0647422,-0.0320366,6.06787e-05
144.128,0.0647219,-0.0320363,6.06744e-05
144.128,0.0647016,-0.0320361,6.067e-05
144.129,0.0646813,-0.0320359,6.06657e-05
144.13,0.064661,-0.0320356,6.06614e-05
144.13,0.0646407,-0.0320354,6.06571e-05
144.131,0.0646204,-0.0320352,6.06527e-05
144.132,0.0646002,-0.0320349,6.06484e-05
144.132,0.0645799,-0.0320347,6.06441e-05
144.133,0.0645597,-0.0320345,6.06398e-05
144.133,0.0645394,-0.0320342,6.06355e-05
144.134,0.0645192,-0.032034,6.06311e-05
144.135,0.0644989,-0.0320338,6.06268e-05
144.135,0.0644787,-0.0320335,6.06225e-05
144.136,0.0644585,-0.0320333,6.06182e-05
144.137,0.0644382,-0.0320331,6.06139e-05
144.137,0.064418,-0.0320328,6.06095e-05
144.138,0.0643978,-0.0320326,6.06052e-05
144.139,0.0643776,-0.0320324,6.06009e-05
144.139,0.0643574,-0.0320321,6.05966e-05
144.14,0.0643372,-0.0320319,6.05923e-05
144.14,0.0643171,-0.0320317,6.0588e-05
144.141,0.0642969,-0.0320314,6.05836e-05
144.142,0.0642767,-0.0320312,6.05793e-05
144.142,0.0642566,-0.0320309,6.0575e-05
144.143,0.0642364,-0.0320307,6.05707e-05
144.144,0.0642163,-0.0320305,6.05664e-05
144.144,0.0641961,-0.0320302,6.05621e-05
144.145,0.064176,-0.03203,6.05577e-05
144.145,0.0641558,-0.0320298,6.05534e-05
144.146,0.0641357,-0.0320295,6.05491e-05
144.147,0.0641156,-0.0320293,6.05448e-05
144.147,0.0640955,-0.0320291,6.05405e-05
144.148,0.0640754,-0.0320288,6.05362e-05
144.149,0.0640553,-0.0320286,6.05319e-05
144.149,0.0640352,-0.0320284,6.05276e-05
144.15,0.0640151,-0.0320281,6.05233e-05
144.15,0.063995,-0.0320279,6.05189e-05
144.151,0.063975,-0.0320276,6.05146e-05
144.152,0.0639549,-0.0320274,6.05103e-05
144.152,0.0639348,-0.0320272,6.0506e-05
144.153,0.0639148,-0.0320269,6.05017e-05
144.154,0.0638947,-0.0320267,6.04974e-05
144.154,0.0638747,-0.0320265,6.04931e-05
144.155,0.0638547,-0.0320262,6.04888e-05
144.155,0.0638346,-0.032026,6.04845e-05
144.156,0.0638146,-0.0320257,6.04802e-05
144.157,0.0637946,-0.0320255,6.04759e-05
144.157,0.0637746,-0.0320253,6.04716e-05
144.158,0.0637546,-0.032025,6.04673e-05
144.159,0.0637346,-0.0320248,6.0463e-05
144.159,0.0637146,-0.0320246,6.04587e-05
144.16,0.0636946,-0.0320243,6.04543e-05
144.16,0.0636746,-0.0320241,6.045e-05
144.161,0.0636547,-0.0320238,6.04457e-05
144.162,0.0636347,-0.0320236,6.04414e-05
144.162,0.0636147,-0.0320234,6.04371e-05
144.163,0.0635948,-0.0320231,6.04328e-05
144.164,0.0635748,-0.0320229,6.04285e-05
144.164,0.0635549,-0.0320226,6.04242e-05
144.165,0.063535,-0.0320224,6.04199e-05
144.165,0.063515,-0.0320222,6.04156e-05
144.166,0.0634951,-0.0320219,6.04113e-05
144.167,0.0634752,-0.0320217,6.0407e-05
144.167,0.0634553,-0.0320214,6.04027e-05
144.168,0.0634354,-0.0320212,6.03984e-05
144.169,0.0634155,-0.032021,6.03941e-05
144.169,0.0633956,-0.0320207,6.03898e-05
144.17,0.0633757,-0.0320205,6.03856e-05
144.17,0.0633558,-0.0320203,6.03813e-05
144.171,0.063336,-0.03202,6.0377e-05
144.172,0.0633161,-0.0320198,6.03727e-05
144.172,0.0632962,-0.0320195,6.03684e-05
144.173,0.0632764,-0.0320193,6.03641e-05
144.174,0.0632565,-0.032019,6.03598e-05
144.174,0.0632367,-0.0320188,6.03555e-05
144.175,0.0632169,-0.0320186,6.03512e-05
144.175,0.063197,-0.0320183,6.03469e-05
144.176,0.0631772,-0.0320181,6.03426e-05
144.177,0.0631574,-0.0320178,6.03383e-05
144.177,0.0631376,-0.0320176,6.0334e-05
144.178,0.0631178,-0.0320174,6.03297e-05
144.178,0.063098,-0.0320171,6.03254e-05
144.179,0.0630782,-0.0320169,6.03211e-05
144.18,0.0630584,-0.0320166,6.03169e-05
144.18,0.0630386,-0.0320164,6.03126e-05
144.181,0.0630189,-0.0320162,6.03083e-05
144.182,0.0629991,-0.0320159,6.0304e-05
144.182,0.0629793,-0.0320157,6.02997e-05
144.183,0.0629596,-0.0320154,6.02954e-05
144.183,0.0629398,-0.0320152,6.02911e-05
144.184,0.0629201,-0.0320149,6.02868e-05
144.185,0.0629004,-0.0320147,6.02826e-05
144.185,0.0628806,-0.0320145,6.02783e-05
144.186,0.0628609,-0.0320142,6.0274e-05
144.186,0.0628412,-0.032014,6.02697e-05
144.187,0.0628215,-0.0320137,6.02654e-05
144.188,0.0628018,-0.0320135,6.02611e-05
144.188,0.0627821,-0.0320132,6.02568e-05
144.189,0.0627624,-0.032013,6.02526e-05
144.19,0.0627427,-0.0320128,6.02483e-05
144.19,0.062723,-0.0320125,6.0244e-05
144.191,0.0627033,-0.0320123,6.02397e-05
144.191,0.0626837,-0.032012,6.02354e-05
144.192,0.062664,-0.0320118,6.02311e-05
144.193,0.0626444,-0.0320115,6.02269e-05
144.193,0.0626247,-0.0320113,6.02226e-05
144.194,0.0626051,-0.032011,6.02183e-05
144.194,0.0625854,-0.0320108,6.0214e-05
144.195,0.0625658,-0.0320106,6.02097e-05
144.196,0.0625462,-0.0320103,6.02055e-05
144.196,0.0625266,-0.0320101,6.02012e-05
144.197,0.0625069,-0.0320098,6.01969e-05
144.198,0.0624873,-0.0320096,6.01926e-05
144.198,0.0624677,-0.0320093,6.01884e-05
144.199,0.0624482,-0.0320091,6.01841e-05
144.199,0.0624286,-0.0320088,6.01798e-05
144.2,0.062409,-0.0320086,6.01755e-05
144.201,0.0623894,-0.0320084,6.01712e-05
144.201,0.0623698,-0.0320081,6.0167e-05
144.202,0.0623503,-0.0320079,6.01627e-05
144.202,0.0623307,-0.0320076,6.01584e-05
144.203,0.0623112,-0.0320074,6.01541e-05
144.204,0.0622916,-0.0320071,6.01499e-05
144.204,0.0622721,-0.0320069,6.01456e-05
144.205,0.0622526,-0.0320066,6.01413e-05
144.205,0.062233,-0.0320064,6.01371e-05
144.206,0.0622135,-0.0320061,6.01328e-05
144.207,0.062194,-0.0320059,6.01285e-05
144.207,0.0621745,-0.0320056,6.01242e-05
144.208,0.062155,-0.0320054,6.012e-05
144.209,0.0621355,-0.0320052,6.01157e-05
144.209,0.062116,-0.0320049,6.01114e-05
144.21,0.0620965,-0.0320047,6.01072e-05
144.21,0.062077,-0.0320044,6.01029e-05
144.211,0.0620576,-0.0320042,6.00986e-05
144.212,0.0620381,-0.0320039,6.00944e-05
144.212,0.0620186,-0.0320037,6.00901e-05
144.213,0.0619992,-0.0320034,6.00858e-05
144.213,0.0619798,-0.0320032,6.00815e-05
144.214,0.0619603,-0.0320029,6.00773e-05
144.215,0.0619409,-0.0320027,6.0073e-05
144.215,0.0619214,-0.0320024,6.00687e-05
144.216,0.061902,-0.0320022,6.00645e-05
144.216,0.0618826,-0.0320019,6.00602e-05
144.217,0.0618632,-0.0320017,6.0056e-05
144.218,0.0618438,-0.0320014,6.00517e-05
144.218,0.0618244,-0.0320012,6.00474e-05
144.219,0.061805,-0.0320009,6.00432e-05
144.219,0.0617856,-0.0320007,6.00389e-05
144.22,0.0617662,-0.0320004,6.00346e-05
144.221,0.0617469,-0.0320002,6.00304e-05
144.221,0.0617275,-0.0319999,6.00261e-05
144.222,0.0617081,-0.0319997,6.00218e-05
144.223,0.0616888,-0.0319994,6.00176e-05
144.223,0.0616694,-0.0319992,6.00133e-05
144.224,0.0616501,-0.0319989,6.00091e-05
144.224,0.0616308,-0.0319987,6.00048e-05
144.225,0.0616114,-0.0319984,6.00005e-05
144.226,0.0615921,-0.0319982,5.99963e-05
144.226,0.0615728,-0.0319979,5.9992e-05
144.227,0.0615535,-0.0319977,5.99878e-05
144.227,0.0615342,-0.0319974,5.99835e-05
144.228,0.0615149,-0.0319972,5.99793e-05
144.229,0.0614956,-0.0319969,5.9975e-05
144.229,0.0614763,-0.0319967,5.99707e-05
144.23,0.061457,-0.0319964,5.99665e-05
144.23,0.0614377,-0.0319962,5.99622e-05
144.231,0.0614184,-0.0319959,5.9958e-05
144.232,0.0613992,-0.0319957,5.99537e-05
144.232,0.0613799,-0.0319954,5.99495e-05
144.233,0.0613607,-0.0319952,5.99452e-05
144.233,0.0613414,-0.0319949,5.9941e-05
144.234,0.0613222,-0.0319947,5.99367e-05
144.235,0.0613029,-0.0319944,5.99325e-05
144.235,0.0612837,-0.0319942,5.99282e-05
144.236,0.0612645,-0.0319939,5.99239e-05
144.236,0.0612453,-0.0319937,5.99197e-05
144.237,0.0612261,-0.0319934,5.99154e-05
144.238,0.0612069,-0.0319932,5.99112e-05
144.238,0.0611877,-0.0319929,5.99069e-05
144.239,0.0611685,-0.0319927,5.99027e-05
144.239,0.0611493,-0.0319924,5.98984e-05
144.24,0.0611301,-0.0319922,5.98942e-05
144.241,0.0611109,-0.0319919,5.98899e-05
144.241,0.0610918,-0.0319916,5.98857e-05
144.242,0.0610726,-0.0319914,5.98814e-05
144.242,0.0610534,-0.0319911,5.98772e-05
144.243,0.0610343,-0.0319909,5.9873e-05
144.244,0.0610151,-0.0319906,5.98687e-05
144.244,0.060996,-0.0319904,5.98645e-05
144.245,0.0609769,-0.0319901,5.98602e-05
144.245,0.0609577,-0.0319899,5.9856e-05
144.246,0.0609386,-0.0319896,5.98517e-05
144.247,0.0609195,-0.0319894,5.98475e-05
144.247,0.0609004,-0.0319891,5.98432e-05
144.248,0.0608813,-0.0319889,5.9839e-05
144.248,0.0608622,-0.0319886,5.98347e-05
144.249,0.0608431,-0.0319883,5.98305e-05
144.25,0.060824,-0.0319881,5.98263e-05
144.25,0.0608049,-0.0319878,5.9822e-05
144.251,0.0607859,-0.0319876,5.98178e-05
144.251,0.0607668,-0.0319873,5.98135e-05
144.252,0.0607477,-0.0319871,5.98093e-05
144.253,0.0607287,-0.0319868,5.98051e-05
144.253,0.0607096,-0.0319866,5.98008e-05
144.254,0.0606906,-0.0319863,5.97966e-05
144.254,0.0606715,-0.031986,5.97923e-05
144.255,0.0606525,-0.0319858,5.97881e-05
144.255,0.0606335,-0.0319855,5.97839e-05
144.256,0.0606145,-0.0319853,5.97796e-05
144.257,0.0605955,-0.031985,5.97754e-05
144.257,0.0605764,-0.0319848,5.97711e-05
144.258,0.0605574,-0.0319845,5.97669e-05
144.258,0.0605384,-0.0319842,5.97627e-05
144.259,0.0605195,-0.031984,5.97584e-05
144.26,0.0605005,-0.0319837,5.97542e-05
144.26,0.0604815,-0.0319835,5.975e-05
144.261,0.0604625,-0.0319832,5.97457e-05
144.261,0.0604436,-0.031983,5.97415e-05
144.262,0.0604246,-0.0319827,5.97373e-05
144.263,0.0604056,-0.0319824,5.9733e-05
144.263,0.0603867,-0.0319822,5.97288e-05
144.264,0.0603677,-0.0319819,5.97246e-05
144.264,0.0603488,-0.0319817,5.97203e-05
144.265,0.0603299,-0.0319814,5.97161e-05
144.266,0.060311,-0.0319812,5.97119e-05
144.266,0.060292,-0.0319809,5.97076e-05
144.267,0.0602731,-0.0319806,5.97034e-05
144.267,0.0602542,-0.0319804,5.96992e-05
144.268,0.0602353,-0.0319801,5.96949e-05
144.269,0.0602164,-0.0319799,5.96907e-05
144.269,0.0601975,-0.0319796,5.96865e-05
144.27,0.0601786,-0.0319793,5.96822e-05
144.27,0.0601598,-0.0319791,5.9678e-05
144.271,0.0601409,-0.0319788,5.96738e-05
144.271,0.060122,-0.0319786,5.96696e-05
144.272,0.0601032,-0.0319783,5.96653e-05
144.273,0.0600843,-0.031978,5.96611e-05
144.273,0.0600655,-0.0319778,5.96569e-05
144.274,0.0600466,-0.0319775,5.96527e-05
144.274,0.0600278,-0.0319773,5.96484e-05
144.275,0.0600089,-0.031977,5.96442e-05
144.276,0.0599901,-0.0319767,5.964e-05
144.276,0.0599713,-0.0319765,5.96358e-05
144.277,0.0599525,-0.0319762,5.96315e-05
144.277,0.0599337,-0.031976,5.96273e-05
144.278,0.0599149,-0.0319757,5.96231e-05
144.279,0.0598961,-0.0319754,5.96189e-05
144.279,0.0598773,-0.0319752,5.96146e-05
144.28,0.0598585,-0.0319749,5.96104e-05
144.28,0.0598397,-0.0319747,5.96062e-05
144.281,0.0598209,-0.0319744,5.9602e-05
144.281,0.0598022,-0.0319741,5.95977e-05
144.282,0.0597834,-0.0319739,5.95935e-05
144.283,0.0597647,-0.0319736,5.95893e-05
144.283,0.0597459,-0.0319734,5.95851e-05
144.284,0.0597272,-0.0319731,5.95809e-05
144.284,0.0597084,-0.0319728,5.95766e-05
144.285,0.0596897,-0.0319726,5.95724e-05
144.286,0.059671,-0.0319723,5.95682e-05
144.286,0.0596522,-0.031972,5.9564e-05
144.287,0.0596335,-0.0319718,5.95598e-05
144.287,0.0596148,-0.0319715,5.95556e-05
144.288,0.0595961,-0.0319713,5.95513e-05
144.289,0.0595774,-0.031971,5.95471e-05
144.289,0.0595587,-0.0319707,5.95429e-05
144.29,0.05954,-0.0319705,5.95387e-05
144.29,0.0595214,-0.0319702,5.95345e-05
144.291,0.0595027,-0.0319699,5.95303e-05
144.291,0.059484,-0.0319697,5.9526e-05
144.292,0.0594654,-0.0319694,5.95218e-05
144.293,0.0594467,-0.0319691,5.95176e-05
144.293,0.0594281,-0.0319689,5.95134e-05
144.294,0.0594094,-0.0319686,5.95092e-05
144.294,0.0593908,-0.0319684,5.9505e-05
144.295,0.0593721,-0.0319681,5.95008e-05
144.296,0.0593535,-0.0319678,5.94966e-05
144.296,0.0593349,-0.0319676,5.94923e-05
144.297,0.0593163,-0.0319673,5.94881e-05
144.297,0.0592977,-0.031967,5.94839e-05
144.298,0.0592791,-0.0319668,5.94797e-05
144.298,0.0592605,-0.0319665,5.94755e-05
144.299,0.0592419,-0.0319662,5.94713e-05
144.3,0.0592233,-0.031966,5.94671e-05
144.3,0.0592047,-0.0319657,5.94629e-05
144.301,0.0591861,-0.0319654,5.94587e-05
144.301,0.0591675,-0.0319652,5.94545e-05
144.302,0.059149,-0.0319649,5.94503e-05
144.302,0.0591304,-0.0319646,5.9446e-05
144.303,0.0591119,-0.0319644,5.94418e-05
144.304,0.0590933,-0.0319641,5.94376e-05
144.304,0.0590748,-0.0319638,5.94334e-05
144.305,0.0590562,-0.0319636,5.94292e-05
144.305,0.0590377,-0.0319633,5.9425e-05
144.306,0.0590192,-0.031963,5.94208e-05
144.307,0.0590007,-0.0319628,5.94166e-05
144.307,0.0589822,-0.0319625,5.94124e-05
144.308,0.0589636,-0.0319622,5.94082e-05
144.308,0.0589451,-0.031962,5.9404e-05
144.309,0.0589267,-0.0319617,5.93998e-05
144.309,0.0589082,-0.0319614,5.93956e-05
144.31,0.0588897,-0.0319612,5.93914e-05
144.311,0.0588712,-0.0319609,5.93872e-05
144.311,0.0588527,-0.0319606,5.9383e-05
144.312,0.0588343,-0.0319604,5.93788e-05
144.312,0.0588158,-0.0319601,5.93746e-05
144.313,0.0587973,-0.0319598,5.93704e-05
144.313,0.0587789,-0.0319596,5.93662e-05
144.314,0.0587604,-0.0319593,5.9362e-05
144.315,0.058742,-0.031959,5.93578e-05
144.315,0.0587236,-0.0319587,5.93536e-05
144.316,0.0587051,-0.0319585,5.93494e-05
144.316,0.0586867,-0.0319582,5.93452e-05
144.317,0.0586683,-0.0319579,5.9341e-05
144.318,0.0586499,-0.0319577,5.93368e-05
144.318,0.0586315,-0.0319574,5.93326e-05
144.319,0.0586131,-0.0319571,5.93284e-05
144.319,0.0585947,-0.0319569,5.93242e-05
144.32,0.0585763,-0.0319566,5.932e-05
144.32,0.0585579,-0.0319563,5.93158e-05
144.321,0.0585396,-0.0319561,5.93116e-05
144.322,0.0585212,-0.0319558,5.93074e-05
144.322,0.0585028,-0.0319555,5.93032e-05
144.323,0.0584845,-0.0319552,5.9299e-05
144.323,0.0584661,-0.031955,5.92949e-05
144.324,0.0584478,-0.0319547,5.92907e-05
144.324,0.0584294,-0.0319544,5.92865e-05
144.325,0.0584111,-0.0319542,5.92823e-05
144.326,0.0583928,-0.0319539,5.92781e-05
144.326,0.0583744,-0.0319536,5.92739e-05
144.327,0.0583561,-0.0319533,5.92697e-05
144.327,0.0583378,-0.0319531,5.92655e-05
144.328,0.0583195,-0.0319528,5.92613e-05
144.328,0.0583012,-0.0319525,5.92571e-05
144.329,0.0582829,-0.0319523,5.92529e-05
144.33,0.0582646,-0.031952,5.92488e-05
144.33,0.0582463,-0.0319517,5.92446e-05
144.331,0.058228,-0.0319514,5.92404e-05
144.331,0.0582098,-0.0319512,5.92362e-05
144.332,0.0581915,-0.0319509,5.9232e-05
144.332,0.0581732,-0.0319506,5.92278e-05
144.333,0.058155,-0.0319503,5.92236e-05
144.334,0.0581367,-0.0319501,5.92194e-05
144.334,0.0581185,-0.0319498,5.92153e-05
144.335,0.0581002,-0.0319495,5.92111e-05
144.335,0.058082,-0.0319492,5.92069e-05
144.336,0.0580638,-0.031949,5.92027e-05
144.336,0.0580455,-0.0319487,5.91985e-05
144.337,0.0580273,-0.0319484,5.91943e-05
144.338,0.0580091,-0.0319482,5.91902e-05
144.338,0.0579909,-0.0319479,5.9186e-05
144.339,0.0579727,-0.0319476,5.91818e-05
144.339,0.0579545,-0.0319473,5.91776e-05
144.34,0.0579363,-0.0319471,5.91734e-05
144.34,0.0579181,-0.0319468,5.91692e-05
144.341,0.0579,-0.0319465,5.91651e-05
144.342,0.0578818,-0.0319462,5.91609e-05
144.342,0.0578636,-0.031946,5.91567e-05
144.343,0.0578455,-0.0319457,5.91525e-05
144.343,0.0578273,-0.0319454,5.91483e-05
144.344,0.0578092,-0.0319451,5.91442e-05
144.344,0.057791,-0.0319448,5.914e-05
144.345,0.0577729,-0.0319446,5.91358e-05
144.346,0.0577547,-0.0319443,5.91316e-05
144.346,0.0577366,-0.031944,5.91274e-05
144.347,0.0577185,-0.0319437,5.91233e-05
144.347,0.0577004,-0.0319435,5.91191e-05
144.348,0.0576823,-0.0319432,5.91149e-05
144.348,0.0576642,-0.0319429,5.91107e-05
144.349,0.0576461,-0.0319426,5.91066e-05
144.35,0.057628,-0.0319424,5.91024e-05
144.35,0.0576099,-0.0319421,5.90982e-05
144.351,0.0575918,-0.0319418,5.9094e-05
144.351,0.0575737,-0.0319415,5.90899e-05
144.352,0.0575556,-0.0319412,5.90857e-05
144.352,0.0575376,-0.031941,5.90815e-05
144.353,0.0575195,-0.0319407,5.90773e-05
144.353,0.0575015,-0.0319404,5.90732e-05
144.354,0.0574834,-0.0319401,5.9069e-05
144.355,0.0574654,-0.0319399,5.90648e-05
144.355,0.0574473,-0.0319396,5.90607e-05
144.356,0.0574293,-0.0319393,5.90565e-05
144.356,0.0574113,-0.031939,5.90523e-05
144.357,0.0573932,-0.0319387,5.90481e-05
144.357,0.0573752,-0.0319385,5.9044e-05
144.358,0.0573572,-0.0319382,5.90398e-05
144.359,0.0573392,-0.0319379,5.90356e-05
144.359,0.0573212,-0.0319376,5.90315e-05
144.36,0.0573032,-0.0319373,5.90273e-05
144.36,0.0572852,-0.0319371,5.90231e-05
144.361,0.0572672,-0.0319368,5.9019e-05
144.361,0.0572493,-0.0319365,5.90148e-05
144.362,0.0572313,-0.0319362,5.90106e-05
144.362,0.0572133,-0.0319359,5.90065e-05
144.363,0.0571954,-0.0319357,5.90023e-05
144.364,0.0571774,-0.0319354,5.89981e-05
144.364,0.0571595,-0.0319351,5.8994e-05
144.365,0.0571415,-0.0319348,5.89898e-05
144.365,0.0571236,-0.0319345,5.89856e-05
144.366,0.0571056,-0.0319343,5.89815e-05
144.366,0.0570877,-0.031934,5.89773e-05
144.367,0.0570698,-0.0319337,5.89731e-05
144.368,0.0570519,-0.0319334,5.8969e-05
144.368,0.057034,-0.0319331,5.89648e-05
144.369,0.0570161,-0.0319329,5.89607e-05
144.369,0.0569982,-0.0319326,5.89565e-05
144.37,0.0569803,-0.0319323,5.89523e-05
144.37,0.0569624,-0.031932,5.89482e-05
144.371,0.0569445,-0.0319317,5.8944e-05
144.371,0.0569266,-0.0319314,5.89398e-05
144.372,0.0569087,-0.0319312,5.89357e-05
144.373,0.0568909,-0.0319309,5.89315e-05
144.373,0.056873,-0.0319306,5.89274e-05
144.374,0.0568552,-0.0319303,5.89232e-05
144.374,0.0568373,-0.03193,5.89191e-05
144.375,0.0568195,-0.0319297,5.89149e-05
144.375,0.0568016,-0.0319295,5.89107e-05
144.376,0.0567838,-0.0319292,5.89066e-05
144.377,0.056766,-0.0319289,5.89024e-05
144.377,0.0567481,-0.0319286,5.88983e-05
144.378,0.0567303,-0.0319283,5.88941e-05
144.378,0.0567125,-0.031928,5.889e-05
144.379,0.0566947,-0.0319278,5.88858e-05
144.379,0.0566769,-0.0319275,5.88816e-05
144.38,0.0566591,-0.0319272,5.88775e-05
144.38,0.0566413,-0.0319269,5.88733e-05
144.381,0.0566235,-0.0319266,5.88692e-05
144.382,0.0566058,-0.0319263,5.8865e-05
144.382,0.056588,-0.031926,5.88609e-05
144.383,0.0565702,-0.0319258,5.88567e-05
144.383,0.0565524,-0.0319255,5.88526e-05
144.384,0.0565347,-0.0319252,5.88484e-05
144.384,0.0565169,-0.0319249,5.88443e-05
144.385,0.0564992,-0.0319246,5.88401e-05
144.385,0.0564814,-0.0319243,5.8836e-05
144.386,0.0564637,-0.031924,5.88318e-05
144.387,0.056446,-0.0319238,5.88277e-05
144.387,0.0564283,-0.0319235,5.88235e-05
144.388,0.0564105,-0.0319232,5.88194e-05
144.388,0.0563928,-0.0319229,5.88152e-05
144.389,0.0563751,-0.0319226,5.88111e-05
144.389,0.0563574,-0.0319223,5.88069e-05
144.39,0.0563397,-0.031922,5.88028e-05
144.39,0.056322,-0.0319217,5.87986e-05
144.391,0.0563043,-0.0319215,5.87945e-05
144.392,0.0562867,-0.0319212,5.87903e-05
144.392,0.056269,-0.0319209,5.87862e-05
144.393,0.0562513,-0.0319206,5.8782e-05
144.393,0.0562336,-0.0319203,5.87779e-05
144.394,0.056216,-0.03192,5.87737e-05
144.394,0.0561983,-0.0319197,5.87696e-05
144.395,0.0561807,-0.0319194,5.87654e-05
144.395,0.056163,-0.0319192,5.87613e-05
144.396,0.0561454,-0.0319189,5.87572e-05
144.396,0.0561278,-0.0319186,5.8753e-05
144.397,0.0561101,-0.0319183,5.87489e-05
144.398,0.0560925,-0.031918,5.87447e-05
144.398,0.0560749,-0.0319177,5.87406e-05
144.399,0.0560573,-0.0319174,5.87364e-05
144.399,0.0560397,-0.0319171,5.87323e-05
144.4,0.0560221,-0.0319168,5.87282e-05
144.4,0.0560045,-0.0319165,5.8724e-05
144.401,0.0559869,-0.0319163,5.87199e-05
144.401,0.0559693,-0.031916,5.87157e-05
144.402,0.0559517,-0.0319157,5.87116e-05
144.403,0.0559342,-0.0319154,5.87075e-05
144.403,0.0559166,-0.0319151,5.87033e-05
144.404,0.055899,-0.0319148,5.86992e-05
144.404,0.0558815,-0.0319145,5.8695e-05
144.405,0.0558639,-0.0319142,5.86909e-05
144.405,0.0558464,-0.0319139,5.86868e-05
144.406,0.0558288,-0.0319136,5.86826e-05
144.406,0.0558113,-0.0319133,5.86785e-05
144.407,0.0557938,-0.0319131,5.86744e-05
144.408,0.0557762,-0.0319128,5.86702e-05
144.408,0.0557587,-0.0319125,5.86661e-05
144.409,0.0557412,-0.0319122,5.86619e-05
144.409,0.0557237,-0.0319119,5.86578e-05
144.41,0.0557062,-0.0319116,5.86537e-05
144.41,0.0556887,-0.0319113,5.86495e-05
144.411,0.0556712,-0.031911,5.86454e-05
144.411,0.0556537,-0.0319107,5.86413e-05
144.412,0.0556362,-0.0319104,5.86371e-05
144.412,0.0556188,-0.0319101,5.8633e-05
144.413,0.0556013,-0.0319098,5.86289e-05
144.414,0.0555838,-0.0319095,5.86247e-05
144.414,0.0555664,-0.0319092,5.86206e-05
144.415,0.0555489,-0.0319089,5.86165e-05
144.415,0.0555315,-0.0319087,5.86124e-05
144.416,0.055514,-0.0319084,5.86082e-05
144.416,0.0554966,-0.0319081,5.86041e-05
144.417,0.0554791,-0.0319078,5.86e-05
144.417,0.0554617,-0.0319075,5.85958e-05
144.418,0.0554443,-0.0319072,5.85917e-05
144.418,0.0554269,-0.0319069,5.85876e-05
144.419,0.0554095,-0.0319066,5.85834e-05
144.42,0.0553921,-0.0319063,5.85793e-05
144.42,0.0553747,-0.031906,5.85752e-05
144.421,0.0553573,-0.0319057,5.85711e-05
144.421,0.0553399,-0.0319054,5.85669e-05
144.422,0.0553225,-0.0319051,5.85628e-05
144.422,0.0553051,-0.0319048,5.85587e-05
144.423,0.0552877,-0.0319045,5.85546e-05
144.423,0.0552704,-0.0319042,5.85504e-05
144.424,0.055253,-0.0319039,5.85463e-05
144.424,0.0552356,-0.0319036,5.85422e-05
144.425,0.0552183,-0.0319033,5.85381e-05
144.426,0.0552009,-0.031903,5.85339e-05
144.426,0.0551836,-0.0319027,5.85298e-05
144.427,0.0551662,-0.0319024,5.85257e-05
144.427,0.0551489,-0.0319021,5.85216e-05
144.428,0.0551316,-0.0319018,5.85174e-05
144.428,0.0551143,-0.0319015,5.85133e-05
144.429,0.055097,-0.0319012,5.85092e-05
144.429,0.0550796,-0.031901,5.85051e-05
144.43,0.0550623,-0.0319007,5.8501e-05
144.43,0.055045,-0.0319004,5.84968e-05
144.431,0.0550277,-0.0319001,5.84927e-05
144.432,0.0550104,-0.0318998,5.84886e-05
144.432,0.0549932,-0.0318995,5.84845e-05
144.433,0.0549759,-0.0318992,5.84804e-05
144.433,0.0549586,-0.0318989,5.84762e-05
144.434,0.0549413,-0.0318986,5.84721e-05
144.434,0.0549241,-0.0318983,5.8468e-05
144.435,0.0549068,-0.031898,5.84639e-05
144.435,0.0548896,-0.0318977,5.84598e-05
144.436,0.0548723,-0.0318974,5.84556e-05
144.436,0.0548551,-0.0318971,5.84515e-05
144.437,0.0548378,-0.0318968,5.84474e-05
144.437,0.0548206,-0.0318965,5.84433e-05
144.438,0.0548034,-0.0318962,5.84392e-05
144.439,0.0547862,-0.0318959,5.84351e-05
144.439,0.0547689,-0.0318956,5.84309e-05
144.44,0.0547517,-0.0318953,5.84268e-05
144.44,0.0547345,-0.031895,5.84227e-05
144.441,0.0547173,-0.0318947,5.84186e-05
144.441,0.0547001,-0.0318944,5.84145e-05
144.442,0.0546829,-0.0318941,5.84104e-05
144.442,0.0546657,-0.0318937,5.84063e-05
144.443,0.0546486,-0.0318934,5.84022e-05
144.443,0.0546314,-0.0318931,5.8398e-05
144.444,0.0546142,-0.0318928,5.83939e-05
144.444,0.0545971,-0.0318925,5.83898e-05
144.445,0.0545799,-0.0318922,5.83857e-05
144.446,0.0545627,-0.0318919,5.83816e-05
144.446,0.0545456,-0.0318916,5.83775e-05
144.447,0.0545285,-0.0318913,5.83734e-05
144.447,0.0545113,-0.031891,5.83693e-05
144.448,0.0544942,-0.0318907,5.83652e-05
144.448,0.0544771,-0.0318904,5.8361e-05
144.449,0.0544599,-0.0318901,5.83569e-05
144.449,0.0544428,-0.0318898,5.83528e-05
144.45,0.0544257,-0.0318895,5.83487e-05
144.45,0.0544086,-0.0318892,5.83446e-05
144.451,0.0543915,-0.0318889,5.83405e-05
144.451,0.0543744,-0.0318886,5.83364e-05
144.452,0.0543573,-0.0318883,5.83323e-05
144.453,0.0543402,-0.031888,5.83282e-05
144.453,0.0543232,-0.0318877,5.83241e-05
144.454,0.0543061,-0.0318874,5.832e-05
144.454,0.054289,-0.0318871,5.83159e-05
144.455,0.0542719,-0.0318868,5.83118e-05
144.455,0.0542549,-0.0318865,5.83077e-05
144.456,0.0542378,-0.0318862,5.83036e-05
144.456,0.0542208,-0.0318858,5.82995e-05
144.457,0.0542037,-0.0318855,5.82954e-05
144.457,0.0541867,-0.0318852,5.82913e-05
144.458,0.0541697,-0.0318849,5.82872e-05
144.458,0.0541526,-0.0318846,5.8283e-05
144.459,0.0541356,-0.0318843,5.82789e-05
144.459,0.0541186,-0.031884,5.82748e-05
144.46,0.0541016,-0.0318837,5.82707e-05
144.461,0.0540846,-0.0318834,5.82666e-05
144.461,0.0540676,-0.0318831,5.82625e-05
144.462,0.0540506,-0.0318828,5.82584e-05
144.462,0.0540336,-0.0318825,5.82543e-05
144.463,0.0540166,-0.0318822,5.82502e-05
144.463,0.0539996,-0.0318819,5.82461e-05
144.464,0.0539826,-0.0318815,5.8242e-05
144.464,0.0539657,-0.0318812,5.8238e-05
144.465,0.0539487,-0.0318809,5.82339e-05
144.465,0.0539317,-0.0318806,5.82298e-05
144.466,0.0539148,-0.0318803,5.82257e-05
144.466,0.0538978,-0.03188,5.82216e-05
144.467,0.0538809,-0.0318797,5.82175e-05
144.467,0.0538639,-0.0318794,5.82134e-05
144.468,0.053847,-0.0318791,5.82093e-05
144.469,0.0538301,-0.0318788,5.82052e-05
144.469,0.0538132,-0.0318785,5.82011e-05
144.47,0.0537962,-0.0318781,5.8197e-05
144.47,0.0537793,-0.0318778,5.81929e-05
144.471,0.0537624,-0.0318775,5.81888e-05
144.471,0.0537455,-0.0318772,5.81847e-05
144.472,0.0537286,-0.0318769,5.81806e-05
144.472,0.0537117,-0.0318766,5.81765e-05
144.473,0.0536948,-0.0318763,5.81724e-05
144.473,0.0536779,-0.031876,5.81683e-05
144.474,0.0536611,-0.0318757,5.81642e-05
144.474,0.0536442,-0.0318753,5.81602e-05
144.475,0.0536273,-0.031875,5.81561e-05
144.475,0.0536105,-0.0318747,5.8152e-05
144.476,0.0535936,-0.0318744,5.81479e-05
144.476,0.0535768,-0.0318741,5.81438e-05
144.477,0.0535599,-0.0318738,5.81397e-05
144.478,0.0535431,-0.0318735,5.81356e-05
144.478,0.0535262,-0.0318732,5.81315e-05
144.479,0.0535094,-0.0318729,5.81274e-05
144.479,0.0534926,-0.0318725,5.81234e-05
144.48,0.0534757,-0.0318722,5.81193e-05
144.48,0.0534589,-0.0318719,5.81152e-05
144.481,0.0534421,-0.0318716,5.81111e-05
144.481,0.0534253,-0.0318713,5.8107e-05
144.482,0.0534085,-0.031871,5.81029e-05
144.482,0.0533917,-0.0318707,5.80988e-05
144.483,0.0533749,-0.0318703,5.80947e-05
144.483,0.0533581,-0.03187,5.80907e-05
144.484,0.0533414,-0.0318697,5.80866e-05
144.484,0.0533246,-0.0318694,5.80825e-05
144.485,0.0533078,-0.0318691,5.80784e-05
144.485,0.053291,-0.0318688,5.80743e-05
144.486,0.0532743,-0.0318685,5.80702e-05
144.486,0.0532575,-0.0318681,5.80662e-05
144.487,0.0532408,-0.0318678,5.80621e-05
144.488,0.053224,-0.0318675,5.8058e-05
144.488,0.0532073,-0.0318672,5.80539e-05
144.489,0.0531906,-0.0318669,5.80498e-05
144.489,0.0531738,-0.0318666,5.80457e-05
144.49,0.0531571,-0.0318662,5.80417e-05
144.49,0.0531404,-0.0318659,5.80376e-05
144.491,0.0531237,-0.0318656,5.80335e-05
144.491,0.053107,-0.0318653,5.80294e-05
144.492,0.0530902,-0.031865,5.80253e-05
144.492,0.0530735,-0.0318647,5.80213e-05
144.493,0.0530569,-0.0318643,5.80172e-05
144.493,0.0530402,-0.031864,5.80131e-05
144.494,0.0530235,-0.0318637,5.8009e-05
144.494,0.0530068,-0.0318634,5.8005e-05
144.495,0.0529901,-0.0318631,5.80009e-05
144.495,0.0529735,-0.0318628,5.79968e-05
144.496,0.0529568,-0.0318624,5.79927e-05
144.496,0.0529401,-0.0318621,5.79886e-05
144.497,0.0529235,-0.0318618,5.79846e-05
144.497,0.0529068,-0.0318615,5.79805e-05
144.498,0.0528902,-0.0318612,5.79764e-05
144.499,0.0528735,-0.0318608,5.79723e-05
144.499,0.0528569,-0.0318605,5.79683e-05
144.5,0.0528403,-0.0318602,5.79642e-05
144.5,0.0528237,-0.0318599,5.79601e-05
144.501,0.052807,-0.0318596,5.7956e-05
144.501,0.0527904,-0.0318592,5.7952e-05
144.502,0.0527738,-0.0318589,5.79479e-05
144.502,0.0527572,-0.0318586,5.79438e-05
144.503,0.0527406,-0.0318583,5.79398e-05
144.503,0.052724,-0.031858,5.79357e-05
144.504,0.0527074,-0.0318576,5.79316e-05
144.504,0.0526909,-0.0318573,5.79275e-05
144.505,0.0526743,-0.031857,5.79235e-05
144.505,0.0526577,-0.0318567,5.79194e-05
144.506,0.0526411,-0.0318564,5.79153e-05
144.506,0.0526246,-0.031856,5.79113e-05
144.507,0.052608,-0.0318557,5.79072e-05
144.507,0.0525915,-0.0318554,5.79031e-05
144.508,0.0525749,-0.0318551,5.78991e-05
144.508,0.0525584,-0.0318548,5.7895e-05
144.509,0.0525418,-0.0318544,5.78909e-05
144.509,0.0525253,-0.0318541,5.78868e-05
144.51,0.0525088,-0.0318538,5.78828e-05
144.511,0.0524922,-0.0318535,5.78787e-05
144.511,0.0524757,-0.0318531,5.78746e-05
144.512,0.0524592,-0.0318528,5.78706e-05
144.512,0.0524427,-0.0318525,5.78665e-05
144.513,0.0524262,-0.0318522,5.78624e-05
144.513,0.0524097,-0.0318518,5.78584e-05
144.514,0.0523932,-0.0318515,5.78543e-05
144.514,0.0523767,-0.0318512,5.78503e-05
144.515,0.0523602,-0.0318509,5.78462e-05
144.515,0.0523438,-0.0318505,5.78421e-05
144.516,0.0523273,-0.0318502,5.78381e-05
144.516,0.0523108,-0.0318499,5.7834e-05
144.517,0.0522944,-0.0318496,5.78299e-05
144.517,0.0522779,-0.0318492,5.78259e-05
144.518,0.0522614,-0.0318489,5.78218e-05
144.518,0.052245,-0.0318486,5.78178e-05
144.519,0.0522286,-0.0318483,5.78137e-05
144.519,0.0522121,-0.0318479,5.78096e-05
144.52,0.0521957,-0.0318476,5.78056e-05
144.52,0.0521793,-0.0318473,5.78015e-05
144.521,0.0521628,-0.031847,5.77974e-05
144.521,0.0521464,-0.0318466,5.77934e-05
144.522,0.05213,-0.0318463,5.77893e-05
144.522,0.0521136,-0.031846,5.77853e-05
144.523,0.0520972,-0.0318457,5.77812e-05
144.523,0.0520808,-0.0318453,5.77772e-05
144.524,0.0520644,-0.031845,5.77731e-05
144.524,0.052048,-0.0318447,5.7769e-05
144.525,0.0520316,-0.0318444,5.7765e-05
144.525,0.0520152,-0.031844,5.77609e-05
144.526,0.0519989,-0.0318437,5.77569e-05
144.527,0.0519825,-0.0318434,5.77528e-05
144.527,0.0519661,-0.031843,5.77488e-05
144.528,0.0519498,-0.0318427,5.77447e-05
144.528,0.0519334,-0.0318424,5.77406e-05
144.529,0.0519171,-0.0318421,5.77366e-05
144.529,0.0519007,-0.0318417,5.77325e-05
144.53,0.0518844,-0.0318414,5.77285e-05
144.53,0.0518681,-0.0318411,5.77244e-05
144.531,0.0518517,-0.0318407,5.77204e-05
144.531,0.0518354,-0.0318404,5.77163e-05
144.532,0.0518191,-0.0318401,5.77123e-05
144.532,0.0518028,-0.0318397,5.77082e-05
144.533,0.0517865,-0.0318394,5.77042e-05
144.533,0.0517702,-0.0318391,5.77001e-05
144.534,0.0517539,-0.0318388,5.76961e-05
144.534,0.0517376,-0.0318384,5.7692e-05
144.535,0.0517213,-0.0318381,5.7688e-05
144.535,0.051705,-0.0318378,5.76839e-05
144.536,0.0516887,-0.0318374,5.76799e-05
144.536,0.0516724,-0.0318371,5.76758e-05
144.537,0.0516562,-0.0318368,5.76718e-05
144.537,0.0516399,-0.0318364,5.76677e-05
144.538,0.0516236,-0.0318361,5.76637e-05
144.538,0.0516074,-0.0318358,5.76596e-05
144.539,0.0515911,-0.0318354,5.76556e-05
144.539,0.0515749,-0.0318351,5.76515e-05
144.54,0.0515587,-0.0318348,5.76475e-05
144.54,0.0515424,-0.0318344,5.76434e-05
144.541,0.0515262,-0.0318341,5.76394e-05
144.541,0.05151,-0.0318338,5.76353e-05
144.542,0.0514937,-0.0318334,5.76313e-05
144.542,0.0514775,-0.0318331,5.76272e-05
144.543,0.0514613,-0.0318328,5.76232e-05
144.543,0.0514451,-0.0318324,5.76191e-05
144.544,0.0514289,-0.0318321,5.76151e-05
144.544,0.0514127,-0.0318318,5.76111e-05
144.545,0.0513965,-0.0318314,5.7607e-05
144.545,0.0513803,-0.0318311,5.7603e-05
144.546,0.0513642,-0.0318308,5.75989e-05
144.546,0.051348,-0.0318304,5.75949e-05
144.547,0.0513318,-0.0318301,5.75908e-05
144.547,0.0513156,-0.0318298,5.75868e-05
144.548,0.0512995,-0.0318294,5.75828e-05
144.548,0.0512833,-0.0318291,5.75787e-05
144.549,0.0512672,-0.0318288,5.75747e-05
144.549,0.051251,-0.0318284,5.75706e-05
144.55,0.0512349,-0.0318281,5.75666e-05
144.551,0.0512187,-0.0318277,5.75626e-05
144.551,0.0512026,-0.0318274,5.75585e-05
144.552,0.0511865,-0.0318271,5.75545e-05
144.552,0.0511704,-0.0318267,5.75504e-05
144.553,0.0511542,-0.0318264,5.75464e-05
144.553,0.0511381,-0.0318261,5.75424e-05
144.554,0.051122,-0.0318257,5.75383e-05
144.554,0.0511059,-0.0318254,5.75343e-05
144.555,0.0510898,-0.031825,5.75302e-05
144.555,0.0510737,-0.0318247,5.75262e-05
144.556,0.0510576,-0.0318244,5.75222e-05
144.556,0.0510415,-0.031824,5.75181e-05
144.557,0.0510255,-0.0318237,5.75141e-05
144.557,0.0510094,-0.0318234,5.75101e-05
144.558,0.0509933,-0.031823,5.7506e-05
144.558,0.0509773,-0.0318227,5.7502e-05
144.559,0.0509612,-0.0318223,5.7498e-05
144.559,0.0509451,-0.031822,5.74939e-05
144.56,0.0509291,-0.0318217,5.74899e-05
144.56,0.0509131,-0.0318213,5.74859e-05
144.561,0.050897,-0.031821,5.74818e-05
144.561,0.050881,-0.0318206,5.74778e-05
144.562,0.0508649,-0.0318203,5.74738e-05
144.562,0.0508489,-0.03182,5.74697e-05
144.563,0.0508329,-0.0318196,5.74657e-05
144.563,0.0508169,-0.0318193,5.74617e-05
144.564,0.0508009,-0.0318189,5.74576e-05
144.564,0.0507849,-0.0318186,5.74536e-05
144.565,0.0507689,-0.0318182,5.74496e-05
144.565,0.0507529,-0.0318179,5.74455e-05
144.566,0.0507369,-0.0318176,5.74415e-05
144.566,0.0507209,-0.0318172,5.74375e-05
144.567,0.0507049,-0.0318169,5.74335e-05
144.567,0.0506889,-0.0318165,5.74294e-05
144.568,0.050673,-0.0318162,5.74254e-05
144.568,0.050657,-0.0318159,5.74214e-05
144.569,0.050641,-0.0318155,5.74173e-05
144.569,0.0506251,-0.0318152,5.74133e-05
144.57,0.0506091,-0.0318148,5.74093e-05
144.57,0.0505932,-0.0318145,5.74053e-05
144.571,0.0505772,-0.0318141,5.74012e-05
144.571,0.0505613,-0.0318138,5.73972e-05
144.572,0.0505453,-0.0318134,5.73932e-05
144.572,0.0505294,-0.0318131,5.73892e-05
144.573,0.0505135,-0.0318128,5.73851e-05
144.573,0.0504976,-0.0318124,5.73811e-05
144.574,0.0504817,-0.0318121,5.73771e-05
144.574,0.0504657,-0.0318117,5.73731e-05
144.575,0.0504498,-0.0318114,5.7369e-05
144.575,0.0504339,-0.031811,5.7365e-05
144.576,0.050418,-0.0318107,5.7361e-05
144.576,0.0504021,-0.0318103,5.7357e-05
144.577,0.0503863,-0.03181,5.73529e-05
144.577,0.0503704,-0.0318097,5.73489e-05
144.578,0.0503545,-0.0318093,5.73449e-05
144.578,0.0503386,-0.031809,5.73409e-05
144.579,0.0503228,-0.0318086,5.73368e-05
144.579,0.0503069,-0.0318083,5.73328e-05
144.58,0.050291,-0.0318079,5.73288e-05
144.58,0.0502752,-0.0318076,5.73248e-05
144.581,0.0502593,-0.0318072,5.73208e-05
144.581,0.0502435,-0.0318069,5.73167e-05
144.582,0.0502277,-0.0318065,5.73127e-05
144.582,0.0502118,-0.0318062,5.73087e-05
144.583,0.050196,-0.0318058,5.73047e-05
144.583,0.0501802,-0.0318055,5.73007e-05
144.584,0.0501644,-0.0318051,5.72967e-05
144.584,0.0501485,-0.0318048,5.72926e-05
144.585,0.0501327,-0.0318044,5.72886e-05
144.585,0.0501169,-0.0318041,5.72846e-05
144.586,0.0501011,-0.0318037,5.72806e-05
144.586,0.0500853,-0.0318034,5.72766e-05
144.587,0.0500695,-0.031803,5.72726e-05
144.587,0.0500538,-0.0318027,5.72685e-05
144.588,0.050038,-0.0318023,5.72645e-05
144.588,0.0500222,-0.031802,5.72605e-05
144.589,0.0500064,-0.0318016,5.72565e-05
144.589,0.0499907,-0.0318013,5.72525e-05
144.59,0.0499749,-0.0318009,5.72485e-05
144.59,0.0499591,-0.0318006,5.72445e-05
144.591,0.0499434,-0.0318002,5.72404e-05
144.591,0.0499276,-0.0317999,5.72364e-05
144.592,0.0499119,-0.0317995,5.72324e-05
144.592,0.0498962,-0.0317992,5.72284e-05
144.593,0.0498804,-0.0317988,5.72244e-05
144.593,0.0498647,-0.0317985,5.72204e-05
144.594,0.049849,-0.0317981,5.72164e-05
144.594,0.0498332,-0.0317978,5.72124e-05
144.595,0.0498175,-0.0317974,5.72083e-05
144.595,0.0498018,-0.0317971,5.72043e-05
144.596,0.0497861,-0.0317967,5.72003e-05
144.596,0.0497704,-0.0317964,5.71963e-05
144.597,0.0497547,-0.031796,5.71923e-05
144.597,0.049739,-0.0317957,5.71883e-05
144.598,0.0497233,-0.0317953,5.71843e-05
144.598,0.0497077,-0.0317949,5.71803e-05
144.599,0.049692,-0.0317946,5.71763e-05
144.599,0.0496763,-0.0317942,5.71723e-05
144.599,0.0496606,-0.0317939,5.71683e-05
144.6,0.049645,-0.0317935,5.71643e-05
144.6,0.0496293,-0.0317932,5.71602e-05
144.601,0.0496137,-0.0317928,5.71562e-05
144.601,0.049598,-0.0317925,5.71522e-05
144.602,0.0495824,-0.0317921,5.71482e-05
144.602,0.0495667,-0.0317918,5.71442e-05
144.603,0.0495511,-0.0317914,5.71402e-05
144.603,0.0495355,-0.031791,5.71362e-05
144.604,0.0495198,-0.0317907,5.71322e-05
144.604,0.0495042,-0.0317903,5.71282e-05
144.605,0.0494886,-0.03179,5.71242e-05
144.605,0.049473,-0.0317896,5.71202e-05
144.606,0.0494574,-0.0317893,5.71162e-05
144.606,0.0494418,-0.0317889,5.71122e-05
144.607,0.0494262,-0.0317885,5.71082e-05
144.607,0.0494106,-0.0317882,5.71042e-05
144.608,0.049395,-0.0317878,5.71002e-05
144.608,0.0493794,-0.0317875,5.70962e-05
144.609,0.0493638,-0.0317871,5.70922e-05
144.609,0.0493483,-0.0317868,5.70882e-05
144.61,0.0493327,-0.0317864,5.70842e-05
144.61,0.0493171,-0.031786,5.70802e-05
144.611,0.0493016,-0.0317857,5.70762e-05
144.611,0.049286,-0.0317853,5.70722e-05
144.612,0.0492705,-0.031785,5.70682e-05
144.612,0.0492549,-0.0317846,5.70642e-05
144.613,0.0492394,-0.0317842,5.70602e-05
144.613,0.0492238,-0.0317839,5.70562e-05
144.614,0.0492083,-0.0317835,5.70522e-05
144.614,0.0491928,-0.0317832,5.70482e-05
144.615,0.0491773,-0.0317828,5.70442e-05
144.615,0.0491617,-0.0317824,5.70402e-05
144.616,0.0491462,-0.0317821,5.70362e-05
144.616,0.0491307,-0.0317817,5.70322e-05
144.617,0.0491152,-0.0317814,5.70282e-05
144.617,0.0490997,-0.031781,5.70242e-05
144.618,0.0490842,-0.0317806,5.70202e-05
144.618,0.0490687,-0.0317803,5.70162e-05
144.619,0.0490532,-0.0317799,5.70122e-05
144.619,0.0490378,-0.0317795,5.70082e-05
144.62,0.0490223,-0.0317792,5.70042e-05
144.62,0.0490068,-0.0317788,5.70003e-05
144.621,0.0489914,-0.0317785,5.69963e-05
144.621,0.0489759,-0.0317781,5.69923e-05
144.622,0.0489604,-0.0317777,5.69883e-05
144.622,0.048945,-0.0317774,5.69843e-05
144.622,0.0489295,-0.031777,5.69803e-05
144.623,0.0489141,-0.0317766,5.69763e-05
144.623,0.0488986,-0.0317763,5.69723e-05
144.624,0.0488832,-0.0317759,5.69683e-05
144.624,0.0488678,-0.0317756,5.69643e-05
144.625,0.0488524,-0.0317752,5.69603e-05
144.625,0.0488369,-0.0317748,5.69563e-05
144.626,0.0488215,-0.0317745,5.69524e-05
144.626,0.0488061,-0.0317741,5.69484e-05
144.627,0.0487907,-0.0317737,5.69444e-05
144.627,0.0487753,-0.0317734,5.69404e-05
144.628,0.0487599,-0.031773,5.69364e-05
144.628,0.0487445,-0.0317726,5.69324e-05
144.629,0.0487291,-0.0317723,5.69284e-05
144.629,0.0487137,-0.0317719,5.69244e-05
144.63,0.0486984,-0.0317715,5.69204e-05
144.63,0.048683,-0.0317712,5.69165e-05
144.631,0.0486676,-0.0317708,5.69125e-05
144.631,0.0486523,-0.0317704,5.69085e-05
144.632,0.0486369,-0.0317701,5.69045e-05
144.632,0.0486215,-0.0317697,5.69005e-05
144.633,0.0486062,-0.0317693,5.68965e-05
144.633,0.0485908,-0.031769,5.68926e-05
144.634,0.0485755,-0.0317686,5.68886e-05
144.634,0.0485602,-0.0317682,5.68846e-05
144.635,0.0485448,-0.0317679,5.68806e-05
144.635,0.0485295,-0.0317675,5.68766e-05
144.636,0.0485142,-0.0317671,5.68726e-05
144.636,0.0484989,-0.0317667,5.68686e-05
144.637,0.0484835,-0.0317664,5.68647e-05
144.637,0.0484682,-0.031766,5.68607e-05
144.637,0.0484529,-0.0317656,5.68567e-05
144.638,0.0484376,-0.0317653,5.68527e-05
144.638,0.0484223,-0.0317649,5.68487e-05
144.639,0.048407,-0.0317645,5.68448e-05
144.639,0.0483917,-0.0317642,5.68408e-05
144.64,0.0483765,-0.0317638,5.68368e-05
144.64,0.0483612,-0.0317634,5.68328e-05
144.641,0.0483459,-0.031763,5.68288e-05
144.641,0.0483306,-0.0317627,5.68249e-05
144.642,0.0483154,-0.0317623,5.68209e-05
144.642,0.0483001,-0.0317619,5.68169e-05
144.643,0.0482849,-0.0317616,5.68129e-05
144.643,0.0482696,-0.0317612,5.68089e-05
144.644,0.0482544,-0.0317608,5.6805e-05
144.644,0.0482391,-0.0317604,5.6801e-05
144.645,0.0482239,-0.0317601,5.6797e-05
144.645,0.0482087,-0.0317597,5.6793e-05
144.646,0.0481934,-0.0317593,5.67891e-05
144.646,0.0481782,-0.031759,5.67851e-05
144.647,0.048163,-0.0317586,5.67811e-05
144.647,0.0481478,-0.0317582,5.67771e-05
144.648,0.0481326,-0.0317578,5.67732e-05
144.648,0.0481174,-0.0317575,5.67692e-05
144.649,0.0481022,-0.0317571,5.67652e-05
144.649,0.048087,-0.0317567,5.67612e-05
144.649,0.0480718,-0.0317563,5.67573e-05
144.65,0.0480566,-0.031756,5.67533e-05
144.65,0.0480414,-0.0317556,5.67493e-05
144.651,0.0480262,-0.0317552,5.67453e-05
144.651,0.048011,-0.0317548,5.67414e-05
144.652,0.0479959,-0.0317545,5.67374e-05
144.652,0.0479807,-0.0317541,5.67334e-05
144.653,0.0479656,-0.0317537,5.67295e-05
144.653,0.0479504,-0.0317533,5.67255e-05
144.654,0.0479353,-0.031753,5.67215e-05
144.654,0.0479201,-0.0317526,5.67175e-05
144.655,0.047905,-0.0317522,5.67136e-05
144.655,0.0478898,-0.0317518,5.67096e-05
144.656,0.0478747,-0.0317514,5.67056e-05
144.656,0.0478596,-0.0317511,5.67017e-05
144.657,0.0478444,-0.0317507,5.66977e-05
144.657,0.0478293,-0.0317503,5.66937e-05
144.658,0.0478142,-0.0317499,5.66898e-05
144.658,0.0477991,-0.0317496,5.66858e-05
144.659,0.047784,-0.0317492,5.66818e-05
144.659,0.0477689,-0.0317488,5.66779e-05
144.66,0.0477538,-0.0317484,5.66739e-05
144.66,0.0477387,-0.031748,5.66699e-05
144.66,0.0477236,-0.0317477,5.6666e-05
144.661,0.0477085,-0.0317473,5.6662e-05
144.661,0.0476935,-0.0317469,5.6658e-05
144.662,0.0476784,-0.0317465,5.66541e-05
144.662,0.0476633,-0.0317461,5.66501e-05
144.663,0.0476482,-0.0317458,5.66461e-05
144.663,0.0476332,-0.0317454,5.66422e-05
144.664,0.0476181,-0.031745,5.66382e-05
144.664,0.0476031,-0.0317446,5.66342e-05
144.665,0.047588,-0.0317442,5.66303e-05
144.665,0.047573,-0.0317439,5.66263e-05
144.666,0.047558,-0.0317435,5.66223e-05
144.666,0.0475429,-0.0317431,5.66184e-05
144.667,0.0475279,-0.0317427,5.66144e-05
144.667,0.0475129,-0.0317423,5.66105e-05
144.668,0.0474978,-0.0317419,5.66065e-05
144.668,0.0474828,-0.0317416,5.66025e-05
144.669,0.0474678,-0.0317412,5.65986e-05
144.669,0.0474528,-0.0317408,5.65946e-05
144.669,0.0474378,-0.0317404,5.65906e-05
144.67,0.0474228,-0.03174,5.65867e-05
144.67,0.0474078,-0.0317396,5.65827e-05
144.671,0.0473928,-0.0317393,5.65788e-05
144.671,0.0473779,-0.0317389,5.65748e-05
144.672,0.0473629,-0.0317385,5.65709e-05
144.672,0.0473479,-0.0317381,5.65669e-05
144.673,0.0473329,-0.0317377,5.65629e-05
144.673,0.047318,-0.0317373,5.6559e-05
144.674,0.047303,-0.031737,5.6555e-05
144.674,0.047288,-0.0317366,5.65511e-05
144.675,0.0472731,-0.0317362,5.65471e-05
144.675,0.0472581,-0.0317358,5.65431e-05
144.676,0.0472432,-0.0317354,5.65392e-05
144.676,0.0472283,-0.031735,5.65352e-05
144.677,0.0472133,-0.0317346,5.65313e-05
144.677,0.0471984,-0.0317343,5.65273e-05
144.677,0.0471835,-0.0317339,5.65234e-05
144.678,0.0471685,-0.0317335,5.65194e-05
144.678,0.0471536,-0.0317331,5.65155e-05
144.679,0.0471387,-0.0317327,5.65115e-05
144.679,0.0471238,-0.0317323,5.65076e-05
144.68,0.0471089,-0.0317319,5.65036e-05
144.68,0.047094,-0.0317315,5.64996e-05
144.681,0.0470791,-0.0317312,5.64957e-05
144.681,0.0470642,-0.0317308,5.64917e-05
144.682,0.0470493,-0.0317304,5.64878e-05
144.682,0.0470345,-0.03173,5.64838e-05
144.683,0.0470196,-0.0317296,5.64799e-05
144.683,0.0470047,-0.0317292,5.64759e-05
144.684,0.0469898,-0.0317288,5.6472e-05
144.684,0.046975,-0.0317284,5.6468e-05
144.685,0.0469601,-0.031728,5.64641e-05
144.685,0.0469453,-0.0317277,5.64601e-05
144.685,0.0469304,-0.0317273,5.64562e-05
144.686,0.0469156,-0.0317269,5.64522e-05
144.686,0.0469007,-0.0317265,5.64483e-05
144.687,0.0468859,-0.0317261,5.64443e-05
144.687,0.046871,-0.0317257,5.64404e-05
144.688,0.0468562,-0.0317253,5.64364e-05
144.688,0.0468414,-0.0317249,5.64325e-05
144.689,0.0468266,-0.0317245,5.64285e-05
144.689,0.0468118,-0.0317241,5.64246e-05
144.69,0.0467969,-0.0317237,5.64206e-05
144.69,0.0467821,-0.0317233,5.64167e-05
144.691,0.0467673,-0.031723,5.64128e-05
144.691,0.0467525,-0.0317226,5.64088e-05
144.692,0.0467378,-0.0317222,5.64049e-05
144.692,0.046723,-0.0317218,5.64009e-05
144.692,0.0467082,-0.0317214,5.6397e-05
144.693,0.0466934,-0.031721,5.6393e-05
144.693,0.0466786,-0.0317206,5.63891e-05
144.694,0.0466639,-0.0317202,5.63851e-05
144.694,0.0466491,-0.0317198,5.63812e-05
144.695,0.0466343,-0.0317194,5.63773e-05
144.695,0.0466196,-0.031719,5.63733e-05
144.696,0.0466048,-0.0317186,5.63694e-05
144.696,0.0465901,-0.0317182,5.63654e-05
144.697,0.0465753,-0.0317178,5.63615e-05
144.697,0.0465606,-0.0317174,5.63575e-05
144.698,0.0465458,-0.031717,5.63536e-05
144.698,0.0465311,-0.0317166,5.63497e-05
144.699,0.0465164,-0.0317162,5.63457e-05
144.699,0.0465017,-0.0317159,5.63418e-05
144.699,0.0464869,-0.0317155,5.63378e-05
144.7,0.0464722,-0.0317151,5.63339e-05
144.7,0.0464575,-0.0317147,5.633e-05
144.701,0.0464428,-0.0317143,5.6326e-05
144.701,0.0464281,-0.0317139,5.63221e-05
144.702,0.0464134,-0.0317135,5.63181e-05
144.702,0.0463987,-0.0317131,5.63142e-05
144.703,0.046384,-0.0317127,5.63103e-05
144.703,0.0463694,-0.0317123,5.63063e-05
144.704,0.0463547,-0.0317119,5.63024e-05
144.704,0.04634,-0.0317115,5.62984e-05
144.705,0.0463253,-0.0317111,5.62945e-05
144.705,0.0463107,-0.0317107,5.62906e-05
144.705,0.046296,-0.0317103,5.62866e-05
144.706,0.0462813,-0.0317099,5.62827e-05
144.706,0.0462667,-0.0317095,5.62788e-05
144.707,0.046252,-0.0317091,5.62748e-05
144.707,0.0462374,-0.0317087,5.62709e-05
144.708,0.0462228,-0.0317083,5.6267e-05
144.708,0.0462081,-0.0317079,5.6263e-05
144.709,0.0461935,-0.0317075,5.62591e-05
144.709,0.0461789,-0.0317071,5.62552e-05
144.71,0.0461642,-0.0317067,5.62512e-05
144.71,0.0461496,-0.0317063,5.62473e-05
144.711,0.046135,-0.0317059,5.62434e-05
144.711,0.0461204,-0.0317055,5.62394e-05
144.711,0.0461058,-0.0317051,5.62355e-05
144.712,0.0460912,-0.0317047,5.62316e-05
144.712,0.0460766,-0.0317043,5.62276e-05
144.713,0.046062,-0.0317039,5.62237e-05
144.713,0.0460474,-0.0317035,5.62198e-05
144.714,0.0460328,-0.0317031,5.62158e-05
144.714,0.0460183,-0.0317026,5.62119e-05
144.715,0.0460037,-0.0317022,5.6208e-05
144.715,0.0459891,-0.0317018,5.6204e-05
144.716,0.0459745,-0.0317014,5.62001e-05
144.716,0.04596,-0.031701,5.61962e-05
144.717,0.0459454,-0.0317006,5.61923e-05
144.717,0.0459309,-0.0317002,5.61883e-05
144.717,0.0459163,-0.0316998,5.61844e-05
144.718,0.0459018,-0.0316994,5.61805e-05
144.718,0.0458872,-0.031699,5.61765e-05
144.719,0.0458727,-0.0316986,5.61726e-05
144.719,0.0458582,-0.0316982,5.61687e-05
144.72,0.0458436,-0.0316978,5.61648e-05
144.72,0.0458291,-0.0316974,5.61608e-05
144.721,0.0458146,-0.031697,5.61569e-05
144.721,0.0458001,-0.0316966,5.6153e-05
144.722,0.0457856,-0.0316962,5.61491e-05
144.722,0.0457711,-0.0316958,5.61451e-05
144.722,0.0457566,-0.0316953,5.61412e-05
144.723,0.0457421,-0.0316949,5.61373e-05
144.723,0.0457276,-0.0316945,5.61334e-05
144.724,0.0457131,-0.0316941,5.61294e-05
144.724,0.0456986,-0.0316937,5.61255e-05
144.725,0.0456841,-0.0316933,5.61216e-05
144.725,0.0456697,-0.0316929,5.61177e-05
144.726,0.0456552,-0.0316925,5.61137e-05
144.726,0.0456407,-0.0316921,5.61098e-05
144.727,0.0456263,-0.0316917,5.61059e-05
144.727,0.0456118,-0.0316913,5.6102e-05
144.727,0.0455973,-0.0316909,5.60981e-05
144.728,0.0455829,-0.0316904,5.60941e-05
144.728,0.0455685,-0.03169,5.60902e-05
144.729,0.045554,-0.0316896,5.60863e-05
144.729,0.0455396,-0.0316892,5.60824e-05
144.73,0.0455251,-0.0316888,5.60784e-05
144.73,0.0455107,-0.0316884,5.60745e-05
144.731,0.0454963,-0.031688,5.60706e-05
144.731,0.0454819,-0.0316876,5.60667e-05
144.732,0.0454675,-0.0316872,5.60628e-05
144.732,0.045453,-0.0316867,5.60589e-05
144.732,0.0454386,-0.0316863,5.60549e-05
144.733,0.0454242,-0.0316859,5.6051e-05
144.733,0.0454098,-0.0316855,5.60471e-05
144.734,0.0453954,-0.0316851,5.60432e-05
144.734,0.0453811,-0.0316847,5.60393e-05
144.735,0.0453667,-0.0316843,5.60353e-05
144.735,0.0453523,-0.0316838,5.60314e-05
144.736,0.0453379,-0.0316834,5.60275e-05
144.736,0.0453235,-0.031683,5.60236e-05
144.737,0.0453092,-0.0316826,5.60197e-05
144.737,0.0452948,-0.0316822,5.60158e-05
144.737,0.0452804,-0.0316818,5.60119e-05
144.738,0.0452661,-0.0316814,5.60079e-05
144.738,0.0452517,-0.0316809,5.6004e-05
144.739,0.0452374,-0.0316805,5.60001e-05
144.739,0.0452231,-0.0316801,5.59962e-05
144.74,0.0452087,-0.0316797,5.59923e-05
144.74,0.0451944,-0.0316793,5.59884e-05
144.741,0.04518,-0.0316789,5.59845e-05
144.741,0.0451657,-0.0316784,5.59805e-05
144.742,0.0451514,-0.031678,5.59766e-05
144.742,0.0451371,-0.0316776,5.59727e-05
144.742,0.0451228,-0.0316772,5.59688e-05
144.743,0.0451085,-0.0316768,5.59649e-05
144.743,0.0450942,-0.0316764,5.5961e-05
144.744,0.0450799,-0.0316759,5.59571e-05
144.744,0.0450656,-0.0316755,5.59532e-05
144.745,0.0450513,-0.0316751,5.59493e-05
144.745,0.045037,-0.0316747,5.59453e-05
144.746,0.0450227,-0.0316743,5.59414e-05
144.746,0.0450084,-0.0316739,5.59375e-05
144.747,0.0449941,-0.0316734,5.59336e-05
144.747,0.0449799,-0.031673,5.59297e-05
144.747,0.0449656,-0.0316726,5.59258e-05
144.748,0.0449513,-0.0316722,5.59219e-05
144.748,0.0449371,-0.0316718,5.5918e-05
144.749,0.0449228,-0.0316713,5.59141e-05
144.749,0.0449086,-0.0316709,5.59102e-05
144.75,0.0448943,-0.0316705,5.59063e-05
144.75,0.0448801,-0.0316701,5.59024e-05
144.751,0.0448659,-0.0316696,5.58984e-05
144.751,0.0448516,-0.0316692,5.58945e-05
144.751,0.0448374,-0.0316688,5.58906e-05
144.752,0.0448232,-0.0316684,5.58867e-05
144.752,0.044809,-0.031668,5.58828e-05
144.753,0.0447947,-0.0316675,5.58789e-05
144.753,0.0447805,-0.0316671,5.5875e-05
144.754,0.0447663,-0.0316667,5.58711e-05
144.754,0.0447521,-0.0316663,5.58672e-05
144.755,0.0447379,-0.0316658,5.58633e-05
144.755,0.0447237,-0.0316654,5.58594e-05
144.756,0.0447095,-0.031665,5.58555e-05
144.756,0.0446953,-0.0316646,5.58516e-05
144.756,0.0446812,-0.0316642,5.58477e-05
144.757,0.044667,-0.0316637,5.58438e-05
144.757,0.0446528,-0.0316633,5.58399e-05
144.758,0.0446386,-0.0316629,5.5836e-05
144.758,0.0446245,-0.0316625,5.58321e-05
144.759,0.0446103,-0.031662,5.58282e-05
144.759,0.0445962,-0.0316616,5.58243e-05
144.76,0.044582,-0.0316612,5.58204e-05
144.76,0.0445679,-0.0316607,5.58165e-05
144.76,0.0445537,-0.0316603,5.58126e-05
144.761,0.0445396,-0.0316599,5.58087e-05
144.761,0.0445254,-0.0316595,5.58048e-05
144.762,0.0445113,-0.031659,5.58009e-05
144.762,0.0444972,-0.0316586,5.5797e-05
144.763,0.0444831,-0.0316582,5.57931e-05
144.763,0.0444689,-0.0316578,5.57892e-05
144.764,0.0444548,-0.0316573,5.57853e-05
144.764,0.0444407,-0.0316569,5.57814e-05
144.764,0.0444266,-0.0316565,5.57775e-05
144.765,0.0444125,-0.031656,5.57736e-05
144.765,0.0443984,-0.0316556,5.57697e-05
144.766,0.0443843,-0.0316552,5.57658e-05
144.766,0.0443702,-0.0316548,5.57619e-05
144.767,0.0443561,-0.0316543,5.5758e-05
144.767,0.044342,-0.0316539,5.57541e-05
144.768,0.044328,-0.0316535,5.57502e-05
144.768,0.0443139,-0.031653,5.57463e-05
144.768,0.0442998,-0.0316526,5.57424e-05
144.769,0.0442858,-0.0316522,5.57385e-05
144.769,0.0442717,-0.0316517,5.57347e-05
144.77,0.0442576,-0.0316513,5.57308e-05
144.77,0.0442436,-0.0316509,5.57269e-05
144.771,0.0442295,-0.0316505,5.5723e-05
144.771,0.0442155,-0.03165,5.57191e-05
144.772,0.0442015,-0.0316496,5.57152e-05
144.772,0.0441874,-0.0316492,5.57113e-05
144.772,0.0441734,-0.0316487,5.57074e-05
144.773,0.0441594,-0.0316483,5.57035e-05
144.773,0.0441453,-0.0316479,5.56996e-05
144.774,0.0441313,-0.0316474,5.56957e-05
144.774,0.0441173,-0.031647,5.56918e-05
144.775,0.0441033,-0.0316466,5.56879e-05
144.775,0.0440893,-0.0316461,5.56841e-05
144.776,0.0440753,-0.0316457,5.56802e-05
144.776,0.0440613,-0.0316453,5.56763e-05
144.776,0.0440473,-0.0316448,5.56724e-05
144.777,0.0440333,-0.0316444,5.56685e-05
144.777,0.0440193,-0.0316439,5.56646e-05
144.778,0.0440053,-0.0316435,5.56607e-05
144.778,0.0439914,-0.0316431,5.56568e-05
144.779,0.0439774,-0.0316426,5.5653e-05
144.779,0.0439634,-0.0316422,5.56491e-05
144.78,0.0439494,-0.0316418,5.56452e-05
144.78,0.0439355,-0.0316413,5.56413e-05
144.78,0.0439215,-0.0316409,5.56374e-05
144.781,0.0439076,-0.0316405,5.56335e-05
144.781,0.0438936,-0.03164,5.56296e-05
144.782,0.0438797,-0.0316396,5.56257e-05
144.782,0.0438657,-0.0316391,5.56219e-05
144.783,0.0438518,-0.0316387,5.5618e-05
144.783,0.0438379,-0.0316383,5.56141e-05
144.783,0.0438239,-0.0316378,5.56102e-05
144.784,0.04381,-0.0316374,5.56063e-05
144.784,0.0437961,-0.031637,5.56024e-05
144.785,0.0437822,-0.0316365,5.55986e-05
144.785,0.0437683,-0.0316361,5.55947e-05
144.786,0.0437544,-0.0316356,5.55908e-05
144.786,0.0437404,-0.0316352,5.55869e-05
144.787,0.0437265,-0.0316348,5.5583e-05
144.787,0.0437127,-0.0316343,5.55791e-05
144.787,0.0436988,-0.0316339,5.55753e-05
144.788,0.0436849,-0.0316334,5.55714e-05
144.788,0.043671,-0.031633,5.55675e-05
144.789,0.0436571,-0.0316325,5.55636e-05
144.789,0.0436432,-0.0316321,5.55597e-05
144.79,0.0436294,-0.0316317,5.55559e-05
144.79,0.0436155,-0.0316312,5.5552e-05
144.791,0.0436016,-0.0316308,5.55481e-05
144.791,0.0435878,-0.0316303,5.55442e-05
144.791,0.0435739,-0.0316299,5.55403e-05
144.792,0.0435601,-0.0316295,5.55365e-05
144.792,0.0435462,-0.031629,5.55326e-05
144.793,0.0435324,-0.0316286,5.55287e-05
144.793,0.0435185,-0.0316281,5.55248e-05
144.794,0.0435047,-0.0316277,5.55209e-05
144.794,0.0434909,-0.0316272,5.55171e-05
144.794,0.0434771,-0.0316268,5.55132e-05
144.795,0.0434632,-0.0316263,5.55093e-05
144.795,0.0434494,-0.0316259,5.55054e-05
144.796,0.0434356,-0.0316255,5.55016e-05
144.796,0.0434218,-0.031625,5.54977e-05
144.797,0.043408,-0.0316246,5.54938e-05
144.797,0.0433942,-0.0316241,5.54899e-05
144.798,0.0433804,-0.0316237,5.54861e-05
144.798,0.0433666,-0.0316232,5.54822e-05
144.798,0.0433528,-0.0316228,5.54783e-05
144.799,0.043339,-0.0316223,5.54744e-05
144.799,0.0433252,-0.0316219,5.54706e-05
144.8,0.0433115,-0.0316214,5.54667e-05
144.8,0.0432977,-0.031621,5.54628e-05
144.801,0.0432839,-0.0316205,5.54589e-05
144.801,0.0432701,-0.0316201,5.54551e-05
144.801,0.0432564,-0.0316196,5.54512e-05
144.802,0.0432426,-0.0316192,5.54473e-05
144.802,0.0432289,-0.0316187,5.54435e-05
144.803,0.0432151,-0.0316183,5.54396e-05
144.803,0.0432014,-0.0316178,5.54357e-05
144.804,0.0431876,-0.0316174,5.54318e-05
144.804,0.0431739,-0.031617,5.5428e-05
144.804,0.0431602,-0.0316165,5.54241e-05
144.805,0.0431464,-0.0316161,5.54202e-05
144.805,0.0431327,-0.0316156,5.54164e-05
144.806,0.043119,-0.0316151,5.54125e-05
144.806,0.0431053,-0.0316147,5.54086e-05
144.807,0.0430916,-0.0316142,5.54048e-05
144.807,0.0430779,-0.0316138,5.54009e-05
144.808,0.0430642,-0.0316133,5.5397e-05
144.808,0.0430505,-0.0316129,5.53931e-05
144.808,0.0430368,-0.0316124,5.53893e-05
144.809,0.0430231,-0.031612,5.53854e-05
144.809,0.0430094,-0.0316115,5.53815e-05
144.81,0.0429957,-0.0316111,5.53777e-05
144.81,0.042982,-0.0316106,5.53738e-05
144.811,0.0429683,-0.0316102,5.53699e-05
144.811,0.0429547,-0.0316097,5.53661e-05
144.811,0.042941,-0.0316093,5.53622e-05
144.812,0.0429273,-0.0316088,5.53583e-05
144.812,0.0429137,-0.0316084,5.53545e-05
144.813,0.0429,-0.0316079,5.53506e-05
144.813,0.0428864,-0.0316074,5.53468e-05
144.814,0.0428727,-0.031607,5.53429e-05
144.814,0.0428591,-0.0316065,5.5339e-05
144.814,0.0428454,-0.0316061,5.53352e-05
144.815,0.0428318,-0.0316056,5.53313e-05
144.815,0.0428182,-0.0316052,5.53274e-05
144.816,0.0428045,-0.0316047,5.53236e-05
144.816,0.0427909,-0.0316043,5.53197e-05
144.817,0.0427773,-0.0316038,5.53158e-05
144.817,0.0427637,-0.0316033,5.5312e-05
144.817,0.0427501,-0.0316029,5.53081e-05
144.818,0.0427365,-0.0316024,5.53043e-05
144.818,0.0427228,-0.031602,5.53004e-05
144.819,0.0427092,-0.0316015,5.52965e-05
144.819,0.0426957,-0.0316011,5.52927e-05
144.82,0.0426821,-0.0316006,5.52888e-05
144.82,0.0426685,-0.0316001,5.5285e-05
144.82,0.0426549,-0.0315997,5.52811e-05
144.821,0.0426413,-0.0315992,5.52772e-05
144.821,0.0426277,-0.0315988,5.52734e-05
144.822,0.0426142,-0.0315983,5.52695e-05
144.822,0.0426006,-0.0315978,5.52657e-05
144.823,0.042587,-0.0315974,5.52618e-05
144.823,0.0425735,-0.0315969,5.52579e-05
144.823,0.0425599,-0.0315965,5.52541e-05
144.824,0.0425464,-0.031596,5.52502e-05
144.824,0.0425328,-0.0315955,5.52464e-05
144.825,0.0425193,-0.0315951,5.52425e-05
144.825,0.0425057,-0.0315946,5.52387e-05
144.826,0.0424922,-0.0315942,5.52348e-05
144.826,0.0424787,-0.0315937,5.52309e-05
144.826,0.0424651,-0.0315932,5.52271e-05
144.827,0.0424516,-0.0315928,5.52232e-05
144.827,0.0424381,-0.0315923,5.52194e-05
144.828,0.0424246,-0.0315918,5.52155e-05
144.828,0.0424111,-0.0315914,5.52117e-05
144.829,0.0423976,-0.0315909,5.52078e-05
144.829,0.042384,-0.0315904,5.5204e-05
144.829,0.0423705,-0.03159,5.52001e-05
144.83,0.042357,-0.0315895,5.51963e-05
144.83,0.0423436,-0.0315891,5.51924e-05
144.831,0.0423301,-0.0315886,5.51885e-05
144.831,0.0423166,-0.0315881,5.51847e-05
144.832,0.0423031,-0.0315877,5.51808e-05
144.832,0.0422896,-0.0315872,5.5177e-05
144.832,0.0422762,-0.0315867,5.51731e-05
144.833,0.0422627,-0.0315863,5.51693e-05
144.833,0.0422492,-0.0315858,5.51654e-05
144.834,0.0422358,-0.0315853,5.51616e-05
144.834,0.0422223,-0.0315849,5.51577e-05
144.835,0.0422089,-0.0315844,5.51539e-05
144.835,0.0421954,-0.0315839,5.515e-05
144.835,0.042182,-0.0315835,5.51462e-05
144.836,0.0421685,-0.031583,5.51423e-05
144.836,0.0421551,-0.0315825,5.51385e-05
144.837,0.0421416,-0.0315821,5.51346e-05
144.837,0.0421282,-0.0315816,5.51308e-05
144.838,0.0421148,-0.0315811,5.51269e-05
144.838,0.0421014,-0.0315806,5.51231e-05
144.838,0.042088,-0.0315802,5.51192e-05
144.839,0.0420745,-0.0315797,5.51154e-05
144.839,0.0420611,-0.0315792,5.51116e-05
144.84,0.0420477,-0.0315788,5.51077e-05
144.84,0.0420343,-0.0315783,5.51039e-05
144.841,0.0420209,-0.0315778,5.51e-05
144.841,0.0420075,-0.0315774,5.50962e-05
144.841,0.0419941,-0.0315769,5.50923e-05
144.842,0.0419808,-0.0315764,5.50885e-05
144.842,0.0419674,-0.0315759,5.50846e-05
144.843,0.041954,-0.0315755,5.50808e-05
144.843,0.0419406,-0.031575,5.50769e-05
144.844,0.0419273,-0.0315745,5.50731e-05
144.844,0.0419139,-0.031574,5.50692e-05
144.844,0.0419005,-0.0315736,5.50654e-05
144.845,0.0418872,-0.0315731,5.50616e-05
144.845,0.0418738,-0.0315726,5.50577e-05
144.846,0.0418605,-0.0315722,5.50539e-05
144.846,0.0418471,-0.0315717,5.505e-05
144.846,0.0418338,-0.0315712,5.50462e-05
144.847,0.0418204,-0.0315707,5.50423e-05
144.847,0.0418071,-0.0315703,5.50385e-05
144.848,0.0417938,-0.0315698,5.50347e-05
144.848,0.0417804,-0.0315693,5.50308e-05
144.849,0.0417671,-0.0315688,5.5027e-05
144.849,0.0417538,-0.0315684,5.50231e-05
144.849,0.0417405,-0.0315679,5.50193e-05
144.85,0.0417272,-0.0315674,5.50155e-05
144.85,0.0417139,-0.0315669,5.50116e-05
144.851,0.0417006,-0.0315664,5.50078e-05
144.851,0.0416873,-0.031566,5.50039e-05
144.852,0.041674,-0.0315655,5.50001e-05
144.852,0.0416607,-0.031565,5.49963e-05
144.852,0.0416474,-0.0315645,5.49924e-05
144.853,0.0416341,-0.0315641,5.49886e-05
144.853,0.0416208,-0.0315636,5.49847e-05
144.854,0.0416075,-0.0315631,5.49809e-05
144.854,0.0415943,-0.0315626,5.49771e-05
144.854,0.041581,-0.0315621,5.49732e-05
144.855,0.0415677,-0.0315617,5.49694e-05
144.855,0.0415545,-0.0315612,5.49656e-05
144.856,0.0415412,-0.0315607,5.49617e-05
144.856,0.041528,-0.0315602,5.49579e-05
144.857,0.0415147,-0.0315597,5.49541e-05
144.857,0.0415015,-0.0315593,5.49502e-05
144.857,0.0414882,-0.0315588,5.49464e-05
144.858,0.041475,-0.0315583,5.49425e-05
144.858,0.0414618,-0.0315578,5.49387e-05
144.859,0.0414485,-0.0315573,5.49349e-05
144.859,0.0414353,-0.0315569,5.4931e-05
144.86,0.0414221,-0.0315564,5.49272e-05
144.86,0.0414089,-0.0315559,5.49234e-05
144.86,0.0413957,-0.0315554,5.49195e-05
144.861,0.0413824,-0.0315549,5.49157e-05
144.861,0.0413692,-0.0315544,5.49119e-05
144.862,0.041356,-0.031554,5.4908e-05
144.862,0.0413428,-0.0315535,5.49042e-05
144.862,0.0413296,-0.031553,5.49004e-05
144.863,0.0413165,-0.0315525,5.48966e-05
144.863,0.0413033,-0.031552,5.48927e-05
144.864,0.0412901,-0.0315515,5.48889e-05
144.864,0.0412769,-0.0315511,5.48851e-05
144.865,0.0412637,-0.0315506,5.48812e-05
144.865,0.0412506,-0.0315501,5.48774e-05
144.865,0.0412374,-0.0315496,5.48736e-05
144.866,0.0412242,-0.0315491,5.48697e-05
144.866,0.0412111,-0.0315486,5.48659e-05
144.867,0.0411979,-0.0315481,5.48621e-05
144.867,0.0411848,-0.0315476,5.48582e-05
144.867,0.0411716,-0.0315472,5.48544e-05
144.868,0.0411585,-0.0315467,5.48506e-05
144.868,0.0411453,-0.0315462,5.48468e-05
144.869,0.0411322,-0.0315457,5.48429e-05
144.869,0.0411191,-0.0315452,5.48391e-05
144.87,0.0411059,-0.0315447,5.48353e-05
144.87,0.0410928,-0.0315442,5.48315e-05
144.87,0.0410797,-0.0315437,5.48276e-05
144.871,0.0410666,-0.0315433,5.48238e-05
144.871,0.0410535,-0.0315428,5.482e-05
144.872,0.0410403,-0.0315423,5.48162e-05
144.872,0.0410272,-0.0315418,5.48123e-05
144.872,0.0410141,-0.0315413,5.48085e-05
144.873,0.041001,-0.0315408,5.48047e-05
144.873,0.0409879,-0.0315403,5.48008e-05
144.874,0.0409748,-0.0315398,5.4797e-05
144.874,0.0409618,-0.0315393,5.47932e-05
144.875,0.0409487,-0.0315388,5.47894e-05
144.875,0.0409356,-0.0315383,5.47856e-05
144.875,0.0409225,-0.0315379,5.47817e-05
144.876,0.0409095,-0.0315374,5.47779e-05
144.876,0.0408964,-0.0315369,5.47741e-05
144.877,0.0408833,-0.0315364,5.47703e-05
144.877,0.0408703,-0.0315359,5.47664e-05
144.877,0.0408572,-0.0315354,5.47626e-05
144.878,0.0408442,-0.0315349,5.47588e-05
144.878,0.0408311,-0.0315344,5.4755e-05
144.879,0.0408181,-0.0315339,5.47512e-05
144.879,0.040805,-0.0315334,5.47473e-05
144.879,0.040792,-0.0315329,5.47435e-05
144.88,0.0407789,-0.0315324,5.47397e-05
144.88,0.0407659,-0.0315319,5.47359e-05
144.881,0.0407529,-0.0315314,5.47321e-05
144.881,0.0407399,-0.0315309,5.47282e-05
144.882,0.0407269,-0.0315304,5.47244e-05
144.882,0.0407138,-0.0315299,5.47206e-05
144.882,0.0407008,-0.0315294,5.47168e-05
144.883,0.0406878,-0.0315289,5.4713e-05
144.883,0.0406748,-0.0315285,5.47091e-05
144.884,0.0406618,-0.031528,5.47053e-05
144.884,0.0406488,-0.0315275,5.47015e-05
144.884,0.0406358,-0.031527,5.46977e-05
144.885,0.0406228,-0.0315265,5.46939e-05
144.885,0.0406099,-0.031526,5.46901e-05
144.886,0.0405969,-0.0315255,5.46862e-05
144.886,0.0405839,-0.031525,5.46824e-05
144.886,0.0405709,-0.0315245,5.46786e-05
144.887,0.040558,-0.031524,5.46748e-05
144.887,0.040545,-0.0315235,5.4671e-05
144.888,0.040532,-0.031523,5.46672e-05
144.888,0.0405191,-0.0315225,5.46633e-05
144.889,0.0405061,-0.031522,5.46595e-05
144.889,0.0404932,-0.0315215,5.46557e-05
144.889,0.0404802,-0.031521,5.46519e-05
144.89,0.0404673,-0.0315205,5.46481e-05
144.89,0.0404544,-0.03152,5.46443e-05
144.891,0.0404414,-0.0315195,5.46405e-05
144.891,0.0404285,-0.031519,5.46366e-05
144.891,0.0404156,-0.0315185,5.46328e-05
144.892,0.0404026,-0.0315179,5.4629e-05
144.892,0.0403897,-0.0315174,5.46252e-05
144.893,0.0403768,-0.0315169,5.46214e-05
144.893,0.0403639,-0.0315164,5.46176e-05
144.893,0.040351,-0.0315159,5.46138e-05
144.894,0.0403381,-0.0315154,5.461e-05
144.894,0.0403252,-0.0315149,5.46062e-05
144.895,0.0403123,-0.0315144,5.46023e-05
144.895,0.0402994,-0.0315139,5.45985e-05
144.896,0.0402865,-0.0315134,5.45947e-05
144.896,0.0402736,-0.0315129,5.45909e-05
144.896,0.0402607,-0.0315124,5.45871e-05
144.897,0.0402479,-0.0315119,5.45833e-05
144.897,0.040235,-0.0315114,5.45795e-05
144.898,0.0402221,-0.0315109,5.45757e-05
144.898,0.0402092,-0.0315104,5.45719e-05
144.898,0.0401964,-0.0315099,5.45681e-05
144.899,0.0401835,-0.0315094,5.45643e-05
144.899,0.0401707,-0.0315089,5.45604e-05
144.9,0.0401578,-0.0315083,5.45566e-05
144.9,0.040145,-0.0315078,5.45528e-05
144.9,0.0401321,-0.0315073,5.4549e-05
144.901,0.0401193,-0.0315068,5.45452e-05
144.901,0.0401064,-0.0315063,5.45414e-05
144.902,0.0400936,-0.0315058,5.45376e-05
144.902,0.0400808,-0.0315053,5.45338e-05
144.902,0.040068,-0.0315048,5.453e-05
144.903,0.0400551,-0.0315043,5.45262e-05
144.903,0.0400423,-0.0315038,5.45224e-05
144.904,0.0400295,-0.0315032,5.45186e-05
144.904,0.0400167,-0.0315027,5.45148e-05
144.904,0.0400039,-0.0315022,5.4511e-05
144.905,0.0399911,-0.0315017,5.45072e-05
144.905,0.0399783,-0.0315012,5.45034e-05
144.906,0.0399655,-0.0315007,5.44996e-05
144.906,0.0399527,-0.0315002,5.44958e-05
144.907,0.0399399,-0.0314997,5.4492e-05
144.907,0.0399271,-0.0314992,5.44882e-05
144.907,0.0399143,-0.0314986,5.44844e-05
144.908,0.0399016,-0.0314981,5.44805e-05
144.908,0.0398888,-0.0314976,5.44767e-05
144.909,0.039876,-0.0314971,5.44729e-05
144.909,0.0398633,-0.0314966,5.44691e-05
144.909,0.0398505,-0.0314961,5.44653e-05
144.91,0.0398377,-0.0314956,5.44615e-05
144.91,0.039825,-0.031495,5.44577e-05
144.911,0.0398122,-0.0314945,5.44539e-05
144.911,0.0397995,-0.031494,5.44501e-05
144.911,0.0397867,-0.0314935,5.44463e-05
144.912,0.039774,-0.031493,5.44425e-05
144.912,0.0397613,-0.0314925,5.44387e-05
144.913,0.0397485,-0.0314919,5.44349e-05
144.913,0.0397358,-0.0314914,5.44311e-05
144.913,0.0397231,-0.0314909,5.44274e-05
144.914,0.0397104,-0.0314904,5.44236e-05
144.914,0.0396976,-0.0314899,5.44198e-05
144.915,0.0396849,-0.0314894,5.4416e-05
144.915,0.0396722,-0.0314888,5.44122e-05
144.915,0.0396595,-0.0314883,5.44084e-05
144.916,0.0396468,-0.0314878,5.44046e-05
144.916,0.0396341,-0.0314873,5.44008e-05
144.917,0.0396214,-0.0314868,5.4397e-05
144.917,0.0396087,-0.0314862,5.43932e-05
144.917,0.039596,-0.0314857,5.43894e-05
144.918,0.0395834,-0.0314852,5.43856e-05
144.918,0.0395707,-0.0314847,5.43818e-05
144.919,0.039558,-0.0314842,5.4378e-05
144.919,0.0395453,-0.0314836,5.43742e-05
144.919,0.0395327,-0.0314831,5.43704e-05
144.92,0.03952,-0.0314826,5.43666e-05
144.92,0.0395073,-0.0314821,5.43628e-05
144.921,0.0394947,-0.0314816,5.4359e-05
144.921,0.039482,-0.031481,5.43552e-05
144.921,0.0394694,-0.0314805,5.43514e-05
144.922,0.0394567,-0.03148,5.43477e-05
144.922,0.0394441,-0.0314795,5.43439e-05
144.923,0.0394314,-0.0314789,5.43401e-05
144.923,0.0394188,-0.0314784,5.43363e-05
144.923,0.0394062,-0.0314779,5.43325e-05
144.924,0.0393935,-0.0314774,5.43287e-05
144.924,0.0393809,-0.0314768,5.43249e-05
144.925,0.0393683,-0.0314763,5.43211e-05
144.925,0.0393557,-0.0314758,5.43173e-05
144.925,0.0393431,-0.0314753,5.43135e-05
144.926,0.0393305,-0.0314747,5.43097e-05
144.926,0.0393179,-0.0314742,5.4306e-05
144.927,0.0393052,-0.0314737,5.43022e-05
144.927,0.0392926,-0.0314732,5.42984e-05
144.927,0.0392801,-0.0314726,5.42946e-05
144.928,0.0392675,-0.0314721,5.42908e-05
144.928,0.0392549,-0.0314716,5.4287e-05
144.929,0.0392423,-0.031471,5.42832e-05
144.929,0.0392297,-0.0314705,5.42794e-05
144.929,0.0392171,-0.03147,5.42756e-05
144.93,0.0392046,-0.0314695,5.42719e-05
144.93,0.039192,-0.0314689,5.42681e-05
144.931,0.0391794,-0.0314684,5.42643e-05
144.931,0.0391669,-0.0314679,5.42605e-05
144.931,0.0391543,-0.0314673,5.42567e-05
144.932,0.0391417,-0.0314668,5.42529e-05
144.932,0.0391292,-0.0314663,5.42491e-05
144.933,0.0391166,-0.0314658,5.42454e-05
144.933,0.0391041,-0.0314652,5.42416e-05
144.933,0.0390916,-0.0314647,5.42378e-05
144.934,0.039079,-0.0314642,5.4234e-05
144.934,0.0390665,-0.0314636,5.42302e-05
144.935,0.039054,-0.0314631,5.42264e-05
144.935,0.0390414,-0.0314626,5.42226e-05
144.935,0.0390289,-0.031462,5.42189e-05
144.936,0.0390164,-0.0314615,5.42151e-05
144.936,0.0390039,-0.031461,5.42113e-05
144.937,0.0389914,-0.0314604,5.42075e-05
144.937,0.0389789,-0.0314599,5.42037e-05
144.937,0.0389664,-0.0314594,5.41999e-05
144.938,0.0389539,-0.0314588,5.41962e-05
144.938,0.0389414,-0.0314583,5.41924e-05
144.939,0.0389289,-0.0314578,5.41886e-05
144.939,0.0389164,-0.0314572,5.41848e-05
144.939,0.0389039,-0.0314567,5.4181e-05
144.94,0.0388914,-0.0314562,5.41773e-05
144.94,0.0388789,-0.0314556,5.41735e-05
144.941,0.0388665,-0.0314551,5.41697e-05
144.941,0.038854,-0.0314545,5.41659e-05
144.941,0.0388415,-0.031454,5.41621e-05
144.942,0.0388291,-0.0314535,5.41584e-05
144.942,0.0388166,-0.0314529,5.41546e-05
144.943,0.0388041,-0.0314524,5.41508e-05
144.943,0.0387917,-0.0314519,5.4147e-05
144.943,0.0387792,-0.0314513,5.41432e-05
144.944,0.0387668,-0.0314508,5.41395e-05
144.944,0.0387543,-0.0314502,5.41357e-05
144.945,0.0387419,-0.0314497,5.41319e-05
144.945,0.0387295,-0.0314492,5.41281e-05
144.945,0.038717,-0.0314486,5.41244e-05
144.946,0.0387046,-0.0314481,5.41206e-05
144.946,0.0386922,-0.0314475,5.41168e-05
144.947,0.0386798,-0.031447,5.4113e-05
144.947,0.0386674,-0.0314465,5.41093e-05
144.947,0.0386549,-0.0314459,5.41055e-05
144.948,0.0386425,-0.0314454,5.41017e-05
144.948,0.0386301,-0.0314448,5.40979e-05
144.949,0.0386177,-0.0314443,5.40942e-05
144.949,0.0386053,-0.0314438,5.40904e-05
144.949,0.0385929,-0.0314432,5.40866e-05
144.95,0.0385805,-0.0314427,5.40828e-05
144.95,0.0385681,-0.0314421,5.40791e-05
144.95,0.0385558,-0.0314416,5.40753e-05
144.951,0.0385434,-0.031441,5.40715e-05
144.951,0.038531,-0.0314405,5.40677e-05
144.952,0.0385186,-0.03144,5.4064e-05
144.952,0.0385063,-0.0314394,5.40602e-05
144.952,0.0384939,-0.0314389,5.40564e-05
144.953,0.0384815,-0.0314383,5.40526e-05
144.953,0.0384692,-0.0314378,5.40489e-05
144.954,0.0384568,-0.0314372,5.40451e-05
144.954,0.0384445,-0.0314367,5.40413e-05
144.954,0.0384321,-0.0314361,5.40376e-05
144.955,0.0384198,-0.0314356,5.40338e-05
144.955,0.0384074,-0.031435,5.403e-05
144.956,0.0383951,-0.0314345,5.40262e-05
144.956,0.0383828,-0.0314339,5.40225e-05
144.956,0.0383704,-0.0314334,5.40187e-05
144.957,0.0383581,-0.0314328,5.40149e-05
144.957,0.0383458,-0.0314323,5.40112e-05
144.958,0.0383335,-0.0314318,5.40074e-05
144.958,0.0383211,-0.0314312,5.40036e-05
144.958,0.0383088,-0.0314307,5.39999e-05
144.959,0.0382965,-0.0314301,5.39961e-05
144.959,0.0382842,-0.0314296,5.39923e-05
144.96,0.0382719,-0.031429,5.39886e-05
144.96,0.0382596,-0.0314285,5.39848e-05
144.96,0.0382473,-0.0314279,5.3981e-05
144.961,0.038235,-0.0314274,5.39773e-05
144.961,0.0382227,-0.0314268,5.39735e-05
144.961,0.0382105,-0.0314262,5.39697e-05
144.962,0.0381982,-0.0314257,5.3966e-05
144.962,0.0381859,-0.0314251,5.39622e-05
144.963,0.0381736,-0.0314246,5.39584e-05
144.963,0.0381614,-0.031424,5.39547e-05
144.963,0.0381491,-0.0314235,5.39509e-05
144.964,0.0381368,-0.0314229,5.39471e-05
144.964,0.0381246,-0.0314224,5.39434e-05
144.965,0.0381123,-0.0314218,5.39396e-05
144.965,0.0381001,-0.0314213,5.39358e-05
144.965,0.0380878,-0.0314207,5.39321e-05
144.966,0.0380756,-0.0314202,5.39283e-05
144.966,0.0380633,-0.0314196,5.39246e-05
144.967,0.0380511,-0.0314191,5.39208e-05
144.967,0.0380389,-0.0314185,5.3917e-05
144.967,0.0380266,-0.0314179,5.39133e-05
144.968,0.0380144,-0.0314174,5.39095e-05
144.968,0.0380022,-0.0314168,5.39057e-05
144.969,0.0379899,-0.0314163,5.3902e-05
144.969,0.0379777,-0.0314157,5.38982e-05
144.969,0.0379655,-0.0314152,5.38945e-05
144.97,0.0379533,-0.0314146,5.38907e-05
144.97,0.0379411,-0.031414,5.38869e-05
144.97,0.0379289,-0.0314135,5.38832e-05
144.971,0.0379167,-0.0314129,5.38794e-05
144.971,0.0379045,-0.0314124,5.38757e-05
144.972,0.0378923,-0.0314118,5.38719e-05
144.972,0.0378801,-0.0314112,5.38681e-05
144.972,0.0378679,-0.0314107,5.38644e-05
144.973,0.0378558,-0.0314101,5.38606e-05
144.973,0.0378436,-0.0314096,5.38569e-05
144.974,0.0378314,-0.031409,5.38531e-05
144.974,0.0378192,-0.0314084,5.38493e-05
144.974,0.0378071,-0.0314079,5.38456e-05
144.975,0.0377949,-0.0314073,5.38418e-05
144.975,0.0377828,-0.0314068,5.38381e-05
144.975,0.0377706,-0.0314062,5.38343e-05
144.976,0.0377584,-0.0314056,5.38306e-05
144.976,0.0377463,-0.0314051,5.38268e-05
144.977,0.0377341,-0.0314045,5.3823e-05
144.977,0.037722,-0.0314039,5.38193e-05
144.977,0.0377099,-0.0314034,5.38155e-05
144.978,0.0376977,-0.0314028,5.38118e-05
144.978,0.0376856,-0.0314023,5.3808e-05
144.979,0.0376735,-0.0314017,5.38043e-05
144.979,0.0376613,-0.0314011,5.38005e-05
144.979,0.0376492,-0.0314006,5.37968e-05
144.98,0.0376371,-0.0314,5.3793e-05
144.98,0.037625,-0.0313994,5.37892e-05
144.981,0.0376129,-0.0313989,5.37855e-05
144.981,0.0376008,-0.0313983,5.37817e-05
144.981,0.0375887,-0.0313977,5.3778e-05
144.982,0.0375766,-0.0313972,5.37742e-05
144.982,0.0375645,-0.0313966,5.37705e-05
144.982,0.0375524,-0.031396,5.37667e-05
144.983,0.0375403,-0.0313955,5.3763e-05
144.983,0.0375282,-0.0313949,5.37592e-05
144.984,0.0375161,-0.0313943,5.37555e-05
144.984,0.037504,-0.0313938,5.37517e-05
144.984,0.037492,-0.0313932,5.3748e-05
144.985,0.0374799,-0.0313926,5.37442e-05
144.985,0.0374678,-0.031392,5.37405e-05
144.986,0.0374558,-0.0313915,5.37367e-05
144.986,0.0374437,-0.0313909,5.3733e-05
144.986,0.0374316,-0.0313903,5.37292e-05
144.987,0.0374196,-0.0313898,5.37255e-05
144.987,0.0374075,-0.0313892,5.37217e-05
144.987,0.0373955,-0.0313886,5.3718e-05
144.988,0.0373834,-0.0313881,5.37142e-05
144.988,0.0373714,-0.0313875,5.37105e-05
144.989,0.0373594,-0.0313869,5.37067e-05
144.989,0.0373473,-0.0313863,5.3703e-05
144.989,0.0373353,-0.0313858,5.36992e-05
144.99,0.0373233,-0.0313852,5.36955e-05
144.99,0.0373113,-0.0313846,5.36917e-05
144.99,0.0372992,-0.031384,5.3688e-05
144.991,0.0372872,-0.0313835,5.36842e-05
144.991,0.0372752,-0.0313829,5.36805e-05
144.992,0.0372632,-0.0313823,5.36767e-05
144.992,0.0372512,-0.0313817,5.3673e-05
144.992,0.0372392,-0.0313812,5.36692e-05
144.993,0.0372272,-0.0313806,5.36655e-05
144.993,0.0372152,-0.03138,5.36618e-05
144.994,0.0372032,-0.0313794,5.3658e-05
144.994,0.0371912,-0.0313789,5.36543e-05
144.994,0.0371792,-0.0313783,5.36505e-05
144.995,0.0371673,-0.0313777,5.36468e-05
144.995,0.0371553,-0.0313771,5.3643e-05
144.995,0.0371433,-0.0313766,5.36393e-05
144.996,0.0371313,-0.031376,5.36355e-05
144.996,0.0371194,-0.0313754,5.36318e-05
144.997,0.0371074,-0.0313748,5.36281e-05
144.997,0.0370954,-0.0313742,5.36243e-05
144.997,0.0370835,-0.0313737,5.36206e-05
144.998,0.0370715,-0.0313731,5.36168e-05
144.998,0.0370596,-0.0313725,5.36131e-05
144.999,0.0370476,-0.0313719,5.36093e-05
144.999,0.0370357,-0.0313713,5.36056e-05
144.999,0.0370238,-0.0313708,5.36019e-05
145,0.0370118,-0.0313702,5.35981e-05
145,0.0369999,-0.0313696,5.35944e-05
145,0.036988,-0.031369,5.35906e-05
145.001,0.036976,-0.0313684,5.35869e-05
145.001,0.0369641,-0.0313679,5.35832e-05
145.002,0.0369522,-0.0313673,5.35794e-05
145.002,0.0369403,-0.0313667,5.35757e-05
145.002,0.0369284,-0.0313661,5.35719e-05
145.003,0.0369165,-0.0313655,5.35682e-05
145.003,0.0369045,-0.0313649,5.35645e-05
145.003,0.0368926,-0.0313644,5.35607e-05
145.004,0.0368807,-0.0313638,5.3557e-05
145.004,0.0368689,-0.0313632,5.35532e-05
145.005,0.036857,-0.0313626,5.35495e-05
145.005,0.0368451,-0.031362,5.35458e-05
145.005,0.0368332,-0.0313614,5.3542e-05
145.006,0.0368213,-0.0313608,5.35383e-05
145.006,0.0368094,-0.0313603,5.35346e-05
145.006,0.0367976,-0.0313597,5.35308e-05
145.007,0.0367857,-0.0313591,5.35271e-05
145.007,0.0367738,-0.0313585,5.35233e-05
145.008,0.036762,-0.0313579,5.35196e-05
145.008,0.0367501,-0.0313573,5.35159e-05
145.008,0.0367382,-0.0313567,5.35121e-05
145.009,0.0367264,-0.0313561,5.35084e-05
145.009,0.0367145,-0.0313556,5.35047e-05
145.01,0.0367027,-0.031355,5.35009e-05
145.01,0.0366908,-0.0313544,5.34972e-05
145.01,0.036679,-0.0313538,5.34935e-05
145.011,0.0366672,-0.0313532,5.34897e-05
145.011,0.0366553,-0.0313526,5.3486e-05
145.011,0.0366435,-0.031352,5.34823e-05
145.012,0.0366317,-0.0313514,5.34785e-05
145.012,0.0366199,-0.0313508,5.34748e-05
145.013,0.036608,-0.0313502,5.34711e-05
145.013,0.0365962,-0.0313497,5.34673e-05
145.013,0.0365844,-0.0313491,5.34636e-05
145.014,0.0365726,-0.0313485,5.34599e-05
145.014,0.0365608,-0.0313479,5.34561e-05
145.014,0.036549,-0.0313473,5.34524e-05
145.015,0.0365372,-0.0313467,5.34487e-05
145.015,0.0365254,-0.0313461,5.34449e-05
145.016,0.0365136,-0.0313455,5.34412e-05
145.016,0.0365018,-0.0313449,5.34375e-05
145.016,0.03649,-0.0313443,5.34338e-05
145.017,0.0364783,-0.0313437,5.343e-05
145.017,0.0364665,-0.0313431,5.34263e-05
145.017,0.0364547,-0.0313425,5.34226e-05
145.018,0.0364429,-0.0313419,5.34188e-05
145.018,0.0364312,-0.0313413,5.34151e-05
145.019,0.0364194,-0.0313407,5.34114e-05
145.019,0.0364076,-0.0313401,5.34077e-05
145.019,0.0363959,-0.0313395,5.34039e-05
145.02,0.0363841,-0.0313389,5.34002e-05
145.02,0.0363724,-0.0313383,5.33965e-05
145.02,0.0363606,-0.0313377,5.33927e-05
145.021,0.0363489,-0.0313371,5.3389e-05
145.021,0.0363371,-0.0313366,5.33853e-05
145.022,0.0363254,-0.031336,5.33816e-05
145.022,0.0363137,-0.0313354,5.33778e-05
145.022,0.0363019,-0.0313348,5.33741e-05
145.023,0.0362902,-0.0313342,5.33704e-05
145.023,0.0362785,-0.0313336,5.33667e-05
145.023,0.0362668,-0.031333,5.33629e-05
145.024,0.036255,-0.0313324,5.33592e-05
145.024,0.0362433,-0.0313318,5.33555e-05
145.025,0.0362316,-0.0313311,5.33518e-05
145.025,0.0362199,-0.0313305,5.3348e-05
145.025,0.0362082,-0.0313299,5.33443e-05
145.026,0.0361965,-0.0313293,5.33406e-05
145.026,0.0361848,-0.0313287,5.33369e-05
145.026,0.0361731,-0.0313281,5.33331e-05
145.027,0.0361614,-0.0313275,5.33294e-05
145.027,0.0361497,-0.0313269,5.33257e-05
145.028,0.0361381,-0.0313263,5.3322e-05
145.028,0.0361264,-0.0313257,5.33182e-05
145.028,0.0361147,-0.0313251,5.33145e-05
145.029,0.036103,-0.0313245,5.33108e-05
145.029,0.0360914,-0.0313239,5.33071e-05
145.029,0.0360797,-0.0313233,5.33034e-05
145.03,0.036068,-0.0313227,5.32996e-05
145.03,0.0360564,-0.0313221,5.32959e-05
145.031,0.0360447,-0.0313215,5.32922e-05
145.031,0.0360331,-0.0313209,5.32885e-05
145.031,0.0360214,-0.0313203,5.32847e-05
145.032,0.0360098,-0.0313197,5.3281e-05
145.032,0.0359981,-0.0313191,5.32773e-05
145.032,0.0359865,-0.0313184,5.32736e-05
145.033,0.0359748,-0.0313178,5.32699e-05
145.033,0.0359632,-0.0313172,5.32661e-05
145.033,0.0359516,-0.0313166,5.32624e-05
145.034,0.03594,-0.031316,5.32587e-05
145.034,0.0359283,-0.0313154,5.3255e-05
145.035,0.0359167,-0.0313148,5.32513e-05
145.035,0.0359051,-0.0313142,5.32476e-05
145.035,0.0358935,-0.0313136,5.32438e-05
145.036,0.0358819,-0.031313,5.32401e-05
145.036,0.0358703,-0.0313123,5.32364e-05
145.036,0.0358587,-0.0313117,5.32327e-05
145.037,0.0358471,-0.0313111,5.3229e-05
145.037,0.0358355,-0.0313105,5.32253e-05
145.038,0.0358239,-0.0313099,5.32215e-05
145.038,0.0358123,-0.0313093,5.32178e-05
145.038,0.0358007,-0.0313087,5.32141e-05
145.039,0.0357891,-0.0313081,5.32104e-05
145.039,0.0357775,-0.0313074,5.32067e-05
145.039,0.035766,-0.0313068,5.3203e-05
145.04,0.0357544,-0.0313062,5.31992e-05
145.04,0.0357428,-0.0313056,5.31955e-05
145.041,0.0357313,-0.031305,5.31918e-05
145.041,0.0357197,-0.0313044,5.31881e-05
145.041,0.0357081,-0.0313038,5.31844e-05
145.042,0.0356966,-0.0313031,5.31807e-05
145.042,0.035685,-0.0313025,5.3177e-05
145.042,0.0356735,-0.0313019,5.31732e-05
145.043,0.0356619,-0.0313013,5.31695e-05
145.043,0.0356504,-0.0313007,5.31658e-05
145.043,0.0356389,-0.0313001,5.31621e-05
145.044,0.0356273,-0.0312994,5.31584e-05
145.044,0.0356158,-0.0312988,5.31547e-05
145.045,0.0356043,-0.0312982,5.3151e-05
145.045,0.0355927,-0.0312976,5.31473e-05
145.045,0.0355812,-0.031297,5.31436e-05
145.046,0.0355697,-0.0312963,5.31398e-05
145.046,0.0355582,-0.0312957,5.31361e-05
145.046,0.0355467,-0.0312951,5.31324e-05
145.047,0.0355352,-0.0312945,5.31287e-05
145.047,0.0355237,-0.0312939,5.3125e-05
145.048,0.0355121,-0.0312932,5.31213e-05
145.048,0.0355006,-0.0312926,5.31176e-05
145.048,0.0354892,-0.031292,5.31139e-05
145.049,0.0354777,-0.0312914,5.31102e-05
145.049,0.0354662,-0.0312907,5.31065e-05
145.049,0.0354547,-0.0312901,5.31027e-05
145.05,0.0354432,-0.0312895,5.3099e-05
145.05,0.0354317,-0.0312889,5.30953e-05
145.05,0.0354202,-0.0312883,5.30916e-05
145.051,0.0354088,-0.0312876,5.30879e-05
145.051,0.0353973,-0.031287,5.30842e-05
145.052,0.0353858,-0.0312864,5.30805e-05
145.052,0.0353744,-0.0312858,5.30768e-05
145.052,0.0353629,-0.0312851,5.30731e-05
145.053,0.0353515,-0.0312845,5.30694e-05
145.053,0.03534,-0.0312839,5.30657e-05
145.053,0.0353286,-0.0312833,5.3062e-05
145.054,0.0353171,-0.0312826,5.30583e-05
145.054,0.0353057,-0.031282,5.30546e-05
145.054,0.0352942,-0.0312814,5.30508e-05
145.055,0.0352828,-0.0312807,5.30471e-05
145.055,0.0352714,-0.0312801,5.30434e-05
145.056,0.0352599,-0.0312795,5.30397e-05
145.056,0.0352485,-0.0312789,5.3036e-05
145.056,0.0352371,-0.0312782,5.30323e-05
145.057,0.0352257,-0.0312776,5.30286e-05
145.057,0.0352142,-0.031277,5.30249e-05
145.057,0.0352028,-0.0312763,5.30212e-05
145.058,0.0351914,-0.0312757,5.30175e-05
145.058,0.03518,-0.0312751,5.30138e-05
145.059,0.0351686,-0.0312744,5.30101e-05
145.059,0.0351572,-0.0312738,5.30064e-05
145.059,0.0351458,-0.0312732,5.30027e-05
145.06,0.0351344,-0.0312726,5.2999e-05
145.06,0.035123,-0.0312719,5.29953e-05
145.06,0.0351116,-0.0312713,5.29916e-05
145.061,0.0351003,-0.0312707,5.29879e-05
145.061,0.0350889,-0.03127,5.29842e-05
145.061,0.0350775,-0.0312694,5.29805e-05
145.062,0.0350661,-0.0312688,5.29768e-05
145.062,0.0350548,-0.0312681,5.29731e-05
145.063,0.0350434,-0.0312675,5.29694e-05
145.063,0.035032,-0.0312669,5.29657e-05
145.063,0.0350207,-0.0312662,5.2962e-05
145.064,0.0350093,-0.0312656,5.29583e-05
145.064,0.034998,-0.0312649,5.29546e-05
145.064,0.0349866,-0.0312643,5.29509e-05
145.065,0.0349753,-0.0312637,5.29472e-05
145.065,0.0349639,-0.031263,5.29435e-05
145.065,0.0349526,-0.0312624,5.29398e-05
145.066,0.0349412,-0.0312618,5.29361e-05
145.066,0.0349299,-0.0312611,5.29324e-05
145.067,0.0349186,-0.0312605,5.29287e-05
145.067,0.0349072,-0.0312598,5.2925e-05
145.067,0.0348959,-0.0312592,5.29213e-05
145.068,0.0348846,-0.0312586,5.29176e-05
145.068,0.0348733,-0.0312579,5.29139e-05
145.068,0.034862,-0.0312573,5.29102e-05
145.069,0.0348507,-0.0312566,5.29065e-05
145.069,0.0348393,-0.031256,5.29028e-05
145.069,0.034828,-0.0312554,5.28991e-05
145.07,0.0348167,-0.0312547,5.28954e-05
145.07,0.0348054,-0.0312541,5.28918e-05
145.07,0.0347941,-0.0312534,5.28881e-05
145.071,0.0347828,-0.0312528,5.28844e-05
145.071,0.0347716,-0.0312522,5.28807e-05
145.072,0.0347603,-0.0312515,5.2877e-05
145.072,0.034749,-0.0312509,5.28733e-05
145.072,0.0347377,-0.0312502,5.28696e-05
145.073,0.0347264,-0.0312496,5.28659e-05
145.073,0.0347152,-0.0312489,5.28622e-05
145.073,0.0347039,-0.0312483,5.28585e-05
145.074,0.0346926,-0.0312477,5.28548e-05
145.074,0.0346814,-0.031247,5.28511e-05
145.074,0.0346701,-0.0312464,5.28474e-05
145.075,0.0346588,-0.0312457,5.28437e-05
145.075,0.0346476,-0.0312451,5.284e-05
145.076,0.0346363,-0.0312444,5.28364e-05
145.076,0.0346251,-0.0312438,5.28327e-05
145.076,0.0346139,-0.0312431,5.2829e-05
145.077,0.0346026,-0.0312425,5.28253e-05
145.077,0.0345914,-0.0312418,5.28216e-05
145.077,0.0345801,-0.0312412,5.28179e-05
145.078,0.0345689,-0.0312405,5.28142e-05
145.078,0.0345577,-0.0312399,5.28105e-05
145.078,0.0345465,-0.0312392,5.28068e-05
145.079,0.0345352,-0.0312386,5.28031e-05
145.079,0.034524,-0.0312379,5.27995e-05
145.079,0.0345128,-0.0312373,5.27958e-05
145.08,0.0345016,-0.0312366,5.27921e-05
145.08,0.0344904,-0.031236,5.27884e-05
145.081,0.0344792,-0.0312353,5.27847e-05
145.081,0.034468,-0.0312347,5.2781e-05
145.081,0.0344568,-0.031234,5.27773e-05
145.082,0.0344456,-0.0312334,5.27736e-05
145.082,0.0344344,-0.0312327,5.277e-05
145.082,0.0344232,-0.0312321,5.27663e-05
145.083,0.034412,-0.0312314,5.27626e-05
145.083,0.0344008,-0.0312308,5.27589e-05
145.083,0.0343897,-0.0312301,5.27552e-05
145.084,0.0343785,-0.0312295,5.27515e-05
145.084,0.0343673,-0.0312288,5.27478e-05
145.085,0.0343561,-0.0312282,5.27441e-05
145.085,0.034345,-0.0312275,5.27405e-05
145.085,0.0343338,-0.0312268,5.27368e-05
145.086,0.0343227,-0.0312262,5.27331e-05
145.086,0.0343115,-0.0312255,5.27294e-05
145.086,0.0343003,-0.0312249,5.27257e-05
145.087,0.0342892,-0.0312242,5.2722e-05
145.087,0.0342781,-0.0312236,5.27184e-05
145.087,0.0342669,-0.0312229,5.27147e-05
145.088,0.0342558,-0.0312222,5.2711e-05
145.088,0.0342446,-0.0312216,5.27073e-05
145.088,0.0342335,-0.0312209,5.27036e-05
145.089,0.0342224,-0.0312203,5.26999e-05
145.089,0.0342112,-0.0312196,5.26963e-05
145.089,0.0342001,-0.0312189,5.26926e-05
145.09,0.034189,-0.0312183,5.26889e-05
145.09,0.0341779,-0.0312176,5.26852e-05
145.091,0.0341668,-0.031217,5.26815e-05
145.091,0.0341556,-0.0312163,5.26778e-05
145.091,0.0341445,-0.0312156,5.26742e-05
145.092,0.0341334,-0.031215,5.26705e-05
145.092,0.0341223,-0.0312143,5.26668e-05
145.092,0.0341112,-0.0312137,5.26631e-05
145.093,0.0341001,-0.031213,5.26594e-05
145.093,0.034089,-0.0312123,5.26558e-05
145.093,0.034078,-0.0312117,5.26521e-05
145.094,0.0340669,-0.031211,5.26484e-05
145.094,0.0340558,-0.0312103,5.26447e-05
145.094,0.0340447,-0.0312097,5.2641e-05
145.095,0.0340336,-0.031209,5.26374e-05
145.095,0.0340226,-0.0312083,5.26337e-05
145.096,0.0340115,-0.0312077,5.263e-05
145.096,0.0340004,-0.031207,5.26263e-05
145.096,0.0339894,-0.0312063,5.26227e-05
145.097,0.0339783,-0.0312057,5.2619e-05
145.097,0.0339672,-0.031205,5.26153e-05
145.097,0.0339562,-0.0312043,5.26116e-05
145.098,0.0339451,-0.0312037,5.26079e-05
145.098,0.0339341,-0.031203,5.26043e-05
145.098,0.033923,-0.0312023,5.26006e-05
145.099,0.033912,-0.0312017,5.25969e-05
145.099,0.033901,-0.031201,5.25932e-05
145.099,0.0338899,-0.0312003,5.25896e-05
145.1,0.0338789,-0.0311997,5.25859e-05
145.1,0.0338679,-0.031199,5.25822e-05
145.1,0.0338568,-0.0311983,5.25785e-05
145.101,0.0338458,-0.0311977,5.25749e-05
145.101,0.0338348,-0.031197,5.25712e-05
145.102,0.0338238,-0.0311963,5.25675e-05
145.102,0.0338128,-0.0311956,5.25638e-05
145.102,0.0338018,-0.031195,5.25602e-05
145.103,0.0337908,-0.0311943,5.25565e-05
145.103,0.0337797,-0.0311936,5.25528e-05
145.103,0.0337687,-0.031193,5.25491e-05
145.104,0.0337578,-0.0311923,5.25455e-05
145.104,0.0337468,-0.0311916,5.25418e-05
145.104,0.0337358,-0.0311909,5.25381e-05
145.105,0.0337248,-0.0311903,5.25345e-05
145.105,0.0337138,-0.0311896,5.25308e-05
145.105,0.0337028,-0.0311889,5.25271e-05
145.106,0.0336918,-0.0311882,5.25234e-05
145.106,0.0336809,-0.0311876,5.25198e-05
145.106,0.0336699,-0.0311869,5.25161e-05
145.107,0.0336589,-0.0311862,5.25124e-05
145.107,0.033648,-0.0311855,5.25088e-05
145.108,0.033637,-0.0311849,5.25051e-05
145.108,0.033626,-0.0311842,5.25014e-05
145.108,0.0336151,-0.0311835,5.24977e-05
145.109,0.0336041,-0.0311828,5.24941e-05
145.109,0.0335932,-0.0311821,5.24904e-05
145.109,0.0335822,-0.0311815,5.24867e-05
145.11,0.0335713,-0.0311808,5.24831e-05
145.11,0.0335603,-0.0311801,5.24794e-05
145.11,0.0335494,-0.0311794,5.24757e-05
145.111,0.0335385,-0.0311787,5.24721e-05
145.111,0.0335275,-0.0311781,5.24684e-05
145.111,0.0335166,-0.0311774,5.24647e-05
145.112,0.0335057,-0.0311767,5.24611e-05
145.112,0.0334948,-0.031176,5.24574e-05
145.112,0.0334838,-0.0311753,5.24537e-05
145.113,0.0334729,-0.0311747,5.24501e-05
145.113,0.033462,-0.031174,5.24464e-05
145.114,0.0334511,-0.0311733,5.24427e-05
145.114,0.0334402,-0.0311726,5.24391e-05
145.114,0.0334293,-0.0311719,5.24354e-05
145.115,0.0334184,-0.0311712,5.24317e-05
145.115,0.0334075,-0.0311706,5.24281e-05
145.115,0.0333966,-0.0311699,5.24244e-05
145.116,0.0333857,-0.0311692,5.24207e-05
145.116,0.0333748,-0.0311685,5.24171e-05
145.116,0.033364,-0.0311678,5.24134e-05
145.117,0.0333531,-0.0311671,5.24097e-05
145.117,0.0333422,-0.0311664,5.24061e-05
145.117,0.0333313,-0.0311658,5.24024e-05
145.118,0.0333204,-0.0311651,5.23987e-05
145.118,0.0333096,-0.0311644,5.23951e-05
145.118,0.0332987,-0.0311637,5.23914e-05
145.119,0.0332879,-0.031163,5.23878e-05
145.119,0.033277,-0.0311623,5.23841e-05
145.119,0.0332661,-0.0311616,5.23804e-05
145.12,0.0332553,-0.0311609,5.23768e-05
145.12,0.0332444,-0.0311602,5.23731e-05
145.12,0.0332336,-0.0311596,5.23694e-05
145.121,0.0332227,-0.0311589,5.23658e-05
145.121,0.0332119,-0.0311582,5.23621e-05
145.122,0.0332011,-0.0311575,5.23585e-05
145.122,0.0331902,-0.0311568,5.23548e-05
145.122,0.0331794,-0.0311561,5.23511e-05
145.123,0.0331686,-0.0311554,5.23475e-05
145.123,0.0331577,-0.0311547,5.23438e-05
145.123,0.0331469,-0.031154,5.23402e-05
145.124,0.0331361,-0.0311533,5.23365e-05
145.124,0.0331253,-0.0311526,5.23328e-05
145.124,0.0331145,-0.0311519,5.23292e-05
145.125,0.0331037,-0.0311512,5.23255e-05
145.125,0.0330929,-0.0311506,5.23219e-05
145.125,0.0330821,-0.0311499,5.23182e-05
145.126,0.0330713,-0.0311492,5.23145e-05
145.126,0.0330605,-0.0311485,5.23109e-05
145.126,0.0330497,-0.0311478,5.23072e-05
145.127,0.0330389,-0.0311471,5.23036e-05
145.127,0.0330281,-0.0311464,5.22999e-05
145.127,0.0330173,-0.0311457,5.22962e-05
145.128,0.0330065,-0.031145,5.22926e-05
145.128,0.0329957,-0.0311443,5.22889e-05
145.128,0.032985,-0.0311436,5.22853e-05
145.129,0.0329742,-0.0311429,5.22816e-05
145.129,0.0329634,-0.0311422,5.2278e-05
145.13,0.0329527,-0.0311415,5.22743e-05
145.13,0.0329419,-0.0311408,5.22707e-05
145.13,0.0329311,-0.0311401,5.2267e-05
145.131,0.0329204,-0.0311394,5.22633e-05
145.131,0.0329096,-0.0311387,5.22597e-05
145.131,0.0328989,-0.031138,5.2256e-05
145.132,0.0328881,-0.0311373,5.22524e-05
145.132,0.0328774,-0.0311366,5.22487e-05
145.132,0.0328667,-0.0311359,5.22451e-05
145.133,0.0328559,-0.0311352,5.22414e-05
145.133,0.0328452,-0.0311345,5.22378e-05
145.133,0.0328344,-0.0311338,5.22341e-05
145.134,0.0328237,-0.0311331,5.22305e-05
145.134,0.032813,-0.0311324,5.22268e-05
145.134,0.0328023,-0.0311317,5.22231e-05
145.135,0.0327915,-0.031131,5.22195e-05
145.135,0.0327808,-0.0311303,5.22158e-05
145.135,0.0327701,-0.0311296,5.22122e-05
145.136,0.0327594,-0.0311288,5.22085e-05
145.136,0.0327487,-0.0311281,5.22049e-05
145.136,0.032738,-0.0311274,5.22012e-05
145.137,0.0327273,-0.0311267,5.21976e-05
145.137,0.0327166,-0.031126,5.21939e-05
145.137,0.0327059,-0.0311253,5.21903e-05
145.138,0.0326952,-0.0311246,5.21866e-05
145.138,0.0326845,-0.0311239,5.2183e-05
145.138,0.0326738,-0.0311232,5.21793e-05
145.139,0.0326631,-0.0311225,5.21757e-05
145.139,0.0326525,-0.0311218,5.2172e-05
145.139,0.0326418,-0.0311211,5.21684e-05
145.14,0.0326311,-0.0311203,5.21647e-05
145.14,0.0326204,-0.0311196,5.21611e-05
145.141,0.0326098,-0.0311189,5.21574e-05
145.141,0.0325991,-0.0311182,5.21538e-05
145.141,0.0325885,-0.0311175,5.21501e-05
145.142,0.0325778,-0.0311168,5.21465e-05
145.142,0.0325671,-0.0311161,5.21428e-05
145.142,0.0325565,-0.0311154,5.21392e-05
145.143,0.0325458,-0.0311147,5.21355e-05
145.143,0.0325352,-0.0311139,5.21319e-05
145.143,0.0325245,-0.0311132,5.21282e-05
145.144,0.0325139,-0.0311125,5.21246e-05
145.144,0.0325033,-0.0311118,5.2121e-05
145.144,0.0324926,-0.0311111,5.21173e-05
145.145,0.032482,-0.0311104,5.21137e-05
145.145,0.0324714,-0.0311097,5.211e-05
145.145,0.0324608,-0.0311089,5.21064e-05
145.146,0.0324501,-0.0311082,5.21027e-05
145.146,0.0324395,-0.0311075,5.20991e-05
145.146,0.0324289,-0.0311068,5.20954e-05
145.147,0.0324183,-0.0311061,5.20918e-05
145.147,0.0324077,-0.0311054,5.20881e-05
145.147,0.0323971,-0.0311046,5.20845e-05
145.148,0.0323865,-0.0311039,5.20809e-05
145.148,0.0323759,-0.0311032,5.20772e-05
145.148,0.0323653,-0.0311025,5.20736e-05
145.149,0.0323547,-0.0311018,5.20699e-05
145.149,0.0323441,-0.031101,5.20663e-05
145.149,0.0323335,-0.0311003,5.20626e-05
145.15,0.0323229,-0.0310996,5.2059e-05
145.15,0.0323123,-0.0310989,5.20553e-05
145.15,0.0323017,-0.0310982,5.20517e-05
145.151,0.0322912,-0.0310974,5.20481e-05
145.151,0.0322806,-0.0310967,5.20444e-05
145.151,0.03227,-0.031096,5.20408e-05
145.152,0.0322595,-0.0310953,5.20371e-05
145.152,0.0322489,-0.0310945,5.20335e-05
145.152,0.0322383,-0.0310938,5.20299e-05
145.153,0.0322278,-0.0310931,5.20262e-05
145.153,0.0322172,-0.0310924,5.20226e-05
145.153,0.0322067,-0.0310917,5.20189e-05
145.154,0.0321961,-0.0310909,5.20153e-05
145.154,0.0321856,-0.0310902,5.20117e-05
145.154,0.032175,-0.0310895,5.2008e-05
145.155,0.0321645,-0.0310888,5.20044e-05
145.155,0.032154,-0.031088,5.20007e-05
145.156,0.0321434,-0.0310873,5.19971e-05
145.156,0.0321329,-0.0310866,5.19935e-05
145.156,0.0321224,-0.0310858,5.19898e-05
145.157,0.0321118,-0.0310851,5.19862e-05
145.157,0.0321013,-0.0310844,5.19825e-05
145.157,0.0320908,-0.0310837,5.19789e-05
145.158,0.0320803,-0.0310829,5.19753e-05
145.158,0.0320698,-0.0310822,5.19716e-05
145.158,0.0320593,-0.0310815,5.1968e-05
145.159,0.0320487,-0.0310807,5.19644e-05
145.159,0.0320382,-0.03108,5.19607e-05
145.159,0.0320277,-0.0310793,5.19571e-05
145.16,0.0320172,-0.0310786,5.19534e-05
145.16,0.0320067,-0.0310778,5.19498e-05
145.16,0.0319963,-0.0310771,5.19462e-05
145.161,0.0319858,-0.0310764,5.19425e-05
145.161,0.0319753,-0.0310756,5.19389e-05
145.161,0.0319648,-0.0310749,5.19353e-05
145.162,0.0319543,-0.0310742,5.19316e-05
145.162,0.0319438,-0.0310734,5.1928e-05
145.162,0.0319334,-0.0310727,5.19244e-05
145.163,0.0319229,-0.031072,5.19207e-05
145.163,0.0319124,-0.0310712,5.19171e-05
145.163,0.031902,-0.0310705,5.19135e-05
145.164,0.0318915,-0.0310697,5.19098e-05
145.164,0.031881,-0.031069,5.19062e-05
145.164,0.0318706,-0.0310683,5.19026e-05
145.165,0.0318601,-0.0310675,5.18989e-05
145.165,0.0318497,-0.0310668,5.18953e-05
145.165,0.0318392,-0.0310661,5.18917e-05
145.166,0.0318288,-0.0310653,5.1888e-05
145.166,0.0318184,-0.0310646,5.18844e-05
145.166,0.0318079,-0.0310639,5.18808e-05
145.167,0.0317975,-0.0310631,5.18771e-05
145.167,0.031787,-0.0310624,5.18735e-05
145.167,0.0317766,-0.0310616,5.18699e-05
145.168,0.0317662,-0.0310609,5.18662e-05
145.168,0.0317558,-0.0310602,5.18626e-05
145.168,0.0317453,-0.0310594,5.1859e-05
145.169,0.0317349,-0.0310587,5.18553e-05
145.169,0.0317245,-0.0310579,5.18517e-05
145.169,0.0317141,-0.0310572,5.18481e-05
145.17,0.0317037,-0.0310564,5.18444e-05
145.17,0.0316933,-0.0310557,5.18408e-05
145.17,0.0316829,-0.031055,5.18372e-05
145.171,0.0316725,-0.0310542,5.18336e-05
145.171,0.0316621,-0.0310535,5.18299e-05
145.171,0.0316517,-0.0310527,5.18263e-05
145.172,0.0316413,-0.031052,5.18227e-05
145.172,0.0316309,-0.0310512,5.1819e-05
145.172,0.0316205,-0.0310505,5.18154e-05
145.173,0.0316102,-0.0310497,5.18118e-05
145.173,0.0315998,-0.031049,5.18082e-05
145.173,0.0315894,-0.0310483,5.18045e-05
145.174,0.031579,-0.0310475,5.18009e-05
145.174,0.0315687,-0.0310468,5.17973e-05
145.174,0.0315583,-0.031046,5.17936e-05
145.175,0.0315479,-0.0310453,5.179e-05
145.175,0.0315376,-0.0310445,5.17864e-05
145.175,0.0315272,-0.0310438,5.17828e-05
145.176,0.0315169,-0.031043,5.17791e-05
145.176,0.0315065,-0.0310423,5.17755e-05
145.176,0.0314962,-0.0310415,5.17719e-05
145.177,0.0314858,-0.0310408,5.17683e-05
145.177,0.0314755,-0.03104,5.17646e-05
145.177,0.0314651,-0.0310393,5.1761e-05
145.178,0.0314548,-0.0310385,5.17574e-05
145.178,0.0314445,-0.0310378,5.17538e-05
145.178,0.0314341,-0.031037,5.17501e-05
145.179,0.0314238,-0.0310363,5.17465e-05
145.179,0.0314135,-0.0310355,5.17429e-05
145.179,0.0314032,-0.0310348,5.17393e-05
145.18,0.0313928,-0.031034,5.17356e-05
145.18,0.0313825,-0.0310333,5.1732e-05
145.18,0.0313722,-0.0310325,5.17284e-05
145.181,0.0313619,-0.0310317,5.17248e-05
145.181,0.0313516,-0.031031,5.17212e-05
145.181,0.0313413,-0.0310302,5.17175e-05
145.182,0.031331,-0.0310295,5.17139e-05
145.182,0.0313207,-0.0310287,5.17103e-05
145.182,0.0313104,-0.031028,5.17067e-05
145.183,0.0313001,-0.0310272,5.1703e-05
145.183,0.0312898,-0.0310264,5.16994e-05
145.183,0.0312795,-0.0310257,5.16958e-05
145.184,0.0312692,-0.0310249,5.16922e-05
145.184,0.031259,-0.0310242,5.16886e-05
145.184,0.0312487,-0.0310234,5.16849e-05
145.185,0.0312384,-0.0310227,5.16813e-05
145.185,0.0312281,-0.0310219,5.16777e-05
145.185,0.0312179,-0.0310211,5.16741e-05
145.186,0.0312076,-0.0310204,5.16705e-05
145.186,0.0311973,-0.0310196,5.16668e-05
145.186,0.0311871,-0.0310189,5.16632e-05
145.187,0.0311768,-0.0310181,5.16596e-05
145.187,0.0311666,-0.0310173,5.1656e-05
145.187,0.0311563,-0.0310166,5.16524e-05
145.188,0.0311461,-0.0310158,5.16487e-05
145.188,0.0311358,-0.031015,5.16451e-05
145.188,0.0311256,-0.0310143,5.16415e-05
145.189,0.0311153,-0.0310135,5.16379e-05
145.189,0.0311051,-0.0310128,5.16343e-05
145.189,0.0310949,-0.031012,5.16307e-05
145.19,0.0310846,-0.0310112,5.1627e-05
145.19,0.0310744,-0.0310105,5.16234e-05
145.19,0.0310642,-0.0310097,5.16198e-05
145.191,0.0310539,-0.0310089,5.16162e-05
145.191,0.0310437,-0.0310082,5.16126e-05
145.191,0.0310335,-0.0310074,5.1609e-05
145.192,0.0310233,-0.0310066,5.16053e-05
145.192,0.0310131,-0.0310059,5.16017e-05
145.192,0.0310029,-0.0310051,5.15981e-05
145.193,0.0309927,-0.0310043,5.15945e-05
145.193,0.0309825,-0.0310036,5.15909e-05
145.193,0.0309723,-0.0310028,5.15873e-05
145.194,0.0309621,-0.031002,5.15837e-05
145.194,0.0309519,-0.0310012,5.158e-05
145.194,0.0309417,-0.0310005,5.15764e-05
145.195,0.0309315,-0.0309997,5.15728e-05
145.195,0.0309213,-0.0309989,5.15692e-05
145.195,0.0309111,-0.0309982,5.15656e-05
145.196,0.030901,-0.0309974,5.1562e-05
145.196,0.0308908,-0.0309966,5.15584e-05
145.196,0.0308806,-0.0309958,5.15547e-05
145.197,0.0308704,-0.0309951,5.15511e-05
145.197,0.0308603,-0.0309943,5.15475e-05
145.197,0.0308501,-0.0309935,5.15439e-05
145.198,0.03084,-0.0309928,5.15403e-05
145.198,0.0308298,-0.030992,5.15367e-05
145.198,0.0308196,-0.0309912,5.15331e-05
145.198,0.0308095,-0.0309904,5.15295e-05
145.199,0.0307993,-0.0309897,5.15259e-05
145.199,0.0307892,-0.0309889,5.15222e-05
145.199,0.030779,-0.0309881,5.15186e-05
145.2,0.0307689,-0.0309873,5.1515e-05
145.2,0.0307588,-0.0309865,5.15114e-05
145.2,0.0307486,-0.0309858,5.15078e-05
145.201,0.0307385,-0.030985,5.15042e-05
145.201,0.0307284,-0.0309842,5.15006e-05
145.201,0.0307182,-0.0309834,5.1497e-05
145.202,0.0307081,-0.0309827,5.14934e-05
145.202,0.030698,-0.0309819,5.14898e-05
145.202,0.0306879,-0.0309811,5.14861e-05
145.203,0.0306778,-0.0309803,5.14825e-05
145.203,0.0306677,-0.0309795,5.14789e-05
145.203,0.0306575,-0.0309788,5.14753e-05
145.204,0.0306474,-0.030978,5.14717e-05
145.204,0.0306373,-0.0309772,5.14681e-05
145.204,0.0306272,-0.0309764,5.14645e-05
145.205,0.0306171,-0.0309756,5.14609e-05
145.205,0.030607,-0.0309748,5.14573e-05
145.205,0.0305969,-0.0309741,5.14537e-05
145.206,0.0305869,-0.0309733,5.14501e-05
145.206,0.0305768,-0.0309725,5.14465e-05
145.206,0.0305667,-0.0309717,5.14429e-05
145.207,0.0305566,-0.0309709,5.14392e-05
145.207,0.0305465,-0.0309701,5.14356e-05
145.207,0.0305365,-0.0309694,5.1432e-05
145.208,0.0305264,-0.0309686,5.14284e-05
145.208,0.0305163,-0.0309678,5.14248e-05
145.208,0.0305063,-0.030967,5.14212e-05
145.209,0.0304962,-0.0309662,5.14176e-05
145.209,0.0304861,-0.0309654,5.1414e-05
145.209,0.0304761,-0.0309646,5.14104e-05
145.21,0.030466,-0.0309638,5.14068e-05
145.21,0.030456,-0.0309631,5.14032e-05
145.21,0.0304459,-0.0309623,5.13996e-05
145.211,0.0304359,-0.0309615,5.1396e-05
145.211,0.0304258,-0.0309607,5.13924e-05
145.211,0.0304158,-0.0309599,5.13888e-05
145.212,0.0304058,-0.0309591,5.13852e-05
145.212,0.0303957,-0.0309583,5.13816e-05
145.212,0.0303857,-0.0309575,5.1378e-05
145.212,0.0303757,-0.0309567,5.13744e-05
145.213,0.0303656,-0.0309559,5.13708e-05
145.213,0.0303556,-0.0309551,5.13672e-05
145.213,0.0303456,-0.0309543,5.13636e-05
145.214,0.0303356,-0.0309536,5.136e-05
145.214,0.0303256,-0.0309528,5.13564e-05
145.214,0.0303155,-0.030952,5.13528e-05
145.215,0.0303055,-0.0309512,5.13492e-05
145.215,0.0302955,-0.0309504,5.13456e-05
145.215,0.0302855,-0.0309496,5.1342e-05
145.216,0.0302755,-0.0309488,5.13384e-05
145.216,0.0302655,-0.030948,5.13348e-05
145.216,0.0302555,-0.0309472,5.13312e-05
145.217,0.0302455,-0.0309464,5.13276e-05
145.217,0.0302356,-0.0309456,5.1324e-05
145.217,0.0302256,-0.0309448,5.13204e-05
145.218,0.0302156,-0.030944,5.13168e-05
145.218,0.0302056,-0.0309432,5.13132e-05
145.218,0.0301956,-0.0309424,5.13096e-05
145.219,0.0301857,-0.0309416,5.1306e-05
145.219,0.0301757,-0.0309408,5.13024e-05
145.219,0.0301657,-0.03094,5.12988e-05
145.22,0.0301557,-0.0309392,5.12952e-05
145.22,0.0301458,-0.0309384,5.12916e-05
145.22,0.0301358,-0.0309376,5.1288e-05
145.221,0.0301259,-0.0309368,5.12844e-05
145.221,0.0301159,-0.030936,5.12808e-05
145.221,0.030106,-0.0309352,5.12772e-05
145.222,0.030096,-0.0309344,5.12736e-05
145.222,0.0300861,-0.0309336,5.127e-05
145.222,0.0300761,-0.0309328,5.12664e-05
145.222,0.0300662,-0.030932,5.12628e-05
145.223,0.0300562,-0.0309312,5.12592e-05
145.223,0.0300463,-0.0309304,5.12556e-05
145.223,0.0300364,-0.0309296,5.1252e-05
145.224,0.0300264,-0.0309288,5.12484e-05
145.224,0.0300165,-0.030928,5.12448e-05
145.224,0.0300066,-0.0309271,5.12412e-05
145.225,0.0299967,-0.0309263,5.12376e-05
145.225,0.0299868,-0.0309255,5.1234e-05
145.225,0.0299768,-0.0309247,5.12305e-05
145.226,0.0299669,-0.0309239,5.12269e-05
145.226,0.029957,-0.0309231,5.12233e-05
145.226,0.0299471,-0.0309223,5.12197e-05
145.227,0.0299372,-0.0309215,5.12161e-05
145.227,0.0299273,-0.0309207,5.12125e-05
145.227,0.0299174,-0.0309199,5.12089e-05
145.228,0.0299075,-0.0309191,5.12053e-05
145.228,0.0298976,-0.0309182,5.12017e-05
145.228,0.0298877,-0.0309174,5.11981e-05
145.229,0.0298778,-0.0309166,5.11945e-05
145.229,0.029868,-0.0309158,5.11909e-05
145.229,0.0298581,-0.030915,5.11873e-05
145.23,0.0298482,-0.0309142,5.11838e-05
145.23,0.0298383,-0.0309134,5.11802e-05
145.23,0.0298285,-0.0309126,5.11766e-05
145.231,0.0298186,-0.0309117,5.1173e-05
145.231,0.0298087,-0.0309109,5.11694e-05
145.231,0.0297989,-0.0309101,5.11658e-05
145.231,0.029789,-0.0309093,5.11622e-05
145.232,0.0297791,-0.0309085,5.11586e-05
145.232,0.0297693,-0.0309077,5.1155e-05
145.232,0.0297594,-0.0309068,5.11514e-05
145.233,0.0297496,-0.030906,5.11479e-05
145.233,0.0297397,-0.0309052,5.11443e-05
145.233,0.0297299,-0.0309044,5.11407e-05
145.234,0.02972,-0.0309036,5.11371e-05
145.234,0.0297102,-0.0309028,5.11335e-05
145.234,0.0297004,-0.0309019,5.11299e-05
145.235,0.0296905,-0.0309011,5.11263e-05
145.235,0.0296807,-0.0309003,5.11227e-05
145.235,0.0296709,-0.0308995,5.11191e-05
145.236,0.0296611,-0.0308987,5.11156e-05
145.236,0.0296512,-0.0308978,5.1112e-05
145.236,0.0296414,-0.030897,5.11084e-05
145.237,0.0296316,-0.0308962,5.11048e-05
145.237,0.0296218,-0.0308954,5.11012e-05
145.237,0.029612,-0.0308946,5.10976e-05
145.238,0.0296022,-0.0308937,5.1094e-05
145.238,0.0295924,-0.0308929,5.10905e-05
145.238,0.0295826,-0.0308921,5.10869e-05
145.238,0.0295728,-0.0308913,5.10833e-05
145.239,0.029563,-0.0308904,5.10797e-05
145.239,0.0295532,-0.0308896,5.10761e-05
145.239,0.0295434,-0.0308888,5.10725e-05
145.24,0.0295336,-0.030888,5.10689e-05
145.24,0.0295238,-0.0308871,5.10654e-05
145.24,0.029514,-0.0308863,5.10618e-05
145.241,0.0295042,-0.0308855,5.10582e-05
145.241,0.0294945,-0.0308846,5.10546e-05
145.241,0.0294847,-0.0308838,5.1051e-05
145.242,0.0294749,-0.030883,5.10474e-05
145.242,0.0294651,-0.0308822,5.10439e-05
145.242,0.0294554,-0.0308813,5.10403e-05
145.243,0.0294456,-0.0308805,5.10367e-05
145.243,0.0294358,-0.0308797,5.10331e-05
145.243,0.0294261,-0.0308788,5.10295e-05
145.244,0.0294163,-0.030878,5.10259e-05
145.244,0.0294066,-0.0308772,5.10224e-05
145.244,0.0293968,-0.0308763,5.10188e-05
145.244,0.0293871,-0.0308755,5.10152e-05
145.245,0.0293773,-0.0308747,5.10116e-05
145.245,0.0293676,-0.0308739,5.1008e-05
145.245,0.0293579,-0.030873,5.10045e-05
145.246,0.0293481,-0.0308722,5.10009e-05
145.246,0.0293384,-0.0308713,5.09973e-05
145.246,0.0293287,-0.0308705,5.09937e-05
145.247,0.0293189,-0.0308697,5.09901e-05
145.247,0.0293092,-0.0308688,5.09865e-05
145.247,0.0292995,-0.030868,5.0983e-05
145.248,0.0292898,-0.0308672,5.09794e-05
145.248,0.0292801,-0.0308663,5.09758e-05
145.248,0.0292703,-0.0308655,5.09722e-05
145.249,0.0292606,-0.0308647,5.09687e-05
145.249,0.0292509,-0.0308638,5.09651e-05
145.249,0.0292412,-0.030863,5.09615e-05
145.25,0.0292315,-0.0308621,5.09579e-05
145.25,0.0292218,-0.0308613,5.09543e-05
145.25,0.0292121,-0.0308605,5.09508e-05
145.25,0.0292024,-0.0308596,5.09472e-05
145.251,0.0291927,-0.0308588,5.09436e-05
145.251,0.029183,-0.0308579,5.094e-05
145.251,0.0291734,-0.0308571,5.09364e-05
145.252,0.0291637,-0.0308563,5.09329e-05
145.252,0.029154,-0.0308554,5.09293e-05
145.252,0.0291443,-0.0308546,5.09257e-05
145.253,0.0291346,-0.0308537,5.09221e-05
145.253,0.029125,-0.0308529,5.09186e-05
145.253,0.0291153,-0.0308521,5.0915e-05
145.254,0.0291056,-0.0308512,5.09114e-05
145.254,0.029096,-0.0308504,5.09078e-05
145.254,0.0290863,-0.0308495,5.09043e-05
145.255,0.0290766,-0.0308487,5.09007e-05
145.255,0.029067,-0.0308478,5.08971e-05
145.255,0.0290573,-0.030847,5.08935e-05
145.255,0.0290477,-0.0308461,5.089e-05
145.256,0.029038,-0.0308453,5.08864e-05
145.256,0.0290284,-0.0308444,5.08828e-05
145.256,0.0290188,-0.0308436,5.08792e-05
145.257,0.0290091,-0.0308427,5.08757e-05
145.257,0.0289995,-0.0308419,5.08721e-05
145.257,0.0289898,-0.030841,5.08685e-05
145.258,0.0289802,-0.0308402,5.08649e-05
145.258,0.0289706,-0.0308393,5.08614e-05
145.258,0.028961,-0.0308385,5.08578e-05
145.259,0.0289513,-0.0308376,5.08542e-05
145.259,0.0289417,-0.0308368,5.08507e-05
145.259,0.0289321,-0.0308359,5.08471e-05
145.26,0.0289225,-0.0308351,5.08435e-05
145.26,0.0289129,-0.0308342,5.08399e-05
145.26,0.0289033,-0.0308334,5.08364e-05
145.26,0.0288937,-0.0308325,5.08328e-05
145.261,0.0288841,-0.0308317,5.08292e-05
145.261,0.0288744,-0.0308308,5.08257e-05
145.261,0.0288649,-0.03083,5.08221e-05
145.262,0.0288553,-0.0308291,5.08185e-05
145.262,0.0288457,-0.0308283,5.08149e-05
145.262,0.0288361,-0.0308274,5.08114e-05
145.263,0.0288265,-0.0308266,5.08078e-05
145.263,0.0288169,-0.0308257,5.08042e-05
145.263,0.0288073,-0.0308248,5.08007e-05
145.264,0.0287977,-0.030824,5.07971e-05
145.264,0.0287882,-0.0308231,5.07935e-05
145.264,0.0287786,-0.0308223,5.079e-05
145.265,0.028769,-0.0308214,5.07864e-05
145.265,0.0287594,-0.0308205,5.07828e-05
145.265,0.0287499,-0.0308197,5.07793e-05
145.265,0.0287403,-0.0308188,5.07757e-05
145.266,0.0287308,-0.030818,5.07721e-05
145.266,0.0287212,-0.0308171,5.07685e-05
145.266,0.0287116,-0.0308162,5.0765e-05
145.267,0.0287021,-0.0308154,5.07614e-05
145.267,0.0286925,-0.0308145,5.07578e-05
145.267,0.028683,-0.0308137,5.07543e-05
145.268,0.0286735,-0.0308128,5.07507e-05
145.268,0.0286639,-0.0308119,5.07471e-05
145.268,0.0286544,-0.0308111,5.07436e-05
145.269,0.0286448,-0.0308102,5.074e-05
145.269,0.0286353,-0.0308093,5.07364e-05
145.269,0.0286258,-0.0308085,5.07329e-05
145.269,0.0286163,-0.0308076,5.07293e-05
145.27,0.0286067,-0.0308067,5.07258e-05
145.27,0.0285972,-0.0308059,5.07222e-05
145.27,0.0285877,-0.030805,5.07186e-05
145.271,0.0285782,-0.0308042,5.07151e-05
145.271,0.0285687,-0.0308033,5.07115e-05
145.271,0.0285591,-0.0308024,5.07079e-05
145.272,0.0285496,-0.0308015,5.07044e-05
145.272,0.0285401,-0.0308007,5.07008e-05
145.272,0.0285306,-0.0307998,5.06972e-05
145.273,0.0285211,-0.0307989,5.06937e-05
145.273,0.0285116,-0.0307981,5.06901e-05
145.273,0.0285021,-0.0307972,5.06865e-05
145.273,0.0284926,-0.0307963,5.0683e-05
145.274,0.0284831,-0.0307955,5.06794e-05
145.274,0.0284737,-0.0307946,5.06759e-05
145.274,0.0284642,-0.0307937,5.06723e-05
145.275,0.0284547,-0.0307928,5.06687e-05
145.275,0.0284452,-0.030792,5.06652e-05
145.275,0.0284357,-0.0307911,5.06616e-05
145.276,0.0284263,-0.0307902,5.0658e-05
145.276,0.0284168,-0.0307893,5.06545e-05
145.276,0.0284073,-0.0307885,5.06509e-05
145.277,0.0283979,-0.0307876,5.06474e-05
145.277,0.0283884,-0.0307867,5.06438e-05
145.277,0.0283789,-0.0307858,5.06402e-05
145.277,0.0283695,-0.030785,5.06367e-05
145.278,0.02836,-0.0307841,5.06331e-05
145.278,0.0283506,-0.0307832,5.06296e-05
145.278,0.0283411,-0.0307823,5.0626e-05
145.279,0.0283317,-0.0307815,5.06224e-05
145.279,0.0283222,-0.0307806,5.06189e-05
145.279,0.0283128,-0.0307797,5.06153e-05
145.28,0.0283034,-0.0307788,5.06118e-05
145.28,0.0282939,-0.0307779,5.06082e-05
145.28,0.0282845,-0.0307771,5.06046e-05
145.281,0.0282751,-0.0307762,5.06011e-05
145.281,0.0282656,-0.0307753,5.05975e-05
145.281,0.0282562,-0.0307744,5.0594e-05
145.281,0.0282468,-0.0307735,5.05904e-05
145.282,0.0282374,-0.0307727,5.05869e-05
145.282,0.0282279,-0.0307718,5.05833e-05
145.282,0.0282185,-0.0307709,5.05797e-05
145.283,0.0282091,-0.03077,5.05762e-05
145.283,0.0281997,-0.0307691,5.05726e-05
145.283,0.0281903,-0.0307682,5.05691e-05
145.284,0.0281809,-0.0307674,5.05655e-05
145.284,0.0281715,-0.0307665,5.0562e-05
145.284,0.0281621,-0.0307656,5.05584e-05
145.285,0.0281527,-0.0307647,5.05548e-05
145.285,0.0281433,-0.0307638,5.05513e-05
145.285,0.0281339,-0.0307629,5.05477e-05
145.285,0.0281245,-0.030762,5.05442e-05
145.286,0.0281151,-0.0307612,5.05406e-05
145.286,0.0281058,-0.0307603,5.05371e-05
145.286,0.0280964,-0.0307594,5.05335e-05
145.287,0.028087,-0.0307585,5.053e-05
145.287,0.0280776,-0.0307576,5.05264e-05
145.287,0.0280683,-0.0307567,5.05229e-05
145.288,0.0280589,-0.0307558,5.05193e-05
145.288,0.0280495,-0.0307549,5.05157e-05
145.288,0.0280402,-0.030754,5.05122e-05
145.288,0.0280308,-0.0307531,5.05086e-05
145.289,0.0280214,-0.0307523,5.05051e-05
145.289,0.0280121,-0.0307514,5.05015e-05
145.289,0.0280027,-0.0307505,5.0498e-05
145.29,0.0279934,-0.0307496,5.04944e-05
145.29,0.027984,-0.0307487,5.04909e-05
145.29,0.0279747,-0.0307478,5.04873e-05
145.291,0.0279653,-0.0307469,5.04838e-05
145.291,0.027956,-0.030746,5.04802e-05
145.291,0.0279467,-0.0307451,5.04767e-05
145.292,0.0279373,-0.0307442,5.04731e-05
145.292,0.027928,-0.0307433,5.04696e-05
145.292,0.0279187,-0.0307424,5.0466e-05
145.292,0.0279093,-0.0307415,5.04625e-05
145.293,0.0279,-0.0307406,5.04589e-05
145.293,0.0278907,-0.0307397,5.04554e-05
145.293,0.0278814,-0.0307388,5.04518e-05
145.294,0.0278721,-0.0307379,5.04483e-05
145.294,0.0278628,-0.030737,5.04447e-05
145.294,0.0278534,-0.0307361,5.04412e-05
145.295,0.0278441,-0.0307352,5.04376e-05
145.295,0.0278348,-0.0307343,5.04341e-05
145.295,0.0278255,-0.0307334,5.04305e-05
145.295,0.0278162,-0.0307325,5.0427e-05
145.296,0.0278069,-0.0307316,5.04234e-05
145.296,0.0277976,-0.0307307,5.04199e-05
145.296,0.0277883,-0.0307298,5.04163e-05
145.297,0.0277791,-0.0307289,5.04128e-05
145.297,0.0277698,-0.030728,5.04092e-05
145.297,0.0277605,-0.0307271,5.04057e-05
145.298,0.0277512,-0.0307262,5.04021e-05
145.298,0.0277419,-0.0307253,5.03986e-05
145.298,0.0277326,-0.0307244,5.0395e-05
145.298,0.0277234,-0.0307235,5.03915e-05
145.299,0.0277141,-0.0307226,5.03879e-05
145.299,0.0277048,-0.0307217,5.03844e-05
145.299,0.0276956,-0.0307208,5.03808e-05
145.3,0.0276863,-0.0307198,5.03773e-05
145.3,0.027677,-0.0307189,5.03738e-05
145.3,0.0276678,-0.030718,5.03702e-05
145.301,0.0276585,-0.0307171,5.03667e-05
145.301,0.0276493,-0.0307162,5.03631e-05
145.301,0.02764,-0.0307153,5.03596e-05
145.302,0.0276308,-0.0307144,5.0356e-05
145.302,0.0276215,-0.0307135,5.03525e-05
145.302,0.0276123,-0.0307126,5.03489e-05
145.302,0.0276031,-0.0307117,5.03454e-05
145.303,0.0275938,-0.0307107,5.03418e-05
145.303,0.0275846,-0.0307098,5.03383e-05
145.303,0.0275753,-0.0307089,5.03348e-05
145.304,0.0275661,-0.030708,5.03312e-05
145.304,0.0275569,-0.0307071,5.03277e-05
145.304,0.0275477,-0.0307062,5.03241e-05
145.305,0.0275384,-0.0307053,5.03206e-05
145.305,0.0275292,-0.0307044,5.0317e-05
145.305,0.02752,-0.0307034,5.03135e-05
145.305,0.0275108,-0.0307025,5.031e-05
145.306,0.0275016,-0.0307016,5.03064e-05
145.306,0.0274924,-0.0307007,5.03029e-05
145.306,0.0274832,-0.0306998,5.02993e-05
145.307,0.027474,-0.0306989,5.02958e-05
145.307,0.0274648,-0.0306979,5.02922e-05
145.307,0.0274556,-0.030697,5.02887e-05
145.308,0.0274464,-0.0306961,5.02852e-05
145.308,0.0274372,-0.0306952,5.02816e-05
145.308,0.027428,-0.0306943,5.02781e-05
145.308,0.0274188,-0.0306933,5.02745e-05
145.309,0.0274096,-0.0306924,5.0271e-05
145.309,0.0274004,-0.0306915,5.02675e-05
145.309,0.0273913,-0.0306906,5.02639e-05
145.31,0.0273821,-0.0306897,5.02604e-05
145.31,0.0273729,-0.0306887,5.02568e-05
145.31,0.0273637,-0.0306878,5.02533e-05
145.31,0.0273546,-0.0306869,5.02498e-05
145.311,0.0273454,-0.030686,5.02462e-05
145.311,0.0273362,-0.030685,5.02427e-05
145.311,0.0273271,-0.0306841,5.02391e-05
145.312,0.0273179,-0.0306832,5.02356e-05
145.312,0.0273088,-0.0306823,5.02321e-05
145.312,0.0272996,-0.0306813,5.02285e-05
145.313,0.0272905,-0.0306804,5.0225e-05
145.313,0.0272813,-0.0306795,5.02215e-05
145.313,0.0272722,-0.0306786,5.02179e-05
145.313,0.027263,-0.0306776,5.02144e-05
145.314,0.0272539,-0.0306767,5.02108e-05
145.314,0.0272447,-0.0306758,5.02073e-05
145.314,0.0272356,-0.0306748,5.02038e-05
145.315,0.0272265,-0.0306739,5.02002e-05
145.315,0.0272173,-0.030673,5.01967e-05
145.315,0.0272082,-0.030672,5.01932e-05
145.316,0.0271991,-0.0306711,5.01896e-05
145.316,0.02719,-0.0306702,5.01861e-05
145.316,0.0271808,-0.0306693,5.01826e-05
145.316,0.0271717,-0.0306683,5.0179e-05
145.317,0.0271626,-0.0306674,5.01755e-05
145.317,0.0271535,-0.0306665,5.01719e-05
145.317,0.0271444,-0.0306655,5.01684e-05
145.318,0.0271353,-0.0306646,5.01649e-05
145.318,0.0271262,-0.0306637,5.01613e-05
145.318,0.0271171,-0.0306627,5.01578e-05
145.319,0.027108,-0.0306618,5.01543e-05
145.319,0.0270989,-0.0306608,5.01507e-05
145.319,0.0270898,-0.0306599,5.01472e-05
145.319,0.0270807,-0.030659,5.01437e-05
145.32,0.0270716,-0.030658,5.01401e-05
145.32,0.0270625,-0.0306571,5.01366e-05
145.32,0.0270534,-0.0306562,5.01331e-05
145.321,0.0270444,-0.0306552,5.01295e-05
145.321,0.0270353,-0.0306543,5.0126e-05
145.321,0.0270262,-0.0306533,5.01225e-05
145.321,0.0270171,-0.0306524,5.01189e-05
145.322,0.0270081,-0.0306515,5.01154e-05
145.322,0.026999,-0.0306505,5.01119e-05
145.322,0.0269899,-0.0306496,5.01083e-05
145.323,0.0269809,-0.0306486,5.01048e-05
145.323,0.0269718,-0.0306477,5.01013e-05
145.323,0.0269627,-0.0306468,5.00978e-05
145.324,0.0269537,-0.0306458,5.00942e-05
145.324,0.0269446,-0.0306449,5.00907e-05
145.324,0.0269356,-0.0306439,5.00872e-05
145.324,0.0269265,-0.030643,5.00836e-05
145.325,0.0269175,-0.030642,5.00801e-05
145.325,0.0269085,-0.0306411,5.00766e-05
145.325,0.0268994,-0.0306401,5.0073e-05
145.326,0.0268904,-0.0306392,5.00695e-05
145.326,0.0268813,-0.0306382,5.0066e-05
145.326,0.0268723,-0.0306373,5.00625e-05
145.327,0.0268633,-0.0306364,5.00589e-05
145.327,0.0268543,-0.0306354,5.00554e-05
145.327,0.0268452,-0.0306345,5.00519e-05
145.327,0.0268362,-0.0306335,5.00483e-05
145.328,0.0268272,-0.0306326,5.00448e-05
145.328,0.0268182,-0.0306316,5.00413e-05
145.328,0.0268092,-0.0306307,5.00378e-05
145.329,0.0268001,-0.0306297,5.00342e-05
145.329,0.0267911,-0.0306288,5.00307e-05
145.329,0.0267821,-0.0306278,5.00272e-05
145.329,0.0267731,-0.0306269,5.00236e-05
145.33,0.0267641,-0.0306259,5.00201e-05
145.33,0.0267551,-0.0306249,5.00166e-05
145.33,0.0267461,-0.030624,5.00131e-05
145.331,0.0267371,-0.030623,5.00095e-05
145.331,0.0267281,-0.0306221,5.0006e-05
145.331,0.0267192,-0.0306211,5.00025e-05
145.332,0.0267102,-0.0306202,4.9999e-05
145.332,0.0267012,-0.0306192,4.99954e-05
145.332,0.0266922,-0.0306183,4.99919e-05
145.332,0.0266832,-0.0306173,4.99884e-05
145.333,0.0266742,-0.0306163,4.99849e-05
145.333,0.0266653,-0.0306154,4.99813e-05
145.333,0.0266563,-0.0306144,4.99778e-05
145.334,0.0266473,-0.0306135,4.99743e-05
145.334,0.0266384,-0.0306125,4.99708e-05
145.334,0.0266294,-0.0306116,4.99672e-05
145.334,0.0266204,-0.0306106,4.99637e-05
145.335,0.0266115,-0.0306096,4.99602e-05
145.335,0.0266025,-0.0306087,4.99567e-05
145.335,0.0265936,-0.0306077,4.99531e-05
145.336,0.0265846,-0.0306068,4.99496e-05
145.336,0.0265757,-0.0306058,4.99461e-05
145.336,0.0265667,-0.0306048,4.99426e-05
145.336,0.0265578,-0.0306039,4.9939e-05
145.337,0.0265488,-0.0306029,4.99355e-05
145.337,0.0265399,-0.0306019,4.9932e-05
145.337,0.026531,-0.030601,4.99285e-05
145.338,0.026522,-0.0306,4.9925e-05
145.338,0.0265131,-0.030599,4.99214e-05
145.338,0.0265042,-0.0305981,4.99179e-05
145.339,0.0264953,-0.0305971,4.99144e-05
145.339,0.0264863,-0.0305961,4.99109e-05
145.339,0.0264774,-0.0305952,4.99074e-05
145.339,0.0264685,-0.0305942,4.99038e-05
145.34,0.0264596,-0.0305932,4.99003e-05
145.34,0.0264507,-0.0305923,4.98968e-05
145.34,0.0264418,-0.0305913,4.98933e-05
145.341,0.0264329,-0.0305903,4.98897e-05
145.341,0.0264239,-0.0305894,4.98862e-05
145.341,0.026415,-0.0305884,4.98827e-05
145.341,0.0264061,-0.0305874,4.98792e-05
145.342,0.0263972,-0.0305865,4.98757e-05
145.342,0.0263884,-0.0305855,4.98722e-05
145.342,0.0263795,-0.0305845,4.98686e-05
145.343,0.0263706,-0.0305835,4.98651e-05
145.343,0.0263617,-0.0305826,4.98616e-05
145.343,0.0263528,-0.0305816,4.98581e-05
145.343,0.0263439,-0.0305806,4.98546e-05
145.344,0.026335,-0.0305796,4.9851e-05
145.344,0.0263262,-0.0305787,4.98475e-05
145.344,0.0263173,-0.0305777,4.9844e-05
145.345,0.0263084,-0.0305767,4.98405e-05
145.345,0.0262995,-0.0305757,4.9837e-05
145.345,0.0262907,-0.0305748,4.98335e-05
145.346,0.0262818,-0.0305738,4.98299e-05
145.346,0.0262729,-0.0305728,4.98264e-05
145.346,0.0262641,-0.0305718,4.98229e-05
145.346,0.0262552,-0.0305708,4.98194e-05
145.347,0.0262464,-0.0305699,4.98159e-05
145.347,0.0262375,-0.0305689,4.98124e-05
145.347,0.0262287,-0.0305679,4.98088e-05
145.348,0.0262198,-0.0305669,4.98053e-05
145.348,0.026211,-0.0305659,4.98018e-05
145.348,0.0262021,-0.030565,4.97983e-05
145.348,0.0261933,-0.030564,4.97948e-05
145.349,0.0261845,-0.030563,4.97913e-05
145.349,0.0261756,-0.030562,4.97877e-05
145.349,0.0261668,-0.030561,4.97842e-05
145.35,0.026158,-0.0305601,4.97807e-05
145.35,0.0261491,-0.0305591,4.97772e-05
145.35,0.0261403,-0.0305581,4.97737e-05
145.35,0.0261315,-0.0305571,4.97702e-05
145.351,0.0261227,-0.0305561,4.97667e-05
145.351,0.0261139,-0.0305551,4.97631e-05
145.351,0.026105,-0.0305541,4.97596e-05
145.352,0.0260962,-0.0305532,4.97561e-05
145.352,0.0260874,-0.0305522,4.97526e-05
145.352,0.0260786,-0.0305512,4.97491e-05
145.352,0.0260698,-0.0305502,4.97456e-05
145.353,0.026061,-0.0305492,4.97421e-05
145.353,0.0260522,-0.0305482,4.97386e-05
145.353,0.0260434,-0.0305472,4.9735e-05
145.354,0.0260346,-0.0305462,4.97315e-05
145.354,0.0260258,-0.0305452,4.9728e-05
145.354,0.026017,-0.0305442,4.97245e-05
145.354,0.0260082,-0.0305433,4.9721e-05
145.355,0.0259995,-0.0305423,4.97175e-05
145.355,0.0259907,-0.0305413,4.9714e-05
145.355,0.0259819,-0.0305403,4.97105e-05
145.356,0.0259731,-0.0305393,4.9707e-05
145.356,0.0259643,-0.0305383,4.97034e-05
145.356,0.0259556,-0.0305373,4.96999e-05
145.356,0.0259468,-0.0305363,4.96964e-05
145.357,0.025938,-0.0305353,4.96929e-05
145.357,0.0259293,-0.0305343,4.96894e-05
145.357,0.0259205,-0.0305333,4.96859e-05
145.358,0.0259117,-0.0305323,4.96824e-05
145.358,0.025903,-0.0305313,4.96789e-05
145.358,0.0258942,-0.0305303,4.96754e-05
145.358,0.0258855,-0.0305293,4.96719e-05
145.359,0.0258767,-0.0305283,4.96684e-05
145.359,0.025868,-0.0305273,4.96648e-05
145.359,0.0258592,-0.0305263,4.96613e-05
145.36,0.0258505,-0.0305253,4.96578e-05
145.36,0.0258418,-0.0305243,4.96543e-05
145.36,0.025833,-0.0305233,4.96508e-05
145.36,0.0258243,-0.0305223,4.96473e-05
145.361,0.0258155,-0.0305213,4.96438e-05
145.361,0.0258068,-0.0305203,4.96403e-05
145.361,0.0257981,-0.0305193,4.96368e-05
145.362,0.0257894,-0.0305183,4.96333e-05
145.362,0.0257806,-0.0305173,4.96298e-05
145.362,0.0257719,-0.0305163,4.96263e-05
145.362,0.0257632,-0.0305153,4.96228e-05
145.363,0.0257545,-0.0305143,4.96193e-05
145.363,0.0257458,-0.0305133,4.96157e-05
145.363,0.0257371,-0.0305123,4.96122e-05
145.364,0.0257284,-0.0305113,4.96087e-05
145.364,0.0257197,-0.0305103,4.96052e-05
145.364,0.0257109,-0.0305093,4.96017e-05
145.364,0.0257022,-0.0305083,4.95982e-05
145.365,0.0256936,-0.0305072,4.95947e-05
145.365,0.0256849,-0.0305062,4.95912e-05
145.365,0.0256762,-0.0305052,4.95877e-05
145.366,0.0256675,-0.0305042,4.95842e-05
145.366,0.0256588,-0.0305032,4.95807e-05
145.366,0.0256501,-0.0305022,4.95772e-05
145.366,0.0256414,-0.0305012,4.95737e-05
145.367,0.0256327,-0.0305002,4.95702e-05
145.367,0.0256241,-0.0304992,4.95667e-05
145.367,0.0256154,-0.0304981,4.95632e-05
145.368,0.0256067,-0.0304971,4.95597e-05
145.368,0.025598,-0.0304961,4.95562e-05
145.368,0.0255894,-0.0304951,4.95527e-05
145.368,0.0255807,-0.0304941,4.95492e-05
145.369,0.025572,-0.0304931,4.95457e-05
145.369,0.0255634,-0.0304921,4.95422e-05
145.369,0.0255547,-0.030491,4.95387e-05
145.37,0.0255461,-0.03049,4.95352e-05
145.37,0.0255374,-0.030489,4.95317e-05
145.37,0.0255288,-0.030488,4.95282e-05
145.37,0.0255201,-0.030487,4.95247e-05
145.371,0.0255115,-0.030486,4.95212e-05
145.371,0.0255028,-0.0304849,4.95177e-05
145.371,0.0254942,-0.0304839,4.95142e-05
145.372,0.0254855,-0.0304829,4.95107e-05
145.372,0.0254769,-0.0304819,4.95072e-05
145.372,0.0254683,-0.0304809,4.95037e-05
145.372,0.0254596,-0.0304798,4.95002e-05
145.373,0.025451,-0.0304788,4.94967e-05
145.373,0.0254424,-0.0304778,4.94932e-05
145.373,0.0254337,-0.0304768,4.94897e-05
145.374,0.0254251,-0.0304757,4.94862e-05
145.374,0.0254165,-0.0304747,4.94827e-05
145.374,0.0254079,-0.0304737,4.94792e-05
145.374,0.0253993,-0.0304727,4.94757e-05
145.375,0.0253907,-0.0304716,4.94722e-05
145.375,0.0253821,-0.0304706,4.94687e-05
145.375,0.0253734,-0.0304696,4.94652e-05
145.376,0.0253648,-0.0304686,4.94617e-05
145.376,0.0253562,-0.0304675,4.94582e-05
145.376,0.0253476,-0.0304665,4.94547e-05
145.376,0.025339,-0.0304655,4.94512e-05
145.377,0.0253304,-0.0304645,4.94477e-05
145.377,0.0253219,-0.0304634,4.94442e-05
145.377,0.0253133,-0.0304624,4.94407e-05
145.378,0.0253047,-0.0304614,4.94372e-05
145.378,0.0252961,-0.0304603,4.94337e-05
145.378,0.0252875,-0.0304593,4.94302e-05
145.378,0.0252789,-0.0304583,4.94267e-05
145.379,0.0252703,-0.0304572,4.94232e-05
145.379,0.0252618,-0.0304562,4.94197e-05
145.379,0.0252532,-0.0304552,4.94162e-05
145.38,0.0252446,-0.0304541,4.94127e-05
145.38,0.0252361,-0.0304531,4.94092e-05
145.38,0.0252275,-0.0304521,4.94057e-05
145.38,0.0252189,-0.030451,4.94022e-05
145.381,0.0252104,-0.03045,4.93987e-05
145.381,0.0252018,-0.030449,4.93952e-05
145.381,0.0251932,-0.0304479,4.93917e-05
145.381,0.0251847,-0.0304469,4.93883e-05
145.382,0.0251761,-0.0304459,4.93848e-05
145.382,0.0251676,-0.0304448,4.93813e-05
145.382,0.025159,-0.0304438,4.93778e-05
145.383,0.0251505,-0.0304427,4.93743e-05
145.383,0.025142,-0.0304417,4.93708e-05
145.383,0.0251334,-0.0304407,4.93673e-05
145.383,0.0251249,-0.0304396,4.93638e-05
145.384,0.0251164,-0.0304386,4.93603e-05
145.384,0.0251078,-0.0304375,4.93568e-05
145.384,0.0250993,-0.0304365,4.93533e-05
145.385,0.0250908,-0.0304355,4.93498e-05
145.385,0.0250822,-0.0304344,4.93463e-05
145.385,0.0250737,-0.0304334,4.93428e-05
145.385,0.0250652,-0.0304323,4.93394e-05
145.386,0.0250567,-0.0304313,4.93359e-05
145.386,0.0250482,-0.0304302,4.93324e-05
145.386,0.0250396,-0.0304292,4.93289e-05
145.387,0.0250311,-0.0304281,4.93254e-05
145.387,0.0250226,-0.0304271,4.93219e-05
145.387,0.0250141,-0.0304261,4.93184e-05
145.387,0.0250056,-0.030425,4.93149e-05
145.388,0.0249971,-0.030424,4.93114e-05
145.388,0.0249886,-0.0304229,4.93079e-05
145.388,0.0249801,-0.0304219,4.93044e-05
145.388,0.0249716,-0.0304208,4.9301e-05
145.389,0.0249631,-0.0304198,4.92975e-05
145.389,0.0249546,-0.0304187,4.9294e-05
145.389,0.0249462,-0.0304177,4.92905e-05
145.39,0.0249377,-0.0304166,4.9287e-05
145.39,0.0249292,-0.0304156,4.92835e-05
145.39,0.0249207,-0.0304145,4.928e-05
145.39,0.0249122,-0.0304135,4.92765e-05
145.391,0.0249038,-0.0304124,4.9273e-05
145.391,0.0248953,-0.0304114,4.92696e-05
145.391,0.0248868,-0.0304103,4.92661e-05
145.392,0.0248784,-0.0304092,4.92626e-05
145.392,0.0248699,-0.0304082,4.92591e-05
145.392,0.0248614,-0.0304071,4.92556e-05
145.392,0.024853,-0.0304061,4.92521e-05
145.393,0.0248445,-0.030405,4.92486e-05
145.393,0.0248361,-0.030404,4.92451e-05
145.393,0.0248276,-0.0304029,4.92417e-05
145.393,0.0248192,-0.0304019,4.92382e-05
145.394,0.0248107,-0.0304008,4.92347e-05
145.394,0.0248023,-0.0303997,4.92312e-05
145.394,0.0247938,-0.0303987,4.92277e-05
145.395,0.0247854,-0.0303976,4.92242e-05
145.395,0.0247769,-0.0303966,4.92207e-05
145.395,0.0247685,-0.0303955,4.92173e-05
145.395,0.0247601,-0.0303944,4.92138e-05
145.396,0.0247516,-0.0303934,4.92103e-05
145.396,0.0247432,-0.0303923,4.92068e-05
145.396,0.0247348,-0.0303912,4.92033e-05
145.397,0.0247264,-0.0303902,4.91998e-05
145.397,0.0247179,-0.0303891,4.91963e-05
145.397,0.0247095,-0.0303881,4.91929e-05
145.397,0.0247011,-0.030387,4.91894e-05
145.398,0.0246927,-0.0303859,4.91859e-05
145.398,0.0246843,-0.0303849,4.91824e-05
145.398,0.0246759,-0.0303838,4.91789e-05
145.398,0.0246674,-0.0303827,4.91754e-05
145.399,0.024659,-0.0303817,4.9172e-05
145.399,0.0246506,-0.0303806,4.91685e-05
145.399,0.0246422,-0.0303795,4.9165e-05
145.4,0.0246338,-0.0303785,4.91615e-05
145.4,0.0246254,-0.0303774,4.9158e-05
145.4,0.0246171,-0.0303763,4.91545e-05
145.4,0.0246087,-0.0303753,4.91511e-05
145.401,0.0246003,-0.0303742,4.91476e-05
145.401,0.0245919,-0.0303731,4.91441e-05
145.401,0.0245835,-0.030372,4.91406e-05
145.402,0.0245751,-0.030371,4.91371e-05
145.402,0.0245667,-0.0303699,4.91337e-05
145.402,0.0245584,-0.0303688,4.91302e-05
145.402,0.02455,-0.0303677,4.91267e-05
145.403,0.0245416,-0.0303667,4.91232e-05
145.403,0.0245332,-0.0303656,4.91197e-05
145.403,0.0245249,-0.0303645,4.91163e-05
145.403,0.0245165,-0.0303634,4.91128e-05
145.404,0.0245082,-0.0303624,4.91093e-05
145.404,0.0244998,-0.0303613,4.91058e-05
145.404,0.0244914,-0.0303602,4.91023e-05
145.405,0.0244831,-0.0303591,4.90989e-05
145.405,0.0244747,-0.0303581,4.90954e-05
145.405,0.0244664,-0.030357,4.90919e-05
145.405,0.024458,-0.0303559,4.90884e-05
145.406,0.0244497,-0.0303548,4.90849e-05
145.406,0.0244413,-0.0303537,4.90815e-05
145.406,0.024433,-0.0303527,4.9078e-05
145.406,0.0244247,-0.0303516,4.90745e-05
145.407,0.0244163,-0.0303505,4.9071e-05
145.407,0.024408,-0.0303494,4.90675e-05
145.407,0.0243997,-0.0303483,4.90641e-05
145.408,0.0243913,-0.0303473,4.90606e-05
145.408,0.024383,-0.0303462,4.90571e-05
145.408,0.0243747,-0.0303451,4.90536e-05
145.408,0.0243664,-0.030344,4.90502e-05
145.409,0.024358,-0.0303429,4.90467e-05
145.409,0.0243497,-0.0303418,4.90432e-05
145.409,0.0243414,-0.0303407,4.90397e-05
145.409,0.0243331,-0.0303397,4.90363e-05
145.41,0.0243248,-0.0303386,4.90328e-05
145.41,0.0243165,-0.0303375,4.90293e-05
145.41,0.0243082,-0.0303364,4.90258e-05
145.411,0.0242999,-0.0303353,4.90223e-05
145.411,0.0242916,-0.0303342,4.90189e-05
145.411,0.0242833,-0.0303331,4.90154e-05
145.411,0.024275,-0.030332,4.90119e-05
145.412,0.0242667,-0.030331,4.90084e-05
145.412,0.0242584,-0.0303299,4.9005e-05
145.412,0.0242501,-0.0303288,4.90015e-05
145.413,0.0242418,-0.0303277,4.8998e-05
145.413,0.0242335,-0.0303266,4.89945e-05
145.413,0.0242252,-0.0303255,4.89911e-05
145.413,0.0242169,-0.0303244,4.89876e-05
145.414,0.0242087,-0.0303233,4.89841e-05
145.414,0.0242004,-0.0303222,4.89807e-05
145.414,0.0241921,-0.0303211,4.89772e-05
145.414,0.0241839,-0.03032,4.89737e-05
145.415,0.0241756,-0.0303189,4.89702e-05
145.415,0.0241673,-0.0303178,4.89668e-05
145.415,0.0241591,-0.0303167,4.89633e-05
145.416,0.0241508,-0.0303156,4.89598e-05
145.416,0.0241425,-0.0303145,4.89563e-05
145.416,0.0241343,-0.0303134,4.89529e-05
145.416,0.024126,-0.0303123,4.89494e-05
145.417,0.0241178,-0.0303112,4.89459e-05
145.417,0.0241095,-0.0303101,4.89425e-05
145.417,0.0241013,-0.030309,4.8939e-05
145.417,0.024093,-0.0303079,4.89355e-05
145.418,0.0240848,-0.0303068,4.8932e-05
145.418,0.0240765,-0.0303057,4.89286e-05
145.418,0.0240683,-0.0303046,4.89251e-05
145.418,0.0240601,-0.0303035,4.89216e-05
145.419,0.0240518,-0.0303024,4.89182e-05
145.419,0.0240436,-0.0303013,4.89147e-05
145.419,0.0240354,-0.0303002,4.89112e-05
145.42,0.0240271,-0.0302991,4.89077e-05
145.42,0.0240189,-0.030298,4.89043e-05
145.42,0.0240107,-0.0302969,4.89008e-05
145.42,0.0240025,-0.0302958,4.88973e-05
145.421,0.0239943,-0.0302947,4.88939e-05
145.421,0.0239861,-0.0302936,4.88904e-05
145.421,0.0239778,-0.0302925,4.88869e-05
145.421,0.0239696,-0.0302914,4.88835e-05
145.422,0.0239614,-0.0302903,4.888e-05
145.422,0.0239532,-0.0302891,4.88765e-05
145.422,0.023945,-0.030288,4.8873e-05
145.423,0.0239368,-0.0302869,4.88696e-05
145.423,0.0239286,-0.0302858,4.88661e-05
145.423,0.0239204,-0.0302847,4.88626e-05
145.423,0.0239122,-0.0302836,4.88592e-05
145.424,0.023904,-0.0302825,4.88557e-05
145.424,0.0238958,-0.0302814,4.88522e-05
145.424,0.0238877,-0.0302803,4.88488e-05
145.424,0.0238795,-0.0302791,4.88453e-05
145.425,0.0238713,-0.030278,4.88418e-05
145.425,0.0238631,-0.0302769,4.88384e-05
145.425,0.0238549,-0.0302758,4.88349e-05
145.426,0.0238468,-0.0302747,4.88314e-05
145.426,0.0238386,-0.0302736,4.8828e-05
145.426,0.0238304,-0.0302724,4.88245e-05
145.426,0.0238222,-0.0302713,4.8821e-05
145.427,0.0238141,-0.0302702,4.88176e-05
145.427,0.0238059,-0.0302691,4.88141e-05
145.427,0.0237977,-0.030268,4.88106e-05
145.427,0.0237896,-0.0302668,4.88072e-05
145.428,0.0237814,-0.0302657,4.88037e-05
145.428,0.0237733,-0.0302646,4.88003e-05
145.428,0.0237651,-0.0302635,4.87968e-05
145.429,0.023757,-0.0302624,4.87933e-05
145.429,0.0237488,-0.0302612,4.87899e-05
145.429,0.0237407,-0.0302601,4.87864e-05
145.429,0.0237325,-0.030259,4.87829e-05
145.43,0.0237244,-0.0302579,4.87795e-05
145.43,0.0237163,-0.0302567,4.8776e-05
145.43,0.0237081,-0.0302556,4.87725e-05
145.43,0.0237,-0.0302545,4.87691e-05
145.431,0.0236919,-0.0302534,4.87656e-05
145.431,0.0236837,-0.0302522,4.87621e-05
145.431,0.0236756,-0.0302511,4.87587e-05
145.431,0.0236675,-0.03025,4.87552e-05
145.432,0.0236594,-0.0302489,4.87518e-05
145.432,0.0236512,-0.0302477,4.87483e-05
145.432,0.0236431,-0.0302466,4.87448e-05
145.433,0.023635,-0.0302455,4.87414e-05
145.433,0.0236269,-0.0302443,4.87379e-05
145.433,0.0236188,-0.0302432,4.87345e-05
145.433,0.0236107,-0.0302421,4.8731e-05
145.434,0.0236026,-0.030241,4.87275e-05
145.434,0.0235945,-0.0302398,4.87241e-05
145.434,0.0235864,-0.0302387,4.87206e-05
145.434,0.0235783,-0.0302376,4.87171e-05
145.435,0.0235702,-0.0302364,4.87137e-05
145.435,0.0235621,-0.0302353,4.87102e-05
145.435,0.023554,-0.0302342,4.87068e-05
145.435,0.0235459,-0.030233,4.87033e-05
145.436,0.0235378,-0.0302319,4.86998e-05
145.436,0.0235297,-0.0302307,4.86964e-05
145.436,0.0235216,-0.0302296,4.86929e-05
145.437,0.0235135,-0.0302285,4.86895e-05
145.437,0.0235055,-0.0302273,4.8686e-05
145.437,0.0234974,-0.0302262,4.86825e-05
145.437,0.0234893,-0.0302251,4.86791e-05
145.438,0.0234812,-0.0302239,4.86756e-05
145.438,0.0234732,-0.0302228,4.86722e-05
145.438,0.0234651,-0.0302216,4.86687e-05
145.438,0.023457,-0.0302205,4.86653e-05
145.439,0.023449,-0.0302194,4.86618e-05
145.439,0.0234409,-0.0302182,4.86583e-05
145.439,0.0234329,-0.0302171,4.86549e-05
145.439,0.0234248,-0.0302159,4.86514e-05
145.44,0.0234167,-0.0302148,4.8648e-05
145.44,0.0234087,-0.0302136,4.86445e-05
145.44,0.0234006,-0.0302125,4.86411e-05
145.441,0.0233926,-0.0302114,4.86376e-05
145.441,0.0233845,-0.0302102,4.86341e-05
145.441,0.0233765,-0.0302091,4.86307e-05
145.441,0.0233685,-0.0302079,4.86272e-05
145.442,0.0233604,-0.0302068,4.86238e-05
145.442,0.0233524,-0.0302056,4.86203e-05
145.442,0.0233444,-0.0302045,4.86169e-05
145.442,0.0233363,-0.0302033,4.86134e-05
145.443,0.0233283,-0.0302022,4.86099e-05
145.443,0.0233203,-0.030201,4.86065e-05
145.443,0.0233122,-0.0301999,4.8603e-05
145.443,0.0233042,-0.0301987,4.85996e-05
145.444,0.0232962,-0.0301976,4.85961e-05
145.444,0.0232882,-0.0301964,4.85927e-05
145.444,0.0232802,-0.0301953,4.85892e-05
145.445,0.0232722,-0.0301941,4.85858e-05
145.445,0.0232641,-0.030193,4.85823e-05
145.445,0.0232561,-0.0301918,4.85789e-05
145.445,0.0232481,-0.0301907,4.85754e-05
145.446,0.0232401,-0.0301895,4.85719e-05
145.446,0.0232321,-0.0301883,4.85685e-05
145.446,0.0232241,-0.0301872,4.8565e-05
145.446,0.0232161,-0.030186,4.85616e-05
145.447,0.0232081,-0.0301849,4.85581e-05
145.447,0.0232001,-0.0301837,4.85547e-05
145.447,0.0231922,-0.0301826,4.85512e-05
145.447,0.0231842,-0.0301814,4.85478e-05
145.448,0.0231762,-0.0301802,4.85443e-05
145.448,0.0231682,-0.0301791,4.85409e-05
145.448,0.0231602,-0.0301779,4.85374e-05
145.449,0.0231522,-0.0301768,4.8534e-05
145.449,0.0231443,-0.0301756,4.85305e-05
145.449,0.0231363,-0.0301744,4.85271e-05
145.449,0.0231283,-0.0301733,4.85236e-05
145.45,0.0231203,-0.0301721,4.85202e-05
145.45,0.0231124,-0.0301709,4.85167e-05
145.45,0.0231044,-0.0301698,4.85133e-05
145.45,0.0230964,-0.0301686,4.85098e-05
145.451,0.0230885,-0.0301675,4.85064e-05
145.451,0.0230805,-0.0301663,4.85029e-05
145.451,0.0230726,-0.0301651,4.84995e-05
145.451,0.0230646,-0.030164,4.8496e-05
145.452,0.0230567,-0.0301628,4.84926e-05
145.452,0.0230487,-0.0301616,4.84891e-05
145.452,0.0230408,-0.0301605,4.84857e-05
145.452,0.0230328,-0.0301593,4.84822e-05
145.453,0.0230249,-0.0301581,4.84788e-05
145.453,0.0230169,-0.0301569,4.84753e-05
145.453,0.023009,-0.0301558,4.84719e-05
145.454,0.0230011,-0.0301546,4.84684e-05
145.454,0.0229931,-0.0301534,4.8465e-05
145.454,0.0229852,-0.0301523,4.84615e-05
145.454,0.0229773,-0.0301511,4.84581e-05
145.455,0.0229693,-0.0301499,4.84546e-05
145.455,0.0229614,-0.0301487,4.84512e-05
145.455,0.0229535,-0.0301476,4.84477e-05
145.455,0.0229456,-0.0301464,4.84443e-05
145.456,0.0229376,-0.0301452,4.84408e-05
145.456,0.0229297,-0.030144,4.84374e-05
145.456,0.0229218,-0.0301429,4.84339e-05
145.456,0.0229139,-0.0301417,4.84305e-05
145.457,0.022906,-0.0301405,4.8427e-05
145.457,0.0228981,-0.0301393,4.84236e-05
145.457,0.0228902,-0.0301382,4.84201e-05
145.457,0.0228823,-0.030137,4.84167e-05
145.458,0.0228744,-0.0301358,4.84132e-05
145.458,0.0228665,-0.0301346,4.84098e-05
145.458,0.0228586,-0.0301334,4.84064e-05
145.459,0.0228507,-0.0301323,4.84029e-05
145.459,0.0228428,-0.0301311,4.83995e-05
145.459,0.0228349,-0.0301299,4.8396e-05
145.459,0.022827,-0.0301287,4.83926e-05
145.46,0.0228191,-0.0301275,4.83891e-05
145.46,0.0228113,-0.0301264,4.83857e-05
145.46,0.0228034,-0.0301252,4.83822e-05
145.46,0.0227955,-0.030124,4.83788e-05
145.461,0.0227876,-0.0301228,4.83753e-05
145.461,0.0227797,-0.0301216,4.83719e-05
145.461,0.0227719,-0.0301204,4.83685e-05
145.461,0.022764,-0.0301192,4.8365e-05
145.462,0.0227561,-0.0301181,4.83616e-05
145.462,0.0227483,-0.0301169,4.83581e-05
145.462,0.0227404,-0.0301157,4.83547e-05
145.462,0.0227326,-0.0301145,4.83512e-05
145.463,0.0227247,-0.0301133,4.83478e-05
145.463,0.0227168,-0.0301121,4.83444e-05
145.463,0.022709,-0.0301109,4.83409e-05
145.463,0.0227011,-0.0301097,4.83375e-05
145.464,0.0226933,-0.0301085,4.8334e-05
145.464,0.0226854,-0.0301073,4.83306e-05
145.464,0.0226776,-0.0301062,4.83271e-05
145.465,0.0226697,-0.030105,4.83237e-05
145.465,0.0226619,-0.0301038,4.83203e-05
145.465,0.0226541,-0.0301026,4.83168e-05
145.465,0.0226462,-0.0301014,4.83134e-05
145.466,0.0226384,-0.0301002,4.83099e-05
145.466,0.0226306,-0.030099,4.83065e-05
145.466,0.0226227,-0.0300978,4.83031e-05
145.466,0.0226149,-0.0300966,4.82996e-05
145.467,0.0226071,-0.0300954,4.82962e-05
145.467,0.0225993,-0.0300942,4.82927e-05
145.467,0.0225914,-0.030093,4.82893e-05
145.467,0.0225836,-0.0300918,4.82858e-05
145.468,0.0225758,-0.0300906,4.82824e-05
145.468,0.022568,-0.0300894,4.8279e-05
145.468,0.0225602,-0.0300882,4.82755e-05
145.468,0.0225524,-0.030087,4.82721e-05
145.469,0.0225446,-0.0300858,4.82687e-05
145.469,0.0225368,-0.0300846,4.82652e-05
145.469,0.022529,-0.0300834,4.82618e-05
145.469,0.0225212,-0.0300822,4.82583e-05
145.47,0.0225134,-0.030081,4.82549e-05
145.47,0.0225056,-0.0300798,4.82515e-05
145.47,0.0224978,-0.0300786,4.8248e-05
145.471,0.02249,-0.0300774,4.82446e-05
145.471,0.0224822,-0.0300762,4.82411e-05
145.471,0.0224744,-0.030075,4.82377e-05
145.471,0.0224666,-0.0300738,4.82343e-05
145.472,0.0224588,-0.0300726,4.82308e-05
145.472,0.022451,-0.0300713,4.82274e-05
145.472,0.0224433,-0.0300701,4.8224e-05
145.472,0.0224355,-0.0300689,4.82205e-05
145.473,0.0224277,-0.0300677,4.82171e-05
145.473,0.0224199,-0.0300665,4.82136e-05
145.473,0.0224122,-0.0300653,4.82102e-05
145.473,0.0224044,-0.0300641,4.82068e-05
145.474,0.0223966,-0.0300629,4.82033e-05
145.474,0.0223889,-0.0300617,4.81999e-05
145.474,0.0223811,-0.0300604,4.81965e-05
145.474,0.0223734,-0.0300592,4.8193e-05
145.475,0.0223656,-0.030058,4.81896e-05
145.475,0.0223578,-0.0300568,4.81862e-05
145.475,0.0223501,-0.0300556,4.81827e-05
145.475,0.0223423,-0.0300544,4.81793e-05
145.476,0.0223346,-0.0300532,4.81758e-05
145.476,0.0223269,-0.0300519,4.81724e-05
145.476,0.0223191,-0.0300507,4.8169e-05
145.476,0.0223114,-0.0300495,4.81655e-05
145.477,0.0223036,-0.0300483,4.81621e-05
145.477,0.0222959,-0.0300471,4.81587e-05
145.477,0.0222882,-0.0300458,4.81552e-05
145.477,0.0222804,-0.0300446,4.81518e-05
145.478,0.0222727,-0.0300434,4.81484e-05
145.478,0.022265,-0.0300422,4.81449e-05
145.478,0.0222572,-0.030041,4.81415e-05
145.479,0.0222495,-0.0300397,4.81381e-05
145.479,0.0222418,-0.0300385,4.81346e-05
145.479,0.0222341,-0.0300373,4.81312e-05
145.479,0.0222264,-0.0300361,4.81278e-05
145.48,0.0222186,-0.0300349,4.81243e-05
145.48,0.0222109,-0.0300336,4.81209e-05
145.48,0.0222032,-0.0300324,4.81175e-05
145.48,0.0221955,-0.0300312,4.8114e-05
145.481,0.0221878,-0.0300299,4.81106e-05
145.481,0.0221801,-0.0300287,4.81072e-05
145.481,0.0221724,-0.0300275,4.81037e-05
145.481,0.0221647,-0.0300263,4.81003e-05
145.482,0.022157,-0.030025,4.80969e-05
145.482,0.0221493,-0.0300238,4.80935e-05
145.482,0.0221416,-0.0300226,4.809e-05
145.482,0.0221339,-0.0300213,4.80866e-05
145.483,0.0221262,-0.0300201,4.80832e-05
145.483,0.0221185,-0.0300189,4.80797e-05
145.483,0.0221109,-0.0300177,4.80763e-05
145.483,0.0221032,-0.0300164,4.80729e-05
145.484,0.0220955,-0.0300152,4.80694e-05
145.484,0.0220878,-0.030014,4.8066e-05
145.484,0.0220801,-0.0300127,4.80626e-05
145.484,0.0220725,-0.0300115,4.80592e-05
145.485,0.0220648,-0.0300103,4.80557e-05
145.485,0.0220571,-0.030009,4.80523e-05
145.485,0.0220495,-0.0300078,4.80489e-05
145.485,0.0220418,-0.0300065,4.80454e-05
145.486,0.0220341,-0.0300053,4.8042e-05
145.486,0.0220265,-0.0300041,4.80386e-05
145.486,0.0220188,-0.0300028,4.80351e-05
145.486,0.0220111,-0.0300016,4.80317e-05
145.487,0.0220035,-0.0300003,4.80283e-05
145.487,0.0219958,-0.0299991,4.80249e-05
145.487,0.0219882,-0.0299979,4.80214e-05
145.487,0.0219805,-0.0299966,4.8018e-05
145.488,0.0219729,-0.0299954,4.80146e-05
145.488,0.0219653,-0.0299941,4.80112e-05
145.488,0.0219576,-0.0299929,4.80077e-05
145.488,0.02195,-0.0299917,4.80043e-05
145.489,0.0219423,-0.0299904,4.80009e-05
145.489,0.0219347,-0.0299892,4.79974e-05
145.489,0.0219271,-0.0299879,4.7994e-05
145.489,0.0219194,-0.0299867,4.79906e-05
145.49,0.0219118,-0.0299854,4.79872e-05
145.49,0.0219042,-0.0299842,4.79837e-05
145.49,0.0218966,-0.0299829,4.79803e-05
145.491,0.0218889,-0.0299817,4.79769e-05
145.491,0.0218813,-0.0299804,4.79735e-05
145.491,0.0218737,-0.0299792,4.797e-05
145.491,0.0218661,-0.0299779,4.79666e-05
145.492,0.0218585,-0.0299767,4.79632e-05
145.492,0.0218509,-0.0299754,4.79598e-05
145.492,0.0218433,-0.0299742,4.79563e-05
145.492,0.0218356,-0.0299729,4.79529e-05
145.493,0.021828,-0.0299717,4.79495e-05
145.493,0.0218204,-0.0299704,4.79461e-05
145.493,0.0218128,-0.0299692,4.79426e-05
145.493,0.0218052,-0.0299679,4.79392e-05
145.494,0.0217976,-0.0299667,4.79358e-05
145.494,0.02179,-0.0299654,4.79324e-05
145.494,0.0217825,-0.0299642,4.79289e-05
145.494,0.0217749,-0.0299629,4.79255e-05
145.495,0.0217673,-0.0299616,4.79221e-05
145.495,0.0217597,-0.0299604,4.79187e-05
145.495,0.0217521,-0.0299591,4.79153e-05
145.495,0.0217445,-0.0299579,4.79118e-05
145.496,0.0217369,-0.0299566,4.79084e-05
145.496,0.0217294,-0.0299554,4.7905e-05
145.496,0.0217218,-0.0299541,4.79016e-05
145.496,0.0217142,-0.0299528,4.78981e-05
145.497,0.0217067,-0.0299516,4.78947e-05
145.497,0.0216991,-0.0299503,4.78913e-05
145.497,0.0216915,-0.029949,4.78879e-05
145.497,0.021684,-0.0299478,4.78845e-05
145.498,0.0216764,-0.0299465,4.7881e-05
145.498,0.0216688,-0.0299453,4.78776e-05
145.498,0.0216613,-0.029944,4.78742e-05
145.498,0.0216537,-0.0299427,4.78708e-05
145.499,0.0216462,-0.0299415,4.78673e-05
145.499,0.0216386,-0.0299402,4.78639e-05
145.499,0.0216311,-0.0299389,4.78605e-05
145.499,0.0216235,-0.0299377,4.78571e-05
145.5,0.021616,-0.0299364,4.78537e-05
145.5,0.0216084,-0.0299351,4.78502e-05
145.5,0.0216009,-0.0299339,4.78468e-05
145.5,0.0215934,-0.0299326,4.78434e-05
145.501,0.0215858,-0.0299313,4.784e-05
145.501,0.0215783,-0.02993,4.78366e-05
145.501,0.0215707,-0.0299288,4.78331e-05
145.501,0.0215632,-0.0299275,4.78297e-05
145.502,0.0215557,-0.0299262,4.78263e-05
145.502,0.0215482,-0.029925,4.78229e-05
145.502,0.0215406,-0.0299237,4.78195e-05
145.502,0.0215331,-0.0299224,4.78161e-05
145.503,0.0215256,-0.0299211,4.78126e-05
145.503,0.0215181,-0.0299199,4.78092e-05
145.503,0.0215106,-0.0299186,4.78058e-05
145.503,0.0215031,-0.0299173,4.78024e-05
145.504,0.0214955,-0.029916,4.7799e-05
145.504,0.021488,-0.0299148,4.77955e-05
145.504,0.0214805,-0.0299135,4.77921e-05
145.504,0.021473,-0.0299122,4.77887e-05
145.505,0.0214655,-0.0299109,4.77853e-05
145.505,0.021458,-0.0299096,4.77819e-05
145.505,0.0214505,-0.0299084,4.77785e-05
145.505,0.021443,-0.0299071,4.7775e-05
145.506,0.0214355,-0.0299058,4.77716e-05
145.506,0.021428,-0.0299045,4.77682e-05
145.506,0.0214206,-0.0299032,4.77648e-05
145.506,0.0214131,-0.029902,4.77614e-05
145.507,0.0214056,-0.0299007,4.7758e-05
145.507,0.0213981,-0.0298994,4.77545e-05
145.507,0.0213906,-0.0298981,4.77511e-05
145.507,0.0213831,-0.0298968,4.77477e-05
145.508,0.0213757,-0.0298955,4.77443e-05
145.508,0.0213682,-0.0298942,4.77409e-05
145.508,0.0213607,-0.029893,4.77375e-05
145.508,0.0213532,-0.0298917,4.77341e-05
145.509,0.0213458,-0.0298904,4.77306e-05
145.509,0.0213383,-0.0298891,4.77272e-05
145.509,0.0213308,-0.0298878,4.77238e-05
145.509,0.0213234,-0.0298865,4.77204e-05
145.51,0.0213159,-0.0298852,4.7717e-05
145.51,0.0213085,-0.0298839,4.77136e-05
145.51,0.021301,-0.0298826,4.77102e-05
145.51,0.0212936,-0.0298813,4.77067e-05
145.511,0.0212861,-0.0298801,4.77033e-05
145.511,0.0212787,-0.0298788,4.76999e-05
145.511,0.0212712,-0.0298775,4.76965e-05
145.511,0.0212638,-0.0298762,4.76931e-05
145.512,0.0212563,-0.0298749,4.76897e-05
145.512,0.0212489,-0.0298736,4.76863e-05
145.512,0.0212414,-0.0298723,4.76829e-05
145.512,0.021234,-0.029871,4.76794e-05
145.513,0.0212266,-0.0298697,4.7676e-05
145.513,0.0212191,-0.0298684,4.76726e-05
145.513,0.0212117,-0.0298671,4.76692e-05
145.513,0.0212043,-0.0298658,4.76658e-05
145.514,0.0211968,-0.0298645,4.76624e-05
145.514,0.0211894,-0.0298632,4.7659e-05
145.514,0.021182,-0.0298619,4.76556e-05
145.514,0.0211746,-0.0298606,4.76521e-05
145.515,0.0211672,-0.0298593,4.76487e-05
145.515,0.0211597,-0.029858,4.76453e-05
145.515,0.0211523,-0.0298567,4.76419e-05
145.515,0.0211449,-0.0298554,4.76385e-05
145.516,0.0211375,-0.0298541,4.76351e-05
145.516,0.0211301,-0.0298528,4.76317e-05
145.516,0.0211227,-0.0298515,4.76283e-05
145.516,0.0211153,-0.0298502,4.76249e-05
145.517,0.0211079,-0.0298489,4.76215e-05
145.517,0.0211005,-0.0298476,4.7618e-05
145.517,0.0210931,-0.0298462,4.76146e-05
145.517,0.0210857,-0.0298449,4.76112e-05
145.518,0.0210783,-0.0298436,4.76078e-05
145.518,0.0210709,-0.0298423,4.76044e-05
145.518,0.0210635,-0.029841,4.7601e-05
145.518,0.0210561,-0.0298397,4.75976e-05
145.519,0.0210488,-0.0298384,4.75942e-05
145.519,0.0210414,-0.0298371,4.75908e-05
145.519,0.021034,-0.0298358,4.75874e-05
145.519,0.0210266,-0.0298345,4.7584e-05
145.52,0.0210192,-0.0298331,4.75806e-05
145.52,0.0210119,-0.0298318,4.75771e-05
145.52,0.0210119,-0.0298318,4.75771e-05
145.52,0.0210118,-0.0298318,4.75771e-05
145.52,0.0210117,-0.0298318,4.75771e-05
145.52,0.0210111,-0.0298317,4.75768e-05
145.52,0.0210084,-0.0298312,4.75755e-05
145.52,0.0210007,-0.0298298,4.7572e-05
145.52,0.020993,-0.0298285,4.75684e-05
145.521,0.0209853,-0.0298271,4.75648e-05
145.521,0.0209776,-0.0298257,4.75613e-05
145.521,0.0209699,-0.0298243,4.75577e-05
145.522,0.0209622,-0.0298229,4.75542e-05
145.522,0.0209545,-0.0298216,4.75506e-05
145.522,0.0209468,-0.0298202,4.7547e-05
145.522,0.0209391,-0.0298188,4.75435e-05
145.523,0.0209314,-0.0298174,4.75399e-05
145.523,0.0209237,-0.029816,4.75363e-05
145.523,0.020916,-0.0298147,4.75328e-05
145.523,0.0209083,-0.0298133,4.75292e-05
145.524,0.0209006,-0.0298119,4.75256e-05
145.524,0.0208929,-0.0298105,4.7522e-05
145.524,0.0208852,-0.0298091,4.75185e-05
145.524,0.0208775,-0.0298077,4.75149e-05
145.525,0.0208698,-0.0298063,4.75113e-05
145.525,0.0208621,-0.0298049,4.75077e-05
145.525,0.0208544,-0.0298035,4.75042e-05
145.525,0.0208467,-0.0298021,4.75006e-05
145.526,0.020839,-0.0298008,4.7497e-05
145.526,0.0208313,-0.0297994,4.74934e-05
145.526,0.0208236,-0.029798,4.74899e-05
145.526,0.0208159,-0.0297966,4.74863e-05
145.527,0.0208082,-0.0297952,4.74827e-05
145.527,0.0208005,-0.0297938,4.74791e-05
145.527,0.0207928,-0.0297924,4.74755e-05
145.527,0.0207851,-0.029791,4.7472e-05
145.528,0.0207774,-0.0297896,4.74684e-05
145.528,0.0207697,-0.0297882,4.74648e-05
145.528,0.020762,-0.0297868,4.74612e-05
145.528,0.0207543,-0.0297853,4.74576e-05
145.529,0.0207466,-0.0297839,4.7454e-05
145.529,0.020739,-0.0297825,4.74505e-05
145.529,0.0207313,-0.0297811,4.74469e-05
145.53,0.0207236,-0.0297797,4.74433e-05
145.53,0.0207159,-0.0297783,4.74397e-05
145.53,0.0207082,-0.0297769,4.74361e-05
145.53,0.0207005,-0.0297755,4.74325e-05
145.531,0.0206928,-0.0297741,4.74289e-05
145.531,0.0206851,-0.0297727,4.74253e-05
145.531,0.0206774,-0.0297712,4.74217e-05
145.531,0.0206697,-0.0297698,4.74182e-05
145.532,0.0206621,-0.0297684,4.74146e-05
145.532,0.0206544,-0.029767,4.7411e-05
145.532,0.0206467,-0.0297656,4.74074e-05
145.532,0.020639,-0.0297641,4.74038e-05
145.533,0.0206313,-0.0297627,4.74002e-05
145.533,0.0206236,-0.0297613,4.73966e-05
145.533,0.0206159,-0.0297599,4.7393e-05
145.533,0.0206083,-0.0297585,4.73894e-05
145.534,0.0206006,-0.029757,4.73858e-05
145.534,0.0205929,-0.0297556,4.73822e-05
145.534,0.0205852,-0.0297542,4.73786e-05
145.534,0.0205775,-0.0297527,4.7375e-05
145.535,0.0205698,-0.0297513,4.73714e-05
145.535,0.0205622,-0.0297499,4.73678e-05
145.535,0.0205545,-0.0297485,4.73642e-05
145.535,0.0205468,-0.029747,4.73606e-05
145.536,0.0205391,-0.0297456,4.7357e-05
145.536,0.0205314,-0.0297442,4.73534e-05
145.536,0.0205237,-0.0297427,4.73498e-05
145.536,0.0205161,-0.0297413,4.73461e-05
145.537,0.0205084,-0.0297398,4.73425e-05
145.537,0.0205007,-0.0297384,4.73389e-05
145.537,0.020493,-0.029737,4.73353e-05
145.538,0.0204853,-0.0297355,4.73317e-05
145.538,0.0204777,-0.0297341,4.73281e-05
145.538,0.02047,-0.0297326,4.73245e-05
145.538,0.0204623,-0.0297312,4.73209e-05
145.539,0.0204546,-0.0297298,4.73173e-05
145.539,0.0204469,-0.0297283,4.73136e-05
145.539,0.0204393,-0.0297269,4.731e-05
145.539,0.0204316,-0.0297254,4.73064e-05
145.54,0.0204239,-0.029724,4.73028e-05
145.54,0.0204162,-0.0297225,4.72992e-05
145.54,0.0204086,-0.0297211,4.72956e-05
145.54,0.0204009,-0.0297196,4.72919e-05
145.541,0.0203932,-0.0297182,4.72883e-05
145.541,0.0203855,-0.0297167,4.72847e-05
145.541,0.0203779,-0.0297152,4.72811e-05
145.541,0.0203702,-0.0297138,4.72775e-05
145.542,0.0203625,-0.0297123,4.72738e-05
145.542,0.0203548,-0.0297109,4.72702e-05
145.542,0.0203472,-0.0297094,4.72666e-05
145.542,0.0203395,-0.029708,4.7263e-05
145.543,0.0203318,-0.0297065,4.72593e-05
145.543,0.0203242,-0.029705,4.72557e-05
145.543,0.0203165,-0.0297036,4.72521e-05
145.543,0.0203088,-0.0297021,4.72485e-05
145.544,0.0203011,-0.0297006,4.72448e-05
145.544,0.0202935,-0.0296992,4.72412e-05
145.544,0.0202858,-0.0296977,4.72376e-05
145.544,0.0202781,-0.0296962,4.7234e-05
145.545,0.0202705,-0.0296948,4.72303e-05
145.545,0.0202628,-0.0296933,4.72267e-05
145.545,0.0202551,-0.0296918,4.72231e-05
145.546,0.0202475,-0.0296903,4.72194e-05
145.546,0.0202398,-0.0296889,4.72158e-05
145.546,0.0202321,-0.0296874,4.72122e-05
145.546,0.0202245,-0.0296859,4.72085e-05
145.547,0.0202168,-0.0296844,4.72049e-05
145.547,0.0202091,-0.029683,4.72012e-05
145.547,0.0202015,-0.0296815,4.71976e-05
145.547,0.0201938,-0.02968,4.7194e-05
145.548,0.0201861,-0.0296785,4.71903e-05
145.548,0.0201785,-0.029677,4.71867e-05
145.548,0.0201708,-0.0296756,4.7183e-05
145.548,0.0201631,-0.0296741,4.71794e-05
145.549,0.0201555,-0.0296726,4.71758e-05
145.549,0.0201478,-0.0296711,4.71721e-05
145.549,0.0201402,-0.0296696,4.71685e-05
145.549,0.0201325,-0.0296681,4.71648e-05
145.55,0.0201248,-0.0296666,4.71612e-05
145.55,0.0201172,-0.0296651,4.71575e-05
145.55,0.0201095,-0.0296637,4.71539e-05
145.55,0.0201018,-0.0296622,4.71502e-05
145.551,0.0200942,-0.0296607,4.71466e-05
145.551,0.0200865,-0.0296592,4.71429e-05
145.551,0.0200789,-0.0296577,4.71393e-05
145.551,0.0200712,-0.0296562,4.71356e-05
145.552,0.0200636,-0.0296547,4.7132e-05
145.552,0.0200559,-0.0296532,4.71283e-05
145.552,0.0200482,-0.0296517,4.71247e-05
145.552,0.0200406,-0.0296502,4.7121e-05
145.553,0.0200329,-0.0296487,4.71174e-05
145.553,0.0200253,-0.0296472,4.71137e-05
145.553,0.0200176,-0.0296457,4.71101e-05
145.554,0.02001,-0.0296442,4.71064e-05
145.554,0.0200023,-0.0296427,4.71028e-05
145.554,0.0199946,-0.0296411,4.70991e-05
145.554,0.019987,-0.0296396,4.70954e-05
145.555,0.0199793,-0.0296381,4.70918e-05
145.555,0.0199717,-0.0296366,4.70881e-05
145.555,0.019964,-0.0296351,4.70845e-05
145.555,0.0199564,-0.0296336,4.70808e-05
145.556,0.0199487,-0.0296321,4.70771e-05
145.556,0.0199411,-0.0296306,4.70735e-05
145.556,0.0199334,-0.029629,4.70698e-05
145.556,0.0199258,-0.0296275,4.70661e-05
145.557,0.0199181,-0.029626,4.70625e-05
145.557,0.0199105,-0.0296245,4.70588e-05
145.557,0.0199028,-0.029623,4.70551e-05
145.557,0.0198952,-0.0296214,4.70515e-05
145.558,0.0198875,-0.0296199,4.70478e-05
145.558,0.0198799,-0.0296184,4.70441e-05
145.558,0.0198722,-0.0296169,4.70405e-05
145.558,0.0198646,-0.0296153,4.70368e-05
145.559,0.0198569,-0.0296138,4.70331e-05
145.559,0.0198493,-0.0296123,4.70294e-05
145.559,0.0198416,-0.0296108,4.70258e-05
145.559,0.019834,-0.0296092,4.70221e-05
145.56,0.0198263,-0.0296077,4.70184e-05
145.56,0.0198187,-0.0296062,4.70147e-05
145.56,0.019811,-0.0296046,4.70111e-05
145.561,0.0198034,-0.0296031,4.70074e-05
145.561,0.0197957,-0.0296016,4.70037e-05
145.561,0.0197881,-0.0296,4.7e-05
145.561,0.0197805,-0.0295985,4.69964e-05
145.562,0.0197728,-0.0295969,4.69927e-05
145.562,0.0197652,-0.0295954,4.6989e-05
145.562,0.0197575,-0.0295939,4.69853e-05
145.562,0.0197499,-0.0295923,4.69816e-05
145.563,0.0197422,-0.0295908,4.69779e-05
145.563,0.0197346,-0.0295892,4.69743e-05
145.563,0.019727,-0.0295877,4.69706e-05
145.563,0.0197193,-0.0295861,4.69669e-05
145.564,0.0197117,-0.0295846,4.69632e-05
145.564,0.019704,-0.029583,4.69595e-05
145.564,0.0196964,-0.0295815,4.69558e-05
145.564,0.0196888,-0.0295799,4.69521e-05
145.565,0.0196811,-0.0295784,4.69484e-05
145.565,0.0196735,-0.0295768,4.69448e-05
145.565,0.0196658,-0.0295753,4.69411e-05
145.565,0.0196582,-0.0295737,4.69374e-05
145.566,0.0196506,-0.0295721,4.69337e-05
145.566,0.0196429,-0.0295706,4.693e-05
145.566,0.0196353,-0.029569,4.69263e-05
145.566,0.0196277,-0.0295675,4.69226e-05
145.567,0.01962,-0.0295659,4.69189e-05
145.567,0.0196124,-0.0295643,4.69152e-05
145.567,0.0196048,-0.0295628,4.69115e-05
145.567,0.0195971,-0.0295612,4.69078e-05
145.568,0.0195895,-0.0295596,4.69041e-05
145.568,0.0195819,-0.0295581,4.69004e-05
145.568,0.0195742,-0.0295565,4.68967e-05
145.569,0.0195666,-0.0295549,4.6893e-05
145.569,0.019559,-0.0295534,4.68893e-05
145.569,0.0195513,-0.0295518,4.68856e-05
145.569,0.0195437,-0.0295502,4.68819e-05
145.57,0.0195361,-0.0295486,4.68782e-05
145.57,0.0195284,-0.0295471,4.68745e-05
145.57,0.0195208,-0.0295455,4.68708e-05
145.57,0.0195132,-0.0295439,4.68671e-05
145.571,0.0195055,-0.0295423,4.68634e-05
145.571,0.0194979,-0.0295408,4.68597e-05
145.571,0.0194903,-0.0295392,4.6856e-05
145.571,0.0194827,-0.0295376,4.68522e-05
145.572,0.019475,-0.029536,4.68485e-05
145.572,0.0194674,-0.0295344,4.68448e-05
145.572,0.0194598,-0.0295328,4.68411e-05
145.572,0.0194521,-0.0295312,4.68374e-05
145.573,0.0194445,-0.0295297,4.68337e-05
145.573,0.0194369,-0.0295281,4.683e-05
145.573,0.0194293,-0.0295265,4.68263e-05
145.573,0.0194216,-0.0295249,4.68225e-05
145.574,0.019414,-0.0295233,4.68188e-05
145.574,0.0194064,-0.0295217,4.68151e-05
145.574,0.0193988,-0.0295201,4.68114e-05
145.574,0.0193911,-0.0295185,4.68077e-05
145.575,0.0193835,-0.0295169,4.68039e-05
145.575,0.0193759,-0.0295153,4.68002e-05
145.575,0.0193683,-0.0295137,4.67965e-05
145.575,0.0193607,-0.0295121,4.67928e-05
145.576,0.019353,-0.0295105,4.67891e-05
145.576,0.0193454,-0.0295089,4.67853e-05
145.576,0.0193378,-0.0295073,4.67816e-05
145.577,0.0193302,-0.0295057,4.67779e-05
145.577,0.0193226,-0.0295041,4.67742e-05
145.577,0.0193149,-0.0295025,4.67704e-05
145.577,0.0193073,-0.0295009,4.67667e-05
145.578,0.0192997,-0.0294993,4.6763e-05
145.578,0.0192921,-0.0294976,4.67592e-05
145.578,0.0192845,-0.029496,4.67555e-05
145.578,0.0192768,-0.0294944,4.67518e-05
145.579,0.0192692,-0.0294928,4.6748e-05
145.579,0.0192616,-0.0294912,4.67443e-05
145.579,0.0192548,-0.0294897,4.6741e-05
145.579,0.0192479,-0.0294883,4.67376e-05
145.58,0.019241,-0.0294868,4.67342e-05
145.58,0.0192341,-0.0294853,4.67308e-05
145.58,0.0192273,-0.0294839,4.67275e-05
145.58,0.0192204,-0.0294824,4.67241e-05
145.58,0.0192135,-0.029481,4.67207e-05
145.581,0.0192067,-0.0294795,4.67174e-05
145.581,0.0191998,-0.029478,4.6714e-05
145.581,0.019193,-0.0294766,4.67106e-05
145.581,0.0191861,-0.0294751,4.67072e-05
145.582,0.0191792,-0.0294736,4.67039e-05
145.582,0.0191724,-0.0294722,4.67005e-05
145.582,0.0191655,-0.0294707,4.66971e-05
145.582,0.0191587,-0.0294692,4.66938e-05
145.583,0.0191518,-0.0294677,4.66904e-05
145.583,0.019145,-0.0294663,4.6687e-05
145.583,0.0191381,-0.0294648,4.66837e-05
145.583,0.0191313,-0.0294633,4.66803e-05
145.583,0.0191245,-0.0294619,4.66769e-05
145.584,0.0191176,-0.0294604,4.66736e-05
145.584,0.0191108,-0.0294589,4.66702e-05
145.584,0.019104,-0.0294574,4.66668e-05
145.584,0.0190971,-0.029456,4.66635e-05
145.585,0.0190903,-0.0294545,4.66601e-05
145.585,0.0190835,-0.029453,4.66567e-05
145.585,0.0190766,-0.0294515,4.66533e-05
145.585,0.0190698,-0.0294501,4.665e-05
145.586,0.019063,-0.0294486,4.66466e-05
145.586,0.0190562,-0.0294471,4.66432e-05
145.586,0.0190493,-0.0294456,4.66399e-05
145.586,0.0190425,-0.0294441,4.66365e-05
145.587,0.0190357,-0.0294427,4.66331e-05
145.587,0.0190289,-0.0294412,4.66298e-05
145.587,0.0190221,-0.0294397,4.66264e-05
145.587,0.0190153,-0.0294382,4.6623e-05
145.587,0.0190085,-0.0294367,4.66197e-05
145.588,0.0190017,-0.0294353,4.66163e-05
145.588,0.0189949,-0.0294338,4.66129e-05
145.588,0.0189881,-0.0294323,4.66096e-05
145.588,0.0189813,-0.0294308,4.66062e-05
145.589,0.0189745,-0.0294293,4.66029e-05
145.589,0.0189677,-0.0294278,4.65995e-05
145.589,0.0189609,-0.0294263,4.65961e-05
145.589,0.0189541,-0.0294248,4.65928e-05
145.59,0.0189473,-0.0294234,4.65894e-05
145.59,0.0189405,-0.0294219,4.6586e-05
145.59,0.0189337,-0.0294204,4.65827e-05
145.59,0.0189269,-0.0294189,4.65793e-05
145.59,0.0189202,-0.0294174,4.65759e-05
145.591,0.0189134,-0.0294159,4.65726e-05
145.591,0.0189066,-0.0294144,4.65692e-05
145.591,0.0188998,-0.0294129,4.65658e-05
145.591,0.018893,-0.0294114,4.65625e-05
145.592,0.0188863,-0.0294099,4.65591e-05
145.592,0.0188795,-0.0294084,4.65557e-05
145.592,0.0188727,-0.0294069,4.65524e-05
145.592,0.018866,-0.0294054,4.6549e-05
145.593,0.0188592,-0.029404,4.65457e-05
145.593,0.0188524,-0.0294025,4.65423e-05
145.593,0.0188457,-0.029401,4.65389e-05
145.593,0.0188389,-0.0293995,4.65356e-05
145.593,0.0188322,-0.029398,4.65322e-05
145.594,0.0188254,-0.0293965,4.65288e-05
145.594,0.0188187,-0.029395,4.65255e-05
145.594,0.0188119,-0.0293935,4.65221e-05
145.594,0.0188052,-0.029392,4.65188e-05
145.595,0.0187984,-0.0293905,4.65154e-05
145.595,0.0187917,-0.0293889,4.6512e-05
145.595,0.0187849,-0.0293874,4.65087e-05
145.595,0.0187782,-0.0293859,4.65053e-05
145.595,0.0187714,-0.0293844,4.6502e-05
145.596,0.0187647,-0.0293829,4.64986e-05
145.596,0.018758,-0.0293814,4.64952e-05
145.596,0.0187512,-0.0293799,4.64919e-05
145.596,0.0187445,-0.0293784,4.64885e-05
145.597,0.0187378,-0.0293769,4.64851e-05
145.597,0.018731,-0.0293754,4.64818e-05
145.597,0.0187243,-0.0293739,4.64784e-05
145.597,0.0187176,-0.0293724,4.64751e-05
145.598,0.0187109,-0.0293709,4.64717e-05
145.598,0.0187041,-0.0293694,4.64683e-05
145.598,0.0186974,-0.0293678,4.6465e-05
145.598,0.0186907,-0.0293663,4.64616e-05
145.598,0.018684,-0.0293648,4.64583e-05
145.599,0.0186773,-0.0293633,4.64549e-05
145.599,0.0186706,-0.0293618,4.64515e-05
145.599,0.0186638,-0.0293603,4.64482e-05
145.599,0.0186571,-0.0293588,4.64448e-05
145.6,0.0186504,-0.0293572,4.64415e-05
145.6,0.0186437,-0.0293557,4.64381e-05
145.6,0.018637,-0.0293542,4.64348e-05
145.6,0.0186303,-0.0293527,4.64314e-05
145.601,0.0186236,-0.0293512,4.6428e-05
145.601,0.0186169,-0.0293497,4.64247e-05
145.601,0.0186102,-0.0293481,4.64213e-05
145.601,0.0186035,-0.0293466,4.6418e-05
145.601,0.0185969,-0.0293451,4.64146e-05
145.602,0.0185902,-0.0293436,4.64113e-05
145.602,0.0185835,-0.029342,4.64079e-05
145.602,0.0185768,-0.0293405,4.64045e-05
145.602,0.0185701,-0.029339,4.64012e-05
145.603,0.0185634,-0.0293375,4.63978e-05
145.603,0.0185568,-0.0293359,4.63945e-05
145.603,0.0185501,-0.0293344,4.63911e-05
145.603,0.0185434,-0.0293329,4.63878e-05
145.603,0.0185367,-0.0293314,4.63844e-05
145.604,0.0185301,-0.0293298,4.6381e-05
145.604,0.0185234,-0.0293283,4.63777e-05
145.604,0.0185167,-0.0293268,4.63743e-05
145.604,0.0185101,-0.0293253,4.6371e-05
145.605,0.0185034,-0.0293237,4.63676e-05
145.605,0.0184967,-0.0293222,4.63643e-05
145.605,0.0184901,-0.0293207,4.63609e-05
145.605,0.0184834,-0.0293191,4.63575e-05
145.606,0.0184768,-0.0293176,4.63542e-05
145.606,0.0184701,-0.0293161,4.63508e-05
145.606,0.0184634,-0.0293145,4.63475e-05
145.606,0.0184568,-0.029313,4.63441e-05
145.606,0.0184501,-0.0293115,4.63408e-05
145.607,0.0184435,-0.0293099,4.63374e-05
145.607,0.0184369,-0.0293084,4.63341e-05
145.607,0.0184302,-0.0293068,4.63307e-05
145.607,0.0184236,-0.0293053,4.63274e-05
145.608,0.0184169,-0.0293038,4.6324e-05
145.608,0.0184103,-0.0293022,4.63206e-05
145.608,0.0184037,-0.0293007,4.63173e-05
145.608,0.018397,-0.0292992,4.63139e-05
145.608,0.0183904,-0.0292976,4.63106e-05
145.609,0.0183838,-0.0292961,4.63072e-05
145.609,0.0183771,-0.0292945,4.63039e-05
145.609,0.0183705,-0.029293,4.63005e-05
145.609,0.0183639,-0.0292914,4.62972e-05
145.61,0.0183573,-0.0292899,4.62938e-05
145.61,0.0183506,-0.0292884,4.62905e-05
145.61,0.018344,-0.0292868,4.62871e-05
145.61,0.0183374,-0.0292853,4.62838e-05
145.611,0.0183308,-0.0292837,4.62804e-05
145.611,0.0183242,-0.0292822,4.62771e-05
145.611,0.0183176,-0.0292806,4.62737e-05
145.611,0.0183109,-0.0292791,4.62704e-05
145.611,0.0183043,-0.0292775,4.6267e-05
145.612,0.0182977,-0.029276,4.62637e-05
145.612,0.0182911,-0.0292744,4.62603e-05
145.612,0.0182845,-0.0292729,4.6257e-05
145.612,0.0182779,-0.0292713,4.62536e-05
145.613,0.0182713,-0.0292698,4.62503e-05
145.613,0.0182647,-0.0292682,4.62469e-05
145.613,0.0182581,-0.0292667,4.62436e-05
145.613,0.0182515,-0.0292651,4.62402e-05
145.613,0.018245,-0.0292635,4.62368e-05
145.614,0.0182384,-0.029262,4.62335e-05
145.614,0.0182318,-0.0292604,4.62301e-05
145.614,0.0182252,-0.0292589,4.62268e-05
145.614,0.0182186,-0.0292573,4.62234e-05
145.615,0.018212,-0.0292558,4.62201e-05
145.615,0.0182054,-0.0292542,4.62167e-05
145.615,0.0181989,-0.0292526,4.62134e-05
145.615,0.0181923,-0.0292511,4.62101e-05
145.615,0.0181857,-0.0292495,4.62067e-05
145.616,0.0181791,-0.029248,4.62034e-05
145.616,0.0181726,-0.0292464,4.62e-05
145.616,0.018166,-0.0292448,4.61967e-05
145.616,0.0181594,-0.0292433,4.61933e-05
145.617,0.0181529,-0.0292417,4.619e-05
145.617,0.0181463,-0.0292401,4.61866e-05
145.617,0.0181398,-0.0292386,4.61833e-05
145.617,0.0181332,-0.029237,4.61799e-05
145.617,0.0181266,-0.0292354,4.61766e-05
145.618,0.0181201,-0.0292339,4.61732e-05
145.618,0.0181135,-0.0292323,4.61699e-05
145.618,0.018107,-0.0292307,4.61665e-05
145.618,0.0181004,-0.0292292,4.61632e-05
145.619,0.0180939,-0.0292276,4.61598e-05
145.619,0.0180873,-0.029226,4.61565e-05
145.619,0.0180808,-0.0292245,4.61531e-05
145.619,0.0180742,-0.0292229,4.61498e-05
145.62,0.0180677,-0.0292213,4.61464e-05
145.62,0.0180612,-0.0292197,4.61431e-05
145.62,0.0180546,-0.0292182,4.61397e-05
145.62,0.0180481,-0.0292166,4.61364e-05
145.62,0.0180416,-0.029215,4.61331e-05
145.621,0.018035,-0.0292134,4.61297e-05
145.621,0.0180285,-0.0292119,4.61264e-05
145.621,0.018022,-0.0292103,4.6123e-05
145.621,0.0180155,-0.0292087,4.61197e-05
145.622,0.0180089,-0.0292071,4.61163e-05
145.622,0.0180024,-0.0292055,4.6113e-05
145.622,0.0179959,-0.029204,4.61096e-05
145.622,0.0179894,-0.0292024,4.61063e-05
145.622,0.0179828,-0.0292008,4.61029e-05
145.623,0.0179763,-0.0291992,4.60996e-05
145.623,0.0179698,-0.0291976,4.60963e-05
145.623,0.0179633,-0.0291961,4.60929e-05
145.623,0.0179568,-0.0291945,4.60896e-05
145.624,0.0179503,-0.0291929,4.60862e-05
145.624,0.0179438,-0.0291913,4.60829e-05
145.624,0.0179373,-0.0291897,4.60795e-05
145.624,0.0179308,-0.0291881,4.60762e-05
145.624,0.0179243,-0.0291865,4.60728e-05
145.625,0.0179178,-0.029185,4.60695e-05
145.625,0.0179113,-0.0291834,4.60662e-05
145.625,0.0179048,-0.0291818,4.60628e-05
145.625,0.0178983,-0.0291802,4.60595e-05
145.626,0.0178918,-0.0291786,4.60561e-05
145.626,0.0178853,-0.029177,4.60528e-05
145.626,0.0178788,-0.0291754,4.60494e-05
145.626,0.0178724,-0.0291738,4.60461e-05
145.626,0.0178659,-0.0291722,4.60428e-05
145.627,0.0178594,-0.0291706,4.60394e-05
145.627,0.0178529,-0.029169,4.60361e-05
145.627,0.0178464,-0.0291675,4.60327e-05
145.627,0.01784,-0.0291659,4.60294e-05
145.628,0.0178335,-0.0291643,4.60261e-05
145.628,0.017827,-0.0291627,4.60227e-05
145.628,0.0178205,-0.0291611,4.60194e-05
145.628,0.0178141,-0.0291595,4.6016e-05
145.628,0.0178076,-0.0291579,4.60127e-05
145.629,0.0178011,-0.0291563,4.60093e-05
145.629,0.0177947,-0.0291547,4.6006e-05
145.629,0.0177882,-0.0291531,4.60027e-05
145.629,0.0177818,-0.0291515,4.59993e-05
145.63,0.0177753,-0.0291499,4.5996e-05
145.63,0.0177688,-0.0291483,4.59926e-05
145.63,0.0177624,-0.0291467,4.59893e-05
145.63,0.0177559,-0.0291451,4.5986e-05
145.63,0.0177495,-0.0291435,4.59826e-05
145.631,0.017743,-0.0291418,4.59793e-05
145.631,0.0177366,-0.0291402,4.59759e-05
145.631,0.0177301,-0.0291386,4.59726e-05
145.631,0.0177237,-0.029137,4.59693e-05
145.632,0.0177173,-0.0291354,4.59659e-05
145.632,0.0177108,-0.0291338,4.59626e-05
145.632,0.0177044,-0.0291322,4.59592e-05
145.632,0.0176979,-0.0291306,4.59559e-05
145.632,0.0176915,-0.029129,4.59526e-05
145.633,0.0176851,-0.0291274,4.59492e-05
145.633,0.0176787,-0.0291258,4.59459e-05
145.633,0.0176722,-0.0291241,4.59425e-05
145.633,0.0176658,-0.0291225,4.59392e-05
145.634,0.0176594,-0.0291209,4.59359e-05
145.634,0.0176529,-0.0291193,4.59325e-05
145.634,0.0176465,-0.0291177,4.59292e-05
145.634,0.0176401,-0.0291161,4.59259e-05
145.634,0.0176337,-0.0291145,4.59225e-05
145.635,0.0176273,-0.0291128,4.59192e-05
145.635,0.0176209,-0.0291112,4.59158e-05
145.635,0.0176145,-0.0291096,4.59125e-05
145.635,0.017608,-0.029108,4.59092e-05
145.635,0.0176016,-0.0291064,4.59058e-05
145.636,0.0175952,-0.0291047,4.59025e-05
145.636,0.0175888,-0.0291031,4.58992e-05
145.636,0.0175824,-0.0291015,4.58958e-05
145.636,0.017576,-0.0290999,4.58925e-05
145.637,0.0175696,-0.0290983,4.58891e-05
145.637,0.0175632,-0.0290966,4.58858e-05
145.637,0.0175568,-0.029095,4.58825e-05
145.637,0.0175504,-0.0290934,4.58791e-05
145.637,0.017544,-0.0290918,4.58758e-05
145.638,0.0175377,-0.0290901,4.58725e-05
145.638,0.0175313,-0.0290885,4.58691e-05
145.638,0.0175249,-0.0290869,4.58658e-05
145.638,0.0175185,-0.0290852,4.58625e-05
145.639,0.0175121,-0.0290836,4.58591e-05
145.639,0.0175057,-0.029082,4.58558e-05
145.639,0.0174993,-0.0290804,4.58525e-05
145.639,0.017493,-0.0290787,4.58491e-05
145.639,0.0174866,-0.0290771,4.58458e-05
145.64,0.0174802,-0.0290755,4.58425e-05
145.64,0.0174738,-0.0290738,4.58391e-05
145.64,0.0174675,-0.0290722,4.58358e-05
145.64,0.0174611,-0.0290706,4.58325e-05
145.641,0.0174547,-0.0290689,4.58291e-05
145.641,0.0174484,-0.0290673,4.58258e-05
145.641,0.017442,-0.0290656,4.58225e-05
145.641,0.0174357,-0.029064,4.58191e-05
145.641,0.0174293,-0.0290624,4.58158e-05
145.642,0.0174229,-0.0290607,4.58125e-05
145.642,0.0174166,-0.0290591,4.58091e-05
145.642,0.0174102,-0.0290575,4.58058e-05
145.642,0.0174039,-0.0290558,4.58025e-05
145.643,0.0173975,-0.0290542,4.57991e-05
145.643,0.0173912,-0.0290525,4.57958e-05
145.643,0.0173848,-0.0290509,4.57925e-05
145.643,0.0173785,-0.0290492,4.57891e-05
145.643,0.0173721,-0.0290476,4.57858e-05
145.644,0.0173658,-0.029046,4.57825e-05
145.644,0.0173595,-0.0290443,4.57791e-05
145.644,0.0173531,-0.0290427,4.57758e-05
145.644,0.0173468,-0.029041,4.57725e-05
145.644,0.0173405,-0.0290394,4.57691e-05
145.645,0.0173341,-0.0290377,4.57658e-05
145.645,0.0173278,-0.0290361,4.57625e-05
145.645,0.0173215,-0.0290344,4.57591e-05
145.645,0.0173151,-0.0290328,4.57558e-05
145.646,0.0173088,-0.0290311,4.57525e-05
145.646,0.0173025,-0.0290295,4.57491e-05
145.646,0.0172962,-0.0290278,4.57458e-05
145.646,0.0172898,-0.0290262,4.57425e-05
145.646,0.0172835,-0.0290245,4.57392e-05
145.647,0.0172772,-0.0290229,4.57358e-05
145.647,0.0172709,-0.0290212,4.57325e-05
145.647,0.0172646,-0.0290196,4.57292e-05
145.647,0.0172583,-0.0290179,4.57258e-05
145.648,0.017252,-0.0290162,4.57225e-05
145.648,0.0172457,-0.0290146,4.57192e-05
145.648,0.0172394,-0.0290129,4.57158e-05
145.648,0.0172331,-0.0290113,4.57125e-05
145.648,0.0172268,-0.0290096,4.57092e-05
145.649,0.0172205,-0.029008,4.57059e-05
145.649,0.0172142,-0.0290063,4.57025e-05
145.649,0.0172079,-0.0290046,4.56992e-05
145.649,0.0172016,-0.029003,4.56959e-05
145.649,0.0171953,-0.0290013,4.56925e-05
145.65,0.017189,-0.0289996,4.56892e-05
145.65,0.0171827,-0.028998,4.56859e-05
145.65,0.0171764,-0.0289963,4.56826e-05
145.65,0.0171701,-0.0289946,4.56792e-05
145.651,0.0171638,-0.028993,4.56759e-05
145.651,0.0171576,-0.0289913,4.56726e-05
145.651,0.0171513,-0.0289896,4.56692e-05
145.651,0.017145,-0.028988,4.56659e-05
145.651,0.0171387,-0.0289863,4.56626e-05
145.652,0.0171324,-0.0289846,4.56593e-05
145.652,0.0171262,-0.028983,4.56559e-05
145.652,0.0171199,-0.0289813,4.56526e-05
145.652,0.0171136,-0.0289796,4.56493e-05
145.653,0.0171074,-0.028978,4.5646e-05
145.653,0.0171011,-0.0289763,4.56426e-05
145.653,0.0170948,-0.0289746,4.56393e-05
145.653,0.0170886,-0.0289729,4.5636e-05
145.653,0.0170823,-0.0289713,4.56326e-05
145.654,0.017076,-0.0289696,4.56293e-05
145.654,0.0170698,-0.0289679,4.5626e-05
145.654,0.0170635,-0.0289662,4.56227e-05
145.654,0.0170573,-0.0289646,4.56193e-05
145.654,0.017051,-0.0289629,4.5616e-05
145.655,0.0170448,-0.0289612,4.56127e-05
145.655,0.0170385,-0.0289595,4.56094e-05
145.655,0.0170323,-0.0289578,4.5606e-05
145.655,0.017026,-0.0289562,4.56027e-05
145.656,0.0170198,-0.0289545,4.55994e-05
145.656,0.0170136,-0.0289528,4.55961e-05
145.656,0.0170073,-0.0289511,4.55927e-05
145.656,0.0170011,-0.0289494,4.55894e-05
145.656,0.0169948,-0.0289477,4.55861e-05
145.657,0.0169886,-0.0289461,4.55828e-05
145.657,0.0169824,-0.0289444,4.55794e-05
145.657,0.0169761,-0.0289427,4.55761e-05
145.657,0.0169699,-0.028941,4.55728e-05
145.657,0.0169637,-0.0289393,4.55695e-05
145.658,0.0169575,-0.0289376,4.55661e-05
145.658,0.0169512,-0.0289359,4.55628e-05
145.658,0.016945,-0.0289342,4.55595e-05
145.658,0.0169388,-0.0289326,4.55562e-05
145.659,0.0169326,-0.0289309,4.55529e-05
145.659,0.0169264,-0.0289292,4.55495e-05
145.659,0.0169202,-0.0289275,4.55462e-05
145.659,0.0169139,-0.0289258,4.55429e-05
145.659,0.0169077,-0.0289241,4.55396e-05
145.66,0.0169015,-0.0289224,4.55362e-05
145.66,0.0168953,-0.0289207,4.55329e-05
145.66,0.0168891,-0.028919,4.55296e-05
145.66,0.0168829,-0.0289173,4.55263e-05
145.66,0.0168767,-0.0289156,4.5523e-05
145.661,0.0168705,-0.0289139,4.55196e-05
145.661,0.0168643,-0.0289122,4.55163e-05
145.661,0.0168581,-0.0289105,4.5513e-05
145.661,0.0168519,-0.0289088,4.55097e-05
145.662,0.0168457,-0.0289071,4.55063e-05
145.662,0.0168395,-0.0289054,4.5503e-05
145.662,0.0168333,-0.0289037,4.54997e-05
145.662,0.0168271,-0.028902,4.54964e-05
145.662,0.016821,-0.0289003,4.54931e-05
145.663,0.0168148,-0.0288986,4.54897e-05
145.663,0.0168086,-0.0288969,4.54864e-05
145.663,0.0168024,-0.0288952,4.54831e-05
145.663,0.0167962,-0.0288935,4.54798e-05
145.663,0.0167901,-0.0288918,4.54765e-05
145.664,0.0167839,-0.0288901,4.54731e-05
145.664,0.0167777,-0.0288884,4.54698e-05
145.664,0.0167715,-0.0288867,4.54665e-05
145.664,0.0167654,-0.0288849,4.54632e-05
145.665,0.0167592,-0.0288832,4.54599e-05
145.665,0.016753,-0.0288815,4.54565e-05
145.665,0.0167469,-0.0288798,4.54532e-05
145.665,0.0167407,-0.0288781,4.54499e-05
145.665,0.0167345,-0.0288764,4.54466e-05
145.666,0.0167284,-0.0288747,4.54433e-05
145.666,0.0167222,-0.028873,4.54399e-05
145.666,0.0167161,-0.0288712,4.54366e-05
145.666,0.0167099,-0.0288695,4.54333e-05
145.666,0.0167038,-0.0288678,4.543e-05
145.667,0.0166976,-0.0288661,4.54267e-05
145.667,0.0166915,-0.0288644,4.54234e-05
145.667,0.0166853,-0.0288627,4.542e-05
145.667,0.0166792,-0.0288609,4.54167e-05
145.668,0.016673,-0.0288592,4.54134e-05
145.668,0.0166669,-0.0288575,4.54101e-05
145.668,0.0166607,-0.0288558,4.54068e-05
145.668,0.0166546,-0.0288541,4.54034e-05
145.668,0.0166485,-0.0288523,4.54001e-05
145.669,0.0166423,-0.0288506,4.53968e-05
145.669,0.0166362,-0.0288489,4.53935e-05
145.669,0.0166301,-0.0288472,4.53902e-05
145.669,0.0166239,-0.0288454,4.53869e-05
145.669,0.0166178,-0.0288437,4.53835e-05
145.67,0.0166117,-0.028842,4.53802e-05
145.67,0.0166056,-0.0288403,4.53769e-05
145.67,0.0165994,-0.0288385,4.53736e-05
145.67,0.0165933,-0.0288368,4.53703e-05
145.671,0.0165872,-0.0288351,4.5367e-05
145.671,0.0165811,-0.0288333,4.53636e-05
145.671,0.016575,-0.0288316,4.53603e-05
145.671,0.0165688,-0.0288299,4.5357e-05
145.671,0.0165627,-0.0288281,4.53537e-05
145.672,0.0165566,-0.0288264,4.53504e-05
145.672,0.0165505,-0.0288247,4.53471e-05
145.672,0.0165444,-0.0288229,4.53438e-05
145.672,0.0165383,-0.0288212,4.53404e-05
145.672,0.0165322,-0.0288195,4.53371e-05
145.673,0.0165261,-0.0288177,4.53338e-05
145.673,0.01652,-0.028816,4.53305e-05
145.673,0.0165139,-0.0288143,4.53272e-05
145.673,0.0165078,-0.0288125,4.53239e-05
145.673,0.0165017,-0.0288108,4.53206e-05
145.674,0.0164956,-0.028809,4.53172e-05
145.674,0.0164895,-0.0288073,4.53139e-05
145.674,0.0164834,-0.0288056,4.53106e-05
145.674,0.0164773,-0.0288038,4.53073e-05
145.675,0.0164712,-0.0288021,4.5304e-05
145.675,0.0164652,-0.0288003,4.53007e-05
145.675,0.0164591,-0.0287986,4.52974e-05
145.675,0.016453,-0.0287968,4.5294e-05
145.675,0.0164469,-0.0287951,4.52907e-05
145.676,0.0164408,-0.0287934,4.52874e-05
145.676,0.0164348,-0.0287916,4.52841e-05
145.676,0.0164287,-0.0287899,4.52808e-05
145.676,0.0164226,-0.0287881,4.52775e-05
145.676,0.0164165,-0.0287864,4.52742e-05
145.677,0.0164105,-0.0287846,4.52709e-05
145.677,0.0164044,-0.0287829,4.52675e-05
145.677,0.0163983,-0.0287811,4.52642e-05
145.677,0.0163923,-0.0287794,4.52609e-05
145.677,0.0163862,-0.0287776,4.52576e-05
145.678,0.0163802,-0.0287759,4.52543e-05
145.678,0.0163741,-0.0287741,4.5251e-05
145.678,0.016368,-0.0287723,4.52477e-05
145.678,0.016362,-0.0287706,4.52444e-05
145.679,0.0163559,-0.0287688,4.52411e-05
145.679,0.0163499,-0.0287671,4.52377e-05
145.679,0.0163438,-0.0287653,4.52344e-05
145.679,0.0163378,-0.0287636,4.52311e-05
145.679,0.0163317,-0.0287618,4.52278e-05
145.68,0.0163257,-0.02876,4.52245e-05
145.68,0.0163196,-0.0287583,4.52212e-05
145.68,0.0163136,-0.0287565,4.52179e-05
145.68,0.0163076,-0.0287548,4.52146e-05
145.68,0.0163015,-0.028753,4.52113e-05
145.681,0.0162955,-0.0287512,4.52079e-05
145.681,0.0162894,-0.0287495,4.52046e-05
145.681,0.0162834,-0.0287477,4.52013e-05
145.681,0.0162774,-0.0287459,4.5198e-05
145.681,0.0162714,-0.0287442,4.51947e-05
145.682,0.0162653,-0.0287424,4.51914e-05
145.682,0.0162593,-0.0287406,4.51881e-05
145.682,0.0162533,-0.0287389,4.51848e-05
145.682,0.0162473,-0.0287371,4.51815e-05
145.683,0.0162412,-0.0287353,4.51782e-05
145.683,0.0162352,-0.0287336,4.51749e-05
145.683,0.0162292,-0.0287318,4.51715e-05
145.683,0.0162232,-0.02873,4.51682e-05
145.683,0.0162172,-0.0287283,4.51649e-05
145.684,0.0162112,-0.0287265,4.51616e-05
145.684,0.0162051,-0.0287247,4.51583e-05
145.684,0.0161991,-0.0287229,4.5155e-05
145.684,0.0161931,-0.0287212,4.51517e-05
145.684,0.0161871,-0.0287194,4.51484e-05
145.685,0.0161811,-0.0287176,4.51451e-05
145.685,0.0161751,-0.0287158,4.51418e-05
145.685,0.0161691,-0.0287141,4.51385e-05
145.685,0.0161631,-0.0287123,4.51352e-05
145.685,0.0161571,-0.0287105,4.51319e-05
145.686,0.0161511,-0.0287087,4.51285e-05
145.686,0.0161451,-0.0287069,4.51252e-05
145.686,0.0161391,-0.0287052,4.51219e-05
145.686,0.0161331,-0.0287034,4.51186e-05
145.686,0.0161272,-0.0287016,4.51153e-05
145.687,0.0161212,-0.0286998,4.5112e-05
145.687,0.0161152,-0.028698,4.51087e-05
145.687,0.0161092,-0.0286962,4.51054e-05
145.687,0.0161032,-0.0286944,4.51021e-05
145.688,0.0160972,-0.0286927,4.50988e-05
145.688,0.0160913,-0.0286909,4.50955e-05
145.688,0.0160853,-0.0286891,4.50922e-05
145.688,0.0160793,-0.0286873,4.50889e-05
145.688,0.0160733,-0.0286855,4.50856e-05
145.689,0.0160674,-0.0286837,4.50823e-05
145.689,0.0160614,-0.0286819,4.5079e-05
145.689,0.0160554,-0.0286801,4.50757e-05
145.689,0.0160495,-0.0286783,4.50724e-05
145.689,0.0160435,-0.0286766,4.5069e-05
145.69,0.0160375,-0.0286748,4.50657e-05
145.69,0.0160316,-0.028673,4.50624e-05
145.69,0.0160256,-0.0286712,4.50591e-05
145.69,0.0160197,-0.0286694,4.50558e-05
145.69,0.0160137,-0.0286676,4.50525e-05
145.691,0.0160077,-0.0286658,4.50492e-05
145.691,0.0160018,-0.028664,4.50459e-05
145.691,0.0159958,-0.0286622,4.50426e-05
145.691,0.0159899,-0.0286604,4.50393e-05
145.691,0.0159839,-0.0286586,4.5036e-05
145.692,0.015978,-0.0286568,4.50327e-05
145.692,0.0159721,-0.028655,4.50294e-05
145.692,0.0159661,-0.0286532,4.50261e-05
145.692,0.0159602,-0.0286514,4.50228e-05
145.693,0.0159542,-0.0286496,4.50195e-05
145.693,0.0159483,-0.0286478,4.50162e-05
145.693,0.0159424,-0.028646,4.50129e-05
145.693,0.0159364,-0.0286442,4.50096e-05
145.693,0.0159305,-0.0286424,4.50063e-05
145.694,0.0159246,-0.0286406,4.5003e-05
145.694,0.0159186,-0.0286388,4.49997e-05
145.694,0.0159127,-0.0286369,4.49964e-05
145.694,0.0159068,-0.0286351,4.49931e-05
145.694,0.0159009,-0.0286333,4.49898e-05
145.695,0.0158949,-0.0286315,4.49865e-05
145.695,0.015889,-0.0286297,4.49832e-05
145.695,0.0158831,-0.0286279,4.49799e-05
145.695,0.0158772,-0.0286261,4.49766e-05
145.695,0.0158713,-0.0286243,4.49733e-05
145.696,0.0158654,-0.0286225,4.497e-05
145.696,0.0158594,-0.0286206,4.49667e-05
145.696,0.0158535,-0.0286188,4.49634e-05
145.696,0.0158476,-0.028617,4.49601e-05
145.696,0.0158417,-0.0286152,4.49568e-05
145.697,0.0158358,-0.0286134,4.49535e-05
145.697,0.0158299,-0.0286116,4.49502e-05
145.697,0.015824,-0.0286097,4.49469e-05
145.697,0.0158181,-0.0286079,4.49436e-05
145.697,0.0158122,-0.0286061,4.49403e-05
145.698,0.0158063,-0.0286043,4.4937e-05
145.698,0.0158004,-0.0286025,4.49337e-05
145.698,0.0157945,-0.0286006,4.49304e-05
145.698,0.0157886,-0.0285988,4.49271e-05
145.699,0.0157827,-0.028597,4.49238e-05
145.699,0.0157768,-0.0285952,4.49205e-05
145.699,0.015771,-0.0285933,4.49172e-05
145.699,0.0157651,-0.0285915,4.49139e-05
145.699,0.0157592,-0.0285897,4.49106e-05
145.7,0.0157533,-0.0285879,4.49073e-05
145.7,0.0157474,-0.028586,4.4904e-05
145.7,0.0157416,-0.0285842,4.49007e-05
145.7,0.0157357,-0.0285824,4.48974e-05
145.7,0.0157298,-0.0285805,4.48941e-05
145.701,0.0157239,-0.0285787,4.48908e-05
145.701,0.0157181,-0.0285769,4.48875e-05
145.701,0.0157122,-0.028575,4.48842e-05
145.701,0.0157063,-0.0285732,4.48809e-05
145.701,0.0157005,-0.0285714,4.48776e-05
145.702,0.0156946,-0.0285695,4.48743e-05
145.702,0.0156887,-0.0285677,4.4871e-05
145.702,0.0156829,-0.0285659,4.48677e-05
145.702,0.015677,-0.028564,4.48644e-05
145.702,0.0156711,-0.0285622,4.48611e-05
145.703,0.0156653,-0.0285604,4.48578e-05
145.703,0.0156594,-0.0285585,4.48545e-05
145.703,0.0156536,-0.0285567,4.48512e-05
145.703,0.0156477,-0.0285548,4.48479e-05
145.703,0.0156419,-0.028553,4.48446e-05
145.704,0.015636,-0.0285512,4.48413e-05
145.704,0.0156302,-0.0285493,4.4838e-05
145.704,0.0156243,-0.0285475,4.48347e-05
145.704,0.0156185,-0.0285456,4.48314e-05
145.704,0.0156127,-0.0285438,4.48281e-05
145.705,0.0156068,-0.0285419,4.48248e-05
145.705,0.015601,-0.0285401,4.48216e-05
145.705,0.0155951,-0.0285382,4.48183e-05
145.705,0.0155893,-0.0285364,4.4815e-05
145.705,0.0155835,-0.0285345,4.48117e-05
145.706,0.0155776,-0.0285327,4.48084e-05
145.706,0.0155718,-0.0285308,4.48051e-05
145.706,0.015566,-0.028529,4.48018e-05
145.706,0.0155602,-0.0285271,4.47985e-05
145.707,0.0155543,-0.0285253,4.47952e-05
145.707,0.0155485,-0.0285234,4.47919e-05
145.707,0.0155427,-0.0285216,4.47886e-05
145.707,0.0155369,-0.0285197,4.47853e-05
145.707,0.015531,-0.0285179,4.4782e-05
145.708,0.0155252,-0.028516,4.47787e-05
145.708,0.0155194,-0.0285142,4.47754e-05
145.708,0.0155136,-0.0285123,4.47721e-05
145.708,0.0155078,-0.0285105,4.47688e-05
145.708,0.015502,-0.0285086,4.47655e-05
145.709,0.0154962,-0.0285067,4.47623e-05
145.709,0.0154904,-0.0285049,4.4759e-05
145.709,0.0154846,-0.028503,4.47557e-05
145.709,0.0154788,-0.0285012,4.47524e-05
145.709,0.015473,-0.0284993,4.47491e-05
145.71,0.0154672,-0.0284974,4.47458e-05
145.71,0.0154614,-0.0284956,4.47425e-05
145.71,0.0154556,-0.0284937,4.47392e-05
145.71,0.0154498,-0.0284918,4.47359e-05
145.71,0.015444,-0.02849,4.47326e-05
145.711,0.0154382,-0.0284881,4.47293e-05
145.711,0.0154324,-0.0284862,4.4726e-05
145.711,0.0154266,-0.0284844,4.47227e-05
145.711,0.0154208,-0.0284825,4.47195e-05
145.711,0.015415,-0.0284806,4.47162e-05
145.712,0.0154093,-0.0284788,4.47129e-05
145.712,0.0154035,-0.0284769,4.47096e-05
145.712,0.0153977,-0.028475,4.47063e-05
145.712,0.0153919,-0.0284732,4.4703e-05
145.712,0.0153861,-0.0284713,4.46997e-05
145.713,0.0153804,-0.0284694,4.46964e-05
145.713,0.0153746,-0.0284675,4.46931e-05
145.713,0.0153688,-0.0284657,4.46898e-05
145.713,0.015363,-0.0284638,4.46865e-05
145.713,0.0153573,-0.0284619,4.46833e-05
145.714,0.0153515,-0.02846,4.468e-05
145.714,0.0153457,-0.0284581,4.46767e-05
145.714,0.01534,-0.0284563,4.46734e-05
145.714,0.0153342,-0.0284544,4.46701e-05
145.714,0.0153285,-0.0284525,4.46668e-05
145.715,0.0153227,-0.0284506,4.46635e-05
145.715,0.0153169,-0.0284487,4.46602e-05
145.715,0.0153112,-0.0284469,4.46569e-05
145.715,0.0153054,-0.028445,4.46536e-05
145.715,0.0152997,-0.0284431,4.46504e-05
145.716,0.0152939,-0.0284412,4.46471e-05
145.716,0.0152882,-0.0284393,4.46438e-05
145.716,0.0152824,-0.0284374,4.46405e-05
145.716,0.0152767,-0.0284356,4.46372e-05
145.716,0.0152709,-0.0284337,4.46339e-05
145.717,0.0152652,-0.0284318,4.46306e-05
145.717,0.0152595,-0.0284299,4.46273e-05
145.717,0.0152537,-0.028428,4.46241e-05
145.717,0.015248,-0.0284261,4.46208e-05
145.717,0.0152423,-0.0284242,4.46175e-05
145.718,0.0152365,-0.0284223,4.46142e-05
145.718,0.0152308,-0.0284204,4.46109e-05
145.718,0.0152251,-0.0284185,4.46076e-05
145.718,0.0152193,-0.0284166,4.46043e-05
145.718,0.0152136,-0.0284148,4.4601e-05
145.719,0.0152079,-0.0284129,4.45978e-05
145.719,0.0152022,-0.028411,4.45945e-05
145.719,0.0151964,-0.0284091,4.45912e-05
145.719,0.0151907,-0.0284072,4.45879e-05
145.719,0.015185,-0.0284053,4.45846e-05
145.72,0.0151793,-0.0284034,4.45813e-05
145.72,0.0151736,-0.0284015,4.4578e-05
145.72,0.0151678,-0.0283996,4.45747e-05
145.72,0.0151621,-0.0283977,4.45715e-05
145.72,0.0151564,-0.0283958,4.45682e-05
145.721,0.0151507,-0.0283939,4.45649e-05
145.721,0.015145,-0.028392,4.45616e-05
145.721,0.0151393,-0.0283901,4.45583e-05
145.721,0.0151336,-0.0283881,4.4555e-05
145.721,0.0151279,-0.0283862,4.45517e-05
145.722,0.0151222,-0.0283843,4.45485e-05
145.722,0.0151165,-0.0283824,4.45452e-05
145.722,0.0151108,-0.0283805,4.45419e-05
145.722,0.0151051,-0.0283786,4.45386e-05
145.723,0.0150994,-0.0283767,4.45353e-05
145.723,0.0150937,-0.0283748,4.4532e-05
145.723,0.015088,-0.0283729,4.45287e-05
145.723,0.0150823,-0.028371,4.45255e-05
145.723,0.0150766,-0.0283691,4.45222e-05
145.724,0.015071,-0.0283671,4.45189e-05
145.724,0.0150653,-0.0283652,4.45156e-05
145.724,0.0150596,-0.0283633,4.45123e-05
145.724,0.0150539,-0.0283614,4.4509e-05
145.724,0.0150482,-0.0283595,4.45058e-05
145.725,0.0150425,-0.0283576,4.45025e-05
145.725,0.0150369,-0.0283557,4.44992e-05
145.725,0.0150312,-0.0283537,4.44959e-05
145.725,0.0150255,-0.0283518,4.44926e-05
145.725,0.0150198,-0.0283499,4.44893e-05
145.726,0.0150142,-0.028348,4.44861e-05
145.726,0.0150085,-0.0283461,4.44828e-05
145.726,0.0150028,-0.0283441,4.44795e-05
145.726,0.0149972,-0.0283422,4.44762e-05
145.726,0.0149915,-0.0283403,4.44729e-05
145.727,0.0149859,-0.0283384,4.44696e-05
145.727,0.0149802,-0.0283364,4.44664e-05
145.727,0.0149745,-0.0283345,4.44631e-05
145.727,0.0149689,-0.0283326,4.44598e-05
145.727,0.0149632,-0.0283307,4.44565e-05
145.728,0.0149576,-0.0283287,4.44532e-05
145.728,0.0149519,-0.0283268,4.445e-05
145.728,0.0149463,-0.0283249,4.44467e-05
145.728,0.0149406,-0.0283229,4.44434e-05
145.728,0.014935,-0.028321,4.44401e-05
145.728,0.0149293,-0.0283191,4.44368e-05
145.729,0.0149237,-0.0283171,4.44335e-05
145.729,0.014918,-0.0283152,4.44303e-05
145.729,0.0149124,-0.0283133,4.4427e-05
145.729,0.0149068,-0.0283113,4.44237e-05
145.729,0.0149011,-0.0283094,4.44204e-05
145.73,0.0148955,-0.0283075,4.44171e-05
145.73,0.0148898,-0.0283055,4.44139e-05
145.73,0.0148842,-0.0283036,4.44106e-05
145.73,0.0148786,-0.0283017,4.44073e-05
145.73,0.014873,-0.0282997,4.4404e-05
145.731,0.0148673,-0.0282978,4.44007e-05
145.731,0.0148617,-0.0282958,4.43975e-05
145.731,0.0148561,-0.0282939,4.43942e-05
145.731,0.0148504,-0.028292,4.43909e-05
145.731,0.0148448,-0.02829,4.43876e-05
145.732,0.0148392,-0.0282881,4.43843e-05
145.732,0.0148336,-0.0282861,4.43811e-05
145.732,0.014828,-0.0282842,4.43778e-05
145.732,0.0148224,-0.0282822,4.43745e-05
145.732,0.0148167,-0.0282803,4.43712e-05
145.733,0.0148111,-0.0282783,4.43679e-05
145.733,0.0148055,-0.0282764,4.43647e-05
145.733,0.0147999,-0.0282744,4.43614e-05
145.733,0.0147943,-0.0282725,4.43581e-05
145.733,0.0147887,-0.0282705,4.43548e-05
145.734,0.0147831,-0.0282686,4.43516e-05
145.734,0.0147775,-0.0282666,4.43483e-05
145.734,0.0147719,-0.0282647,4.4345e-05
145.734,0.0147663,-0.0282627,4.43417e-05
145.734,0.0147607,-0.0282608,4.43384e-05
145.735,0.0147551,-0.0282588,4.43352e-05
145.735,0.0147495,-0.0282569,4.43319e-05
145.735,0.0147439,-0.0282549,4.43286e-05
145.735,0.0147383,-0.028253,4.43253e-05
145.735,0.0147327,-0.028251,4.43221e-05
145.736,0.0147271,-0.028249,4.43188e-05
145.736,0.0147216,-0.0282471,4.43155e-05
145.736,0.014716,-0.0282451,4.43122e-05
145.736,0.0147104,-0.0282432,4.43089e-05
145.736,0.0147048,-0.0282412,4.43057e-05
145.737,0.0146992,-0.0282392,4.43024e-05
145.737,0.0146937,-0.0282373,4.42991e-05
145.737,0.0146881,-0.0282353,4.42958e-05
145.737,0.0146825,-0.0282333,4.42926e-05
145.737,0.0146769,-0.0282314,4.42893e-05
145.738,0.0146714,-0.0282294,4.4286e-05
145.738,0.0146658,-0.0282274,4.42827e-05
145.738,0.0146602,-0.0282255,4.42795e-05
145.738,0.0146547,-0.0282235,4.42762e-05
145.738,0.0146491,-0.0282215,4.42729e-05
145.739,0.0146435,-0.0282196,4.42696e-05
145.739,0.014638,-0.0282176,4.42664e-05
145.739,0.0146324,-0.0282156,4.42631e-05
145.739,0.0146268,-0.0282137,4.42598e-05
145.739,0.0146213,-0.0282117,4.42565e-05
145.74,0.0146157,-0.0282097,4.42533e-05
145.74,0.0146102,-0.0282077,4.425e-05
145.74,0.0146046,-0.0282058,4.42467e-05
145.74,0.0145991,-0.0282038,4.42434e-05
145.74,0.0145935,-0.0282018,4.42402e-05
145.741,0.014588,-0.0281998,4.42369e-05
145.741,0.0145824,-0.0281979,4.42336e-05
145.741,0.0145769,-0.0281959,4.42303e-05
145.741,0.0145713,-0.0281939,4.42271e-05
145.741,0.0145658,-0.0281919,4.42238e-05
145.742,0.0145603,-0.0281899,4.42205e-05
145.742,0.0145547,-0.028188,4.42172e-05
145.742,0.0145492,-0.028186,4.4214e-05
145.742,0.0145437,-0.028184,4.42107e-05
145.742,0.0145381,-0.028182,4.42074e-05
145.743,0.0145326,-0.02818,4.42042e-05
145.743,0.0145271,-0.028178,4.42009e-05
145.743,0.0145215,-0.0281761,4.41976e-05
145.743,0.014516,-0.0281741,4.41943e-05
145.743,0.0145105,-0.0281721,4.41911e-05
145.744,0.014505,-0.0281701,4.41878e-05
145.744,0.0144994,-0.0281681,4.41845e-05
145.744,0.0144939,-0.0281661,4.41812e-05
145.744,0.0144884,-0.0281641,4.4178e-05
145.744,0.0144829,-0.0281621,4.41747e-05
145.745,0.0144774,-0.0281601,4.41714e-05
145.745,0.0144718,-0.0281581,4.41682e-05
145.745,0.0144663,-0.0281561,4.41649e-05
145.745,0.0144608,-0.0281542,4.41616e-05
145.745,0.0144553,-0.0281522,4.41583e-05
145.745,0.0144498,-0.0281502,4.41551e-05
145.746,0.0144443,-0.0281482,4.41518e-05
145.746,0.0144388,-0.0281462,4.41485e-05
145.746,0.0144333,-0.0281442,4.41453e-05
145.746,0.0144278,-0.0281422,4.4142e-05
145.746,0.0144223,-0.0281402,4.41387e-05
145.747,0.0144168,-0.0281382,4.41355e-05
145.747,0.0144113,-0.0281362,4.41322e-05
145.747,0.0144058,-0.0281342,4.41289e-05
145.747,0.0144003,-0.0281322,4.41256e-05
145.747,0.0143948,-0.0281302,4.41224e-05
145.748,0.0143893,-0.0281282,4.41191e-05
145.748,0.0143838,-0.0281261,4.41158e-05
145.748,0.0143783,-0.0281241,4.41126e-05
145.748,0.0143729,-0.0281221,4.41093e-05
145.748,0.0143674,-0.0281201,4.4106e-05
145.749,0.0143619,-0.0281181,4.41028e-05
145.749,0.0143564,-0.0281161,4.40995e-05
145.749,0.0143509,-0.0281141,4.40962e-05
145.749,0.0143454,-0.0281121,4.40929e-05
145.749,0.01434,-0.0281101,4.40897e-05
145.75,0.0143345,-0.0281081,4.40864e-05
145.75,0.014329,-0.0281061,4.40831e-05
145.75,0.0143236,-0.028104,4.40799e-05
145.75,0.0143181,-0.028102,4.40766e-05
145.75,0.0143126,-0.0281,4.40733e-05
145.751,0.0143071,-0.028098,4.40701e-05
145.751,0.0143017,-0.028096,4.40668e-05
145.751,0.0142962,-0.028094,4.40635e-05
145.751,0.0142908,-0.0280919,4.40603e-05
145.751,0.0142853,-0.0280899,4.4057e-05
145.752,0.0142798,-0.0280879,4.40537e-05
145.752,0.0142744,-0.0280859,4.40505e-05
145.752,0.0142689,-0.0280839,4.40472e-05
145.752,0.0142635,-0.0280818,4.40439e-05
145.752,0.014258,-0.0280798,4.40407e-05
145.752,0.0142526,-0.0280778,4.40374e-05
145.753,0.0142471,-0.0280758,4.40341e-05
145.753,0.0142417,-0.0280737,4.40309e-05
145.753,0.0142362,-0.0280717,4.40276e-05
145.753,0.0142308,-0.0280697,4.40243e-05
145.753,0.0142253,-0.0280677,4.40211e-05
145.754,0.0142199,-0.0280656,4.40178e-05
145.754,0.0142144,-0.0280636,4.40145e-05
145.754,0.014209,-0.0280616,4.40113e-05
145.754,0.0142036,-0.0280595,4.4008e-05
145.754,0.0141981,-0.0280575,4.40047e-05
145.755,0.0141927,-0.0280555,4.40015e-05
145.755,0.0141873,-0.0280535,4.39982e-05
145.755,0.0141818,-0.0280514,4.39949e-05
145.755,0.0141764,-0.0280494,4.39917e-05
145.755,0.014171,-0.0280474,4.39884e-05
145.756,0.0141656,-0.0280453,4.39851e-05
145.756,0.0141601,-0.0280433,4.39819e-05
145.756,0.0141547,-0.0280412,4.39786e-05
145.756,0.0141493,-0.0280392,4.39753e-05
145.756,0.0141439,-0.0280372,4.39721e-05
145.757,0.0141384,-0.0280351,4.39688e-05
145.757,0.014133,-0.0280331,4.39655e-05
145.757,0.0141276,-0.028031,4.39623e-05
145.757,0.0141222,-0.028029,4.3959e-05
145.757,0.0141168,-0.028027,4.39557e-05
145.758,0.0141114,-0.0280249,4.39525e-05
145.758,0.014106,-0.0280229,4.39492e-05
145.758,0.0141006,-0.0280208,4.3946e-05
145.758,0.0140952,-0.0280188,4.39427e-05
145.758,0.0140898,-0.0280167,4.39394e-05
145.758,0.0140844,-0.0280147,4.39362e-05
145.759,0.014079,-0.0280126,4.39329e-05
145.759,0.0140736,-0.0280106,4.39296e-05
145.759,0.0140682,-0.0280085,4.39264e-05
145.759,0.0140628,-0.0280065,4.39231e-05
145.759,0.0140574,-0.0280044,4.39199e-05
145.76,0.014052,-0.0280024,4.39166e-05
145.76,0.0140466,-0.0280003,4.39133e-05
145.76,0.0140412,-0.0279983,4.39101e-05
145.76,0.0140358,-0.0279962,4.39068e-05
145.76,0.0140304,-0.0279942,4.39035e-05
145.761,0.014025,-0.0279921,4.39003e-05
145.761,0.0140196,-0.0279901,4.3897e-05
145.761,0.0140143,-0.027988,4.38938e-05
145.761,0.0140089,-0.0279859,4.38905e-05
145.761,0.0140035,-0.0279839,4.38872e-05
145.762,0.0139981,-0.0279818,4.3884e-05
145.762,0.0139927,-0.0279798,4.38807e-05
145.762,0.0139874,-0.0279777,4.38774e-05
145.762,0.013982,-0.0279756,4.38742e-05
145.762,0.0139766,-0.0279736,4.38709e-05
145.763,0.0139713,-0.0279715,4.38677e-05
145.763,0.0139659,-0.0279695,4.38644e-05
145.763,0.0139605,-0.0279674,4.38611e-05
145.763,0.0139552,-0.0279653,4.38579e-05
145.763,0.0139498,-0.0279633,4.38546e-05
145.763,0.0139444,-0.0279612,4.38514e-05
145.764,0.0139391,-0.0279591,4.38481e-05
145.764,0.0139337,-0.0279571,4.38448e-05
145.764,0.0139283,-0.027955,4.38416e-05
145.764,0.013923,-0.0279529,4.38383e-05
145.764,0.0139176,-0.0279508,4.38351e-05
145.765,0.0139123,-0.0279488,4.38318e-05
145.765,0.0139069,-0.0279467,4.38285e-05
145.765,0.0139016,-0.0279446,4.38253e-05
145.765,0.0138962,-0.0279426,4.3822e-05
145.765,0.0138909,-0.0279405,4.38188e-05
145.766,0.0138855,-0.0279384,4.38155e-05
145.766,0.0138802,-0.0279363,4.38122e-05
145.766,0.0138749,-0.0279342,4.3809e-05
145.766,0.0138695,-0.0279322,4.38057e-05
145.766,0.0138642,-0.0279301,4.38025e-05
145.767,0.0138588,-0.027928,4.37992e-05
145.767,0.0138535,-0.0279259,4.37959e-05
145.767,0.0138482,-0.0279238,4.37927e-05
145.767,0.0138428,-0.0279218,4.37894e-05
145.767,0.0138375,-0.0279197,4.37862e-05
145.768,0.0138322,-0.0279176,4.37829e-05
145.768,0.0138268,-0.0279155,4.37797e-05
145.768,0.0138215,-0.0279134,4.37764e-05
145.768,0.0138162,-0.0279113,4.37731e-05
145.768,0.0138109,-0.0279093,4.37699e-05
145.768,0.0138055,-0.0279072,4.37666e-05
145.769,0.0138002,-0.0279051,4.37634e-05
145.769,0.0137949,-0.027903,4.37601e-05
145.769,0.0137896,-0.0279009,4.37568e-05
145.769,0.0137843,-0.0278988,4.37536e-05
145.769,0.013779,-0.0278967,4.37503e-05
145.77,0.0137736,-0.0278946,4.37471e-05
145.77,0.0137683,-0.0278925,4.37438e-05
145.77,0.013763,-0.0278904,4.37406e-05
145.77,0.0137577,-0.0278883,4.37373e-05
145.77,0.0137524,-0.0278863,4.37341e-05
145.771,0.0137471,-0.0278842,4.37308e-05
145.771,0.0137418,-0.0278821,4.37275e-05
145.771,0.0137365,-0.02788,4.37243e-05
145.771,0.0137312,-0.0278779,4.3721e-05
145.771,0.0137259,-0.0278758,4.37178e-05
145.772,0.0137206,-0.0278737,4.37145e-05
145.772,0.0137153,-0.0278716,4.37113e-05
145.772,0.01371,-0.0278695,4.3708e-05
145.772,0.0137047,-0.0278674,4.37047e-05
145.772,0.0136994,-0.0278653,4.37015e-05
145.772,0.0136941,-0.0278632,4.36982e-05
145.773,0.0136888,-0.0278611,4.3695e-05
145.773,0.0136836,-0.0278589,4.36917e-05
145.773,0.0136783,-0.0278568,4.36885e-05
145.773,0.013673,-0.0278547,4.36852e-05
145.773,0.0136677,-0.0278526,4.3682e-05
145.774,0.0136624,-0.0278505,4.36787e-05
145.774,0.0136571,-0.0278484,4.36755e-05
145.774,0.0136519,-0.0278463,4.36722e-05
145.774,0.0136466,-0.0278442,4.36689e-05
145.774,0.0136413,-0.0278421,4.36657e-05
145.775,0.013636,-0.02784,4.36624e-05
145.775,0.0136308,-0.0278379,4.36592e-05
145.775,0.0136255,-0.0278357,4.36559e-05
145.775,0.0136202,-0.0278336,4.36527e-05
145.775,0.013615,-0.0278315,4.36494e-05
145.775,0.0136097,-0.0278294,4.36462e-05
145.776,0.0136044,-0.0278273,4.36429e-05
145.776,0.0135992,-0.0278252,4.36397e-05
145.776,0.0135939,-0.027823,4.36364e-05
145.776,0.0135886,-0.0278209,4.36332e-05
145.776,0.0135834,-0.0278188,4.36299e-05
145.777,0.0135781,-0.0278167,4.36267e-05
145.777,0.0135729,-0.0278146,4.36234e-05
145.777,0.0135676,-0.0278124,4.36201e-05
145.777,0.0135624,-0.0278103,4.36169e-05
145.777,0.0135571,-0.0278082,4.36136e-05
145.778,0.0135519,-0.0278061,4.36104e-05
145.778,0.0135466,-0.0278039,4.36071e-05
145.778,0.0135414,-0.0278018,4.36039e-05
145.778,0.0135361,-0.0277997,4.36006e-05
145.778,0.0135309,-0.0277976,4.35974e-05
145.779,0.0135257,-0.0277954,4.35941e-05
145.779,0.0135204,-0.0277933,4.35909e-05
145.779,0.0135152,-0.0277912,4.35876e-05
145.779,0.0135099,-0.027789,4.35844e-05
145.779,0.0135047,-0.0277869,4.35811e-05
145.779,0.0134995,-0.0277848,4.35779e-05
145.78,0.0134942,-0.0277826,4.35746e-05
145.78,0.013489,-0.0277805,4.35714e-05
145.78,0.0134838,-0.0277784,4.35681e-05
145.78,0.0134785,-0.0277762,4.35649e-05
145.78,0.0134733,-0.0277741,4.35616e-05
145.781,0.0134681,-0.027772,4.35584e-05
145.781,0.0134629,-0.0277698,4.35551e-05
145.781,0.0134577,-0.0277677,4.35519e-05
145.781,0.0134524,-0.0277655,4.35486e-05
145.781,0.0134472,-0.0277634,4.35454e-05
145.782,0.013442,-0.0277613,4.35421e-05
145.782,0.0134368,-0.0277591,4.35389e-05
145.782,0.0134316,-0.027757,4.35356e-05
145.782,0.0134264,-0.0277548,4.35324e-05
145.782,0.0134211,-0.0277527,4.35291e-05
145.782,0.0134159,-0.0277505,4.35259e-05
145.783,0.0134107,-0.0277484,4.35226e-05
145.783,0.0134055,-0.0277462,4.35194e-05
145.783,0.0134003,-0.0277441,4.35161e-05
145.783,0.0133951,-0.0277419,4.35129e-05
145.783,0.0133899,-0.0277398,4.35096e-05
145.784,0.0133847,-0.0277376,4.35064e-05
145.784,0.0133795,-0.0277355,4.35031e-05
145.784,0.0133743,-0.0277333,4.34999e-05
145.784,0.0133691,-0.0277312,4.34966e-05
145.784,0.0133639,-0.027729,4.34934e-05
145.785,0.0133587,-0.0277269,4.34901e-05
145.785,0.0133535,-0.0277247,4.34869e-05
145.785,0.0133483,-0.0277226,4.34836e-05
145.785,0.0133432,-0.0277204,4.34804e-05
145.785,0.013338,-0.0277183,4.34771e-05
145.785,0.0133328,-0.0277161,4.34739e-05
145.786,0.0133276,-0.0277139,4.34707e-05
145.786,0.0133224,-0.0277118,4.34674e-05
145.786,0.0133172,-0.0277096,4.34642e-05
145.786,0.0133121,-0.0277075,4.34609e-05
145.786,0.0133069,-0.0277053,4.34577e-05
145.787,0.0133017,-0.0277031,4.34544e-05
145.787,0.0132965,-0.027701,4.34512e-05
145.787,0.0132914,-0.0276988,4.34479e-05
145.787,0.0132862,-0.0276966,4.34447e-05
145.787,0.013281,-0.0276945,4.34414e-05
145.788,0.0132758,-0.0276923,4.34382e-05
145.788,0.0132707,-0.0276901,4.34349e-05
145.788,0.0132655,-0.027688,4.34317e-05
145.788,0.0132603,-0.0276858,4.34284e-05
145.788,0.0132552,-0.0276836,4.34252e-05
145.788,0.01325,-0.0276815,4.3422e-05
145.789,0.0132449,-0.0276793,4.34187e-05
145.789,0.0132397,-0.0276771,4.34155e-05
145.789,0.0132345,-0.0276749,4.34122e-05
145.789,0.0132294,-0.0276728,4.3409e-05
145.789,0.0132242,-0.0276706,4.34057e-05
145.79,0.0132191,-0.0276684,4.34025e-05
145.79,0.0132139,-0.0276662,4.33992e-05
145.79,0.0132088,-0.0276641,4.3396e-05
145.79,0.0132036,-0.0276619,4.33927e-05
145.79,0.0131985,-0.0276597,4.33895e-05
145.791,0.0131933,-0.0276575,4.33863e-05
145.791,0.0131882,-0.0276554,4.3383e-05
145.791,0.0131831,-0.0276532,4.33798e-05
145.791,0.0131779,-0.027651,4.33765e-05
145.791,0.0131728,-0.0276488,4.33733e-05
145.791,0.0131676,-0.0276466,4.337e-05
145.792,0.0131625,-0.0276444,4.33668e-05
145.792,0.0131574,-0.0276423,4.33635e-05
145.792,0.0131522,-0.0276401,4.33603e-05
145.792,0.0131471,-0.0276379,4.33571e-05
145.792,0.013142,-0.0276357,4.33538e-05
145.793,0.0131368,-0.0276335,4.33506e-05
145.793,0.0131317,-0.0276313,4.33473e-05
145.793,0.0131266,-0.0276291,4.33441e-05
145.793,0.0131215,-0.0276269,4.33408e-05
145.793,0.0131163,-0.0276247,4.33376e-05
145.793,0.0131112,-0.0276226,4.33344e-05
145.794,0.0131061,-0.0276204,4.33311e-05
145.794,0.013101,-0.0276182,4.33279e-05
145.794,0.0130959,-0.027616,4.33246e-05
145.794,0.0130908,-0.0276138,4.33214e-05
145.794,0.0130856,-0.0276116,4.33181e-05
145.795,0.0130805,-0.0276094,4.33149e-05
145.795,0.0130754,-0.0276072,4.33117e-05
145.795,0.0130703,-0.027605,4.33084e-05
145.795,0.0130652,-0.0276028,4.33052e-05
145.795,0.0130601,-0.0276006,4.33019e-05
145.796,0.013055,-0.0275984,4.32987e-05
145.796,0.0130499,-0.0275962,4.32955e-05
145.796,0.0130448,-0.027594,4.32922e-05
145.796,0.0130397,-0.0275918,4.3289e-05
145.796,0.0130346,-0.0275896,4.32857e-05
145.796,0.0130295,-0.0275874,4.32825e-05
145.797,0.0130244,-0.0275852,4.32792e-05
145.797,0.0130193,-0.027583,4.3276e-05
145.797,0.0130142,-0.0275807,4.32728e-05
145.797,0.0130091,-0.0275785,4.32695e-05
145.797,0.013004,-0.0275763,4.32663e-05
145.798,0.0129989,-0.0275741,4.3263e-05
145.798,0.0129938,-0.0275719,4.32598e-05
145.798,0.0129888,-0.0275697,4.32566e-05
145.798,0.0129837,-0.0275675,4.32533e-05
145.798,0.0129786,-0.0275653,4.32501e-05
145.798,0.0129735,-0.0275631,4.32468e-05
145.799,0.0129684,-0.0275608,4.32436e-05
145.799,0.0129633,-0.0275586,4.32404e-05
145.799,0.0129583,-0.0275564,4.32371e-05
145.799,0.0129532,-0.0275542,4.32339e-05
145.799,0.0129481,-0.027552,4.32306e-05
145.8,0.0129431,-0.0275498,4.32274e-05
145.8,0.012938,-0.0275475,4.32242e-05
145.8,0.0129329,-0.0275453,4.32209e-05
145.8,0.0129278,-0.0275431,4.32177e-05
145.8,0.0129228,-0.0275409,4.32145e-05
145.8,0.0129177,-0.0275386,4.32112e-05
145.801,0.0129126,-0.0275364,4.3208e-05
145.801,0.0129076,-0.0275342,4.32047e-05
145.801,0.0129025,-0.027532,4.32015e-05
145.801,0.0128975,-0.0275298,4.31983e-05
145.801,0.0128924,-0.0275275,4.3195e-05
145.802,0.0128874,-0.0275253,4.31918e-05
145.802,0.0128823,-0.0275231,4.31885e-05
145.802,0.0128772,-0.0275208,4.31853e-05
145.802,0.0128722,-0.0275186,4.31821e-05
145.802,0.0128671,-0.0275164,4.31788e-05
145.803,0.0128621,-0.0275141,4.31756e-05
145.803,0.012857,-0.0275119,4.31724e-05
145.803,0.012852,-0.0275097,4.31691e-05
145.803,0.012847,-0.0275074,4.31659e-05
145.803,0.0128419,-0.0275052,4.31626e-05
145.803,0.0128369,-0.027503,4.31594e-05
145.804,0.0128318,-0.0275007,4.31562e-05
145.804,0.0128268,-0.0274985,4.31529e-05
145.804,0.0128218,-0.0274963,4.31497e-05
145.804,0.0128167,-0.027494,4.31465e-05
145.804,0.0128117,-0.0274918,4.31432e-05
145.805,0.0128067,-0.0274895,4.314e-05
145.805,0.0128016,-0.0274873,4.31368e-05
145.805,0.0127966,-0.0274851,4.31335e-05
145.805,0.0127916,-0.0274828,4.31303e-05
145.805,0.0127865,-0.0274806,4.3127e-05
145.805,0.0127815,-0.0274783,4.31238e-05
145.806,0.0127765,-0.0274761,4.31206e-05
145.806,0.0127715,-0.0274738,4.31173e-05
145.806,0.0127664,-0.0274716,4.31141e-05
145.806,0.0127614,-0.0274693,4.31109e-05
145.806,0.0127564,-0.0274671,4.31076e-05
145.807,0.0127514,-0.0274648,4.31044e-05
145.807,0.0127464,-0.0274626,4.31012e-05
145.807,0.0127414,-0.0274603,4.30979e-05
145.807,0.0127363,-0.0274581,4.30947e-05
145.807,0.0127313,-0.0274558,4.30915e-05
145.807,0.0127263,-0.0274536,4.30882e-05
145.808,0.0127213,-0.0274513,4.3085e-05
145.808,0.0127163,-0.0274491,4.30818e-05
145.808,0.0127113,-0.0274468,4.30785e-05
145.808,0.0127063,-0.0274446,4.30753e-05
145.808,0.0127013,-0.0274423,4.30721e-05
145.809,0.0126963,-0.02744,4.30688e-05
145.809,0.0126913,-0.0274378,4.30656e-05
145.809,0.0126863,-0.0274355,4.30624e-05
145.809,0.0126813,-0.0274333,4.30591e-05
145.809,0.0126763,-0.027431,4.30559e-05
145.809,0.0126713,-0.0274287,4.30527e-05
145.81,0.0126663,-0.0274265,4.30494e-05
145.81,0.0126613,-0.0274242,4.30462e-05
145.81,0.0126563,-0.0274219,4.3043e-05
145.81,0.0126514,-0.0274197,4.30397e-05
145.81,0.0126464,-0.0274174,4.30365e-05
145.811,0.0126414,-0.0274151,4.30333e-05
145.811,0.0126364,-0.0274129,4.303e-05
145.811,0.0126314,-0.0274106,4.30268e-05
145.811,0.0126264,-0.0274083,4.30236e-05
145.811,0.0126215,-0.0274061,4.30203e-05
145.811,0.0126165,-0.0274038,4.30171e-05
145.812,0.0126115,-0.0274015,4.30139e-05
145.812,0.0126065,-0.0273993,4.30106e-05
145.812,0.0126016,-0.027397,4.30074e-05
145.812,0.0125966,-0.0273947,4.30042e-05
145.812,0.0125916,-0.0273924,4.30009e-05
145.813,0.0125867,-0.0273902,4.29977e-05
145.813,0.0125817,-0.0273879,4.29945e-05
145.813,0.0125767,-0.0273856,4.29912e-05
145.813,0.0125718,-0.0273833,4.2988e-05
145.813,0.0125668,-0.027381,4.29848e-05
145.813,0.0125618,-0.0273788,4.29815e-05
145.814,0.0125569,-0.0273765,4.29783e-05
145.814,0.0125519,-0.0273742,4.29751e-05
145.814,0.012547,-0.0273719,4.29719e-05
145.814,0.012542,-0.0273696,4.29686e-05
145.814,0.012537,-0.0273673,4.29654e-05
145.815,0.0125321,-0.0273651,4.29622e-05
145.815,0.0125271,-0.0273628,4.29589e-05
145.815,0.0125222,-0.0273605,4.29557e-05
145.815,0.0125172,-0.0273582,4.29525e-05
145.815,0.0125123,-0.0273559,4.29492e-05
145.815,0.0125074,-0.0273536,4.2946e-05
145.816,0.0125024,-0.0273513,4.29428e-05
145.816,0.0124975,-0.027349,4.29396e-05
145.816,0.0124925,-0.0273467,4.29363e-05
145.816,0.0124876,-0.0273445,4.29331e-05
145.816,0.0124826,-0.0273422,4.29299e-05
145.817,0.0124777,-0.0273399,4.29266e-05
145.817,0.0124728,-0.0273376,4.29234e-05
145.817,0.0124678,-0.0273353,4.29202e-05
145.817,0.0124629,-0.027333,4.2917e-05
145.817,0.012458,-0.0273307,4.29137e-05
145.817,0.012453,-0.0273284,4.29105e-05
145.818,0.0124481,-0.0273261,4.29073e-05
145.818,0.0124432,-0.0273238,4.2904e-05
145.818,0.0124383,-0.0273215,4.29008e-05
145.818,0.0124333,-0.0273192,4.28976e-05
145.818,0.0124284,-0.0273169,4.28944e-05
145.819,0.0124235,-0.0273146,4.28911e-05
145.819,0.0124186,-0.0273123,4.28879e-05
145.819,0.0124137,-0.02731,4.28847e-05
145.819,0.0124087,-0.0273077,4.28814e-05
145.819,0.0124038,-0.0273053,4.28782e-05
145.819,0.0123989,-0.027303,4.2875e-05
145.82,0.012394,-0.0273007,4.28718e-05
145.82,0.0123891,-0.0272984,4.28685e-05
145.82,0.0123842,-0.0272961,4.28653e-05
145.82,0.0123793,-0.0272938,4.28621e-05
145.82,0.0123744,-0.0272915,4.28589e-05
145.82,0.0123695,-0.0272892,4.28556e-05
145.821,0.0123646,-0.0272869,4.28524e-05
145.821,0.0123597,-0.0272846,4.28492e-05
145.821,0.0123548,-0.0272822,4.28459e-05
145.821,0.0123499,-0.0272799,4.28427e-05
145.821,0.012345,-0.0272776,4.28395e-05
145.822,0.0123401,-0.0272753,4.28363e-05
145.822,0.0123352,-0.027273,4.2833e-05
145.822,0.0123303,-0.0272706,4.28298e-05
145.822,0.0123254,-0.0272683,4.28266e-05
145.822,0.0123205,-0.027266,4.28234e-05
145.822,0.0123156,-0.0272637,4.28201e-05
145.823,0.0123107,-0.0272614,4.28169e-05
145.823,0.0123058,-0.027259,4.28137e-05
145.823,0.0123009,-0.0272567,4.28105e-05
145.823,0.0122961,-0.0272544,4.28072e-05
145.823,0.0122912,-0.0272521,4.2804e-05
145.824,0.0122863,-0.0272497,4.28008e-05
145.824,0.0122814,-0.0272474,4.27976e-05
145.824,0.0122765,-0.0272451,4.27943e-05
145.824,0.0122717,-0.0272428,4.27911e-05
145.824,0.0122668,-0.0272404,4.27879e-05
145.824,0.0122619,-0.0272381,4.27847e-05
145.825,0.012257,-0.0272358,4.27814e-05
145.825,0.0122522,-0.0272334,4.27782e-05
145.825,0.0122473,-0.0272311,4.2775e-05
145.825,0.0122424,-0.0272288,4.27718e-05
145.825,0.0122376,-0.0272264,4.27685e-05
145.826,0.0122327,-0.0272241,4.27653e-05
145.826,0.0122278,-0.0272218,4.27621e-05
145.826,0.012223,-0.0272194,4.27589e-05
145.826,0.0122181,-0.0272171,4.27556e-05
145.826,0.0122132,-0.0272147,4.27524e-05
145.826,0.0122084,-0.0272124,4.27492e-05
145.827,0.0122035,-0.0272101,4.2746e-05
145.827,0.0121987,-0.0272077,4.27428e-05
145.827,0.0121938,-0.0272054,4.27395e-05
145.827,0.012189,-0.027203,4.27363e-05
145.827,0.0121841,-0.0272007,4.27331e-05
145.827,0.0121793,-0.0271983,4.27299e-05
145.828,0.0121744,-0.027196,4.27266e-05
145.828,0.0121696,-0.0271937,4.27234e-05
145.828,0.0121647,-0.0271913,4.27202e-05
145.828,0.0121599,-0.027189,4.2717e-05
145.828,0.012155,-0.0271866,4.27138e-05
145.829,0.0121502,-0.0271843,4.27105e-05
145.829,0.0121454,-0.0271819,4.27073e-05
145.829,0.0121405,-0.0271796,4.27041e-05
145.829,0.0121357,-0.0271772,4.27009e-05
145.829,0.0121309,-0.0271749,4.26976e-05
145.829,0.012126,-0.0271725,4.26944e-05
145.83,0.0121212,-0.0271701,4.26912e-05
145.83,0.0121164,-0.0271678,4.2688e-05
145.83,0.0121115,-0.0271654,4.26848e-05
145.83,0.0121067,-0.0271631,4.26815e-05
145.83,0.0121019,-0.0271607,4.26783e-05
145.83,0.012097,-0.0271584,4.26751e-05
145.831,0.0120922,-0.027156,4.26719e-05
145.831,0.0120874,-0.0271536,4.26687e-05
145.831,0.0120826,-0.0271513,4.26654e-05
145.831,0.0120778,-0.0271489,4.26622e-05
145.831,0.0120729,-0.0271466,4.2659e-05
145.832,0.0120681,-0.0271442,4.26558e-05
145.832,0.0120633,-0.0271418,4.26526e-05
145.832,0.0120585,-0.0271395,4.26493e-05
145.832,0.0120537,-0.0271371,4.26461e-05
145.832,0.0120489,-0.0271347,4.26429e-05
145.832,0.0120441,-0.0271324,4.26397e-05
145.833,0.0120392,-0.02713,4.26365e-05
145.833,0.0120344,-0.0271276,4.26332e-05
145.833,0.0120296,-0.0271252,4.263e-05
145.833,0.0120248,-0.0271229,4.26268e-05
145.833,0.01202,-0.0271205,4.26236e-05
145.834,0.0120152,-0.0271181,4.26204e-05
145.834,0.0120104,-0.0271158,4.26171e-05
145.834,0.0120056,-0.0271134,4.26139e-05
145.834,0.0120008,-0.027111,4.26107e-05
145.834,0.011996,-0.0271086,4.26075e-05
145.834,0.0119912,-0.0271063,4.26043e-05
145.835,0.0119864,-0.0271039,4.2601e-05
145.835,0.0119817,-0.0271015,4.25978e-05
145.835,0.0119769,-0.0270991,4.25946e-05
145.835,0.0119721,-0.0270967,4.25914e-05
145.835,0.0119673,-0.0270944,4.25882e-05
145.835,0.0119625,-0.027092,4.2585e-05
145.836,0.0119577,-0.0270896,4.25817e-05
145.836,0.0119529,-0.0270872,4.25785e-05
145.836,0.0119481,-0.0270848,4.25753e-05
145.836,0.0119434,-0.0270824,4.25721e-05
145.836,0.0119386,-0.02708,4.25689e-05
145.837,0.0119338,-0.0270777,4.25657e-05
145.837,0.011929,-0.0270753,4.25624e-05
145.837,0.0119243,-0.0270729,4.25592e-05
145.837,0.0119195,-0.0270705,4.2556e-05
145.837,0.0119147,-0.0270681,4.25528e-05
145.837,0.0119099,-0.0270657,4.25496e-05
145.838,0.0119052,-0.0270633,4.25463e-05
145.838,0.0119004,-0.0270609,4.25431e-05
145.838,0.0118956,-0.0270585,4.25399e-05
145.838,0.0118909,-0.0270561,4.25367e-05
145.838,0.0118861,-0.0270537,4.25335e-05
145.838,0.0118813,-0.0270513,4.25303e-05
145.839,0.0118766,-0.0270489,4.25271e-05
145.839,0.0118718,-0.0270465,4.25238e-05
145.839,0.0118671,-0.0270441,4.25206e-05
145.839,0.0118623,-0.0270417,4.25174e-05
145.839,0.0118576,-0.0270393,4.25142e-05
145.84,0.0118528,-0.0270369,4.2511e-05
145.84,0.011848,-0.0270345,4.25078e-05
145.84,0.0118433,-0.0270321,4.25045e-05
145.84,0.0118385,-0.0270297,4.25013e-05
145.84,0.0118338,-0.0270273,4.24981e-05
145.84,0.0118291,-0.0270249,4.24949e-05
145.841,0.0118243,-0.0270225,4.24917e-05
145.841,0.0118196,-0.0270201,4.24885e-05
145.841,0.0118148,-0.0270177,4.24853e-05
145.841,0.0118101,-0.0270153,4.2482e-05
145.841,0.0118053,-0.0270129,4.24788e-05
145.841,0.0118006,-0.0270105,4.24756e-05
145.842,0.0117959,-0.0270081,4.24724e-05
145.842,0.0117911,-0.0270056,4.24692e-05
145.842,0.0117864,-0.0270032,4.2466e-05
145.842,0.0117817,-0.0270008,4.24628e-05
145.842,0.0117769,-0.0269984,4.24595e-05
145.842,0.0117722,-0.026996,4.24563e-05
145.843,0.0117675,-0.0269936,4.24531e-05
145.843,0.0117627,-0.0269912,4.24499e-05
145.843,0.011758,-0.0269887,4.24467e-05
145.843,0.0117533,-0.0269863,4.24435e-05
145.843,0.0117486,-0.0269839,4.24403e-05
145.844,0.0117438,-0.0269815,4.2437e-05
145.844,0.0117391,-0.0269791,4.24338e-05
145.844,0.0117344,-0.0269766,4.24306e-05
145.844,0.0117297,-0.0269742,4.24274e-05
145.844,0.011725,-0.0269718,4.24242e-05
145.844,0.0117203,-0.0269694,4.2421e-05
145.845,0.0117155,-0.0269669,4.24178e-05
145.845,0.0117108,-0.0269645,4.24146e-05
145.845,0.0117061,-0.0269621,4.24113e-05
145.845,0.0117014,-0.0269596,4.24081e-05
145.845,0.0116967,-0.0269572,4.24049e-05
145.845,0.011692,-0.0269548,4.24017e-05
145.846,0.0116873,-0.0269524,4.23985e-05
145.846,0.0116826,-0.0269499,4.23953e-05
145.846,0.0116779,-0.0269475,4.23921e-05
145.846,0.0116732,-0.0269451,4.23889e-05
145.846,0.0116685,-0.0269426,4.23856e-05
145.847,0.0116638,-0.0269402,4.23824e-05
145.847,0.0116591,-0.0269378,4.23792e-05
145.847,0.0116544,-0.0269353,4.2376e-05
145.847,0.0116497,-0.0269329,4.23728e-05
145.847,0.011645,-0.0269304,4.23696e-05
145.847,0.0116403,-0.026928,4.23664e-05
145.848,0.0116356,-0.0269256,4.23632e-05
145.848,0.0116309,-0.0269231,4.236e-05
145.848,0.0116262,-0.0269207,4.23568e-05
145.848,0.0116216,-0.0269182,4.23535e-05
145.848,0.0116169,-0.0269158,4.23503e-05
145.848,0.0116122,-0.0269133,4.23471e-05
145.849,0.0116075,-0.0269109,4.23439e-05
145.849,0.0116028,-0.0269085,4.23407e-05
145.849,0.0115982,-0.026906,4.23375e-05
145.849,0.0115935,-0.0269036,4.23343e-05
145.849,0.0115888,-0.0269011,4.23311e-05
145.849,0.0115841,-0.0268987,4.23279e-05
145.85,0.0115794,-0.0268962,4.23247e-05
145.85,0.0115748,-0.0268938,4.23214e-05
145.85,0.0115701,-0.0268913,4.23182e-05
145.85,0.0115654,-0.0268889,4.2315e-05
145.85,0.0115608,-0.0268864,4.23118e-05
145.851,0.0115561,-0.0268839,4.23086e-05
145.851,0.0115514,-0.0268815,4.23054e-05
145.851,0.0115468,-0.026879,4.23022e-05
145.851,0.0115421,-0.0268766,4.2299e-05
145.851,0.0115374,-0.0268741,4.22958e-05
145.851,0.0115328,-0.0268717,4.22926e-05
145.852,0.0115281,-0.0268692,4.22894e-05
145.852,0.0115235,-0.0268667,4.22861e-05
145.852,0.0115188,-0.0268643,4.22829e-05
145.852,0.0115142,-0.0268618,4.22797e-05
145.852,0.0115095,-0.0268593,4.22765e-05
145.852,0.0115049,-0.0268569,4.22733e-05
145.853,0.0115002,-0.0268544,4.22701e-05
145.853,0.0114956,-0.026852,4.22669e-05
145.853,0.0114909,-0.0268495,4.22637e-05
145.853,0.0114863,-0.026847,4.22605e-05
145.853,0.0114816,-0.0268445,4.22573e-05
145.853,0.011477,-0.0268421,4.22541e-05
145.854,0.0114723,-0.0268396,4.22509e-05
145.854,0.0114677,-0.0268371,4.22477e-05
145.854,0.0114631,-0.0268347,4.22444e-05
145.854,0.0114584,-0.0268322,4.22412e-05
145.854,0.0114538,-0.0268297,4.2238e-05
145.854,0.0114491,-0.0268272,4.22348e-05
145.855,0.0114445,-0.0268248,4.22316e-05
145.855,0.0114399,-0.0268223,4.22284e-05
145.855,0.0114352,-0.0268198,4.22252e-05
145.855,0.0114306,-0.0268173,4.2222e-05
145.855,0.011426,-0.0268149,4.22188e-05
145.856,0.0114214,-0.0268124,4.22156e-05
145.856,0.0114167,-0.0268099,4.22124e-05
145.856,0.0114121,-0.0268074,4.22092e-05
145.856,0.0114075,-0.0268049,4.2206e-05
145.856,0.0114029,-0.0268025,4.22028e-05
145.856,0.0113982,-0.0268,4.21996e-05
145.857,0.0113936,-0.0267975,4.21964e-05
145.857,0.011389,-0.026795,4.21932e-05
145.857,0.0113844,-0.0267925,4.21899e-05
145.857,0.0113798,-0.02679,4.21867e-05
145.857,0.0113752,-0.0267875,4.21835e-05
145.857,0.0113706,-0.026785,4.21803e-05
145.858,0.0113659,-0.0267826,4.21771e-05
145.858,0.0113613,-0.0267801,4.21739e-05
145.858,0.0113567,-0.0267776,4.21707e-05
145.858,0.0113521,-0.0267751,4.21675e-05
145.858,0.0113475,-0.0267726,4.21643e-05
145.858,0.0113429,-0.0267701,4.21611e-05
145.859,0.0113383,-0.0267676,4.21579e-05
145.859,0.0113337,-0.0267651,4.21547e-05
145.859,0.0113291,-0.0267626,4.21515e-05
145.859,0.0113245,-0.0267601,4.21483e-05
145.859,0.0113199,-0.0267576,4.21451e-05
145.859,0.0113153,-0.0267551,4.21419e-05
145.86,0.0113107,-0.0267526,4.21387e-05
145.86,0.0113061,-0.0267501,4.21355e-05
145.86,0.0113015,-0.0267476,4.21323e-05
145.86,0.0112969,-0.0267451,4.21291e-05
145.86,0.0112924,-0.0267426,4.21259e-05
145.861,0.0112878,-0.0267401,4.21227e-05
145.861,0.0112832,-0.0267376,4.21195e-05
145.861,0.0112786,-0.0267351,4.21163e-05
145.861,0.011274,-0.0267326,4.21131e-05
145.861,0.0112694,-0.0267301,4.21099e-05
145.861,0.0112649,-0.0267276,4.21066e-05
145.862,0.0112603,-0.0267251,4.21034e-05
145.862,0.0112557,-0.0267225,4.21002e-05
145.862,0.0112511,-0.02672,4.2097e-05
145.862,0.0112465,-0.0267175,4.20938e-05
145.862,0.011242,-0.026715,4.20906e-05
145.862,0.0112374,-0.0267125,4.20874e-05
145.863,0.0112328,-0.02671,4.20842e-05
145.863,0.0112283,-0.0267075,4.2081e-05
145.863,0.0112237,-0.0267049,4.20778e-05
145.863,0.0112191,-0.0267024,4.20746e-05
145.863,0.0112146,-0.0266999,4.20714e-05
145.863,0.01121,-0.0266974,4.20682e-05
145.864,0.0112054,-0.0266949,4.2065e-05
145.864,0.0112009,-0.0266923,4.20618e-05
145.864,0.0111963,-0.0266898,4.20586e-05
145.864,0.0111917,-0.0266873,4.20554e-05
145.864,0.0111872,-0.0266848,4.20522e-05
145.864,0.0111826,-0.0266823,4.2049e-05
145.865,0.0111781,-0.0266797,4.20458e-05
145.865,0.0111735,-0.0266772,4.20426e-05
145.865,0.011169,-0.0266747,4.20394e-05
145.865,0.0111644,-0.0266722,4.20362e-05
145.865,0.0111599,-0.0266696,4.2033e-05
145.865,0.0111553,-0.0266671,4.20298e-05
145.866,0.0111508,-0.0266646,4.20266e-05
145.866,0.0111462,-0.026662,4.20234e-05
145.866,0.0111417,-0.0266595,4.20202e-05
145.866,0.0111371,-0.026657,4.2017e-05
145.866,0.0111326,-0.0266544,4.20138e-05
145.867,0.0111281,-0.0266519,4.20106e-05
145.867,0.0111235,-0.0266494,4.20074e-05
145.867,0.011119,-0.0266468,4.20042e-05
145.867,0.0111144,-0.0266443,4.2001e-05
145.867,0.0111099,-0.0266418,4.19978e-05
145.867,0.0111054,-0.0266392,4.19946e-05
145.868,0.0111008,-0.0266367,4.19914e-05
145.868,0.0110963,-0.0266341,4.19882e-05
145.868,0.0110918,-0.0266316,4.1985e-05
145.868,0.0110873,-0.026629,4.19818e-05
145.868,0.0110827,-0.0266265,4.19786e-05
145.868,0.0110782,-0.026624,4.19754e-05
145.869,0.0110737,-0.0266214,4.19722e-05
145.869,0.0110692,-0.0266189,4.1969e-05
145.869,0.0110646,-0.0266163,4.19658e-05
145.869,0.0110601,-0.0266138,4.19626e-05
145.869,0.0110556,-0.0266112,4.19594e-05
145.869,0.0110511,-0.0266087,4.19562e-05
145.87,0.0110466,-0.0266061,4.1953e-05
145.87,0.011042,-0.0266036,4.19499e-05
145.87,0.0110375,-0.026601,4.19467e-05
145.87,0.011033,-0.0265985,4.19435e-05
145.87,0.0110285,-0.0265959,4.19403e-05
145.87,0.011024,-0.0265934,4.19371e-05
145.871,0.0110195,-0.0265908,4.19339e-05
145.871,0.011015,-0.0265883,4.19307e-05
145.871,0.0110105,-0.0265857,4.19275e-05
145.871,0.011006,-0.0265831,4.19243e-05
145.871,0.0110015,-0.0265806,4.19211e-05
145.871,0.010997,-0.026578,4.19179e-05
145.872,0.0109925,-0.0265755,4.19147e-05
145.872,0.010988,-0.0265729,4.19115e-05
145.872,0.0109835,-0.0265703,4.19083e-05
145.872,0.010979,-0.0265678,4.19051e-05
145.872,0.0109745,-0.0265652,4.19019e-05
145.872,0.01097,-0.0265626,4.18987e-05
145.873,0.0109655,-0.0265601,4.18955e-05
145.873,0.010961,-0.0265575,4.18923e-05
145.873,0.0109565,-0.0265549,4.18891e-05
145.873,0.010952,-0.0265524,4.18859e-05
145.873,0.0109475,-0.0265498,4.18827e-05
145.873,0.0109431,-0.0265472,4.18795e-05
145.874,0.0109386,-0.0265447,4.18763e-05
145.874,0.0109341,-0.0265421,4.18731e-05
145.874,0.0109296,-0.0265395,4.18699e-05
145.874,0.0109251,-0.0265369,4.18668e-05
145.874,0.0109207,-0.0265344,4.18636e-05
145.874,0.0109162,-0.0265318,4.18604e-05
145.875,0.0109117,-0.0265292,4.18572e-05
145.875,0.0109072,-0.0265266,4.1854e-05
145.875,0.0109027,-0.0265241,4.18508e-05
145.875,0.0108983,-0.0265215,4.18476e-05
145.875,0.0108938,-0.0265189,4.18444e-05
145.875,0.0108893,-0.0265163,4.18412e-05
145.876,0.0108849,-0.0265137,4.1838e-05
145.876,0.0108804,-0.0265112,4.18348e-05
145.876,0.0108759,-0.0265086,4.18316e-05
145.876,0.0108715,-0.026506,4.18284e-05
145.876,0.010867,-0.0265034,4.18252e-05
145.876,0.0108625,-0.0265008,4.1822e-05
145.877,0.0108581,-0.0264982,4.18188e-05
145.877,0.0108536,-0.0264956,4.18156e-05
145.877,0.0108492,-0.0264931,4.18125e-05
145.877,0.0108447,-0.0264905,4.18093e-05
145.877,0.0108403,-0.0264879,4.18061e-05
145.878,0.0108358,-0.0264853,4.18029e-05
145.878,0.0108314,-0.0264827,4.17997e-05
145.878,0.0108269,-0.0264801,4.17965e-05
145.878,0.0108225,-0.0264775,4.17933e-05
145.878,0.010818,-0.0264749,4.17901e-05
145.878,0.0108136,-0.0264723,4.17869e-05
145.879,0.0108091,-0.0264697,4.17837e-05
145.879,0.0108047,-0.0264671,4.17805e-05
145.879,0.0108002,-0.0264645,4.17773e-05
145.879,0.0107958,-0.0264619,4.17741e-05
145.879,0.0107913,-0.0264593,4.1771e-05
145.879,0.0107869,-0.0264567,4.17678e-05
145.88,0.0107825,-0.0264541,4.17646e-05
145.88,0.010778,-0.0264515,4.17614e-05
145.88,0.0107736,-0.0264489,4.17582e-05
145.88,0.0107692,-0.0264463,4.1755e-05
145.88,0.0107647,-0.0264437,4.17518e-05
145.88,0.0107603,-0.0264411,4.17486e-05
145.881,0.0107559,-0.0264385,4.17454e-05
145.881,0.0107514,-0.0264359,4.17422e-05
145.881,0.010747,-0.0264333,4.1739e-05
145.881,0.0107426,-0.0264307,4.17359e-05
145.881,0.0107382,-0.0264281,4.17327e-05
145.881,0.0107337,-0.0264254,4.17295e-05
145.882,0.0107293,-0.0264228,4.17263e-05
145.882,0.0107249,-0.0264202,4.17231e-05
145.882,0.0107205,-0.0264176,4.17199e-05
145.882,0.0107161,-0.026415,4.17167e-05
145.882,0.0107116,-0.0264124,4.17135e-05
145.882,0.0107072,-0.0264098,4.17103e-05
145.883,0.0107028,-0.0264071,4.17071e-05
145.883,0.0106984,-0.0264045,4.17039e-05
145.883,0.010694,-0.0264019,4.17008e-05
145.883,0.0106896,-0.0263993,4.16976e-05
145.883,0.0106852,-0.0263967,4.16944e-05
145.883,0.0106808,-0.026394,4.16912e-05
145.884,0.0106764,-0.0263914,4.1688e-05
145.884,0.0106719,-0.0263888,4.16848e-05
145.884,0.0106675,-0.0263862,4.16816e-05
145.884,0.0106631,-0.0263836,4.16784e-05
145.884,0.0106587,-0.0263809,4.16752e-05
145.884,0.0106543,-0.0263783,4.16721e-05
145.885,0.0106499,-0.0263757,4.16689e-05
145.885,0.0106455,-0.026373,4.16657e-05
145.885,0.0106411,-0.0263704,4.16625e-05
145.885,0.0106368,-0.0263678,4.16593e-05
145.885,0.0106324,-0.0263651,4.16561e-05
145.885,0.010628,-0.0263625,4.16529e-05
145.886,0.0106236,-0.0263599,4.16497e-05
145.886,0.0106192,-0.0263572,4.16466e-05
145.886,0.0106148,-0.0263546,4.16434e-05
145.886,0.0106104,-0.026352,4.16402e-05
145.886,0.010606,-0.0263493,4.1637e-05
145.886,0.0106016,-0.0263467,4.16338e-05
145.887,0.0105973,-0.0263441,4.16306e-05
145.887,0.0105929,-0.0263414,4.16274e-05
145.887,0.0105885,-0.0263388,4.16242e-05
145.887,0.0105841,-0.0263361,4.16211e-05
145.887,0.0105797,-0.0263335,4.16179e-05
145.887,0.0105754,-0.0263309,4.16147e-05
145.888,0.010571,-0.0263282,4.16115e-05
145.888,0.0105666,-0.0263256,4.16083e-05
145.888,0.0105622,-0.0263229,4.16051e-05
145.888,0.0105579,-0.0263203,4.16019e-05
145.888,0.0105535,-0.0263176,4.15987e-05
145.888,0.0105491,-0.026315,4.15956e-05
145.889,0.0105448,-0.0263123,4.15924e-05
145.889,0.0105404,-0.0263097,4.15892e-05
145.889,0.010536,-0.026307,4.1586e-05
145.889,0.0105317,-0.0263044,4.15828e-05
145.889,0.0105273,-0.0263017,4.15796e-05
145.889,0.010523,-0.0262991,4.15764e-05
145.89,0.0105186,-0.0262964,4.15733e-05
145.89,0.0105142,-0.0262938,4.15701e-05
145.89,0.0105099,-0.0262911,4.15669e-05
145.89,0.0105055,-0.0262885,4.15637e-05
145.89,0.0105012,-0.0262858,4.15605e-05
145.89,0.0104968,-0.0262831,4.15573e-05
145.891,0.0104925,-0.0262805,4.15541e-05
145.891,0.0104881,-0.0262778,4.1551e-05
145.891,0.0104838,-0.0262752,4.15478e-05
145.891,0.0104794,-0.0262725,4.15446e-05
145.891,0.0104751,-0.0262698,4.15414e-05
145.891,0.0104707,-0.0262672,4.15382e-05
145.892,0.0104664,-0.0262645,4.1535e-05
145.892,0.010462,-0.0262618,4.15319e-05
145.892,0.0104577,-0.0262592,4.15287e-05
145.892,0.0104534,-0.0262565,4.15255e-05
145.892,0.010449,-0.0262538,4.15223e-05
145.892,0.0104447,-0.0262512,4.15191e-05
145.892,0.0104404,-0.0262485,4.15159e-05
145.893,0.010436,-0.0262458,4.15127e-05
145.893,0.0104317,-0.0262431,4.15096e-05
145.893,0.0104274,-0.0262405,4.15064e-05
145.893,0.010423,-0.0262378,4.15032e-05
145.893,0.0104187,-0.0262351,4.15e-05
145.893,0.0104144,-0.0262325,4.14968e-05
145.894,0.01041,-0.0262298,4.14936e-05
145.894,0.0104057,-0.0262271,4.14905e-05
145.894,0.0104014,-0.0262244,4.14873e-05
145.894,0.0103971,-0.0262217,4.14841e-05
145.894,0.0103927,-0.0262191,4.14809e-05
145.894,0.0103884,-0.0262164,4.14777e-05
145.895,0.0103841,-0.0262137,4.14745e-05
145.895,0.0103798,-0.026211,4.14714e-05
145.895,0.0103755,-0.0262083,4.14682e-05
145.895,0.0103712,-0.0262056,4.1465e-05
145.895,0.0103668,-0.026203,4.14618e-05
145.895,0.0103625,-0.0262003,4.14586e-05
145.896,0.0103582,-0.0261976,4.14555e-05
145.896,0.0103539,-0.0261949,4.14523e-05
145.896,0.0103496,-0.0261922,4.14491e-05
145.896,0.0103453,-0.0261895,4.14459e-05
145.896,0.010341,-0.0261868,4.14427e-05
145.896,0.0103367,-0.0261841,4.14395e-05
145.897,0.0103324,-0.0261814,4.14364e-05
145.897,0.0103281,-0.0261788,4.14332e-05
145.897,0.0103238,-0.0261761,4.143e-05
145.897,0.0103195,-0.0261734,4.14268e-05
145.897,0.0103152,-0.0261707,4.14236e-05
145.897,0.0103109,-0.026168,4.14205e-05
145.898,0.0103066,-0.0261653,4.14173e-05
145.898,0.0103023,-0.0261626,4.14141e-05
145.898,0.010298,-0.0261599,4.14109e-05
145.898,0.0102937,-0.0261572,4.14077e-05
145.898,0.0102894,-0.0261545,4.14046e-05
145.898,0.0102851,-0.0261518,4.14014e-05
145.899,0.0102808,-0.0261491,4.13982e-05
145.899,0.0102765,-0.0261464,4.1395e-05
145.899,0.0102723,-0.0261437,4.13918e-05
145.899,0.010268,-0.026141,4.13887e-05
145.899,0.0102637,-0.0261382,4.13855e-05
145.899,0.0102594,-0.0261355,4.13823e-05
145.9,0.0102551,-0.0261328,4.13791e-05
145.9,0.0102509,-0.0261301,4.13759e-05
145.9,0.0102466,-0.0261274,4.13728e-05
145.9,0.0102423,-0.0261247,4.13696e-05
145.9,0.010238,-0.026122,4.13664e-05
145.9,0.0102337,-0.0261193,4.13632e-05
145.901,0.0102295,-0.0261166,4.136e-05
145.901,0.0102252,-0.0261138,4.13569e-05
145.901,0.0102209,-0.0261111,4.13537e-05
145.901,0.0102167,-0.0261084,4.13505e-05
145.901,0.0102124,-0.0261057,4.13473e-05
145.901,0.0102081,-0.026103,4.13442e-05
145.902,0.0102039,-0.0261003,4.1341e-05
145.902,0.0101996,-0.0260975,4.13378e-05
145.902,0.0101953,-0.0260948,4.13346e-05
145.902,0.0101911,-0.0260921,4.13314e-05
145.902,0.0101868,-0.0260894,4.13283e-05
145.902,0.0101826,-0.0260866,4.13251e-05
145.903,0.0101783,-0.0260839,4.13219e-05
145.903,0.010174,-0.0260812,4.13187e-05
145.903,0.0101698,-0.0260785,4.13155e-05
145.903,0.0101655,-0.0260757,4.13124e-05
145.903,0.0101613,-0.026073,4.13092e-05
145.903,0.010157,-0.0260703,4.1306e-05
145.903,0.0101528,-0.0260676,4.13028e-05
145.904,0.0101485,-0.0260648,4.12997e-05
145.904,0.0101443,-0.0260621,4.12965e-05
145.904,0.01014,-0.0260594,4.12933e-05
145.904,0.0101358,-0.0260566,4.12901e-05
145.904,0.0101316,-0.0260539,4.1287e-05
145.904,0.0101273,-0.0260512,4.12838e-05
145.905,0.0101231,-0.0260484,4.12806e-05
145.905,0.0101188,-0.0260457,4.12774e-05
145.905,0.0101146,-0.0260429,4.12742e-05
145.905,0.0101104,-0.0260402,4.12711e-05
145.905,0.0101061,-0.0260375,4.12679e-05
145.905,0.0101019,-0.0260347,4.12647e-05
145.906,0.0100977,-0.026032,4.12615e-05
145.906,0.0100934,-0.0260292,4.12584e-05
145.906,0.0100892,-0.0260265,4.12552e-05
145.906,0.010085,-0.0260238,4.1252e-05
145.906,0.0100807,-0.026021,4.12488e-05
145.906,0.0100765,-0.0260183,4.12457e-05
145.907,0.0100723,-0.0260155,4.12425e-05
145.907,0.0100681,-0.0260128,4.12393e-05
145.907,0.0100638,-0.02601,4.12361e-05
145.907,0.0100596,-0.0260073,4.1233e-05
145.907,0.0100554,-0.0260045,4.12298e-05
145.907,0.0100512,-0.0260018,4.12266e-05
145.908,0.010047,-0.025999,4.12234e-05
145.908,0.0100427,-0.0259963,4.12203e-05
145.908,0.0100385,-0.0259935,4.12171e-05
145.908,0.0100343,-0.0259908,4.12139e-05
145.908,0.0100301,-0.025988,4.12107e-05
145.908,0.0100259,-0.0259852,4.12076e-05
145.909,0.0100217,-0.0259825,4.12044e-05
145.909,0.0100175,-0.0259797,4.12012e-05
145.909,0.0100133,-0.025977,4.1198e-05
145.909,0.0100091,-0.0259742,4.11949e-05
145.909,0.0100048,-0.0259714,4.11917e-05
145.909,0.0100006,-0.0259687,4.11885e-05
145.91,0.00999644,-0.0259659,4.11854e-05
145.91,0.00999224,-0.0259632,4.11822e-05
145.91,0.00998804,-0.0259604,4.1179e-05
145.91,0.00998384,-0.0259576,4.11758e-05
145.91,0.00997964,-0.0259549,4.11727e-05
145.91,0.00997544,-0.0259521,4.11695e-05
145.91,0.00997125,-0.0259493,4.11663e-05
145.911,0.00996705,-0.0259466,4.11631e-05
145.911,0.00996286,-0.0259438,4.116e-05
145.911,0.00995867,-0.025941,4.11568e-05
145.911,0.00995448,-0.0259382,4.11536e-05
145.911,0.00995029,-0.0259355,4.11504e-05
145.911,0.0099461,-0.0259327,4.11473e-05
145.912,0.00994192,-0.0259299,4.11441e-05
145.912,0.00993773,-0.0259271,4.11409e-05
145.912,0.00993355,-0.0259244,4.11378e-05
145.912,0.00992936,-0.0259216,4.11346e-05
145.912,0.00992518,-0.0259188,4.11314e-05
145.912,0.009921,-0.025916,4.11282e-05
145.913,0.00991682,-0.0259133,4.11251e-05
145.913,0.00991265,-0.0259105,4.11219e-05
145.913,0.00990847,-0.0259077,4.11187e-05
145.913,0.0099043,-0.0259049,4.11156e-05
145.913,0.00990012,-0.0259021,4.11124e-05
145.913,0.00989595,-0.0258993,4.11092e-05
145.914,0.00989178,-0.0258966,4.1106e-05
145.914,0.00988761,-0.0258938,4.11029e-05
145.914,0.00988344,-0.025891,4.10997e-05
145.914,0.00987927,-0.0258882,4.10965e-05
145.914,0.00987511,-0.0258854,4.10934e-05
145.914,0.00987094,-0.0258826,4.10902e-05
145.915,0.00986678,-0.0258798,4.1087e-05
145.915,0.00986261,-0.025877,4.10838e-05
145.915,0.00985845,-0.0258742,4.10807e-05
145.915,0.00985429,-0.0258714,4.10775e-05
145.915,0.00985013,-0.0258686,4.10743e-05
145.915,0.00984598,-0.0258658,4.10712e-05
145.915,0.00984182,-0.0258631,4.1068e-05
145.916,0.00983766,-0.0258603,4.10648e-05
145.916,0.00983351,-0.0258575,4.10617e-05
145.916,0.00982936,-0.0258547,4.10585e-05
145.916,0.00982521,-0.0258519,4.10553e-05
145.916,0.00982106,-0.0258491,4.10521e-05
145.916,0.00981691,-0.0258463,4.1049e-05
145.917,0.00981276,-0.0258435,4.10458e-05
145.917,0.00980862,-0.0258406,4.10426e-05
145.917,0.00980447,-0.0258378,4.10395e-05
145.917,0.00980033,-0.025835,4.10363e-05
145.917,0.00979618,-0.0258322,4.10331e-05
145.917,0.00979204,-0.0258294,4.103e-05
145.918,0.0097879,-0.0258266,4.10268e-05
145.918,0.00978376,-0.0258238,4.10236e-05
145.918,0.00977963,-0.025821,4.10205e-05
145.918,0.00977549,-0.0258182,4.10173e-05
145.918,0.00977136,-0.0258154,4.10141e-05
145.918,0.00976722,-0.0258126,4.1011e-05
145.919,0.00976309,-0.0258097,4.10078e-05
145.919,0.00975896,-0.0258069,4.10046e-05
145.919,0.00975483,-0.0258041,4.10015e-05
145.919,0.0097507,-0.0258013,4.09983e-05
145.919,0.00974657,-0.0257985,4.09951e-05
145.919,0.00974245,-0.0257957,4.09919e-05
145.919,0.00973832,-0.0257928,4.09888e-05
145.92,0.0097342,-0.02579,4.09856e-05
145.92,0.00973007,-0.0257872,4.09824e-05
145.92,0.00972595,-0.0257844,4.09793e-05
145.92,0.00972183,-0.0257816,4.09761e-05
145.92,0.00971771,-0.0257787,4.09729e-05
145.92,0.0097136,-0.0257759,4.09698e-05
145.921,0.00970948,-0.0257731,4.09666e-05
145.921,0.00970537,-0.0257703,4.09634e-05
145.921,0.00970125,-0.0257674,4.09603e-05
145.921,0.00969714,-0.0257646,4.09571e-05
145.921,0.00969303,-0.0257618,4.09539e-05
145.921,0.00968892,-0.0257589,4.09508e-05
145.922,0.00968481,-0.0257561,4.09476e-05
145.922,0.0096807,-0.0257533,4.09444e-05
145.922,0.00967659,-0.0257505,4.09413e-05
145.922,0.00967249,-0.0257476,4.09381e-05
145.922,0.00966839,-0.0257448,4.09349e-05
145.922,0.00966428,-0.0257419,4.09318e-05
145.923,0.00966018,-0.0257391,4.09286e-05
145.923,0.00965608,-0.0257363,4.09255e-05
145.923,0.00965198,-0.0257334,4.09223e-05
145.923,0.00964788,-0.0257306,4.09191e-05
145.923,0.00964379,-0.0257278,4.0916e-05
145.923,0.00963969,-0.0257249,4.09128e-05
145.923,0.0096356,-0.0257221,4.09096e-05
145.924,0.00963151,-0.0257192,4.09065e-05
145.924,0.00962741,-0.0257164,4.09033e-05
145.924,0.00962332,-0.0257135,4.09001e-05
145.924,0.00961924,-0.0257107,4.0897e-05
145.924,0.00961515,-0.0257079,4.08938e-05
145.924,0.00961106,-0.025705,4.08906e-05
145.925,0.00960698,-0.0257022,4.08875e-05
145.925,0.00960289,-0.0256993,4.08843e-05
145.925,0.00959881,-0.0256965,4.08811e-05
145.925,0.00959473,-0.0256936,4.0878e-05
145.925,0.00959065,-0.0256908,4.08748e-05
145.925,0.00958657,-0.0256879,4.08717e-05
145.926,0.00958249,-0.0256851,4.08685e-05
145.926,0.00957841,-0.0256822,4.08653e-05
145.926,0.00957434,-0.0256793,4.08622e-05
145.926,0.00957026,-0.0256765,4.0859e-05
145.926,0.00956619,-0.0256736,4.08558e-05
145.926,0.00956212,-0.0256708,4.08527e-05
145.926,0.00955805,-0.0256679,4.08495e-05
145.927,0.00955398,-0.025665,4.08463e-05
145.927,0.00954991,-0.0256622,4.08432e-05
145.927,0.00954584,-0.0256593,4.084e-05
145.927,0.00954178,-0.0256565,4.08369e-05
145.927,0.00953771,-0.0256536,4.08337e-05
145.927,0.00953365,-0.0256507,4.08305e-05
145.928,0.00952959,-0.0256479,4.08274e-05
145.928,0.00952553,-0.025645,4.08242e-05
145.928,0.00952147,-0.0256421,4.0821e-05
145.928,0.00951741,-0.0256393,4.08179e-05
145.928,0.00951335,-0.0256364,4.08147e-05
145.928,0.0095093,-0.0256335,4.08116e-05
145.929,0.00950524,-0.0256307,4.08084e-05
145.929,0.00950119,-0.0256278,4.08052e-05
145.929,0.00949714,-0.0256249,4.08021e-05
145.929,0.00949309,-0.025622,4.07989e-05
145.929,0.00948904,-0.0256192,4.07957e-05
145.929,0.00948499,-0.0256163,4.07926e-05
145.929,0.00948094,-0.0256134,4.07894e-05
145.93,0.0094769,-0.0256105,4.07863e-05
145.93,0.00947285,-0.0256077,4.07831e-05
145.93,0.00946881,-0.0256048,4.07799e-05
145.93,0.00946477,-0.0256019,4.07768e-05
145.93,0.00946073,-0.025599,4.07736e-05
145.93,0.00945669,-0.0255961,4.07705e-05
145.931,0.00945265,-0.0255933,4.07673e-05
145.931,0.00944861,-0.0255904,4.07641e-05
145.931,0.00944457,-0.0255875,4.0761e-05
145.931,0.00944054,-0.0255846,4.07578e-05
145.931,0.00943651,-0.0255817,4.07547e-05
145.931,0.00943247,-0.0255788,4.07515e-05
145.932,0.00942844,-0.0255759,4.07483e-05
145.932,0.00942441,-0.025573,4.07452e-05
145.932,0.00942038,-0.0255702,4.0742e-05
145.932,0.00941636,-0.0255673,4.07389e-05
145.932,0.00941233,-0.0255644,4.07357e-05
145.932,0.0094083,-0.0255615,4.07325e-05
145.932,0.00940428,-0.0255586,4.07294e-05
145.933,0.00940026,-0.0255557,4.07262e-05
145.933,0.00939624,-0.0255528,4.07231e-05
145.933,0.00939222,-0.0255499,4.07199e-05
145.933,0.0093882,-0.025547,4.07167e-05
145.933,0.00938418,-0.0255441,4.07136e-05
145.933,0.00938016,-0.0255412,4.07104e-05
145.934,0.00937615,-0.0255383,4.07073e-05
145.934,0.00937213,-0.0255354,4.07041e-05
145.934,0.00936812,-0.0255325,4.07009e-05
145.934,0.00936411,-0.0255296,4.06978e-05
145.934,0.0093601,-0.0255267,4.06946e-05
145.934,0.00935609,-0.0255238,4.06915e-05
145.935,0.00935208,-0.0255209,4.06883e-05
145.935,0.00934807,-0.025518,4.06852e-05
145.935,0.00934407,-0.0255151,4.0682e-05
145.935,0.00934006,-0.0255122,4.06788e-05
145.935,0.00933606,-0.0255093,4.06757e-05
145.935,0.00933206,-0.0255063,4.06725e-05
145.935,0.00932806,-0.0255034,4.06694e-05
145.936,0.00932406,-0.0255005,4.06662e-05
145.936,0.00932006,-0.0254976,4.06631e-05
145.936,0.00931606,-0.0254947,4.06599e-05
145.936,0.00931207,-0.0254918,4.06567e-05
145.936,0.00930807,-0.0254889,4.06536e-05
145.936,0.00930408,-0.0254859,4.06504e-05
145.937,0.00930009,-0.025483,4.06473e-05
145.937,0.0092961,-0.0254801,4.06441e-05
145.937,0.00929211,-0.0254772,4.0641e-05
145.937,0.00928812,-0.0254743,4.06378e-05
145.937,0.00928413,-0.0254713,4.06346e-05
145.937,0.00928015,-0.0254684,4.06315e-05
145.938,0.00927616,-0.0254655,4.06283e-05
145.938,0.00927218,-0.0254626,4.06252e-05
145.938,0.00926819,-0.0254597,4.0622e-05
145.938,0.00926421,-0.0254567,4.06189e-05
145.938,0.00926023,-0.0254538,4.06157e-05
145.938,0.00925625,-0.0254509,4.06125e-05
145.938,0.00925228,-0.0254479,4.06094e-05
145.939,0.0092483,-0.025445,4.06062e-05
145.939,0.00924432,-0.0254421,4.06031e-05
145.939,0.00924035,-0.0254392,4.05999e-05
145.939,0.00923638,-0.0254362,4.05968e-05
145.939,0.00923241,-0.0254333,4.05936e-05
145.939,0.00922844,-0.0254304,4.05905e-05
145.94,0.00922447,-0.0254274,4.05873e-05
145.94,0.0092205,-0.0254245,4.05841e-05
145.94,0.00921653,-0.0254215,4.0581e-05
145.94,0.00921257,-0.0254186,4.05778e-05
145.94,0.0092086,-0.0254157,4.05747e-05
145.94,0.00920464,-0.0254127,4.05715e-05
145.94,0.00920068,-0.0254098,4.05684e-05
145.941,0.00919672,-0.0254068,4.05652e-05
145.941,0.00919276,-0.0254039,4.05621e-05
145.941,0.0091888,-0.025401,4.05589e-05
145.941,0.00918484,-0.025398,4.05558e-05
145.941,0.00918089,-0.0253951,4.05526e-05
145.941,0.00917693,-0.0253921,4.05494e-05
145.942,0.00917298,-0.0253892,4.05463e-05
145.942,0.00916903,-0.0253862,4.05431e-05
145.942,0.00916507,-0.0253833,4.054e-05
145.942,0.00916112,-0.0253803,4.05368e-05
145.942,0.00915718,-0.0253774,4.05337e-05
145.942,0.00915323,-0.0253744,4.05305e-05
145.942,0.00914928,-0.0253715,4.05274e-05
145.943,0.00914534,-0.0253685,4.05242e-05
145.943,0.00914139,-0.0253656,4.05211e-05
145.943,0.00913745,-0.0253626,4.05179e-05
145.943,0.00913351,-0.0253597,4.05148e-05
145.943,0.00912957,-0.0253567,4.05116e-05
145.943,0.00912563,-0.0253537,4.05085e-05
145.944,0.00912169,-0.0253508,4.05053e-05
145.944,0.00911776,-0.0253478,4.05021e-05
145.944,0.00911382,-0.0253449,4.0499e-05
145.944,0.00910989,-0.0253419,4.04958e-05
145.944,0.00910595,-0.0253389,4.04927e-05
145.944,0.00910202,-0.025336,4.04895e-05
145.945,0.00909809,-0.025333,4.04864e-05
145.945,0.00909416,-0.02533,4.04832e-05
145.945,0.00909023,-0.0253271,4.04801e-05
145.945,0.00908631,-0.0253241,4.04769e-05
145.945,0.00908238,-0.0253211,4.04738e-05
145.945,0.00907846,-0.0253182,4.04706e-05
145.945,0.00907453,-0.0253152,4.04675e-05
145.946,0.00907061,-0.0253122,4.04643e-05
145.946,0.00906669,-0.0253093,4.04612e-05
145.946,0.00906277,-0.0253063,4.0458e-05
145.946,0.00905885,-0.0253033,4.04549e-05
145.946,0.00905493,-0.0253003,4.04517e-05
145.946,0.00905102,-0.0252974,4.04486e-05
145.947,0.0090471,-0.0252944,4.04454e-05
145.947,0.00904319,-0.0252914,4.04423e-05
145.947,0.00903928,-0.0252884,4.04391e-05
145.947,0.00903536,-0.0252855,4.0436e-05
145.947,0.00903145,-0.0252825,4.04328e-05
145.947,0.00902755,-0.0252795,4.04297e-05
145.947,0.00902364,-0.0252765,4.04265e-05
145.948,0.00901973,-0.0252735,4.04234e-05
145.948,0.00901583,-0.0252705,4.04202e-05
145.948,0.00901192,-0.0252676,4.04171e-05
145.948,0.00900802,-0.0252646,4.04139e-05
145.948,0.00900412,-0.0252616,4.04108e-05
145.948,0.00900022,-0.0252586,4.04076e-05
145.949,0.00899632,-0.0252556,4.04045e-05
145.949,0.00899242,-0.0252526,4.04013e-05
145.949,0.00898852,-0.0252496,4.03982e-05
145.949,0.00898462,-0.0252466,4.0395e-05
145.949,0.00898073,-0.0252436,4.03919e-05
145.949,0.00897684,-0.0252406,4.03887e-05
145.949,0.00897294,-0.0252377,4.03856e-05
145.95,0.00896905,-0.0252347,4.03824e-05
145.95,0.00896516,-0.0252317,4.03793e-05
145.95,0.00896127,-0.0252287,4.03761e-05
145.95,0.00895739,-0.0252257,4.0373e-05
145.95,0.0089535,-0.0252227,4.03698e-05
145.95,0.00894962,-0.0252197,4.03667e-05
145.951,0.00894573,-0.0252167,4.03635e-05
145.951,0.00894185,-0.0252137,4.03604e-05
145.951,0.00893797,-0.0252107,4.03572e-05
145.951,0.00893409,-0.0252077,4.03541e-05
145.951,0.00893021,-0.0252047,4.03509e-05
145.951,0.00892633,-0.0252017,4.03478e-05
145.951,0.00892245,-0.0251986,4.03446e-05
145.952,0.00891858,-0.0251956,4.03415e-05
145.952,0.0089147,-0.0251926,4.03383e-05
145.952,0.00891083,-0.0251896,4.03352e-05
145.952,0.00890696,-0.0251866,4.0332e-05
145.952,0.00890309,-0.0251836,4.03289e-05
145.952,0.00889922,-0.0251806,4.03258e-05
145.953,0.00889535,-0.0251776,4.03226e-05
145.953,0.00889148,-0.0251746,4.03195e-05
145.953,0.00888761,-0.0251715,4.03163e-05
145.953,0.00888375,-0.0251685,4.03132e-05
145.953,0.00887989,-0.0251655,4.031e-05
145.953,0.00887602,-0.0251625,4.03069e-05
145.953,0.00887216,-0.0251595,4.03037e-05
145.954,0.0088683,-0.0251565,4.03006e-05
145.954,0.00886444,-0.0251534,4.02974e-05
145.954,0.00886058,-0.0251504,4.02943e-05
145.954,0.00885673,-0.0251474,4.02911e-05
145.954,0.00885287,-0.0251444,4.0288e-05
145.954,0.00884902,-0.0251414,4.02849e-05
145.955,0.00884516,-0.0251383,4.02817e-05
145.955,0.00884131,-0.0251353,4.02786e-05
145.955,0.00883746,-0.0251323,4.02754e-05
145.955,0.00883361,-0.0251292,4.02723e-05
145.955,0.00882976,-0.0251262,4.02691e-05
145.955,0.00882592,-0.0251232,4.0266e-05
145.955,0.00882207,-0.0251202,4.02628e-05
145.956,0.00881823,-0.0251171,4.02597e-05
145.956,0.00881438,-0.0251141,4.02565e-05
145.956,0.00881054,-0.0251111,4.02534e-05
145.956,0.0088067,-0.025108,4.02503e-05
145.956,0.00880286,-0.025105,4.02471e-05
145.956,0.00879902,-0.025102,4.0244e-05
145.957,0.00879518,-0.0250989,4.02408e-05
145.957,0.00879135,-0.0250959,4.02377e-05
145.957,0.00878751,-0.0250928,4.02345e-05
145.957,0.00878368,-0.0250898,4.02314e-05
145.957,0.00877984,-0.0250868,4.02282e-05
145.957,0.00877601,-0.0250837,4.02251e-05
145.957,0.00877218,-0.0250807,4.0222e-05
145.958,0.00876835,-0.0250776,4.02188e-05
145.958,0.00876452,-0.0250746,4.02157e-05
145.958,0.00876069,-0.0250715,4.02125e-05
145.958,0.00875687,-0.0250685,4.02094e-05
145.958,0.00875304,-0.0250655,4.02062e-05
145.958,0.00874922,-0.0250624,4.02031e-05
145.959,0.0087454,-0.0250594,4.01999e-05
145.959,0.00874158,-0.0250563,4.01968e-05
145.959,0.00873776,-0.0250533,4.01937e-05
145.959,0.00873394,-0.0250502,4.01905e-05
145.959,0.00873012,-0.0250471,4.01874e-05
145.959,0.0087263,-0.0250441,4.01842e-05
145.959,0.00872249,-0.025041,4.01811e-05
145.96,0.00871867,-0.025038,4.01779e-05
145.96,0.00871486,-0.0250349,4.01748e-05
145.96,0.00871105,-0.0250319,4.01717e-05
145.96,0.00870724,-0.0250288,4.01685e-05
145.96,0.00870343,-0.0250258,4.01654e-05
145.96,0.00869962,-0.0250227,4.01622e-05
145.96,0.00869581,-0.0250196,4.01591e-05
145.961,0.00869201,-0.0250166,4.01559e-05
145.961,0.0086882,-0.0250135,4.01528e-05
145.961,0.0086844,-0.0250104,4.01497e-05
145.961,0.0086806,-0.0250074,4.01465e-05
145.961,0.00867679,-0.0250043,4.01434e-05
145.961,0.00867299,-0.0250012,4.01402e-05
145.962,0.0086692,-0.0249982,4.01371e-05
145.962,0.0086654,-0.0249951,4.0134e-05
145.962,0.0086616,-0.024992,4.01308e-05
145.962,0.00865781,-0.024989,4.01277e-05
145.962,0.00865401,-0.0249859,4.01245e-05
145.962,0.00865022,-0.0249828,4.01214e-05
145.962,0.00864643,-0.0249798,4.01183e-05
145.963,0.00864263,-0.0249767,4.01151e-05
145.963,0.00863885,-0.0249736,4.0112e-05
145.963,0.00863506,-0.0249705,4.01088e-05
145.963,0.00863127,-0.0249674,4.01057e-05
145.963,0.00862748,-0.0249644,4.01026e-05
145.963,0.0086237,-0.0249613,4.00994e-05
145.964,0.00861991,-0.0249582,4.00963e-05
145.964,0.00861613,-0.0249551,4.00931e-05
145.964,0.00861235,-0.0249521,4.009e-05
145.964,0.00860857,-0.024949,4.00868e-05
145.964,0.00860479,-0.0249459,4.00837e-05
145.964,0.00860101,-0.0249428,4.00806e-05
145.964,0.00859724,-0.0249397,4.00774e-05
145.965,0.00859346,-0.0249366,4.00743e-05
145.965,0.00858969,-0.0249335,4.00712e-05
145.965,0.00858591,-0.0249305,4.0068e-05
145.965,0.00858214,-0.0249274,4.00649e-05
145.965,0.00857837,-0.0249243,4.00617e-05
145.965,0.0085746,-0.0249212,4.00586e-05
145.966,0.00857083,-0.0249181,4.00555e-05
145.966,0.00856706,-0.024915,4.00523e-05
145.966,0.0085633,-0.0249119,4.00492e-05
145.966,0.00855953,-0.0249088,4.0046e-05
145.966,0.00855577,-0.0249057,4.00429e-05
145.966,0.00855201,-0.0249026,4.00398e-05
145.966,0.00854824,-0.0248995,4.00366e-05
145.967,0.00854448,-0.0248964,4.00335e-05
145.967,0.00854072,-0.0248933,4.00303e-05
145.967,0.00853697,-0.0248902,4.00272e-05
145.967,0.00853321,-0.0248871,4.00241e-05
145.967,0.00852945,-0.024884,4.00209e-05
145.967,0.0085257,-0.0248809,4.00178e-05
145.967,0.00852194,-0.0248778,4.00147e-05
145.968,0.00851819,-0.0248747,4.00115e-05
145.968,0.00851444,-0.0248716,4.00084e-05
145.968,0.00851069,-0.0248685,4.00052e-05
145.968,0.00850694,-0.0248654,4.00021e-05
145.968,0.00850319,-0.0248623,3.9999e-05
145.968,0.00849945,-0.0248592,3.99958e-05
145.969,0.0084957,-0.0248561,3.99927e-05
145.969,0.00849196,-0.0248529,3.99896e-05
145.969,0.00848821,-0.0248498,3.99864e-05
145.969,0.00848447,-0.0248467,3.99833e-05
145.969,0.00848073,-0.0248436,3.99802e-05
145.969,0.00847699,-0.0248405,3.9977e-05
145.969,0.00847325,-0.0248374,3.99739e-05
145.97,0.00846952,-0.0248343,3.99707e-05
145.97,0.00846578,-0.0248311,3.99676e-05
145.97,0.00846205,-0.024828,3.99645e-05
145.97,0.00845831,-0.0248249,3.99613e-05
145.97,0.00845458,-0.0248218,3.99582e-05
145.97,0.00845085,-0.0248187,3.99551e-05
145.97,0.00844712,-0.0248155,3.99519e-05
145.971,0.00844339,-0.0248124,3.99488e-05
145.971,0.00843966,-0.0248093,3.99457e-05
145.971,0.00843593,-0.0248062,3.99425e-05
145.971,0.00843221,-0.024803,3.99394e-05
145.971,0.00842848,-0.0247999,3.99362e-05
145.971,0.00842476,-0.0247968,3.99331e-05
145.972,0.00842104,-0.0247936,3.993e-05
145.972,0.00841731,-0.0247905,3.99268e-05
145.972,0.0084136,-0.0247874,3.99237e-05
145.972,0.00840988,-0.0247842,3.99206e-05
145.972,0.00840616,-0.0247811,3.99174e-05
145.972,0.00840244,-0.024778,3.99143e-05
145.972,0.00839873,-0.0247748,3.99112e-05
145.973,0.00839501,-0.0247717,3.9908e-05
145.973,0.0083913,-0.0247686,3.99049e-05
145.973,0.00838759,-0.0247654,3.99018e-05
145.973,0.00838388,-0.0247623,3.98986e-05
145.973,0.00838017,-0.0247592,3.98955e-05
145.973,0.00837646,-0.024756,3.98924e-05
145.973,0.00837275,-0.0247529,3.98892e-05
145.974,0.00836904,-0.0247497,3.98861e-05
145.974,0.00836534,-0.0247466,3.9883e-05
145.974,0.00836164,-0.0247434,3.98798e-05
145.974,0.00835793,-0.0247403,3.98767e-05
145.974,0.00835423,-0.0247372,3.98736e-05
145.974,0.00835053,-0.024734,3.98704e-05
145.975,0.00834683,-0.0247309,3.98673e-05
145.975,0.00834313,-0.0247277,3.98642e-05
145.975,0.00833944,-0.0247246,3.9861e-05
145.975,0.00833574,-0.0247214,3.98579e-05
145.975,0.00833205,-0.0247183,3.98548e-05
145.975,0.00832835,-0.0247151,3.98516e-05
145.975,0.00832466,-0.0247119,3.98485e-05
145.976,0.00832097,-0.0247088,3.98454e-05
145.976,0.00831728,-0.0247056,3.98422e-05
145.976,0.00831359,-0.0247025,3.98391e-05
145.976,0.0083099,-0.0246993,3.9836e-05
145.976,0.00830622,-0.0246962,3.98328e-05
145.976,0.00830253,-0.024693,3.98297e-05
145.976,0.00829885,-0.0246898,3.98266e-05
145.977,0.00829516,-0.0246867,3.98234e-05
145.977,0.00829148,-0.0246835,3.98203e-05
145.977,0.0082878,-0.0246804,3.98172e-05
145.977,0.00828412,-0.0246772,3.9814e-05
145.977,0.00828044,-0.024674,3.98109e-05
145.977,0.00827676,-0.0246709,3.98078e-05
145.978,0.00827309,-0.0246677,3.98047e-05
145.978,0.00826941,-0.0246645,3.98015e-05
145.978,0.00826574,-0.0246614,3.97984e-05
145.978,0.00826206,-0.0246582,3.97953e-05
145.978,0.00825839,-0.024655,3.97921e-05
145.978,0.00825472,-0.0246518,3.9789e-05
145.978,0.00825105,-0.0246487,3.97859e-05
145.979,0.00824738,-0.0246455,3.97827e-05
145.979,0.00824372,-0.0246423,3.97796e-05
145.979,0.00824005,-0.0246391,3.97765e-05
145.979,0.00823639,-0.024636,3.97733e-05
145.979,0.00823272,-0.0246328,3.97702e-05
145.979,0.00822906,-0.0246296,3.97671e-05
145.979,0.0082254,-0.0246264,3.9764e-05
145.98,0.00822174,-0.0246233,3.97608e-05
145.98,0.00821808,-0.0246201,3.97577e-05
145.98,0.00821442,-0.0246169,3.97546e-05
145.98,0.00821076,-0.0246137,3.97514e-05
145.98,0.00820711,-0.0246105,3.97483e-05
145.98,0.00820345,-0.0246073,3.97452e-05
145.98,0.0081998,-0.0246042,3.9742e-05
145.981,0.00819615,-0.024601,3.97389e-05
145.981,0.00819249,-0.0245978,3.97358e-05
145.981,0.00818884,-0.0245946,3.97327e-05
145.981,0.0081852,-0.0245914,3.97295e-05
145.981,0.00818155,-0.0245882,3.97264e-05
145.981,0.0081779,-0.024585,3.97233e-05
145.982,0.00817426,-0.0245818,3.97201e-05
145.982,0.00817061,-0.0245786,3.9717e-05
145.982,0.00816697,-0.0245754,3.97139e-05
145.982,0.00816333,-0.0245722,3.97108e-05
145.982,0.00815968,-0.024569,3.97076e-05
145.982,0.00815604,-0.0245658,3.97045e-05
145.982,0.00815241,-0.0245626,3.97014e-05
145.983,0.00814877,-0.0245594,3.96982e-05
145.983,0.00814513,-0.0245562,3.96951e-05
145.983,0.0081415,-0.024553,3.9692e-05
145.983,0.00813786,-0.0245498,3.96889e-05
145.983,0.00813423,-0.0245466,3.96857e-05
145.983,0.0081306,-0.0245434,3.96826e-05
145.983,0.00812697,-0.0245402,3.96795e-05
145.984,0.00812334,-0.024537,3.96763e-05
145.984,0.00811971,-0.0245338,3.96732e-05
145.984,0.00811608,-0.0245306,3.96701e-05
145.984,0.00811245,-0.0245274,3.9667e-05
145.984,0.00810883,-0.0245242,3.96638e-05
145.984,0.0081052,-0.024521,3.96607e-05
145.984,0.00810158,-0.0245178,3.96576e-05
145.985,0.00809796,-0.0245146,3.96545e-05
145.985,0.00809434,-0.0245113,3.96513e-05
145.985,0.00809072,-0.0245081,3.96482e-05
145.985,0.0080871,-0.0245049,3.96451e-05
145.985,0.00808348,-0.0245017,3.9642e-05
145.985,0.00807987,-0.0244985,3.96388e-05
145.986,0.00807625,-0.0244953,3.96357e-05
145.986,0.00807264,-0.024492,3.96326e-05
145.986,0.00806903,-0.0244888,3.96294e-05
145.986,0.00806541,-0.0244856,3.96263e-05
145.986,0.0080618,-0.0244824,3.96232e-05
145.986,0.00805819,-0.0244792,3.96201e-05
145.986,0.00805459,-0.0244759,3.96169e-05
145.987,0.00805098,-0.0244727,3.96138e-05
145.987,0.00804737,-0.0244695,3.96107e-05
145.987,0.00804377,-0.0244663,3.96076e-05
145.987,0.00804016,-0.024463,3.96044e-05
145.987,0.00803656,-0.0244598,3.96013e-05
145.987,0.00803296,-0.0244566,3.95982e-05
145.987,0.00802936,-0.0244533,3.95951e-05
145.988,0.00802576,-0.0244501,3.95919e-05
145.988,0.00802216,-0.0244469,3.95888e-05
145.988,0.00801856,-0.0244437,3.95857e-05
145.988,0.00801497,-0.0244404,3.95826e-05
145.988,0.00801137,-0.0244372,3.95794e-05
145.988,0.00800778,-0.0244339,3.95763e-05
145.988,0.00800419,-0.0244307,3.95732e-05
145.989,0.0080006,-0.0244275,3.95701e-05
145.989,0.00799701,-0.0244242,3.9567e-05
145.989,0.00799342,-0.024421,3.95638e-05
145.989,0.00798983,-0.0244178,3.95607e-05
145.989,0.00798624,-0.0244145,3.95576e-05
145.989,0.00798266,-0.0244113,3.95545e-05
145.989,0.00797907,-0.024408,3.95513e-05
145.99,0.00797549,-0.0244048,3.95482e-05
145.99,0.00797191,-0.0244015,3.95451e-05
145.99,0.00796832,-0.0243983,3.9542e-05
145.99,0.00796474,-0.024395,3.95388e-05
145.99,0.00796117,-0.0243918,3.95357e-05
145.99,0.00795759,-0.0243885,3.95326e-05
145.991,0.00795401,-0.0243853,3.95295e-05
145.991,0.00795043,-0.024382,3.95263e-05
145.991,0.00794686,-0.0243788,3.95232e-05
145.991,0.00794329,-0.0243755,3.95201e-05
145.991,0.00793971,-0.0243723,3.9517e-05
145.991,0.00793614,-0.024369,3.95139e-05
145.991,0.00793257,-0.0243658,3.95107e-05
145.992,0.007929,-0.0243625,3.95076e-05
145.992,0.00792544,-0.0243593,3.95045e-05
145.992,0.00792187,-0.024356,3.95014e-05
145.992,0.0079183,-0.0243527,3.94982e-05
145.992,0.00791474,-0.0243495,3.94951e-05
145.992,0.00791118,-0.0243462,3.9492e-05
145.992,0.00790761,-0.024343,3.94889e-05
145.993,0.00790405,-0.0243397,3.94858e-05
145.993,0.00790049,-0.0243364,3.94826e-05
145.993,0.00789693,-0.0243332,3.94795e-05
145.993,0.00789338,-0.0243299,3.94764e-05
145.993,0.00788982,-0.0243266,3.94733e-05
145.993,0.00788626,-0.0243234,3.94702e-05
145.993,0.00788271,-0.0243201,3.9467e-05
145.994,0.00787916,-0.0243168,3.94639e-05
145.994,0.0078756,-0.0243135,3.94608e-05
145.994,0.00787205,-0.0243103,3.94577e-05
145.994,0.0078685,-0.024307,3.94545e-05
145.994,0.00786495,-0.0243037,3.94514e-05
145.994,0.00786141,-0.0243005,3.94483e-05
145.994,0.00785786,-0.0242972,3.94452e-05
145.995,0.00785431,-0.0242939,3.94421e-05
145.995,0.00785077,-0.0242906,3.94389e-05
145.995,0.00784723,-0.0242873,3.94358e-05
145.995,0.00784368,-0.0242841,3.94327e-05
145.995,0.00784014,-0.0242808,3.94296e-05
145.995,0.0078366,-0.0242775,3.94265e-05
145.995,0.00783306,-0.0242742,3.94233e-05
145.996,0.00782953,-0.0242709,3.94202e-05
145.996,0.00782599,-0.0242677,3.94171e-05
145.996,0.00782245,-0.0242644,3.9414e-05
145.996,0.00781892,-0.0242611,3.94109e-05
145.996,0.00781539,-0.0242578,3.94078e-05
145.996,0.00781185,-0.0242545,3.94046e-05
145.997,0.00780832,-0.0242512,3.94015e-05
145.997,0.00780479,-0.0242479,3.93984e-05
145.997,0.00780126,-0.0242446,3.93953e-05
145.997,0.00779774,-0.0242413,3.93922e-05
145.997,0.00779421,-0.024238,3.9389e-05
145.997,0.00779068,-0.0242348,3.93859e-05
145.997,0.00778716,-0.0242315,3.93828e-05
145.998,0.00778364,-0.0242282,3.93797e-05
145.998,0.00778011,-0.0242249,3.93766e-05
145.998,0.00777659,-0.0242216,3.93734e-05
145.998,0.00777307,-0.0242183,3.93703e-05
145.998,0.00776956,-0.024215,3.93672e-05
145.998,0.00776604,-0.0242117,3.93641e-05
145.998,0.00776252,-0.0242084,3.9361e-05
145.999,0.00775901,-0.0242051,3.93579e-05
145.999,0.00775549,-0.0242018,3.93547e-05
145.999,0.00775198,-0.0241985,3.93516e-05
145.999,0.00774847,-0.0241952,3.93485e-05
145.999,0.00774495,-0.0241918,3.93454e-05
145.999,0.00774144,-0.0241885,3.93423e-05
145.999,0.00773794,-0.0241852,3.93392e-05
146,0.00773443,-0.0241819,3.9336e-05
146,0.00773092,-0.0241786,3.93329e-05
146,0.00772742,-0.0241753,3.93298e-05
146,0.00772391,-0.024172,3.93267e-05
146,0.00772041,-0.0241687,3.93236e-05
146,0.00771691,-0.0241654,3.93205e-05
146,0.0077134,-0.024162,3.93173e-05
146.001,0.0077099,-0.0241587,3.93142e-05
146.001,0.0077064,-0.0241554,3.93111e-05
146.001,0.00770291,-0.0241521,3.9308e-05
146.001,0.00769941,-0.0241488,3.93049e-05
146.001,0.00769591,-0.0241455,3.93018e-05
146.001,0.00769242,-0.0241421,3.92986e-05
146.001,0.00768893,-0.0241388,3.92955e-05
146.002,0.00768543,-0.0241355,3.92924e-05
146.002,0.00768194,-0.0241322,3.92893e-05
146.002,0.00767845,-0.0241288,3.92862e-05
146.002,0.00767496,-0.0241255,3.92831e-05
146.002,0.00767148,-0.0241222,3.92799e-05
146.002,0.00766799,-0.0241189,3.92768e-05
146.002,0.0076645,-0.0241155,3.92737e-05
146.003,0.00766102,-0.0241122,3.92706e-05
146.003,0.00765754,-0.0241089,3.92675e-05
146.003,0.00765405,-0.0241056,3.92644e-05
146.003,0.00765057,-0.0241022,3.92613e-05
146.003,0.00764709,-0.0240989,3.92581e-05
146.003,0.00764361,-0.0240956,3.9255e-05
146.003,0.00764013,-0.0240922,3.92519e-05
146.004,0.00763666,-0.0240889,3.92488e-05
146.004,0.00763318,-0.0240855,3.92457e-05
146.004,0.00762971,-0.0240822,3.92426e-05
146.004,0.00762623,-0.0240789,3.92395e-05
146.004,0.00762276,-0.0240755,3.92363e-05
146.004,0.00761929,-0.0240722,3.92332e-05
146.004,0.00761582,-0.0240688,3.92301e-05
146.005,0.00761235,-0.0240655,3.9227e-05
146.005,0.00760888,-0.0240622,3.92239e-05
146.005,0.00760541,-0.0240588,3.92208e-05
146.005,0.00760195,-0.0240555,3.92177e-05
146.005,0.00759848,-0.0240521,3.92145e-05
146.005,0.00759502,-0.0240488,3.92114e-05
146.005,0.00759156,-0.0240454,3.92083e-05
146.006,0.0075881,-0.0240421,3.92052e-05
146.006,0.00758463,-0.0240387,3.92021e-05
146.006,0.00758118,-0.0240354,3.9199e-05
146.006,0.00757772,-0.024032,3.91959e-05
146.006,0.00757426,-0.0240287,3.91928e-05
146.006,0.0075708,-0.0240253,3.91896e-05
146.006,0.00756735,-0.024022,3.91865e-05
146.007,0.0075639,-0.0240186,3.91834e-05
146.007,0.00756044,-0.0240153,3.91803e-05
146.007,0.00755699,-0.0240119,3.91772e-05
146.007,0.00755354,-0.0240085,3.91741e-05
146.007,0.00755009,-0.0240052,3.9171e-05
146.007,0.00754664,-0.0240018,3.91679e-05
146.007,0.00754319,-0.0239985,3.91647e-05
146.008,0.00753975,-0.0239951,3.91616e-05
146.008,0.0075363,-0.0239917,3.91585e-05
146.008,0.00753286,-0.0239884,3.91554e-05
146.008,0.00752942,-0.023985,3.91523e-05
146.008,0.00752597,-0.0239816,3.91492e-05
146.008,0.00752253,-0.0239783,3.91461e-05
146.009,0.00751909,-0.0239749,3.9143e-05
146.009,0.00751565,-0.0239715,3.91399e-05
146.009,0.00751222,-0.0239682,3.91367e-05
146.009,0.00750878,-0.0239648,3.91336e-05
146.009,0.00750535,-0.0239614,3.91305e-05
146.009,0.00750191,-0.023958,3.91274e-05
146.009,0.00749848,-0.0239547,3.91243e-05
146.01,0.00749505,-0.0239513,3.91212e-05
146.01,0.00749161,-0.0239479,3.91181e-05
146.01,0.00748818,-0.0239445,3.9115e-05
146.01,0.00748476,-0.0239412,3.91119e-05
146.01,0.00748133,-0.0239378,3.91088e-05
146.01,0.0074779,-0.0239344,3.91056e-05
146.01,0.00747448,-0.023931,3.91025e-05
146.011,0.00747105,-0.0239276,3.90994e-05
146.011,0.00746763,-0.0239243,3.90963e-05
146.011,0.00746421,-0.0239209,3.90932e-05
146.011,0.00746078,-0.0239175,3.90901e-05
146.011,0.00745736,-0.0239141,3.9087e-05
146.011,0.00745395,-0.0239107,3.90839e-05
146.011,0.00745053,-0.0239073,3.90808e-05
146.012,0.00744711,-0.023904,3.90777e-05
146.012,0.0074437,-0.0239006,3.90745e-05
146.012,0.00744028,-0.0238972,3.90714e-05
146.012,0.00743687,-0.0238938,3.90683e-05
146.012,0.00743345,-0.0238904,3.90652e-05
146.012,0.00743004,-0.023887,3.90621e-05
146.012,0.00742663,-0.0238836,3.9059e-05
146.013,0.00742322,-0.0238802,3.90559e-05
146.013,0.00741981,-0.0238768,3.90528e-05
146.013,0.00741641,-0.0238734,3.90497e-05
146.013,0.007413,-0.02387,3.90466e-05
146.013,0.0074096,-0.0238666,3.90435e-05
146.013,0.00740619,-0.0238632,3.90404e-05
146.013,0.00740279,-0.0238598,3.90372e-05
146.014,0.00739939,-0.0238564,3.90341e-05
146.014,0.00739599,-0.023853,3.9031e-05
146.014,0.00739259,-0.0238496,3.90279e-05
146.014,0.00738919,-0.0238462,3.90248e-05
146.014,0.00738579,-0.0238428,3.90217e-05
146.014,0.0073824,-0.0238394,3.90186e-05
146.014,0.007379,-0.023836,3.90155e-05
146.015,0.00737561,-0.0238326,3.90124e-05
146.015,0.00737221,-0.0238292,3.90093e-05
146.015,0.00736882,-0.0238258,3.90062e-05
146.015,0.00736543,-0.0238224,3.90031e-05
146.015,0.00736204,-0.0238189,3.9e-05
146.015,0.00735865,-0.0238155,3.89969e-05
146.015,0.00735526,-0.0238121,3.89938e-05
146.016,0.00735188,-0.0238087,3.89906e-05
146.016,0.00734849,-0.0238053,3.89875e-05
146.016,0.00734511,-0.0238019,3.89844e-05
146.016,0.00734172,-0.0237984,3.89813e-05
146.016,0.00733834,-0.023795,3.89782e-05
146.016,0.00733496,-0.0237916,3.89751e-05
146.016,0.00733158,-0.0237882,3.8972e-05
146.016,0.0073282,-0.0237848,3.89689e-05
146.017,0.00732482,-0.0237813,3.89658e-05
146.017,0.00732145,-0.0237779,3.89627e-05
146.017,0.00731807,-0.0237745,3.89596e-05
146.017,0.0073147,-0.0237711,3.89565e-05
146.017,0.00731132,-0.0237676,3.89534e-05
146.017,0.00730795,-0.0237642,3.89503e-05
146.017,0.00730458,-0.0237608,3.89472e-05
146.018,0.00730121,-0.0237574,3.89441e-05
146.018,0.00729784,-0.0237539,3.8941e-05
146.018,0.00729447,-0.0237505,3.89378e-05
146.018,0.0072911,-0.0237471,3.89347e-05
146.018,0.00728774,-0.0237436,3.89316e-05
146.018,0.00728437,-0.0237402,3.89285e-05
146.018,0.00728101,-0.0237368,3.89254e-05
146.019,0.00727765,-0.0237333,3.89223e-05
146.019,0.00727428,-0.0237299,3.89192e-05
146.019,0.00727092,-0.0237265,3.89161e-05
146.019,0.00726756,-0.023723,3.8913e-05
146.019,0.00726421,-0.0237196,3.89099e-05
146.019,0.00726085,-0.0237161,3.89068e-05
146.019,0.00725749,-0.0237127,3.89037e-05
146.02,0.00725414,-0.0237093,3.89006e-05
146.02,0.00725078,-0.0237058,3.88975e-05
146.02,0.00724743,-0.0237024,3.88944e-05
146.02,0.00724408,-0.0236989,3.88913e-05
146.02,0.00724072,-0.0236955,3.88882e-05
146.02,0.00723737,-0.023692,3.88851e-05
146.02,0.00723403,-0.0236886,3.8882e-05
146.021,0.00723068,-0.0236851,3.88789e-05
146.021,0.00722733,-0.0236817,3.88758e-05
146.021,0.00722399,-0.0236782,3.88727e-05
146.021,0.00722064,-0.0236748,3.88696e-05
146.021,0.0072173,-0.0236713,3.88665e-05
146.021,0.00721395,-0.0236679,3.88634e-05
146.021,0.00721061,-0.0236644,3.88603e-05
146.022,0.00720727,-0.023661,3.88572e-05
146.022,0.00720393,-0.0236575,3.88541e-05
146.022,0.00720059,-0.023654,3.8851e-05
146.022,0.00719726,-0.0236506,3.88479e-05
146.022,0.00719392,-0.0236471,3.88448e-05
146.022,0.00719059,-0.0236437,3.88417e-05
146.022,0.00718725,-0.0236402,3.88385e-05
146.023,0.00718392,-0.0236367,3.88354e-05
146.023,0.00718059,-0.0236333,3.88323e-05
146.023,0.00717726,-0.0236298,3.88292e-05
146.023,0.00717393,-0.0236263,3.88261e-05
146.023,0.0071706,-0.0236229,3.8823e-05
146.023,0.00716727,-0.0236194,3.88199e-05
146.023,0.00716394,-0.0236159,3.88168e-05
146.024,0.00716062,-0.0236125,3.88137e-05
146.024,0.00715729,-0.023609,3.88106e-05
146.024,0.00715397,-0.0236055,3.88075e-05
146.024,0.00715065,-0.0236021,3.88044e-05
146.024,0.00714733,-0.0235986,3.88013e-05
146.024,0.00714401,-0.0235951,3.87982e-05
146.024,0.00714069,-0.0235916,3.87951e-05
146.025,0.00713737,-0.0235882,3.8792e-05
146.025,0.00713405,-0.0235847,3.87889e-05
146.025,0.00713074,-0.0235812,3.87858e-05
146.025,0.00712742,-0.0235777,3.87827e-05
146.025,0.00712411,-0.0235742,3.87796e-05
146.025,0.0071208,-0.0235708,3.87765e-05
146.025,0.00711748,-0.0235673,3.87734e-05
146.026,0.00711417,-0.0235638,3.87703e-05
146.026,0.00711086,-0.0235603,3.87672e-05
146.026,0.00710756,-0.0235568,3.87641e-05
146.026,0.00710425,-0.0235533,3.8761e-05
146.026,0.00710094,-0.0235499,3.87579e-05
146.026,0.00709764,-0.0235464,3.87548e-05
146.026,0.00709433,-0.0235429,3.87517e-05
146.027,0.00709103,-0.0235394,3.87486e-05
146.027,0.00708773,-0.0235359,3.87455e-05
146.027,0.00708443,-0.0235324,3.87424e-05
146.027,0.00708113,-0.0235289,3.87393e-05
146.027,0.00707783,-0.0235254,3.87362e-05
146.027,0.00707453,-0.0235219,3.87331e-05
146.027,0.00707123,-0.0235184,3.87301e-05
146.028,0.00706794,-0.0235149,3.8727e-05
146.028,0.00706464,-0.0235114,3.87239e-05
146.028,0.00706135,-0.0235079,3.87208e-05
146.028,0.00705806,-0.0235045,3.87177e-05
146.028,0.00705476,-0.023501,3.87146e-05
146.028,0.00705147,-0.0234974,3.87115e-05
146.028,0.00704819,-0.0234939,3.87084e-05
146.028,0.0070449,-0.0234904,3.87053e-05
146.029,0.00704161,-0.0234869,3.87022e-05
146.029,0.00703832,-0.0234834,3.86991e-05
146.029,0.00703504,-0.0234799,3.8696e-05
146.029,0.00703175,-0.0234764,3.86929e-05
146.029,0.00702847,-0.0234729,3.86898e-05
146.029,0.00702519,-0.0234694,3.86867e-05
146.029,0.00702191,-0.0234659,3.86836e-05
146.03,0.00701863,-0.0234624,3.86805e-05
146.03,0.00701535,-0.0234589,3.86774e-05
146.03,0.00701207,-0.0234554,3.86743e-05
146.03,0.0070088,-0.0234519,3.86712e-05
146.03,0.00700552,-0.0234483,3.86681e-05
146.03,0.00700224,-0.0234448,3.8665e-05
146.03,0.00699897,-0.0234413,3.86619e-05
146.031,0.0069957,-0.0234378,3.86588e-05
146.031,0.00699243,-0.0234343,3.86557e-05
146.031,0.00698916,-0.0234308,3.86526e-05
146.031,0.00698589,-0.0234272,3.86495e-05
146.031,0.00698262,-0.0234237,3.86464e-05
146.031,0.00697935,-0.0234202,3.86433e-05
146.031,0.00697609,-0.0234167,3.86402e-05
146.032,0.00697282,-0.0234131,3.86371e-05
146.032,0.00696956,-0.0234096,3.86341e-05
146.032,0.00696629,-0.0234061,3.8631e-05
146.032,0.00696303,-0.0234026,3.86279e-05
146.032,0.00695977,-0.023399,3.86248e-05
146.032,0.00695651,-0.0233955,3.86217e-05
146.032,0.00695325,-0.023392,3.86186e-05
146.033,0.00694999,-0.0233884,3.86155e-05
146.033,0.00694674,-0.0233849,3.86124e-05
146.033,0.00694348,-0.0233814,3.86093e-05
146.033,0.00694023,-0.0233779,3.86062e-05
146.033,0.00693697,-0.0233743,3.86031e-05
146.033,0.00693372,-0.0233708,3.86e-05
146.033,0.00693047,-0.0233672,3.85969e-05
146.034,0.00692722,-0.0233637,3.85938e-05
146.034,0.00692397,-0.0233602,3.85907e-05
146.034,0.00692072,-0.0233566,3.85876e-05
146.034,0.00691748,-0.0233531,3.85845e-05
146.034,0.00691423,-0.0233496,3.85814e-05
146.034,0.00691098,-0.023346,3.85784e-05
146.034,0.00690774,-0.0233425,3.85753e-05
146.034,0.0069045,-0.0233389,3.85722e-05
146.035,0.00690125,-0.0233354,3.85691e-05
146.035,0.00689801,-0.0233318,3.8566e-05
146.035,0.00689477,-0.0233283,3.85629e-05
146.035,0.00689153,-0.0233247,3.85598e-05
146.035,0.0068883,-0.0233212,3.85567e-05
146.035,0.00688506,-0.0233176,3.85536e-05
146.035,0.00688182,-0.0233141,3.85505e-05
146.036,0.00687859,-0.0233105,3.85474e-05
146.036,0.00687536,-0.023307,3.85443e-05
146.036,0.00687212,-0.0233034,3.85412e-05
146.036,0.00686889,-0.0232999,3.85381e-05
146.036,0.00686566,-0.0232963,3.85351e-05
146.036,0.00686243,-0.0232928,3.8532e-05
146.036,0.0068592,-0.0232892,3.85289e-05
146.037,0.00685598,-0.0232856,3.85258e-05
146.037,0.00685275,-0.0232821,3.85227e-05
146.037,0.00684952,-0.0232785,3.85196e-05
146.037,0.0068463,-0.023275,3.85165e-05
146.037,0.00684308,-0.0232714,3.85134e-05
146.037,0.00683985,-0.0232678,3.85103e-05
146.037,0.00683663,-0.0232643,3.85072e-05
146.038,0.00683341,-0.0232607,3.85041e-05
146.038,0.00683019,-0.0232571,3.8501e-05
146.038,0.00682698,-0.0232536,3.8498e-05
146.038,0.00682376,-0.02325,3.84949e-05
146.038,0.00682054,-0.0232464,3.84918e-05
146.038,0.00681733,-0.0232429,3.84887e-05
146.038,0.00681412,-0.0232393,3.84856e-05
146.038,0.0068109,-0.0232357,3.84825e-05
146.039,0.00680769,-0.0232322,3.84794e-05
146.039,0.00680448,-0.0232286,3.84763e-05
146.039,0.00680127,-0.023225,3.84732e-05
146.039,0.00679806,-0.0232214,3.84701e-05
146.039,0.00679485,-0.0232179,3.8467e-05
146.039,0.00679165,-0.0232143,3.8464e-05
146.039,0.00678844,-0.0232107,3.84609e-05
146.04,0.00678524,-0.0232071,3.84578e-05
146.04,0.00678203,-0.0232035,3.84547e-05
146.04,0.00677883,-0.0232,3.84516e-05
146.04,0.00677563,-0.0231964,3.84485e-05
146.04,0.00677243,-0.0231928,3.84454e-05
146.04,0.00676923,-0.0231892,3.84423e-05
146.04,0.00676603,-0.0231856,3.84392e-05
146.041,0.00676284,-0.023182,3.84362e-05
146.041,0.00675964,-0.0231785,3.84331e-05
146.041,0.00675644,-0.0231749,3.843e-05
146.041,0.00675325,-0.0231713,3.84269e-05
146.041,0.00675006,-0.0231677,3.84238e-05
146.041,0.00674687,-0.0231641,3.84207e-05
146.041,0.00674367,-0.0231605,3.84176e-05
146.042,0.00674048,-0.0231569,3.84145e-05
146.042,0.0067373,-0.0231533,3.84114e-05
146.042,0.00673411,-0.0231497,3.84084e-05
146.042,0.00673092,-0.0231461,3.84053e-05
146.042,0.00672773,-0.0231425,3.84022e-05
146.042,0.00672455,-0.0231389,3.83991e-05
146.042,0.00672137,-0.0231353,3.8396e-05
146.042,0.00671818,-0.0231317,3.83929e-05
146.043,0.006715,-0.0231281,3.83898e-05
146.043,0.00671182,-0.0231245,3.83867e-05
146.043,0.00670864,-0.0231209,3.83837e-05
146.043,0.00670546,-0.0231173,3.83806e-05
146.043,0.00670229,-0.0231137,3.83775e-05
146.043,0.00669911,-0.0231101,3.83744e-05
146.043,0.00669593,-0.0231065,3.83713e-05
146.044,0.00669276,-0.0231029,3.83682e-05
146.044,0.00668959,-0.0230993,3.83651e-05
146.044,0.00668641,-0.0230957,3.8362e-05
146.044,0.00668324,-0.0230921,3.8359e-05
146.044,0.00668007,-0.0230885,3.83559e-05
146.044,0.0066769,-0.0230849,3.83528e-05
146.044,0.00667373,-0.0230812,3.83497e-05
146.045,0.00667057,-0.0230776,3.83466e-05
146.045,0.0066674,-0.023074,3.83435e-05
146.045,0.00666424,-0.0230704,3.83404e-05
146.045,0.00666107,-0.0230668,3.83373e-05
146.045,0.00665791,-0.0230632,3.83343e-05
146.045,0.00665475,-0.0230596,3.83312e-05
146.045,0.00665159,-0.0230559,3.83281e-05
146.046,0.00664843,-0.0230523,3.8325e-05
146.046,0.00664527,-0.0230487,3.83219e-05
146.046,0.00664211,-0.0230451,3.83188e-05
146.046,0.00663895,-0.0230414,3.83158e-05
146.046,0.0066358,-0.0230378,3.83127e-05
146.046,0.00663264,-0.0230342,3.83096e-05
146.046,0.00662949,-0.0230306,3.83065e-05
146.046,0.00662634,-0.0230269,3.83034e-05
146.047,0.00662318,-0.0230233,3.83003e-05
146.047,0.00662003,-0.0230197,3.82972e-05
146.047,0.00661688,-0.0230161,3.82942e-05
146.047,0.00661373,-0.0230124,3.82911e-05
146.047,0.00661059,-0.0230088,3.8288e-05
146.047,0.00660744,-0.0230052,3.82849e-05
146.047,0.00660429,-0.0230015,3.82818e-05
146.048,0.00660115,-0.0229979,3.82787e-05
146.048,0.00659801,-0.0229943,3.82756e-05
146.048,0.00659486,-0.0229906,3.82726e-05
146.048,0.00659172,-0.022987,3.82695e-05
146.048,0.00658858,-0.0229833,3.82664e-05
146.048,0.00658544,-0.0229797,3.82633e-05
146.048,0.0065823,-0.0229761,3.82602e-05
146.049,0.00657917,-0.0229724,3.82571e-05
146.049,0.00657603,-0.0229688,3.82541e-05
146.049,0.0065729,-0.0229651,3.8251e-05
146.049,0.00656976,-0.0229615,3.82479e-05
146.049,0.00656663,-0.0229578,3.82448e-05
146.049,0.0065635,-0.0229542,3.82417e-05
146.049,0.00656036,-0.0229506,3.82386e-05
146.049,0.00655723,-0.0229469,3.82356e-05
146.05,0.0065541,-0.0229433,3.82325e-05
146.05,0.00655098,-0.0229396,3.82294e-05
146.05,0.00654785,-0.022936,3.82263e-05
146.05,0.00654472,-0.0229323,3.82232e-05
146.05,0.0065416,-0.0229286,3.82202e-05
146.05,0.00653847,-0.022925,3.82171e-05
146.05,0.00653535,-0.0229213,3.8214e-05
146.051,0.00653223,-0.0229177,3.82109e-05
146.051,0.00652911,-0.022914,3.82078e-05
146.051,0.00652599,-0.0229104,3.82047e-05
146.051,0.00652287,-0.0229067,3.82017e-05
146.051,0.00651975,-0.0229031,3.81986e-05
146.051,0.00651663,-0.0228994,3.81955e-05
146.051,0.00651352,-0.0228957,3.81924e-05
146.052,0.0065104,-0.0228921,3.81893e-05
146.052,0.00650729,-0.0228884,3.81863e-05
146.052,0.00650418,-0.0228847,3.81832e-05
146.052,0.00650107,-0.0228811,3.81801e-05
146.052,0.00649795,-0.0228774,3.8177e-05
146.052,0.00649484,-0.0228737,3.81739e-05
146.052,0.00649174,-0.0228701,3.81708e-05
146.052,0.00648863,-0.0228664,3.81678e-05
146.053,0.00648552,-0.0228627,3.81647e-05
146.053,0.00648242,-0.0228591,3.81616e-05
146.053,0.00647931,-0.0228554,3.81585e-05
146.053,0.00647621,-0.0228517,3.81554e-05
146.053,0.0064731,-0.022848,3.81524e-05
146.053,0.00647,-0.0228444,3.81493e-05
146.053,0.0064669,-0.0228407,3.81462e-05
146.054,0.0064638,-0.022837,3.81431e-05
146.054,0.0064607,-0.0228333,3.814e-05
146.054,0.00645761,-0.0228297,3.8137e-05
146.054,0.00645451,-0.022826,3.81339e-05
146.054,0.00645141,-0.0228223,3.81308e-05
146.054,0.00644832,-0.0228186,3.81277e-05
146.054,0.00644523,-0.0228149,3.81246e-05
146.055,0.00644213,-0.0228113,3.81216e-05
146.055,0.00643904,-0.0228076,3.81185e-05
146.055,0.00643595,-0.0228039,3.81154e-05
146.055,0.00643286,-0.0228002,3.81123e-05
146.055,0.00642977,-0.0227965,3.81093e-05
146.055,0.00642669,-0.0227928,3.81062e-05
146.055,0.0064236,-0.0227891,3.81031e-05
146.055,0.00642052,-0.0227854,3.81e-05
146.056,0.00641743,-0.0227817,3.80969e-05
146.056,0.00641435,-0.0227781,3.80939e-05
146.056,0.00641127,-0.0227744,3.80908e-05
146.056,0.00640818,-0.0227707,3.80877e-05
146.056,0.0064051,-0.022767,3.80846e-05
146.056,0.00640202,-0.0227633,3.80815e-05
146.056,0.00639895,-0.0227596,3.80785e-05
146.057,0.00639587,-0.0227559,3.80754e-05
146.057,0.00639279,-0.0227522,3.80723e-05
146.057,0.00638972,-0.0227485,3.80692e-05
146.057,0.00638664,-0.0227448,3.80662e-05
146.057,0.00638357,-0.0227411,3.80631e-05
146.057,0.0063805,-0.0227374,3.806e-05
146.057,0.00637743,-0.0227337,3.80569e-05
146.057,0.00637436,-0.02273,3.80539e-05
146.058,0.00637129,-0.0227263,3.80508e-05
146.058,0.00636822,-0.0227226,3.80477e-05
146.058,0.00636515,-0.0227189,3.80446e-05
146.058,0.00636209,-0.0227151,3.80415e-05
146.058,0.00635902,-0.0227114,3.80385e-05
146.058,0.00635596,-0.0227077,3.80354e-05
146.058,0.00635289,-0.022704,3.80323e-05
146.059,0.00634983,-0.0227003,3.80292e-05
146.059,0.00634677,-0.0226966,3.80262e-05
146.059,0.00634371,-0.0226929,3.80231e-05
146.059,0.00634065,-0.0226892,3.802e-05
146.059,0.00633759,-0.0226854,3.80169e-05
146.059,0.00633454,-0.0226817,3.80139e-05
146.059,0.00633148,-0.022678,3.80108e-05
146.06,0.00632842,-0.0226743,3.80077e-05
146.06,0.00632537,-0.0226706,3.80046e-05
146.06,0.00632232,-0.0226669,3.80016e-05
146.06,0.00631926,-0.0226631,3.79985e-05
146.06,0.00631621,-0.0226594,3.79954e-05
146.06,0.00631316,-0.0226557,3.79923e-05
146.06,0.00631011,-0.022652,3.79893e-05
146.06,0.00630707,-0.0226482,3.79862e-05
146.061,0.00630402,-0.0226445,3.79831e-05
146.061,0.00630097,-0.0226408,3.798e-05
146.061,0.00629793,-0.0226371,3.7977e-05
146.061,0.00629488,-0.0226333,3.79739e-05
146.061,0.00629184,-0.0226296,3.79708e-05
146.061,0.0062888,-0.0226259,3.79677e-05
146.061,0.00628576,-0.0226221,3.79647e-05
146.062,0.00628272,-0.0226184,3.79616e-05
146.062,0.00627968,-0.0226147,3.79585e-05
146.062,0.00627664,-0.0226109,3.79554e-05
146.062,0.0062736,-0.0226072,3.79524e-05
146.062,0.00627057,-0.0226035,3.79493e-05
146.062,0.00626753,-0.0225997,3.79462e-05
146.062,0.0062645,-0.022596,3.79431e-05
146.062,0.00626147,-0.0225922,3.79401e-05
146.063,0.00625843,-0.0225885,3.7937e-05
146.063,0.0062554,-0.0225848,3.79339e-05
146.063,0.00625237,-0.022581,3.79309e-05
146.063,0.00624935,-0.0225773,3.79278e-05
146.063,0.00624632,-0.0225735,3.79247e-05
146.063,0.00624329,-0.0225698,3.79216e-05
146.063,0.00624026,-0.022566,3.79186e-05
146.064,0.00623724,-0.0225623,3.79155e-05
146.064,0.00623422,-0.0225585,3.79124e-05
146.064,0.00623119,-0.0225548,3.79093e-05
146.064,0.00622817,-0.022551,3.79063e-05
146.064,0.00622515,-0.0225473,3.79032e-05
146.064,0.00622213,-0.0225435,3.79001e-05
146.064,0.00621911,-0.0225398,3.78971e-05
146.064,0.00621609,-0.022536,3.7894e-05
146.065,0.00621308,-0.0225323,3.78909e-05
146.065,0.00621006,-0.0225285,3.78878e-05
146.065,0.00620705,-0.0225248,3.78848e-05
146.065,0.00620403,-0.022521,3.78817e-05
146.065,0.00620102,-0.0225172,3.78786e-05
146.065,0.00619801,-0.0225135,3.78756e-05
146.065,0.006195,-0.0225097,3.78725e-05
146.066,0.00619199,-0.022506,3.78694e-05
146.066,0.00618898,-0.0225022,3.78663e-05
146.066,0.00618597,-0.0224984,3.78633e-05
146.066,0.00618296,-0.0224947,3.78602e-05
146.066,0.00617996,-0.0224909,3.78571e-05
146.066,0.00617695,-0.0224871,3.78541e-05
146.066,0.00617395,-0.0224834,3.7851e-05
146.066,0.00617094,-0.0224796,3.78479e-05
146.067,0.00616794,-0.0224758,3.78448e-05
146.067,0.00616494,-0.0224721,3.78418e-05
146.067,0.00616194,-0.0224683,3.78387e-05
146.067,0.00615894,-0.0224645,3.78356e-05
146.067,0.00615594,-0.0224607,3.78326e-05
146.067,0.00615295,-0.022457,3.78295e-05
146.067,0.00614995,-0.0224532,3.78264e-05
146.068,0.00614696,-0.0224494,3.78234e-05
146.068,0.00614396,-0.0224456,3.78203e-05
146.068,0.00614097,-0.0224419,3.78172e-05
146.068,0.00613798,-0.0224381,3.78141e-05
146.068,0.00613499,-0.0224343,3.78111e-05
146.068,0.006132,-0.0224305,3.7808e-05
146.068,0.00612901,-0.0224267,3.78049e-05
146.068,0.00612602,-0.022423,3.78019e-05
146.069,0.00612303,-0.0224192,3.77988e-05
146.069,0.00612005,-0.0224154,3.77957e-05
146.069,0.00611706,-0.0224116,3.77927e-05
146.069,0.00611408,-0.0224078,3.77896e-05
146.069,0.00611109,-0.022404,3.77865e-05
146.069,0.00610811,-0.0224003,3.77835e-05
146.069,0.00610513,-0.0223965,3.77804e-05
146.07,0.00610215,-0.0223927,3.77773e-05
146.07,0.00609917,-0.0223889,3.77743e-05
146.07,0.00609619,-0.0223851,3.77712e-05
146.07,0.00609322,-0.0223813,3.77681e-05
146.07,0.00609024,-0.0223775,3.7765e-05
146.07,0.00608726,-0.0223737,3.7762e-05
146.07,0.00608429,-0.0223699,3.77589e-05
146.07,0.00608132,-0.0223661,3.77558e-05
146.071,0.00607834,-0.0223623,3.77528e-05
146.071,0.00607537,-0.0223585,3.77497e-05
146.071,0.0060724,-0.0223547,3.77466e-05
146.071,0.00606943,-0.0223509,3.77436e-05
146.071,0.00606647,-0.0223471,3.77405e-05
146.071,0.0060635,-0.0223433,3.77374e-05
146.071,0.00606053,-0.0223395,3.77344e-05
146.072,0.00605757,-0.0223357,3.77313e-05
146.072,0.0060546,-0.0223319,3.77282e-05
146.072,0.00605164,-0.0223281,3.77252e-05
146.072,0.00604868,-0.0223243,3.77221e-05
146.072,0.00604572,-0.0223205,3.7719e-05
146.072,0.00604276,-0.0223167,3.7716e-05
146.072,0.0060398,-0.0223129,3.77129e-05
146.072,0.00603684,-0.022309,3.77098e-05
146.073,0.00603388,-0.0223052,3.77068e-05
146.073,0.00603092,-0.0223014,3.77037e-05
146.073,0.00602797,-0.0222976,3.77006e-05
146.073,0.00602501,-0.0222938,3.76976e-05
146.073,0.00602206,-0.02229,3.76945e-05
146.073,0.00601911,-0.0222862,3.76915e-05
146.073,0.00601616,-0.0222823,3.76884e-05
146.074,0.00601321,-0.0222785,3.76853e-05
146.074,0.00601026,-0.0222747,3.76823e-05
146.074,0.00600731,-0.0222709,3.76792e-05
146.074,0.00600436,-0.0222671,3.76761e-05
146.074,0.00600142,-0.0222632,3.76731e-05
146.074,0.00599847,-0.0222594,3.767e-05
146.074,0.00599552,-0.0222556,3.76669e-05
146.074,0.00599258,-0.0222518,3.76639e-05
146.075,0.00598964,-0.0222479,3.76608e-05
146.075,0.0059867,-0.0222441,3.76577e-05
146.075,0.00598376,-0.0222403,3.76547e-05
146.075,0.00598082,-0.0222365,3.76516e-05
146.075,0.00597788,-0.0222326,3.76485e-05
146.075,0.00597494,-0.0222288,3.76455e-05
146.075,0.005972,-0.022225,3.76424e-05
146.076,0.00596907,-0.0222211,3.76394e-05
146.076,0.00596613,-0.0222173,3.76363e-05
146.076,0.0059632,-0.0222135,3.76332e-05
146.076,0.00596027,-0.0222096,3.76302e-05
146.076,0.00595734,-0.0222058,3.76271e-05
146.076,0.0059544,-0.022202,3.7624e-05
146.076,0.00595147,-0.0221981,3.7621e-05
146.076,0.00594855,-0.0221943,3.76179e-05
146.077,0.00594562,-0.0221904,3.76149e-05
146.077,0.00594269,-0.0221866,3.76118e-05
146.077,0.00593977,-0.0221828,3.76087e-05
146.077,0.00593684,-0.0221789,3.76057e-05
146.077,0.00593392,-0.0221751,3.76026e-05
146.077,0.00593099,-0.0221712,3.75995e-05
146.077,0.00592807,-0.0221674,3.75965e-05
146.077,0.00592515,-0.0221635,3.75934e-05
146.078,0.00592223,-0.0221597,3.75904e-05
146.078,0.00591931,-0.0221558,3.75873e-05
146.078,0.00591639,-0.022152,3.75842e-05
146.078,0.00591348,-0.0221481,3.75812e-05
146.078,0.00591056,-0.0221443,3.75781e-05
146.078,0.00590765,-0.0221404,3.7575e-05
146.078,0.00590473,-0.0221366,3.7572e-05
146.079,0.00590182,-0.0221327,3.75689e-05
146.079,0.00589891,-0.0221289,3.75659e-05
146.079,0.00589599,-0.022125,3.75628e-05
146.079,0.00589308,-0.0221212,3.75597e-05
146.079,0.00589017,-0.0221173,3.75567e-05
146.079,0.00588727,-0.0221134,3.75536e-05
146.079,0.00588436,-0.0221096,3.75506e-05
146.079,0.00588145,-0.0221057,3.75475e-05
146.08,0.00587855,-0.0221018,3.75444e-05
146.08,0.00587564,-0.022098,3.75414e-05
146.08,0.00587274,-0.0220941,3.75383e-05
146.08,0.00586984,-0.0220903,3.75353e-05
146.08,0.00586694,-0.0220864,3.75322e-05
146.08,0.00586404,-0.0220825,3.75291e-05
146.08,0.00586114,-0.0220787,3.75261e-05
146.081,0.00585824,-0.0220748,3.7523e-05
146.081,0.00585534,-0.0220709,3.752e-05
146.081,0.00585244,-0.022067,3.75169e-05
146.081,0.00584955,-0.0220632,3.75138e-05
146.081,0.00584665,-0.0220593,3.75108e-05
146.081,0.00584376,-0.0220554,3.75077e-05
146.081,0.00584087,-0.0220516,3.75047e-05
146.081,0.00583798,-0.0220477,3.75016e-05
146.082,0.00583508,-0.0220438,3.74985e-05
146.082,0.00583219,-0.0220399,3.74955e-05
146.082,0.00582931,-0.022036,3.74924e-05
146.082,0.00582642,-0.0220322,3.74894e-05
146.082,0.00582353,-0.0220283,3.74863e-05
146.082,0.00582065,-0.0220244,3.74832e-05
146.082,0.00581776,-0.0220205,3.74802e-05
146.082,0.00581488,-0.0220166,3.74771e-05
146.083,0.00581199,-0.0220128,3.74741e-05
146.083,0.00580911,-0.0220089,3.7471e-05
146.083,0.00580623,-0.022005,3.7468e-05
146.083,0.00580335,-0.0220011,3.74649e-05
146.083,0.00580047,-0.0219972,3.74618e-05
146.083,0.00579759,-0.0219933,3.74588e-05
146.083,0.00579472,-0.0219894,3.74557e-05
146.084,0.00579184,-0.0219855,3.74527e-05
146.084,0.00578897,-0.0219817,3.74496e-05
146.084,0.00578609,-0.0219778,3.74465e-05
146.084,0.00578322,-0.0219739,3.74435e-05
146.084,0.00578035,-0.02197,3.74404e-05
146.084,0.00577747,-0.0219661,3.74374e-05
146.084,0.0057746,-0.0219622,3.74343e-05
146.084,0.00577173,-0.0219583,3.74313e-05
146.085,0.00576887,-0.0219544,3.74282e-05
146.085,0.005766,-0.0219505,3.74251e-05
146.085,0.00576313,-0.0219466,3.74221e-05
146.085,0.00576027,-0.0219427,3.7419e-05
146.085,0.0057574,-0.0219388,3.7416e-05
146.085,0.00575454,-0.0219349,3.74129e-05
146.085,0.00575168,-0.021931,3.74099e-05
146.085,0.00574881,-0.0219271,3.74068e-05
146.086,0.00574595,-0.0219232,3.74038e-05
146.086,0.00574309,-0.0219193,3.74007e-05
146.086,0.00574024,-0.0219154,3.73976e-05
146.086,0.00573738,-0.0219115,3.73946e-05
146.086,0.00573452,-0.0219075,3.73915e-05
146.086,0.00573166,-0.0219036,3.73885e-05
146.086,0.00572881,-0.0218997,3.73854e-05
146.087,0.00572596,-0.0218958,3.73824e-05
146.087,0.0057231,-0.0218919,3.73793e-05
146.087,0.00572025,-0.021888,3.73763e-05
146.087,0.0057174,-0.0218841,3.73732e-05
146.087,0.00571455,-0.0218802,3.73701e-05
146.087,0.0057117,-0.0218762,3.73671e-05
146.087,0.00570885,-0.0218723,3.7364e-05
146.087,0.00570601,-0.0218684,3.7361e-05
146.088,0.00570316,-0.0218645,3.73579e-05
146.088,0.00570031,-0.0218606,3.73549e-05
146.088,0.00569747,-0.0218566,3.73518e-05
146.088,0.00569463,-0.0218527,3.73488e-05
146.088,0.00569178,-0.0218488,3.73457e-05
146.088,0.00568894,-0.0218449,3.73427e-05
146.088,0.0056861,-0.0218409,3.73396e-05
146.088,0.00568326,-0.021837,3.73366e-05
146.089,0.00568042,-0.0218331,3.73335e-05
146.089,0.00567759,-0.0218292,3.73304e-05
146.089,0.00567475,-0.0218252,3.73274e-05
146.089,0.00567191,-0.0218213,3.73243e-05
146.089,0.00566908,-0.0218174,3.73213e-05
146.089,0.00566625,-0.0218134,3.73182e-05
146.089,0.00566341,-0.0218095,3.73152e-05
146.09,0.00566058,-0.0218056,3.73121e-05
146.09,0.00565775,-0.0218016,3.73091e-05
146.09,0.00565492,-0.0217977,3.7306e-05
146.09,0.00565209,-0.0217938,3.7303e-05
146.09,0.00564926,-0.0217898,3.72999e-05
146.09,0.00564644,-0.0217859,3.72969e-05
146.09,0.00564361,-0.0217819,3.72938e-05
146.09,0.00564079,-0.021778,3.72908e-05
146.091,0.00563796,-0.0217741,3.72877e-05
146.091,0.00563514,-0.0217701,3.72847e-05
146.091,0.00563232,-0.0217662,3.72816e-05
146.091,0.0056295,-0.0217622,3.72785e-05
146.091,0.00562668,-0.0217583,3.72755e-05
146.091,0.00562386,-0.0217543,3.72724e-05
146.091,0.00562104,-0.0217504,3.72694e-05
146.091,0.00561822,-0.0217465,3.72663e-05
146.092,0.0056154,-0.0217425,3.72633e-05
146.092,0.00561259,-0.0217386,3.72602e-05
146.092,0.00560977,-0.0217346,3.72572e-05
146.092,0.00560696,-0.0217307,3.72541e-05
146.092,0.00560415,-0.0217267,3.72511e-05
146.092,0.00560134,-0.0217227,3.7248e-05
146.092,0.00559853,-0.0217188,3.7245e-05
146.093,0.00559572,-0.0217148,3.72419e-05
146.093,0.00559291,-0.0217109,3.72389e-05
146.093,0.0055901,-0.0217069,3.72358e-05
146.093,0.00558729,-0.021703,3.72328e-05
146.093,0.00558449,-0.021699,3.72297e-05
146.093,0.00558168,-0.021695,3.72267e-05
146.093,0.00557888,-0.0216911,3.72236e-05
146.093,0.00557607,-0.0216871,3.72206e-05
146.094,0.00557327,-0.0216832,3.72175e-05
146.094,0.00557047,-0.0216792,3.72145e-05
146.094,0.00556767,-0.0216752,3.72114e-05
146.094,0.00556487,-0.0216713,3.72084e-05
146.094,0.00556207,-0.0216673,3.72053e-05
146.094,0.00555928,-0.0216633,3.72023e-05
146.094,0.00555648,-0.0216594,3.71992e-05
146.094,0.00555368,-0.0216554,3.71962e-05
146.095,0.00555089,-0.0216514,3.71931e-05
146.095,0.0055481,-0.0216475,3.71901e-05
146.095,0.0055453,-0.0216435,3.7187e-05
146.095,0.00554251,-0.0216395,3.7184e-05
146.095,0.00553972,-0.0216355,3.71809e-05
146.095,0.00553693,-0.0216316,3.71779e-05
146.095,0.00553414,-0.0216276,3.71748e-05
146.095,0.00553136,-0.0216236,3.71718e-05
146.096,0.00552857,-0.0216196,3.71688e-05
146.096,0.00552578,-0.0216157,3.71657e-05
146.096,0.005523,-0.0216117,3.71627e-05
146.096,0.00552021,-0.0216077,3.71596e-05
146.096,0.00551743,-0.0216037,3.71566e-05
146.096,0.00551465,-0.0215997,3.71535e-05
146.096,0.00551187,-0.0215957,3.71505e-05
146.097,0.00550909,-0.0215918,3.71474e-05
146.097,0.00550631,-0.0215878,3.71444e-05
146.097,0.00550353,-0.0215838,3.71413e-05
146.097,0.00550075,-0.0215798,3.71383e-05
146.097,0.00549798,-0.0215758,3.71352e-05
146.097,0.0054952,-0.0215718,3.71322e-05
146.097,0.00549243,-0.0215678,3.71291e-05
146.097,0.00548965,-0.0215638,3.71261e-05
146.098,0.00548688,-0.0215599,3.7123e-05
146.098,0.00548411,-0.0215559,3.712e-05
146.098,0.00548134,-0.0215519,3.7117e-05
146.098,0.00547857,-0.0215479,3.71139e-05
146.098,0.0054758,-0.0215439,3.71109e-05
146.098,0.00547303,-0.0215399,3.71078e-05
146.098,0.00547026,-0.0215359,3.71048e-05
146.098,0.0054675,-0.0215319,3.71017e-05
146.099,0.00546473,-0.0215279,3.70987e-05
146.099,0.00546197,-0.0215239,3.70956e-05
146.099,0.00545921,-0.0215199,3.70926e-05
146.099,0.00545644,-0.0215159,3.70895e-05
146.099,0.00545368,-0.0215119,3.70865e-05
146.099,0.00545092,-0.0215079,3.70834e-05
146.099,0.00544816,-0.0215039,3.70804e-05
146.099,0.00544541,-0.0214999,3.70774e-05
146.1,0.00544265,-0.0214959,3.70743e-05
146.1,0.00543989,-0.0214919,3.70713e-05
146.1,0.00543714,-0.0214878,3.70682e-05
146.1,0.00543438,-0.0214838,3.70652e-05
146.1,0.00543163,-0.0214798,3.70621e-05
146.1,0.00542887,-0.0214758,3.70591e-05
146.1,0.00542612,-0.0214718,3.7056e-05
146.1,0.00542337,-0.0214678,3.7053e-05
146.101,0.00542062,-0.0214638,3.705e-05
146.101,0.00541787,-0.0214598,3.70469e-05
146.101,0.00541513,-0.0214557,3.70439e-05
146.101,0.00541238,-0.0214517,3.70408e-05
146.101,0.00540963,-0.0214477,3.70378e-05
146.101,0.00540689,-0.0214437,3.70347e-05
146.101,0.00540414,-0.0214397,3.70317e-05
146.102,0.0054014,-0.0214357,3.70287e-05
146.102,0.00539866,-0.0214316,3.70256e-05
146.102,0.00539592,-0.0214276,3.70226e-05
146.102,0.00539317,-0.0214236,3.70195e-05
146.102,0.00539044,-0.0214196,3.70165e-05
146.102,0.0053877,-0.0214155,3.70134e-05
146.102,0.00538496,-0.0214115,3.70104e-05
146.102,0.00538222,-0.0214075,3.70074e-05
146.103,0.00537949,-0.0214035,3.70043e-05
146.103,0.00537675,-0.0213994,3.70013e-05
146.103,0.00537402,-0.0213954,3.69982e-05
146.103,0.00537129,-0.0213914,3.69952e-05
146.103,0.00536855,-0.0213873,3.69921e-05
146.103,0.00536582,-0.0213833,3.69891e-05
146.103,0.00536309,-0.0213793,3.69861e-05
146.103,0.00536036,-0.0213752,3.6983e-05
146.104,0.00535763,-0.0213712,3.698e-05
146.104,0.00535491,-0.0213672,3.69769e-05
146.104,0.00535218,-0.0213631,3.69739e-05
146.104,0.00534946,-0.0213591,3.69708e-05
146.104,0.00534673,-0.021355,3.69678e-05
146.104,0.00534401,-0.021351,3.69648e-05
146.104,0.00534128,-0.021347,3.69617e-05
146.104,0.00533856,-0.0213429,3.69587e-05
146.105,0.00533584,-0.0213389,3.69556e-05
146.105,0.00533312,-0.0213348,3.69526e-05
146.105,0.0053304,-0.0213308,3.69496e-05
146.105,0.00532769,-0.0213267,3.69465e-05
146.105,0.00532497,-0.0213227,3.69435e-05
146.105,0.00532225,-0.0213187,3.69404e-05
146.105,0.00531954,-0.0213146,3.69374e-05
146.105,0.00531682,-0.0213106,3.69344e-05
146.106,0.00531411,-0.0213065,3.69313e-05
146.106,0.0053114,-0.0213025,3.69283e-05
146.106,0.00530869,-0.0212984,3.69252e-05
146.106,0.00530598,-0.0212944,3.69222e-05
146.106,0.00530327,-0.0212903,3.69192e-05
146.106,0.00530056,-0.0212862,3.69161e-05
146.106,0.00529785,-0.0212822,3.69131e-05
146.106,0.00529514,-0.0212781,3.691e-05
146.107,0.00529244,-0.0212741,3.6907e-05
146.107,0.00528973,-0.02127,3.6904e-05
146.107,0.00528703,-0.021266,3.69009e-05
146.107,0.00528433,-0.0212619,3.68979e-05
146.107,0.00528162,-0.0212578,3.68948e-05
146.107,0.00527892,-0.0212538,3.68918e-05
146.107,0.00527622,-0.0212497,3.68888e-05
146.108,0.00527352,-0.0212456,3.68857e-05
146.108,0.00527083,-0.0212416,3.68827e-05
146.108,0.00526813,-0.0212375,3.68797e-05
146.108,0.00526543,-0.0212334,3.68766e-05
146.108,0.00526274,-0.0212294,3.68736e-05
146.108,0.00526004,-0.0212253,3.68705e-05
146.108,0.00525735,-0.0212212,3.68675e-05
146.108,0.00525466,-0.0212172,3.68645e-05
146.109,0.00525196,-0.0212131,3.68614e-05
146.109,0.00524927,-0.021209,3.68584e-05
146.109,0.00524658,-0.021205,3.68554e-05
146.109,0.00524389,-0.0212009,3.68523e-05
146.109,0.00524121,-0.0211968,3.68493e-05
146.109,0.00523852,-0.0211927,3.68462e-05
146.109,0.00523583,-0.0211887,3.68432e-05
146.109,0.00523315,-0.0211846,3.68402e-05
146.11,0.00523046,-0.0211805,3.68371e-05
146.11,0.00522778,-0.0211764,3.68341e-05
146.11,0.0052251,-0.0211723,3.68311e-05
146.11,0.00522242,-0.0211683,3.6828e-05
146.11,0.00521973,-0.0211642,3.6825e-05
146.11,0.00521706,-0.0211601,3.68219e-05
146.11,0.00521438,-0.021156,3.68189e-05
146.11,0.0052117,-0.0211519,3.68159e-05
146.111,0.00520902,-0.0211478,3.68128e-05
146.111,0.00520635,-0.0211437,3.68098e-05
146.111,0.00520367,-0.0211397,3.68068e-05
146.111,0.005201,-0.0211356,3.68037e-05
146.111,0.00519832,-0.0211315,3.68007e-05
146.111,0.00519565,-0.0211274,3.67977e-05
146.111,0.00519298,-0.0211233,3.67946e-05
146.111,0.00519031,-0.0211192,3.67916e-05
146.112,0.00518764,-0.0211151,3.67886e-05
146.112,0.00518497,-0.021111,3.67855e-05
146.112,0.0051823,-0.0211069,3.67825e-05
146.112,0.00517964,-0.0211028,3.67795e-05
146.112,0.00517697,-0.0210987,3.67764e-05
146.112,0.00517431,-0.0210946,3.67734e-05
146.112,0.00517164,-0.0210905,3.67703e-05
146.112,0.00516898,-0.0210864,3.67673e-05
146.113,0.00516632,-0.0210823,3.67643e-05
146.113,0.00516366,-0.0210782,3.67612e-05
146.113,0.005161,-0.0210741,3.67582e-05
146.113,0.00515834,-0.02107,3.67552e-05
146.113,0.00515568,-0.0210659,3.67521e-05
146.113,0.00515302,-0.0210618,3.67491e-05
146.113,0.00515036,-0.0210577,3.67461e-05
146.113,0.00514771,-0.0210536,3.6743e-05
146.114,0.00514505,-0.0210495,3.674e-05
146.114,0.0051424,-0.0210454,3.6737e-05
146.114,0.00513975,-0.0210413,3.67339e-05
146.114,0.0051371,-0.0210372,3.67309e-05
146.114,0.00513445,-0.0210331,3.67279e-05
146.114,0.0051318,-0.0210289,3.67248e-05
146.114,0.00512915,-0.0210248,3.67218e-05
146.114,0.0051265,-0.0210207,3.67188e-05
146.115,0.00512385,-0.0210166,3.67157e-05
146.115,0.0051212,-0.0210125,3.67127e-05
146.115,0.00511856,-0.0210084,3.67097e-05
146.115,0.00511591,-0.0210042,3.67066e-05
146.115,0.00511327,-0.0210001,3.67036e-05
146.115,0.00511063,-0.020996,3.67006e-05
146.115,0.00510799,-0.0209919,3.66976e-05
146.115,0.00510535,-0.0209878,3.66945e-05
146.116,0.00510271,-0.0209836,3.66915e-05
146.116,0.00510007,-0.0209795,3.66885e-05
146.116,0.00509743,-0.0209754,3.66854e-05
146.116,0.00509479,-0.0209713,3.66824e-05
146.116,0.00509216,-0.0209671,3.66794e-05
146.116,0.00508952,-0.020963,3.66763e-05
146.116,0.00508689,-0.0209589,3.66733e-05
146.116,0.00508425,-0.0209548,3.66703e-05
146.117,0.00508162,-0.0209506,3.66672e-05
146.117,0.00507899,-0.0209465,3.66642e-05
146.117,0.00507636,-0.0209424,3.66612e-05
146.117,0.00507373,-0.0209382,3.66581e-05
146.117,0.0050711,-0.0209341,3.66551e-05
146.117,0.00506847,-0.02093,3.66521e-05
146.117,0.00506584,-0.0209258,3.66491e-05
146.117,0.00506322,-0.0209217,3.6646e-05
146.118,0.00506059,-0.0209176,3.6643e-05
146.118,0.00505797,-0.0209134,3.664e-05
146.118,0.00505534,-0.0209093,3.66369e-05
146.118,0.00505272,-0.0209051,3.66339e-05
146.118,0.0050501,-0.020901,3.66309e-05
146.118,0.00504748,-0.0208969,3.66278e-05
146.118,0.00504486,-0.0208927,3.66248e-05
146.118,0.00504224,-0.0208886,3.66218e-05
146.119,0.00503962,-0.0208844,3.66188e-05
146.119,0.00503701,-0.0208803,3.66157e-05
146.119,0.00503439,-0.0208761,3.66127e-05
146.119,0.00503178,-0.020872,3.66097e-05
146.119,0.00502916,-0.0208678,3.66066e-05
146.119,0.00502655,-0.0208637,3.66036e-05
146.119,0.00502394,-0.0208595,3.66006e-05
146.119,0.00502132,-0.0208554,3.65976e-05
146.12,0.00501871,-0.0208512,3.65945e-05
146.12,0.0050161,-0.0208471,3.65915e-05
146.12,0.0050135,-0.0208429,3.65885e-05
146.12,0.00501089,-0.0208388,3.65854e-05
146.12,0.00500828,-0.0208346,3.65824e-05
146.12,0.00500568,-0.0208305,3.65794e-05
146.12,0.00500307,-0.0208263,3.65764e-05
146.12,0.00500047,-0.0208221,3.65733e-05
146.121,0.00499786,-0.020818,3.65703e-05
146.121,0.00499526,-0.0208138,3.65673e-05
146.121,0.00499266,-0.0208097,3.65642e-05
146.121,0.00499006,-0.0208055,3.65612e-05
146.121,0.00498746,-0.0208013,3.65582e-05
146.121,0.00498486,-0.0207972,3.65552e-05
146.121,0.00498226,-0.020793,3.65521e-05
146.121,0.00497967,-0.0207888,3.65491e-05
146.122,0.00497707,-0.0207847,3.65461e-05
146.122,0.00497447,-0.0207805,3.65431e-05
146.122,0.00497188,-0.0207763,3.654e-05
146.122,0.00496929,-0.0207722,3.6537e-05
146.122,0.0049667,-0.020768,3.6534e-05
146.122,0.0049641,-0.0207638,3.6531e-05
146.122,0.00496151,-0.0207597,3.65279e-05
146.122,0.00495892,-0.0207555,3.65249e-05
146.123,0.00495634,-0.0207513,3.65219e-05
146.123,0.00495375,-0.0207471,3.65189e-05
146.123,0.00495116,-0.020743,3.65158e-05
146.123,0.00494858,-0.0207388,3.65128e-05
146.123,0.00494599,-0.0207346,3.65098e-05
146.123,0.00494341,-0.0207304,3.65068e-05
146.123,0.00494082,-0.0207263,3.65037e-05
146.123,0.00493824,-0.0207221,3.65007e-05
146.124,0.00493566,-0.0207179,3.64977e-05
146.124,0.00493308,-0.0207137,3.64947e-05
146.124,0.0049305,-0.0207095,3.64916e-05
146.124,0.00492792,-0.0207053,3.64886e-05
146.124,0.00492534,-0.0207012,3.64856e-05
146.124,0.00492277,-0.020697,3.64826e-05
146.124,0.00492019,-0.0206928,3.64795e-05
146.124,0.00491762,-0.0206886,3.64765e-05
146.125,0.00491504,-0.0206844,3.64735e-05
146.125,0.00491247,-0.0206802,3.64705e-05
146.125,0.0049099,-0.020676,3.64674e-05
146.125,0.00490732,-0.0206718,3.64644e-05
146.125,0.00490475,-0.0206677,3.64614e-05
146.125,0.00490218,-0.0206635,3.64584e-05
146.125,0.00489962,-0.0206593,3.64553e-05
146.125,0.00489705,-0.0206551,3.64523e-05
146.126,0.00489448,-0.0206509,3.64493e-05
146.126,0.00489192,-0.0206467,3.64463e-05
146.126,0.00488935,-0.0206425,3.64432e-05
146.126,0.00488679,-0.0206383,3.64402e-05
146.126,0.00488422,-0.0206341,3.64372e-05
146.126,0.00488166,-0.0206299,3.64342e-05
146.126,0.0048791,-0.0206257,3.64312e-05
146.126,0.00487654,-0.0206215,3.64281e-05
146.127,0.00487398,-0.0206173,3.64251e-05
146.127,0.00487142,-0.0206131,3.64221e-05
146.127,0.00486886,-0.0206089,3.64191e-05
146.127,0.00486631,-0.0206047,3.6416e-05
146.127,0.00486375,-0.0206005,3.6413e-05
146.127,0.00486119,-0.0205963,3.641e-05
146.127,0.00485864,-0.0205921,3.6407e-05
146.127,0.00485609,-0.0205878,3.6404e-05
146.128,0.00485354,-0.0205836,3.64009e-05
146.128,0.00485098,-0.0205794,3.63979e-05
146.128,0.00484843,-0.0205752,3.63949e-05
146.128,0.00484588,-0.020571,3.63919e-05
146.128,0.00484333,-0.0205668,3.63889e-05
146.128,0.00484079,-0.0205626,3.63858e-05
146.128,0.00483824,-0.0205584,3.63828e-05
146.128,0.00483569,-0.0205541,3.63798e-05
146.129,0.00483315,-0.0205499,3.63768e-05
146.129,0.0048306,-0.0205457,3.63737e-05
146.129,0.00482806,-0.0205415,3.63707e-05
146.129,0.00482552,-0.0205373,3.63677e-05
146.129,0.00482298,-0.0205331,3.63647e-05
146.129,0.00482044,-0.0205288,3.63617e-05
146.129,0.0048179,-0.0205246,3.63586e-05
146.129,0.00481536,-0.0205204,3.63556e-05
146.13,0.00481282,-0.0205162,3.63526e-05
146.13,0.00481028,-0.0205119,3.63496e-05
146.13,0.00480775,-0.0205077,3.63466e-05
146.13,0.00480521,-0.0205035,3.63435e-05
146.13,0.00480268,-0.0204993,3.63405e-05
146.13,0.00480014,-0.020495,3.63375e-05
146.13,0.00479761,-0.0204908,3.63345e-05
146.13,0.00479508,-0.0204866,3.63315e-05
146.131,0.00479255,-0.0204823,3.63285e-05
146.131,0.00479002,-0.0204781,3.63254e-05
146.131,0.00478749,-0.0204739,3.63224e-05
146.131,0.00478496,-0.0204696,3.63194e-05
146.131,0.00478244,-0.0204654,3.63164e-05
146.131,0.00477991,-0.0204612,3.63134e-05
146.131,0.00477738,-0.0204569,3.63103e-05
146.131,0.00477486,-0.0204527,3.63073e-05
146.132,0.00477234,-0.0204485,3.63043e-05
146.132,0.00476981,-0.0204442,3.63013e-05
146.132,0.00476729,-0.02044,3.62983e-05
146.132,0.00476477,-0.0204357,3.62953e-05
146.132,0.00476225,-0.0204315,3.62922e-05
146.132,0.00475973,-0.0204273,3.62892e-05
146.132,0.00475721,-0.020423,3.62862e-05
146.132,0.0047547,-0.0204188,3.62832e-05
146.133,0.00475218,-0.0204145,3.62802e-05
146.133,0.00474966,-0.0204103,3.62771e-05
146.133,0.00474715,-0.020406,3.62741e-05
146.133,0.00474464,-0.0204018,3.62711e-05
146.133,0.00474212,-0.0203975,3.62681e-05
146.133,0.00473961,-0.0203933,3.62651e-05
146.133,0.0047371,-0.020389,3.62621e-05
146.133,0.00473459,-0.0203848,3.6259e-05
146.134,0.00473208,-0.0203805,3.6256e-05
146.134,0.00472957,-0.0203763,3.6253e-05
146.134,0.00472707,-0.020372,3.625e-05
146.134,0.00472456,-0.0203678,3.6247e-05
146.134,0.00472205,-0.0203635,3.6244e-05
146.134,0.00471955,-0.0203592,3.6241e-05
146.134,0.00471704,-0.020355,3.62379e-05
146.134,0.00471454,-0.0203507,3.62349e-05
146.135,0.00471204,-0.0203465,3.62319e-05
146.135,0.00470954,-0.0203422,3.62289e-05
146.135,0.00470704,-0.020338,3.62259e-05
146.135,0.00470454,-0.0203337,3.62229e-05
146.135,0.00470204,-0.0203294,3.62198e-05
146.135,0.00469954,-0.0203252,3.62168e-05
146.135,0.00469705,-0.0203209,3.62138e-05
146.135,0.00469455,-0.0203166,3.62108e-05
146.135,0.00469205,-0.0203124,3.62078e-05
146.136,0.00468956,-0.0203081,3.62048e-05
146.136,0.00468707,-0.0203038,3.62018e-05
146.136,0.00468458,-0.0202996,3.61987e-05
146.136,0.00468208,-0.0202953,3.61957e-05
146.136,0.00467959,-0.020291,3.61927e-05
146.136,0.0046771,-0.0202867,3.61897e-05
146.136,0.00467462,-0.0202825,3.61867e-05
146.136,0.00467213,-0.0202782,3.61837e-05
146.137,0.00466964,-0.0202739,3.61807e-05
146.137,0.00466715,-0.0202697,3.61776e-05
146.137,0.00466467,-0.0202654,3.61746e-05
146.137,0.00466219,-0.0202611,3.61716e-05
146.137,0.0046597,-0.0202568,3.61686e-05
146.137,0.00465722,-0.0202525,3.61656e-05
146.137,0.00465474,-0.0202483,3.61626e-05
146.137,0.00465226,-0.020244,3.61596e-05
146.138,0.00464978,-0.0202397,3.61566e-05
146.138,0.0046473,-0.0202354,3.61535e-05
146.138,0.00464482,-0.0202311,3.61505e-05
146.138,0.00464234,-0.0202268,3.61475e-05
146.138,0.00463987,-0.0202226,3.61445e-05
146.138,0.00463739,-0.0202183,3.61415e-05
146.138,0.00463492,-0.020214,3.61385e-05
146.138,0.00463244,-0.0202097,3.61355e-05
146.139,0.00462997,-0.0202054,3.61325e-05
146.139,0.0046275,-0.0202011,3.61294e-05
146.139,0.00462503,-0.0201968,3.61264e-05
146.139,0.00462256,-0.0201925,3.61234e-05
146.139,0.00462009,-0.0201883,3.61204e-05
146.139,0.00461762,-0.020184,3.61174e-05
146.139,0.00461515,-0.0201797,3.61144e-05
146.139,0.00461269,-0.0201754,3.61114e-05
146.14,0.00461022,-0.0201711,3.61084e-05
146.14,0.00460776,-0.0201668,3.61054e-05
146.14,0.00460529,-0.0201625,3.61023e-05
146.14,0.00460283,-0.0201582,3.60993e-05
146.14,0.00460037,-0.0201539,3.60963e-05
146.14,0.00459791,-0.0201496,3.60933e-05
146.14,0.00459545,-0.0201453,3.60903e-05
146.14,0.00459299,-0.020141,3.60873e-05
146.141,0.00459053,-0.0201367,3.60843e-05
146.141,0.00458807,-0.0201324,3.60813e-05
146.141,0.00458561,-0.0201281,3.60783e-05
146.141,0.00458316,-0.0201238,3.60753e-05
146.141,0.0045807,-0.0201195,3.60722e-05
146.141,0.00457825,-0.0201152,3.60692e-05
146.141,0.0045758,-0.0201108,3.60662e-05
146.141,0.00457334,-0.0201065,3.60632e-05
146.141,0.00457089,-0.0201022,3.60602e-05
146.142,0.00456844,-0.0200979,3.60572e-05
146.142,0.00456599,-0.0200936,3.60542e-05
146.142,0.00456354,-0.0200893,3.60512e-05
146.142,0.00456109,-0.020085,3.60482e-05
146.142,0.00455865,-0.0200807,3.60452e-05
146.142,0.0045562,-0.0200763,3.60422e-05
146.142,0.00455376,-0.020072,3.60391e-05
146.142,0.00455131,-0.0200677,3.60361e-05
146.143,0.00454887,-0.0200634,3.60331e-05
146.143,0.00454643,-0.0200591,3.60301e-05
146.143,0.00454398,-0.0200548,3.60271e-05
146.143,0.00454154,-0.0200504,3.60241e-05
146.143,0.0045391,-0.0200461,3.60211e-05
146.143,0.00453666,-0.0200418,3.60181e-05
146.143,0.00453423,-0.0200375,3.60151e-05
146.143,0.00453179,-0.0200332,3.60121e-05
146.144,0.00452935,-0.0200288,3.60091e-05
146.144,0.00452692,-0.0200245,3.60061e-05
146.144,0.00452448,-0.0200202,3.60031e-05
146.144,0.00452205,-0.0200158,3.60001e-05
146.144,0.00451961,-0.0200115,3.5997e-05
146.144,0.00451718,-0.0200072,3.5994e-05
146.144,0.00451475,-0.0200029,3.5991e-05
146.144,0.00451232,-0.0199985,3.5988e-05
146.145,0.00450989,-0.0199942,3.5985e-05
146.145,0.00450746,-0.0199899,3.5982e-05
146.145,0.00450504,-0.0199855,3.5979e-05
146.145,0.00450261,-0.0199812,3.5976e-05
146.145,0.00450018,-0.0199769,3.5973e-05
146.145,0.00449776,-0.0199725,3.597e-05
146.145,0.00449533,-0.0199682,3.5967e-05
146.145,0.00449291,-0.0199639,3.5964e-05
146.145,0.00449049,-0.0199595,3.5961e-05
146.146,0.00448807,-0.0199552,3.5958e-05
146.146,0.00448564,-0.0199508,3.5955e-05
146.146,0.00448323,-0.0199465,3.5952e-05
146.146,0.00448081,-0.0199422,3.5949e-05
146.146,0.00447839,-0.0199378,3.59459e-05
146.146,0.00447597,-0.0199335,3.59429e-05
146.146,0.00447355,-0.0199291,3.59399e-05
146.146,0.00447114,-0.0199248,3.59369e-05
146.147,0.00446872,-0.0199204,3.59339e-05
146.147,0.00446631,-0.0199161,3.59309e-05
146.147,0.0044639,-0.0199117,3.59279e-05
146.147,0.00446149,-0.0199074,3.59249e-05
146.147,0.00445908,-0.019903,3.59219e-05
146.147,0.00445667,-0.0198987,3.59189e-05
146.147,0.00445426,-0.0198943,3.59159e-05
146.147,0.00445185,-0.01989,3.59129e-05
146.148,0.00444944,-0.0198856,3.59099e-05
146.148,0.00444703,-0.0198813,3.59069e-05
146.148,0.00444463,-0.0198769,3.59039e-05
146.148,0.00444222,-0.0198726,3.59009e-05
146.148,0.00443982,-0.0198682,3.58979e-05
146.148,0.00443742,-0.0198639,3.58949e-05
146.148,0.00443501,-0.0198595,3.58919e-05
146.148,0.00443261,-0.0198551,3.58889e-05
146.149,0.00443021,-0.0198508,3.58859e-05
146.149,0.00442781,-0.0198464,3.58829e-05
146.149,0.00442541,-0.0198421,3.58799e-05
146.149,0.00442301,-0.0198377,3.58769e-05
146.149,0.00442062,-0.0198333,3.58739e-05
146.149,0.00441822,-0.019829,3.58709e-05
146.149,0.00441583,-0.0198246,3.58679e-05
146.149,0.00441343,-0.0198202,3.58649e-05
146.149,0.00441104,-0.0198159,3.58619e-05
146.15,0.00440864,-0.0198115,3.58589e-05
146.15,0.00440625,-0.0198071,3.58559e-05
146.15,0.00440386,-0.0198028,3.58529e-05
146.15,0.00440147,-0.0197984,3.58498e-05
146.15,0.00439908,-0.019794,3.58468e-05
146.15,0.00439669,-0.0197896,3.58438e-05
146.15,0.00439431,-0.0197853,3.58408e-05
146.15,0.00439192,-0.0197809,3.58378e-05
146.151,0.00438953,-0.0197765,3.58348e-05
146.151,0.00438715,-0.0197721,3.58318e-05
146.151,0.00438477,-0.0197678,3.58288e-05
146.151,0.00438238,-0.0197634,3.58258e-05
146.151,0.00438,-0.019759,3.58228e-05
146.151,0.00437762,-0.0197546,3.58198e-05
146.151,0.00437524,-0.0197503,3.58168e-05
146.151,0.00437286,-0.0197459,3.58138e-05
146.152,0.00437048,-0.0197415,3.58108e-05
146.152,0.0043681,-0.0197371,3.58078e-05
146.152,0.00436572,-0.0197327,3.58048e-05
146.152,0.00436335,-0.0197283,3.58018e-05
146.152,0.00436097,-0.019724,3.57988e-05
146.152,0.0043586,-0.0197196,3.57958e-05
146.152,0.00435622,-0.0197152,3.57928e-05
146.152,0.00435385,-0.0197108,3.57898e-05
146.153,0.00435148,-0.0197064,3.57868e-05
146.153,0.00434911,-0.019702,3.57838e-05
146.153,0.00434674,-0.0196976,3.57809e-05
146.153,0.00434437,-0.0196932,3.57779e-05
146.153,0.004342,-0.0196889,3.57749e-05
146.153,0.00433963,-0.0196845,3.57719e-05
146.153,0.00433727,-0.0196801,3.57689e-05
146.153,0.0043349,-0.0196757,3.57659e-05
146.153,0.00433254,-0.0196713,3.57629e-05
146.154,0.00433017,-0.0196669,3.57599e-05
146.154,0.00432781,-0.0196625,3.57569e-05
146.154,0.00432545,-0.0196581,3.57539e-05
146.154,0.00432308,-0.0196537,3.57509e-05
146.154,0.00432072,-0.0196493,3.57479e-05
146.154,0.00431836,-0.0196449,3.57449e-05
146.154,0.00431601,-0.0196405,3.57419e-05
146.154,0.00431365,-0.0196361,3.57389e-05
146.155,0.00431129,-0.0196317,3.57359e-05
146.155,0.00430893,-0.0196273,3.57329e-05
146.155,0.00430658,-0.0196229,3.57299e-05
146.155,0.00430422,-0.0196185,3.57269e-05
146.155,0.00430187,-0.0196141,3.57239e-05
146.155,0.00429952,-0.0196097,3.57209e-05
146.155,0.00429717,-0.0196052,3.57179e-05
146.155,0.00429481,-0.0196008,3.57149e-05
146.156,0.00429246,-0.0195964,3.57119e-05
146.156,0.00429011,-0.019592,3.57089e-05
146.156,0.00428777,-0.0195876,3.57059e-05
146.156,0.00428542,-0.0195832,3.57029e-05
146.156,0.00428307,-0.0195788,3.56999e-05
146.156,0.00428073,-0.0195744,3.56969e-05
146.156,0.00427838,-0.01957,3.56939e-05
146.156,0.00427604,-0.0195655,3.56909e-05
146.156,0.00427369,-0.0195611,3.56879e-05
146.157,0.00427135,-0.0195567,3.5685e-05
146.157,0.00426901,-0.0195523,3.5682e-05
146.157,0.00426667,-0.0195479,3.5679e-05
146.157,0.00426433,-0.0195435,3.5676e-05
146.157,0.00426199,-0.019539,3.5673e-05
146.157,0.00425965,-0.0195346,3.567e-05
146.157,0.00425731,-0.0195302,3.5667e-05
146.157,0.00425498,-0.0195258,3.5664e-05
146.158,0.00425264,-0.0195213,3.5661e-05
146.158,0.00425031,-0.0195169,3.5658e-05
146.158,0.00424797,-0.0195125,3.5655e-05
146.158,0.00424564,-0.0195081,3.5652e-05
146.158,0.00424331,-0.0195036,3.5649e-05
146.158,0.00424098,-0.0194992,3.5646e-05
146.158,0.00423864,-0.0194948,3.5643e-05
146.158,0.00423632,-0.0194903,3.564e-05
146.159,0.00423399,-0.0194859,3.5637e-05
146.159,0.00423166,-0.0194815,3.56341e-05
146.159,0.00422933,-0.0194771,3.56311e-05
146.159,0.00422701,-0.0194726,3.56281e-05
146.159,0.00422468,-0.0194682,3.56251e-05
146.159,0.00422236,-0.0194638,3.56221e-05
146.159,0.00422003,-0.0194593,3.56191e-05
146.159,0.00421771,-0.0194549,3.56161e-05
146.159,0.00421539,-0.0194504,3.56131e-05
146.16,0.00421307,-0.019446,3.56101e-05
146.16,0.00421075,-0.0194416,3.56071e-05
146.16,0.00420843,-0.0194371,3.56041e-05
146.16,0.00420611,-0.0194327,3.56011e-05
146.16,0.00420379,-0.0194282,3.55981e-05
146.16,0.00420147,-0.0194238,3.55952e-05
146.16,0.00419916,-0.0194194,3.55922e-05
146.16,0.00419684,-0.0194149,3.55892e-05
146.161,0.00419453,-0.0194105,3.55862e-05
146.161,0.00419221,-0.019406,3.55832e-05
146.161,0.0041899,-0.0194016,3.55802e-05
146.161,0.00418759,-0.0193971,3.55772e-05
146.161,0.00418528,-0.0193927,3.55742e-05
146.161,0.00418297,-0.0193882,3.55712e-05
146.161,0.00418066,-0.0193838,3.55682e-05
146.161,0.00417835,-0.0193793,3.55652e-05
146.161,0.00417604,-0.0193749,3.55623e-05
146.162,0.00417374,-0.0193704,3.55593e-05
146.162,0.00417143,-0.019366,3.55563e-05
146.162,0.00416913,-0.0193615,3.55533e-05
146.162,0.00416682,-0.0193571,3.55503e-05
146.162,0.00416452,-0.0193526,3.55473e-05
146.162,0.00416222,-0.0193482,3.55443e-05
146.162,0.00415992,-0.0193437,3.55413e-05
146.162,0.00415762,-0.0193392,3.55383e-05
146.163,0.00415532,-0.0193348,3.55353e-05
146.163,0.00415302,-0.0193303,3.55324e-05
146.163,0.00415072,-0.0193259,3.55294e-05
146.163,0.00414842,-0.0193214,3.55264e-05
146.163,0.00414613,-0.0193169,3.55234e-05
146.163,0.00414383,-0.0193125,3.55204e-05
146.163,0.00414154,-0.019308,3.55174e-05
146.163,0.00413924,-0.0193035,3.55144e-05
146.164,0.00413695,-0.0192991,3.55114e-05
146.164,0.00413466,-0.0192946,3.55085e-05
146.164,0.00413237,-0.0192901,3.55055e-05
146.164,0.00413008,-0.0192857,3.55025e-05
146.164,0.00412779,-0.0192812,3.54995e-05
146.164,0.0041255,-0.0192767,3.54965e-05
146.164,0.00412321,-0.0192723,3.54935e-05
146.164,0.00412092,-0.0192678,3.54905e-05
146.164,0.00411864,-0.0192633,3.54875e-05
146.165,0.00411635,-0.0192589,3.54846e-05
146.165,0.00411407,-0.0192544,3.54816e-05
146.165,0.00411178,-0.0192499,3.54786e-05
146.165,0.0041095,-0.0192454,3.54756e-05
146.165,0.00410722,-0.019241,3.54726e-05
146.165,0.00410494,-0.0192365,3.54696e-05
146.165,0.00410266,-0.019232,3.54666e-05
146.165,0.00410038,-0.0192275,3.54636e-05
146.166,0.0040981,-0.019223,3.54607e-05
146.166,0.00409582,-0.0192186,3.54577e-05
146.166,0.00409355,-0.0192141,3.54547e-05
146.166,0.00409127,-0.0192096,3.54517e-05
146.166,0.00408899,-0.0192051,3.54487e-05
146.166,0.00408672,-0.0192006,3.54457e-05
146.166,0.00408445,-0.0191961,3.54427e-05
146.166,0.00408217,-0.0191917,3.54398e-05
146.166,0.0040799,-0.0191872,3.54368e-05
146.167,0.00407763,-0.0191827,3.54338e-05
146.167,0.00407536,-0.0191782,3.54308e-05
146.167,0.00407309,-0.0191737,3.54278e-05
146.167,0.00407082,-0.0191692,3.54248e-05
146.167,0.00406856,-0.0191647,3.54218e-05
146.167,0.00406629,-0.0191602,3.54189e-05
146.167,0.00406402,-0.0191557,3.54159e-05
146.167,0.00406176,-0.0191513,3.54129e-05
146.168,0.0040595,-0.0191468,3.54099e-05
146.168,0.00405723,-0.0191423,3.54069e-05
146.168,0.00405497,-0.0191378,3.54039e-05
146.168,0.00405271,-0.0191333,3.5401e-05
146.168,0.00405045,-0.0191288,3.5398e-05
146.168,0.00404819,-0.0191243,3.5395e-05
146.168,0.00404593,-0.0191198,3.5392e-05
146.168,0.00404367,-0.0191153,3.5389e-05
146.168,0.00404141,-0.0191108,3.5386e-05
146.169,0.00403916,-0.0191063,3.53831e-05
146.169,0.0040369,-0.0191018,3.53801e-05
146.169,0.00403465,-0.0190973,3.53771e-05
146.169,0.00403239,-0.0190928,3.53741e-05
146.169,0.00403014,-0.0190883,3.53711e-05
146.169,0.00402789,-0.0190838,3.53681e-05
146.169,0.00402564,-0.0190793,3.53652e-05
146.169,0.00402338,-0.0190748,3.53622e-05
146.17,0.00402113,-0.0190702,3.53592e-05
146.17,0.00401889,-0.0190657,3.53562e-05
146.17,0.00401664,-0.0190612,3.53532e-05
146.17,0.00401439,-0.0190567,3.53502e-05
146.17,0.00401214,-0.0190522,3.53473e-05
146.17,0.0040099,-0.0190477,3.53443e-05
146.17,0.00400765,-0.0190432,3.53413e-05
146.17,0.00400541,-0.0190387,3.53383e-05
146.17,0.00400317,-0.0190342,3.53353e-05
146.171,0.00400093,-0.0190296,3.53324e-05
146.171,0.00399868,-0.0190251,3.53294e-05
146.171,0.00399644,-0.0190206,3.53264e-05
146.171,0.0039942,-0.0190161,3.53234e-05
146.171,0.00399196,-0.0190116,3.53204e-05
146.171,0.00398973,-0.0190071,3.53175e-05
146.171,0.00398749,-0.0190025,3.53145e-05
146.171,0.00398525,-0.018998,3.53115e-05
146.172,0.00398302,-0.0189935,3.53085e-05
146.172,0.00398078,-0.018989,3.53055e-05
146.172,0.00397855,-0.0189844,3.53025e-05
146.172,0.00397632,-0.0189799,3.52996e-05
146.172,0.00397408,-0.0189754,3.52966e-05
146.172,0.00397185,-0.0189709,3.52936e-05
146.172,0.00396962,-0.0189663,3.52906e-05
146.172,0.00396739,-0.0189618,3.52877e-05
146.172,0.00396516,-0.0189573,3.52847e-05
146.173,0.00396294,-0.0189528,3.52817e-05
146.173,0.00396071,-0.0189482,3.52787e-05
146.173,0.00395848,-0.0189437,3.52757e-05
146.173,0.00395626,-0.0189392,3.52728e-05
146.173,0.00395403,-0.0189346,3.52698e-05
146.173,0.00395181,-0.0189301,3.52668e-05
146.173,0.00394959,-0.0189256,3.52638e-05
146.173,0.00394736,-0.018921,3.52608e-05
146.174,0.00394514,-0.0189165,3.52579e-05
146.174,0.00394292,-0.018912,3.52549e-05
146.174,0.0039407,-0.0189074,3.52519e-05
146.174,0.00393848,-0.0189029,3.52489e-05
146.174,0.00393627,-0.0188984,3.52459e-05
146.174,0.00393405,-0.0188938,3.5243e-05
146.174,0.00393183,-0.0188893,3.524e-05
146.174,0.00392962,-0.0188847,3.5237e-05
146.174,0.0039274,-0.0188802,3.5234e-05
146.175,0.00392519,-0.0188757,3.52311e-05
146.175,0.00392298,-0.0188711,3.52281e-05
146.175,0.00392076,-0.0188666,3.52251e-05
146.175,0.00391855,-0.018862,3.52221e-05
146.175,0.00391634,-0.0188575,3.52192e-05
146.175,0.00391413,-0.0188529,3.52162e-05
146.175,0.00391192,-0.0188484,3.52132e-05
146.175,0.00390972,-0.0188438,3.52102e-05
146.176,0.00390751,-0.0188393,3.52072e-05
146.176,0.0039053,-0.0188347,3.52043e-05
146.176,0.0039031,-0.0188302,3.52013e-05
146.176,0.00390089,-0.0188256,3.51983e-05
146.176,0.00389869,-0.0188211,3.51953e-05
146.176,0.00389649,-0.0188165,3.51924e-05
146.176,0.00389429,-0.018812,3.51894e-05
146.176,0.00389208,-0.0188074,3.51864e-05
146.176,0.00388988,-0.0188029,3.51834e-05
146.177,0.00388768,-0.0187983,3.51805e-05
146.177,0.00388549,-0.0187938,3.51775e-05
146.177,0.00388329,-0.0187892,3.51745e-05
146.177,0.00388109,-0.0187846,3.51715e-05
146.177,0.00387889,-0.0187801,3.51686e-05
146.177,0.0038767,-0.0187755,3.51656e-05
146.177,0.0038745,-0.018771,3.51626e-05
146.177,0.00387231,-0.0187664,3.51596e-05
146.178,0.00387012,-0.0187618,3.51567e-05
146.178,0.00386793,-0.0187573,3.51537e-05
146.178,0.00386573,-0.0187527,3.51507e-05
146.178,0.00386354,-0.0187482,3.51477e-05
146.178,0.00386135,-0.0187436,3.51448e-05
146.178,0.00385917,-0.018739,3.51418e-05
146.178,0.00385698,-0.0187345,3.51388e-05
146.178,0.00385479,-0.0187299,3.51359e-05
146.178,0.0038526,-0.0187253,3.51329e-05
146.179,0.00385042,-0.0187208,3.51299e-05
146.179,0.00384823,-0.0187162,3.51269e-05
146.179,0.00384605,-0.0187116,3.5124e-05
146.179,0.00384387,-0.018707,3.5121e-05
146.179,0.00384169,-0.0187025,3.5118e-05
146.179,0.0038395,-0.0186979,3.5115e-05
146.179,0.00383732,-0.0186933,3.51121e-05
146.179,0.00383514,-0.0186887,3.51091e-05
146.18,0.00383297,-0.0186842,3.51061e-05
146.18,0.00383079,-0.0186796,3.51032e-05
146.18,0.00382861,-0.018675,3.51002e-05
146.18,0.00382643,-0.0186704,3.50972e-05
146.18,0.00382426,-0.0186659,3.50942e-05
146.18,0.00382208,-0.0186613,3.50913e-05
146.18,0.00381991,-0.0186567,3.50883e-05
146.18,0.00381774,-0.0186521,3.50853e-05
146.18,0.00381556,-0.0186475,3.50824e-05
146.181,0.00381339,-0.018643,3.50794e-05
146.181,0.00381122,-0.0186384,3.50764e-05
146.181,0.00380905,-0.0186338,3.50734e-05
146.181,0.00380688,-0.0186292,3.50705e-05
146.181,0.00380472,-0.0186246,3.50675e-05
146.181,0.00380255,-0.01862,3.50645e-05
146.181,0.00380038,-0.0186154,3.50616e-05
146.181,0.00379822,-0.0186109,3.50586e-05
146.181,0.00379605,-0.0186063,3.50556e-05
146.182,0.00379389,-0.0186017,3.50526e-05
146.182,0.00379172,-0.0185971,3.50497e-05
146.182,0.00378956,-0.0185925,3.50467e-05
146.182,0.0037874,-0.0185879,3.50437e-05
146.182,0.00378524,-0.0185833,3.50408e-05
146.182,0.00378308,-0.0185787,3.50378e-05
146.182,0.00378092,-0.0185741,3.50348e-05
146.182,0.00377876,-0.0185695,3.50319e-05
146.183,0.00377661,-0.0185649,3.50289e-05
146.183,0.00377445,-0.0185603,3.50259e-05
146.183,0.00377229,-0.0185557,3.5023e-05
146.183,0.00377014,-0.0185511,3.502e-05
146.183,0.00376798,-0.0185465,3.5017e-05
146.183,0.00376583,-0.0185419,3.5014e-05
146.183,0.00376368,-0.0185373,3.50111e-05
146.183,0.00376153,-0.0185327,3.50081e-05
146.183,0.00375938,-0.0185281,3.50051e-05
146.184,0.00375723,-0.0185235,3.50022e-05
146.184,0.00375508,-0.0185189,3.49992e-05
146.184,0.00375293,-0.0185143,3.49962e-05
146.184,0.00375078,-0.0185097,3.49933e-05
146.184,0.00374864,-0.0185051,3.49903e-05
146.184,0.00374649,-0.0185005,3.49873e-05
146.184,0.00374434,-0.0184959,3.49844e-05
146.184,0.0037422,-0.0184913,3.49814e-05
146.185,0.00374006,-0.0184867,3.49784e-05
146.185,0.00373791,-0.0184821,3.49755e-05
146.185,0.00373577,-0.0184775,3.49725e-05
146.185,0.00373363,-0.0184729,3.49695e-05
146.185,0.00373149,-0.0184682,3.49666e-05
146.185,0.00372935,-0.0184636,3.49636e-05
146.185,0.00372721,-0.018459,3.49606e-05
146.185,0.00372508,-0.0184544,3.49577e-05
146.185,0.00372294,-0.0184498,3.49547e-05
146.186,0.0037208,-0.0184452,3.49517e-05
146.186,0.00371867,-0.0184406,3.49488e-05
146.186,0.00371653,-0.0184359,3.49458e-05
146.186,0.0037144,-0.0184313,3.49428e-05
146.186,0.00371227,-0.0184267,3.49399e-05
146.186,0.00371014,-0.0184221,3.49369e-05
146.186,0.003708,-0.0184175,3.49339e-05
146.186,0.00370587,-0.0184128,3.4931e-05
146.186,0.00370375,-0.0184082,3.4928e-05
146.187,0.00370162,-0.0184036,3.49251e-05
146.187,0.00369949,-0.018399,3.49221e-05
146.187,0.00369736,-0.0183943,3.49191e-05
146.187,0.00369524,-0.0183897,3.49162e-05
146.187,0.00369311,-0.0183851,3.49132e-05
146.187,0.00369099,-0.0183805,3.49102e-05
146.187,0.00368886,-0.0183758,3.49073e-05
146.187,0.00368674,-0.0183712,3.49043e-05
146.188,0.00368462,-0.0183666,3.49013e-05
146.188,0.0036825,-0.018362,3.48984e-05
146.188,0.00368038,-0.0183573,3.48954e-05
146.188,0.00367826,-0.0183527,3.48925e-05
146.188,0.00367614,-0.0183481,3.48895e-05
146.188,0.00367402,-0.0183434,3.48865e-05
146.188,0.0036719,-0.0183388,3.48836e-05
146.188,0.00366979,-0.0183342,3.48806e-05
146.188,0.00366767,-0.0183295,3.48776e-05
146.189,0.00366555,-0.0183249,3.48747e-05
146.189,0.00366344,-0.0183203,3.48717e-05
146.189,0.00366133,-0.0183156,3.48687e-05
146.189,0.00365922,-0.018311,3.48658e-05
146.189,0.0036571,-0.0183063,3.48628e-05
146.189,0.00365499,-0.0183017,3.48599e-05
146.189,0.00365288,-0.0182971,3.48569e-05
146.189,0.00365077,-0.0182924,3.48539e-05
146.189,0.00364867,-0.0182878,3.4851e-05
146.19,0.00364656,-0.0182831,3.4848e-05
146.19,0.00364445,-0.0182785,3.48451e-05
146.19,0.00364235,-0.0182738,3.48421e-05
146.19,0.00364024,-0.0182692,3.48391e-05
146.19,0.00363814,-0.0182646,3.48362e-05
146.19,0.00363603,-0.0182599,3.48332e-05
146.19,0.00363393,-0.0182553,3.48302e-05
146.19,0.00363183,-0.0182506,3.48273e-05
146.191,0.00362973,-0.018246,3.48243e-05
146.191,0.00362763,-0.0182413,3.48214e-05
146.191,0.00362553,-0.0182367,3.48184e-05
146.191,0.00362343,-0.018232,3.48154e-05
146.191,0.00362133,-0.0182274,3.48125e-05
146.191,0.00361924,-0.0182227,3.48095e-05
146.191,0.00361714,-0.0182181,3.48066e-05
146.191,0.00361504,-0.0182134,3.48036e-05
146.191,0.00361295,-0.0182088,3.48006e-05
146.192,0.00361086,-0.0182041,3.47977e-05
146.192,0.00360876,-0.0181994,3.47947e-05
146.192,0.00360667,-0.0181948,3.47918e-05
146.192,0.00360458,-0.0181901,3.47888e-05
146.192,0.00360249,-0.0181855,3.47859e-05
146.192,0.0036004,-0.0181808,3.47829e-05
146.192,0.00359831,-0.0181762,3.47799e-05
146.192,0.00359622,-0.0181715,3.4777e-05
146.192,0.00359414,-0.0181668,3.4774e-05
146.193,0.00359205,-0.0181622,3.47711e-05
146.193,0.00358997,-0.0181575,3.47681e-05
146.193,0.00358788,-0.0181528,3.47651e-05
146.193,0.0035858,-0.0181482,3.47622e-05
146.193,0.00358371,-0.0181435,3.47592e-05
146.193,0.00358163,-0.0181388,3.47563e-05
146.193,0.00357955,-0.0181342,3.47533e-05
146.193,0.00357747,-0.0181295,3.47504e-05
146.194,0.00357539,-0.0181248,3.47474e-05
146.194,0.00357331,-0.0181202,3.47444e-05
146.194,0.00357123,-0.0181155,3.47415e-05
146.194,0.00356915,-0.0181108,3.47385e-05
146.194,0.00356708,-0.0181062,3.47356e-05
146.194,0.003565,-0.0181015,3.47326e-05
146.194,0.00356293,-0.0180968,3.47297e-05
146.194,0.00356085,-0.0180921,3.47267e-05
146.194,0.00355878,-0.0180875,3.47237e-05
146.195,0.00355671,-0.0180828,3.47208e-05
146.195,0.00355463,-0.0180781,3.47178e-05
146.195,0.00355256,-0.0180734,3.47149e-05
146.195,0.00355049,-0.0180688,3.47119e-05
146.195,0.00354842,-0.0180641,3.4709e-05
146.195,0.00354636,-0.0180594,3.4706e-05
146.195,0.00354429,-0.0180547,3.47031e-05
146.195,0.00354222,-0.0180501,3.47001e-05
146.195,0.00354015,-0.0180454,3.46971e-05
146.196,0.00353809,-0.0180407,3.46942e-05
146.196,0.00353602,-0.018036,3.46912e-05
146.196,0.00353396,-0.0180313,3.46883e-05
146.196,0.0035319,-0.0180266,3.46853e-05
146.196,0.00352984,-0.018022,3.46824e-05
146.196,0.00352777,-0.0180173,3.46794e-05
146.196,0.00352571,-0.0180126,3.46765e-05
146.196,0.00352365,-0.0180079,3.46735e-05
146.196,0.0035216,-0.0180032,3.46706e-05
146.197,0.00351954,-0.0179985,3.46676e-05
146.197,0.00351748,-0.0179938,3.46646e-05
146.197,0.00351542,-0.0179892,3.46617e-05
146.197,0.00351337,-0.0179845,3.46587e-05
146.197,0.00351131,-0.0179798,3.46558e-05
146.197,0.00350926,-0.0179751,3.46528e-05
146.197,0.00350721,-0.0179704,3.46499e-05
146.197,0.00350515,-0.0179657,3.46469e-05
146.198,0.0035031,-0.017961,3.4644e-05
146.198,0.00350105,-0.0179563,3.4641e-05
146.198,0.003499,-0.0179516,3.46381e-05
146.198,0.00349695,-0.0179469,3.46351e-05
146.198,0.0034949,-0.0179422,3.46322e-05
146.198,0.00349285,-0.0179375,3.46292e-05
146.198,0.00349081,-0.0179328,3.46263e-05
146.198,0.00348876,-0.0179281,3.46233e-05
146.198,0.00348672,-0.0179234,3.46204e-05
146.199,0.00348467,-0.0179187,3.46174e-05
146.199,0.00348263,-0.017914,3.46144e-05
146.199,0.00348059,-0.0179093,3.46115e-05
146.199,0.00347854,-0.0179046,3.46085e-05
146.199,0.0034765,-0.0178999,3.46056e-05
146.199,0.00347446,-0.0178952,3.46026e-05
146.199,0.00347242,-0.0178905,3.45997e-05
146.199,0.00347038,-0.0178858,3.45967e-05
146.199,0.00346834,-0.0178811,3.45938e-05
146.2,0.00346631,-0.0178764,3.45908e-05
146.2,0.00346427,-0.0178717,3.45879e-05
146.2,0.00346224,-0.017867,3.45849e-05
146.2,0.0034602,-0.0178623,3.4582e-05
146.2,0.00345817,-0.0178576,3.4579e-05
146.2,0.00345613,-0.0178528,3.45761e-05
146.2,0.0034541,-0.0178481,3.45731e-05
146.2,0.00345207,-0.0178434,3.45702e-05
146.2,0.00345004,-0.0178387,3.45672e-05
146.201,0.00344801,-0.017834,3.45643e-05
146.201,0.00344598,-0.0178293,3.45613e-05
146.201,0.00344395,-0.0178246,3.45584e-05
146.201,0.00344192,-0.0178199,3.45554e-05
146.201,0.0034399,-0.0178151,3.45525e-05
146.201,0.00343787,-0.0178104,3.45495e-05
146.201,0.00343584,-0.0178057,3.45466e-05
146.201,0.00343382,-0.017801,3.45436e-05
146.201,0.0034318,-0.0177963,3.45407e-05
146.202,0.00342977,-0.0177915,3.45378e-05
146.202,0.00342775,-0.0177868,3.45348e-05
146.202,0.00342573,-0.0177821,3.45319e-05
146.202,0.00342371,-0.0177774,3.45289e-05
146.202,0.00342169,-0.0177727,3.4526e-05
146.202,0.00341967,-0.0177679,3.4523e-05
146.202,0.00341765,-0.0177632,3.45201e-05
146.202,0.00341563,-0.0177585,3.45171e-05
146.203,0.00341362,-0.0177538,3.45142e-05
146.203,0.0034116,-0.017749,3.45112e-05
146.203,0.00340959,-0.0177443,3.45083e-05
146.203,0.00340757,-0.0177396,3.45053e-05
146.203,0.00340556,-0.0177349,3.45024e-05
146.203,0.00340355,-0.0177301,3.44994e-05
146.203,0.00340154,-0.0177254,3.44965e-05
146.203,0.00339952,-0.0177207,3.44935e-05
146.203,0.00339751,-0.0177159,3.44906e-05
146.204,0.00339551,-0.0177112,3.44877e-05
146.204,0.0033935,-0.0177065,3.44847e-05
146.204,0.00339149,-0.0177017,3.44818e-05
146.204,0.00338948,-0.017697,3.44788e-05
146.204,0.00338748,-0.0176923,3.44759e-05
146.204,0.00338547,-0.0176875,3.44729e-05
146.204,0.00338347,-0.0176828,3.447e-05
146.204,0.00338146,-0.0176781,3.4467e-05
146.204,0.00337946,-0.0176733,3.44641e-05
146.205,0.00337746,-0.0176686,3.44611e-05
146.205,0.00337545,-0.0176638,3.44582e-05
146.205,0.00337345,-0.0176591,3.44553e-05
146.205,0.00337145,-0.0176544,3.44523e-05
146.205,0.00336945,-0.0176496,3.44494e-05
146.205,0.00336746,-0.0176449,3.44464e-05
146.205,0.00336546,-0.0176401,3.44435e-05
146.205,0.00336346,-0.0176354,3.44405e-05
146.205,0.00336147,-0.0176307,3.44376e-05
146.206,0.00335947,-0.0176259,3.44346e-05
146.206,0.00335748,-0.0176212,3.44317e-05
146.206,0.00335548,-0.0176164,3.44288e-05
146.206,0.00335349,-0.0176117,3.44258e-05
146.206,0.0033515,-0.0176069,3.44229e-05
146.206,0.00334951,-0.0176022,3.44199e-05
146.206,0.00334752,-0.0175974,3.4417e-05
146.206,0.00334553,-0.0175927,3.4414e-05
146.206,0.00334354,-0.0175879,3.44111e-05
146.207,0.00334155,-0.0175832,3.44082e-05
146.207,0.00333956,-0.0175784,3.44052e-05
146.207,0.00333758,-0.0175737,3.44023e-05
146.207,0.00333559,-0.0175689,3.43993e-05
146.207,0.00333361,-0.0175642,3.43964e-05
146.207,0.00333162,-0.0175594,3.43934e-05
146.207,0.00332964,-0.0175547,3.43905e-05
146.207,0.00332766,-0.0175499,3.43876e-05
146.208,0.00332567,-0.0175451,3.43846e-05
146.208,0.00332369,-0.0175404,3.43817e-05
146.208,0.00332171,-0.0175356,3.43787e-05
146.208,0.00331973,-0.0175309,3.43758e-05
146.208,0.00331776,-0.0175261,3.43729e-05
146.208,0.00331578,-0.0175214,3.43699e-05
146.208,0.0033138,-0.0175166,3.4367e-05
146.208,0.00331182,-0.0175118,3.4364e-05
146.208,0.00330985,-0.0175071,3.43611e-05
146.209,0.00330787,-0.0175023,3.43582e-05
146.209,0.0033059,-0.0174975,3.43552e-05
146.209,0.00330393,-0.0174928,3.43523e-05
146.209,0.00330196,-0.017488,3.43493e-05
146.209,0.00329998,-0.0174833,3.43464e-05
146.209,0.00329801,-0.0174785,3.43435e-05
146.209,0.00329604,-0.0174737,3.43405e-05
146.209,0.00329407,-0.017469,3.43376e-05
146.209,0.00329211,-0.0174642,3.43346e-05
146.21,0.00329014,-0.0174594,3.43317e-05
146.21,0.00328817,-0.0174546,3.43288e-05
146.21,0.00328621,-0.0174499,3.43258e-05
146.21,0.00328424,-0.0174451,3.43229e-05
146.21,0.00328228,-0.0174403,3.43199e-05
146.21,0.00328031,-0.0174356,3.4317e-05
146.21,0.00327835,-0.0174308,3.43141e-05
146.21,0.00327639,-0.017426,3.43111e-05
146.21,0.00327443,-0.0174212,3.43082e-05
146.211,0.00327246,-0.0174165,3.43052e-05
146.211,0.00327051,-0.0174117,3.43023e-05
146.211,0.00326855,-0.0174069,3.42994e-05
146.211,0.00326659,-0.0174021,3.42964e-05
146.211,0.00326463,-0.0173974,3.42935e-05
146.211,0.00326267,-0.0173926,3.42906e-05
146.211,0.00326072,-0.0173878,3.42876e-05
146.211,0.00325876,-0.017383,3.42847e-05
146.211,0.00325681,-0.0173782,3.42817e-05
146.212,0.00325486,-0.0173735,3.42788e-05
146.212,0.0032529,-0.0173687,3.42759e-05
146.212,0.00325095,-0.0173639,3.42729e-05
146.212,0.003249,-0.0173591,3.427e-05
146.212,0.00324705,-0.0173543,3.42671e-05
146.212,0.0032451,-0.0173496,3.42641e-05
146.212,0.00324315,-0.0173448,3.42612e-05
146.212,0.0032412,-0.01734,3.42583e-05
146.212,0.00323926,-0.0173352,3.42553e-05
146.213,0.00323731,-0.0173304,3.42524e-05
146.213,0.00323536,-0.0173256,3.42494e-05
146.213,0.00323342,-0.0173208,3.42465e-05
146.213,0.00323147,-0.017316,3.42436e-05
146.213,0.00322953,-0.0173113,3.42406e-05
146.213,0.00322759,-0.0173065,3.42377e-05
146.213,0.00322565,-0.0173017,3.42348e-05
146.213,0.00322371,-0.0172969,3.42318e-05
146.213,0.00322177,-0.0172921,3.42289e-05
146.214,0.00321983,-0.0172873,3.4226e-05
146.214,0.00321789,-0.0172825,3.4223e-05
146.214,0.00321595,-0.0172777,3.42201e-05
146.214,0.00321401,-0.0172729,3.42172e-05
146.214,0.00321208,-0.0172681,3.42142e-05
146.214,0.00321014,-0.0172633,3.42113e-05
146.214,0.00320821,-0.0172585,3.42084e-05
146.214,0.00320627,-0.0172537,3.42054e-05
146.214,0.00320434,-0.0172489,3.42025e-05
146.215,0.00320241,-0.0172441,3.41996e-05
146.215,0.00320048,-0.0172393,3.41966e-05
146.215,0.00319854,-0.0172345,3.41937e-05
146.215,0.00319661,-0.0172297,3.41908e-05
146.215,0.00319469,-0.0172249,3.41878e-05
146.215,0.00319276,-0.0172201,3.41849e-05
146.215,0.00319083,-0.0172153,3.4182e-05
146.215,0.0031889,-0.0172105,3.4179e-05
146.215,0.00318698,-0.0172057,3.41761e-05
146.216,0.00318505,-0.0172009,3.41732e-05
146.216,0.00318313,-0.0171961,3.41702e-05
146.216,0.0031812,-0.0171913,3.41673e-05
146.216,0.00317928,-0.0171865,3.41644e-05
146.216,0.00317736,-0.0171817,3.41614e-05
146.216,0.00317544,-0.0171769,3.41585e-05
146.216,0.00317351,-0.0171721,3.41556e-05
146.216,0.00317159,-0.0171673,3.41526e-05
146.216,0.00316968,-0.0171624,3.41497e-05
146.217,0.00316776,-0.0171576,3.41468e-05
146.217,0.00316584,-0.0171528,3.41439e-05
146.217,0.00316392,-0.017148,3.41409e-05
146.217,0.00316201,-0.0171432,3.4138e-05
146.217,0.00316009,-0.0171384,3.41351e-05
146.217,0.00315818,-0.0171336,3.41321e-05
146.217,0.00315626,-0.0171288,3.41292e-05
146.217,0.00315435,-0.0171239,3.41263e-05
146.217,0.00315244,-0.0171191,3.41233e-05
146.218,0.00315053,-0.0171143,3.41204e-05
146.218,0.00314862,-0.0171095,3.41175e-05
146.218,0.00314671,-0.0171047,3.41146e-05
146.218,0.0031448,-0.0170998,3.41116e-05
146.218,0.00314289,-0.017095,3.41087e-05
146.218,0.00314098,-0.0170902,3.41058e-05
146.218,0.00313907,-0.0170854,3.41028e-05
146.218,0.00313717,-0.0170806,3.40999e-05
146.219,0.00313526,-0.0170757,3.4097e-05
146.219,0.00313336,-0.0170709,3.40941e-05
146.219,0.00313145,-0.0170661,3.40911e-05
146.219,0.00312955,-0.0170613,3.40882e-05
146.219,0.00312765,-0.0170565,3.40853e-05
146.219,0.00312575,-0.0170516,3.40823e-05
146.219,0.00312385,-0.0170468,3.40794e-05
146.219,0.00312195,-0.017042,3.40765e-05
146.219,0.00312005,-0.0170371,3.40736e-05
146.22,0.00311815,-0.0170323,3.40706e-05
146.22,0.00311625,-0.0170275,3.40677e-05
146.22,0.00311435,-0.0170227,3.40648e-05
146.22,0.00311246,-0.0170178,3.40618e-05
146.22,0.00311056,-0.017013,3.40589e-05
146.22,0.00310867,-0.0170082,3.4056e-05
146.22,0.00310678,-0.0170033,3.40531e-05
146.22,0.00310488,-0.0169985,3.40501e-05
146.22,0.00310299,-0.0169937,3.40472e-05
146.221,0.0031011,-0.0169888,3.40443e-05
146.221,0.00309921,-0.016984,3.40414e-05
146.221,0.00309732,-0.0169792,3.40384e-05
146.221,0.00309543,-0.0169743,3.40355e-05
146.221,0.00309354,-0.0169695,3.40326e-05
146.221,0.00309165,-0.0169647,3.40297e-05
146.221,0.00308977,-0.0169598,3.40267e-05
146.221,0.00308788,-0.016955,3.40238e-05
146.221,0.003086,-0.0169501,3.40209e-05
146.222,0.00308411,-0.0169453,3.4018e-05
146.222,0.00308223,-0.0169405,3.4015e-05
146.222,0.00308034,-0.0169356,3.40121e-05
146.222,0.00307846,-0.0169308,3.40092e-05
146.222,0.00307658,-0.0169259,3.40063e-05
146.222,0.0030747,-0.0169211,3.40033e-05
146.222,0.00307282,-0.0169163,3.40004e-05
146.222,0.00307094,-0.0169114,3.39975e-05
146.222,0.00306906,-0.0169066,3.39946e-05
146.223,0.00306719,-0.0169017,3.39916e-05
146.223,0.00306531,-0.0168969,3.39887e-05
146.223,0.00306343,-0.016892,3.39858e-05
146.223,0.00306156,-0.0168872,3.39829e-05
146.223,0.00305968,-0.0168823,3.39799e-05
146.223,0.00305781,-0.0168775,3.3977e-05
146.223,0.00305594,-0.0168726,3.39741e-05
146.223,0.00305406,-0.0168678,3.39712e-05
146.223,0.00305219,-0.0168629,3.39683e-05
146.224,0.00305032,-0.0168581,3.39653e-05
146.224,0.00304845,-0.0168532,3.39624e-05
146.224,0.00304658,-0.0168484,3.39595e-05
146.224,0.00304471,-0.0168435,3.39566e-05
146.224,0.00304285,-0.0168387,3.39536e-05
146.224,0.00304098,-0.0168338,3.39507e-05
146.224,0.00303911,-0.016829,3.39478e-05
146.224,0.00303725,-0.0168241,3.39449e-05
146.224,0.00303538,-0.0168193,3.3942e-05
146.225,0.00303352,-0.0168144,3.3939e-05
146.225,0.00303166,-0.0168096,3.39361e-05
146.225,0.00302979,-0.0168047,3.39332e-05
146.225,0.00302793,-0.0167998,3.39303e-05
146.225,0.00302607,-0.016795,3.39274e-05
146.225,0.00302421,-0.0167901,3.39244e-05
146.225,0.00302235,-0.0167853,3.39215e-05
146.225,0.0030205,-0.0167804,3.39186e-05
146.225,0.00301864,-0.0167755,3.39157e-05
146.226,0.00301678,-0.0167707,3.39128e-05
146.226,0.00301492,-0.0167658,3.39098e-05
146.226,0.00301307,-0.016761,3.39069e-05
146.226,0.00301121,-0.0167561,3.3904e-05
146.226,0.00300936,-0.0167512,3.39011e-05
146.226,0.00300751,-0.0167464,3.38982e-05
146.226,0.00300565,-0.0167415,3.38952e-05
146.226,0.0030038,-0.0167366,3.38923e-05
146.226,0.00300195,-0.0167318,3.38894e-05
146.226,0.0030001,-0.0167269,3.38865e-05
146.227,0.00299825,-0.016722,3.38836e-05
146.227,0.0029964,-0.0167172,3.38806e-05
146.227,0.00299456,-0.0167123,3.38777e-05
146.227,0.00299271,-0.0167074,3.38748e-05
146.227,0.00299086,-0.0167025,3.38719e-05
146.227,0.00298902,-0.0166977,3.3869e-05
146.227,0.00298717,-0.0166928,3.3866e-05
146.227,0.00298533,-0.0166879,3.38631e-05
146.227,0.00298349,-0.0166831,3.38602e-05
146.228,0.00298164,-0.0166782,3.38573e-05
146.228,0.0029798,-0.0166733,3.38544e-05
146.228,0.00297796,-0.0166684,3.38515e-05
146.228,0.00297612,-0.0166636,3.38485e-05
146.228,0.00297428,-0.0166587,3.38456e-05
146.228,0.00297244,-0.0166538,3.38427e-05
146.228,0.00297061,-0.0166489,3.38398e-05
146.228,0.00296877,-0.0166441,3.38369e-05
146.228,0.00296693,-0.0166392,3.3834e-05
146.229,0.0029651,-0.0166343,3.3831e-05
146.229,0.00296326,-0.0166294,3.38281e-05
146.229,0.00296143,-0.0166245,3.38252e-05
146.229,0.00295959,-0.0166197,3.38223e-05
146.229,0.00295776,-0.0166148,3.38194e-05
146.229,0.00295593,-0.0166099,3.38165e-05
146.229,0.0029541,-0.016605,3.38135e-05
146.229,0.00295227,-0.0166001,3.38106e-05
146.229,0.00295044,-0.0165952,3.38077e-05
146.23,0.00294861,-0.0165904,3.38048e-05
146.23,0.00294678,-0.0165855,3.38019e-05
146.23,0.00294495,-0.0165806,3.3799e-05
146.23,0.00294313,-0.0165757,3.37961e-05
146.23,0.0029413,-0.0165708,3.37931e-05
146.23,0.00293948,-0.0165659,3.37902e-05
146.23,0.00293765,-0.016561,3.37873e-05
146.23,0.00293583,-0.0165562,3.37844e-05
146.23,0.00293401,-0.0165513,3.37815e-05
146.231,0.00293218,-0.0165464,3.37786e-05
146.231,0.00293036,-0.0165415,3.37757e-05
146.231,0.00292854,-0.0165366,3.37727e-05
146.231,0.00292672,-0.0165317,3.37698e-05
146.231,0.0029249,-0.0165268,3.37669e-05
146.231,0.00292309,-0.0165219,3.3764e-05
146.231,0.00292127,-0.016517,3.37611e-05
146.231,0.00291945,-0.0165121,3.37582e-05
146.231,0.00291764,-0.0165072,3.37553e-05
146.232,0.00291582,-0.0165023,3.37524e-05
146.232,0.00291401,-0.0164974,3.37494e-05
146.232,0.00291219,-0.0164925,3.37465e-05
146.232,0.00291038,-0.0164877,3.37436e-05
146.232,0.00290857,-0.0164828,3.37407e-05
146.232,0.00290676,-0.0164779,3.37378e-05
146.232,0.00290495,-0.016473,3.37349e-05
146.232,0.00290314,-0.0164681,3.3732e-05
146.232,0.00290133,-0.0164632,3.37291e-05
146.233,0.00289952,-0.0164583,3.37261e-05
146.233,0.00289771,-0.0164534,3.37232e-05
146.233,0.0028959,-0.0164485,3.37203e-05
146.233,0.0028941,-0.0164436,3.37174e-05
146.233,0.00289229,-0.0164387,3.37145e-05
146.233,0.00289049,-0.0164337,3.37116e-05
146.233,0.00288868,-0.0164288,3.37087e-05
146.233,0.00288688,-0.0164239,3.37058e-05
146.233,0.00288508,-0.016419,3.37029e-05
146.234,0.00288328,-0.0164141,3.37e-05
146.234,0.00288147,-0.0164092,3.3697e-05
146.234,0.00287967,-0.0164043,3.36941e-05
146.234,0.00287788,-0.0163994,3.36912e-05
146.234,0.00287608,-0.0163945,3.36883e-05
146.234,0.00287428,-0.0163896,3.36854e-05
146.234,0.00287248,-0.0163847,3.36825e-05
146.234,0.00287069,-0.0163798,3.36796e-05
146.234,0.00286889,-0.0163749,3.36767e-05
146.235,0.00286709,-0.01637,3.36738e-05
146.235,0.0028653,-0.016365,3.36709e-05
146.235,0.00286351,-0.0163601,3.3668e-05
146.235,0.00286171,-0.0163552,3.3665e-05
146.235,0.00285992,-0.0163503,3.36621e-05
146.235,0.00285813,-0.0163454,3.36592e-05
146.235,0.00285634,-0.0163405,3.36563e-05
146.235,0.00285455,-0.0163356,3.36534e-05
146.235,0.00285276,-0.0163306,3.36505e-05
146.236,0.00285097,-0.0163257,3.36476e-05
146.236,0.00284919,-0.0163208,3.36447e-05
146.236,0.0028474,-0.0163159,3.36418e-05
146.236,0.00284561,-0.016311,3.36389e-05
146.236,0.00284383,-0.0163061,3.3636e-05
146.236,0.00284204,-0.0163011,3.36331e-05
146.236,0.00284026,-0.0162962,3.36302e-05
146.236,0.00283848,-0.0162913,3.36272e-05
146.236,0.0028367,-0.0162864,3.36243e-05
146.237,0.00283491,-0.0162815,3.36214e-05
146.237,0.00283313,-0.0162765,3.36185e-05
146.237,0.00283135,-0.0162716,3.36156e-05
146.237,0.00282957,-0.0162667,3.36127e-05
146.237,0.0028278,-0.0162618,3.36098e-05
146.237,0.00282602,-0.0162569,3.36069e-05
146.237,0.00282424,-0.0162519,3.3604e-05
146.237,0.00282247,-0.016247,3.36011e-05
146.237,0.00282069,-0.0162421,3.35982e-05
146.237,0.00281892,-0.0162371,3.35953e-05
146.238,0.00281714,-0.0162322,3.35924e-05
146.238,0.00281537,-0.0162273,3.35895e-05
146.238,0.0028136,-0.0162224,3.35866e-05
146.238,0.00281182,-0.0162174,3.35837e-05
146.238,0.00281005,-0.0162125,3.35808e-05
146.238,0.00280828,-0.0162076,3.35779e-05
146.238,0.00280651,-0.0162027,3.3575e-05
146.238,0.00280474,-0.0161977,3.35721e-05
146.238,0.00280298,-0.0161928,3.35691e-05
146.239,0.00280121,-0.0161879,3.35662e-05
146.239,0.00279944,-0.0161829,3.35633e-05
146.239,0.00279768,-0.016178,3.35604e-05
146.239,0.00279591,-0.0161731,3.35575e-05
146.239,0.00279415,-0.0161681,3.35546e-05
146.239,0.00279238,-0.0161632,3.35517e-05
146.239,0.00279062,-0.0161583,3.35488e-05
146.239,0.00278886,-0.0161533,3.35459e-05
146.239,0.0027871,-0.0161484,3.3543e-05
146.24,0.00278534,-0.0161434,3.35401e-05
146.24,0.00278358,-0.0161385,3.35372e-05
146.24,0.00278182,-0.0161336,3.35343e-05
146.24,0.00278006,-0.0161286,3.35314e-05
146.24,0.0027783,-0.0161237,3.35285e-05
146.24,0.00277655,-0.0161188,3.35256e-05
146.24,0.00277479,-0.0161138,3.35227e-05
146.24,0.00277303,-0.0161089,3.35198e-05
146.24,0.00277128,-0.0161039,3.35169e-05
146.241,0.00276953,-0.016099,3.3514e-05
146.241,0.00276777,-0.0160941,3.35111e-05
146.241,0.00276602,-0.0160891,3.35082e-05
146.241,0.00276427,-0.0160842,3.35053e-05
146.241,0.00276252,-0.0160792,3.35024e-05
146.241,0.00276077,-0.0160743,3.34995e-05
146.241,0.00275902,-0.0160693,3.34966e-05
146.241,0.00275727,-0.0160644,3.34937e-05
146.241,0.00275552,-0.0160594,3.34908e-05
146.242,0.00275377,-0.0160545,3.34879e-05
146.242,0.00275203,-0.0160496,3.3485e-05
146.242,0.00275028,-0.0160446,3.34821e-05
146.242,0.00274854,-0.0160397,3.34792e-05
146.242,0.00274679,-0.0160347,3.34763e-05
146.242,0.00274505,-0.0160298,3.34734e-05
146.242,0.00274331,-0.0160248,3.34705e-05
146.242,0.00274157,-0.0160199,3.34676e-05
146.242,0.00273982,-0.0160149,3.34647e-05
146.243,0.00273808,-0.01601,3.34618e-05
146.243,0.00273634,-0.016005,3.34589e-05
146.243,0.0027346,-0.0160001,3.3456e-05
146.243,0.00273287,-0.0159951,3.34531e-05
146.243,0.00273113,-0.0159901,3.34502e-05
146.243,0.00272939,-0.0159852,3.34473e-05
146.243,0.00272766,-0.0159802,3.34444e-05
146.243,0.00272592,-0.0159753,3.34415e-05
146.243,0.00272419,-0.0159703,3.34386e-05
146.243,0.00272245,-0.0159654,3.34357e-05
146.244,0.00272072,-0.0159604,3.34328e-05
146.244,0.00271899,-0.0159555,3.34299e-05
146.244,0.00271725,-0.0159505,3.3427e-05
146.244,0.00271552,-0.0159455,3.34241e-05
146.244,0.00271379,-0.0159406,3.34212e-05
146.244,0.00271206,-0.0159356,3.34184e-05
146.244,0.00271033,-0.0159307,3.34155e-05
146.244,0.00270861,-0.0159257,3.34126e-05
146.244,0.00270688,-0.0159207,3.34097e-05
146.245,0.00270515,-0.0159158,3.34068e-05
146.245,0.00270343,-0.0159108,3.34039e-05
146.245,0.0027017,-0.0159059,3.3401e-05
146.245,0.00269998,-0.0159009,3.33981e-05
146.245,0.00269825,-0.0158959,3.33952e-05
146.245,0.00269653,-0.015891,3.33923e-05
146.245,0.00269481,-0.015886,3.33894e-05
146.245,0.00269309,-0.015881,3.33865e-05
146.245,0.00269137,-0.0158761,3.33836e-05
146.246,0.00268965,-0.0158711,3.33807e-05
146.246,0.00268793,-0.0158661,3.33778e-05
146.246,0.00268621,-0.0158612,3.33749e-05
146.246,0.00268449,-0.0158562,3.3372e-05
146.246,0.00268277,-0.0158512,3.33691e-05
146.246,0.00268106,-0.0158463,3.33662e-05
146.246,0.00267934,-0.0158413,3.33633e-05
146.246,0.00267763,-0.0158363,3.33605e-05
146.246,0.00267591,-0.0158314,3.33576e-05
146.247,0.0026742,-0.0158264,3.33547e-05
146.247,0.00267249,-0.0158214,3.33518e-05
146.247,0.00267078,-0.0158164,3.33489e-05
146.247,0.00266907,-0.0158115,3.3346e-05
146.247,0.00266735,-0.0158065,3.33431e-05
146.247,0.00266565,-0.0158015,3.33402e-05
146.247,0.00266394,-0.0157966,3.33373e-05
146.247,0.00266223,-0.0157916,3.33344e-05
146.247,0.00266052,-0.0157866,3.33315e-05
146.247,0.00265881,-0.0157816,3.33286e-05
146.248,0.00265711,-0.0157767,3.33257e-05
146.248,0.0026554,-0.0157717,3.33229e-05
146.248,0.0026537,-0.0157667,3.332e-05
146.248,0.00265199,-0.0157617,3.33171e-05
146.248,0.00265029,-0.0157567,3.33142e-05
146.248,0.00264859,-0.0157518,3.33113e-05
146.248,0.00264689,-0.0157468,3.33084e-05
146.248,0.00264519,-0.0157418,3.33055e-05
146.248,0.00264349,-0.0157368,3.33026e-05
146.249,0.00264179,-0.0157319,3.32997e-05
146.249,0.00264009,-0.0157269,3.32968e-05
146.249,0.00263839,-0.0157219,3.32939e-05
146.249,0.00263669,-0.0157169,3.32911e-05
146.249,0.002635,-0.0157119,3.32882e-05
146.249,0.0026333,-0.0157069,3.32853e-05
146.249,0.00263161,-0.015702,3.32824e-05
146.249,0.00262991,-0.015697,3.32795e-05
146.249,0.00262822,-0.015692,3.32766e-05
146.25,0.00262653,-0.015687,3.32737e-05
146.25,0.00262483,-0.015682,3.32708e-05
146.25,0.00262314,-0.015677,3.32679e-05
146.25,0.00262145,-0.0156721,3.32651e-05
146.25,0.00261976,-0.0156671,3.32622e-05
146.25,0.00261807,-0.0156621,3.32593e-05
146.25,0.00261638,-0.0156571,3.32564e-05
146.25,0.0026147,-0.0156521,3.32535e-05
146.25,0.00261301,-0.0156471,3.32506e-05
146.251,0.00261132,-0.0156421,3.32477e-05
146.251,0.00260964,-0.0156371,3.32448e-05
146.251,0.00260795,-0.0156321,3.3242e-05
146.251,0.00260627,-0.0156272,3.32391e-05
146.251,0.00260458,-0.0156222,3.32362e-05
146.251,0.0026029,-0.0156172,3.32333e-05
146.251,0.00260122,-0.0156122,3.32304e-05
146.251,0.00259954,-0.0156072,3.32275e-05
146.251,0.00259786,-0.0156022,3.32246e-05
146.251,0.00259618,-0.0155972,3.32217e-05
146.252,0.0025945,-0.0155922,3.32189e-05
146.252,0.00259282,-0.0155872,3.3216e-05
146.252,0.00259114,-0.0155822,3.32131e-05
146.252,0.00258947,-0.0155772,3.32102e-05
146.252,0.00258779,-0.0155722,3.32073e-05
146.252,0.00258612,-0.0155672,3.32044e-05
146.252,0.00258444,-0.0155622,3.32015e-05
146.252,0.00258277,-0.0155572,3.31987e-05
146.252,0.00258109,-0.0155522,3.31958e-05
146.253,0.00257942,-0.0155472,3.31929e-05
146.253,0.00257775,-0.0155422,3.319e-05
146.253,0.00257608,-0.0155372,3.31871e-05
146.253,0.00257441,-0.0155322,3.31842e-05
146.253,0.00257274,-0.0155272,3.31813e-05
146.253,0.00257107,-0.0155222,3.31785e-05
146.253,0.0025694,-0.0155172,3.31756e-05
146.253,0.00256773,-0.0155122,3.31727e-05
146.253,0.00256607,-0.0155072,3.31698e-05
146.254,0.0025644,-0.0155022,3.31669e-05
146.254,0.00256274,-0.0154972,3.3164e-05
146.254,0.00256107,-0.0154922,3.31612e-05
146.254,0.00255941,-0.0154872,3.31583e-05
146.254,0.00255774,-0.0154822,3.31554e-05
146.254,0.00255608,-0.0154772,3.31525e-05
146.254,0.00255442,-0.0154722,3.31496e-05
146.254,0.00255276,-0.0154672,3.31467e-05
146.254,0.0025511,-0.0154622,3.31439e-05
146.254,0.00254944,-0.0154572,3.3141e-05
146.255,0.00254778,-0.0154522,3.31381e-05
146.255,0.00254612,-0.0154472,3.31352e-05
146.255,0.00254447,-0.0154422,3.31323e-05
146.255,0.00254281,-0.0154372,3.31295e-05
146.255,0.00254115,-0.0154321,3.31266e-05
146.255,0.0025395,-0.0154271,3.31237e-05
146.255,0.00253784,-0.0154221,3.31208e-05
146.255,0.00253619,-0.0154171,3.31179e-05
146.255,0.00253454,-0.0154121,3.31151e-05
146.256,0.00253289,-0.0154071,3.31122e-05
146.256,0.00253123,-0.0154021,3.31093e-05
146.256,0.00252958,-0.0153971,3.31064e-05
146.256,0.00252793,-0.0153921,3.31035e-05
146.256,0.00252628,-0.015387,3.31006e-05
146.256,0.00252463,-0.015382,3.30978e-05
146.256,0.00252299,-0.015377,3.30949e-05
146.256,0.00252134,-0.015372,3.3092e-05
146.256,0.00251969,-0.015367,3.30891e-05
146.257,0.00251805,-0.015362,3.30862e-05
146.257,0.0025164,-0.015357,3.30834e-05
146.257,0.00251476,-0.0153519,3.30805e-05
146.257,0.00251311,-0.0153469,3.30776e-05
146.257,0.00251147,-0.0153419,3.30747e-05
146.257,0.00250983,-0.0153369,3.30719e-05
146.257,0.00250819,-0.0153319,3.3069e-05
146.257,0.00250655,-0.0153268,3.30661e-05
146.257,0.00250491,-0.0153218,3.30632e-05
146.257,0.00250327,-0.0153168,3.30603e-05
146.258,0.00250163,-0.0153118,3.30575e-05
146.258,0.00249999,-0.0153068,3.30546e-05
146.258,0.00249835,-0.0153017,3.30517e-05
146.258,0.00249672,-0.0152967,3.30488e-05
146.258,0.00249508,-0.0152917,3.3046e-05
146.258,0.00249345,-0.0152867,3.30431e-05
146.258,0.00249181,-0.0152817,3.30402e-05
146.258,0.00249018,-0.0152766,3.30373e-05
146.258,0.00248855,-0.0152716,3.30344e-05
146.259,0.00248691,-0.0152666,3.30316e-05
146.259,0.00248528,-0.0152616,3.30287e-05
146.259,0.00248365,-0.0152565,3.30258e-05
146.259,0.00248202,-0.0152515,3.30229e-05
146.259,0.00248039,-0.0152465,3.30201e-05
146.259,0.00247876,-0.0152415,3.30172e-05
146.259,0.00247714,-0.0152364,3.30143e-05
146.259,0.00247551,-0.0152314,3.30114e-05
146.259,0.00247388,-0.0152264,3.30086e-05
146.26,0.00247226,-0.0152213,3.30057e-05
146.26,0.00247063,-0.0152163,3.30028e-05
146.26,0.00246901,-0.0152113,3.29999e-05
146.26,0.00246738,-0.0152063,3.29971e-05
146.26,0.00246576,-0.0152012,3.29942e-05
146.26,0.00246414,-0.0151962,3.29913e-05
146.26,0.00246252,-0.0151912,3.29884e-05
146.26,0.0024609,-0.0151861,3.29856e-05
146.26,0.00245928,-0.0151811,3.29827e-05
146.26,0.00245766,-0.0151761,3.29798e-05
146.261,0.00245604,-0.015171,3.29769e-05
146.261,0.00245442,-0.015166,3.29741e-05
146.261,0.0024528,-0.015161,3.29712e-05
146.261,0.00245119,-0.0151559,3.29683e-05
146.261,0.00244957,-0.0151509,3.29654e-05
146.261,0.00244796,-0.0151459,3.29626e-05
146.261,0.00244634,-0.0151408,3.29597e-05
146.261,0.00244473,-0.0151358,3.29568e-05
146.261,0.00244312,-0.0151308,3.2954e-05
146.262,0.0024415,-0.0151257,3.29511e-05
146.262,0.00243989,-0.0151207,3.29482e-05
146.262,0.00243828,-0.0151157,3.29453e-05
146.262,0.00243667,-0.0151106,3.29425e-05
146.262,0.00243506,-0.0151056,3.29396e-05
146.262,0.00243345,-0.0151005,3.29367e-05
146.262,0.00243185,-0.0150955,3.29339e-05
146.262,0.00243024,-0.0150905,3.2931e-05
146.262,0.00242863,-0.0150854,3.29281e-05
146.263,0.00242703,-0.0150804,3.29252e-05
146.263,0.00242542,-0.0150753,3.29224e-05
146.263,0.00242382,-0.0150703,3.29195e-05
146.263,0.00242221,-0.0150653,3.29166e-05
146.263,0.00242061,-0.0150602,3.29138e-05
146.263,0.00241901,-0.0150552,3.29109e-05
146.263,0.00241741,-0.0150501,3.2908e-05
146.263,0.00241581,-0.0150451,3.29051e-05
146.263,0.00241421,-0.01504,3.29023e-05
146.263,0.00241261,-0.015035,3.28994e-05
146.264,0.00241101,-0.01503,3.28965e-05
146.264,0.00240941,-0.0150249,3.28937e-05
146.264,0.00240781,-0.0150199,3.28908e-05
146.264,0.00240622,-0.0150148,3.28879e-05
146.264,0.00240462,-0.0150098,3.28851e-05
146.264,0.00240303,-0.0150047,3.28822e-05
146.264,0.00240143,-0.0149997,3.28793e-05
146.264,0.00239984,-0.0149946,3.28765e-05
146.264,0.00239824,-0.0149896,3.28736e-05
146.265,0.00239665,-0.0149845,3.28707e-05
146.265,0.00239506,-0.0149795,3.28679e-05
146.265,0.00239347,-0.0149744,3.2865e-05
146.265,0.00239188,-0.0149694,3.28621e-05
146.265,0.00239029,-0.0149643,3.28592e-05
146.265,0.0023887,-0.0149593,3.28564e-05
146.265,0.00238711,-0.0149542,3.28535e-05
146.265,0.00238553,-0.0149492,3.28506e-05
146.265,0.00238394,-0.0149441,3.28478e-05
146.265,0.00238235,-0.0149391,3.28449e-05
146.266,0.00238077,-0.014934,3.2842e-05
146.266,0.00237918,-0.014929,3.28392e-05
146.266,0.0023776,-0.0149239,3.28363e-05
146.266,0.00237602,-0.0149189,3.28334e-05
146.266,0.00237444,-0.0149138,3.28306e-05
146.266,0.00237285,-0.0149088,3.28277e-05
146.266,0.00237127,-0.0149037,3.28249e-05
146.266,0.00236969,-0.0148987,3.2822e-05
146.266,0.00236811,-0.0148936,3.28191e-05
146.267,0.00236653,-0.0148885,3.28163e-05
146.267,0.00236496,-0.0148835,3.28134e-05
146.267,0.00236338,-0.0148784,3.28105e-05
146.267,0.0023618,-0.0148734,3.28077e-05
146.267,0.00236023,-0.0148683,3.28048e-05
146.267,0.00235865,-0.0148633,3.28019e-05
146.267,0.00235708,-0.0148582,3.27991e-05
146.267,0.0023555,-0.0148531,3.27962e-05
146.267,0.00235393,-0.0148481,3.27933e-05
146.268,0.00235236,-0.014843,3.27905e-05
146.268,0.00235078,-0.014838,3.27876e-05
146.268,0.00234921,-0.0148329,3.27847e-05
146.268,0.00234764,-0.0148278,3.27819e-05
146.268,0.00234607,-0.0148228,3.2779e-05
146.268,0.0023445,-0.0148177,3.27762e-05
146.268,0.00234294,-0.0148127,3.27733e-05
146.268,0.00234137,-0.0148076,3.27704e-05
146.268,0.0023398,-0.0148025,3.27676e-05
146.268,0.00233824,-0.0147975,3.27647e-05
146.269,0.00233667,-0.0147924,3.27618e-05
146.269,0.0023351,-0.0147873,3.2759e-05
146.269,0.00233354,-0.0147823,3.27561e-05
146.269,0.00233198,-0.0147772,3.27533e-05
146.269,0.00233041,-0.0147722,3.27504e-05
146.269,0.00232885,-0.0147671,3.27475e-05
146.269,0.00232729,-0.014762,3.27447e-05
146.269,0.00232573,-0.014757,3.27418e-05
146.269,0.00232417,-0.0147519,3.2739e-05
146.27,0.00232261,-0.0147468,3.27361e-05
146.27,0.00232105,-0.0147418,3.27332e-05
146.27,0.0023195,-0.0147367,3.27304e-05
146.27,0.00231794,-0.0147316,3.27275e-05
146.27,0.00231638,-0.0147266,3.27246e-05
146.27,0.00231483,-0.0147215,3.27218e-05
146.27,0.00231327,-0.0147164,3.27189e-05
146.27,0.00231172,-0.0147113,3.27161e-05
146.27,0.00231016,-0.0147063,3.27132e-05
146.27,0.00230861,-0.0147012,3.27103e-05
146.271,0.00230706,-0.0146961,3.27075e-05
146.271,0.00230551,-0.0146911,3.27046e-05
146.271,0.00230396,-0.014686,3.27018e-05
146.271,0.00230241,-0.0146809,3.26989e-05
146.271,0.00230086,-0.0146759,3.26961e-05
146.271,0.00229931,-0.0146708,3.26932e-05
146.271,0.00229776,-0.0146657,3.26903e-05
146.271,0.00229621,-0.0146606,3.26875e-05
146.271,0.00229467,-0.0146556,3.26846e-05
146.272,0.00229312,-0.0146505,3.26818e-05
146.272,0.00229158,-0.0146454,3.26789e-05
146.272,0.00229003,-0.0146403,3.2676e-05
146.272,0.00228849,-0.0146353,3.26732e-05
146.272,0.00228694,-0.0146302,3.26703e-05
146.272,0.0022854,-0.0146251,3.26675e-05
146.272,0.00228386,-0.01462,3.26646e-05
146.272,0.00228232,-0.014615,3.26618e-05
146.272,0.00228078,-0.0146099,3.26589e-05
146.272,0.00227924,-0.0146048,3.2656e-05
146.273,0.0022777,-0.0145997,3.26532e-05
146.273,0.00227616,-0.0145947,3.26503e-05
146.273,0.00227462,-0.0145896,3.26475e-05
146.273,0.00227309,-0.0145845,3.26446e-05
146.273,0.00227155,-0.0145794,3.26418e-05
146.273,0.00227002,-0.0145743,3.26389e-05
146.273,0.00226848,-0.0145693,3.26361e-05
146.273,0.00226695,-0.0145642,3.26332e-05
146.273,0.00226541,-0.0145591,3.26303e-05
146.274,0.00226388,-0.014554,3.26275e-05
146.274,0.00226235,-0.0145489,3.26246e-05
146.274,0.00226082,-0.0145439,3.26218e-05
146.274,0.00225929,-0.0145388,3.26189e-05
146.274,0.00225776,-0.0145337,3.26161e-05
146.274,0.00225623,-0.0145286,3.26132e-05
146.274,0.0022547,-0.0145235,3.26104e-05
146.274,0.00225317,-0.0145184,3.26075e-05
146.274,0.00225165,-0.0145134,3.26047e-05
146.274,0.00225012,-0.0145083,3.26018e-05
146.275,0.00224859,-0.0145032,3.25989e-05
146.275,0.00224707,-0.0144981,3.25961e-05
146.275,0.00224554,-0.014493,3.25932e-05
146.275,0.00224402,-0.0144879,3.25904e-05
146.275,0.0022425,-0.0144829,3.25875e-05
146.275,0.00224098,-0.0144778,3.25847e-05
146.275,0.00223945,-0.0144727,3.25818e-05
146.275,0.00223793,-0.0144676,3.2579e-05
146.275,0.00223641,-0.0144625,3.25761e-05
146.276,0.00223489,-0.0144574,3.25733e-05
146.276,0.00223337,-0.0144523,3.25704e-05
146.276,0.00223186,-0.0144473,3.25676e-05
146.276,0.00223034,-0.0144422,3.25647e-05
146.276,0.00222882,-0.0144371,3.25619e-05
146.276,0.00222731,-0.014432,3.2559e-05
146.276,0.00222579,-0.0144269,3.25562e-05
146.276,0.00222428,-0.0144218,3.25533e-05
146.276,0.00222276,-0.0144167,3.25505e-05
146.276,0.00222125,-0.0144116,3.25476e-05
146.277,0.00221974,-0.0144065,3.25448e-05
146.277,0.00221823,-0.0144015,3.25419e-05
146.277,0.00221671,-0.0143964,3.25391e-05
146.277,0.0022152,-0.0143913,3.25362e-05
146.277,0.00221369,-0.0143862,3.25334e-05
146.277,0.00221218,-0.0143811,3.25305e-05
146.277,0.00221068,-0.014376,3.25277e-05
146.277,0.00220917,-0.0143709,3.25248e-05
146.277,0.00220766,-0.0143658,3.2522e-05
146.278,0.00220616,-0.0143607,3.25191e-05
146.278,0.00220465,-0.0143556,3.25163e-05
146.278,0.00220314,-0.0143505,3.25134e-05
146.278,0.00220164,-0.0143454,3.25106e-05
146.278,0.00220014,-0.0143403,3.25077e-05
146.278,0.00219863,-0.0143352,3.25049e-05
146.278,0.00219713,-0.0143301,3.2502e-05
146.278,0.00219563,-0.0143251,3.24992e-05
146.278,0.00219413,-0.01432,3.24963e-05
146.278,0.00219263,-0.0143149,3.24935e-05
146.279,0.00219113,-0.0143098,3.24906e-05
146.279,0.00218963,-0.0143047,3.24878e-05
146.279,0.00218813,-0.0142996,3.24849e-05
146.279,0.00218664,-0.0142945,3.24821e-05
146.279,0.00218514,-0.0142894,3.24792e-05
146.279,0.00218364,-0.0142843,3.24764e-05
146.279,0.00218215,-0.0142792,3.24736e-05
146.279,0.00218065,-0.0142741,3.24707e-05
146.279,0.00217916,-0.014269,3.24679e-05
146.28,0.00217767,-0.0142639,3.2465e-05
146.28,0.00217617,-0.0142588,3.24622e-05
146.28,0.00217468,-0.0142537,3.24593e-05
146.28,0.00217319,-0.0142486,3.24565e-05
146.28,0.0021717,-0.0142435,3.24536e-05
146.28,0.00217021,-0.0142384,3.24508e-05
146.28,0.00216872,-0.0142333,3.24479e-05
146.28,0.00216723,-0.0142282,3.24451e-05
146.28,0.00216574,-0.0142231,3.24422e-05
146.28,0.00216426,-0.014218,3.24394e-05
146.281,0.00216277,-0.0142129,3.24366e-05
146.281,0.00216129,-0.0142078,3.24337e-05
146.281,0.0021598,-0.0142027,3.24309e-05
146.281,0.00215832,-0.0141976,3.2428e-05
146.281,0.00215683,-0.0141925,3.24252e-05
146.281,0.00215535,-0.0141874,3.24223e-05
146.281,0.00215387,-0.0141823,3.24195e-05
146.281,0.00215239,-0.0141771,3.24167e-05
146.281,0.0021509,-0.014172,3.24138e-05
146.281,0.00214942,-0.0141669,3.2411e-05
146.282,0.00214794,-0.0141618,3.24081e-05
146.282,0.00214647,-0.0141567,3.24053e-05
146.282,0.00214499,-0.0141516,3.24024e-05
146.282,0.00214351,-0.0141465,3.23996e-05
146.282,0.00214203,-0.0141414,3.23968e-05
146.282,0.00214056,-0.0141363,3.23939e-05
146.282,0.00213908,-0.0141312,3.23911e-05
146.282,0.00213761,-0.0141261,3.23882e-05
146.282,0.00213613,-0.014121,3.23854e-05
146.283,0.00213466,-0.0141159,3.23825e-05
146.283,0.00213319,-0.0141108,3.23797e-05
146.283,0.00213171,-0.0141057,3.23769e-05
146.283,0.00213024,-0.0141005,3.2374e-05
146.283,0.00212877,-0.0140954,3.23712e-05
146.283,0.0021273,-0.0140903,3.23683e-05
146.283,0.00212583,-0.0140852,3.23655e-05
146.283,0.00212436,-0.0140801,3.23627e-05
146.283,0.0021229,-0.014075,3.23598e-05
146.283,0.00212143,-0.0140699,3.2357e-05
146.284,0.00211996,-0.0140648,3.23541e-05
146.284,0.0021185,-0.0140597,3.23513e-05
146.284,0.00211703,-0.0140546,3.23485e-05
146.284,0.00211557,-0.0140494,3.23456e-05
146.284,0.0021141,-0.0140443,3.23428e-05
146.284,0.00211264,-0.0140392,3.23399e-05
146.284,0.00211118,-0.0140341,3.23371e-05
146.284,0.00210972,-0.014029,3.23343e-05
146.284,0.00210825,-0.0140239,3.23314e-05
146.285,0.00210679,-0.0140188,3.23286e-05
146.285,0.00210533,-0.0140137,3.23258e-05
146.285,0.00210388,-0.0140085,3.23229e-05
146.285,0.00210242,-0.0140034,3.23201e-05
146.285,0.00210096,-0.0139983,3.23172e-05
146.285,0.0020995,-0.0139932,3.23144e-05
146.285,0.00209805,-0.0139881,3.23116e-05
146.285,0.00209659,-0.013983,3.23087e-05
146.285,0.00209514,-0.0139778,3.23059e-05
146.285,0.00209368,-0.0139727,3.23031e-05
146.286,0.00209223,-0.0139676,3.23002e-05
146.286,0.00209077,-0.0139625,3.22974e-05
146.286,0.00208932,-0.0139574,3.22945e-05
146.286,0.00208787,-0.0139523,3.22917e-05
146.286,0.00208642,-0.0139471,3.22889e-05
146.286,0.00208497,-0.013942,3.2286e-05
146.286,0.00208352,-0.0139369,3.22832e-05
146.286,0.00208207,-0.0139318,3.22804e-05
146.286,0.00208062,-0.0139267,3.22775e-05
146.286,0.00207917,-0.0139216,3.22747e-05
146.287,0.00207773,-0.0139164,3.22719e-05
146.287,0.00207628,-0.0139113,3.2269e-05
146.287,0.00207484,-0.0139062,3.22662e-05
146.287,0.00207339,-0.0139011,3.22634e-05
146.287,0.00207195,-0.013896,3.22605e-05
146.287,0.0020705,-0.0138908,3.22577e-05
146.287,0.00206906,-0.0138857,3.22548e-05
146.287,0.00206762,-0.0138806,3.2252e-05
146.287,0.00206618,-0.0138755,3.22492e-05
146.288,0.00206474,-0.0138704,3.22463e-05
146.288,0.0020633,-0.0138652,3.22435e-05
146.288,0.00206186,-0.0138601,3.22407e-05
146.288,0.00206042,-0.013855,3.22378e-05
146.288,0.00205898,-0.0138499,3.2235e-05
146.288,0.00205754,-0.0138448,3.22322e-05
146.288,0.00205611,-0.0138396,3.22293e-05
146.288,0.00205467,-0.0138345,3.22265e-05
146.288,0.00205323,-0.0138294,3.22237e-05
146.288,0.0020518,-0.0138243,3.22209e-05
146.289,0.00205036,-0.0138191,3.2218e-05
146.289,0.00204893,-0.013814,3.22152e-05
146.289,0.0020475,-0.0138089,3.22124e-05
146.289,0.00204607,-0.0138038,3.22095e-05
146.289,0.00204463,-0.0137986,3.22067e-05
146.289,0.0020432,-0.0137935,3.22039e-05
146.289,0.00204177,-0.0137884,3.2201e-05
146.289,0.00204034,-0.0137833,3.21982e-05
146.289,0.00203892,-0.0137781,3.21954e-05
146.29,0.00203749,-0.013773,3.21925e-05
146.29,0.00203606,-0.0137679,3.21897e-05
146.29,0.00203463,-0.0137628,3.21869e-05
146.29,0.00203321,-0.0137576,3.2184e-05
146.29,0.00203178,-0.0137525,3.21812e-05
146.29,0.00203036,-0.0137474,3.21784e-05
146.29,0.00202893,-0.0137423,3.21756e-05
146.29,0.00202751,-0.0137371,3.21727e-05
146.29,0.00202609,-0.013732,3.21699e-05
146.29,0.00202467,-0.0137269,3.21671e-05
146.291,0.00202324,-0.0137217,3.21642e-05
146.291,0.00202182,-0.0137166,3.21614e-05
146.291,0.0020204,-0.0137115,3.21586e-05
146.291,0.00201898,-0.0137064,3.21558e-05
146.291,0.00201757,-0.0137012,3.21529e-05
146.291,0.00201615,-0.0136961,3.21501e-05
146.291,0.00201473,-0.013691,3.21473e-05
146.291,0.00201331,-0.0136858,3.21444e-05
146.291,0.0020119,-0.0136807,3.21416e-05
146.291,0.00201048,-0.0136756,3.21388e-05
146.292,0.00200907,-0.0136705,3.2136e-05
146.292,0.00200765,-0.0136653,3.21331e-05
146.292,0.00200624,-0.0136602,3.21303e-05
146.292,0.00200483,-0.0136551,3.21275e-05
146.292,0.00200342,-0.0136499,3.21247e-05
146.292,0.00200201,-0.0136448,3.21218e-05
146.292,0.00200059,-0.0136397,3.2119e-05
146.292,0.00199919,-0.0136345,3.21162e-05
146.292,0.00199778,-0.0136294,3.21133e-05
146.293,0.00199637,-0.0136243,3.21105e-05
146.293,0.00199496,-0.0136191,3.21077e-05
146.293,0.00199355,-0.013614,3.21049e-05
146.293,0.00199215,-0.0136089,3.2102e-05
146.293,0.00199074,-0.0136037,3.20992e-05
146.293,0.00198933,-0.0135986,3.20964e-05
146.293,0.00198793,-0.0135935,3.20936e-05
146.293,0.00198653,-0.0135883,3.20907e-05
146.293,0.00198512,-0.0135832,3.20879e-05
146.293,0.00198372,-0.0135781,3.20851e-05
146.294,0.00198232,-0.0135729,3.20823e-05
146.294,0.00198092,-0.0135678,3.20794e-05
146.294,0.00197952,-0.0135627,3.20766e-05
146.294,0.00197812,-0.0135575,3.20738e-05
146.294,0.00197672,-0.0135524,3.2071e-05
146.294,0.00197532,-0.0135473,3.20682e-05
146.294,0.00197392,-0.0135421,3.20653e-05
146.294,0.00197252,-0.013537,3.20625e-05
146.294,0.00197113,-0.0135319,3.20597e-05
146.294,0.00196973,-0.0135267,3.20569e-05
146.295,0.00196834,-0.0135216,3.2054e-05
146.295,0.00196694,-0.0135164,3.20512e-05
146.295,0.00196555,-0.0135113,3.20484e-05
146.295,0.00196415,-0.0135062,3.20456e-05
146.295,0.00196276,-0.013501,3.20428e-05
146.295,0.00196137,-0.0134959,3.20399e-05
146.295,0.00195998,-0.0134908,3.20371e-05
146.295,0.00195859,-0.0134856,3.20343e-05
146.295,0.0019572,-0.0134805,3.20315e-05
146.295,0.00195581,-0.0134753,3.20286e-05
146.296,0.00195442,-0.0134702,3.20258e-05
146.296,0.00195303,-0.0134651,3.2023e-05
146.296,0.00195164,-0.0134599,3.20202e-05
146.296,0.00195026,-0.0134548,3.20174e-05
146.296,0.00194887,-0.0134496,3.20145e-05
146.296,0.00194749,-0.0134445,3.20117e-05
146.296,0.0019461,-0.0134394,3.20089e-05
146.296,0.00194472,-0.0134342,3.20061e-05
146.296,0.00194333,-0.0134291,3.20033e-05
146.297,0.00194195,-0.0134239,3.20004e-05
146.297,0.00194057,-0.0134188,3.19976e-05
146.297,0.00193919,-0.0134137,3.19948e-05
146.297,0.00193781,-0.0134085,3.1992e-05
146.297,0.00193643,-0.0134034,3.19892e-05
146.297,0.00193505,-0.0133982,3.19863e-05
146.297,0.00193367,-0.0133931,3.19835e-05
146.297,0.00193229,-0.013388,3.19807e-05
146.297,0.00193091,-0.0133828,3.19779e-05
146.297,0.00192954,-0.0133777,3.19751e-05
146.298,0.00192816,-0.0133725,3.19723e-05
146.298,0.00192679,-0.0133674,3.19694e-05
146.298,0.00192541,-0.0133623,3.19666e-05
146.298,0.00192404,-0.0133571,3.19638e-05
146.298,0.00192266,-0.013352,3.1961e-05
146.298,0.00192129,-0.0133468,3.19582e-05
146.298,0.00191992,-0.0133417,3.19554e-05
146.298,0.00191855,-0.0133365,3.19525e-05
146.298,0.00191718,-0.0133314,3.19497e-05
146.298,0.00191581,-0.0133262,3.19469e-05
146.299,0.00191444,-0.0133211,3.19441e-05
146.299,0.00191307,-0.013316,3.19413e-05
146.299,0.0019117,-0.0133108,3.19385e-05
146.299,0.00191033,-0.0133057,3.19356e-05
146.299,0.00190897,-0.0133005,3.19328e-05
146.299,0.0019076,-0.0132954,3.193e-05
146.299,0.00190623,-0.0132902,3.19272e-05
146.299,0.00190487,-0.0132851,3.19244e-05
146.299,0.00190351,-0.0132799,3.19216e-05
146.3,0.00190214,-0.0132748,3.19188e-05
146.3,0.00190078,-0.0132697,3.19159e-05
146.3,0.00189942,-0.0132645,3.19131e-05
146.3,0.00189806,-0.0132594,3.19103e-05
146.3,0.00189669,-0.0132542,3.19075e-05
146.3,0.00189533,-0.0132491,3.19047e-05
146.3,0.00189397,-0.0132439,3.19019e-05
146.3,0.00189262,-0.0132388,3.18991e-05
146.3,0.00189126,-0.0132336,3.18962e-05
146.3,0.0018899,-0.0132285,3.18934e-05
146.301,0.00188854,-0.0132233,3.18906e-05
146.301,0.00188719,-0.0132182,3.18878e-05
146.301,0.00188583,-0.013213,3.1885e-05
146.301,0.00188448,-0.0132079,3.18822e-05
146.301,0.00188312,-0.0132028,3.18794e-05
146.301,0.00188177,-0.0131976,3.18766e-05
146.301,0.00188042,-0.0131925,3.18737e-05
146.301,0.00187906,-0.0131873,3.18709e-05
146.301,0.00187771,-0.0131822,3.18681e-05
146.301,0.00187636,-0.013177,3.18653e-05
146.302,0.00187501,-0.0131719,3.18625e-05
146.302,0.00187366,-0.0131667,3.18597e-05
146.302,0.00187231,-0.0131616,3.18569e-05
146.302,0.00187096,-0.0131564,3.18541e-05
146.302,0.00186961,-0.0131513,3.18513e-05
146.302,0.00186827,-0.0131461,3.18484e-05
146.302,0.00186692,-0.013141,3.18456e-05
146.302,0.00186558,-0.0131358,3.18428e-05
146.302,0.00186423,-0.0131307,3.184e-05
146.302,0.00186289,-0.0131255,3.18372e-05
146.303,0.00186154,-0.0131204,3.18344e-05
146.303,0.0018602,-0.0131152,3.18316e-05
146.303,0.00185886,-0.0131101,3.18288e-05
146.303,0.00185751,-0.0131049,3.1826e-05
146.303,0.00185617,-0.0130998,3.18232e-05
146.303,0.00185483,-0.0130946,3.18203e-05
146.303,0.00185349,-0.0130895,3.18175e-05
146.303,0.00185215,-0.0130843,3.18147e-05
146.303,0.00185081,-0.0130792,3.18119e-05
146.304,0.00184948,-0.013074,3.18091e-05
146.304,0.00184814,-0.0130689,3.18063e-05
146.304,0.0018468,-0.0130637,3.18035e-05
146.304,0.00184547,-0.0130586,3.18007e-05
146.304,0.00184413,-0.0130534,3.17979e-05
146.304,0.0018428,-0.0130483,3.17951e-05
146.304,0.00184146,-0.0130431,3.17923e-05
146.304,0.00184013,-0.013038,3.17895e-05
146.304,0.0018388,-0.0130328,3.17867e-05
146.304,0.00183746,-0.0130277,3.17838e-05
146.305,0.00183613,-0.0130225,3.1781e-05
146.305,0.0018348,-0.0130173,3.17782e-05
146.305,0.00183347,-0.0130122,3.17754e-05
146.305,0.00183214,-0.013007,3.17726e-05
146.305,0.00183081,-0.0130019,3.17698e-05
146.305,0.00182949,-0.0129967,3.1767e-05
146.305,0.00182816,-0.0129916,3.17642e-05
146.305,0.00182683,-0.0129864,3.17614e-05
146.305,0.0018255,-0.0129813,3.17586e-05
146.305,0.00182418,-0.0129761,3.17558e-05
146.306,0.00182285,-0.012971,3.1753e-05
146.306,0.00182153,-0.0129658,3.17502e-05
146.306,0.00182021,-0.0129607,3.17474e-05
146.306,0.00181888,-0.0129555,3.17446e-05
146.306,0.00181756,-0.0129504,3.17418e-05
146.306,0.00181624,-0.0129452,3.1739e-05
146.306,0.00181492,-0.01294,3.17362e-05
146.306,0.0018136,-0.0129349,3.17334e-05
146.306,0.00181228,-0.0129297,3.17306e-05
146.306,0.00181096,-0.0129246,3.17278e-05
146.307,0.00180964,-0.0129194,3.1725e-05
146.307,0.00180832,-0.0129143,3.17221e-05
146.307,0.00180701,-0.0129091,3.17193e-05
146.307,0.00180569,-0.012904,3.17165e-05
146.307,0.00180437,-0.0128988,3.17137e-05
146.307,0.00180306,-0.0128937,3.17109e-05
146.307,0.00180174,-0.0128885,3.17081e-05
146.307,0.00180043,-0.0128833,3.17053e-05
146.307,0.00179912,-0.0128782,3.17025e-05
146.307,0.0017978,-0.012873,3.16997e-05
146.308,0.00179649,-0.0128679,3.16969e-05
146.308,0.00179518,-0.0128627,3.16941e-05
146.308,0.00179387,-0.0128576,3.16913e-05
146.308,0.00179256,-0.0128524,3.16885e-05
146.308,0.00179125,-0.0128473,3.16857e-05
146.308,0.00178994,-0.0128421,3.16829e-05
146.308,0.00178863,-0.0128369,3.16801e-05
146.308,0.00178733,-0.0128318,3.16773e-05
146.308,0.00178602,-0.0128266,3.16745e-05
146.309,0.00178471,-0.0128215,3.16717e-05
146.309,0.00178341,-0.0128163,3.16689e-05
146.309,0.0017821,-0.0128112,3.16661e-05
146.309,0.0017808,-0.012806,3.16633e-05
146.309,0.00177949,-0.0128008,3.16605e-05
146.309,0.00177819,-0.0127957,3.16577e-05
146.309,0.00177689,-0.0127905,3.16549e-05
146.309,0.00177559,-0.0127854,3.16521e-05
146.309,0.00177429,-0.0127802,3.16493e-05
146.309,0.00177299,-0.0127751,3.16465e-05
146.31,0.00177169,-0.0127699,3.16437e-05
146.31,0.00177039,-0.0127647,3.16409e-05
146.31,0.00176909,-0.0127596,3.16381e-05
146.31,0.00176779,-0.0127544,3.16353e-05
146.31,0.00176649,-0.0127493,3.16325e-05
146.31,0.0017652,-0.0127441,3.16298e-05
146.31,0.0017639,-0.012739,3.1627e-05
146.31,0.00176261,-0.0127338,3.16242e-05
146.31,0.00176131,-0.0127286,3.16214e-05
146.31,0.00176002,-0.0127235,3.16186e-05
146.311,0.00175872,-0.0127183,3.16158e-05
146.311,0.00175743,-0.0127132,3.1613e-05
146.311,0.00175614,-0.012708,3.16102e-05
146.311,0.00175485,-0.0127028,3.16074e-05
146.311,0.00175356,-0.0126977,3.16046e-05
146.311,0.00175227,-0.0126925,3.16018e-05
146.311,0.00175098,-0.0126874,3.1599e-05
146.311,0.00174969,-0.0126822,3.15962e-05
146.311,0.0017484,-0.0126771,3.15934e-05
146.311,0.00174711,-0.0126719,3.15906e-05
146.312,0.00174583,-0.0126667,3.15878e-05
146.312,0.00174454,-0.0126616,3.1585e-05
146.312,0.00174325,-0.0126564,3.15822e-05
146.312,0.00174197,-0.0126513,3.15794e-05
146.312,0.00174068,-0.0126461,3.15766e-05
146.312,0.0017394,-0.0126409,3.15738e-05
146.312,0.00173812,-0.0126358,3.15711e-05
146.312,0.00173683,-0.0126306,3.15683e-05
146.312,0.00173555,-0.0126255,3.15655e-05
146.312,0.00173427,-0.0126203,3.15627e-05
146.313,0.00173299,-0.0126151,3.15599e-05
146.313,0.00173171,-0.01261,3.15571e-05
146.313,0.00173043,-0.0126048,3.15543e-05
146.313,0.00172915,-0.0125997,3.15515e-05
146.313,0.00172788,-0.0125945,3.15487e-05
146.313,0.0017266,-0.0125893,3.15459e-05
146.313,0.00172532,-0.0125842,3.15431e-05
146.313,0.00172405,-0.012579,3.15403e-05
146.313,0.00172277,-0.0125739,3.15375e-05
146.313,0.00172149,-0.0125687,3.15348e-05
146.314,0.00172022,-0.0125635,3.1532e-05
146.314,0.00171895,-0.0125584,3.15292e-05
146.314,0.00171767,-0.0125532,3.15264e-05
146.314,0.0017164,-0.0125481,3.15236e-05
146.314,0.00171513,-0.0125429,3.15208e-05
146.314,0.00171386,-0.0125377,3.1518e-05
146.314,0.00171259,-0.0125326,3.15152e-05
146.314,0.00171132,-0.0125274,3.15124e-05
146.314,0.00171005,-0.0125223,3.15096e-05
146.315,0.00170878,-0.0125171,3.15068e-05
146.315,0.00170751,-0.0125119,3.15041e-05
146.315,0.00170625,-0.0125068,3.15013e-05
146.315,0.00170498,-0.0125016,3.14985e-05
146.315,0.00170371,-0.0124965,3.14957e-05
146.315,0.00170245,-0.0124913,3.14929e-05
146.315,0.00170118,-0.0124861,3.14901e-05
146.315,0.00169992,-0.012481,3.14873e-05
146.315,0.00169866,-0.0124758,3.14845e-05
146.315,0.00169739,-0.0124707,3.14818e-05
146.316,0.00169613,-0.0124655,3.1479e-05
146.316,0.00169487,-0.0124603,3.14762e-05
146.316,0.00169361,-0.0124552,3.14734e-05
146.316,0.00169235,-0.01245,3.14706e-05
146.316,0.00169109,-0.0124449,3.14678e-05
146.316,0.00168983,-0.0124397,3.1465e-05
146.316,0.00168857,-0.0124345,3.14622e-05
146.316,0.00168732,-0.0124294,3.14595e-05
146.316,0.00168606,-0.0124242,3.14567e-05
146.316,0.0016848,-0.012419,3.14539e-05
146.317,0.00168355,-0.0124139,3.14511e-05
146.317,0.00168229,-0.0124087,3.14483e-05
146.317,0.00168104,-0.0124036,3.14455e-05
146.317,0.00167978,-0.0123984,3.14427e-05
146.317,0.00167853,-0.0123932,3.144e-05
146.317,0.00167728,-0.0123881,3.14372e-05
146.317,0.00167603,-0.0123829,3.14344e-05
146.317,0.00167477,-0.0123778,3.14316e-05
146.317,0.00167352,-0.0123726,3.14288e-05
146.317,0.00167227,-0.0123674,3.1426e-05
146.318,0.00167102,-0.0123623,3.14232e-05
146.318,0.00166978,-0.0123571,3.14205e-05
146.318,0.00166853,-0.012352,3.14177e-05
146.318,0.00166728,-0.0123468,3.14149e-05
146.318,0.00166603,-0.0123416,3.14121e-05
146.318,0.00166479,-0.0123365,3.14093e-05
146.318,0.00166354,-0.0123313,3.14065e-05
146.318,0.0016623,-0.0123261,3.14038e-05
146.318,0.00166105,-0.012321,3.1401e-05
146.318,0.00165981,-0.0123158,3.13982e-05
146.319,0.00165857,-0.0123107,3.13954e-05
146.319,0.00165732,-0.0123055,3.13926e-05
146.319,0.00165608,-0.0123003,3.13898e-05
146.319,0.00165484,-0.0122952,3.13871e-05
146.319,0.0016536,-0.01229,3.13843e-05
146.319,0.00165236,-0.0122849,3.13815e-05
146.319,0.00165112,-0.0122797,3.13787e-05
146.319,0.00164988,-0.0122745,3.13759e-05
146.319,0.00164864,-0.0122694,3.13732e-05
146.319,0.00164741,-0.0122642,3.13704e-05
146.32,0.00164617,-0.012259,3.13676e-05
146.32,0.00164493,-0.0122539,3.13648e-05
146.32,0.0016437,-0.0122487,3.1362e-05
146.32,0.00164246,-0.0122436,3.13593e-05
146.32,0.00164123,-0.0122384,3.13565e-05
146.32,0.00163999,-0.0122332,3.13537e-05
146.32,0.00163876,-0.0122281,3.13509e-05
146.32,0.00163753,-0.0122229,3.13481e-05
146.32,0.0016363,-0.0122178,3.13454e-05
146.32,0.00163507,-0.0122126,3.13426e-05
146.321,0.00163384,-0.0122074,3.13398e-05
146.321,0.00163261,-0.0122023,3.1337e-05
146.321,0.00163138,-0.0121971,3.13342e-05
146.321,0.00163015,-0.0121919,3.13315e-05
146.321,0.00162892,-0.0121868,3.13287e-05
146.321,0.00162769,-0.0121816,3.13259e-05
146.321,0.00162646,-0.0121765,3.13231e-05
146.321,0.00162524,-0.0121713,3.13203e-05
146.321,0.00162401,-0.0121661,3.13176e-05
146.321,0.00162279,-0.012161,3.13148e-05
146.322,0.00162156,-0.0121558,3.1312e-05
146.322,0.00162034,-0.0121507,3.13092e-05
146.322,0.00161912,-0.0121455,3.13065e-05
146.322,0.0016179,-0.0121403,3.13037e-05
146.322,0.00161667,-0.0121352,3.13009e-05
146.322,0.00161545,-0.01213,3.12981e-05
146.322,0.00161423,-0.0121248,3.12954e-05
146.322,0.00161301,-0.0121197,3.12926e-05
146.322,0.00161179,-0.0121145,3.12898e-05
146.322,0.00161057,-0.0121094,3.1287e-05
146.323,0.00160936,-0.0121042,3.12843e-05
146.323,0.00160814,-0.012099,3.12815e-05
146.323,0.00160692,-0.0120939,3.12787e-05
146.323,0.00160571,-0.0120887,3.12759e-05
146.323,0.00160449,-0.0120836,3.12732e-05
146.323,0.00160327,-0.0120784,3.12704e-05
146.323,0.00160206,-0.0120732,3.12676e-05
146.323,0.00160085,-0.0120681,3.12648e-05
146.323,0.00159963,-0.0120629,3.12621e-05
146.323,0.00159842,-0.0120578,3.12593e-05
146.324,0.00159721,-0.0120526,3.12565e-05
146.324,0.001596,-0.0120474,3.12537e-05
146.324,0.00159479,-0.0120423,3.1251e-05
146.324,0.00159358,-0.0120371,3.12482e-05
146.324,0.00159237,-0.012032,3.12454e-05
146.324,0.00159116,-0.0120268,3.12426e-05
146.324,0.00158995,-0.0120216,3.12399e-05
146.324,0.00158874,-0.0120165,3.12371e-05
146.324,0.00158754,-0.0120113,3.12343e-05
146.324,0.00158633,-0.0120062,3.12316e-05
146.325,0.00158513,-0.012001,3.12288e-05
146.325,0.00158392,-0.0119958,3.1226e-05
146.325,0.00158272,-0.0119907,3.12232e-05
146.325,0.00158151,-0.0119855,3.12205e-05
146.325,0.00158031,-0.0119803,3.12177e-05
146.325,0.00157911,-0.0119752,3.12149e-05
146.325,0.00157791,-0.01197,3.12122e-05
146.325,0.0015767,-0.0119649,3.12094e-05
146.325,0.0015755,-0.0119597,3.12066e-05
146.325,0.0015743,-0.0119545,3.12038e-05
146.326,0.0015731,-0.0119494,3.12011e-05
146.326,0.00157191,-0.0119442,3.11983e-05
146.326,0.00157071,-0.0119391,3.11955e-05
146.326,0.00156951,-0.0119339,3.11928e-05
146.326,0.00156831,-0.0119288,3.119e-05
146.326,0.00156712,-0.0119236,3.11872e-05
146.326,0.00156592,-0.0119184,3.11845e-05
146.326,0.00156473,-0.0119133,3.11817e-05
146.326,0.00156353,-0.0119081,3.11789e-05
146.326,0.00156234,-0.011903,3.11761e-05
146.327,0.00156114,-0.0118978,3.11734e-05
146.327,0.00155995,-0.0118926,3.11706e-05
146.327,0.00155876,-0.0118875,3.11678e-05
146.327,0.00155757,-0.0118823,3.11651e-05
146.327,0.00155638,-0.0118772,3.11623e-05
146.327,0.00155519,-0.011872,3.11595e-05
146.327,0.001554,-0.0118668,3.11568e-05
146.327,0.00155281,-0.0118617,3.1154e-05
146.327,0.00155162,-0.0118565,3.11512e-05
146.327,0.00155043,-0.0118514,3.11485e-05
146.328,0.00154925,-0.0118462,3.11457e-05
146.328,0.00154806,-0.011841,3.11429e-05
146.328,0.00154687,-0.0118359,3.11402e-05
146.328,0.00154569,-0.0118307,3.11374e-05
146.328,0.0015445,-0.0118256,3.11346e-05
146.328,0.00154332,-0.0118204,3.11319e-05
146.328,0.00154214,-0.0118153,3.11291e-05
146.328,0.00154095,-0.0118101,3.11263e-05
146.328,0.00153977,-0.0118049,3.11236e-05
146.329,0.00153859,-0.0117998,3.11208e-05
146.329,0.00153741,-0.0117946,3.1118e-05
146.329,0.00153623,-0.0117895,3.11153e-05
146.329,0.00153505,-0.0117843,3.11125e-05
146.329,0.00153387,-0.0117792,3.11098e-05
146.329,0.00153269,-0.011774,3.1107e-05
146.329,0.00153152,-0.0117688,3.11042e-05
146.329,0.00153034,-0.0117637,3.11015e-05
146.329,0.00152916,-0.0117585,3.10987e-05
146.329,0.00152799,-0.0117534,3.10959e-05
146.33,0.00152681,-0.0117482,3.10932e-05
146.33,0.00152564,-0.0117431,3.10904e-05
146.33,0.00152446,-0.0117379,3.10876e-05
146.33,0.00152329,-0.0117327,3.10849e-05
146.33,0.00152211,-0.0117276,3.10821e-05
146.33,0.00152094,-0.0117224,3.10794e-05
146.33,0.00151977,-0.0117173,3.10766e-05
146.33,0.0015186,-0.0117121,3.10738e-05
146.33,0.00151743,-0.011707,3.10711e-05
146.33,0.00151626,-0.0117018,3.10683e-05
146.331,0.00151509,-0.0116966,3.10655e-05
146.331,0.00151392,-0.0116915,3.10628e-05
146.331,0.00151275,-0.0116863,3.106e-05
146.331,0.00151159,-0.0116812,3.10573e-05
146.331,0.00151042,-0.011676,3.10545e-05
146.331,0.00150925,-0.0116709,3.10517e-05
146.331,0.00150809,-0.0116657,3.1049e-05
146.331,0.00150692,-0.0116606,3.10462e-05
146.331,0.00150576,-0.0116554,3.10435e-05
146.331,0.00150459,-0.0116502,3.10407e-05
146.332,0.00150343,-0.0116451,3.10379e-05
146.332,0.00150227,-0.0116399,3.10352e-05
146.332,0.00150111,-0.0116348,3.10324e-05
146.332,0.00149995,-0.0116296,3.10297e-05
146.332,0.00149879,-0.0116245,3.10269e-05
146.332,0.00149763,-0.0116193,3.10241e-05
146.332,0.00149647,-0.0116142,3.10214e-05
146.332,0.00149531,-0.011609,3.10186e-05
146.332,0.00149415,-0.0116039,3.10159e-05
146.332,0.00149299,-0.0115987,3.10131e-05
146.332,0.00149183,-0.0115935,3.10104e-05
146.333,0.00149068,-0.0115884,3.10076e-05
146.333,0.00148952,-0.0115832,3.10048e-05
146.333,0.00148837,-0.0115781,3.10021e-05
146.333,0.00148721,-0.0115729,3.09993e-05
146.333,0.00148606,-0.0115678,3.09966e-05
146.333,0.00148491,-0.0115626,3.09938e-05
146.333,0.00148375,-0.0115575,3.09911e-05
146.333,0.0014826,-0.0115523,3.09883e-05
146.333,0.00148145,-0.0115472,3.09855e-05
146.333,0.0014803,-0.011542,3.09828e-05
146.334,0.00147915,-0.0115369,3.098e-05
146.334,0.001478,-0.0115317,3.09773e-05
146.334,0.00147685,-0.0115266,3.09745e-05
146.334,0.0014757,-0.0115214,3.09718e-05
146.334,0.00147455,-0.0115163,3.0969e-05
146.334,0.0014734,-0.0115111,3.09663e-05
146.334,0.00147226,-0.0115059,3.09635e-05
146.334,0.00147111,-0.0115008,3.09607e-05
146.334,0.00146997,-0.0114956,3.0958e-05
146.334,0.00146882,-0.0114905,3.09552e-05
146.335,0.00146768,-0.0114853,3.09525e-05
146.335,0.00146653,-0.0114802,3.09497e-05
146.335,0.00146539,-0.011475,3.0947e-05
146.335,0.00146425,-0.0114699,3.09442e-05
146.335,0.00146311,-0.0114647,3.09415e-05
146.335,0.00146197,-0.0114596,3.09387e-05
146.335,0.00146082,-0.0114544,3.0936e-05
146.335,0.00145968,-0.0114493,3.09332e-05
146.335,0.00145855,-0.0114441,3.09305e-05
146.335,0.00145741,-0.011439,3.09277e-05
146.336,0.00145627,-0.0114338,3.0925e-05
146.336,0.00145513,-0.0114287,3.09222e-05
146.336,0.00145399,-0.0114235,3.09195e-05
146.336,0.00145286,-0.0114184,3.09167e-05
146.336,0.00145172,-0.0114132,3.09139e-05
146.336,0.00145059,-0.0114081,3.09112e-05
146.336,0.00144945,-0.0114029,3.09084e-05
146.336,0.00144832,-0.0113978,3.09057e-05
146.336,0.00144718,-0.0113926,3.09029e-05
146.336,0.00144605,-0.0113875,3.09002e-05
146.337,0.00144492,-0.0113823,3.08974e-05
146.337,0.00144379,-0.0113772,3.08947e-05
146.337,0.00144266,-0.0113721,3.08919e-05
146.337,0.00144153,-0.0113669,3.08892e-05
146.337,0.0014404,-0.0113618,3.08864e-05
146.337,0.00143927,-0.0113566,3.08837e-05
146.337,0.00143814,-0.0113515,3.08809e-05
146.337,0.00143701,-0.0113463,3.08782e-05
146.337,0.00143588,-0.0113412,3.08754e-05
146.337,0.00143476,-0.011336,3.08727e-05
146.338,0.00143363,-0.0113309,3.08699e-05
146.338,0.00143251,-0.0113257,3.08672e-05
146.338,0.00143138,-0.0113206,3.08645e-05
146.338,0.00143026,-0.0113154,3.08617e-05
146.338,0.00142913,-0.0113103,3.0859e-05
146.338,0.00142801,-0.0113051,3.08562e-05
146.338,0.00142689,-0.0113,3.08535e-05
146.338,0.00142576,-0.0112949,3.08507e-05
146.338,0.00142464,-0.0112897,3.0848e-05
146.338,0.00142352,-0.0112846,3.08452e-05
146.339,0.0014224,-0.0112794,3.08425e-05
146.339,0.00142128,-0.0112743,3.08397e-05
146.339,0.00142016,-0.0112691,3.0837e-05
146.339,0.00141905,-0.011264,3.08342e-05
146.339,0.00141793,-0.0112588,3.08315e-05
146.339,0.00141681,-0.0112537,3.08287e-05
146.339,0.00141569,-0.0112485,3.0826e-05
146.339,0.00141458,-0.0112434,3.08232e-05
146.339,0.00141346,-0.0112383,3.08205e-05
146.339,0.00141235,-0.0112331,3.08178e-05
146.34,0.00141123,-0.011228,3.0815e-05
146.34,0.00141012,-0.0112228,3.08123e-05
146.34,0.00140901,-0.0112177,3.08095e-05
146.34,0.0014079,-0.0112125,3.08068e-05
146.34,0.00140678,-0.0112074,3.0804e-05
146.34,0.00140567,-0.0112023,3.08013e-05
146.34,0.00140456,-0.0111971,3.07985e-05
146.34,0.00140345,-0.011192,3.07958e-05
146.34,0.00140234,-0.0111868,3.07931e-05
146.34,0.00140123,-0.0111817,3.07903e-05
146.341,0.00140013,-0.0111766,3.07876e-05
146.341,0.00139902,-0.0111714,3.07848e-05
146.341,0.00139791,-0.0111663,3.07821e-05
146.341,0.0013968,-0.0111611,3.07793e-05
146.341,0.0013957,-0.011156,3.07766e-05
146.341,0.00139459,-0.0111508,3.07739e-05
146.341,0.00139349,-0.0111457,3.07711e-05
146.341,0.00139239,-0.0111406,3.07684e-05
146.341,0.00139128,-0.0111354,3.07656e-05
146.341,0.00139018,-0.0111303,3.07629e-05
146.342,0.00138908,-0.0111251,3.07602e-05
146.342,0.00138798,-0.01112,3.07574e-05
146.342,0.00138687,-0.0111149,3.07547e-05
146.342,0.00138577,-0.0111097,3.07519e-05
146.342,0.00138467,-0.0111046,3.07492e-05
146.342,0.00138357,-0.0110995,3.07465e-05
146.342,0.00138248,-0.0110943,3.07437e-05
146.342,0.00138138,-0.0110892,3.0741e-05
146.342,0.00138028,-0.011084,3.07382e-05
146.342,0.00137918,-0.0110789,3.07355e-05
146.343,0.00137809,-0.0110738,3.07328e-05
146.343,0.00137699,-0.0110686,3.073e-05
146.343,0.0013759,-0.0110635,3.07273e-05
146.343,0.0013748,-0.0110584,3.07245e-05
146.343,0.00137371,-0.0110532,3.07218e-05
146.343,0.00137261,-0.0110481,3.07191e-05
146.343,0.00137152,-0.0110429,3.07163e-05
146.343,0.00137043,-0.0110378,3.07136e-05
146.343,0.00136934,-0.0110327,3.07108e-05
146.343,0.00136825,-0.0110275,3.07081e-05
146.344,0.00136716,-0.0110224,3.07054e-05
146.344,0.00136607,-0.0110173,3.07026e-05
146.344,0.00136498,-0.0110121,3.06999e-05
146.344,0.00136389,-0.011007,3.06972e-05
146.344,0.0013628,-0.0110019,3.06944e-05
146.344,0.00136171,-0.0109967,3.06917e-05
146.344,0.00136063,-0.0109916,3.06889e-05
146.344,0.00135954,-0.0109865,3.06862e-05
146.344,0.00135846,-0.0109813,3.06835e-05
146.344,0.00135737,-0.0109762,3.06807e-05
146.345,0.00135629,-0.0109711,3.0678e-05
146.345,0.0013552,-0.0109659,3.06753e-05
146.345,0.00135412,-0.0109608,3.06725e-05
146.345,0.00135304,-0.0109557,3.06698e-05
146.345,0.00135195,-0.0109505,3.06671e-05
146.345,0.00135087,-0.0109454,3.06643e-05
146.345,0.00134979,-0.0109403,3.06616e-05
146.345,0.00134871,-0.0109351,3.06589e-05
146.345,0.00134763,-0.01093,3.06561e-05
146.345,0.00134655,-0.0109249,3.06534e-05
146.345,0.00134547,-0.0109198,3.06507e-05
146.346,0.0013444,-0.0109146,3.06479e-05
146.346,0.00134332,-0.0109095,3.06452e-05
146.346,0.00134224,-0.0109044,3.06425e-05
146.346,0.00134117,-0.0108992,3.06397e-05
146.346,0.00134009,-0.0108941,3.0637e-05
146.346,0.00133902,-0.010889,3.06343e-05
146.346,0.00133794,-0.0108838,3.06315e-05
146.346,0.00133687,-0.0108787,3.06288e-05
146.346,0.00133579,-0.0108736,3.06261e-05
146.346,0.00133472,-0.0108685,3.06233e-05
146.347,0.00133365,-0.0108633,3.06206e-05
146.347,0.00133258,-0.0108582,3.06179e-05
146.347,0.00133151,-0.0108531,3.06151e-05
146.347,0.00133044,-0.0108479,3.06124e-05
146.347,0.00132937,-0.0108428,3.06097e-05
146.347,0.0013283,-0.0108377,3.06069e-05
146.347,0.00132723,-0.0108326,3.06042e-05
146.347,0.00132616,-0.0108274,3.06015e-05
146.347,0.00132509,-0.0108223,3.05987e-05
146.347,0.00132403,-0.0108172,3.0596e-05
146.348,0.00132296,-0.0108121,3.05933e-05
146.348,0.0013219,-0.0108069,3.05906e-05
146.348,0.00132083,-0.0108018,3.05878e-05
146.348,0.00131977,-0.0107967,3.05851e-05
146.348,0.0013187,-0.0107916,3.05824e-05
146.348,0.00131764,-0.0107864,3.05796e-05
146.348,0.00131658,-0.0107813,3.05769e-05
146.348,0.00131551,-0.0107762,3.05742e-05
146.348,0.00131445,-0.0107711,3.05715e-05
146.348,0.00131339,-0.0107659,3.05687e-05
146.349,0.00131233,-0.0107608,3.0566e-05
146.349,0.00131127,-0.0107557,3.05633e-05
146.349,0.00131021,-0.0107506,3.05605e-05
146.349,0.00130915,-0.0107455,3.05578e-05
146.349,0.0013081,-0.0107403,3.05551e-05
146.349,0.00130704,-0.0107352,3.05524e-05
146.349,0.00130598,-0.0107301,3.05496e-05
146.349,0.00130492,-0.010725,3.05469e-05
146.349,0.00130387,-0.0107199,3.05442e-05
146.349,0.00130281,-0.0107147,3.05415e-05
146.35,0.00130176,-0.0107096,3.05387e-05
146.35,0.00130071,-0.0107045,3.0536e-05
146.35,0.00129965,-0.0106994,3.05333e-05
146.35,0.0012986,-0.0106943,3.05305e-05
146.35,0.00129755,-0.0106891,3.05278e-05
146.35,0.0012965,-0.010684,3.05251e-05
146.35,0.00129544,-0.0106789,3.05224e-05
146.35,0.00129439,-0.0106738,3.05196e-05
146.35,0.00129334,-0.0106687,3.05169e-05
146.35,0.0012923,-0.0106635,3.05142e-05
146.351,0.00129125,-0.0106584,3.05115e-05
146.351,0.0012902,-0.0106533,3.05087e-05
146.351,0.00128915,-0.0106482,3.0506e-05
146.351,0.0012881,-0.0106431,3.05033e-05
146.351,0.00128706,-0.010638,3.05006e-05
146.351,0.00128601,-0.0106329,3.04979e-05
146.351,0.00128497,-0.0106277,3.04951e-05
146.351,0.00128392,-0.0106226,3.04924e-05
146.351,0.00128288,-0.0106175,3.04897e-05
146.351,0.00128183,-0.0106124,3.0487e-05
146.352,0.00128079,-0.0106073,3.04842e-05
146.352,0.00127975,-0.0106022,3.04815e-05
146.352,0.00127871,-0.0105971,3.04788e-05
146.352,0.00127767,-0.0105919,3.04761e-05
146.352,0.00127663,-0.0105868,3.04734e-05
146.352,0.00127559,-0.0105817,3.04706e-05
146.352,0.00127455,-0.0105766,3.04679e-05
146.352,0.00127351,-0.0105715,3.04652e-05
146.352,0.00127247,-0.0105664,3.04625e-05
146.352,0.00127143,-0.0105613,3.04597e-05
146.352,0.00127039,-0.0105562,3.0457e-05
146.353,0.00126936,-0.010551,3.04543e-05
146.353,0.00126832,-0.0105459,3.04516e-05
146.353,0.00126729,-0.0105408,3.04489e-05
146.353,0.00126625,-0.0105357,3.04461e-05
146.353,0.00126522,-0.0105306,3.04434e-05
146.353,0.00126418,-0.0105255,3.04407e-05
146.353,0.00126315,-0.0105204,3.0438e-05
146.353,0.00126212,-0.0105153,3.04353e-05
146.353,0.00126109,-0.0105102,3.04325e-05
146.353,0.00126006,-0.0105051,3.04298e-05
146.354,0.00125902,-0.0105,3.04271e-05
146.354,0.00125799,-0.0104948,3.04244e-05
146.354,0.00125696,-0.0104897,3.04217e-05
146.354,0.00125594,-0.0104846,3.0419e-05
146.354,0.00125491,-0.0104795,3.04162e-05
146.354,0.00125388,-0.0104744,3.04135e-05
146.354,0.00125285,-0.0104693,3.04108e-05
146.354,0.00125183,-0.0104642,3.04081e-05
146.354,0.0012508,-0.0104591,3.04054e-05
146.354,0.00124977,-0.010454,3.04026e-05
146.355,0.00124875,-0.0104489,3.03999e-05
146.355,0.00124772,-0.0104438,3.03972e-05
146.355,0.0012467,-0.0104387,3.03945e-05
146.355,0.00124568,-0.0104336,3.03918e-05
146.355,0.00124465,-0.0104285,3.03891e-05
146.355,0.00124363,-0.0104234,3.03864e-05
146.355,0.00124261,-0.0104183,3.03836e-05
146.355,0.00124159,-0.0104132,3.03809e-05
146.355,0.00124057,-0.0104081,3.03782e-05
146.355,0.00123955,-0.010403,3.03755e-05
146.356,0.00123853,-0.0103979,3.03728e-05
146.356,0.00123751,-0.0103928,3.03701e-05
146.356,0.00123649,-0.0103877,3.03673e-05
146.356,0.00123548,-0.0103826,3.03646e-05
146.356,0.00123446,-0.0103775,3.03619e-05
146.356,0.00123344,-0.0103724,3.03592e-05
146.356,0.00123243,-0.0103673,3.03565e-05
146.356,0.00123141,-0.0103622,3.03538e-05
146.356,0.0012304,-0.0103571,3.03511e-05
146.356,0.00122938,-0.010352,3.03484e-05
146.357,0.00122837,-0.0103469,3.03456e-05
146.357,0.00122736,-0.0103418,3.03429e-05
146.357,0.00122634,-0.0103367,3.03402e-05
146.357,0.00122533,-0.0103316,3.03375e-05
146.357,0.00122432,-0.0103265,3.03348e-05
146.357,0.00122331,-0.0103214,3.03321e-05
146.357,0.0012223,-0.0103163,3.03294e-05
146.357,0.00122129,-0.0103112,3.03267e-05
146.357,0.00122028,-0.0103061,3.03239e-05
146.357,0.00121927,-0.010301,3.03212e-05
146.357,0.00121827,-0.0102959,3.03185e-05
146.358,0.00121726,-0.0102908,3.03158e-05
146.358,0.00121625,-0.0102857,3.03131e-05
146.358,0.00121525,-0.0102806,3.03104e-05
146.358,0.00121424,-0.0102755,3.03077e-05
146.358,0.00121324,-0.0102705,3.0305e-05
146.358,0.00121223,-0.0102654,3.03023e-05
146.358,0.00121123,-0.0102603,3.02995e-05
146.358,0.00121022,-0.0102552,3.02968e-05
146.358,0.00120922,-0.0102501,3.02941e-05
146.358,0.00120822,-0.010245,3.02914e-05
146.359,0.00120722,-0.0102399,3.02887e-05
146.359,0.00120622,-0.0102348,3.0286e-05
146.359,0.00120522,-0.0102297,3.02833e-05
146.359,0.00120422,-0.0102246,3.02806e-05
146.359,0.00120322,-0.0102196,3.02779e-05
146.359,0.00120222,-0.0102145,3.02752e-05
146.359,0.00120122,-0.0102094,3.02725e-05
146.359,0.00120022,-0.0102043,3.02698e-05
146.359,0.00119923,-0.0101992,3.0267e-05
146.359,0.00119823,-0.0101941,3.02643e-05
146.36,0.00119723,-0.010189,3.02616e-05
146.36,0.00119624,-0.0101839,3.02589e-05
146.36,0.00119524,-0.0101789,3.02562e-05
146.36,0.00119425,-0.0101738,3.02535e-05
146.36,0.00119326,-0.0101687,3.02508e-05
146.36,0.00119226,-0.0101636,3.02481e-05
146.36,0.00119127,-0.0101585,3.02454e-05
146.36,0.00119028,-0.0101534,3.02427e-05
146.36,0.00118929,-0.0101484,3.024e-05
146.36,0.0011883,-0.0101433,3.02373e-05
146.361,0.00118731,-0.0101382,3.02346e-05
146.361,0.00118632,-0.0101331,3.02319e-05
146.361,0.00118533,-0.010128,3.02292e-05
146.361,0.00118434,-0.0101229,3.02265e-05
146.361,0.00118335,-0.0101179,3.02237e-05
146.361,0.00118236,-0.0101128,3.0221e-05
146.361,0.00118138,-0.0101077,3.02183e-05
146.361,0.00118039,-0.0101026,3.02156e-05
146.361,0.0011794,-0.0100975,3.02129e-05
146.361,0.00117842,-0.0100925,3.02102e-05
146.361,0.00117743,-0.0100874,3.02075e-05
146.362,0.00117645,-0.0100823,3.02048e-05
146.362,0.00117547,-0.0100772,3.02021e-05
146.362,0.00117448,-0.0100722,3.01994e-05
146.362,0.0011735,-0.0100671,3.01967e-05
146.362,0.00117252,-0.010062,3.0194e-05
146.362,0.00117154,-0.0100569,3.01913e-05
146.362,0.00117056,-0.0100518,3.01886e-05
146.362,0.00116958,-0.0100468,3.01859e-05
146.362,0.0011686,-0.0100417,3.01832e-05
146.362,0.00116762,-0.0100366,3.01805e-05
146.363,0.00116664,-0.0100315,3.01778e-05
146.363,0.00116566,-0.0100265,3.01751e-05
146.363,0.00116469,-0.0100214,3.01724e-05
146.363,0.00116371,-0.0100163,3.01697e-05
146.363,0.00116273,-0.0100113,3.0167e-05
146.363,0.00116176,-0.0100062,3.01643e-05
146.363,0.00116078,-0.0100011,3.01616e-05
146.363,0.00115981,-0.00999604,3.01589e-05
146.363,0.00115883,-0.00999097,3.01562e-05
146.363,0.00115786,-0.0099859,3.01535e-05
146.364,0.00115689,-0.00998083,3.01508e-05
146.364,0.00115592,-0.00997576,3.01481e-05
146.364,0.00115494,-0.00997069,3.01454e-05
146.364,0.00115397,-0.00996562,3.01427e-05
146.364,0.001153,-0.00996055,3.014e-05
146.364,0.00115203,-0.00995549,3.01373e-05
146.364,0.00115106,-0.00995042,3.01346e-05
146.364,0.00115009,-0.00994535,3.01319e-05
146.364,0.00114913,-0.00994029,3.01292e-05
146.364,0.00114816,-0.00993522,3.01265e-05
146.365,0.00114719,-0.00993015,3.01238e-05
146.365,0.00114623,-0.00992509,3.01211e-05
146.365,0.00114526,-0.00992002,3.01184e-05
146.365,0.00114429,-0.00991496,3.01157e-05
146.365,0.00114333,-0.0099099,3.0113e-05
146.365,0.00114236,-0.00990483,3.01103e-05
146.365,0.0011414,-0.00989977,3.01076e-05
146.365,0.00114044,-0.00989471,3.01049e-05
146.365,0.00113947,-0.00988964,3.01022e-05
146.365,0.00113851,-0.00988458,3.00995e-05
146.365,0.00113755,-0.00987952,3.00969e-05
146.366,0.00113659,-0.00987446,3.00942e-05
146.366,0.00113563,-0.0098694,3.00915e-05
146.366,0.00113467,-0.00986434,3.00888e-05
146.366,0.00113371,-0.00985928,3.00861e-05
146.366,0.00113275,-0.00985422,3.00834e-05
146.366,0.00113179,-0.00984916,3.00807e-05
146.366,0.00113084,-0.0098441,3.0078e-05
146.366,0.00112988,-0.00983905,3.00753e-05
146.366,0.00112892,-0.00983399,3.00726e-05
146.366,0.00112797,-0.00982893,3.00699e-05
146.367,0.00112701,-0.00982388,3.00672e-05
146.367,0.00112606,-0.00981882,3.00645e-05
146.367,0.0011251,-0.00981376,3.00618e-05
146.367,0.00112415,-0.00980871,3.00591e-05
146.367,0.00112319,-0.00980365,3.00564e-05
146.367,0.00112224,-0.0097986,3.00538e-05
146.367,0.00112129,-0.00979355,3.00511e-05
146.367,0.00112034,-0.00978849,3.00484e-05
146.367,0.00111939,-0.00978344,3.00457e-05
146.367,0.00111844,-0.00977839,3.0043e-05
146.368,0.00111749,-0.00977334,3.00403e-05
146.368,0.00111654,-0.00976828,3.00376e-05
146.368,0.00111559,-0.00976323,3.00349e-05
146.368,0.00111464,-0.00975818,3.00322e-05
146.368,0.00111369,-0.00975313,3.00295e-05
146.368,0.00111274,-0.00974808,3.00268e-05
146.368,0.0011118,-0.00974303,3.00241e-05
146.368,0.00111085,-0.00973799,3.00215e-05
146.368,0.00110991,-0.00973294,3.00188e-05
146.368,0.00110896,-0.00972789,3.00161e-05
146.369,0.00110802,-0.00972284,3.00134e-05
146.369,0.00110707,-0.0097178,3.00107e-05
146.369,0.00110613,-0.00971275,3.0008e-05
146.369,0.00110519,-0.0097077,3.00053e-05
146.369,0.00110425,-0.00970266,3.00026e-05
146.369,0.0011033,-0.00969761,2.99999e-05
146.369,0.00110236,-0.00969257,2.99973e-05
146.369,0.00110142,-0.00968753,2.99946e-05
146.369,0.00110048,-0.00968248,2.99919e-05
146.369,0.00109954,-0.00967744,2.99892e-05
146.369,0.0010986,-0.0096724,2.99865e-05
146.37,0.00109767,-0.00966736,2.99838e-05
146.37,0.00109673,-0.00966231,2.99811e-05
146.37,0.00109579,-0.00965727,2.99784e-05
146.37,0.00109485,-0.00965223,2.99758e-05
146.37,0.00109392,-0.00964719,2.99731e-05
146.37,0.00109298,-0.00964215,2.99704e-05
146.37,0.00109205,-0.00963711,2.99677e-05
146.37,0.00109111,-0.00963207,2.9965e-05
146.37,0.00109018,-0.00962704,2.99623e-05
146.37,0.00108925,-0.009622,2.99596e-05
146.371,0.00108831,-0.00961696,2.99569e-05
146.371,0.00108738,-0.00961193,2.99543e-05
146.371,0.00108645,-0.00960689,2.99516e-05
146.371,0.00108552,-0.00960185,2.99489e-05
146.371,0.00108459,-0.00959682,2.99462e-05
146.371,0.00108366,-0.00959178,2.99435e-05
146.371,0.00108273,-0.00958675,2.99408e-05
146.371,0.0010818,-0.00958172,2.99382e-05
146.371,0.00108087,-0.00957668,2.99355e-05
146.371,0.00107994,-0.00957165,2.99328e-05
146.372,0.00107902,-0.00956662,2.99301e-05
146.372,0.00107809,-0.00956159,2.99274e-05
146.372,0.00107716,-0.00955656,2.99247e-05
146.372,0.00107624,-0.00955152,2.99221e-05
146.372,0.00107531,-0.00954649,2.99194e-05
146.372,0.00107439,-0.00954147,2.99167e-05
146.372,0.00107346,-0.00953644,2.9914e-05
146.372,0.00107254,-0.00953141,2.99113e-05
146.372,0.00107162,-0.00952638,2.99086e-05
146.372,0.00107069,-0.00952135,2.9906e-05
146.372,0.00106977,-0.00951632,2.99033e-05
146.373,0.00106885,-0.0095113,2.99006e-05
146.373,0.00106793,-0.00950627,2.98979e-05
146.373,0.00106701,-0.00950125,2.98952e-05
146.373,0.00106609,-0.00949622,2.98926e-05
146.373,0.00106517,-0.0094912,2.98899e-05
146.373,0.00106425,-0.00948617,2.98872e-05
146.373,0.00106333,-0.00948115,2.98845e-05
146.373,0.00106242,-0.00947613,2.98818e-05
146.373,0.0010615,-0.0094711,2.98792e-05
146.373,0.00106058,-0.00946608,2.98765e-05
146.374,0.00105967,-0.00946106,2.98738e-05
146.374,0.00105875,-0.00945604,2.98711e-05
146.374,0.00105784,-0.00945102,2.98684e-05
146.374,0.00105692,-0.009446,2.98658e-05
146.374,0.00105601,-0.00944098,2.98631e-05
146.374,0.0010551,-0.00943596,2.98604e-05
146.374,0.00105418,-0.00943094,2.98577e-05
146.374,0.00105327,-0.00942593,2.9855e-05
146.374,0.00105236,-0.00942091,2.98524e-05
146.374,0.00105145,-0.00941589,2.98497e-05
146.375,0.00105054,-0.00941088,2.9847e-05
146.375,0.00104963,-0.00940586,2.98443e-05
146.375,0.00104872,-0.00940085,2.98417e-05
146.375,0.00104781,-0.00939583,2.9839e-05
146.375,0.0010469,-0.00939082,2.98363e-05
146.375,0.001046,-0.0093858,2.98336e-05
146.375,0.00104509,-0.00938079,2.98309e-05
146.375,0.00104418,-0.00937578,2.98283e-05
146.375,0.00104328,-0.00937077,2.98256e-05
146.375,0.00104237,-0.00936576,2.98229e-05
146.375,0.00104147,-0.00936075,2.98202e-05
146.376,0.00104056,-0.00935574,2.98176e-05
146.376,0.00103966,-0.00935073,2.98149e-05
146.376,0.00103875,-0.00934572,2.98122e-05
146.376,0.00103785,-0.00934071,2.98095e-05
146.376,0.00103695,-0.0093357,2.98069e-05
146.376,0.00103605,-0.00933069,2.98042e-05
146.376,0.00103515,-0.00932569,2.98015e-05
146.376,0.00103424,-0.00932068,2.97988e-05
146.376,0.00103334,-0.00931567,2.97962e-05
146.376,0.00103245,-0.00931067,2.97935e-05
146.377,0.00103155,-0.00930566,2.97908e-05
146.377,0.00103065,-0.00930066,2.97881e-05
146.377,0.00102975,-0.00929566,2.97855e-05
146.377,0.00102885,-0.00929065,2.97828e-05
146.377,0.00102796,-0.00928565,2.97801e-05
146.377,0.00102706,-0.00928065,2.97775e-05
146.377,0.00102616,-0.00927565,2.97748e-05
146.377,0.00102527,-0.00927065,2.97721e-05
146.377,0.00102437,-0.00926565,2.97694e-05
146.377,0.00102348,-0.00926065,2.97668e-05
146.378,0.00102259,-0.00925565,2.97641e-05
146.378,0.00102169,-0.00925065,2.97614e-05
146.378,0.0010208,-0.00924565,2.97588e-05
146.378,0.00101991,-0.00924065,2.97561e-05
146.378,0.00101902,-0.00923566,2.97534e-05
146.378,0.00101813,-0.00923066,2.97507e-05
146.378,0.00101723,-0.00922567,2.97481e-05
146.378,0.00101634,-0.00922067,2.97454e-05
146.378,0.00101546,-0.00921568,2.97427e-05
146.378,0.00101457,-0.00921068,2.97401e-05
146.378,0.00101368,-0.00920569,2.97374e-05
146.379,0.00101279,-0.0092007,2.97347e-05
146.379,0.0010119,-0.0091957,2.9732e-05
146.379,0.00101102,-0.00919071,2.97294e-05
146.379,0.00101013,-0.00918572,2.97267e-05
146.379,0.00100924,-0.00918073,2.9724e-05
146.379,0.00100836,-0.00917574,2.97214e-05
146.379,0.00100748,-0.00917075,2.97187e-05
146.379,0.00100659,-0.00916576,2.9716e-05
146.379,0.00100571,-0.00916077,2.97134e-05
146.379,0.00100483,-0.00915579,2.97107e-05
146.38,0.00100394,-0.0091508,2.9708e-05
146.38,0.00100306,-0.00914581,2.97054e-05
146.38,0.00100218,-0.00914083,2.97027e-05
146.38,0.0010013,-0.00913584,2.97e-05
146.38,0.00100042,-0.00913086,2.96974e-05
146.38,0.000999539,-0.00912587,2.96947e-05
146.38,0.000998659,-0.00912089,2.9692e-05
146.38,0.000997781,-0.00911591,2.96894e-05
146.38,0.000996903,-0.00911093,2.96867e-05
146.38,0.000996025,-0.00910594,2.9684e-05
146.38,0.000995148,-0.00910096,2.96814e-05
146.381,0.000994272,-0.00909598,2.96787e-05
146.381,0.000993396,-0.009091,2.9676e-05
146.381,0.00099252,-0.00908602,2.96734e-05
146.381,0.000991645,-0.00908104,2.96707e-05
146.381,0.000990771,-0.00907607,2.9668e-05
146.381,0.000989897,-0.00907109,2.96654e-05
146.381,0.000989024,-0.00906611,2.96627e-05
146.381,0.000988151,-0.00906114,2.966e-05
146.381,0.000987279,-0.00905616,2.96574e-05
146.381,0.000986407,-0.00905119,2.96547e-05
146.382,0.000985536,-0.00904621,2.96521e-05
146.382,0.000984665,-0.00904124,2.96494e-05
146.382,0.000983795,-0.00903626,2.96467e-05
146.382,0.000982925,-0.00903129,2.96441e-05
146.382,0.000982056,-0.00902632,2.96414e-05
146.382,0.000981188,-0.00902135,2.96387e-05
146.382,0.00098032,-0.00901638,2.96361e-05
146.382,0.000979452,-0.00901141,2.96334e-05
146.382,0.000978585,-0.00900644,2.96308e-05
146.382,0.000977719,-0.00900147,2.96281e-05
146.383,0.000976853,-0.0089965,2.96254e-05
146.383,0.000975987,-0.00899153,2.96228e-05
146.383,0.000975123,-0.00898657,2.96201e-05
146.383,0.000974258,-0.0089816,2.96174e-05
146.383,0.000973395,-0.00897663,2.96148e-05
146.383,0.000972531,-0.00897167,2.96121e-05
146.383,0.000971669,-0.0089667,2.96095e-05
146.383,0.000970806,-0.00896174,2.96068e-05
146.383,0.000969945,-0.00895678,2.96041e-05
146.383,0.000969084,-0.00895181,2.96015e-05
146.383,0.000968223,-0.00894685,2.95988e-05
146.384,0.000967363,-0.00894189,2.95962e-05
146.384,0.000966503,-0.00893693,2.95935e-05
146.384,0.000965644,-0.00893197,2.95908e-05
146.384,0.000964786,-0.00892701,2.95882e-05
146.384,0.000963928,-0.00892205,2.95855e-05
146.384,0.00096307,-0.00891709,2.95829e-05
146.384,0.000962214,-0.00891213,2.95802e-05
146.384,0.000961357,-0.00890718,2.95776e-05
146.384,0.000960501,-0.00890222,2.95749e-05
146.384,0.000959646,-0.00889727,2.95722e-05
146.385,0.000958791,-0.00889231,2.95696e-05
146.385,0.000957937,-0.00888736,2.95669e-05
146.385,0.000957083,-0.0088824,2.95643e-05
146.385,0.00095623,-0.00887745,2.95616e-05
146.385,0.000955377,-0.0088725,2.9559e-05
146.385,0.000954525,-0.00886754,2.95563e-05
146.385,0.000953673,-0.00886259,2.95536e-05
146.385,0.000952822,-0.00885764,2.9551e-05
146.385,0.000951972,-0.00885269,2.95483e-05
146.385,0.000951122,-0.00884774,2.95457e-05
146.386,0.000950272,-0.00884279,2.9543e-05
146.386,0.000949423,-0.00883785,2.95404e-05
146.386,0.000948575,-0.0088329,2.95377e-05
146.386,0.000947727,-0.00882795,2.95351e-05
146.386,0.000946879,-0.00882301,2.95324e-05
146.386,0.000946032,-0.00881806,2.95297e-05
146.386,0.000945186,-0.00881312,2.95271e-05
146.386,0.00094434,-0.00880817,2.95244e-05
146.386,0.000943495,-0.00880323,2.95218e-05
146.386,0.00094265,-0.00879829,2.95191e-05
146.386,0.000941805,-0.00879334,2.95165e-05
146.387,0.000940962,-0.0087884,2.95138e-05
146.387,0.000940118,-0.00878346,2.95112e-05
146.387,0.000939276,-0.00877852,2.95085e-05
146.387,0.000938433,-0.00877358,2.95059e-05
146.387,0.000937592,-0.00876864,2.95032e-05
146.387,0.00093675,-0.0087637,2.95006e-05
146.387,0.00093591,-0.00875877,2.94979e-05
146.387,0.00093507,-0.00875383,2.94952e-05
146.387,0.00093423,-0.00874889,2.94926e-05
146.387,0.000933391,-0.00874396,2.94899e-05
146.388,0.000932552,-0.00873902,2.94873e-05
146.388,0.000931714,-0.00873409,2.94846e-05
146.388,0.000930877,-0.00872916,2.9482e-05
146.388,0.00093004,-0.00872422,2.94793e-05
146.388,0.000929203,-0.00871929,2.94767e-05
146.388,0.000928367,-0.00871436,2.9474e-05
146.388,0.000927532,-0.00870943,2.94714e-05
146.388,0.000926697,-0.0087045,2.94687e-05
146.388,0.000925863,-0.00869957,2.94661e-05
146.388,0.000925029,-0.00869464,2.94634e-05
146.388,0.000924195,-0.00868971,2.94608e-05
146.389,0.000923363,-0.00868479,2.94581e-05
146.389,0.00092253,-0.00867986,2.94555e-05
146.389,0.000921699,-0.00867493,2.94528e-05
146.389,0.000920867,-0.00867001,2.94502e-05
146.389,0.000920036,-0.00866508,2.94475e-05
146.389,0.000919206,-0.00866016,2.94449e-05
146.389,0.000918377,-0.00865524,2.94422e-05
146.389,0.000917547,-0.00865031,2.94396e-05
146.389,0.000916719,-0.00864539,2.9437e-05
146.389,0.00091589,-0.00864047,2.94343e-05
146.39,0.000915063,-0.00863555,2.94317e-05
146.39,0.000914236,-0.00863063,2.9429e-05
146.39,0.000913409,-0.00862571,2.94264e-05
146.39,0.000912583,-0.00862079,2.94237e-05
146.39,0.000911757,-0.00861587,2.94211e-05
146.39,0.000910932,-0.00861096,2.94184e-05
146.39,0.000910108,-0.00860604,2.94158e-05
146.39,0.000909284,-0.00860113,2.94131e-05
146.39,0.00090846,-0.00859621,2.94105e-05
146.39,0.000907637,-0.0085913,2.94078e-05
146.39,0.000906815,-0.00858638,2.94052e-05
146.391,0.000905993,-0.00858147,2.94025e-05
146.391,0.000905171,-0.00857656,2.93999e-05
146.391,0.00090435,-0.00857165,2.93973e-05
146.391,0.00090353,-0.00856674,2.93946e-05
146.391,0.00090271,-0.00856183,2.9392e-05
146.391,0.000901891,-0.00855692,2.93893e-05
146.391,0.000901072,-0.00855201,2.93867e-05
146.391,0.000900253,-0.0085471,2.9384e-05
146.391,0.000899436,-0.00854219,2.93814e-05
146.391,0.000898618,-0.00853729,2.93787e-05
146.392,0.000897802,-0.00853238,2.93761e-05
146.392,0.000896985,-0.00852748,2.93735e-05
146.392,0.000896169,-0.00852257,2.93708e-05
146.392,0.000895354,-0.00851767,2.93682e-05
146.392,0.000894539,-0.00851277,2.93655e-05
146.392,0.000893725,-0.00850786,2.93629e-05
146.392,0.000892911,-0.00850296,2.93602e-05
146.392,0.000892098,-0.00849806,2.93576e-05
146.392,0.000891286,-0.00849316,2.9355e-05
146.392,0.000890473,-0.00848826,2.93523e-05
146.392,0.000889662,-0.00848336,2.93497e-05
146.393,0.000888851,-0.00847847,2.9347e-05
146.393,0.00088804,-0.00847357,2.93444e-05
146.393,0.00088723,-0.00846867,2.93418e-05
146.393,0.00088642,-0.00846378,2.93391e-05
146.393,0.000885611,-0.00845888,2.93365e-05
146.393,0.000884802,-0.00845399,2.93338e-05
146.393,0.000883994,-0.00844909,2.93312e-05
146.393,0.000883187,-0.0084442,2.93286e-05
146.393,0.00088238,-0.00843931,2.93259e-05
146.393,0.000881573,-0.00843442,2.93233e-05
146.394,0.000880767,-0.00842953,2.93206e-05
146.394,0.000879962,-0.00842464,2.9318e-05
146.394,0.000879157,-0.00841975,2.93154e-05
146.394,0.000878352,-0.00841486,2.93127e-05
146.394,0.000877548,-0.00840997,2.93101e-05
146.394,0.000876745,-0.00840509,2.93074e-05
146.394,0.000875942,-0.0084002,2.93048e-05
146.394,0.000875139,-0.00839531,2.93022e-05
146.394,0.000874337,-0.00839043,2.92995e-05
146.394,0.000873536,-0.00838555,2.92969e-05
146.395,0.000872735,-0.00838066,2.92943e-05
146.395,0.000871935,-0.00837578,2.92916e-05
146.395,0.000871135,-0.0083709,2.9289e-05
146.395,0.000870335,-0.00836602,2.92863e-05
146.395,0.000869536,-0.00836114,2.92837e-05
146.395,0.000868738,-0.00835626,2.92811e-05
146.395,0.00086794,-0.00835138,2.92784e-05
146.395,0.000867143,-0.0083465,2.92758e-05
146.395,0.000866346,-0.00834162,2.92732e-05
146.395,0.000865549,-0.00833675,2.92705e-05
146.395,0.000864754,-0.00833187,2.92679e-05
146.396,0.000863958,-0.008327,2.92653e-05
146.396,0.000863164,-0.00832212,2.92626e-05
146.396,0.000862369,-0.00831725,2.926e-05
146.396,0.000861575,-0.00831238,2.92574e-05
146.396,0.000860782,-0.00830751,2.92547e-05
146.396,0.000859989,-0.00830264,2.92521e-05
146.396,0.000859197,-0.00829776,2.92495e-05
146.396,0.000858405,-0.0082929,2.92468e-05
146.396,0.000857614,-0.00828803,2.92442e-05
146.396,0.000856823,-0.00828316,2.92416e-05
146.397,0.000856033,-0.00827829,2.92389e-05
146.397,0.000855243,-0.00827342,2.92363e-05
146.397,0.000854454,-0.00826856,2.92337e-05
146.397,0.000853665,-0.00826369,2.9231e-05
146.397,0.000852877,-0.00825883,2.92284e-05
146.397,0.000852089,-0.00825397,2.92258e-05
146.397,0.000851302,-0.0082491,2.92231e-05
146.397,0.000850515,-0.00824424,2.92205e-05
146.397,0.000849729,-0.00823938,2.92179e-05
146.397,0.000848943,-0.00823452,2.92152e-05
146.397,0.000848158,-0.00822966,2.92126e-05
146.398,0.000847373,-0.0082248,2.921e-05
146.398,0.000846589,-0.00821994,2.92073e-05
146.398,0.000845805,-0.00821509,2.92047e-05
146.398,0.000845022,-0.00821023,2.92021e-05
146.398,0.00084424,-0.00820538,2.91994e-05
146.398,0.000843457,-0.00820052,2.91968e-05
146.398,0.000842676,-0.00819567,2.91942e-05
146.398,0.000841895,-0.00819081,2.91916e-05
146.398,0.000841114,-0.00818596,2.91889e-05
146.398,0.000840334,-0.00818111,2.91863e-05
146.399,0.000839554,-0.00817626,2.91837e-05
146.399,0.000838775,-0.00817141,2.9181e-05
146.399,0.000837996,-0.00816656,2.91784e-05
146.399,0.000837218,-0.00816171,2.91758e-05
146.399,0.00083644,-0.00815686,2.91732e-05
146.399,0.000835663,-0.00815202,2.91705e-05
146.399,0.000834887,-0.00814717,2.91679e-05
146.399,0.00083411,-0.00814232,2.91653e-05
146.399,0.000833335,-0.00813748,2.91626e-05
146.399,0.00083256,-0.00813264,2.916e-05
146.399,0.000831785,-0.00812779,2.91574e-05
146.4,0.000831011,-0.00812295,2.91548e-05
146.4,0.000830237,-0.00811811,2.91521e-05
146.4,0.000829464,-0.00811327,2.91495e-05
146.4,0.000828691,-0.00810843,2.91469e-05
146.4,0.000827919,-0.00810359,2.91443e-05
146.4,0.000827148,-0.00809875,2.91416e-05
146.4,0.000826376,-0.00809391,2.9139e-05
146.4,0.000825606,-0.00808908,2.91364e-05
146.4,0.000824836,-0.00808424,2.91338e-05
146.4,0.000824066,-0.00807941,2.91311e-05
146.401,0.000823297,-0.00807457,2.91285e-05
146.401,0.000822528,-0.00806974,2.91259e-05
146.401,0.00082176,-0.00806491,2.91233e-05
146.401,0.000820992,-0.00806008,2.91206e-05
146.401,0.000820225,-0.00805524,2.9118e-05
146.401,0.000819459,-0.00805041,2.91154e-05
146.401,0.000818692,-0.00804559,2.91128e-05
146.401,0.000817927,-0.00804076,2.91101e-05
146.401,0.000817162,-0.00803593,2.91075e-05
146.401,0.000816397,-0.0080311,2.91049e-05
146.401,0.000815633,-0.00802628,2.91023e-05
146.402,0.000814869,-0.00802145,2.90996e-05
146.402,0.000814106,-0.00801663,2.9097e-05
146.402,0.000813343,-0.0080118,2.90944e-05
146.402,0.000812581,-0.00800698,2.90918e-05
146.402,0.000811819,-0.00800216,2.90891e-05
146.402,0.000811058,-0.00799734,2.90865e-05
146.402,0.000810298,-0.00799252,2.90839e-05
146.402,0.000809537,-0.0079877,2.90813e-05
146.402,0.000808778,-0.00798288,2.90787e-05
146.402,0.000808019,-0.00797806,2.9076e-05
146.403,0.00080726,-0.00797324,2.90734e-05
146.403,0.000806502,-0.00796843,2.90708e-05
146.403,0.000805744,-0.00796361,2.90682e-05
146.403,0.000804987,-0.0079588,2.90656e-05
146.403,0.00080423,-0.00795399,2.90629e-05
146.403,0.000803474,-0.00794917,2.90603e-05
146.403,0.000802718,-0.00794436,2.90577e-05
146.403,0.000801963,-0.00793955,2.90551e-05
146.403,0.000801208,-0.00793474,2.90525e-05
146.403,0.000800454,-0.00792993,2.90498e-05
146.403,0.0007997,-0.00792512,2.90472e-05
146.404,0.000798947,-0.00792031,2.90446e-05
146.404,0.000798194,-0.00791551,2.9042e-05
146.404,0.000797442,-0.0079107,2.90394e-05
146.404,0.00079669,-0.0079059,2.90367e-05
146.404,0.000795939,-0.00790109,2.90341e-05
146.404,0.000795188,-0.00789629,2.90315e-05
146.404,0.000794438,-0.00789149,2.90289e-05
146.404,0.000793688,-0.00788668,2.90263e-05
146.404,0.000792939,-0.00788188,2.90237e-05
146.404,0.00079219,-0.00787708,2.9021e-05
146.405,0.000791442,-0.00787228,2.90184e-05
146.405,0.000790694,-0.00786748,2.90158e-05
146.405,0.000789946,-0.00786269,2.90132e-05
146.405,0.0007892,-0.00785789,2.90106e-05
146.405,0.000788453,-0.00785309,2.9008e-05
146.405,0.000787707,-0.0078483,2.90053e-05
146.405,0.000786962,-0.00784351,2.90027e-05
146.405,0.000786217,-0.00783871,2.90001e-05
146.405,0.000785473,-0.00783392,2.89975e-05
146.405,0.000784729,-0.00782913,2.89949e-05
146.405,0.000783986,-0.00782434,2.89923e-05
146.406,0.000783243,-0.00781955,2.89897e-05
146.406,0.0007825,-0.00781476,2.8987e-05
146.406,0.000781758,-0.00780997,2.89844e-05
146.406,0.000781017,-0.00780518,2.89818e-05
146.406,0.000780276,-0.0078004,2.89792e-05
146.406,0.000779535,-0.00779561,2.89766e-05
146.406,0.000778795,-0.00779083,2.8974e-05
146.406,0.000778056,-0.00778604,2.89714e-05
146.406,0.000777317,-0.00778126,2.89687e-05
146.406,0.000776578,-0.00777648,2.89661e-05
146.407,0.00077584,-0.0077717,2.89635e-05
146.407,0.000775103,-0.00776692,2.89609e-05
146.407,0.000774366,-0.00776214,2.89583e-05
146.407,0.000773629,-0.00775736,2.89557e-05
146.407,0.000772893,-0.00775258,2.89531e-05
146.407,0.000772158,-0.00774781,2.89505e-05
146.407,0.000771423,-0.00774303,2.89478e-05
146.407,0.000770688,-0.00773825,2.89452e-05
146.407,0.000769954,-0.00773348,2.89426e-05
146.407,0.00076922,-0.00772871,2.894e-05
146.407,0.000768487,-0.00772394,2.89374e-05
146.408,0.000767755,-0.00771916,2.89348e-05
146.408,0.000767022,-0.00771439,2.89322e-05
146.408,0.000766291,-0.00770962,2.89296e-05
146.408,0.00076556,-0.00770485,2.8927e-05
146.408,0.000764829,-0.00770009,2.89244e-05
146.408,0.000764099,-0.00769532,2.89217e-05
146.408,0.000763369,-0.00769055,2.89191e-05
146.408,0.00076264,-0.00768579,2.89165e-05
146.408,0.000761911,-0.00768102,2.89139e-05
146.408,0.000761183,-0.00767626,2.89113e-05
146.408,0.000760455,-0.0076715,2.89087e-05
146.409,0.000759728,-0.00766674,2.89061e-05
146.409,0.000759001,-0.00766198,2.89035e-05
146.409,0.000758275,-0.00765722,2.89009e-05
146.409,0.000757549,-0.00765246,2.88983e-05
146.409,0.000756823,-0.0076477,2.88957e-05
146.409,0.000756099,-0.00764294,2.88931e-05
146.409,0.000755374,-0.00763819,2.88904e-05
146.409,0.00075465,-0.00763343,2.88878e-05
146.409,0.000753927,-0.00762868,2.88852e-05
146.409,0.000753204,-0.00762392,2.88826e-05
146.41,0.000752482,-0.00761917,2.888e-05
146.41,0.00075176,-0.00761442,2.88774e-05
146.41,0.000751038,-0.00760967,2.88748e-05
146.41,0.000750317,-0.00760492,2.88722e-05
146.41,0.000749597,-0.00760017,2.88696e-05
146.41,0.000748877,-0.00759542,2.8867e-05
146.41,0.000748157,-0.00759067,2.88644e-05
146.41,0.000747438,-0.00758593,2.88618e-05
146.41,0.000746719,-0.00758118,2.88592e-05
146.41,0.000746001,-0.00757644,2.88566e-05
146.41,0.000745284,-0.00757169,2.8854e-05
146.411,0.000744567,-0.00756695,2.88514e-05
146.411,0.00074385,-0.00756221,2.88488e-05
146.411,0.000743134,-0.00755747,2.88462e-05
146.411,0.000742418,-0.00755273,2.88435e-05
146.411,0.000741703,-0.00754799,2.88409e-05
146.411,0.000740988,-0.00754325,2.88383e-05
146.411,0.000740274,-0.00753851,2.88357e-05
146.411,0.00073956,-0.00753378,2.88331e-05
146.411,0.000738847,-0.00752904,2.88305e-05
146.411,0.000738134,-0.00752431,2.88279e-05
146.412,0.000737422,-0.00751957,2.88253e-05
146.412,0.00073671,-0.00751484,2.88227e-05
146.412,0.000735999,-0.00751011,2.88201e-05
146.412,0.000735288,-0.00750538,2.88175e-05
146.412,0.000734577,-0.00750065,2.88149e-05
146.412,0.000733867,-0.00749592,2.88123e-05
146.412,0.000733158,-0.00749119,2.88097e-05
146.412,0.000732449,-0.00748647,2.88071e-05
146.412,0.00073174,-0.00748174,2.88045e-05
146.412,0.000731032,-0.00747702,2.88019e-05
146.412,0.000730325,-0.00747229,2.87993e-05
146.413,0.000729618,-0.00746757,2.87967e-05
146.413,0.000728911,-0.00746285,2.87941e-05
146.413,0.000728205,-0.00745813,2.87915e-05
146.413,0.0007275,-0.00745341,2.87889e-05
146.413,0.000726794,-0.00744869,2.87863e-05
146.413,0.00072609,-0.00744397,2.87837e-05
146.413,0.000725386,-0.00743925,2.87811e-05
146.413,0.000724682,-0.00743453,2.87785e-05
146.413,0.000723979,-0.00742982,2.87759e-05
146.413,0.000723276,-0.0074251,2.87733e-05
146.414,0.000722574,-0.00742039,2.87707e-05
146.414,0.000721872,-0.00741568,2.87681e-05
146.414,0.000721171,-0.00741096,2.87655e-05
146.414,0.00072047,-0.00740625,2.87629e-05
146.414,0.000719769,-0.00740154,2.87603e-05
146.414,0.00071907,-0.00739683,2.87577e-05
146.414,0.00071837,-0.00739213,2.87551e-05
146.414,0.000717671,-0.00738742,2.87525e-05
146.414,0.000716973,-0.00738271,2.87499e-05
146.414,0.000716275,-0.00737801,2.87473e-05
146.414,0.000715577,-0.0073733,2.87447e-05
146.415,0.00071488,-0.0073686,2.87422e-05
146.415,0.000714184,-0.0073639,2.87396e-05
146.415,0.000713488,-0.0073592,2.8737e-05
146.415,0.000712792,-0.0073545,2.87344e-05
146.415,0.000712097,-0.0073498,2.87318e-05
146.415,0.000711402,-0.0073451,2.87292e-05
146.415,0.000710708,-0.0073404,2.87266e-05
146.415,0.000710014,-0.00733571,2.8724e-05
146.415,0.000709321,-0.00733101,2.87214e-05
146.415,0.000708628,-0.00732632,2.87188e-05
146.416,0.000707936,-0.00732162,2.87162e-05
146.416,0.000707244,-0.00731693,2.87136e-05
146.416,0.000706553,-0.00731224,2.8711e-05
146.416,0.000705862,-0.00730755,2.87084e-05
146.416,0.000705172,-0.00730286,2.87058e-05
146.416,0.000704482,-0.00729817,2.87032e-05
146.416,0.000703792,-0.00729348,2.87006e-05
146.416,0.000703103,-0.00728879,2.8698e-05
146.416,0.000702415,-0.00728411,2.86955e-05
146.416,0.000701727,-0.00727942,2.86929e-05
146.416,0.000701039,-0.00727474,2.86903e-05
146.417,0.000700352,-0.00727006,2.86877e-05
146.417,0.000699665,-0.00726537,2.86851e-05
146.417,0.000698979,-0.00726069,2.86825e-05
146.417,0.000698294,-0.00725601,2.86799e-05
146.417,0.000697608,-0.00725133,2.86773e-05
146.417,0.000696924,-0.00724666,2.86747e-05
146.417,0.000696239,-0.00724198,2.86721e-05
146.417,0.000695556,-0.0072373,2.86695e-05
146.417,0.000694872,-0.00723263,2.8667e-05
146.417,0.000694189,-0.00722795,2.86644e-05
146.417,0.000693507,-0.00722328,2.86618e-05
146.418,0.000692825,-0.00721861,2.86592e-05
146.418,0.000692144,-0.00721394,2.86566e-05
146.418,0.000691463,-0.00720927,2.8654e-05
146.418,0.000690782,-0.0072046,2.86514e-05
146.418,0.000690102,-0.00719993,2.86488e-05
146.418,0.000689422,-0.00719526,2.86462e-05
146.418,0.000688743,-0.0071906,2.86436e-05
146.418,0.000688065,-0.00718593,2.86411e-05
146.418,0.000687387,-0.00718127,2.86385e-05
146.418,0.000686709,-0.00717661,2.86359e-05
146.419,0.000686032,-0.00717194,2.86333e-05
146.419,0.000685355,-0.00716728,2.86307e-05
146.419,0.000684679,-0.00716262,2.86281e-05
146.419,0.000684003,-0.00715796,2.86255e-05
146.419,0.000683327,-0.00715331,2.86229e-05
146.419,0.000682653,-0.00714865,2.86204e-05
146.419,0.000681978,-0.00714399,2.86178e-05
146.419,0.000681304,-0.00713934,2.86152e-05
146.419,0.000680631,-0.00713468,2.86126e-05
146.419,0.000679958,-0.00713003,2.861e-05
146.419,0.000679285,-0.00712538,2.86074e-05
146.42,0.000678613,-0.00712073,2.86048e-05
146.42,0.000677941,-0.00711608,2.86023e-05
146.42,0.00067727,-0.00711143,2.85997e-05
146.42,0.0006766,-0.00710678,2.85971e-05
146.42,0.000675929,-0.00710213,2.85945e-05
146.42,0.00067526,-0.00709749,2.85919e-05
146.42,0.00067459,-0.00709284,2.85893e-05
146.42,0.000673921,-0.0070882,2.85867e-05
146.42,0.000673253,-0.00708356,2.85842e-05
146.42,0.000672585,-0.00707891,2.85816e-05
146.421,0.000671918,-0.00707427,2.8579e-05
146.421,0.000671251,-0.00706963,2.85764e-05
146.421,0.000670584,-0.007065,2.85738e-05
146.421,0.000669918,-0.00706036,2.85712e-05
146.421,0.000669253,-0.00705572,2.85687e-05
146.421,0.000668588,-0.00705108,2.85661e-05
146.421,0.000667923,-0.00704645,2.85635e-05
146.421,0.000667259,-0.00704182,2.85609e-05
146.421,0.000666595,-0.00703718,2.85583e-05
146.421,0.000665932,-0.00703255,2.85557e-05
146.421,0.000665269,-0.00702792,2.85532e-05
146.422,0.000664607,-0.00702329,2.85506e-05
146.422,0.000663945,-0.00701866,2.8548e-05
146.422,0.000663283,-0.00701404,2.85454e-05
146.422,0.000662622,-0.00700941,2.85428e-05
146.422,0.000661962,-0.00700478,2.85403e-05
146.422,0.000661302,-0.00700016,2.85377e-05
146.422,0.000660642,-0.00699554,2.85351e-05
146.422,0.000659983,-0.00699091,2.85325e-05
146.422,0.000659325,-0.00698629,2.85299e-05
146.422,0.000658666,-0.00698167,2.85274e-05
146.422,0.000658009,-0.00697705,2.85248e-05
146.423,0.000657351,-0.00697244,2.85222e-05
146.423,0.000656695,-0.00696782,2.85196e-05
146.423,0.000656038,-0.0069632,2.8517e-05
146.423,0.000655382,-0.00695859,2.85145e-05
146.423,0.000654727,-0.00695397,2.85119e-05
146.423,0.000654072,-0.00694936,2.85093e-05
146.423,0.000653417,-0.00694475,2.85067e-05
146.423,0.000652763,-0.00694014,2.85041e-05
146.423,0.00065211,-0.00693553,2.85016e-05
146.423,0.000651457,-0.00693092,2.8499e-05
146.424,0.000650804,-0.00692631,2.84964e-05
146.424,0.000650152,-0.00692171,2.84938e-05
146.424,0.0006495,-0.0069171,2.84913e-05
146.424,0.000648849,-0.0069125,2.84887e-05
146.424,0.000648198,-0.00690789,2.84861e-05
146.424,0.000647548,-0.00690329,2.84835e-05
146.424,0.000646898,-0.00689869,2.84809e-05
146.424,0.000646248,-0.00689409,2.84784e-05
146.424,0.000645599,-0.00688949,2.84758e-05
146.424,0.000644951,-0.00688489,2.84732e-05
146.424,0.000644303,-0.00688029,2.84706e-05
146.425,0.000643655,-0.0068757,2.84681e-05
146.425,0.000643008,-0.0068711,2.84655e-05
146.425,0.000642361,-0.00686651,2.84629e-05
146.425,0.000641715,-0.00686192,2.84603e-05
146.425,0.000641069,-0.00685732,2.84578e-05
146.425,0.000640424,-0.00685273,2.84552e-05
146.425,0.000639779,-0.00684814,2.84526e-05
146.425,0.000639135,-0.00684356,2.845e-05
146.425,0.000638491,-0.00683897,2.84475e-05
146.425,0.000637847,-0.00683438,2.84449e-05
146.425,0.000637204,-0.0068298,2.84423e-05
146.426,0.000636562,-0.00682521,2.84397e-05
146.426,0.000635919,-0.00682063,2.84372e-05
146.426,0.000635278,-0.00681605,2.84346e-05
146.426,0.000634636,-0.00681147,2.8432e-05
146.426,0.000633996,-0.00680689,2.84295e-05
146.426,0.000633355,-0.00680231,2.84269e-05
146.426,0.000632716,-0.00679773,2.84243e-05
146.426,0.000632076,-0.00679315,2.84217e-05
146.426,0.000631437,-0.00678858,2.84192e-05
146.426,0.000630799,-0.006784,2.84166e-05
146.427,0.000630161,-0.00677943,2.8414e-05
146.427,0.000629523,-0.00677486,2.84115e-05
146.427,0.000628886,-0.00677029,2.84089e-05
146.427,0.000628249,-0.00676572,2.84063e-05
146.427,0.000627613,-0.00676115,2.84037e-05
146.427,0.000626977,-0.00675658,2.84012e-05
146.427,0.000626342,-0.00675201,2.83986e-05
146.427,0.000625707,-0.00674745,2.8396e-05
146.427,0.000625073,-0.00674288,2.83935e-05
146.427,0.000624439,-0.00673832,2.83909e-05
146.427,0.000623805,-0.00673375,2.83883e-05
146.428,0.000623172,-0.00672919,2.83857e-05
146.428,0.000622539,-0.00672463,2.83832e-05
146.428,0.000621907,-0.00672007,2.83806e-05
146.428,0.000621275,-0.00671552,2.8378e-05
146.428,0.000620644,-0.00671096,2.83755e-05
146.428,0.000620013,-0.0067064,2.83729e-05
146.428,0.000619383,-0.00670185,2.83703e-05
146.428,0.000618753,-0.00669729,2.83678e-05
146.428,0.000618124,-0.00669274,2.83652e-05
146.428,0.000617495,-0.00668819,2.83626e-05
146.429,0.000616866,-0.00668364,2.83601e-05
146.429,0.000616238,-0.00667909,2.83575e-05
146.429,0.00061561,-0.00667454,2.83549e-05
146.429,0.000614983,-0.00666999,2.83524e-05
146.429,0.000614356,-0.00666545,2.83498e-05
146.429,0.00061373,-0.0066609,2.83472e-05
146.429,0.000613104,-0.00665636,2.83447e-05
146.429,0.000612479,-0.00665182,2.83421e-05
146.429,0.000611854,-0.00664728,2.83395e-05
146.429,0.000611229,-0.00664273,2.8337e-05
146.429,0.000610605,-0.0066382,2.83344e-05
146.43,0.000609982,-0.00663366,2.83318e-05
146.43,0.000609359,-0.00662912,2.83293e-05
146.43,0.000608736,-0.00662458,2.83267e-05
146.43,0.000608114,-0.00662005,2.83241e-05
146.43,0.000607492,-0.00661552,2.83216e-05
146.43,0.00060687,-0.00661098,2.8319e-05
146.43,0.000606249,-0.00660645,2.83164e-05
146.43,0.000605629,-0.00660192,2.83139e-05
146.43,0.000605009,-0.00659739,2.83113e-05
146.43,0.000604389,-0.00659286,2.83088e-05
146.43,0.00060377,-0.00658834,2.83062e-05
146.431,0.000603151,-0.00658381,2.83036e-05
146.431,0.000602533,-0.00657929,2.83011e-05
146.431,0.000601915,-0.00657476,2.82985e-05
146.431,0.000601298,-0.00657024,2.82959e-05
146.431,0.000600681,-0.00656572,2.82934e-05
146.431,0.000600065,-0.0065612,2.82908e-05
146.431,0.000599449,-0.00655668,2.82883e-05
146.431,0.000598833,-0.00655216,2.82857e-05
146.431,0.000598218,-0.00654764,2.82831e-05
146.431,0.000597603,-0.00654313,2.82806e-05
146.432,0.000596989,-0.00653861,2.8278e-05
146.432,0.000596375,-0.0065341,2.82754e-05
146.432,0.000595762,-0.00652959,2.82729e-05
146.432,0.000595149,-0.00652508,2.82703e-05
146.432,0.000594537,-0.00652057,2.82678e-05
146.432,0.000593925,-0.00651606,2.82652e-05
146.432,0.000593313,-0.00651155,2.82626e-05
146.432,0.000592702,-0.00650704,2.82601e-05
146.432,0.000592091,-0.00650254,2.82575e-05
146.432,0.000591481,-0.00649803,2.8255e-05
146.432,0.000590871,-0.00649353,2.82524e-05
146.433,0.000590262,-0.00648903,2.82498e-05
146.433,0.000589653,-0.00648453,2.82473e-05
146.433,0.000589045,-0.00648003,2.82447e-05
146.433,0.000588436,-0.00647553,2.82422e-05
146.433,0.000587829,-0.00647103,2.82396e-05
146.433,0.000587222,-0.00646653,2.82371e-05
146.433,0.000586615,-0.00646204,2.82345e-05
146.433,0.000586009,-0.00645755,2.82319e-05
146.433,0.000585403,-0.00645305,2.82294e-05
146.433,0.000584798,-0.00644856,2.82268e-05
146.433,0.000584193,-0.00644407,2.82243e-05
146.434,0.000583588,-0.00643958,2.82217e-05
146.434,0.000582984,-0.00643509,2.82191e-05
146.434,0.000582381,-0.00643061,2.82166e-05
146.434,0.000581777,-0.00642612,2.8214e-05
146.434,0.000581175,-0.00642163,2.82115e-05
146.434,0.000580572,-0.00641715,2.82089e-05
146.434,0.000579971,-0.00641267,2.82064e-05
146.434,0.000579369,-0.00640819,2.82038e-05
146.434,0.000578768,-0.00640371,2.82013e-05
146.434,0.000578168,-0.00639923,2.81987e-05
146.435,0.000577568,-0.00639475,2.81961e-05
146.435,0.000576968,-0.00639027,2.81936e-05
146.435,0.000576369,-0.0063858,2.8191e-05
146.435,0.00057577,-0.00638132,2.81885e-05
146.435,0.000575172,-0.00637685,2.81859e-05
146.435,0.000574574,-0.00637238,2.81834e-05
146.435,0.000573976,-0.00636791,2.81808e-05
146.435,0.000573379,-0.00636344,2.81783e-05
146.435,0.000572783,-0.00635897,2.81757e-05
146.435,0.000572187,-0.0063545,2.81732e-05
146.435,0.000571591,-0.00635004,2.81706e-05
146.436,0.000570996,-0.00634557,2.8168e-05
146.436,0.000570401,-0.00634111,2.81655e-05
146.436,0.000569806,-0.00633665,2.81629e-05
146.436,0.000569212,-0.00633218,2.81604e-05
146.436,0.000568619,-0.00632772,2.81578e-05
146.436,0.000568026,-0.00632326,2.81553e-05
146.436,0.000567433,-0.00631881,2.81527e-05
146.436,0.000566841,-0.00631435,2.81502e-05
146.436,0.000566249,-0.00630989,2.81476e-05
146.436,0.000565658,-0.00630544,2.81451e-05
146.436,0.000565067,-0.00630099,2.81425e-05
146.437,0.000564476,-0.00629654,2.814e-05
146.437,0.000563886,-0.00629208,2.81374e-05
146.437,0.000563297,-0.00628763,2.81349e-05
146.437,0.000562708,-0.00628319,2.81323e-05
146.437,0.000562119,-0.00627874,2.81298e-05
146.437,0.000561531,-0.00627429,2.81272e-05
146.437,0.000560943,-0.00626985,2.81247e-05
146.437,0.000560355,-0.0062654,2.81221e-05
146.437,0.000559768,-0.00626096,2.81196e-05
146.437,0.000559182,-0.00625652,2.8117e-05
146.438,0.000558596,-0.00625208,2.81145e-05
146.438,0.00055801,-0.00624764,2.81119e-05
146.438,0.000557425,-0.0062432,2.81094e-05
146.438,0.00055684,-0.00623877,2.81068e-05
146.438,0.000556256,-0.00623433,2.81043e-05
146.438,0.000555672,-0.0062299,2.81017e-05
146.438,0.000555088,-0.00622547,2.80992e-05
146.438,0.000554505,-0.00622103,2.80966e-05
146.438,0.000553923,-0.0062166,2.80941e-05
146.438,0.00055334,-0.00621217,2.80915e-05
146.438,0.000552759,-0.00620775,2.8089e-05
146.439,0.000552177,-0.00620332,2.80864e-05
146.439,0.000551596,-0.00619889,2.80839e-05
146.439,0.000551016,-0.00619447,2.80814e-05
146.439,0.000550436,-0.00619005,2.80788e-05
146.439,0.000549856,-0.00618562,2.80763e-05
146.439,0.000549277,-0.0061812,2.80737e-05
146.439,0.000548698,-0.00617678,2.80712e-05
146.439,0.00054812,-0.00617237,2.80686e-05
146.439,0.000547542,-0.00616795,2.80661e-05
146.439,0.000546964,-0.00616353,2.80635e-05
146.439,0.000546387,-0.00615912,2.8061e-05
146.44,0.000545811,-0.0061547,2.80584e-05
146.44,0.000545235,-0.00615029,2.80559e-05
146.44,0.000544659,-0.00614588,2.80534e-05
146.44,0.000544084,-0.00614147,2.80508e-05
146.44,0.000543509,-0.00613706,2.80483e-05
146.44,0.000542934,-0.00613266,2.80457e-05
146.44,0.00054236,-0.00612825,2.80432e-05
146.44,0.000541787,-0.00612384,2.80406e-05
146.44,0.000541213,-0.00611944,2.80381e-05
146.44,0.000540641,-0.00611504,2.80355e-05
146.441,0.000540068,-0.00611064,2.8033e-05
146.441,0.000539496,-0.00610624,2.80305e-05
146.441,0.000538925,-0.00610184,2.80279e-05
146.441,0.000538354,-0.00609744,2.80254e-05
146.441,0.000537783,-0.00609304,2.80228e-05
146.441,0.000537213,-0.00608865,2.80203e-05
146.441,0.000536643,-0.00608425,2.80177e-05
146.441,0.000536074,-0.00607986,2.80152e-05
146.441,0.000535505,-0.00607547,2.80127e-05
146.441,0.000534937,-0.00607108,2.80101e-05
146.441,0.000534369,-0.00606669,2.80076e-05
146.442,0.000533801,-0.0060623,2.8005e-05
146.442,0.000533234,-0.00605792,2.80025e-05
146.442,0.000532667,-0.00605353,2.8e-05
146.442,0.000532101,-0.00604915,2.79974e-05
146.442,0.000531535,-0.00604476,2.79949e-05
146.442,0.00053097,-0.00604038,2.79923e-05
146.442,0.000530404,-0.006036,2.79898e-05
146.442,0.00052984,-0.00603162,2.79873e-05
146.442,0.000529276,-0.00602725,2.79847e-05
146.442,0.000528712,-0.00602287,2.79822e-05
146.442,0.000528149,-0.00601849,2.79796e-05
146.443,0.000527586,-0.00601412,2.79771e-05
146.443,0.000527023,-0.00600975,2.79746e-05
146.443,0.000526461,-0.00600538,2.7972e-05
146.443,0.000525899,-0.00600101,2.79695e-05
146.443,0.000525338,-0.00599664,2.79669e-05
146.443,0.000524777,-0.00599227,2.79644e-05
146.443,0.000524217,-0.0059879,2.79619e-05
146.443,0.000523657,-0.00598354,2.79593e-05
146.443,0.000523097,-0.00597917,2.79568e-05
146.443,0.000522538,-0.00597481,2.79543e-05
146.444,0.00052198,-0.00597045,2.79517e-05
146.444,0.000521421,-0.00596609,2.79492e-05
146.444,0.000520864,-0.00596173,2.79466e-05
146.444,0.000520306,-0.00595737,2.79441e-05
146.444,0.000519749,-0.00595301,2.79416e-05
146.444,0.000519193,-0.00594866,2.7939e-05
146.444,0.000518636,-0.0059443,2.79365e-05
146.444,0.000518081,-0.00593995,2.7934e-05
146.444,0.000517525,-0.0059356,2.79314e-05
146.444,0.00051697,-0.00593125,2.79289e-05
146.444,0.000516416,-0.0059269,2.79264e-05
146.445,0.000515862,-0.00592255,2.79238e-05
146.445,0.000515308,-0.00591821,2.79213e-05
146.445,0.000514755,-0.00591386,2.79188e-05
146.445,0.000514202,-0.00590952,2.79162e-05
146.445,0.00051365,-0.00590517,2.79137e-05
146.445,0.000513098,-0.00590083,2.79112e-05
146.445,0.000512547,-0.00589649,2.79086e-05
146.445,0.000511995,-0.00589215,2.79061e-05
146.445,0.000511445,-0.00588782,2.79036e-05
146.445,0.000510894,-0.00588348,2.7901e-05
146.445,0.000510345,-0.00587914,2.78985e-05
146.446,0.000509795,-0.00587481,2.7896e-05
146.446,0.000509246,-0.00587048,2.78934e-05
146.446,0.000508698,-0.00586615,2.78909e-05
146.446,0.000508149,-0.00586182,2.78884e-05
146.446,0.000507602,-0.00585749,2.78858e-05
146.446,0.000507054,-0.00585316,2.78833e-05
146.446,0.000506507,-0.00584883,2.78808e-05
146.446,0.000505961,-0.00584451,2.78782e-05
146.446,0.000505415,-0.00584019,2.78757e-05
146.446,0.000504869,-0.00583586,2.78732e-05
146.447,0.000504324,-0.00583154,2.78706e-05
146.447,0.000503779,-0.00582722,2.78681e-05
146.447,0.000503235,-0.0058229,2.78656e-05
146.447,0.000502691,-0.00581859,2.7863e-05
146.447,0.000502147,-0.00581427,2.78605e-05
146.447,0.000501604,-0.00580996,2.7858e-05
146.447,0.000501061,-0.00580564,2.78554e-05
146.447,0.000500519,-0.00580133,2.78529e-05
146.447,0.000499977,-0.00579702,2.78504e-05
146.447,0.000499436,-0.00579271,2.78479e-05
146.447,0.000498895,-0.0057884,2.78453e-05
146.448,0.000498354,-0.0057841,2.78428e-05
146.448,0.000497814,-0.00577979,2.78403e-05
146.448,0.000497274,-0.00577549,2.78377e-05
146.448,0.000496734,-0.00577118,2.78352e-05
146.448,0.000496195,-0.00576688,2.78327e-05
146.448,0.000495657,-0.00576258,2.78302e-05
146.448,0.000495119,-0.00575828,2.78276e-05
146.448,0.000494581,-0.00575399,2.78251e-05
146.448,0.000494044,-0.00574969,2.78226e-05
146.448,0.000493507,-0.00574539,2.782e-05
146.448,0.00049297,-0.0057411,2.78175e-05
146.449,0.000492434,-0.00573681,2.7815e-05
146.449,0.000491898,-0.00573252,2.78125e-05
146.449,0.000491363,-0.00572823,2.78099e-05
146.449,0.000490828,-0.00572394,2.78074e-05
146.449,0.000490294,-0.00571965,2.78049e-05
146.449,0.00048976,-0.00571536,2.78024e-05
146.449,0.000489226,-0.00571108,2.77998e-05
146.449,0.000488693,-0.0057068,2.77973e-05
146.449,0.00048816,-0.00570251,2.77948e-05
146.449,0.000487628,-0.00569823,2.77923e-05
146.449,0.000487096,-0.00569395,2.77897e-05
146.45,0.000486564,-0.00568967,2.77872e-05
146.45,0.000486033,-0.0056854,2.77847e-05
146.45,0.000485502,-0.00568112,2.77822e-05
146.45,0.000484972,-0.00567685,2.77796e-05
146.45,0.000484442,-0.00567258,2.77771e-05
146.45,0.000483913,-0.0056683,2.77746e-05
146.45,0.000483384,-0.00566403,2.77721e-05
146.45,0.000482855,-0.00565976,2.77695e-05
146.45,0.000482327,-0.0056555,2.7767e-05
146.45,0.000481799,-0.00565123,2.77645e-05
146.451,0.000481271,-0.00564697,2.7762e-05
146.451,0.000480744,-0.0056427,2.77594e-05
146.451,0.000480218,-0.00563844,2.77569e-05
146.451,0.000479692,-0.00563418,2.77544e-05
146.451,0.000479166,-0.00562992,2.77519e-05
146.451,0.00047864,-0.00562566,2.77494e-05
146.451,0.000478115,-0.0056214,2.77468e-05
146.451,0.000477591,-0.00561715,2.77443e-05
146.451,0.000477067,-0.00561289,2.77418e-05
146.451,0.000476543,-0.00560864,2.77393e-05
146.451,0.000476019,-0.00560439,2.77367e-05
146.452,0.000475497,-0.00560014,2.77342e-05
146.452,0.000474974,-0.00559589,2.77317e-05
146.452,0.000474452,-0.00559164,2.77292e-05
146.452,0.00047393,-0.00558739,2.77267e-05
146.452,0.000473409,-0.00558315,2.77241e-05
146.452,0.000472888,-0.00557891,2.77216e-05
146.452,0.000472367,-0.00557466,2.77191e-05
146.452,0.000471847,-0.00557042,2.77166e-05
146.452,0.000471328,-0.00556618,2.77141e-05
146.452,0.000470808,-0.00556194,2.77115e-05
146.452,0.00047029,-0.00555771,2.7709e-05
146.453,0.000469771,-0.00555347,2.77065e-05
146.453,0.000469253,-0.00554924,2.7704e-05
146.453,0.000468735,-0.005545,2.77015e-05
146.453,0.000468218,-0.00554077,2.76989e-05
146.453,0.000467701,-0.00553654,2.76964e-05
146.453,0.000467185,-0.00553231,2.76939e-05
146.453,0.000466669,-0.00552808,2.76914e-05
146.453,0.000466153,-0.00552386,2.76889e-05
146.453,0.000465638,-0.00551963,2.76864e-05
146.453,0.000465123,-0.00551541,2.76838e-05
146.454,0.000464609,-0.00551119,2.76813e-05
146.454,0.000464095,-0.00550697,2.76788e-05
146.454,0.000463581,-0.00550275,2.76763e-05
146.454,0.000463068,-0.00549853,2.76738e-05
146.454,0.000462555,-0.00549431,2.76713e-05
146.454,0.000462043,-0.0054901,2.76687e-05
146.454,0.000461531,-0.00548588,2.76662e-05
146.454,0.000461019,-0.00548167,2.76637e-05
146.454,0.000460508,-0.00547746,2.76612e-05
146.454,0.000459997,-0.00547325,2.76587e-05
146.454,0.000459487,-0.00546904,2.76562e-05
146.455,0.000458977,-0.00546483,2.76536e-05
146.455,0.000458467,-0.00546063,2.76511e-05
146.455,0.000457958,-0.00545642,2.76486e-05
146.455,0.000457449,-0.00545222,2.76461e-05
146.455,0.000456941,-0.00544802,2.76436e-05
146.455,0.000456433,-0.00544381,2.76411e-05
146.455,0.000455926,-0.00543962,2.76386e-05
146.455,0.000455418,-0.00543542,2.7636e-05
146.455,0.000454912,-0.00543122,2.76335e-05
146.455,0.000454405,-0.00542703,2.7631e-05
146.455,0.000453899,-0.00542283,2.76285e-05
146.456,0.000453394,-0.00541864,2.7626e-05
146.456,0.000452889,-0.00541445,2.76235e-05
146.456,0.000452384,-0.00541026,2.7621e-05
146.456,0.00045188,-0.00540607,2.76184e-05
146.456,0.000451376,-0.00540188,2.76159e-05
146.456,0.000450872,-0.0053977,2.76134e-05
146.456,0.000450369,-0.00539351,2.76109e-05
146.456,0.000449866,-0.00538933,2.76084e-05
146.456,0.000449364,-0.00538515,2.76059e-05
146.456,0.000448862,-0.00538097,2.76034e-05
146.456,0.00044836,-0.00537679,2.76009e-05
146.457,0.000447859,-0.00537261,2.75984e-05
146.457,0.000447358,-0.00536844,2.75958e-05
146.457,0.000446858,-0.00536426,2.75933e-05
146.457,0.000446358,-0.00536009,2.75908e-05
146.457,0.000445859,-0.00535592,2.75883e-05
146.457,0.000445359,-0.00535175,2.75858e-05
146.457,0.000444861,-0.00534758,2.75833e-05
146.457,0.000444362,-0.00534341,2.75808e-05
146.457,0.000443864,-0.00533924,2.75783e-05
146.457,0.000443367,-0.00533508,2.75758e-05
146.458,0.00044287,-0.00533092,2.75732e-05
146.458,0.000442373,-0.00532675,2.75707e-05
146.458,0.000441877,-0.00532259,2.75682e-05
146.458,0.000441381,-0.00531843,2.75657e-05
146.458,0.000440885,-0.00531428,2.75632e-05
146.458,0.00044039,-0.00531012,2.75607e-05
146.458,0.000439895,-0.00530596,2.75582e-05
146.458,0.000439401,-0.00530181,2.75557e-05
146.458,0.000438907,-0.00529766,2.75532e-05
146.458,0.000438413,-0.00529351,2.75507e-05
146.458,0.00043792,-0.00528936,2.75482e-05
146.459,0.000437427,-0.00528521,2.75457e-05
146.459,0.000436935,-0.00528106,2.75431e-05
146.459,0.000436443,-0.00527692,2.75406e-05
146.459,0.000435951,-0.00527277,2.75381e-05
146.459,0.00043546,-0.00526863,2.75356e-05
146.459,0.000434969,-0.00526449,2.75331e-05
146.459,0.000434478,-0.00526035,2.75306e-05
146.459,0.000433988,-0.00525621,2.75281e-05
146.459,0.000433499,-0.00525207,2.75256e-05
146.459,0.000433009,-0.00524794,2.75231e-05
146.459,0.000432521,-0.0052438,2.75206e-05
146.46,0.000432032,-0.00523967,2.75181e-05
146.46,0.000431544,-0.00523554,2.75156e-05
146.46,0.000431056,-0.00523141,2.75131e-05
146.46,0.000430569,-0.00522728,2.75106e-05
146.46,0.000430082,-0.00522315,2.75081e-05
146.46,0.000429596,-0.00521903,2.75056e-05
146.46,0.00042911,-0.0052149,2.75031e-05
146.46,0.000428624,-0.00521078,2.75005e-05
146.46,0.000428138,-0.00520666,2.7498e-05
146.46,0.000427654,-0.00520254,2.74955e-05
146.46,0.000427169,-0.00519842,2.7493e-05
146.461,0.000426685,-0.0051943,2.74905e-05
146.461,0.000426201,-0.00519019,2.7488e-05
146.461,0.000425718,-0.00518607,2.74855e-05
146.461,0.000425235,-0.00518196,2.7483e-05
146.461,0.000424752,-0.00517785,2.74805e-05
146.461,0.00042427,-0.00517374,2.7478e-05
146.461,0.000423788,-0.00516963,2.74755e-05
146.461,0.000423307,-0.00516552,2.7473e-05
146.461,0.000422826,-0.00516142,2.74705e-05
146.461,0.000422345,-0.00515731,2.7468e-05
146.462,0.000421865,-0.00515321,2.74655e-05
146.462,0.000421385,-0.00514911,2.7463e-05
146.462,0.000420905,-0.00514501,2.74605e-05
146.462,0.000420426,-0.00514091,2.7458e-05
146.462,0.000419948,-0.00513681,2.74555e-05
146.462,0.000419469,-0.00513271,2.7453e-05
146.462,0.000418991,-0.00512862,2.74505e-05
146.462,0.000418514,-0.00512453,2.7448e-05
146.462,0.000418037,-0.00512043,2.74455e-05
146.462,0.00041756,-0.00511634,2.7443e-05
146.462,0.000417084,-0.00511225,2.74405e-05
146.463,0.000416608,-0.00510817,2.7438e-05
146.463,0.000416132,-0.00510408,2.74355e-05
146.463,0.000415657,-0.0051,2.7433e-05
146.463,0.000415182,-0.00509591,2.74305e-05
146.463,0.000414708,-0.00509183,2.7428e-05
146.463,0.000414234,-0.00508775,2.74255e-05
146.463,0.00041376,-0.00508367,2.7423e-05
146.463,0.000413287,-0.00507959,2.74205e-05
146.463,0.000412814,-0.00507552,2.7418e-05
146.463,0.000412341,-0.00507144,2.74155e-05
146.463,0.000411869,-0.00506737,2.7413e-05
146.464,0.000411398,-0.0050633,2.74105e-05
146.464,0.000410926,-0.00505923,2.7408e-05
146.464,0.000410455,-0.00505516,2.74055e-05
146.464,0.000409985,-0.00505109,2.7403e-05
146.464,0.000409515,-0.00504703,2.74005e-05
146.464,0.000409045,-0.00504296,2.7398e-05
146.464,0.000408575,-0.0050389,2.73955e-05
146.464,0.000408106,-0.00503484,2.7393e-05
146.464,0.000407638,-0.00503078,2.73905e-05
146.464,0.000407169,-0.00502672,2.7388e-05
146.465,0.000406702,-0.00502266,2.73855e-05
146.465,0.000406234,-0.0050186,2.7383e-05
146.465,0.000405767,-0.00501455,2.73805e-05
146.465,0.0004053,-0.0050105,2.73781e-05
146.465,0.000404834,-0.00500645,2.73756e-05
146.465,0.000404368,-0.0050024,2.73731e-05
146.465,0.000403902,-0.00499835,2.73706e-05
146.465,0.000403437,-0.0049943,2.73681e-05
146.465,0.000402972,-0.00499025,2.73656e-05
146.465,0.000402508,-0.00498621,2.73631e-05
146.465,0.000402044,-0.00498217,2.73606e-05
146.466,0.00040158,-0.00497813,2.73581e-05
146.466,0.000401117,-0.00497409,2.73556e-05
146.466,0.000400654,-0.00497005,2.73531e-05
146.466,0.000400192,-0.00496601,2.73506e-05
146.466,0.000399729,-0.00496198,2.73481e-05
146.466,0.000399268,-0.00495794,2.73456e-05
146.466,0.000398806,-0.00495391,2.73431e-05
146.466,0.000398345,-0.00494988,2.73406e-05
146.466,0.000397885,-0.00494585,2.73381e-05
146.466,0.000397425,-0.00494182,2.73357e-05
146.466,0.000396965,-0.00493779,2.73332e-05
146.467,0.000396505,-0.00493377,2.73307e-05
146.467,0.000396046,-0.00492974,2.73282e-05
146.467,0.000395587,-0.00492572,2.73257e-05
146.467,0.000395129,-0.0049217,2.73232e-05
146.467,0.000394671,-0.00491768,2.73207e-05
146.467,0.000394214,-0.00491366,2.73182e-05
146.467,0.000393756,-0.00490965,2.73157e-05
146.467,0.0003933,-0.00490563,2.73132e-05
146.467,0.000392843,-0.00490162,2.73107e-05
146.467,0.000392387,-0.00489761,2.73082e-05
146.467,0.000391932,-0.00489359,2.73058e-05
146.468,0.000391476,-0.00488959,2.73033e-05
146.468,0.000391021,-0.00488558,2.73008e-05
146.468,0.000390567,-0.00488157,2.72983e-05
146.468,0.000390113,-0.00487757,2.72958e-05
146.468,0.000389659,-0.00487356,2.72933e-05
146.468,0.000389205,-0.00486956,2.72908e-05
146.468,0.000388752,-0.00486556,2.72883e-05
146.468,0.0003883,-0.00486156,2.72858e-05
146.468,0.000387848,-0.00485757,2.72833e-05
146.468,0.000387396,-0.00485357,2.72809e-05
146.469,0.000386944,-0.00484958,2.72784e-05
146.469,0.000386493,-0.00484558,2.72759e-05
146.469,0.000386042,-0.00484159,2.72734e-05
146.469,0.000385592,-0.0048376,2.72709e-05
146.469,0.000385142,-0.00483361,2.72684e-05
146.469,0.000384692,-0.00482963,2.72659e-05
146.469,0.000384243,-0.00482564,2.72634e-05
146.469,0.000383794,-0.00482166,2.7261e-05
146.469,0.000383346,-0.00481767,2.72585e-05
146.469,0.000382897,-0.00481369,2.7256e-05
146.469,0.00038245,-0.00480971,2.72535e-05
146.47,0.000382002,-0.00480573,2.7251e-05
146.47,0.000381555,-0.00480176,2.72485e-05
146.47,0.000381109,-0.00479778,2.7246e-05
146.47,0.000380662,-0.00479381,2.72435e-05
146.47,0.000380217,-0.00478984,2.72411e-05
146.47,0.000379771,-0.00478587,2.72386e-05
146.47,0.000379326,-0.0047819,2.72361e-05
146.47,0.000378881,-0.00477793,2.72336e-05
146.47,0.000378437,-0.00477396,2.72311e-05
146.47,0.000377993,-0.00477,2.72286e-05
146.47,0.000377549,-0.00476604,2.72261e-05
146.471,0.000377106,-0.00476207,2.72237e-05
146.471,0.000376663,-0.00475811,2.72212e-05
146.471,0.00037622,-0.00475416,2.72187e-05
146.471,0.000375778,-0.0047502,2.72162e-05
146.471,0.000375337,-0.00474624,2.72137e-05
146.471,0.000374895,-0.00474229,2.72112e-05
146.471,0.000374454,-0.00473834,2.72088e-05
146.471,0.000374013,-0.00473439,2.72063e-05
146.471,0.000373573,-0.00473044,2.72038e-05
146.471,0.000373133,-0.00472649,2.72013e-05
146.471,0.000372694,-0.00472254,2.71988e-05
146.472,0.000372254,-0.0047186,2.71963e-05
146.472,0.000371816,-0.00471465,2.71939e-05
146.472,0.000371377,-0.00471071,2.71914e-05
146.472,0.000370939,-0.00470677,2.71889e-05
146.472,0.000370501,-0.00470283,2.71864e-05
146.472,0.000370064,-0.00469889,2.71839e-05
146.472,0.000369627,-0.00469496,2.71814e-05
146.472,0.000369191,-0.00469102,2.7179e-05
146.472,0.000368754,-0.00468709,2.71765e-05
146.472,0.000368319,-0.00468316,2.7174e-05
146.473,0.000367883,-0.00467923,2.71715e-05
146.473,0.000367448,-0.0046753,2.7169e-05
146.473,0.000367013,-0.00467137,2.71666e-05
146.473,0.000366579,-0.00466745,2.71641e-05
146.473,0.000366145,-0.00466352,2.71616e-05
146.473,0.000365711,-0.0046596,2.71591e-05
146.473,0.000365278,-0.00465568,2.71566e-05
146.473,0.000364845,-0.00465176,2.71541e-05
146.473,0.000364412,-0.00464784,2.71517e-05
146.473,0.00036398,-0.00464392,2.71492e-05
146.473,0.000363549,-0.00464001,2.71467e-05
146.474,0.000363117,-0.0046361,2.71442e-05
146.474,0.000362686,-0.00463218,2.71418e-05
146.474,0.000362255,-0.00462827,2.71393e-05
146.474,0.000361825,-0.00462437,2.71368e-05
146.474,0.000361395,-0.00462046,2.71343e-05
146.474,0.000360965,-0.00461655,2.71318e-05
146.474,0.000360536,-0.00461265,2.71294e-05
146.474,0.000360107,-0.00460875,2.71269e-05
146.474,0.000359679,-0.00460484,2.71244e-05
146.474,0.000359251,-0.00460094,2.71219e-05
146.474,0.000358823,-0.00459705,2.71194e-05
146.475,0.000358396,-0.00459315,2.7117e-05
146.475,0.000357969,-0.00458925,2.71145e-05
146.475,0.000357542,-0.00458536,2.7112e-05
146.475,0.000357116,-0.00458147,2.71095e-05
146.475,0.00035669,-0.00457758,2.71071e-05
146.475,0.000356264,-0.00457369,2.71046e-05
146.475,0.000355839,-0.0045698,2.71021e-05
146.475,0.000355414,-0.00456592,2.70996e-05
146.475,0.00035499,-0.00456203,2.70972e-05
146.475,0.000354565,-0.00455815,2.70947e-05
146.475,0.000354142,-0.00455427,2.70922e-05
146.476,0.000353718,-0.00455039,2.70897e-05
146.476,0.000353295,-0.00454651,2.70872e-05
146.476,0.000352873,-0.00454263,2.70848e-05
146.476,0.00035245,-0.00453876,2.70823e-05
146.476,0.000352028,-0.00453488,2.70798e-05
146.476,0.000351607,-0.00453101,2.70773e-05
146.476,0.000351186,-0.00452714,2.70749e-05
146.476,0.000350765,-0.00452327,2.70724e-05
146.476,0.000350344,-0.0045194,2.70699e-05
146.476,0.000349924,-0.00451554,2.70674e-05
146.477,0.000349504,-0.00451167,2.7065e-05
146.477,0.000349085,-0.00450781,2.70625e-05
146.477,0.000348666,-0.00450395,2.706e-05
146.477,0.000348247,-0.00450009,2.70576e-05
146.477,0.000347829,-0.00449623,2.70551e-05
146.477,0.000347411,-0.00449238,2.70526e-05
146.477,0.000346993,-0.00448852,2.70501e-05
146.477,0.000346576,-0.00448467,2.70477e-05
146.477,0.000346159,-0.00448082,2.70452e-05
146.477,0.000345743,-0.00447696,2.70427e-05
146.477,0.000345327,-0.00447312,2.70402e-05
146.478,0.000344911,-0.00446927,2.70378e-05
146.478,0.000344495,-0.00446542,2.70353e-05
146.478,0.00034408,-0.00446158,2.70328e-05
146.478,0.000343665,-0.00445774,2.70304e-05
146.478,0.000343251,-0.00445389,2.70279e-05
146.478,0.000342837,-0.00445006,2.70254e-05
146.478,0.000342423,-0.00444622,2.70229e-05
146.478,0.00034201,-0.00444238,2.70205e-05
146.478,0.000341597,-0.00443855,2.7018e-05
146.478,0.000341185,-0.00443471,2.70155e-05
146.478,0.000340772,-0.00443088,2.70131e-05
146.479,0.000340361,-0.00442705,2.70106e-05
146.479,0.000339949,-0.00442322,2.70081e-05
146.479,0.000339538,-0.00441939,2.70056e-05
146.479,0.000339127,-0.00441557,2.70032e-05
146.479,0.000338717,-0.00441174,2.70007e-05
146.479,0.000338307,-0.00440792,2.69982e-05
146.479,0.000337897,-0.0044041,2.69958e-05
146.479,0.000337488,-0.00440028,2.69933e-05
146.479,0.000337079,-0.00439646,2.69908e-05
146.479,0.00033667,-0.00439265,2.69884e-05
146.479,0.000336262,-0.00438883,2.69859e-05
146.48,0.000335854,-0.00438502,2.69834e-05
146.48,0.000335446,-0.00438121,2.6981e-05
146.48,0.000335039,-0.0043774,2.69785e-05
146.48,0.000334632,-0.00437359,2.6976e-05
146.48,0.000334226,-0.00436978,2.69735e-05
146.48,0.000333819,-0.00436598,2.69711e-05
146.48,0.000333414,-0.00436218,2.69686e-05
146.48,0.000333008,-0.00435837,2.69661e-05
146.48,0.000332603,-0.00435457,2.69637e-05
146.48,0.000332198,-0.00435077,2.69612e-05
146.481,0.000331794,-0.00434698,2.69587e-05
146.481,0.00033139,-0.00434318,2.69563e-05
146.481,0.000330986,-0.00433939,2.69538e-05
146.481,0.000330583,-0.00433559,2.69513e-05
146.481,0.00033018,-0.0043318,2.69489e-05
146.481,0.000329777,-0.00432801,2.69464e-05
146.481,0.000329375,-0.00432423,2.69439e-05
146.481,0.000328973,-0.00432044,2.69415e-05
146.481,0.000328572,-0.00431665,2.6939e-05
146.481,0.000328171,-0.00431287,2.69365e-05
146.481,0.00032777,-0.00430909,2.69341e-05
146.482,0.000327369,-0.00430531,2.69316e-05
146.482,0.000326969,-0.00430153,2.69292e-05
146.482,0.000326569,-0.00429775,2.69267e-05
146.482,0.00032617,-0.00429398,2.69242e-05
146.482,0.000325771,-0.0042902,2.69218e-05
146.482,0.000325372,-0.00428643,2.69193e-05
146.482,0.000324974,-0.00428266,2.69168e-05
146.482,0.000324576,-0.00427889,2.69144e-05
146.482,0.000324178,-0.00427513,2.69119e-05
146.482,0.000323781,-0.00427136,2.69094e-05
146.482,0.000323384,-0.0042676,2.6907e-05
146.483,0.000322987,-0.00426383,2.69045e-05
146.483,0.000322591,-0.00426007,2.6902e-05
146.483,0.000322195,-0.00425631,2.68996e-05
146.483,0.000321799,-0.00425256,2.68971e-05
146.483,0.000321404,-0.0042488,2.68947e-05
146.483,0.000321009,-0.00424504,2.68922e-05
146.483,0.000320615,-0.00424129,2.68897e-05
146.483,0.00032022,-0.00423754,2.68873e-05
146.483,0.000319826,-0.00423379,2.68848e-05
146.483,0.000319433,-0.00423004,2.68823e-05
146.483,0.00031904,-0.00422629,2.68799e-05
146.484,0.000318647,-0.00422255,2.68774e-05
146.484,0.000318255,-0.00421881,2.6875e-05
146.484,0.000317863,-0.00421506,2.68725e-05
146.484,0.000317471,-0.00421132,2.687e-05
146.484,0.000317079,-0.00420759,2.68676e-05
146.484,0.000316688,-0.00420385,2.68651e-05
146.484,0.000316298,-0.00420011,2.68627e-05
146.484,0.000315907,-0.00419638,2.68602e-05
146.484,0.000315517,-0.00419265,2.68577e-05
146.484,0.000315128,-0.00418892,2.68553e-05
146.485,0.000314738,-0.00418519,2.68528e-05
146.485,0.000314349,-0.00418146,2.68504e-05
146.485,0.000313961,-0.00417773,2.68479e-05
146.485,0.000313572,-0.00417401,2.68454e-05
146.485,0.000313184,-0.00417029,2.6843e-05
146.485,0.000312797,-0.00416657,2.68405e-05
146.485,0.00031241,-0.00416285,2.68381e-05
146.485,0.000312023,-0.00415913,2.68356e-05
146.485,0.000311636,-0.00415541,2.68331e-05
146.485,0.00031125,-0.0041517,2.68307e-05
146.485,0.000310864,-0.00414798,2.68282e-05
146.486,0.000310479,-0.00414427,2.68258e-05
146.486,0.000310093,-0.00414056,2.68233e-05
146.486,0.000309709,-0.00413685,2.68208e-05
146.486,0.000309324,-0.00413315,2.68184e-05
146.486,0.00030894,-0.00412944,2.68159e-05
146.486,0.000308556,-0.00412574,2.68135e-05
146.486,0.000308173,-0.00412204,2.6811e-05
146.486,0.00030779,-0.00411834,2.68086e-05
146.486,0.000307407,-0.00411464,2.68061e-05
146.486,0.000307025,-0.00411094,2.68036e-05
146.486,0.000306642,-0.00410725,2.68012e-05
146.487,0.000306261,-0.00410355,2.67987e-05
146.487,0.000305879,-0.00409986,2.67963e-05
146.487,0.000305498,-0.00409617,2.67938e-05
146.487,0.000305118,-0.00409248,2.67914e-05
146.487,0.000304737,-0.00408879,2.67889e-05
146.487,0.000304357,-0.00408511,2.67865e-05
146.487,0.000303978,-0.00408142,2.6784e-05
146.487,0.000303598,-0.00407774,2.67815e-05
146.487,0.000303219,-0.00407406,2.67791e-05
146.487,0.000302841,-0.00407038,2.67766e-05
146.487,0.000302462,-0.0040667,2.67742e-05
146.488,0.000302084,-0.00406303,2.67717e-05
146.488,0.000301707,-0.00405935,2.67693e-05
146.488,0.000301329,-0.00405568,2.67668e-05
146.488,0.000300952,-0.00405201,2.67644e-05
146.488,0.000300576,-0.00404834,2.67619e-05
146.488,0.000300199,-0.00404467,2.67594e-05
146.488,0.000299824,-0.00404101,2.6757e-05
146.488,0.000299448,-0.00403734,2.67545e-05
146.488,0.000299073,-0.00403368,2.67521e-05
146.488,0.000298698,-0.00403002,2.67496e-05
146.489,0.000298323,-0.00402636,2.67472e-05
146.489,0.000297949,-0.0040227,2.67447e-05
146.489,0.000297575,-0.00401904,2.67423e-05
146.489,0.000297201,-0.00401539,2.67398e-05
146.489,0.000296828,-0.00401174,2.67374e-05
146.489,0.000296455,-0.00400808,2.67349e-05
146.489,0.000296083,-0.00400443,2.67325e-05
146.489,0.000295711,-0.00400079,2.673e-05
146.489,0.000295339,-0.00399714,2.67276e-05
146.489,0.000294967,-0.0039935,2.67251e-05
146.489,0.000294596,-0.00398985,2.67227e-05
146.49,0.000294225,-0.00398621,2.67202e-05
146.49,0.000293855,-0.00398257,2.67178e-05
146.49,0.000293484,-0.00397893,2.67153e-05
146.49,0.000293115,-0.00397529,2.67128e-05
146.49,0.000292745,-0.00397166,2.67104e-05
146.49,0.000292376,-0.00396803,2.67079e-05
146.49,0.000292007,-0.00396439,2.67055e-05
146.49,0.000291639,-0.00396076,2.6703e-05
146.49,0.00029127,-0.00395714,2.67006e-05
146.49,0.000290903,-0.00395351,2.66981e-05
146.49,0.000290535,-0.00394988,2.66957e-05
146.491,0.000290168,-0.00394626,2.66932e-05
146.491,0.000289801,-0.00394264,2.66908e-05
146.491,0.000289435,-0.00393902,2.66883e-05
146.491,0.000289069,-0.0039354,2.66859e-05
146.491,0.000288703,-0.00393178,2.66834e-05
146.491,0.000288337,-0.00392817,2.6681e-05
146.491,0.000287972,-0.00392455,2.66785e-05
146.491,0.000287607,-0.00392094,2.66761e-05
146.491,0.000287243,-0.00391733,2.66737e-05
146.491,0.000286879,-0.00391372,2.66712e-05
146.491,0.000286515,-0.00391011,2.66688e-05
146.492,0.000286151,-0.00390651,2.66663e-05
146.492,0.000285788,-0.0039029,2.66639e-05
146.492,0.000285425,-0.0038993,2.66614e-05
146.492,0.000285063,-0.0038957,2.6659e-05
146.492,0.000284701,-0.0038921,2.66565e-05
146.492,0.000284339,-0.0038885,2.66541e-05
146.492,0.000283977,-0.00388491,2.66516e-05
146.492,0.000283616,-0.00388131,2.66492e-05
146.492,0.000283255,-0.00387772,2.66467e-05
146.492,0.000282895,-0.00387413,2.66443e-05
146.493,0.000282535,-0.00387054,2.66418e-05
146.493,0.000282175,-0.00386695,2.66394e-05
146.493,0.000281815,-0.00386337,2.66369e-05
146.493,0.000281456,-0.00385979,2.66345e-05
146.493,0.000281097,-0.0038562,2.6632e-05
146.493,0.000280739,-0.00385262,2.66296e-05
146.493,0.000280381,-0.00384904,2.66272e-05
146.493,0.000280023,-0.00384547,2.66247e-05
146.493,0.000279665,-0.00384189,2.66223e-05
146.493,0.000279308,-0.00383832,2.66198e-05
146.493,0.000278951,-0.00383474,2.66174e-05
146.494,0.000278595,-0.00383117,2.66149e-05
146.494,0.000278239,-0.0038276,2.66125e-05
146.494,0.000277883,-0.00382404,2.661e-05
146.494,0.000277527,-0.00382047,2.66076e-05
146.494,0.000277172,-0.00381691,2.66051e-05
146.494,0.000276817,-0.00381334,2.66027e-05
146.494,0.000276463,-0.00380978,2.66003e-05
146.494,0.000276108,-0.00380622,2.65978e-05
146.494,0.000275754,-0.00380267,2.65954e-05
146.494,0.000275401,-0.00379911,2.65929e-05
146.494,0.000275048,-0.00379555,2.65905e-05
146.495,0.000274695,-0.003792,2.6588e-05
146.495,0.000274342,-0.00378845,2.65856e-05
146.495,0.00027399,-0.0037849,2.65832e-05
146.495,0.000273638,-0.00378135,2.65807e-05
146.495,0.000273286,-0.00377781,2.65783e-05
146.495,0.000272935,-0.00377426,2.65758e-05
146.495,0.000272584,-0.00377072,2.65734e-05
146.495,0.000272234,-0.00376718,2.65709e-05
146.495,0.000271883,-0.00376364,2.65685e-05
146.495,0.000271533,-0.0037601,2.65661e-05
146.495,0.000271184,-0.00375657,2.65636e-05
146.496,0.000270834,-0.00375303,2.65612e-05
146.496,0.000270485,-0.0037495,2.65587e-05
146.496,0.000270137,-0.00374597,2.65563e-05
146.496,0.000269788,-0.00374244,2.65538e-05
146.496,0.00026944,-0.00373891,2.65514e-05
146.496,0.000269093,-0.00373539,2.6549e-05
146.496,0.000268745,-0.00373186,2.65465e-05
146.496,0.000268398,-0.00372834,2.65441e-05
146.496,0.000268052,-0.00372482,2.65416e-05
146.496,0.000267705,-0.0037213,2.65392e-05
146.497,0.000267359,-0.00371778,2.65368e-05
146.497,0.000267013,-0.00371427,2.65343e-05
146.497,0.000266668,-0.00371076,2.65319e-05
146.497,0.000266323,-0.00370724,2.65294e-05
146.497,0.000265978,-0.00370373,2.6527e-05
146.497,0.000265634,-0.00370022,2.65246e-05
146.497,0.000265289,-0.00369672,2.65221e-05
146.497,0.000264946,-0.00369321,2.65197e-05
146.497,0.000264602,-0.00368971,2.65172e-05
146.497,0.000264259,-0.0036862,2.65148e-05
146.497,0.000263916,-0.0036827,2.65124e-05
146.498,0.000263574,-0.0036792,2.65099e-05
146.498,0.000263231,-0.00367571,2.65075e-05
146.498,0.00026289,-0.00367221,2.65051e-05
146.498,0.000262548,-0.00366872,2.65026e-05
146.498,0.000262207,-0.00366523,2.65002e-05
146.498,0.000261866,-0.00366173,2.64977e-05
146.498,0.000261525,-0.00365825,2.64953e-05
146.498,0.000261185,-0.00365476,2.64929e-05
146.498,0.000260845,-0.00365127,2.64904e-05
146.498,0.000260505,-0.00364779,2.6488e-05
146.498,0.000260166,-0.00364431,2.64856e-05
146.499,0.000259827,-0.00364083,2.64831e-05
146.499,0.000259489,-0.00363735,2.64807e-05
146.499,0.00025915,-0.00363387,2.64782e-05
146.499,0.000258812,-0.0036304,2.64758e-05
146.499,0.000258474,-0.00362692,2.64734e-05
146.499,0.000258137,-0.00362345,2.64709e-05
146.499,0.0002578,-0.00361998,2.64685e-05
146.499,0.000257463,-0.00361651,2.64661e-05
146.499,0.000257127,-0.00361305,2.64636e-05
146.499,0.000256791,-0.00360958,2.64612e-05
146.499,0.000256455,-0.00360612,2.64588e-05
146.5,0.000256119,-0.00360266,2.64563e-05
146.5,0.000255784,-0.00359919,2.64539e-05
146.5,0.000255449,-0.00359574,2.64514e-05
146.5,0.000255115,-0.00359228,2.6449e-05
146.5,0.000254781,-0.00358883,2.64466e-05
146.5,0.000254447,-0.00358537,2.64441e-05
146.5,0.000254113,-0.00358192,2.64417e-05
146.5,0.00025378,-0.00357847,2.64393e-05
146.5,0.000253447,-0.00357502,2.64368e-05
146.5,0.000253114,-0.00357158,2.64344e-05
146.501,0.000252782,-0.00356813,2.6432e-05
146.501,0.00025245,-0.00356469,2.64295e-05
146.501,0.000252119,-0.00356125,2.64271e-05
146.501,0.000251787,-0.00355781,2.64247e-05
146.501,0.000251456,-0.00355437,2.64222e-05
146.501,0.000251125,-0.00355093,2.64198e-05
146.501,0.000250795,-0.0035475,2.64174e-05
146.501,0.000250465,-0.00354407,2.64149e-05
146.501,0.000250135,-0.00354063,2.64125e-05
146.501,0.000249806,-0.0035372,2.64101e-05
146.501,0.000249477,-0.00353378,2.64076e-05
146.502,0.000249148,-0.00353035,2.64052e-05
146.502,0.000248819,-0.00352693,2.64028e-05
146.502,0.000248491,-0.0035235,2.64003e-05
146.502,0.000248163,-0.00352008,2.63979e-05
146.502,0.000247836,-0.00351666,2.63955e-05
146.502,0.000247508,-0.00351325,2.6393e-05
146.502,0.000247181,-0.00350983,2.63906e-05
146.502,0.000246855,-0.00350642,2.63882e-05
146.502,0.000246528,-0.003503,2.63857e-05
146.502,0.000246202,-0.00349959,2.63833e-05
146.502,0.000245877,-0.00349618,2.63809e-05
146.503,0.000245551,-0.00349278,2.63785e-05
146.503,0.000245226,-0.00348937,2.6376e-05
146.503,0.000244901,-0.00348597,2.63736e-05
146.503,0.000244577,-0.00348257,2.63712e-05
146.503,0.000244253,-0.00347917,2.63687e-05
146.503,0.000243929,-0.00347577,2.63663e-05
146.503,0.000243606,-0.00347237,2.63639e-05
146.503,0.000243282,-0.00346898,2.63614e-05
146.503,0.000242959,-0.00346558,2.6359e-05
146.503,0.000242637,-0.00346219,2.63566e-05
146.503,0.000242315,-0.0034588,2.63542e-05
146.504,0.000241993,-0.00345541,2.63517e-05
146.504,0.000241671,-0.00345202,2.63493e-05
146.504,0.00024135,-0.00344864,2.63469e-05
146.504,0.000241029,-0.00344526,2.63444e-05
146.504,0.000240708,-0.00344188,2.6342e-05
146.504,0.000240388,-0.0034385,2.63396e-05
146.504,0.000240067,-0.00343512,2.63371e-05
146.504,0.000239748,-0.00343174,2.63347e-05
146.504,0.000239428,-0.00342837,2.63323e-05
146.504,0.000239109,-0.00342499,2.63299e-05
146.505,0.00023879,-0.00342162,2.63274e-05
146.505,0.000238472,-0.00341825,2.6325e-05
146.505,0.000238153,-0.00341489,2.63226e-05
146.505,0.000237835,-0.00341152,2.63202e-05
146.505,0.000237518,-0.00340816,2.63177e-05
146.505,0.000237201,-0.00340479,2.63153e-05
146.505,0.000236884,-0.00340143,2.63129e-05
146.505,0.000236567,-0.00339807,2.63104e-05
146.505,0.00023625,-0.00339472,2.6308e-05
146.505,0.000235934,-0.00339136,2.63056e-05
146.505,0.000235619,-0.00338801,2.63032e-05
146.506,0.000235303,-0.00338465,2.63007e-05
146.506,0.000234988,-0.0033813,2.62983e-05
146.506,0.000234673,-0.00337795,2.62959e-05
146.506,0.000234359,-0.00337461,2.62935e-05
146.506,0.000234044,-0.00337126,2.6291e-05
146.506,0.00023373,-0.00336792,2.62886e-05
146.506,0.000233417,-0.00336458,2.62862e-05
146.506,0.000233103,-0.00336124,2.62838e-05
146.506,0.00023279,-0.0033579,2.62813e-05
146.506,0.000232478,-0.00335456,2.62789e-05
146.506,0.000232165,-0.00335123,2.62765e-05
146.507,0.000231853,-0.00334789,2.62741e-05
146.507,0.000231541,-0.00334456,2.62716e-05
146.507,0.00023123,-0.00334123,2.62692e-05
146.507,0.000230919,-0.0033379,2.62668e-05
146.507,0.000230608,-0.00333458,2.62644e-05
146.507,0.000230297,-0.00333125,2.62619e-05
146.507,0.000229987,-0.00332793,2.62595e-05
146.507,0.000229677,-0.00332461,2.62571e-05
146.507,0.000229367,-0.00332129,2.62547e-05
146.507,0.000229058,-0.00331797,2.62522e-05
146.507,0.000228749,-0.00331466,2.62498e-05
146.508,0.00022844,-0.00331134,2.62474e-05
146.508,0.000228132,-0.00330803,2.6245e-05
146.508,0.000227824,-0.00330472,2.62425e-05
146.508,0.000227516,-0.00330141,2.62401e-05
146.508,0.000227208,-0.0032981,2.62377e-05
146.508,0.000226901,-0.0032948,2.62353e-05
146.508,0.000226594,-0.0032915,2.62328e-05
146.508,0.000226287,-0.00328819,2.62304e-05
146.508,0.000225981,-0.00328489,2.6228e-05
146.508,0.000225675,-0.0032816,2.62256e-05
146.509,0.000225369,-0.0032783,2.62232e-05
146.509,0.000225064,-0.003275,2.62207e-05
146.509,0.000224759,-0.00327171,2.62183e-05
146.509,0.000224454,-0.00326842,2.62159e-05
146.509,0.000224149,-0.00326513,2.62135e-05
146.509,0.000223845,-0.00326184,2.6211e-05
146.509,0.000223541,-0.00325855,2.62086e-05
146.509,0.000223237,-0.00325527,2.62062e-05
146.509,0.000222934,-0.00325199,2.62038e-05
146.509,0.000222631,-0.00324871,2.62014e-05
146.509,0.000222328,-0.00324543,2.61989e-05
146.51,0.000222026,-0.00324215,2.61965e-05
146.51,0.000221724,-0.00323887,2.61941e-05
146.51,0.000221422,-0.0032356,2.61917e-05
146.51,0.00022112,-0.00323233,2.61893e-05
146.51,0.000220819,-0.00322906,2.61868e-05
146.51,0.000220518,-0.00322579,2.61844e-05
146.51,0.000220218,-0.00322252,2.6182e-05
146.51,0.000219917,-0.00321926,2.61796e-05
146.51,0.000219617,-0.00321599,2.61772e-05
146.51,0.000219318,-0.00321273,2.61747e-05
146.51,0.000219018,-0.00320947,2.61723e-05
146.511,0.000218719,-0.00320621,2.61699e-05
146.511,0.00021842,-0.00320296,2.61675e-05
146.511,0.000218122,-0.0031997,2.61651e-05
146.511,0.000217823,-0.00319645,2.61626e-05
146.511,0.000217525,-0.0031932,2.61602e-05
146.511,0.000217228,-0.00318995,2.61578e-05
146.511,0.00021693,-0.0031867,2.61554e-05
146.511,0.000216633,-0.00318345,2.6153e-05
146.511,0.000216336,-0.00318021,2.61506e-05
146.511,0.00021604,-0.00317697,2.61481e-05
146.511,0.000215744,-0.00317373,2.61457e-05
146.512,0.000215448,-0.00317049,2.61433e-05
146.512,0.000215152,-0.00316725,2.61409e-05
146.512,0.000214857,-0.00316401,2.61385e-05
146.512,0.000214562,-0.00316078,2.6136e-05
146.512,0.000214267,-0.00315755,2.61336e-05
146.512,0.000213973,-0.00315432,2.61312e-05
146.512,0.000213679,-0.00315109,2.61288e-05
146.512,0.000213385,-0.00314786,2.61264e-05
146.512,0.000213091,-0.00314464,2.6124e-05
146.512,0.000212798,-0.00314142,2.61215e-05
146.513,0.000212505,-0.00313819,2.61191e-05
146.513,0.000212213,-0.00313497,2.61167e-05
146.513,0.00021192,-0.00313176,2.61143e-05
146.513,0.000211628,-0.00312854,2.61119e-05
146.513,0.000211336,-0.00312533,2.61095e-05
146.513,0.000211045,-0.00312211,2.6107e-05
146.513,0.000210754,-0.0031189,2.61046e-05
146.513,0.000210463,-0.00311569,2.61022e-05
146.513,0.000210172,-0.00311249,2.60998e-05
146.513,0.000209882,-0.00310928,2.60974e-05
146.513,0.000209592,-0.00310608,2.6095e-05
146.514,0.000209302,-0.00310287,2.60926e-05
146.514,0.000209013,-0.00309967,2.60901e-05
146.514,0.000208724,-0.00309648,2.60877e-05
146.514,0.000208435,-0.00309328,2.60853e-05
146.514,0.000208146,-0.00309008,2.60829e-05
146.514,0.000207858,-0.00308689,2.60805e-05
146.514,0.00020757,-0.0030837,2.60781e-05
146.514,0.000207283,-0.00308051,2.60756e-05
146.514,0.000206995,-0.00307732,2.60732e-05
146.514,0.000206708,-0.00307414,2.60708e-05
146.514,0.000206421,-0.00307095,2.60684e-05
146.515,0.000206135,-0.00306777,2.6066e-05
146.515,0.000205849,-0.00306459,2.60636e-05
146.515,0.000205563,-0.00306141,2.60612e-05
146.515,0.000205277,-0.00305823,2.60588e-05
146.515,0.000204992,-0.00305506,2.60563e-05
146.515,0.000204707,-0.00305188,2.60539e-05
146.515,0.000204422,-0.00304871,2.60515e-05
146.515,0.000204137,-0.00304554,2.60491e-05
146.515,0.000203853,-0.00304237,2.60467e-05
146.515,0.000203569,-0.00303921,2.60443e-05
146.516,0.000203286,-0.00303604,2.60419e-05
146.516,0.000203002,-0.00303288,2.60394e-05
146.516,0.000202719,-0.00302972,2.6037e-05
146.516,0.000202436,-0.00302656,2.60346e-05
146.516,0.000202154,-0.0030234,2.60322e-05
146.516,0.000201872,-0.00302024,2.60298e-05
146.516,0.00020159,-0.00301709,2.60274e-05
146.516,0.000201308,-0.00301394,2.6025e-05
146.516,0.000201027,-0.00301078,2.60226e-05
146.516,0.000200746,-0.00300764,2.60202e-05
146.516,0.000200465,-0.00300449,2.60177e-05
146.517,0.000200185,-0.00300134,2.60153e-05
146.517,0.000199905,-0.0029982,2.60129e-05
146.517,0.000199625,-0.00299506,2.60105e-05
146.517,0.000199345,-0.00299192,2.60081e-05
146.517,0.000199066,-0.00298878,2.60057e-05
146.517,0.000198787,-0.00298564,2.60033e-05
146.517,0.000198508,-0.00298251,2.60009e-05
146.517,0.000198229,-0.00297937,2.59985e-05
146.517,0.000197951,-0.00297624,2.5996e-05
146.517,0.000197673,-0.00297311,2.59936e-05
146.517,0.000197396,-0.00296999,2.59912e-05
146.518,0.000197118,-0.00296686,2.59888e-05
146.518,0.000196841,-0.00296374,2.59864e-05
146.518,0.000196565,-0.00296061,2.5984e-05
146.518,0.000196288,-0.00295749,2.59816e-05
146.518,0.000196012,-0.00295437,2.59792e-05
146.518,0.000195736,-0.00295126,2.59768e-05
146.518,0.000195461,-0.00294814,2.59744e-05
146.518,0.000195185,-0.00294503,2.59719e-05
146.518,0.00019491,-0.00294192,2.59695e-05
146.518,0.000194635,-0.00293881,2.59671e-05
146.519,0.000194361,-0.0029357,2.59647e-05
146.519,0.000194087,-0.00293259,2.59623e-05
146.519,0.000193813,-0.00292949,2.59599e-05
146.519,0.000193539,-0.00292639,2.59575e-05
146.519,0.000193266,-0.00292329,2.59551e-05
146.519,0.000192993,-0.00292019,2.59527e-05
146.519,0.00019272,-0.00291709,2.59503e-05
146.519,0.000192447,-0.00291399,2.59479e-05
146.519,0.000192175,-0.0029109,2.59455e-05
146.519,0.000191903,-0.00290781,2.5943e-05
146.519,0.000191632,-0.00290472,2.59406e-05
146.52,0.00019136,-0.00290163,2.59382e-05
146.52,0.000191089,-0.00289854,2.59358e-05
146.52,0.000190818,-0.00289546,2.59334e-05
146.52,0.000190548,-0.00289237,2.5931e-05
146.52,0.000190278,-0.00288929,2.59286e-05
146.52,0.000190008,-0.00288621,2.59262e-05
146.52,0.000189738,-0.00288314,2.59238e-05
146.52,0.000189468,-0.00288006,2.59214e-05
146.52,0.000189199,-0.00287699,2.5919e-05
146.52,0.00018893,-0.00287391,2.59166e-05
146.52,0.000188662,-0.00287084,2.59142e-05
146.521,0.000188394,-0.00286777,2.59118e-05
146.521,0.000188126,-0.00286471,2.59094e-05
146.521,0.000187858,-0.00286164,2.59069e-05
146.521,0.00018759,-0.00285858,2.59045e-05
146.521,0.000187323,-0.00285552,2.59021e-05
146.521,0.000187056,-0.00285246,2.58997e-05
146.521,0.00018679,-0.0028494,2.58973e-05
146.521,0.000186523,-0.00284634,2.58949e-05
146.521,0.000186257,-0.00284329,2.58925e-05
146.521,0.000185991,-0.00284024,2.58901e-05
146.521,0.000185726,-0.00283718,2.58877e-05
146.522,0.000185461,-0.00283414,2.58853e-05
146.522,0.000185196,-0.00283109,2.58829e-05
146.522,0.000184931,-0.00282804,2.58805e-05
146.522,0.000184666,-0.002825,2.58781e-05
146.522,0.000184402,-0.00282196,2.58757e-05
146.522,0.000184138,-0.00281892,2.58733e-05
146.522,0.000183875,-0.00281588,2.58709e-05
146.522,0.000183612,-0.00281284,2.58685e-05
146.522,0.000183349,-0.00280981,2.58661e-05
146.522,0.000183086,-0.00280677,2.58637e-05
146.523,0.000182823,-0.00280374,2.58613e-05
146.523,0.000182561,-0.00280071,2.58589e-05
146.523,0.000182299,-0.00279769,2.58564e-05
146.523,0.000182038,-0.00279466,2.5854e-05
146.523,0.000181776,-0.00279164,2.58516e-05
146.523,0.000181515,-0.00278861,2.58492e-05
146.523,0.000181254,-0.00278559,2.58468e-05
146.523,0.000180994,-0.00278258,2.58444e-05
146.523,0.000180733,-0.00277956,2.5842e-05
146.523,0.000180473,-0.00277654,2.58396e-05
146.523,0.000180214,-0.00277353,2.58372e-05
146.524,0.000179954,-0.00277052,2.58348e-05
146.524,0.000179695,-0.00276751,2.58324e-05
146.524,0.000179436,-0.0027645,2.583e-05
146.524,0.000179177,-0.0027615,2.58276e-05
146.524,0.000178919,-0.00275849,2.58252e-05
146.524,0.000178661,-0.00275549,2.58228e-05
146.524,0.000178403,-0.00275249,2.58204e-05
146.524,0.000178146,-0.00274949,2.5818e-05
146.524,0.000177888,-0.00274649,2.58156e-05
146.524,0.000177631,-0.0027435,2.58132e-05
146.524,0.000177375,-0.0027405,2.58108e-05
146.525,0.000177118,-0.00273751,2.58084e-05
146.525,0.000176862,-0.00273452,2.5806e-05
146.525,0.000176606,-0.00273154,2.58036e-05
146.525,0.00017635,-0.00272855,2.58012e-05
146.525,0.000176095,-0.00272557,2.57988e-05
146.525,0.00017584,-0.00272258,2.57964e-05
146.525,0.000175585,-0.0027196,2.5794e-05
146.525,0.00017533,-0.00271662,2.57916e-05
146.525,0.000175076,-0.00271365,2.57892e-05
146.525,0.000174822,-0.00271067,2.57868e-05
146.526,0.000174568,-0.0027077,2.57844e-05
146.526,0.000174315,-0.00270473,2.5782e-05
146.526,0.000174062,-0.00270176,2.57796e-05
146.526,0.000173809,-0.00269879,2.57772e-05
146.526,0.000173556,-0.00269582,2.57748e-05
146.526,0.000173304,-0.00269286,2.57724e-05
146.526,0.000173051,-0.00268989,2.577e-05
146.526,0.0001728,-0.00268693,2.57676e-05
146.526,0.000172548,-0.00268397,2.57652e-05
146.526,0.000172297,-0.00268102,2.57628e-05
146.526,0.000172046,-0.00267806,2.57604e-05
146.527,0.000171795,-0.00267511,2.5758e-05
146.527,0.000171544,-0.00267216,2.57556e-05
146.527,0.000171294,-0.00266921,2.57532e-05
146.527,0.000171044,-0.00266626,2.57508e-05
146.527,0.000170794,-0.00266331,2.57484e-05
146.527,0.000170545,-0.00266037,2.5746e-05
146.527,0.000170296,-0.00265742,2.57436e-05
146.527,0.000170047,-0.00265448,2.57412e-05
146.527,0.000169798,-0.00265154,2.57388e-05
146.527,0.00016955,-0.00264861,2.57364e-05
146.527,0.000169301,-0.00264567,2.5734e-05
146.528,0.000169054,-0.00264274,2.57316e-05
146.528,0.000168806,-0.0026398,2.57292e-05
146.528,0.000168559,-0.00263687,2.57268e-05
146.528,0.000168312,-0.00263395,2.57244e-05
146.528,0.000168065,-0.00263102,2.5722e-05
146.528,0.000167818,-0.00262809,2.57196e-05
146.528,0.000167572,-0.00262517,2.57172e-05
146.528,0.000167326,-0.00262225,2.57148e-05
146.528,0.00016708,-0.00261933,2.57124e-05
146.528,0.000166835,-0.00261641,2.571e-05
146.529,0.00016659,-0.0026135,2.57076e-05
146.529,0.000166345,-0.00261058,2.57052e-05
146.529,0.0001661,-0.00260767,2.57029e-05
146.529,0.000165855,-0.00260476,2.57005e-05
146.529,0.000165611,-0.00260185,2.56981e-05
146.529,0.000165367,-0.00259895,2.56957e-05
146.529,0.000165124,-0.00259604,2.56933e-05
146.529,0.00016488,-0.00259314,2.56909e-05
146.529,0.000164637,-0.00259024,2.56885e-05
146.529,0.000164394,-0.00258734,2.56861e-05
146.529,0.000164152,-0.00258444,2.56837e-05
146.53,0.00016391,-0.00258155,2.56813e-05
146.53,0.000163668,-0.00257865,2.56789e-05
146.53,0.000163426,-0.00257576,2.56765e-05
146.53,0.000163184,-0.00257287,2.56741e-05
146.53,0.000162943,-0.00256998,2.56717e-05
146.53,0.000162702,-0.00256709,2.56693e-05
146.53,0.000162461,-0.00256421,2.56669e-05
146.53,0.000162221,-0.00256133,2.56645e-05
146.53,0.00016198,-0.00255845,2.56621e-05
146.53,0.000161741,-0.00255557,2.56597e-05
146.53,0.000161501,-0.00255269,2.56573e-05
146.531,0.000161261,-0.00254981,2.56549e-05
146.531,0.000161022,-0.00254694,2.56525e-05
146.531,0.000160783,-0.00254407,2.56502e-05
146.531,0.000160545,-0.0025412,2.56478e-05
146.531,0.000160306,-0.00253833,2.56454e-05
146.531,0.000160068,-0.00253546,2.5643e-05
146.531,0.00015983,-0.0025326,2.56406e-05
146.531,0.000159593,-0.00252973,2.56382e-05
146.531,0.000159355,-0.00252687,2.56358e-05
146.531,0.000159118,-0.00252401,2.56334e-05
146.532,0.000158881,-0.00252116,2.5631e-05
146.532,0.000158645,-0.0025183,2.56286e-05
146.532,0.000158408,-0.00251545,2.56262e-05
146.532,0.000158172,-0.00251259,2.56238e-05
146.532,0.000157937,-0.00250974,2.56214e-05
146.532,0.000157701,-0.00250689,2.5619e-05
146.532,0.000157466,-0.00250405,2.56166e-05
146.532,0.000157231,-0.0025012,2.56142e-05
146.532,0.000156996,-0.00249836,2.56119e-05
146.532,0.000156761,-0.00249552,2.56095e-05
146.532,0.000156527,-0.00249268,2.56071e-05
146.533,0.000156293,-0.00248984,2.56047e-05
146.533,0.000156059,-0.00248701,2.56023e-05
146.533,0.000155826,-0.00248417,2.55999e-05
146.533,0.000155593,-0.00248134,2.55975e-05
146.533,0.00015536,-0.00247851,2.55951e-05
146.533,0.000155127,-0.00247568,2.55927e-05
146.533,0.000154894,-0.00247286,2.55903e-05
146.533,0.000154662,-0.00247003,2.55879e-05
146.533,0.00015443,-0.00246721,2.55855e-05
146.533,0.000154199,-0.00246439,2.55831e-05
146.533,0.000153967,-0.00246157,2.55808e-05
146.534,0.000153736,-0.00245875,2.55784e-05
146.534,0.000153505,-0.00245593,2.5576e-05
146.534,0.000153274,-0.00245312,2.55736e-05
146.534,0.000153044,-0.00245031,2.55712e-05
146.534,0.000152814,-0.0024475,2.55688e-05
146.534,0.000152584,-0.00244469,2.55664e-05
146.534,0.000152354,-0.00244188,2.5564e-05
146.534,0.000152125,-0.00243908,2.55616e-05
146.534,0.000151896,-0.00243628,2.55592e-05
146.534,0.000151667,-0.00243347,2.55568e-05
146.535,0.000151438,-0.00243068,2.55545e-05
146.535,0.00015121,-0.00242788,2.55521e-05
146.535,0.000150982,-0.00242508,2.55497e-05
146.535,0.000150754,-0.00242229,2.55473e-05
146.535,0.000150526,-0.0024195,2.55449e-05
146.535,0.000150299,-0.00241671,2.55425e-05
146.535,0.000150072,-0.00241392,2.55401e-05
146.535,0.000149845,-0.00241113,2.55377e-05
146.535,0.000149618,-0.00240835,2.55353e-05
146.535,0.000149392,-0.00240556,2.55329e-05
146.535,0.000149166,-0.00240278,2.55306e-05
146.536,0.00014894,-0.0024,2.55282e-05
146.536,0.000148714,-0.00239723,2.55258e-05
146.536,0.000148489,-0.00239445,2.55234e-05
146.536,0.000148264,-0.00239168,2.5521e-05
146.536,0.000148039,-0.00238891,2.55186e-05
146.536,0.000147814,-0.00238614,2.55162e-05
146.536,0.00014759,-0.00238337,2.55138e-05
146.536,0.000147366,-0.0023806,2.55114e-05
146.536,0.000147142,-0.00237784,2.55091e-05
146.536,0.000146918,-0.00237507,2.55067e-05
146.537,0.000146695,-0.00237231,2.55043e-05
146.537,0.000146472,-0.00236955,2.55019e-05
146.537,0.000146249,-0.0023668,2.54995e-05
146.537,0.000146026,-0.00236404,2.54971e-05
146.537,0.000145804,-0.00236129,2.54947e-05
146.537,0.000145582,-0.00235854,2.54923e-05
146.537,0.00014536,-0.00235579,2.549e-05
146.537,0.000145138,-0.00235304,2.54876e-05
146.537,0.000144917,-0.00235029,2.54852e-05
146.537,0.000144696,-0.00234755,2.54828e-05
146.537,0.000144475,-0.0023448,2.54804e-05
146.538,0.000144254,-0.00234206,2.5478e-05
146.538,0.000144034,-0.00233932,2.54756e-05
146.538,0.000143814,-0.00233659,2.54732e-05
146.538,0.000143594,-0.00233385,2.54708e-05
146.538,0.000143374,-0.00233112,2.54685e-05
146.538,0.000143155,-0.00232839,2.54661e-05
146.538,0.000142936,-0.00232566,2.54637e-05
146.538,0.000142717,-0.00232293,2.54613e-05
146.538,0.000142498,-0.0023202,2.54589e-05
146.538,0.00014228,-0.00231748,2.54565e-05
146.538,0.000142062,-0.00231476,2.54541e-05
146.539,0.000141844,-0.00231204,2.54518e-05
146.539,0.000141626,-0.00230932,2.54494e-05
146.539,0.000141409,-0.0023066,2.5447e-05
146.539,0.000141192,-0.00230388,2.54446e-05
146.539,0.000140975,-0.00230117,2.54422e-05
146.539,0.000140758,-0.00229846,2.54398e-05
146.539,0.000140542,-0.00229575,2.54374e-05
146.539,0.000140325,-0.00229304,2.54351e-05
146.539,0.000140109,-0.00229034,2.54327e-05
146.539,0.000139894,-0.00228763,2.54303e-05
146.54,0.000139678,-0.00228493,2.54279e-05
146.54,0.000139463,-0.00228223,2.54255e-05
146.54,0.000139248,-0.00227953,2.54231e-05
146.54,0.000139033,-0.00227683,2.54207e-05
146.54,0.000138819,-0.00227414,2.54184e-05
146.54,0.000138605,-0.00227145,2.5416e-05
146.54,0.000138391,-0.00226875,2.54136e-05
146.54,0.000138177,-0.00226606,2.54112e-05
146.54,0.000137964,-0.00226338,2.54088e-05
146.54,0.00013775,-0.00226069,2.54064e-05
146.54,0.000137537,-0.00225801,2.5404e-05
146.541,0.000137324,-0.00225533,2.54017e-05
146.541,0.000137112,-0.00225264,2.53993e-05
146.541,0.0001369,-0.00224997,2.53969e-05
146.541,0.000136688,-0.00224729,2.53945e-05
146.541,0.000136476,-0.00224461,2.53921e-05
146.541,0.000136264,-0.00224194,2.53897e-05
146.541,0.000136053,-0.00223927,2.53873e-05
146.541,0.000135842,-0.0022366,2.5385e-05
146.541,0.000135631,-0.00223393,2.53826e-05
146.541,0.00013542,-0.00223127,2.53802e-05
146.541,0.00013521,-0.0022286,2.53778e-05
146.542,0.000135,-0.00222594,2.53754e-05
146.542,0.00013479,-0.00222328,2.5373e-05
146.542,0.00013458,-0.00222062,2.53707e-05
146.542,0.000134371,-0.00221797,2.53683e-05
146.542,0.000134162,-0.00221531,2.53659e-05
146.542,0.000133953,-0.00221266,2.53635e-05
146.542,0.000133744,-0.00221001,2.53611e-05
146.542,0.000133536,-0.00220736,2.53587e-05
146.542,0.000133328,-0.00220471,2.53564e-05
146.542,0.00013312,-0.00220207,2.5354e-05
146.543,0.000132912,-0.00219942,2.53516e-05
146.543,0.000132705,-0.00219678,2.53492e-05
146.543,0.000132497,-0.00219414,2.53468e-05
146.543,0.00013229,-0.0021915,2.53444e-05
146.543,0.000132084,-0.00218887,2.53421e-05
146.543,0.000131877,-0.00218623,2.53397e-05
146.543,0.000131671,-0.0021836,2.53373e-05
146.543,0.000131465,-0.00218097,2.53349e-05
146.543,0.000131259,-0.00217834,2.53325e-05
146.543,0.000131053,-0.00217571,2.53302e-05
146.543,0.000130848,-0.00217309,2.53278e-05
146.544,0.000130643,-0.00217046,2.53254e-05
146.544,0.000130438,-0.00216784,2.5323e-05
146.544,0.000130233,-0.00216522,2.53206e-05
146.544,0.000130029,-0.0021626,2.53182e-05
146.544,0.000129825,-0.00215999,2.53159e-05
146.544,0.000129621,-0.00215737,2.53135e-05
146.544,0.000129417,-0.00215476,2.53111e-05
146.544,0.000129214,-0.00215215,2.53087e-05
146.544,0.000129011,-0.00214954,2.53063e-05
146.544,0.000128808,-0.00214693,2.5304e-05
146.545,0.000128605,-0.00214433,2.53016e-05
146.545,0.000128402,-0.00214173,2.52992e-05
146.545,0.0001282,-0.00213913,2.52968e-05
146.545,0.000127998,-0.00213653,2.52944e-05
146.545,0.000127796,-0.00213393,2.5292e-05
146.545,0.000127595,-0.00213133,2.52897e-05
146.545,0.000127393,-0.00212874,2.52873e-05
146.545,0.000127192,-0.00212615,2.52849e-05
146.545,0.000126991,-0.00212355,2.52825e-05
146.545,0.000126791,-0.00212097,2.52801e-05
146.545,0.00012659,-0.00211838,2.52778e-05
146.546,0.00012639,-0.00211579,2.52754e-05
146.546,0.00012619,-0.00211321,2.5273e-05
146.546,0.000125991,-0.00211063,2.52706e-05
146.546,0.000125791,-0.00210805,2.52682e-05
146.546,0.000125592,-0.00210547,2.52659e-05
146.546,0.000125393,-0.0021029,2.52635e-05
146.546,0.000125194,-0.00210032,2.52611e-05
146.546,0.000124996,-0.00209775,2.52587e-05
146.546,0.000124798,-0.00209518,2.52563e-05
146.546,0.000124599,-0.00209261,2.5254e-05
146.547,0.000124402,-0.00209005,2.52516e-05
146.547,0.000124204,-0.00208748,2.52492e-05
146.547,0.000124007,-0.00208492,2.52468e-05
146.547,0.00012381,-0.00208236,2.52444e-05
146.547,0.000123613,-0.0020798,2.52421e-05
146.547,0.000123416,-0.00207724,2.52397e-05
146.547,0.00012322,-0.00207469,2.52373e-05
146.547,0.000123023,-0.00207213,2.52349e-05
146.547,0.000122827,-0.00206958,2.52325e-05
146.547,0.000122632,-0.00206703,2.52302e-05
146.547,0.000122436,-0.00206448,2.52278e-05
146.548,0.000122241,-0.00206194,2.52254e-05
146.548,0.000122046,-0.00205939,2.5223e-05
146.548,0.000121851,-0.00205685,2.52206e-05
146.548,0.000121656,-0.00205431,2.52183e-05
146.548,0.000121462,-0.00205177,2.52159e-05
146.548,0.000121268,-0.00204923,2.52135e-05
146.548,0.000121074,-0.0020467,2.52111e-05
146.548,0.00012088,-0.00204416,2.52088e-05
146.548,0.000120687,-0.00204163,2.52064e-05
146.548,0.000120494,-0.0020391,2.5204e-05
146.548,0.000120301,-0.00203657,2.52016e-05
146.549,0.000120108,-0.00203405,2.51992e-05
146.549,0.000119915,-0.00203152,2.51969e-05
146.549,0.000119723,-0.002029,2.51945e-05
146.549,0.000119531,-0.00202648,2.51921e-05
146.549,0.000119339,-0.00202396,2.51897e-05
146.549,0.000119147,-0.00202144,2.51873e-05
146.549,0.000118956,-0.00201893,2.5185e-05
146.549,0.000118765,-0.00201642,2.51826e-05
146.549,0.000118574,-0.0020139,2.51802e-05
146.549,0.000118383,-0.00201139,2.51778e-05
146.55,0.000118193,-0.00200889,2.51755e-05
146.55,0.000118003,-0.00200638,2.51731e-05
146.55,0.000117813,-0.00200388,2.51707e-05
146.55,0.000117623,-0.00200137,2.51683e-05
146.55,0.000117433,-0.00199887,2.5166e-05
146.55,0.000117244,-0.00199638,2.51636e-05
146.55,0.000117055,-0.00199388,2.51612e-05
146.55,0.000116866,-0.00199138,2.51588e-05
146.55,0.000116677,-0.00198889,2.51564e-05
146.55,0.000116489,-0.0019864,2.51541e-05
146.55,0.0001163,-0.00198391,2.51517e-05
146.551,0.000116112,-0.00198142,2.51493e-05
146.551,0.000115925,-0.00197894,2.51469e-05
146.551,0.000115737,-0.00197645,2.51446e-05
146.551,0.00011555,-0.00197397,2.51422e-05
146.551,0.000115363,-0.00197149,2.51398e-05
146.551,0.000115176,-0.00196901,2.51374e-05
146.551,0.000114989,-0.00196654,2.51351e-05
146.551,0.000114803,-0.00196406,2.51327e-05
146.551,0.000114616,-0.00196159,2.51303e-05
146.551,0.00011443,-0.00195912,2.51279e-05
146.552,0.000114245,-0.00195665,2.51255e-05
146.552,0.000114059,-0.00195418,2.51232e-05
146.552,0.000113874,-0.00195172,2.51208e-05
146.552,0.000113689,-0.00194925,2.51184e-05
146.552,0.000113504,-0.00194679,2.5116e-05
146.552,0.000113319,-0.00194433,2.51137e-05
146.552,0.000113135,-0.00194187,2.51113e-05
146.552,0.000112951,-0.00193942,2.51089e-05
146.552,0.000112767,-0.00193696,2.51065e-05
146.552,0.000112583,-0.00193451,2.51042e-05
146.552,0.000112399,-0.00193206,2.51018e-05
146.553,0.000112216,-0.00192961,2.50994e-05
146.553,0.000112033,-0.00192716,2.5097e-05
146.553,0.00011185,-0.00192472,2.50947e-05
146.553,0.000111667,-0.00192227,2.50923e-05
146.553,0.000111485,-0.00191983,2.50899e-05
146.553,0.000111303,-0.00191739,2.50875e-05
146.553,0.000111121,-0.00191495,2.50852e-05
146.553,0.000110939,-0.00191252,2.50828e-05
146.553,0.000110757,-0.00191008,2.50804e-05
146.553,0.000110576,-0.00190765,2.5078e-05
146.554,0.000110395,-0.00190522,2.50757e-05
146.554,0.000110214,-0.00190279,2.50733e-05
146.554,0.000110033,-0.00190036,2.50709e-05
146.554,0.000109853,-0.00189794,2.50685e-05
146.554,0.000109673,-0.00189552,2.50662e-05
146.554,0.000109493,-0.00189309,2.50638e-05
146.554,0.000109313,-0.00189067,2.50614e-05
146.554,0.000109133,-0.00188826,2.5059e-05
146.554,0.000108954,-0.00188584,2.50567e-05
146.554,0.000108775,-0.00188343,2.50543e-05
146.554,0.000108596,-0.00188101,2.50519e-05
146.555,0.000108417,-0.0018786,2.50495e-05
146.555,0.000108239,-0.0018762,2.50472e-05
146.555,0.00010806,-0.00187379,2.50448e-05
146.555,0.000107882,-0.00187138,2.50424e-05
146.555,0.000107705,-0.00186898,2.504e-05
146.555,0.000107527,-0.00186658,2.50377e-05
146.555,0.00010735,-0.00186418,2.50353e-05
146.555,0.000107172,-0.00186178,2.50329e-05
146.555,0.000106995,-0.00185939,2.50305e-05
146.555,0.000106819,-0.00185699,2.50282e-05
146.556,0.000106642,-0.0018546,2.50258e-05
146.556,0.000106466,-0.00185221,2.50234e-05
146.556,0.00010629,-0.00184982,2.50211e-05
146.556,0.000106114,-0.00184744,2.50187e-05
146.556,0.000105938,-0.00184505,2.50163e-05
146.556,0.000105763,-0.00184267,2.50139e-05
146.556,0.000105587,-0.00184029,2.50116e-05
146.556,0.000105412,-0.00183791,2.50092e-05
146.556,0.000105238,-0.00183553,2.50068e-05
146.556,0.000105063,-0.00183316,2.50044e-05
146.556,0.000104889,-0.00183078,2.50021e-05
146.557,0.000104714,-0.00182841,2.49997e-05
146.557,0.00010454,-0.00182604,2.49973e-05
146.557,0.000104367,-0.00182367,2.49949e-05
146.557,0.000104193,-0.00182131,2.49926e-05
146.557,0.00010402,-0.00181894,2.49902e-05
146.557,0.000103847,-0.00181658,2.49878e-05
146.557,0.000103674,-0.00181422,2.49855e-05
146.557,0.000103501,-0.00181186,2.49831e-05
146.557,0.000103329,-0.0018095,2.49807e-05
146.557,0.000103157,-0.00180715,2.49783e-05
146.558,0.000102985,-0.00180479,2.4976e-05
146.558,0.000102813,-0.00180244,2.49736e-05
146.558,0.000102641,-0.00180009,2.49712e-05
146.558,0.00010247,-0.00179774,2.49688e-05
146.558,0.000102299,-0.0017954,2.49665e-05
146.558,0.000102128,-0.00179305,2.49641e-05
146.558,0.000101957,-0.00179071,2.49617e-05
146.558,0.000101786,-0.00178837,2.49594e-05
146.558,0.000101616,-0.00178603,2.4957e-05
146.558,0.000101446,-0.00178369,2.49546e-05
146.558,0.000101276,-0.00178136,2.49522e-05
146.559,0.000101106,-0.00177902,2.49499e-05
146.559,0.000100937,-0.00177669,2.49475e-05
146.559,0.000100767,-0.00177436,2.49451e-05
146.559,0.000100598,-0.00177203,2.49428e-05
146.559,0.00010043,-0.00176971,2.49404e-05
146.559,0.000100261,-0.00176738,2.4938e-05
146.559,0.000100092,-0.00176506,2.49356e-05
146.559,9.99242e-05,-0.00176274,2.49333e-05
146.559,9.97562e-05,-0.00176042,2.49309e-05
146.559,9.95884e-05,-0.00175811,2.49285e-05
146.56,9.94208e-05,-0.00175579,2.49262e-05
146.56,9.92534e-05,-0.00175348,2.49238e-05
146.56,9.90862e-05,-0.00175117,2.49214e-05
146.56,9.89192e-05,-0.00174886,2.4919e-05
146.56,9.87525e-05,-0.00174655,2.49167e-05
146.56,9.85859e-05,-0.00174424,2.49143e-05
146.56,9.84196e-05,-0.00174194,2.49119e-05
146.56,9.82535e-05,-0.00173964,2.49096e-05
146.56,9.80875e-05,-0.00173734,2.49072e-05
146.56,9.79218e-05,-0.00173504,2.49048e-05
146.56,9.77563e-05,-0.00173274,2.49024e-05
146.561,9.7591e-05,-0.00173045,2.49001e-05
146.561,9.74259e-05,-0.00172815,2.48977e-05
146.561,9.7261e-05,-0.00172586,2.48953e-05
146.561,9.70963e-05,-0.00172357,2.4893e-05
146.561,9.69319e-05,-0.00172128,2.48906e-05
146.561,9.67676e-05,-0.001719,2.48882e-05
146.561,9.66035e-05,-0.00171671,2.48858e-05
146.561,9.64397e-05,-0.00171443,2.48835e-05
146.561,9.6276e-05,-0.00171215,2.48811e-05
146.561,9.61126e-05,-0.00170987,2.48787e-05
146.562,9.59493e-05,-0.0017076,2.48764e-05
146.562,9.57863e-05,-0.00170532,2.4874e-05
146.562,9.56235e-05,-0.00170305,2.48716e-05
146.562,9.54609e-05,-0.00170078,2.48692e-05
146.562,9.52985e-05,-0.00169851,2.48669e-05
146.562,9.51363e-05,-0.00169624,2.48645e-05
146.562,9.49742e-05,-0.00169398,2.48621e-05
146.562,9.48125e-05,-0.00169171,2.48598e-05
146.562,9.46509e-05,-0.00168945,2.48574e-05
146.562,9.44895e-05,-0.00168719,2.4855e-05
146.562,9.43283e-05,-0.00168493,2.48527e-05
146.563,9.41673e-05,-0.00168268,2.48503e-05
146.563,9.40065e-05,-0.00168042,2.48479e-05
146.563,9.3846e-05,-0.00167817,2.48455e-05
146.563,9.36856e-05,-0.00167592,2.48432e-05
146.563,9.35254e-05,-0.00167367,2.48408e-05
146.563,9.33655e-05,-0.00167142,2.48384e-05
146.563,9.32057e-05,-0.00166917,2.48361e-05
146.563,9.30462e-05,-0.00166693,2.48337e-05
146.563,9.28868e-05,-0.00166469,2.48313e-05
146.563,9.27277e-05,-0.00166245,2.4829e-05
146.564,9.25687e-05,-0.00166021,2.48266e-05
146.564,9.241e-05,-0.00165797,2.48242e-05
146.564,9.22514e-05,-0.00165574,2.48218e-05
146.564,9.20931e-05,-0.00165351,2.48195e-05
146.564,9.19349e-05,-0.00165128,2.48171e-05
146.564,9.1777e-05,-0.00164905,2.48147e-05
146.564,9.16193e-05,-0.00164682,2.48124e-05
146.564,9.14617e-05,-0.00164459,2.481e-05
146.564,9.13044e-05,-0.00164237,2.48076e-05
146.564,9.11473e-05,-0.00164015,2.48053e-05
146.564,9.09904e-05,-0.00163793,2.48029e-05
146.565,9.08336e-05,-0.00163571,2.48005e-05
146.565,9.06771e-05,-0.00163349,2.47982e-05
146.565,9.05208e-05,-0.00163128,2.47958e-05
146.565,9.03647e-05,-0.00162907,2.47934e-05
146.565,9.02087e-05,-0.00162686,2.4791e-05
146.565,9.0053e-05,-0.00162465,2.47887e-05
146.565,8.98975e-05,-0.00162244,2.47863e-05
146.565,8.97421e-05,-0.00162023,2.47839e-05
146.565,8.9587e-05,-0.00161803,2.47816e-05
146.565,8.94321e-05,-0.00161583,2.47792e-05
146.566,8.92774e-05,-0.00161363,2.47768e-05
146.566,8.91228e-05,-0.00161143,2.47745e-05
146.566,8.89685e-05,-0.00160923,2.47721e-05
146.566,8.88144e-05,-0.00160704,2.47697e-05
146.566,8.86604e-05,-0.00160485,2.47674e-05
146.566,8.85067e-05,-0.00160266,2.4765e-05
146.566,8.83532e-05,-0.00160047,2.47626e-05
146.566,8.81998e-05,-0.00159828,2.47602e-05
146.566,8.80467e-05,-0.00159609,2.47579e-05
146.566,8.78938e-05,-0.00159391,2.47555e-05
146.566,8.7741e-05,-0.00159173,2.47531e-05
146.567,8.75885e-05,-0.00158955,2.47508e-05
146.567,8.74361e-05,-0.00158737,2.47484e-05
146.567,8.7284e-05,-0.00158519,2.4746e-05
146.567,8.7132e-05,-0.00158302,2.47437e-05
146.567,8.69803e-05,-0.00158085,2.47413e-05
146.567,8.68287e-05,-0.00157868,2.47389e-05
146.567,8.66773e-05,-0.00157651,2.47366e-05
146.567,8.65262e-05,-0.00157434,2.47342e-05
146.567,8.63752e-05,-0.00157217,2.47318e-05
146.567,8.62244e-05,-0.00157001,2.47295e-05
146.568,8.60738e-05,-0.00156785,2.47271e-05
146.568,8.59235e-05,-0.00156569,2.47247e-05
146.568,8.57733e-05,-0.00156353,2.47223e-05
146.568,8.56233e-05,-0.00156138,2.472e-05
146.568,8.54735e-05,-0.00155922,2.47176e-05
146.568,8.53239e-05,-0.00155707,2.47152e-05
146.568,8.51745e-05,-0.00155492,2.47129e-05
146.568,8.50252e-05,-0.00155277,2.47105e-05
146.568,8.48762e-05,-0.00155062,2.47081e-05
146.568,8.47274e-05,-0.00154848,2.47058e-05
146.569,8.45788e-05,-0.00154633,2.47034e-05
146.569,8.44303e-05,-0.00154419,2.4701e-05
146.569,8.42821e-05,-0.00154205,2.46987e-05
146.569,8.4134e-05,-0.00153991,2.46963e-05
146.569,8.39862e-05,-0.00153778,2.46939e-05
146.569,8.38385e-05,-0.00153564,2.46916e-05
146.569,8.36911e-05,-0.00153351,2.46892e-05
146.569,8.35438e-05,-0.00153138,2.46868e-05
146.569,8.33967e-05,-0.00152925,2.46845e-05
146.569,8.32498e-05,-0.00152712,2.46821e-05
146.569,8.31031e-05,-0.001525,2.46797e-05
146.57,8.29566e-05,-0.00152287,2.46774e-05
146.57,8.28103e-05,-0.00152075,2.4675e-05
146.57,8.26642e-05,-0.00151863,2.46726e-05
146.57,8.25183e-05,-0.00151651,2.46703e-05
146.57,8.23725e-05,-0.0015144,2.46679e-05
146.57,8.2227e-05,-0.00151228,2.46655e-05
146.57,8.20816e-05,-0.00151017,2.46632e-05
146.57,8.19365e-05,-0.00150806,2.46608e-05
146.57,8.17915e-05,-0.00150595,2.46584e-05
146.57,8.16467e-05,-0.00150384,2.4656e-05
146.571,8.15021e-05,-0.00150174,2.46537e-05
146.571,8.13578e-05,-0.00149963,2.46513e-05
146.571,8.12135e-05,-0.00149753,2.46489e-05
146.571,8.10695e-05,-0.00149543,2.46466e-05
146.571,8.09257e-05,-0.00149333,2.46442e-05
146.571,8.07821e-05,-0.00149124,2.46418e-05
146.571,8.06386e-05,-0.00148914,2.46395e-05
146.571,8.04954e-05,-0.00148705,2.46371e-05
146.571,8.03523e-05,-0.00148496,2.46347e-05
146.571,8.02094e-05,-0.00148287,2.46324e-05
146.571,8.00668e-05,-0.00148078,2.463e-05
146.572,7.99243e-05,-0.00147869,2.46276e-05
146.572,7.97819e-05,-0.00147661,2.46253e-05
146.572,7.96398e-05,-0.00147453,2.46229e-05
146.572,7.94979e-05,-0.00147245,2.46205e-05
146.572,7.93562e-05,-0.00147037,2.46182e-05
146.572,7.92146e-05,-0.00146829,2.46158e-05
146.572,7.90732e-05,-0.00146622,2.46134e-05
146.572,7.89321e-05,-0.00146415,2.46111e-05
146.572,7.87911e-05,-0.00146207,2.46087e-05
146.572,7.86503e-05,-0.00146001,2.46063e-05
146.573,7.85097e-05,-0.00145794,2.4604e-05
146.573,7.83692e-05,-0.00145587,2.46016e-05
146.573,7.8229e-05,-0.00145381,2.45992e-05
146.573,7.8089e-05,-0.00145175,2.45969e-05
146.573,7.79491e-05,-0.00144969,2.45945e-05
146.573,7.78094e-05,-0.00144763,2.45921e-05
146.573,7.76699e-05,-0.00144557,2.45898e-05
146.573,7.75306e-05,-0.00144352,2.45874e-05
146.573,7.73915e-05,-0.00144146,2.4585e-05
146.573,7.72526e-05,-0.00143941,2.45827e-05
146.574,7.71138e-05,-0.00143736,2.45803e-05
146.574,7.69753e-05,-0.00143531,2.45779e-05
146.574,7.68369e-05,-0.00143327,2.45756e-05
146.574,7.66987e-05,-0.00143122,2.45732e-05
146.574,7.65607e-05,-0.00142918,2.45708e-05
146.574,7.64229e-05,-0.00142714,2.45685e-05
146.574,7.62853e-05,-0.0014251,2.45661e-05
146.574,7.61478e-05,-0.00142307,2.45637e-05
146.574,7.60105e-05,-0.00142103,2.45614e-05
146.574,7.58735e-05,-0.001419,2.4559e-05
146.574,7.57366e-05,-0.00141697,2.45566e-05
146.575,7.55999e-05,-0.00141494,2.45543e-05
146.575,7.54633e-05,-0.00141291,2.45519e-05
146.575,7.5327e-05,-0.00141088,2.45495e-05
146.575,7.51908e-05,-0.00140886,2.45472e-05
146.575,7.50549e-05,-0.00140684,2.45448e-05
146.575,7.49191e-05,-0.00140481,2.45424e-05
146.575,7.47835e-05,-0.0014028,2.45401e-05
146.575,7.4648e-05,-0.00140078,2.45377e-05
146.575,7.45128e-05,-0.00139876,2.45353e-05
146.575,7.43778e-05,-0.00139675,2.4533e-05
146.576,7.42429e-05,-0.00139474,2.45306e-05
146.576,7.41082e-05,-0.00139273,2.45282e-05
146.576,7.39737e-05,-0.00139072,2.45259e-05
146.576,7.38394e-05,-0.00138871,2.45235e-05
146.576,7.37052e-05,-0.00138671,2.45211e-05
146.576,7.35712e-05,-0.00138471,2.45188e-05
146.576,7.34375e-05,-0.00138271,2.45164e-05
146.576,7.33039e-05,-0.00138071,2.4514e-05
146.576,7.31704e-05,-0.00137871,2.45117e-05
146.576,7.30372e-05,-0.00137671,2.45093e-05
146.577,7.29042e-05,-0.00137472,2.45069e-05
146.577,7.27713e-05,-0.00137273,2.45046e-05
146.577,7.26386e-05,-0.00137074,2.45022e-05
146.577,7.25061e-05,-0.00136875,2.44998e-05
146.577,7.23737e-05,-0.00136676,2.44975e-05
146.577,7.22416e-05,-0.00136478,2.44951e-05
146.577,7.21096e-05,-0.0013628,2.44927e-05
146.577,7.19778e-05,-0.00136081,2.44904e-05
146.577,7.18462e-05,-0.00135883,2.4488e-05
146.577,7.17148e-05,-0.00135686,2.44856e-05
146.577,7.15835e-05,-0.00135488,2.44833e-05
146.578,7.14525e-05,-0.00135291,2.44809e-05
146.578,7.13216e-05,-0.00135094,2.44785e-05
146.578,7.11909e-05,-0.00134896,2.44762e-05
146.578,7.10603e-05,-0.001347,2.44738e-05
146.578,7.093e-05,-0.00134503,2.44714e-05
146.578,7.07998e-05,-0.00134306,2.44691e-05
146.578,7.06698e-05,-0.0013411,2.44667e-05
146.578,7.054e-05,-0.00133914,2.44643e-05
146.578,7.04103e-05,-0.00133718,2.4462e-05
146.578,7.02809e-05,-0.00133522,2.44596e-05
146.579,7.01516e-05,-0.00133327,2.44572e-05
146.579,7.00225e-05,-0.00133131,2.44549e-05
146.579,6.98935e-05,-0.00132936,2.44525e-05
146.579,6.97648e-05,-0.00132741,2.44501e-05
146.579,6.96362e-05,-0.00132546,2.44478e-05
146.579,6.95078e-05,-0.00132351,2.44454e-05
146.579,6.93796e-05,-0.00132157,2.4443e-05
146.579,6.92515e-05,-0.00131962,2.44407e-05
146.579,6.91237e-05,-0.00131768,2.44383e-05
146.579,6.8996e-05,-0.00131574,2.44359e-05
146.58,6.88685e-05,-0.0013138,2.44336e-05
146.58,6.87411e-05,-0.00131187,2.44312e-05
146.58,6.8614e-05,-0.00130993,2.44288e-05
146.58,6.8487e-05,-0.001308,2.44265e-05
146.58,6.83602e-05,-0.00130607,2.44241e-05
146.58,6.82335e-05,-0.00130414,2.44217e-05
146.58,6.81071e-05,-0.00130221,2.44194e-05
146.58,6.79808e-05,-0.00130028,2.4417e-05
146.58,6.78547e-05,-0.00129836,2.44146e-05
146.58,6.77287e-05,-0.00129644,2.44123e-05
146.58,6.7603e-05,-0.00129452,2.44099e-05
146.581,6.74774e-05,-0.0012926,2.44075e-05
146.581,6.7352e-05,-0.00129068,2.44052e-05
146.581,6.72267e-05,-0.00128877,2.44028e-05
146.581,6.71017e-05,-0.00128685,2.44004e-05
146.581,6.69768e-05,-0.00128494,2.43981e-05
146.581,6.68521e-05,-0.00128303,2.43957e-05
146.581,6.67275e-05,-0.00128112,2.43933e-05
146.581,6.66032e-05,-0.00127922,2.4391e-05
146.581,6.6479e-05,-0.00127731,2.43886e-05
146.581,6.6355e-05,-0.00127541,2.43862e-05
146.582,6.62311e-05,-0.00127351,2.43839e-05
146.582,6.61074e-05,-0.00127161,2.43815e-05
146.582,6.59839e-05,-0.00126971,2.43791e-05
146.582,6.58606e-05,-0.00126782,2.43768e-05
146.582,6.57375e-05,-0.00126592,2.43744e-05
146.582,6.56145e-05,-0.00126403,2.4372e-05
146.582,6.54917e-05,-0.00126214,2.43697e-05
146.582,6.5369e-05,-0.00126025,2.43673e-05
146.582,6.52466e-05,-0.00125837,2.43649e-05
146.582,6.51243e-05,-0.00125648,2.43626e-05
146.583,6.50021e-05,-0.0012546,2.43602e-05
146.583,6.48802e-05,-0.00125272,2.43578e-05
146.583,6.47584e-05,-0.00125084,2.43555e-05
146.583,6.46368e-05,-0.00124896,2.43531e-05
146.583,6.45153e-05,-0.00124708,2.43508e-05
146.583,6.43941e-05,-0.00124521,2.43484e-05
146.583,6.4273e-05,-0.00124334,2.4346e-05
146.583,6.41521e-05,-0.00124147,2.43437e-05
146.583,6.40313e-05,-0.0012396,2.43413e-05
146.583,6.39107e-05,-0.00123773,2.43389e-05
146.583,6.37903e-05,-0.00123586,2.43366e-05
146.584,6.367e-05,-0.001234,2.43342e-05
146.584,6.355e-05,-0.00123214,2.43318e-05
146.584,6.34301e-05,-0.00123028,2.43295e-05
146.584,6.33103e-05,-0.00122842,2.43271e-05
146.584,6.31908e-05,-0.00122656,2.43247e-05
146.584,6.30714e-05,-0.00122471,2.43224e-05
146.584,6.29521e-05,-0.00122286,2.432e-05
146.584,6.28331e-05,-0.001221,2.43176e-05
146.584,6.27142e-05,-0.00121915,2.43153e-05
146.584,6.25954e-05,-0.00121731,2.43129e-05
146.585,6.24769e-05,-0.00121546,2.43105e-05
146.585,6.23585e-05,-0.00121362,2.43082e-05
146.585,6.22403e-05,-0.00121177,2.43058e-05
146.585,6.21222e-05,-0.00120993,2.43034e-05
146.585,6.20043e-05,-0.00120809,2.43011e-05
146.585,6.18866e-05,-0.00120626,2.42987e-05
146.585,6.17691e-05,-0.00120442,2.42963e-05
146.585,6.16517e-05,-0.00120259,2.4294e-05
146.585,6.15345e-05,-0.00120076,2.42916e-05
146.585,6.14174e-05,-0.00119893,2.42892e-05
146.586,6.13005e-05,-0.0011971,2.42869e-05
146.586,6.11838e-05,-0.00119527,2.42845e-05
146.586,6.10673e-05,-0.00119345,2.42821e-05
146.586,6.09509e-05,-0.00119162,2.42798e-05
146.586,6.08347e-05,-0.0011898,2.42774e-05
146.586,6.07186e-05,-0.00118798,2.4275e-05
146.586,6.06028e-05,-0.00118616,2.42727e-05
146.586,6.0487e-05,-0.00118435,2.42703e-05
146.586,6.03715e-05,-0.00118253,2.42679e-05
146.586,6.02561e-05,-0.00118072,2.42656e-05
146.587,6.01409e-05,-0.00117891,2.42632e-05
146.587,6.00258e-05,-0.0011771,2.42608e-05
146.587,5.99109e-05,-0.00117529,2.42585e-05
146.587,5.97962e-05,-0.00117349,2.42561e-05
146.587,5.96817e-05,-0.00117169,2.42537e-05
146.587,5.95673e-05,-0.00116988,2.42514e-05
146.587,5.9453e-05,-0.00116808,2.4249e-05
146.587,5.9339e-05,-0.00116628,2.42466e-05
146.587,5.92251e-05,-0.00116449,2.42443e-05
146.587,5.91113e-05,-0.00116269,2.42419e-05
146.587,5.89977e-05,-0.0011609,2.42395e-05
146.588,5.88843e-05,-0.00115911,2.42371e-05
146.588,5.87711e-05,-0.00115732,2.42348e-05
146.588,5.8658e-05,-0.00115553,2.42324e-05
146.588,5.85451e-05,-0.00115374,2.423e-05
146.588,5.84323e-05,-0.00115196,2.42277e-05
146.588,5.83197e-05,-0.00115018,2.42253e-05
146.588,5.82073e-05,-0.0011484,2.42229e-05
146.588,5.8095e-05,-0.00114662,2.42206e-05
146.588,5.79829e-05,-0.00114484,2.42182e-05
146.588,5.7871e-05,-0.00114306,2.42158e-05
146.589,5.77592e-05,-0.00114129,2.42135e-05
146.589,5.76476e-05,-0.00113952,2.42111e-05
146.589,5.75361e-05,-0.00113775,2.42087e-05
146.589,5.74248e-05,-0.00113598,2.42064e-05
146.589,5.73137e-05,-0.00113421,2.4204e-05
146.589,5.72027e-05,-0.00113245,2.42016e-05
146.589,5.70919e-05,-0.00113068,2.41993e-05
146.589,5.69812e-05,-0.00112892,2.41969e-05
146.589,5.68707e-05,-0.00112716,2.41945e-05
146.589,5.67604e-05,-0.0011254,2.41922e-05
146.59,5.66502e-05,-0.00112365,2.41898e-05
146.59,5.65402e-05,-0.00112189,2.41874e-05
146.59,5.64304e-05,-0.00112014,2.41851e-05
146.59,5.63207e-05,-0.00111839,2.41827e-05
146.59,5.62111e-05,-0.00111664,2.41803e-05
146.59,5.61018e-05,-0.00111489,2.4178e-05
146.59,5.59926e-05,-0.00111314,2.41756e-05
146.59,5.58835e-05,-0.0011114,2.41732e-05
146.59,5.57746e-05,-0.00110966,2.41709e-05
146.59,5.56659e-05,-0.00110792,2.41685e-05
146.591,5.55573e-05,-0.00110618,2.41661e-05
146.591,5.54489e-05,-0.00110444,2.41638e-05
146.591,5.53407e-05,-0.0011027,2.41614e-05
146.591,5.52326e-05,-0.00110097,2.4159e-05
146.591,5.51246e-05,-0.00109924,2.41567e-05
146.591,5.50168e-05,-0.00109751,2.41543e-05
146.591,5.49092e-05,-0.00109578,2.41519e-05
146.591,5.48018e-05,-0.00109405,2.41496e-05
146.591,5.46945e-05,-0.00109233,2.41472e-05
146.591,5.45873e-05,-0.0010906,2.41448e-05
146.592,5.44803e-05,-0.00108888,2.41425e-05
146.592,5.43735e-05,-0.00108716,2.41401e-05
146.592,5.42668e-05,-0.00108544,2.41377e-05
146.592,5.41603e-05,-0.00108373,2.41353e-05
146.592,5.40539e-05,-0.00108201,2.4133e-05
146.592,5.39477e-05,-0.0010803,2.41306e-05
146.592,5.38417e-05,-0.00107859,2.41282e-05
146.592,5.37358e-05,-0.00107688,2.41259e-05
146.592,5.36301e-05,-0.00107517,2.41235e-05
146.592,5.35245e-05,-0.00107346,2.41211e-05
146.592,5.34191e-05,-0.00107176,2.41188e-05
146.593,5.33138e-05,-0.00107006,2.41164e-05
146.593,5.32087e-05,-0.00106835,2.4114e-05
146.593,5.31037e-05,-0.00106666,2.41117e-05
146.593,5.2999e-05,-0.00106496,2.41093e-05
146.593,5.28943e-05,-0.00106326,2.41069e-05
146.593,5.27898e-05,-0.00106157,2.41046e-05
146.593,5.26855e-05,-0.00105988,2.41022e-05
146.593,5.25813e-05,-0.00105819,2.40998e-05
146.593,5.24773e-05,-0.0010565,2.40975e-05
146.593,5.23734e-05,-0.00105481,2.40951e-05
146.594,5.22697e-05,-0.00105312,2.40927e-05
146.594,5.21662e-05,-0.00105144,2.40903e-05
146.594,5.20628e-05,-0.00104976,2.4088e-05
146.594,5.19595e-05,-0.00104808,2.40856e-05
146.594,5.18564e-05,-0.0010464,2.40832e-05
146.594,5.17535e-05,-0.00104472,2.40809e-05
146.594,5.16507e-05,-0.00104305,2.40785e-05
146.594,5.1548e-05,-0.00104137,2.40761e-05
146.594,5.14456e-05,-0.0010397,2.40738e-05
146.594,5.13432e-05,-0.00103803,2.40714e-05
146.595,5.12411e-05,-0.00103636,2.4069e-05
146.595,5.1139e-05,-0.0010347,2.40667e-05
146.595,5.10372e-05,-0.00103303,2.40643e-05
146.595,5.09355e-05,-0.00103137,2.40619e-05
146.595,5.08339e-05,-0.00102971,2.40596e-05
146.595,5.07325e-05,-0.00102805,2.40572e-05
146.595,5.06312e-05,-0.00102639,2.40548e-05
146.595,5.05301e-05,-0.00102473,2.40524e-05
146.595,5.04292e-05,-0.00102308,2.40501e-05
146.595,5.03284e-05,-0.00102143,2.40477e-05
146.596,5.02277e-05,-0.00101978,2.40453e-05
146.596,5.01272e-05,-0.00101813,2.4043e-05
146.596,5.00268e-05,-0.00101648,2.40406e-05
146.596,4.99266e-05,-0.00101483,2.40382e-05
146.596,4.98266e-05,-0.00101319,2.40359e-05
146.596,4.97267e-05,-0.00101155,2.40335e-05
146.596,4.9627e-05,-0.00100991,2.40311e-05
146.596,4.95274e-05,-0.00100827,2.40287e-05
146.596,4.94279e-05,-0.00100663,2.40264e-05
146.596,4.93286e-05,-0.00100499,2.4024e-05
146.597,4.92295e-05,-0.00100336,2.40216e-05
146.597,4.91305e-05,-0.00100173,2.40193e-05
146.597,4.90316e-05,-0.0010001,2.40169e-05
146.597,4.89329e-05,-0.000998468,2.40145e-05
146.597,4.88344e-05,-0.000996841,2.40122e-05
146.597,4.8736e-05,-0.000995216,2.40098e-05
146.597,4.86378e-05,-0.000993592,2.40074e-05
146.597,4.85397e-05,-0.00099197,2.40051e-05
146.597,4.84417e-05,-0.00099035,2.40027e-05
146.597,4.83439e-05,-0.000988731,2.40003e-05
146.598,4.82463e-05,-0.000987115,2.39979e-05
146.598,4.81488e-05,-0.000985499,2.39956e-05
146.598,4.80514e-05,-0.000983886,2.39932e-05
146.598,4.79542e-05,-0.000982274,2.39908e-05
146.598,4.78571e-05,-0.000980664,2.39885e-05
146.598,4.77602e-05,-0.000979056,2.39861e-05
146.598,4.76635e-05,-0.000977449,2.39837e-05
146.598,4.75668e-05,-0.000975844,2.39813e-05
146.598,4.74704e-05,-0.000974241,2.3979e-05
146.598,4.73741e-05,-0.000972639,2.39766e-05
146.599,4.72779e-05,-0.000971039,2.39742e-05
146.599,4.71819e-05,-0.000969441,2.39719e-05
146.599,4.7086e-05,-0.000967845,2.39695e-05
146.599,4.69902e-05,-0.00096625,2.39671e-05
146.599,4.68947e-05,-0.000964657,2.39648e-05
146.599,4.67992e-05,-0.000963066,2.39624e-05
146.599,4.67039e-05,-0.000961476,2.396e-05
146.599,4.66088e-05,-0.000959888,2.39576e-05
146.599,4.65138e-05,-0.000958302,2.39553e-05
146.599,4.64189e-05,-0.000956717,2.39529e-05
146.6,4.63242e-05,-0.000955134,2.39505e-05
146.6,4.62297e-05,-0.000953553,2.39482e-05
146.6,4.61352e-05,-0.000951973,2.39458e-05
146.6,4.6041e-05,-0.000950396,2.39434e-05
146.6,4.59468e-05,-0.000948819,2.3941e-05
146.6,4.58529e-05,-0.000947245,2.39387e-05
146.6,4.5759e-05,-0.000945672,2.39363e-05
146.6,4.56653e-05,-0.000944101,2.39339e-05
146.6,4.55718e-05,-0.000942532,2.39316e-05
146.6,4.54784e-05,-0.000940964,2.39292e-05
146.6,4.53851e-05,-0.000939398,2.39268e-05
146.601,4.5292e-05,-0.000937834,2.39244e-05
146.601,4.5199e-05,-0.000936271,2.39221e-05
146.601,4.51062e-05,-0.00093471,2.39197e-05
146.601,4.50135e-05,-0.000933151,2.39173e-05
146.601,4.4921e-05,-0.000931593,2.3915e-05
146.601,4.48286e-05,-0.000930037,2.39126e-05
146.601,4.47363e-05,-0.000928483,2.39102e-05
146.601,4.46442e-05,-0.000926931,2.39078e-05
146.601,4.45522e-05,-0.00092538,2.39055e-05
146.601,4.44604e-05,-0.000923831,2.39031e-05
146.602,4.43687e-05,-0.000922283,2.39007e-05
146.602,4.42772e-05,-0.000920737,2.38983e-05
146.602,4.41858e-05,-0.000919193,2.3896e-05
146.602,4.40945e-05,-0.000917651,2.38936e-05
146.602,4.40034e-05,-0.00091611,2.38912e-05
146.602,4.39125e-05,-0.000914571,2.38889e-05
146.602,4.38216e-05,-0.000913034,2.38865e-05
146.602,4.37309e-05,-0.000911498,2.38841e-05
146.602,4.36404e-05,-0.000909964,2.38817e-05
146.602,4.355e-05,-0.000908431,2.38794e-05
146.603,4.34597e-05,-0.000906901,2.3877e-05
146.603,4.33696e-05,-0.000905372,2.38746e-05
146.603,4.32796e-05,-0.000903844,2.38722e-05
146.603,4.31898e-05,-0.000902319,2.38699e-05
146.603,4.31001e-05,-0.000900795,2.38675e-05
146.603,4.30105e-05,-0.000899272,2.38651e-05
146.603,4.29211e-05,-0.000897752,2.38628e-05
146.603,4.28318e-05,-0.000896233,2.38604e-05
146.603,4.27427e-05,-0.000894715,2.3858e-05
146.603,4.26537e-05,-0.0008932,2.38556e-05
146.604,4.25648e-05,-0.000891686,2.38533e-05
146.604,4.24761e-05,-0.000890174,2.38509e-05
146.604,4.23875e-05,-0.000888663,2.38485e-05
146.604,4.22991e-05,-0.000887154,2.38461e-05
146.604,4.22108e-05,-0.000885647,2.38438e-05
146.604,4.21226e-05,-0.000884141,2.38414e-05
146.604,4.20346e-05,-0.000882637,2.3839e-05
146.604,4.19467e-05,-0.000881135,2.38366e-05
146.604,4.1859e-05,-0.000879634,2.38343e-05
146.604,4.17714e-05,-0.000878135,2.38319e-05
146.605,4.16839e-05,-0.000876638,2.38295e-05
146.605,4.15966e-05,-0.000875142,2.38271e-05
146.605,4.15094e-05,-0.000873648,2.38248e-05
146.605,4.14223e-05,-0.000872156,2.38224e-05
146.605,4.13354e-05,-0.000870665,2.382e-05
146.605,4.12487e-05,-0.000869176,2.38177e-05
146.605,4.1162e-05,-0.000867689,2.38153e-05
146.605,4.10755e-05,-0.000866203,2.38129e-05
146.605,4.09891e-05,-0.000864719,2.38105e-05
146.605,4.09029e-05,-0.000863237,2.38082e-05
146.606,4.08168e-05,-0.000861756,2.38058e-05
146.606,4.07309e-05,-0.000860277,2.38034e-05
146.606,4.06451e-05,-0.0008588,2.3801e-05
146.606,4.05594e-05,-0.000857324,2.37987e-05
146.606,4.04738e-05,-0.00085585,2.37963e-05
146.606,4.03884e-05,-0.000854378,2.37939e-05
146.606,4.03031e-05,-0.000852907,2.37915e-05
146.606,4.0218e-05,-0.000851438,2.37892e-05
146.606,4.0133e-05,-0.00084997,2.37868e-05
146.606,4.00481e-05,-0.000848504,2.37844e-05
146.607,3.99634e-05,-0.00084704,2.3782e-05
146.607,3.98788e-05,-0.000845578,2.37796e-05
146.607,3.97944e-05,-0.000844117,2.37773e-05
146.607,3.971e-05,-0.000842658,2.37749e-05
146.607,3.96258e-05,-0.0008412,2.37725e-05
146.607,3.95418e-05,-0.000839744,2.37701e-05
146.607,3.94579e-05,-0.00083829,2.37678e-05
146.607,3.93741e-05,-0.000836837,2.37654e-05
146.607,3.92904e-05,-0.000835386,2.3763e-05
146.607,3.92069e-05,-0.000833937,2.37606e-05
146.608,3.91235e-05,-0.000832489,2.37583e-05
146.608,3.90403e-05,-0.000831043,2.37559e-05
146.608,3.89572e-05,-0.000829599,2.37535e-05
146.608,3.88742e-05,-0.000828156,2.37511e-05
146.608,3.87914e-05,-0.000826715,2.37488e-05
146.608,3.87086e-05,-0.000825276,2.37464e-05
146.608,3.86261e-05,-0.000823838,2.3744e-05
146.608,3.85436e-05,-0.000822402,2.37416e-05
146.608,3.84613e-05,-0.000820967,2.37393e-05
146.608,3.83791e-05,-0.000819534,2.37369e-05
146.609,3.82971e-05,-0.000818103,2.37345e-05
146.609,3.82152e-05,-0.000816673,2.37321e-05
146.609,3.81334e-05,-0.000815245,2.37297e-05
146.609,3.80517e-05,-0.000813819,2.37274e-05
146.609,3.79702e-05,-0.000812394,2.3725e-05
146.609,3.78888e-05,-0.000810971,2.37226e-05
146.609,3.78076e-05,-0.00080955,2.37202e-05
146.609,3.77265e-05,-0.00080813,2.37179e-05
146.609,3.76455e-05,-0.000806712,2.37155e-05
146.609,3.75646e-05,-0.000805295,2.37131e-05
146.61,3.74839e-05,-0.000803881,2.37107e-05
146.61,3.74033e-05,-0.000802467,2.37083e-05
146.61,3.73228e-05,-0.000801056,2.3706e-05
146.61,3.72425e-05,-0.000799646,2.37036e-05
146.61,3.71623e-05,-0.000798237,2.37012e-05
146.61,3.70822e-05,-0.00079683,2.36988e-05
146.61,3.70023e-05,-0.000795425,2.36965e-05
146.61,3.69224e-05,-0.000794022,2.36941e-05
146.61,3.68428e-05,-0.00079262,2.36917e-05
146.61,3.67632e-05,-0.00079122,2.36893e-05
146.611,3.66838e-05,-0.000789821,2.36869e-05
146.611,3.66045e-05,-0.000788424,2.36846e-05
146.611,3.65253e-05,-0.000787029,2.36822e-05
146.611,3.64463e-05,-0.000785635,2.36798e-05
146.611,3.63674e-05,-0.000784243,2.36774e-05
146.611,3.62886e-05,-0.000782852,2.3675e-05
146.611,3.621e-05,-0.000781464,2.36727e-05
146.611,3.61315e-05,-0.000780076,2.36703e-05
146.611,3.60531e-05,-0.000778691,2.36679e-05
146.611,3.59748e-05,-0.000777307,2.36655e-05
146.612,3.58967e-05,-0.000775924,2.36632e-05
146.612,3.58187e-05,-0.000774544,2.36608e-05
146.612,3.57408e-05,-0.000773164,2.36584e-05
146.612,3.56631e-05,-0.000771787,2.3656e-05
146.612,3.55855e-05,-0.000770411,2.36536e-05
146.612,3.5508e-05,-0.000769037,2.36513e-05
146.612,3.54306e-05,-0.000767664,2.36489e-05
146.612,3.53534e-05,-0.000766293,2.36465e-05
146.612,3.52763e-05,-0.000764923,2.36441e-05
146.612,3.51993e-05,-0.000763556,2.36417e-05
146.613,3.51224e-05,-0.000762189,2.36394e-05
146.613,3.50457e-05,-0.000760825,2.3637e-05
146.613,3.49691e-05,-0.000759462,2.36346e-05
146.613,3.48926e-05,-0.0007581,2.36322e-05
146.613,3.48163e-05,-0.000756741,2.36298e-05
146.613,3.47401e-05,-0.000755382,2.36274e-05
146.613,3.4664e-05,-0.000754026,2.36251e-05
146.613,3.4588e-05,-0.000752671,2.36227e-05
146.613,3.45122e-05,-0.000751317,2.36203e-05
146.613,3.44365e-05,-0.000749966,2.36179e-05
146.614,3.43609e-05,-0.000748616,2.36155e-05
146.614,3.42854e-05,-0.000747267,2.36132e-05
146.614,3.42101e-05,-0.00074592,2.36108e-05
146.614,3.41349e-05,-0.000744575,2.36084e-05
146.614,3.40598e-05,-0.000743231,2.3606e-05
146.614,3.39848e-05,-0.000741889,2.36036e-05
146.614,3.391e-05,-0.000740548,2.36013e-05
146.614,3.38353e-05,-0.000739209,2.35989e-05
146.614,3.37607e-05,-0.000737872,2.35965e-05
146.615,3.36862e-05,-0.000736536,2.35941e-05
146.615,3.36119e-05,-0.000735202,2.35917e-05
146.615,3.35377e-05,-0.00073387,2.35893e-05
146.615,3.34636e-05,-0.000732539,2.3587e-05
146.615,3.33896e-05,-0.00073121,2.35846e-05
146.615,3.33158e-05,-0.000729882,2.35822e-05
146.615,3.32421e-05,-0.000728556,2.35798e-05
146.615,3.31685e-05,-0.000727231,2.35774e-05
146.615,3.3095e-05,-0.000725908,2.3575e-05
146.615,3.30217e-05,-0.000724587,2.35727e-05
146.616,3.29485e-05,-0.000723267,2.35703e-05
146.616,3.28754e-05,-0.000721949,2.35679e-05
146.616,3.28024e-05,-0.000720632,2.35655e-05
146.616,3.27295e-05,-0.000719317,2.35631e-05
146.616,3.26568e-05,-0.000718004,2.35607e-05
146.616,3.25842e-05,-0.000716692,2.35584e-05
146.616,3.25117e-05,-0.000715382,2.3556e-05
146.616,3.24393e-05,-0.000714073,2.35536e-05
146.616,3.23671e-05,-0.000712766,2.35512e-05
146.616,3.2295e-05,-0.000711461,2.35488e-05
146.617,3.2223e-05,-0.000710157,2.35464e-05
146.617,3.21511e-05,-0.000708854,2.35441e-05
146.617,3.20793e-05,-0.000707554,2.35417e-05
146.617,3.20077e-05,-0.000706255,2.35393e-05
146.617,3.19362e-05,-0.000704957,2.35369e-05
146.617,3.18648e-05,-0.000703661,2.35345e-05
146.617,3.17935e-05,-0.000702367,2.35321e-05
146.617,3.17224e-05,-0.000701074,2.35298e-05
146.617,3.16514e-05,-0.000699783,2.35274e-05
146.617,3.15805e-05,-0.000698493,2.3525e-05
146.618,3.15097e-05,-0.000697205,2.35226e-05
146.618,3.1439e-05,-0.000695918,2.35202e-05
146.618,3.13685e-05,-0.000694634,2.35178e-05
146.618,3.1298e-05,-0.00069335,2.35154e-05
146.618,3.12277e-05,-0.000692068,2.35131e-05
146.618,3.11575e-05,-0.000690788,2.35107e-05
146.618,3.10875e-05,-0.00068951,2.35083e-05
146.618,3.10175e-05,-0.000688233,2.35059e-05
146.618,3.09477e-05,-0.000686957,2.35035e-05
146.618,3.0878e-05,-0.000685683,2.35011e-05
146.619,3.08084e-05,-0.000684411,2.34987e-05
146.619,3.07389e-05,-0.00068314,2.34964e-05
146.619,3.06696e-05,-0.000681871,2.3494e-05
146.619,3.06003e-05,-0.000680603,2.34916e-05
146.619,3.05312e-05,-0.000679337,2.34892e-05
146.619,3.04622e-05,-0.000678073,2.34868e-05
146.619,3.03934e-05,-0.00067681,2.34844e-05
146.619,3.03246e-05,-0.000675549,2.3482e-05
146.619,3.0256e-05,-0.000674289,2.34796e-05
146.619,3.01874e-05,-0.000673031,2.34773e-05
146.62,3.0119e-05,-0.000671774,2.34749e-05
146.62,3.00507e-05,-0.000670519,2.34725e-05
146.62,2.99826e-05,-0.000669265,2.34701e-05
146.62,2.99145e-05,-0.000668013,2.34677e-05
146.62,2.98466e-05,-0.000666763,2.34653e-05
146.62,2.97788e-05,-0.000665514,2.34629e-05
146.62,2.97111e-05,-0.000664267,2.34605e-05
146.62,2.96435e-05,-0.000663021,2.34582e-05
146.62,2.9576e-05,-0.000661777,2.34558e-05
146.62,2.95087e-05,-0.000660534,2.34534e-05
146.621,2.94414e-05,-0.000659293,2.3451e-05
146.621,2.93743e-05,-0.000658054,2.34486e-05
146.621,2.93073e-05,-0.000656816,2.34462e-05
146.621,2.92404e-05,-0.000655579,2.34438e-05
146.621,2.91737e-05,-0.000654344,2.34414e-05
146.621,2.9107e-05,-0.000653111,2.3439e-05
146.621,2.90405e-05,-0.000651879,2.34367e-05
146.621,2.89741e-05,-0.000650649,2.34343e-05
146.621,2.89077e-05,-0.000649421,2.34319e-05
146.622,2.88416e-05,-0.000648193,2.34295e-05
146.622,2.87755e-05,-0.000646968,2.34271e-05
146.622,2.87095e-05,-0.000645744,2.34247e-05
146.622,2.86437e-05,-0.000644521,2.34223e-05
146.622,2.85779e-05,-0.000643301,2.34199e-05
146.622,2.85123e-05,-0.000642081,2.34175e-05
146.622,2.84468e-05,-0.000640863,2.34152e-05
146.622,2.83814e-05,-0.000639647,2.34128e-05
146.622,2.83162e-05,-0.000638432,2.34104e-05
146.622,2.8251e-05,-0.000637219,2.3408e-05
146.623,2.81859e-05,-0.000636008,2.34056e-05
146.623,2.8121e-05,-0.000634797,2.34032e-05
146.623,2.80562e-05,-0.000633589,2.34008e-05
146.623,2.79915e-05,-0.000632382,2.33984e-05
146.623,2.79269e-05,-0.000631176,2.3396e-05
146.623,2.78624e-05,-0.000629972,2.33936e-05
146.623,2.77981e-05,-0.00062877,2.33912e-05
146.623,2.77338e-05,-0.000627569,2.33889e-05
146.623,2.76697e-05,-0.00062637,2.33865e-05
146.623,2.76056e-05,-0.000625172,2.33841e-05
146.624,2.75417e-05,-0.000623976,2.33817e-05
146.624,2.74779e-05,-0.000622781,2.33793e-05
146.624,2.74142e-05,-0.000621588,2.33769e-05
146.624,2.73507e-05,-0.000620396,2.33745e-05
146.624,2.72872e-05,-0.000619206,2.33721e-05
146.624,2.72239e-05,-0.000618017,2.33697e-05
146.624,2.71606e-05,-0.00061683,2.33673e-05
146.624,2.70975e-05,-0.000615645,2.33649e-05
146.624,2.70345e-05,-0.000614461,2.33625e-05
146.624,2.69716e-05,-0.000613278,2.33601e-05
146.625,2.69088e-05,-0.000612097,2.33577e-05
146.625,2.68461e-05,-0.000610918,2.33554e-05
146.625,2.67835e-05,-0.00060974,2.3353e-05
146.625,2.67211e-05,-0.000608563,2.33506e-05
146.625,2.66587e-05,-0.000607388,2.33482e-05
146.625,2.65965e-05,-0.000606215,2.33458e-05
146.625,2.65343e-05,-0.000605043,2.33434e-05
146.625,2.64723e-05,-0.000603873,2.3341e-05
146.625,2.64104e-05,-0.000602704,2.33386e-05
146.625,2.63486e-05,-0.000601537,2.33362e-05
146.626,2.62869e-05,-0.000600371,2.33338e-05
146.626,2.62253e-05,-0.000599207,2.33314e-05
146.626,2.61639e-05,-0.000598044,2.3329e-05
146.626,2.61025e-05,-0.000596883,2.33266e-05
146.626,2.60413e-05,-0.000595723,2.33242e-05
146.626,2.59801e-05,-0.000594565,2.33218e-05
146.626,2.59191e-05,-0.000593408,2.33194e-05
146.626,2.58582e-05,-0.000592253,2.3317e-05
146.626,2.57974e-05,-0.000591099,2.33146e-05
146.627,2.57367e-05,-0.000589947,2.33123e-05
146.627,2.56761e-05,-0.000588797,2.33099e-05
146.627,2.56156e-05,-0.000587648,2.33075e-05
146.627,2.55552e-05,-0.0005865,2.33051e-05
146.627,2.54949e-05,-0.000585354,2.33027e-05
146.627,2.54348e-05,-0.000584209,2.33003e-05
146.627,2.53747e-05,-0.000583066,2.32979e-05
146.627,2.53148e-05,-0.000581925,2.32955e-05
146.627,2.52549e-05,-0.000580785,2.32931e-05
146.627,2.51952e-05,-0.000579646,2.32907e-05
146.628,2.51356e-05,-0.000578509,2.32883e-05
146.628,2.50761e-05,-0.000577373,2.32859e-05
146.628,2.50167e-05,-0.000576239,2.32835e-05
146.628,2.49574e-05,-0.000575107,2.32811e-05
146.628,2.48982e-05,-0.000573976,2.32787e-05
146.628,2.48391e-05,-0.000572846,2.32763e-05
146.628,2.47801e-05,-0.000571718,2.32739e-05
146.628,2.47212e-05,-0.000570591,2.32715e-05
146.628,2.46625e-05,-0.000569466,2.32691e-05
146.628,2.46038e-05,-0.000568343,2.32667e-05
146.629,2.45453e-05,-0.000567221,2.32643e-05
146.629,2.44868e-05,-0.0005661,2.32619e-05
146.629,2.44285e-05,-0.000564981,2.32595e-05
146.629,2.43702e-05,-0.000563863,2.32571e-05
146.629,2.43121e-05,-0.000562747,2.32547e-05
146.629,2.42541e-05,-0.000561633,2.32523e-05
146.629,2.41962e-05,-0.000560519,2.32499e-05
146.629,2.41384e-05,-0.000559408,2.32475e-05
146.629,2.40807e-05,-0.000558298,2.32451e-05
146.63,2.40231e-05,-0.000557189,2.32427e-05
146.63,2.39656e-05,-0.000556082,2.32403e-05
146.63,2.39082e-05,-0.000554976,2.32379e-05
146.63,2.38509e-05,-0.000553872,2.32355e-05
146.63,2.37937e-05,-0.000552769,2.32331e-05
146.63,2.37366e-05,-0.000551668,2.32307e-05
146.63,2.36796e-05,-0.000550568,2.32283e-05
146.63,2.36228e-05,-0.00054947,2.32259e-05
146.63,2.3566e-05,-0.000548373,2.32235e-05
146.63,2.35093e-05,-0.000547278,2.32211e-05
146.631,2.34528e-05,-0.000546184,2.32187e-05
146.631,2.33963e-05,-0.000545091,2.32163e-05
146.631,2.334e-05,-0.000544,2.32139e-05
146.631,2.32837e-05,-0.000542911,2.32115e-05
146.631,2.32276e-05,-0.000541823,2.32091e-05
146.631,2.31716e-05,-0.000540737,2.32067e-05
146.631,2.31156e-05,-0.000539652,2.32043e-05
146.631,2.30598e-05,-0.000538568,2.32019e-05
146.631,2.30041e-05,-0.000537486,2.31995e-05
146.631,2.29484e-05,-0.000536405,2.31971e-05
146.632,2.28929e-05,-0.000535326,2.31947e-05
146.632,2.28375e-05,-0.000534249,2.31923e-05
146.632,2.27822e-05,-0.000533172,2.31899e-05
146.632,2.27269e-05,-0.000532098,2.31875e-05
146.632,2.26718e-05,-0.000531025,2.31851e-05
146.632,2.26168e-05,-0.000529953,2.31827e-05
146.632,2.25619e-05,-0.000528882,2.31803e-05
146.632,2.25071e-05,-0.000527814,2.31779e-05
146.632,2.24524e-05,-0.000526746,2.31755e-05
146.633,2.23978e-05,-0.00052568,2.3173e-05
146.633,2.23433e-05,-0.000524616,2.31706e-05
146.633,2.22889e-05,-0.000523553,2.31682e-05
146.633,2.22345e-05,-0.000522491,2.31658e-05
146.633,2.21803e-05,-0.000521431,2.31634e-05
146.633,2.21262e-05,-0.000520373,2.3161e-05
146.633,2.20722e-05,-0.000519315,2.31586e-05
146.633,2.20183e-05,-0.00051826,2.31562e-05
146.633,2.19645e-05,-0.000517206,2.31538e-05
146.633,2.19108e-05,-0.000516153,2.31514e-05
146.634,2.18572e-05,-0.000515101,2.3149e-05
146.634,2.18037e-05,-0.000514052,2.31466e-05
146.634,2.17503e-05,-0.000513003,2.31442e-05
146.634,2.1697e-05,-0.000511956,2.31418e-05
146.634,2.16438e-05,-0.000510911,2.31394e-05
146.634,2.15907e-05,-0.000509867,2.3137e-05
146.634,2.15377e-05,-0.000508824,2.31346e-05
146.634,2.14848e-05,-0.000507783,2.31321e-05
146.634,2.1432e-05,-0.000506743,2.31297e-05
146.634,2.13793e-05,-0.000505705,2.31273e-05
146.635,2.13267e-05,-0.000504668,2.31249e-05
146.635,2.12742e-05,-0.000503632,2.31225e-05
146.635,2.12218e-05,-0.000502598,2.31201e-05
146.635,2.11695e-05,-0.000501566,2.31177e-05
146.635,2.11173e-05,-0.000500535,2.31153e-05
146.635,2.10652e-05,-0.000499505,2.31129e-05
146.635,2.10132e-05,-0.000498477,2.31105e-05
146.635,2.09612e-05,-0.00049745,2.31081e-05
146.635,2.09094e-05,-0.000496425,2.31057e-05
146.636,2.08577e-05,-0.000495401,2.31033e-05
146.636,2.08061e-05,-0.000494379,2.31008e-05
146.636,2.07546e-05,-0.000493358,2.30984e-05
146.636,2.07031e-05,-0.000492338,2.3096e-05
146.636,2.06518e-05,-0.00049132,2.30936e-05
146.636,2.06006e-05,-0.000490303,2.30912e-05
146.636,2.05494e-05,-0.000489288,2.30888e-05
146.636,2.04984e-05,-0.000488274,2.30864e-05
146.636,2.04475e-05,-0.000487262,2.3084e-05
146.636,2.03966e-05,-0.000486251,2.30816e-05
146.637,2.03459e-05,-0.000485241,2.30792e-05
146.637,2.02952e-05,-0.000484233,2.30767e-05
146.637,2.02447e-05,-0.000483227,2.30743e-05
146.637,2.01942e-05,-0.000482221,2.30719e-05
146.637,2.01438e-05,-0.000481217,2.30695e-05
146.637,2.00936e-05,-0.000480215,2.30671e-05
146.637,2.00434e-05,-0.000479214,2.30647e-05
146.637,1.99933e-05,-0.000478214,2.30623e-05
146.637,1.99434e-05,-0.000477216,2.30599e-05
146.638,1.98935e-05,-0.00047622,2.30574e-05
146.638,1.98437e-05,-0.000475224,2.3055e-05
146.638,1.9794e-05,-0.00047423,2.30526e-05
146.638,1.97444e-05,-0.000473238,2.30502e-05
146.638,1.96949e-05,-0.000472247,2.30478e-05
146.638,1.96455e-05,-0.000471257,2.30454e-05
146.638,1.95962e-05,-0.000470269,2.3043e-05
146.638,1.95469e-05,-0.000469282,2.30406e-05
146.638,1.94978e-05,-0.000468297,2.30381e-05
146.638,1.94488e-05,-0.000467313,2.30357e-05
146.639,1.93999e-05,-0.00046633,2.30333e-05
146.639,1.9351e-05,-0.000465349,2.30309e-05
146.639,1.93023e-05,-0.000464369,2.30285e-05
146.639,1.92536e-05,-0.000463391,2.30261e-05
146.639,1.92051e-05,-0.000462414,2.30237e-05
146.639,1.91566e-05,-0.000461439,2.30212e-05
146.639,1.91082e-05,-0.000460465,2.30188e-05
146.639,1.90599e-05,-0.000459492,2.30164e-05
146.639,1.90118e-05,-0.00045852,2.3014e-05
146.64,1.89637e-05,-0.000457551,2.30116e-05
146.64,1.89157e-05,-0.000456582,2.30092e-05
146.64,1.88678e-05,-0.000455615,2.30067e-05
146.64,1.88199e-05,-0.000454649,2.30043e-05
146.64,1.87722e-05,-0.000453685,2.30019e-05
146.64,1.87246e-05,-0.000452722,2.29995e-05
146.64,1.86771e-05,-0.000451761,2.29971e-05
146.64,1.86296e-05,-0.000450801,2.29947e-05
146.64,1.85823e-05,-0.000449842,2.29922e-05
146.64,1.8535e-05,-0.000448885,2.29898e-05
146.641,1.84878e-05,-0.000447929,2.29874e-05
146.641,1.84408e-05,-0.000446974,2.2985e-05
146.641,1.83938e-05,-0.000446021,2.29826e-05
146.641,1.83469e-05,-0.000445069,2.29802e-05
146.641,1.83001e-05,-0.000444119,2.29777e-05
146.641,1.82534e-05,-0.00044317,2.29753e-05
146.641,1.82068e-05,-0.000442222,2.29729e-05
146.641,1.81602e-05,-0.000441276,2.29705e-05
146.641,1.81138e-05,-0.000440331,2.29681e-05
146.642,1.80675e-05,-0.000439388,2.29656e-05
146.642,1.80212e-05,-0.000438446,2.29632e-05
146.642,1.7975e-05,-0.000437505,2.29608e-05
146.642,1.7929e-05,-0.000436566,2.29584e-05
146.642,1.7883e-05,-0.000435628,2.2956e-05
146.642,1.78371e-05,-0.000434692,2.29535e-05
146.642,1.77913e-05,-0.000433757,2.29511e-05
146.642,1.77456e-05,-0.000432823,2.29487e-05
146.642,1.77e-05,-0.000431891,2.29463e-05
146.642,1.76544e-05,-0.00043096,2.29439e-05
146.643,1.7609e-05,-0.00043003,2.29414e-05
146.643,1.75636e-05,-0.000429102,2.2939e-05
146.643,1.75184e-05,-0.000428175,2.29366e-05
146.643,1.74732e-05,-0.00042725,2.29342e-05
146.643,1.74281e-05,-0.000426326,2.29317e-05
146.643,1.73831e-05,-0.000425403,2.29293e-05
146.643,1.73382e-05,-0.000424481,2.29269e-05
146.643,1.72934e-05,-0.000423562,2.29245e-05
146.643,1.72487e-05,-0.000422643,2.29221e-05
146.644,1.7204e-05,-0.000421726,2.29196e-05
146.644,1.71595e-05,-0.00042081,2.29172e-05
146.644,1.7115e-05,-0.000419895,2.29148e-05
146.644,1.70706e-05,-0.000418982,2.29124e-05
146.644,1.70264e-05,-0.00041807,2.29099e-05
146.644,1.69822e-05,-0.00041716,2.29075e-05
146.644,1.69381e-05,-0.000416251,2.29051e-05
146.644,1.6894e-05,-0.000415343,2.29027e-05
146.644,1.68501e-05,-0.000414437,2.29002e-05
146.644,1.68062e-05,-0.000413532,2.28978e-05
146.645,1.67625e-05,-0.000412628,2.28954e-05
146.645,1.67188e-05,-0.000411726,2.2893e-05
146.645,1.66752e-05,-0.000410825,2.28905e-05
146.645,1.66317e-05,-0.000409926,2.28881e-05
146.645,1.65883e-05,-0.000409028,2.28857e-05
146.645,1.6545e-05,-0.000408131,2.28833e-05
146.645,1.65018e-05,-0.000407235,2.28808e-05
146.645,1.64586e-05,-0.000406341,2.28784e-05
146.645,1.64155e-05,-0.000405449,2.2876e-05
146.646,1.63726e-05,-0.000404557,2.28736e-05
146.646,1.63297e-05,-0.000403667,2.28711e-05
146.646,1.62869e-05,-0.000402778,2.28687e-05
146.646,1.62442e-05,-0.000401891,2.28663e-05
146.646,1.62015e-05,-0.000401005,2.28638e-05
146.646,1.6159e-05,-0.00040012,2.28614e-05
146.646,1.61165e-05,-0.000399237,2.2859e-05
146.646,1.60741e-05,-0.000398355,2.28566e-05
146.646,1.60318e-05,-0.000397474,2.28541e-05
146.646,1.59896e-05,-0.000396595,2.28517e-05
146.647,1.59475e-05,-0.000395717,2.28493e-05
146.647,1.59055e-05,-0.000394841,2.28468e-05
146.647,1.58635e-05,-0.000393965,2.28444e-05
146.647,1.58217e-05,-0.000393091,2.2842e-05
146.647,1.57799e-05,-0.000392219,2.28396e-05
146.647,1.57382e-05,-0.000391348,2.28371e-05
146.647,1.56966e-05,-0.000390478,2.28347e-05
146.647,1.56551e-05,-0.000389609,2.28323e-05
146.647,1.56136e-05,-0.000388742,2.28298e-05
146.648,1.55723e-05,-0.000387876,2.28274e-05
146.648,1.5531e-05,-0.000387011,2.2825e-05
146.648,1.54898e-05,-0.000386148,2.28225e-05
146.648,1.54487e-05,-0.000385286,2.28201e-05
146.648,1.54077e-05,-0.000384426,2.28177e-05
146.648,1.53667e-05,-0.000383566,2.28152e-05
146.648,1.53259e-05,-0.000382708,2.28128e-05
146.648,1.52851e-05,-0.000381852,2.28104e-05
146.648,1.52444e-05,-0.000380997,2.28079e-05
146.649,1.52038e-05,-0.000380143,2.28055e-05
146.649,1.51633e-05,-0.00037929,2.28031e-05
146.649,1.51228e-05,-0.000378439,2.28006e-05
146.649,1.50825e-05,-0.000377589,2.27982e-05
146.649,1.50422e-05,-0.00037674,2.27958e-05
146.649,1.5002e-05,-0.000375893,2.27933e-05
146.649,1.49619e-05,-0.000375047,2.27909e-05
146.649,1.49219e-05,-0.000374202,2.27885e-05
146.649,1.48819e-05,-0.000373358,2.2786e-05
146.649,1.48421e-05,-0.000372516,2.27836e-05
146.65,1.48023e-05,-0.000371676,2.27812e-05
146.65,1.47626e-05,-0.000370836,2.27787e-05
146.65,1.4723e-05,-0.000369998,2.27763e-05
146.65,1.46834e-05,-0.000369161,2.27739e-05
146.65,1.4644e-05,-0.000368326,2.27714e-05
146.65,1.46046e-05,-0.000367491,2.2769e-05
146.65,1.45653e-05,-0.000366659,2.27666e-05
146.65,1.45261e-05,-0.000365827,2.27641e-05
146.65,1.4487e-05,-0.000364997,2.27617e-05
146.651,1.44479e-05,-0.000364168,2.27592e-05
146.651,1.4409e-05,-0.00036334,2.27568e-05
146.651,1.43701e-05,-0.000362514,2.27544e-05
146.651,1.43313e-05,-0.000361689,2.27519e-05
146.651,1.42926e-05,-0.000360865,2.27495e-05
146.651,1.42539e-05,-0.000360042,2.2747e-05
146.651,1.42154e-05,-0.000359221,2.27446e-05
146.651,1.41769e-05,-0.000358401,2.27422e-05
146.651,1.41385e-05,-0.000357583,2.27397e-05
146.652,1.41001e-05,-0.000356765,2.27373e-05
146.652,1.40619e-05,-0.000355949,2.27349e-05
146.652,1.40237e-05,-0.000355135,2.27324e-05
146.652,1.39857e-05,-0.000354321,2.273e-05
146.652,1.39477e-05,-0.000353509,2.27275e-05
146.652,1.39097e-05,-0.000352698,2.27251e-05
146.652,1.38719e-05,-0.000351889,2.27227e-05
146.652,1.38341e-05,-0.000351081,2.27202e-05
146.652,1.37964e-05,-0.000350274,2.27178e-05
146.652,1.37588e-05,-0.000349468,2.27153e-05
146.653,1.37213e-05,-0.000348664,2.27129e-05
146.653,1.36838e-05,-0.000347861,2.27104e-05
146.653,1.36465e-05,-0.000347059,2.2708e-05
146.653,1.36092e-05,-0.000346258,2.27056e-05
146.653,1.3572e-05,-0.000345459,2.27031e-05
146.653,1.35348e-05,-0.000344661,2.27007e-05
146.653,1.34978e-05,-0.000343865,2.26982e-05
146.653,1.34608e-05,-0.000343069,2.26958e-05
146.653,1.34239e-05,-0.000342275,2.26933e-05
146.654,1.3387e-05,-0.000341482,2.26909e-05
146.654,1.33503e-05,-0.000340691,2.26885e-05
146.654,1.33136e-05,-0.0003399,2.2686e-05
146.654,1.3277e-05,-0.000339111,2.26836e-05
146.654,1.32405e-05,-0.000338324,2.26811e-05
146.654,1.32041e-05,-0.000337537,2.26787e-05
146.654,1.31677e-05,-0.000336752,2.26762e-05
146.654,1.31314e-05,-0.000335968,2.26738e-05
146.654,1.30952e-05,-0.000335186,2.26713e-05
146.655,1.30591e-05,-0.000334404,2.26689e-05
146.655,1.3023e-05,-0.000333624,2.26664e-05
146.655,1.29871e-05,-0.000332845,2.2664e-05
146.655,1.29512e-05,-0.000332068,2.26615e-05
146.655,1.29153e-05,-0.000331291,2.26591e-05
146.655,1.28796e-05,-0.000330516,2.26567e-05
146.655,1.28439e-05,-0.000329743,2.26542e-05
146.655,1.28083e-05,-0.00032897,2.26518e-05
146.655,1.27728e-05,-0.000328199,2.26493e-05
146.655,1.27374e-05,-0.000327429,2.26469e-05
146.656,1.2702e-05,-0.00032666,2.26444e-05
146.656,1.26667e-05,-0.000325893,2.2642e-05
146.656,1.26315e-05,-0.000325127,2.26395e-05
146.656,1.25963e-05,-0.000324362,2.26371e-05
146.656,1.25613e-05,-0.000323598,2.26346e-05
146.656,1.25263e-05,-0.000322835,2.26322e-05
146.656,1.24914e-05,-0.000322074,2.26297e-05
146.656,1.24565e-05,-0.000321314,2.26273e-05
146.656,1.24218e-05,-0.000320556,2.26248e-05
146.657,1.23871e-05,-0.000319798,2.26224e-05
146.657,1.23525e-05,-0.000319042,2.26199e-05
146.657,1.23179e-05,-0.000318287,2.26175e-05
146.657,1.22835e-05,-0.000317533,2.2615e-05
146.657,1.22491e-05,-0.000316781,2.26126e-05
146.657,1.22147e-05,-0.00031603,2.26101e-05
146.657,1.21805e-05,-0.00031528,2.26077e-05
146.657,1.21463e-05,-0.000314531,2.26052e-05
146.657,1.21122e-05,-0.000313783,2.26027e-05
146.658,1.20782e-05,-0.000313037,2.26003e-05
146.658,1.20443e-05,-0.000312292,2.25978e-05
146.658,1.20104e-05,-0.000311548,2.25954e-05
146.658,1.19766e-05,-0.000310806,2.25929e-05
146.658,1.19428e-05,-0.000310065,2.25905e-05
146.658,1.19092e-05,-0.000309325,2.2588e-05
146.658,1.18756e-05,-0.000308586,2.25856e-05
146.658,1.18421e-05,-0.000307848,2.25831e-05
146.658,1.18087e-05,-0.000307112,2.25807e-05
146.659,1.17753e-05,-0.000306377,2.25782e-05
146.659,1.1742e-05,-0.000305643,2.25757e-05
146.659,1.17088e-05,-0.00030491,2.25733e-05
146.659,1.16756e-05,-0.000304179,2.25708e-05
146.659,1.16426e-05,-0.000303449,2.25684e-05
146.659,1.16096e-05,-0.00030272,2.25659e-05
146.659,1.15766e-05,-0.000301992,2.25635e-05
146.659,1.15438e-05,-0.000301265,2.2561e-05
146.659,1.1511e-05,-0.00030054,2.25585e-05
146.66,1.14783e-05,-0.000299816,2.25561e-05
146.66,1.14456e-05,-0.000299093,2.25536e-05
146.66,1.1413e-05,-0.000298372,2.25512e-05
146.66,1.13805e-05,-0.000297651,2.25487e-05
146.66,1.13481e-05,-0.000296932,2.25462e-05
146.66,1.13158e-05,-0.000296214,2.25438e-05
146.66,1.12835e-05,-0.000295497,2.25413e-05
146.66,1.12513e-05,-0.000294782,2.25389e-05
146.66,1.12191e-05,-0.000294067,2.25364e-05
146.66,1.1187e-05,-0.000293354,2.25339e-05
146.661,1.1155e-05,-0.000292642,2.25315e-05
146.661,1.11231e-05,-0.000291932,2.2529e-05
146.661,1.10912e-05,-0.000291222,2.25266e-05
146.661,1.10595e-05,-0.000290514,2.25241e-05
146.661,1.10277e-05,-0.000289807,2.25216e-05
146.661,1.09961e-05,-0.000289101,2.25192e-05
146.661,1.09645e-05,-0.000288396,2.25167e-05
146.661,1.0933e-05,-0.000287693,2.25143e-05
146.661,1.09016e-05,-0.00028699,2.25118e-05
146.662,1.08702e-05,-0.000286289,2.25093e-05
146.662,1.08389e-05,-0.00028559,2.25069e-05
146.662,1.08076e-05,-0.000284891,2.25044e-05
146.662,1.07765e-05,-0.000284194,2.25019e-05
146.662,1.07454e-05,-0.000283497,2.24995e-05
146.662,1.07144e-05,-0.000282802,2.2497e-05
146.662,1.06834e-05,-0.000282108,2.24945e-05
146.662,1.06525e-05,-0.000281416,2.24921e-05
146.662,1.06217e-05,-0.000280724,2.24896e-05
146.663,1.0591e-05,-0.000280034,2.24871e-05
146.663,1.05603e-05,-0.000279345,2.24847e-05
146.663,1.05297e-05,-0.000278657,2.24822e-05
146.663,1.04991e-05,-0.00027797,2.24797e-05
146.663,1.04687e-05,-0.000277285,2.24773e-05
146.663,1.04383e-05,-0.000276601,2.24748e-05
146.663,1.04079e-05,-0.000275917,2.24723e-05
146.663,1.03777e-05,-0.000275235,2.24699e-05
146.663,1.03474e-05,-0.000274555,2.24674e-05
146.664,1.03173e-05,-0.000273875,2.24649e-05
146.664,1.02873e-05,-0.000273197,2.24625e-05
146.664,1.02573e-05,-0.00027252,2.246e-05
146.664,1.02273e-05,-0.000271843,2.24575e-05
146.664,1.01975e-05,-0.000271169,2.24551e-05
146.664,1.01677e-05,-0.000270495,2.24526e-05
146.664,1.01379e-05,-0.000269822,2.24501e-05
146.664,1.01083e-05,-0.000269151,2.24476e-05
146.664,1.00787e-05,-0.000268481,2.24452e-05
146.665,1.00492e-05,-0.000267812,2.24427e-05
146.665,1.00197e-05,-0.000267144,2.24402e-05
146.665,9.9903e-06,-0.000266478,2.24378e-05
146.665,9.96098e-06,-0.000265812,2.24353e-05
146.665,9.93172e-06,-0.000265148,2.24328e-05
146.665,9.90252e-06,-0.000264485,2.24303e-05
146.665,9.87339e-06,-0.000263823,2.24279e-05
146.665,9.84433e-06,-0.000263162,2.24254e-05
146.665,9.81534e-06,-0.000262503,2.24229e-05
146.666,9.78641e-06,-0.000261844,2.24205e-05
146.666,9.75755e-06,-0.000261187,2.2418e-05
146.666,9.72875e-06,-0.000260531,2.24155e-05
146.666,9.70002e-06,-0.000259876,2.2413e-05
146.666,9.67135e-06,-0.000259222,2.24106e-05
146.666,9.64275e-06,-0.000258569,2.24081e-05
146.666,9.61421e-06,-0.000257918,2.24056e-05
146.666,9.58575e-06,-0.000257268,2.24031e-05
146.666,9.55734e-06,-0.000256618,2.24006e-05
146.667,9.529e-06,-0.00025597,2.23982e-05
146.667,9.50073e-06,-0.000255324,2.23957e-05
146.667,9.47252e-06,-0.000254678,2.23932e-05
146.667,9.44437e-06,-0.000254033,2.23907e-05
146.667,9.41629e-06,-0.00025339,2.23883e-05
146.667,9.38827e-06,-0.000252748,2.23858e-05
146.667,9.36032e-06,-0.000252107,2.23833e-05
146.667,9.33244e-06,-0.000251467,2.23808e-05
146.667,9.30461e-06,-0.000250828,2.23783e-05
146.668,9.27685e-06,-0.00025019,2.23759e-05
146.668,9.24916e-06,-0.000249554,2.23734e-05
146.668,9.22153e-06,-0.000248918,2.23709e-05
146.668,9.19396e-06,-0.000248284,2.23684e-05
146.668,9.16646e-06,-0.000247651,2.23659e-05
146.668,9.13902e-06,-0.000247019,2.23635e-05
146.668,9.11164e-06,-0.000246388,2.2361e-05
146.668,9.08433e-06,-0.000245759,2.23585e-05
146.668,9.05708e-06,-0.00024513,2.2356e-05
146.669,9.0299e-06,-0.000244503,2.23535e-05
146.669,9.00277e-06,-0.000243876,2.23511e-05
146.669,8.97571e-06,-0.000243251,2.23486e-05
146.669,8.94872e-06,-0.000242627,2.23461e-05
146.669,8.92178e-06,-0.000242005,2.23436e-05
146.669,8.89491e-06,-0.000241383,2.23411e-05
146.669,8.8681e-06,-0.000240762,2.23386e-05
146.669,8.84136e-06,-0.000240143,2.23362e-05
146.669,8.81467e-06,-0.000239524,2.23337e-05
146.67,8.78805e-06,-0.000238907,2.23312e-05
146.67,8.76149e-06,-0.000238291,2.23287e-05
146.67,8.735e-06,-0.000237676,2.23262e-05
146.67,8.70856e-06,-0.000237062,2.23237e-05
146.67,8.68219e-06,-0.00023645,2.23212e-05
146.67,8.65588e-06,-0.000235838,2.23188e-05
146.67,8.62963e-06,-0.000235228,2.23163e-05
146.67,8.60344e-06,-0.000234618,2.23138e-05
146.67,8.57732e-06,-0.00023401,2.23113e-05
146.671,8.55125e-06,-0.000233403,2.23088e-05
146.671,8.52525e-06,-0.000232797,2.23063e-05
146.671,8.49931e-06,-0.000232192,2.23038e-05
146.671,8.47343e-06,-0.000231588,2.23013e-05
146.671,8.44761e-06,-0.000230986,2.22988e-05
146.671,8.42185e-06,-0.000230384,2.22964e-05
146.671,8.39615e-06,-0.000229784,2.22939e-05
146.671,8.37051e-06,-0.000229184,2.22914e-05
146.671,8.34493e-06,-0.000228586,2.22889e-05
146.672,8.31942e-06,-0.000227989,2.22864e-05
146.672,8.29396e-06,-0.000227393,2.22839e-05
146.672,8.26857e-06,-0.000226798,2.22814e-05
146.672,8.24323e-06,-0.000226204,2.22789e-05
146.672,8.21796e-06,-0.000225612,2.22764e-05
146.672,8.19274e-06,-0.00022502,2.22739e-05
146.672,8.16759e-06,-0.00022443,2.22714e-05
146.672,8.14249e-06,-0.00022384,2.22689e-05
146.672,8.11746e-06,-0.000223252,2.22665e-05
146.673,8.09248e-06,-0.000222665,2.2264e-05
146.673,8.06756e-06,-0.000222079,2.22615e-05
146.673,8.04271e-06,-0.000221494,2.2259e-05
146.673,8.01791e-06,-0.00022091,2.22565e-05
146.673,7.99317e-06,-0.000220327,2.2254e-05
146.673,7.96849e-06,-0.000219745,2.22515e-05
146.673,7.94387e-06,-0.000219165,2.2249e-05
146.673,7.91931e-06,-0.000218585,2.22465e-05
146.673,7.89481e-06,-0.000218007,2.2244e-05
146.674,7.87037e-06,-0.000217429,2.22415e-05
146.674,7.84598e-06,-0.000216853,2.2239e-05
146.674,7.82165e-06,-0.000216278,2.22365e-05
146.674,7.79739e-06,-0.000215704,2.2234e-05
146.674,7.77318e-06,-0.000215131,2.22315e-05
146.674,7.74903e-06,-0.000214559,2.2229e-05
146.674,7.72493e-06,-0.000213988,2.22265e-05
146.674,7.7009e-06,-0.000213418,2.2224e-05
146.674,7.67692e-06,-0.00021285,2.22215e-05
146.675,7.653e-06,-0.000212282,2.2219e-05
146.675,7.62914e-06,-0.000211715,2.22165e-05
146.675,7.60534e-06,-0.00021115,2.2214e-05
146.675,7.58159e-06,-0.000210586,2.22115e-05
146.675,7.55791e-06,-0.000210022,2.2209e-05
146.675,7.53428e-06,-0.00020946,2.22065e-05
146.675,7.5107e-06,-0.000208899,2.2204e-05
146.675,7.48719e-06,-0.000208339,2.22015e-05
146.675,7.46373e-06,-0.00020778,2.2199e-05
146.676,7.44032e-06,-0.000207222,2.21965e-05
146.676,7.41698e-06,-0.000206665,2.2194e-05
146.676,7.39369e-06,-0.000206109,2.21915e-05
146.676,7.37046e-06,-0.000205554,2.2189e-05
146.676,7.34728e-06,-0.000205001,2.21865e-05
146.676,7.32417e-06,-0.000204448,2.2184e-05
146.676,7.3011e-06,-0.000203896,2.21815e-05
146.676,7.2781e-06,-0.000203346,2.2179e-05
146.676,7.25515e-06,-0.000202796,2.21765e-05
146.677,7.23226e-06,-0.000202248,2.21739e-05
146.677,7.20942e-06,-0.000201701,2.21714e-05
146.677,7.18664e-06,-0.000201154,2.21689e-05
146.677,7.16391e-06,-0.000200609,2.21664e-05
146.677,7.14124e-06,-0.000200065,2.21639e-05
146.677,7.11863e-06,-0.000199522,2.21614e-05
146.677,7.09607e-06,-0.00019898,2.21589e-05
146.677,7.07357e-06,-0.000198439,2.21564e-05
146.677,7.05112e-06,-0.000197899,2.21539e-05
146.678,7.02873e-06,-0.00019736,2.21514e-05
146.678,7.00639e-06,-0.000196822,2.21489e-05
146.678,6.98411e-06,-0.000196285,2.21463e-05
146.678,6.96189e-06,-0.000195749,2.21438e-05
146.678,6.93971e-06,-0.000195215,2.21413e-05
146.678,6.9176e-06,-0.000194681,2.21388e-05
146.678,6.89553e-06,-0.000194148,2.21363e-05
146.678,6.87353e-06,-0.000193617,2.21338e-05
146.679,6.85157e-06,-0.000193086,2.21313e-05
146.679,6.82968e-06,-0.000192557,2.21288e-05
146.679,6.80783e-06,-0.000192028,2.21263e-05
146.679,6.78604e-06,-0.000191501,2.21237e-05
146.679,6.76431e-06,-0.000190974,2.21212e-05
146.679,6.74263e-06,-0.000190449,2.21187e-05
146.679,6.721e-06,-0.000189925,2.21162e-05
146.679,6.69942e-06,-0.000189401,2.21137e-05
146.679,6.6779e-06,-0.000188879,2.21112e-05
146.68,6.65644e-06,-0.000188358,2.21086e-05
146.68,6.63503e-06,-0.000187838,2.21061e-05
146.68,6.61367e-06,-0.000187318,2.21036e-05
146.68,6.59236e-06,-0.0001868,2.21011e-05
146.68,6.57111e-06,-0.000186283,2.20986e-05
146.68,6.54991e-06,-0.000185767,2.20961e-05
146.68,6.52876e-06,-0.000185252,2.20935e-05
146.68,6.50767e-06,-0.000184738,2.2091e-05
146.68,6.48663e-06,-0.000184225,2.20885e-05
146.681,6.46565e-06,-0.000183713,2.2086e-05
146.681,6.44471e-06,-0.000183202,2.20835e-05
146.681,6.42383e-06,-0.000182692,2.20809e-05
146.681,6.403e-06,-0.000182183,2.20784e-05
146.681,6.38223e-06,-0.000181675,2.20759e-05
146.681,6.3615e-06,-0.000181168,2.20734e-05
146.681,6.34083e-06,-0.000180662,2.20709e-05
146.681,6.32021e-06,-0.000180157,2.20683e-05
146.681,6.29964e-06,-0.000179653,2.20658e-05
146.682,6.27913e-06,-0.00017915,2.20633e-05
146.682,6.25867e-06,-0.000178648,2.20608e-05
146.682,6.23825e-06,-0.000178147,2.20582e-05
146.682,6.21789e-06,-0.000177647,2.20557e-05
146.682,6.19759e-06,-0.000177148,2.20532e-05
146.682,6.17733e-06,-0.000176651,2.20507e-05
146.682,6.15713e-06,-0.000176154,2.20481e-05
146.682,6.13697e-06,-0.000175658,2.20456e-05
146.683,6.11687e-06,-0.000175163,2.20431e-05
146.683,6.09682e-06,-0.000174669,2.20406e-05
146.683,6.07682e-06,-0.000174176,2.2038e-05
146.683,6.05687e-06,-0.000173684,2.20355e-05
146.683,6.03697e-06,-0.000173194,2.2033e-05
146.683,6.01713e-06,-0.000172704,2.20305e-05
146.683,5.99733e-06,-0.000172215,2.20279e-05
146.683,5.97759e-06,-0.000171727,2.20254e-05
146.683,5.95789e-06,-0.00017124,2.20229e-05
146.684,5.93825e-06,-0.000170754,2.20203e-05
146.684,5.91865e-06,-0.000170269,2.20178e-05
146.684,5.89911e-06,-0.000169785,2.20153e-05
146.684,5.87962e-06,-0.000169302,2.20127e-05
146.684,5.86017e-06,-0.00016882,2.20102e-05
146.684,5.84078e-06,-0.000168339,2.20077e-05
146.684,5.82144e-06,-0.000167859,2.20051e-05
146.684,5.80214e-06,-0.00016738,2.20026e-05
146.684,5.7829e-06,-0.000166902,2.20001e-05
146.685,5.76371e-06,-0.000166425,2.19976e-05
146.685,5.74456e-06,-0.000165949,2.1995e-05
146.685,5.72547e-06,-0.000165474,2.19925e-05
146.685,5.70642e-06,-0.000165,2.19899e-05
146.685,5.68743e-06,-0.000164527,2.19874e-05
146.685,5.66848e-06,-0.000164055,2.19849e-05
146.685,5.64958e-06,-0.000163584,2.19823e-05
146.685,5.63073e-06,-0.000163113,2.19798e-05
146.686,5.61193e-06,-0.000162644,2.19773e-05
146.686,5.59318e-06,-0.000162176,2.19747e-05
146.686,5.57448e-06,-0.000161709,2.19722e-05
146.686,5.55583e-06,-0.000161242,2.19697e-05
146.686,5.53722e-06,-0.000160777,2.19671e-05
146.686,5.51867e-06,-0.000160313,2.19646e-05
146.686,5.50016e-06,-0.000159849,2.1962e-05
146.686,5.4817e-06,-0.000159387,2.19595e-05
146.686,5.46329e-06,-0.000158925,2.1957e-05
146.687,5.44493e-06,-0.000158465,2.19544e-05
146.687,5.42661e-06,-0.000158005,2.19519e-05
146.687,5.40835e-06,-0.000157547,2.19493e-05
146.687,5.39013e-06,-0.000157089,2.19468e-05
146.687,5.37196e-06,-0.000156632,2.19443e-05
146.687,5.35383e-06,-0.000156176,2.19417e-05
146.687,5.33576e-06,-0.000155722,2.19392e-05
146.687,5.31773e-06,-0.000155268,2.19366e-05
146.687,5.29975e-06,-0.000154815,2.19341e-05
146.688,5.28182e-06,-0.000154363,2.19315e-05
146.688,5.26393e-06,-0.000153912,2.1929e-05
146.688,5.24609e-06,-0.000153462,2.19264e-05
146.688,5.2283e-06,-0.000153013,2.19239e-05
146.688,5.21056e-06,-0.000152565,2.19214e-05
146.688,5.19286e-06,-0.000152118,2.19188e-05
146.688,5.17521e-06,-0.000151672,2.19163e-05
146.688,5.15761e-06,-0.000151226,2.19137e-05
146.689,5.14005e-06,-0.000150782,2.19112e-05
146.689,5.12254e-06,-0.000150338,2.19086e-05
146.689,5.10507e-06,-0.000149896,2.19061e-05
146.689,5.08766e-06,-0.000149455,2.19035e-05
146.689,5.07028e-06,-0.000149014,2.1901e-05
146.689,5.05296e-06,-0.000148574,2.18984e-05
146.689,5.03568e-06,-0.000148136,2.18959e-05
146.689,5.01845e-06,-0.000147698,2.18933e-05
146.689,5.00126e-06,-0.000147261,2.18908e-05
146.69,4.98412e-06,-0.000146825,2.18882e-05
146.69,4.96703e-06,-0.00014639,2.18857e-05
146.69,4.94998e-06,-0.000145956,2.18831e-05
146.69,4.93297e-06,-0.000145523,2.18806e-05
146.69,4.91602e-06,-0.000145091,2.1878e-05
146.69,4.8991e-06,-0.000144659,2.18755e-05
146.69,4.88224e-06,-0.000144229,2.18729e-05
146.69,4.86541e-06,-0.0001438,2.18703e-05
146.69,4.84864e-06,-0.000143371,2.18678e-05
146.691,4.83191e-06,-0.000142944,2.18652e-05
146.691,4.81522e-06,-0.000142517,2.18627e-05
146.691,4.79858e-06,-0.000142091,2.18601e-05
146.691,4.78198e-06,-0.000141667,2.18576e-05
146.691,4.76543e-06,-0.000141243,2.1855e-05
146.691,4.74892e-06,-0.00014082,2.18524e-05
146.691,4.73246e-06,-0.000140398,2.18499e-05
146.691,4.71604e-06,-0.000139977,2.18473e-05
146.692,4.69967e-06,-0.000139556,2.18448e-05
146.692,4.68334e-06,-0.000139137,2.18422e-05
146.692,4.66706e-06,-0.000138719,2.18397e-05
146.692,4.65081e-06,-0.000138301,2.18371e-05
146.692,4.63462e-06,-0.000137885,2.18345e-05
146.692,4.61847e-06,-0.000137469,2.1832e-05
146.692,4.60236e-06,-0.000137054,2.18294e-05
146.692,4.58629e-06,-0.00013664,2.18268e-05
146.692,4.57027e-06,-0.000136227,2.18243e-05
146.693,4.5543e-06,-0.000135815,2.18217e-05
146.693,4.53836e-06,-0.000135404,2.18192e-05
146.693,4.52247e-06,-0.000134994,2.18166e-05
146.693,4.50663e-06,-0.000134585,2.1814e-05
146.693,4.49082e-06,-0.000134176,2.18115e-05
146.693,4.47506e-06,-0.000133769,2.18089e-05
146.693,4.45935e-06,-0.000133362,2.18063e-05
146.693,4.44367e-06,-0.000132956,2.18038e-05
146.694,4.42804e-06,-0.000132551,2.18012e-05
146.694,4.41245e-06,-0.000132147,2.17986e-05
146.694,4.39691e-06,-0.000131744,2.17961e-05
146.694,4.38141e-06,-0.000131342,2.17935e-05
146.694,4.36595e-06,-0.000130941,2.17909e-05
146.694,4.35053e-06,-0.000130541,2.17884e-05
146.694,4.33516e-06,-0.000130141,2.17858e-05
146.694,4.31983e-06,-0.000129742,2.17832e-05
146.694,4.30454e-06,-0.000129345,2.17806e-05
146.695,4.28929e-06,-0.000128948,2.17781e-05
146.695,4.27409e-06,-0.000128552,2.17755e-05
146.695,4.25892e-06,-0.000128157,2.17729e-05
146.695,4.2438e-06,-0.000127763,2.17704e-05
146.695,4.22873e-06,-0.000127369,2.17678e-05
146.695,4.21369e-06,-0.000126977,2.17652e-05
146.695,4.19869e-06,-0.000126585,2.17626e-05
146.695,4.18374e-06,-0.000126195,2.17601e-05
146.696,4.16883e-06,-0.000125805,2.17575e-05
146.696,4.15396e-06,-0.000125416,2.17549e-05
146.696,4.13913e-06,-0.000125028,2.17523e-05
146.696,4.12434e-06,-0.000124641,2.17498e-05
146.696,4.1096e-06,-0.000124254,2.17472e-05
146.696,4.09489e-06,-0.000123869,2.17446e-05
146.696,4.08023e-06,-0.000123484,2.1742e-05
146.696,4.06561e-06,-0.000123101,2.17394e-05
146.697,4.05103e-06,-0.000122718,2.17369e-05
146.697,4.03649e-06,-0.000122336,2.17343e-05
146.697,4.02199e-06,-0.000121955,2.17317e-05
146.697,4.00753e-06,-0.000121574,2.17291e-05
146.697,3.99311e-06,-0.000121195,2.17265e-05
146.697,3.97873e-06,-0.000120816,2.1724e-05
146.697,3.96439e-06,-0.000120439,2.17214e-05
146.697,3.9501e-06,-0.000120062,2.17188e-05
146.697,3.93584e-06,-0.000119686,2.17162e-05
146.698,3.92163e-06,-0.000119311,2.17136e-05
146.698,3.90745e-06,-0.000118937,2.17111e-05
146.698,3.89331e-06,-0.000118563,2.17085e-05
146.698,3.87922e-06,-0.000118191,2.17059e-05
146.698,3.86516e-06,-0.000117819,2.17033e-05
146.698,3.85115e-06,-0.000117448,2.17007e-05
146.698,3.83717e-06,-0.000117078,2.16981e-05
146.698,3.82323e-06,-0.000116709,2.16955e-05
146.699,3.80934e-06,-0.000116341,2.1693e-05
146.699,3.79548e-06,-0.000115973,2.16904e-05
146.699,3.78166e-06,-0.000115607,2.16878e-05
146.699,3.76788e-06,-0.000115241,2.16852e-05
146.699,3.75414e-06,-0.000114876,2.16826e-05
146.699,3.74044e-06,-0.000114512,2.168e-05
146.699,3.72678e-06,-0.000114149,2.16774e-05
146.699,3.71316e-06,-0.000113786,2.16748e-05
146.699,3.69958e-06,-0.000113425,2.16722e-05
146.7,3.68603e-06,-0.000113064,2.16696e-05
146.7,3.67253e-06,-0.000112704,2.16671e-05
146.7,3.65906e-06,-0.000112345,2.16645e-05
146.7,3.64563e-06,-0.000111987,2.16619e-05
146.7,3.63225e-06,-0.00011163,2.16593e-05
146.7,3.61889e-06,-0.000111273,2.16567e-05
146.7,3.60558e-06,-0.000110917,2.16541e-05
146.7,3.59231e-06,-0.000110563,2.16515e-05
146.701,3.57907e-06,-0.000110209,2.16489e-05
146.701,3.56588e-06,-0.000109855,2.16463e-05
146.701,3.55272e-06,-0.000109503,2.16437e-05
146.701,3.5396e-06,-0.000109151,2.16411e-05
146.701,3.52651e-06,-0.000108801,2.16385e-05
146.701,3.51347e-06,-0.000108451,2.16359e-05
146.701,3.50046e-06,-0.000108102,2.16333e-05
146.701,3.48749e-06,-0.000107753,2.16307e-05
146.702,3.47456e-06,-0.000107406,2.16281e-05
146.702,3.46166e-06,-0.000107059,2.16255e-05
146.702,3.44881e-06,-0.000106713,2.16229e-05
146.702,3.43599e-06,-0.000106368,2.16203e-05
146.702,3.4232e-06,-0.000106024,2.16177e-05
146.702,3.41046e-06,-0.000105681,2.16151e-05
146.702,3.39775e-06,-0.000105338,2.16125e-05
146.702,3.38508e-06,-0.000104996,2.16099e-05
146.702,3.37245e-06,-0.000104655,2.16073e-05
146.703,3.35985e-06,-0.000104315,2.16047e-05
146.703,3.34729e-06,-0.000103976,2.16021e-05
146.703,3.33477e-06,-0.000103637,2.15995e-05
146.703,3.32228e-06,-0.0001033,2.15969e-05
146.703,3.30983e-06,-0.000102963,2.15943e-05
146.703,3.29742e-06,-0.000102627,2.15917e-05
146.703,3.28504e-06,-0.000102291,2.1589e-05
146.703,3.2727e-06,-0.000101957,2.15864e-05
146.704,3.2604e-06,-0.000101623,2.15838e-05
146.704,3.24813e-06,-0.00010129,2.15812e-05
146.704,3.2359e-06,-0.000100958,2.15786e-05
146.704,3.2237e-06,-0.000100627,2.1576e-05
146.704,3.21154e-06,-0.000100296,2.15734e-05
146.704,3.19942e-06,-9.99666e-05,2.15708e-05
146.704,3.18733e-06,-9.96377e-05,2.15682e-05
146.704,3.17528e-06,-9.93095e-05,2.15655e-05
146.705,3.16327e-06,-9.89822e-05,2.15629e-05
146.705,3.15129e-06,-9.86556e-05,2.15603e-05
146.705,3.13934e-06,-9.83298e-05,2.15577e-05
146.705,3.12743e-06,-9.80049e-05,2.15551e-05
146.705,3.11556e-06,-9.76807e-05,2.15525e-05
146.705,3.10372e-06,-9.73573e-05,2.15499e-05
146.705,3.09192e-06,-9.70346e-05,2.15472e-05
146.705,3.08015e-06,-9.67128e-05,2.15446e-05
146.706,3.06842e-06,-9.63917e-05,2.1542e-05
146.706,3.05672e-06,-9.60715e-05,2.15394e-05
146.706,3.04506e-06,-9.5752e-05,2.15368e-05
146.706,3.03343e-06,-9.54332e-05,2.15341e-05
146.706,3.02184e-06,-9.51153e-05,2.15315e-05
146.706,3.01028e-06,-9.47981e-05,2.15289e-05
146.706,2.99876e-06,-9.44817e-05,2.15263e-05
146.706,2.98727e-06,-9.41661e-05,2.15237e-05
146.706,2.97582e-06,-9.38513e-05,2.1521e-05
146.707,2.9644e-06,-9.35372e-05,2.15184e-05
146.707,2.95301e-06,-9.32239e-05,2.15158e-05
146.707,2.94166e-06,-9.29114e-05,2.15132e-05
146.707,2.93034e-06,-9.25996e-05,2.15105e-05
146.707,2.91906e-06,-9.22886e-05,2.15079e-05
146.707,2.90781e-06,-9.19784e-05,2.15053e-05
146.707,2.8966e-06,-9.1669e-05,2.15027e-05
146.707,2.88542e-06,-9.13603e-05,2.15e-05
146.708,2.87427e-06,-9.10523e-05,2.14974e-05
146.708,2.86316e-06,-9.07452e-05,2.14948e-05
146.708,2.85208e-06,-9.04387e-05,2.14922e-05
146.708,2.84104e-06,-9.01331e-05,2.14895e-05
146.708,2.83002e-06,-8.98282e-05,2.14869e-05
146.708,2.81905e-06,-8.95241e-05,2.14843e-05
146.708,2.8081e-06,-8.92207e-05,2.14816e-05
146.708,2.79719e-06,-8.89181e-05,2.1479e-05
146.709,2.78631e-06,-8.86162e-05,2.14764e-05
146.709,2.77547e-06,-8.83151e-05,2.14737e-05
146.709,2.76466e-06,-8.80147e-05,2.14711e-05
146.709,2.75388e-06,-8.77151e-05,2.14685e-05
146.709,2.74313e-06,-8.74162e-05,2.14658e-05
146.709,2.73242e-06,-8.71181e-05,2.14632e-05
146.709,2.72174e-06,-8.68208e-05,2.14606e-05
146.709,2.71109e-06,-8.65241e-05,2.14579e-05
146.71,2.70048e-06,-8.62283e-05,2.14553e-05
146.71,2.6899e-06,-8.59331e-05,2.14527e-05
146.71,2.67935e-06,-8.56387e-05,2.145e-05
146.71,2.66883e-06,-8.53451e-05,2.14474e-05
146.71,2.65835e-06,-8.50522e-05,2.14447e-05
146.71,2.6479e-06,-8.476e-05,2.14421e-05
146.71,2.63748e-06,-8.44686e-05,2.14395e-05
146.71,2.62709e-06,-8.41779e-05,2.14368e-05
146.711,2.61674e-06,-8.38879e-05,2.14342e-05
146.711,2.60642e-06,-8.35987e-05,2.14315e-05
146.711,2.59613e-06,-8.33102e-05,2.14289e-05
146.711,2.58587e-06,-8.30225e-05,2.14263e-05
146.711,2.57564e-06,-8.27355e-05,2.14236e-05
146.711,2.56544e-06,-8.24492e-05,2.1421e-05
146.711,2.55528e-06,-8.21636e-05,2.14183e-05
146.711,2.54515e-06,-8.18788e-05,2.14157e-05
146.712,2.53505e-06,-8.15947e-05,2.1413e-05
146.712,2.52498e-06,-8.13113e-05,2.14104e-05
146.712,2.51494e-06,-8.10286e-05,2.14077e-05
146.712,2.50494e-06,-8.07467e-05,2.14051e-05
146.712,2.49496e-06,-8.04655e-05,2.14024e-05
146.712,2.48502e-06,-8.0185e-05,2.13998e-05
146.712,2.47511e-06,-7.99052e-05,2.13971e-05
146.712,2.46523e-06,-7.96262e-05,2.13945e-05
146.713,2.45538e-06,-7.93479e-05,2.13918e-05
146.713,2.44556e-06,-7.90703e-05,2.13892e-05
146.713,2.43577e-06,-7.87934e-05,2.13865e-05
146.713,2.42602e-06,-7.85172e-05,2.13839e-05
146.713,2.41629e-06,-7.82417e-05,2.13812e-05
146.713,2.40659e-06,-7.7967e-05,2.13786e-05
146.713,2.39693e-06,-7.76929e-05,2.13759e-05
146.713,2.38729e-06,-7.74196e-05,2.13733e-05
146.713,2.37769e-06,-7.7147e-05,2.13706e-05
146.714,2.36812e-06,-7.68751e-05,2.1368e-05
146.714,2.35857e-06,-7.66039e-05,2.13653e-05
146.714,2.34906e-06,-7.63334e-05,2.13626e-05
146.714,2.33958e-06,-7.60636e-05,2.136e-05
146.714,2.33013e-06,-7.57945e-05,2.13573e-05
146.714,2.3207e-06,-7.55261e-05,2.13547e-05
146.714,2.31131e-06,-7.52584e-05,2.1352e-05
146.714,2.30195e-06,-7.49914e-05,2.13493e-05
146.715,2.29261e-06,-7.47251e-05,2.13467e-05
146.715,2.28331e-06,-7.44595e-05,2.1344e-05
146.715,2.27404e-06,-7.41947e-05,2.13414e-05
146.715,2.2648e-06,-7.39305e-05,2.13387e-05
146.715,2.25558e-06,-7.3667e-05,2.1336e-05
146.715,2.2464e-06,-7.34042e-05,2.13334e-05
146.715,2.23724e-06,-7.3142e-05,2.13307e-05
146.715,2.22812e-06,-7.28806e-05,2.1328e-05
146.716,2.21902e-06,-7.26199e-05,2.13254e-05
146.716,2.20995e-06,-7.23599e-05,2.13227e-05
146.716,2.20091e-06,-7.21005e-05,2.132e-05
146.716,2.19191e-06,-7.18418e-05,2.13174e-05
146.716,2.18293e-06,-7.15839e-05,2.13147e-05
146.716,2.17398e-06,-7.13266e-05,2.1312e-05
146.716,2.16505e-06,-7.107e-05,2.13094e-05
146.716,2.15616e-06,-7.0814e-05,2.13067e-05
146.717,2.1473e-06,-7.05588e-05,2.1304e-05
146.717,2.13846e-06,-7.03042e-05,2.13013e-05
146.717,2.12965e-06,-7.00503e-05,2.12987e-05
146.717,2.12088e-06,-6.97971e-05,2.1296e-05
146.717,2.11213e-06,-6.95446e-05,2.12933e-05
146.717,2.10341e-06,-6.92927e-05,2.12906e-05
146.717,2.09471e-06,-6.90416e-05,2.1288e-05
146.717,2.08605e-06,-6.87911e-05,2.12853e-05
146.718,2.07741e-06,-6.85412e-05,2.12826e-05
146.718,2.0688e-06,-6.82921e-05,2.12799e-05
146.718,2.06022e-06,-6.80436e-05,2.12773e-05
146.718,2.05167e-06,-6.77958e-05,2.12746e-05
146.718,2.04315e-06,-6.75486e-05,2.12719e-05
146.718,2.03465e-06,-6.73021e-05,2.12692e-05
146.718,2.02618e-06,-6.70563e-05,2.12665e-05
146.719,2.01774e-06,-6.68112e-05,2.12639e-05
146.719,2.00933e-06,-6.65667e-05,2.12612e-05
146.719,2.00095e-06,-6.63228e-05,2.12585e-05
146.719,1.99259e-06,-6.60797e-05,2.12558e-05
146.719,1.98426e-06,-6.58372e-05,2.12531e-05
146.719,1.97596e-06,-6.55953e-05,2.12504e-05
146.719,1.96768e-06,-6.53541e-05,2.12478e-05
146.719,1.95943e-06,-6.51136e-05,2.12451e-05
146.72,1.95121e-06,-6.48737e-05,2.12424e-05
146.72,1.94302e-06,-6.46345e-05,2.12397e-05
146.72,1.93485e-06,-6.4396e-05,2.1237e-05
146.72,1.92671e-06,-6.41581e-05,2.12343e-05
146.72,1.9186e-06,-6.39208e-05,2.12316e-05
146.72,1.91052e-06,-6.36842e-05,2.12289e-05
146.72,1.90246e-06,-6.34482e-05,2.12262e-05
146.72,1.89443e-06,-6.32129e-05,2.12236e-05
146.721,1.88642e-06,-6.29783e-05,2.12209e-05
146.721,1.87845e-06,-6.27443e-05,2.12182e-05
146.721,1.87049e-06,-6.25109e-05,2.12155e-05
146.721,1.86257e-06,-6.22782e-05,2.12128e-05
146.721,1.85467e-06,-6.20461e-05,2.12101e-05
146.721,1.8468e-06,-6.18147e-05,2.12074e-05
146.721,1.83895e-06,-6.15839e-05,2.12047e-05
146.721,1.83113e-06,-6.13537e-05,2.1202e-05
146.722,1.82334e-06,-6.11242e-05,2.11993e-05
146.722,1.81558e-06,-6.08953e-05,2.11966e-05
146.722,1.80783e-06,-6.06671e-05,2.11939e-05
146.722,1.80012e-06,-6.04395e-05,2.11912e-05
146.722,1.79243e-06,-6.02125e-05,2.11885e-05
146.722,1.78477e-06,-5.99861e-05,2.11858e-05
146.722,1.77713e-06,-5.97604e-05,2.11831e-05
146.722,1.76952e-06,-5.95354e-05,2.11804e-05
146.723,1.76194e-06,-5.93109e-05,2.11777e-05
146.723,1.75438e-06,-5.90871e-05,2.1175e-05
146.723,1.74684e-06,-5.88639e-05,2.11723e-05
146.723,1.73933e-06,-5.86413e-05,2.11696e-05
146.723,1.73185e-06,-5.84194e-05,2.11669e-05
146.723,1.72439e-06,-5.81981e-05,2.11642e-05
146.723,1.71696e-06,-5.79774e-05,2.11615e-05
146.723,1.70956e-06,-5.77573e-05,2.11587e-05
146.724,1.70217e-06,-5.75379e-05,2.1156e-05
146.724,1.69482e-06,-5.73191e-05,2.11533e-05
146.724,1.68749e-06,-5.71009e-05,2.11506e-05
146.724,1.68018e-06,-5.68833e-05,2.11479e-05
146.724,1.6729e-06,-5.66663e-05,2.11452e-05
146.724,1.66564e-06,-5.64499e-05,2.11425e-05
146.724,1.65841e-06,-5.62342e-05,2.11398e-05
146.724,1.65121e-06,-5.60191e-05,2.11371e-05
146.725,1.64402e-06,-5.58046e-05,2.11343e-05
146.725,1.63687e-06,-5.55907e-05,2.11316e-05
146.725,1.62973e-06,-5.53774e-05,2.11289e-05
146.725,1.62263e-06,-5.51647e-05,2.11262e-05
146.725,1.61554e-06,-5.49526e-05,2.11235e-05
146.725,1.60848e-06,-5.47412e-05,2.11208e-05
146.725,1.60145e-06,-5.45303e-05,2.1118e-05
146.726,1.59444e-06,-5.432e-05,2.11153e-05
146.726,1.58745e-06,-5.41104e-05,2.11126e-05
146.726,1.58049e-06,-5.39013e-05,2.11099e-05
146.726,1.57355e-06,-5.36929e-05,2.11072e-05
146.726,1.56664e-06,-5.34851e-05,2.11044e-05
146.726,1.55975e-06,-5.32778e-05,2.11017e-05
146.726,1.55288e-06,-5.30712e-05,2.1099e-05
146.726,1.54604e-06,-5.28651e-05,2.10963e-05
146.727,1.53922e-06,-5.26597e-05,2.10935e-05
146.727,1.53243e-06,-5.24548e-05,2.10908e-05
146.727,1.52566e-06,-5.22505e-05,2.10881e-05
146.727,1.51891e-06,-5.20469e-05,2.10853e-05
146.727,1.51219e-06,-5.18438e-05,2.10826e-05
146.727,1.50549e-06,-5.16413e-05,2.10799e-05
146.727,1.49881e-06,-5.14394e-05,2.10772e-05
146.727,1.49216e-06,-5.12381e-05,2.10744e-05
146.728,1.48553e-06,-5.10374e-05,2.10717e-05
146.728,1.47893e-06,-5.08373e-05,2.1069e-05
146.728,1.47234e-06,-5.06377e-05,2.10662e-05
146.728,1.46578e-06,-5.04387e-05,2.10635e-05
146.728,1.45925e-06,-5.02404e-05,2.10608e-05
146.728,1.45273e-06,-5.00426e-05,2.1058e-05
146.728,1.44624e-06,-4.98454e-05,2.10553e-05
146.728,1.43978e-06,-4.96487e-05,2.10526e-05
146.729,1.43333e-06,-4.94527e-05,2.10498e-05
146.729,1.42691e-06,-4.92572e-05,2.10471e-05
146.729,1.42051e-06,-4.90623e-05,2.10443e-05
146.729,1.41413e-06,-4.8868e-05,2.10416e-05
146.729,1.40778e-06,-4.86742e-05,2.10389e-05
146.729,1.40145e-06,-4.8481e-05,2.10361e-05
146.729,1.39514e-06,-4.82884e-05,2.10334e-05
146.73,1.38885e-06,-4.80964e-05,2.10306e-05
146.73,1.38259e-06,-4.7905e-05,2.10279e-05
146.73,1.37635e-06,-4.77141e-05,2.10251e-05
146.73,1.37013e-06,-4.75237e-05,2.10224e-05
146.73,1.36393e-06,-4.7334e-05,2.10196e-05
146.73,1.35776e-06,-4.71448e-05,2.10169e-05
146.73,1.35161e-06,-4.69562e-05,2.10142e-05
146.73,1.34548e-06,-4.67681e-05,2.10114e-05
146.731,1.33937e-06,-4.65806e-05,2.10087e-05
146.731,1.33328e-06,-4.63937e-05,2.10059e-05
146.731,1.32722e-06,-4.62073e-05,2.10032e-05
146.731,1.32118e-06,-4.60215e-05,2.10004e-05
146.731,1.31516e-06,-4.58363e-05,2.09976e-05
146.731,1.30916e-06,-4.56516e-05,2.09949e-05
146.731,1.30318e-06,-4.54674e-05,2.09921e-05
146.731,1.29722e-06,-4.52839e-05,2.09894e-05
146.732,1.29129e-06,-4.51008e-05,2.09866e-05
146.732,1.28538e-06,-4.49184e-05,2.09839e-05
146.732,1.27949e-06,-4.47365e-05,2.09811e-05
146.732,1.27362e-06,-4.45551e-05,2.09784e-05
146.732,1.26777e-06,-4.43743e-05,2.09756e-05
146.732,1.26194e-06,-4.4194e-05,2.09728e-05
146.732,1.25613e-06,-4.40143e-05,2.09701e-05
146.733,1.25035e-06,-4.38351e-05,2.09673e-05
146.733,1.24459e-06,-4.36565e-05,2.09646e-05
146.733,1.23884e-06,-4.34784e-05,2.09618e-05
146.733,1.23312e-06,-4.33009e-05,2.0959e-05
146.733,1.22742e-06,-4.31239e-05,2.09563e-05
146.733,1.22174e-06,-4.29474e-05,2.09535e-05
146.733,1.21608e-06,-4.27715e-05,2.09507e-05
146.733,1.21044e-06,-4.25962e-05,2.0948e-05
146.734,1.20483e-06,-4.24213e-05,2.09452e-05
146.734,1.19923e-06,-4.22471e-05,2.09424e-05
146.734,1.19365e-06,-4.20733e-05,2.09397e-05
146.734,1.1881e-06,-4.19001e-05,2.09369e-05
146.734,1.18256e-06,-4.17274e-05,2.09341e-05
146.734,1.17705e-06,-4.15552e-05,2.09313e-05
146.734,1.17155e-06,-4.13836e-05,2.09286e-05
146.735,1.16608e-06,-4.12125e-05,2.09258e-05
146.735,1.16063e-06,-4.1042e-05,2.0923e-05
146.735,1.15519e-06,-4.0872e-05,2.09202e-05
146.735,1.14978e-06,-4.07025e-05,2.09175e-05
146.735,1.14439e-06,-4.05335e-05,2.09147e-05
146.735,1.13901e-06,-4.03651e-05,2.09119e-05
146.735,1.13366e-06,-4.01971e-05,2.09091e-05
146.735,1.12833e-06,-4.00298e-05,2.09064e-05
146.736,1.12301e-06,-3.98629e-05,2.09036e-05
146.736,1.11772e-06,-3.96965e-05,2.09008e-05
146.736,1.11245e-06,-3.95307e-05,2.0898e-05
146.736,1.10719e-06,-3.93654e-05,2.08952e-05
146.736,1.10196e-06,-3.92006e-05,2.08924e-05
146.736,1.09674e-06,-3.90364e-05,2.08897e-05
146.736,1.09155e-06,-3.88726e-05,2.08869e-05
146.737,1.08637e-06,-3.87094e-05,2.08841e-05
146.737,1.08122e-06,-3.85467e-05,2.08813e-05
146.737,1.07608e-06,-3.83844e-05,2.08785e-05
146.737,1.07096e-06,-3.82228e-05,2.08757e-05
146.737,1.06587e-06,-3.80616e-05,2.08729e-05
146.737,1.06079e-06,-3.79009e-05,2.08701e-05
146.737,1.05573e-06,-3.77407e-05,2.08673e-05
146.737,1.05069e-06,-3.75811e-05,2.08646e-05
146.738,1.04567e-06,-3.7422e-05,2.08618e-05
146.738,1.04067e-06,-3.72633e-05,2.0859e-05
146.738,1.03568e-06,-3.71052e-05,2.08562e-05
146.738,1.03072e-06,-3.69476e-05,2.08534e-05
146.738,1.02577e-06,-3.67904e-05,2.08506e-05
146.738,1.02085e-06,-3.66338e-05,2.08478e-05
146.738,1.01594e-06,-3.64777e-05,2.0845e-05
146.739,1.01105e-06,-3.63221e-05,2.08422e-05
146.739,1.00618e-06,-3.6167e-05,2.08394e-05
146.739,1.00133e-06,-3.60124e-05,2.08366e-05
146.739,9.96496e-07,-3.58582e-05,2.08338e-05
146.739,9.91682e-07,-3.57046e-05,2.0831e-05
146.739,9.86886e-07,-3.55515e-05,2.08282e-05
146.739,9.82109e-07,-3.53988e-05,2.08254e-05
146.739,9.7735e-07,-3.52467e-05,2.08226e-05
146.74,9.72609e-07,-3.50951e-05,2.08198e-05
146.74,9.67886e-07,-3.49439e-05,2.0817e-05
146.74,9.63182e-07,-3.47932e-05,2.08141e-05
146.74,9.58496e-07,-3.4643e-05,2.08113e-05
146.74,9.53828e-07,-3.44934e-05,2.08085e-05
146.74,9.49178e-07,-3.43442e-05,2.08057e-05
146.74,9.44546e-07,-3.41954e-05,2.08029e-05
146.741,9.39932e-07,-3.40472e-05,2.08001e-05
146.741,9.35336e-07,-3.38995e-05,2.07973e-05
146.741,9.30758e-07,-3.37522e-05,2.07945e-05
146.741,9.26197e-07,-3.36054e-05,2.07916e-05
146.741,9.21655e-07,-3.34591e-05,2.07888e-05
146.741,9.1713e-07,-3.33133e-05,2.0786e-05
146.741,9.12622e-07,-3.3168e-05,2.07832e-05
146.742,9.08133e-07,-3.30231e-05,2.07804e-05
146.742,9.03661e-07,-3.28787e-05,2.07776e-05
146.742,8.99206e-07,-3.27348e-05,2.07747e-05
146.742,8.94769e-07,-3.25914e-05,2.07719e-05
146.742,8.90349e-07,-3.24484e-05,2.07691e-05
146.742,8.85947e-07,-3.23059e-05,2.07663e-05
146.742,8.81562e-07,-3.21639e-05,2.07634e-05
146.742,8.77194e-07,-3.20224e-05,2.07606e-05
146.743,8.72843e-07,-3.18813e-05,2.07578e-05
146.743,8.6851e-07,-3.17407e-05,2.0755e-05
146.743,8.64194e-07,-3.16005e-05,2.07521e-05
146.743,8.59894e-07,-3.14609e-05,2.07493e-05
146.743,8.55612e-07,-3.13217e-05,2.07465e-05
146.743,8.51347e-07,-3.11829e-05,2.07436e-05
146.743,8.47099e-07,-3.10447e-05,2.07408e-05
146.744,8.42867e-07,-3.09068e-05,2.0738e-05
146.744,8.38652e-07,-3.07695e-05,2.07351e-05
146.744,8.34455e-07,-3.06326e-05,2.07323e-05
146.744,8.30273e-07,-3.04962e-05,2.07295e-05
146.744,8.26109e-07,-3.03602e-05,2.07266e-05
146.744,8.21961e-07,-3.02247e-05,2.07238e-05
146.744,8.1783e-07,-3.00896e-05,2.0721e-05
146.745,8.13715e-07,-2.9955e-05,2.07181e-05
146.745,8.09616e-07,-2.98209e-05,2.07153e-05
146.745,8.05535e-07,-2.96872e-05,2.07124e-05
146.745,8.01469e-07,-2.9554e-05,2.07096e-05
146.745,7.9742e-07,-2.94212e-05,2.07067e-05
146.745,7.93387e-07,-2.92889e-05,2.07039e-05
146.745,7.8937e-07,-2.9157e-05,2.07011e-05
146.745,7.8537e-07,-2.90255e-05,2.06982e-05
146.746,7.81385e-07,-2.88946e-05,2.06954e-05
146.746,7.77417e-07,-2.8764e-05,2.06925e-05
146.746,7.73465e-07,-2.86339e-05,2.06897e-05
146.746,7.69529e-07,-2.85043e-05,2.06868e-05
146.746,7.65609e-07,-2.83751e-05,2.0684e-05
146.746,7.61704e-07,-2.82463e-05,2.06811e-05
146.746,7.57816e-07,-2.8118e-05,2.06783e-05
146.747,7.53943e-07,-2.79901e-05,2.06754e-05
146.747,7.50086e-07,-2.78627e-05,2.06725e-05
146.747,7.46245e-07,-2.77357e-05,2.06697e-05
146.747,7.42419e-07,-2.76091e-05,2.06668e-05
146.747,7.38609e-07,-2.7483e-05,2.0664e-05
146.747,7.34815e-07,-2.73573e-05,2.06611e-05
146.747,7.31036e-07,-2.72321e-05,2.06583e-05
146.748,7.27273e-07,-2.71072e-05,2.06554e-05
146.748,7.23525e-07,-2.69829e-05,2.06525e-05
146.748,7.19792e-07,-2.68589e-05,2.06497e-05
146.748,7.16075e-07,-2.67354e-05,2.06468e-05
146.748,7.12373e-07,-2.66123e-05,2.06439e-05
146.748,7.08687e-07,-2.64896e-05,2.06411e-05
146.748,7.05015e-07,-2.63674e-05,2.06382e-05
146.749,7.01359e-07,-2.62456e-05,2.06353e-05
146.749,6.97718e-07,-2.61242e-05,2.06325e-05
146.749,6.94092e-07,-2.60033e-05,2.06296e-05
146.749,6.90481e-07,-2.58828e-05,2.06267e-05
146.749,6.86884e-07,-2.57626e-05,2.06239e-05
146.749,6.83303e-07,-2.5643e-05,2.0621e-05
146.749,6.79737e-07,-2.55237e-05,2.06181e-05
146.749,6.76185e-07,-2.54049e-05,2.06152e-05
146.75,6.72649e-07,-2.52864e-05,2.06124e-05
146.75,6.69127e-07,-2.51684e-05,2.06095e-05
146.75,6.6562e-07,-2.50509e-05,2.06066e-05
146.75,6.62127e-07,-2.49337e-05,2.06037e-05
146.75,6.58649e-07,-2.48169e-05,2.06008e-05
146.75,6.55186e-07,-2.47006e-05,2.0598e-05
146.75,6.51737e-07,-2.45847e-05,2.05951e-05
146.751,6.48302e-07,-2.44692e-05,2.05922e-05
146.751,6.44882e-07,-2.43541e-05,2.05893e-05
146.751,6.41477e-07,-2.42394e-05,2.05864e-05
146.751,6.38086e-07,-2.41251e-05,2.05835e-05
146.751,6.34709e-07,-2.40112e-05,2.05806e-05
146.751,6.31346e-07,-2.38978e-05,2.05778e-05
146.751,6.27997e-07,-2.37847e-05,2.05749e-05
146.752,6.24663e-07,-2.36721e-05,2.0572e-05
146.752,6.21343e-07,-2.35598e-05,2.05691e-05
146.752,6.18037e-07,-2.3448e-05,2.05662e-05
146.752,6.14745e-07,-2.33366e-05,2.05633e-05
146.752,6.11467e-07,-2.32255e-05,2.05604e-05
146.752,6.08203e-07,-2.31149e-05,2.05575e-05
146.752,6.04952e-07,-2.30047e-05,2.05546e-05
146.753,6.01716e-07,-2.28949e-05,2.05517e-05
146.753,5.98493e-07,-2.27854e-05,2.05488e-05
146.753,5.95285e-07,-2.26764e-05,2.05459e-05
146.753,5.9209e-07,-2.25677e-05,2.0543e-05
146.753,5.88908e-07,-2.24595e-05,2.05401e-05
146.753,5.85741e-07,-2.23517e-05,2.05372e-05
146.753,5.82586e-07,-2.22442e-05,2.05343e-05
146.754,5.79446e-07,-2.21371e-05,2.05314e-05
146.754,5.76319e-07,-2.20305e-05,2.05285e-05
146.754,5.73205e-07,-2.19242e-05,2.05256e-05
146.754,5.70105e-07,-2.18183e-05,2.05227e-05
146.754,5.67018e-07,-2.17128e-05,2.05198e-05
146.754,5.63945e-07,-2.16077e-05,2.05168e-05
146.754,5.60885e-07,-2.1503e-05,2.05139e-05
146.755,5.57838e-07,-2.13986e-05,2.0511e-05
146.755,5.54804e-07,-2.12947e-05,2.05081e-05
146.755,5.51784e-07,-2.11911e-05,2.05052e-05
146.755,5.48776e-07,-2.10879e-05,2.05023e-05
146.755,5.45782e-07,-2.09851e-05,2.04994e-05
146.755,5.42801e-07,-2.08827e-05,2.04964e-05
146.755,5.39833e-07,-2.07807e-05,2.04935e-05
146.756,5.36878e-07,-2.0679e-05,2.04906e-05
146.756,5.33935e-07,-2.05777e-05,2.04877e-05
146.756,5.31006e-07,-2.04768e-05,2.04847e-05
146.756,5.28089e-07,-2.03763e-05,2.04818e-05
146.756,5.25185e-07,-2.02761e-05,2.04789e-05
146.756,5.22294e-07,-2.01764e-05,2.0476e-05
146.756,5.19416e-07,-2.0077e-05,2.0473e-05
146.757,5.1655e-07,-1.99779e-05,2.04701e-05
146.757,5.13697e-07,-1.98793e-05,2.04672e-05
146.757,5.10857e-07,-1.9781e-05,2.04642e-05
146.757,5.08029e-07,-1.96831e-05,2.04613e-05
146.757,5.05214e-07,-1.95855e-05,2.04584e-05
146.757,5.02411e-07,-1.94884e-05,2.04554e-05
146.757,4.9962e-07,-1.93916e-05,2.04525e-05
146.758,4.96842e-07,-1.92951e-05,2.04496e-05
146.758,4.94077e-07,-1.9199e-05,2.04466e-05
146.758,4.91323e-07,-1.91033e-05,2.04437e-05
146.758,4.88582e-07,-1.9008e-05,2.04408e-05
146.758,4.85853e-07,-1.8913e-05,2.04378e-05
146.758,4.83136e-07,-1.88184e-05,2.04349e-05
146.758,4.80432e-07,-1.87241e-05,2.04319e-05
146.759,4.77739e-07,-1.86302e-05,2.0429e-05
146.759,4.75059e-07,-1.85367e-05,2.0426e-05
146.759,4.7239e-07,-1.84435e-05,2.04231e-05
146.759,4.69734e-07,-1.83506e-05,2.04201e-05
146.759,4.67089e-07,-1.82582e-05,2.04172e-05
146.759,4.64457e-07,-1.81661e-05,2.04142e-05
146.759,4.61836e-07,-1.80743e-05,2.04113e-05
146.76,4.59227e-07,-1.79829e-05,2.04083e-05
146.76,4.5663e-07,-1.78918e-05,2.04054e-05
146.76,4.54045e-07,-1.78011e-05,2.04024e-05
146.76,4.51471e-07,-1.77108e-05,2.03995e-05
146.76,4.48909e-07,-1.76208e-05,2.03965e-05
146.76,4.46359e-07,-1.75311e-05,2.03935e-05
146.76,4.4382e-07,-1.74418e-05,2.03906e-05
146.761,4.41293e-07,-1.73529e-05,2.03876e-05
146.761,4.38777e-07,-1.72643e-05,2.03847e-05
146.761,4.36273e-07,-1.7176e-05,2.03817e-05
146.761,4.3378e-07,-1.70881e-05,2.03787e-05
146.761,4.31299e-07,-1.70005e-05,2.03758e-05
146.761,4.28829e-07,-1.69133e-05,2.03728e-05
146.761,4.2637e-07,-1.68264e-05,2.03698e-05
146.762,4.23923e-07,-1.67399e-05,2.03669e-05
146.762,4.21487e-07,-1.66537e-05,2.03639e-05
146.762,4.19062e-07,-1.65678e-05,2.03609e-05
146.762,4.16648e-07,-1.64823e-05,2.03579e-05
146.762,4.14245e-07,-1.63971e-05,2.0355e-05
146.762,4.11854e-07,-1.63122e-05,2.0352e-05
146.762,4.09473e-07,-1.62277e-05,2.0349e-05
146.763,4.07104e-07,-1.61435e-05,2.0346e-05
146.763,4.04745e-07,-1.60597e-05,2.03431e-05
146.763,4.02397e-07,-1.59761e-05,2.03401e-05
146.763,4.00061e-07,-1.5893e-05,2.03371e-05
146.763,3.97735e-07,-1.58101e-05,2.03341e-05
146.763,3.9542e-07,-1.57276e-05,2.03311e-05
146.764,3.93116e-07,-1.56454e-05,2.03281e-05
146.764,3.90822e-07,-1.55635e-05,2.03251e-05
146.764,3.8854e-07,-1.5482e-05,2.03222e-05
146.764,3.86268e-07,-1.54008e-05,2.03192e-05
146.764,3.84006e-07,-1.53199e-05,2.03162e-05
146.764,3.81755e-07,-1.52394e-05,2.03132e-05
146.764,3.79515e-07,-1.51591e-05,2.03102e-05
146.765,3.77285e-07,-1.50792e-05,2.03072e-05
146.765,3.75066e-07,-1.49996e-05,2.03042e-05
146.765,3.72857e-07,-1.49204e-05,2.03012e-05
146.765,3.70659e-07,-1.48414e-05,2.02982e-05
146.765,3.68471e-07,-1.47628e-05,2.02952e-05
146.765,3.66293e-07,-1.46845e-05,2.02922e-05
146.765,3.64126e-07,-1.46065e-05,2.02892e-05
146.766,3.61969e-07,-1.45288e-05,2.02862e-05
146.766,3.59822e-07,-1.44515e-05,2.02832e-05
146.766,3.57686e-07,-1.43744e-05,2.02802e-05
146.766,3.55559e-07,-1.42977e-05,2.02772e-05
146.766,3.53443e-07,-1.42213e-05,2.02742e-05
146.766,3.51337e-07,-1.41452e-05,2.02712e-05
146.766,3.49241e-07,-1.40694e-05,2.02681e-05
146.767,3.47155e-07,-1.3994e-05,2.02651e-05
146.767,3.45079e-07,-1.39188e-05,2.02621e-05
146.767,3.43012e-07,-1.3844e-05,2.02591e-05
146.767,3.40956e-07,-1.37694e-05,2.02561e-05
146.767,3.3891e-07,-1.36952e-05,2.02531e-05
146.767,3.36873e-07,-1.36213e-05,2.025e-05
146.768,3.34847e-07,-1.35476e-05,2.0247e-05
146.768,3.3283e-07,-1.34743e-05,2.0244e-05
146.768,3.30822e-07,-1.34013e-05,2.0241e-05
146.768,3.28825e-07,-1.33286e-05,2.0238e-05
146.768,3.26837e-07,-1.32562e-05,2.02349e-05
146.768,3.24859e-07,-1.31841e-05,2.02319e-05
146.768,3.2289e-07,-1.31123e-05,2.02289e-05
146.769,3.20931e-07,-1.30408e-05,2.02258e-05
146.769,3.18982e-07,-1.29696e-05,2.02228e-05
146.769,3.17042e-07,-1.28987e-05,2.02198e-05
146.769,3.15112e-07,-1.28281e-05,2.02167e-05
146.769,3.1319e-07,-1.27578e-05,2.02137e-05
146.769,3.11279e-07,-1.26878e-05,2.02107e-05
146.769,3.09377e-07,-1.2618e-05,2.02076e-05
146.77,3.07484e-07,-1.25486e-05,2.02046e-05
146.77,3.056e-07,-1.24795e-05,2.02016e-05
146.77,3.03725e-07,-1.24106e-05,2.01985e-05
146.77,3.0186e-07,-1.23421e-05,2.01955e-05
146.77,3.00004e-07,-1.22738e-05,2.01924e-05
146.77,2.98157e-07,-1.22059e-05,2.01894e-05
146.771,2.9632e-07,-1.21382e-05,2.01863e-05
146.771,2.94491e-07,-1.20708e-05,2.01833e-05
146.771,2.92671e-07,-1.20037e-05,2.01802e-05
146.771,2.90861e-07,-1.19369e-05,2.01772e-05
146.771,2.89059e-07,-1.18704e-05,2.01741e-05
146.771,2.87267e-07,-1.18041e-05,2.01711e-05
146.771,2.85483e-07,-1.17382e-05,2.0168e-05
146.772,2.83708e-07,-1.16725e-05,2.01649e-05
146.772,2.81942e-07,-1.16071e-05,2.01619e-05
146.772,2.80185e-07,-1.1542e-05,2.01588e-05
146.772,2.78437e-07,-1.14772e-05,2.01558e-05
146.772,2.76697e-07,-1.14126e-05,2.01527e-05
146.772,2.74966e-07,-1.13484e-05,2.01496e-05
146.772,2.73244e-07,-1.12844e-05,2.01466e-05
146.773,2.71531e-07,-1.12207e-05,2.01435e-05
146.773,2.69826e-07,-1.11572e-05,2.01404e-05
146.773,2.6813e-07,-1.10941e-05,2.01374e-05
146.773,2.66442e-07,-1.10312e-05,2.01343e-05
146.773,2.64763e-07,-1.09686e-05,2.01312e-05
146.773,2.63092e-07,-1.09062e-05,2.01281e-05
146.774,2.6143e-07,-1.08442e-05,2.01251e-05
146.774,2.59776e-07,-1.07824e-05,2.0122e-05
146.774,2.58131e-07,-1.07209e-05,2.01189e-05
146.774,2.56494e-07,-1.06596e-05,2.01158e-05
146.774,2.54865e-07,-1.05986e-05,2.01128e-05
146.774,2.53245e-07,-1.05379e-05,2.01097e-05
146.774,2.51633e-07,-1.04775e-05,2.01066e-05
146.775,2.50029e-07,-1.04173e-05,2.01035e-05
146.775,2.48434e-07,-1.03574e-05,2.01004e-05
146.775,2.46846e-07,-1.02977e-05,2.00973e-05
146.775,2.45267e-07,-1.02384e-05,2.00942e-05
146.775,2.43696e-07,-1.01793e-05,2.00911e-05
146.775,2.42133e-07,-1.01204e-05,2.0088e-05
146.776,2.40578e-07,-1.00618e-05,2.00849e-05
146.776,2.39031e-07,-1.00035e-05,2.00819e-05
146.776,2.37492e-07,-9.94542e-06,2.00788e-05
146.776,2.35961e-07,-9.88761e-06,2.00757e-05
146.776,2.34438e-07,-9.83006e-06,2.00726e-05
146.776,2.32923e-07,-9.77277e-06,2.00694e-05
146.776,2.31415e-07,-9.71574e-06,2.00663e-05
146.777,2.29916e-07,-9.65896e-06,2.00632e-05
146.777,2.28424e-07,-9.60244e-06,2.00601e-05
146.777,2.2694e-07,-9.54618e-06,2.0057e-05
146.777,2.25464e-07,-9.49017e-06,2.00539e-05
146.777,2.23996e-07,-9.43441e-06,2.00508e-05
146.777,2.22535e-07,-9.37891e-06,2.00477e-05
146.778,2.21082e-07,-9.32366e-06,2.00446e-05
146.778,2.19637e-07,-9.26866e-06,2.00415e-05
146.778,2.18199e-07,-9.21391e-06,2.00383e-05
146.778,2.16769e-07,-9.15941e-06,2.00352e-05
146.778,2.15346e-07,-9.10516e-06,2.00321e-05
146.778,2.13931e-07,-9.05115e-06,2.0029e-05
146.778,2.12523e-07,-8.9974e-06,2.00259e-05
146.779,2.11123e-07,-8.94389e-06,2.00227e-05
146.779,2.0973e-07,-8.89062e-06,2.00196e-05
146.779,2.08345e-07,-8.83761e-06,2.00165e-05
146.779,2.06967e-07,-8.78483e-06,2.00133e-05
146.779,2.05596e-07,-8.7323e-06,2.00102e-05
146.779,2.04233e-07,-8.68001e-06,2.00071e-05
146.78,2.02877e-07,-8.62797e-06,2.00039e-05
146.78,2.01528e-07,-8.57616e-06,2.00008e-05
146.78,2.00186e-07,-8.5246e-06,1.99977e-05
146.78,1.98851e-07,-8.47328e-06,1.99945e-05
146.78,1.97524e-07,-8.42219e-06,1.99914e-05
146.78,1.96204e-07,-8.37134e-06,1.99882e-05
146.781,1.94891e-07,-8.32073e-06,1.99851e-05
146.781,1.93585e-07,-8.27036e-06,1.9982e-05
146.781,1.92286e-07,-8.22022e-06,1.99788e-05
146.781,1.90994e-07,-8.17032e-06,1.99757e-05
146.781,1.89709e-07,-8.12065e-06,1.99725e-05
146.781,1.88431e-07,-8.07122e-06,1.99693e-05
146.781,1.8716e-07,-8.02202e-06,1.99662e-05
146.782,1.85896e-07,-7.97305e-06,1.9963e-05
146.782,1.84638e-07,-7.92431e-06,1.99599e-05
146.782,1.83388e-07,-7.8758e-06,1.99567e-05
146.782,1.82144e-07,-7.82752e-06,1.99536e-05
146.782,1.80908e-07,-7.77947e-06,1.99504e-05
146.782,1.79677e-07,-7.73165e-06,1.99472e-05
146.783,1.78454e-07,-7.68406e-06,1.99441e-05
146.783,1.77237e-07,-7.6367e-06,1.99409e-05
146.783,1.76028e-07,-7.58956e-06,1.99377e-05
146.783,1.74824e-07,-7.54264e-06,1.99346e-05
146.783,1.73628e-07,-7.49595e-06,1.99314e-05
146.783,1.72438e-07,-7.44948e-06,1.99282e-05
146.784,1.71254e-07,-7.40324e-06,1.9925e-05
146.784,1.70077e-07,-7.35722e-06,1.99219e-05
146.784,1.68907e-07,-7.31142e-06,1.99187e-05
146.784,1.67743e-07,-7.26584e-06,1.99155e-05
146.784,1.66585e-07,-7.22048e-06,1.99123e-05
146.784,1.65434e-07,-7.17535e-06,1.99091e-05
146.784,1.6429e-07,-7.13043e-06,1.9906e-05
146.785,1.63151e-07,-7.08572e-06,1.99028e-05
146.785,1.62019e-07,-7.04124e-06,1.98996e-05
146.785,1.60894e-07,-6.99697e-06,1.98964e-05
146.785,1.59775e-07,-6.95292e-06,1.98932e-05
146.785,1.58662e-07,-6.90908e-06,1.989e-05
146.785,1.57555e-07,-6.86546e-06,1.98868e-05
146.786,1.56454e-07,-6.82205e-06,1.98836e-05
146.786,1.5536e-07,-6.77885e-06,1.98804e-05
146.786,1.54272e-07,-6.73587e-06,1.98772e-05
146.786,1.5319e-07,-6.69309e-06,1.9874e-05
146.786,1.52114e-07,-6.65053e-06,1.98708e-05
146.786,1.51044e-07,-6.60818e-06,1.98676e-05
146.787,1.49981e-07,-6.56603e-06,1.98644e-05
146.787,1.48923e-07,-6.5241e-06,1.98612e-05
146.787,1.47871e-07,-6.48237e-06,1.9858e-05
146.787,1.46826e-07,-6.44085e-06,1.98547e-05
146.787,1.45786e-07,-6.39954e-06,1.98515e-05
146.787,1.44752e-07,-6.35843e-06,1.98483e-05
146.788,1.43724e-07,-6.31753e-06,1.98451e-05
146.788,1.42702e-07,-6.27683e-06,1.98419e-05
146.788,1.41686e-07,-6.23633e-06,1.98387e-05
146.788,1.40676e-07,-6.19604e-06,1.98354e-05
146.788,1.39671e-07,-6.15595e-06,1.98322e-05
146.788,1.38673e-07,-6.11606e-06,1.9829e-05
146.789,1.3768e-07,-6.07638e-06,1.98257e-05
146.789,1.36693e-07,-6.03689e-06,1.98225e-05
146.789,1.35711e-07,-5.9976e-06,1.98193e-05
146.789,1.34735e-07,-5.95851e-06,1.9816e-05
146.789,1.33765e-07,-5.91962e-06,1.98128e-05
146.789,1.32801e-07,-5.88092e-06,1.98096e-05
146.79,1.31842e-07,-5.84243e-06,1.98063e-05
146.79,1.30889e-07,-5.80412e-06,1.98031e-05
146.79,1.29941e-07,-5.76602e-06,1.97998e-05
146.79,1.28999e-07,-5.7281e-06,1.97966e-05
146.79,1.28062e-07,-5.69039e-06,1.97934e-05
146.79,1.27131e-07,-5.65286e-06,1.97901e-05
146.79,1.26205e-07,-5.61553e-06,1.97869e-05
146.791,1.25285e-07,-5.57839e-06,1.97836e-05
146.791,1.2437e-07,-5.54144e-06,1.97803e-05
146.791,1.23461e-07,-5.50467e-06,1.97771e-05
146.791,1.22557e-07,-5.4681e-06,1.97738e-05
146.791,1.21658e-07,-5.43172e-06,1.97706e-05
146.791,1.20764e-07,-5.39553e-06,1.97673e-05
146.792,1.19876e-07,-5.35952e-06,1.9764e-05
146.792,1.18993e-07,-5.32371e-06,1.97608e-05
146.792,1.18116e-07,-5.28807e-06,1.97575e-05
146.792,1.17244e-07,-5.25263e-06,1.97542e-05
146.792,1.16376e-07,-5.21736e-06,1.9751e-05
146.792,1.15514e-07,-5.18229e-06,1.97477e-05
146.793,1.14658e-07,-5.14739e-06,1.97444e-05
146.793,1.13806e-07,-5.11268e-06,1.97411e-05
146.793,1.12959e-07,-5.07815e-06,1.97379e-05
146.793,1.12118e-07,-5.04381e-06,1.97346e-05
146.793,1.11281e-07,-5.00964e-06,1.97313e-05
146.793,1.1045e-07,-4.97565e-06,1.9728e-05
146.794,1.09624e-07,-4.94185e-06,1.97247e-05
146.794,1.08802e-07,-4.90822e-06,1.97214e-05
146.794,1.07986e-07,-4.87477e-06,1.97181e-05
146.794,1.07174e-07,-4.8415e-06,1.97148e-05
146.794,1.06368e-07,-4.8084e-06,1.97116e-05
146.794,1.05566e-07,-4.77548e-06,1.97083e-05
146.795,1.04769e-07,-4.74274e-06,1.9705e-05
146.795,1.03978e-07,-4.71017e-06,1.97017e-05
146.795,1.03191e-07,-4.67778e-06,1.96984e-05
146.795,1.02408e-07,-4.64556e-06,1.9695e-05
146.795,1.01631e-07,-4.61351e-06,1.96917e-05
146.795,1.00858e-07,-4.58163e-06,1.96884e-05
146.796,1.0009e-07,-4.54993e-06,1.96851e-05
146.796,9.93271e-08,-4.5184e-06,1.96818e-05
146.796,9.85686e-08,-4.48704e-06,1.96785e-05
146.796,9.78148e-08,-4.45584e-06,1.96752e-05
146.796,9.70657e-08,-4.42482e-06,1.96719e-05
146.796,9.63212e-08,-4.39397e-06,1.96685e-05
146.797,9.55813e-08,-4.36328e-06,1.96652e-05
146.797,9.4846e-08,-4.33276e-06,1.96619e-05
146.797,9.41153e-08,-4.30241e-06,1.96586e-05
146.797,9.33892e-08,-4.27222e-06,1.96552e-05
146.797,9.26675e-08,-4.2422e-06,1.96519e-05
146.798,9.19504e-08,-4.21234e-06,1.96486e-05
146.798,9.12378e-08,-4.18265e-06,1.96452e-05
146.798,9.05296e-08,-4.15312e-06,1.96419e-05
146.798,8.98259e-08,-4.12375e-06,1.96386e-05
146.798,8.91266e-08,-4.09454e-06,1.96352e-05
146.798,8.84317e-08,-4.0655e-06,1.96319e-05
146.799,8.77412e-08,-4.03662e-06,1.96285e-05
146.799,8.70551e-08,-4.00789e-06,1.96252e-05
146.799,8.63733e-08,-3.97933e-06,1.96218e-05
146.799,8.56958e-08,-3.95093e-06,1.96185e-05
146.799,8.50226e-08,-3.92268e-06,1.96151e-05
146.799,8.43537e-08,-3.89459e-06,1.96118e-05
146.8,8.3689e-08,-3.86666e-06,1.96084e-05
146.8,8.30286e-08,-3.83889e-06,1.9605e-05
146.8,8.23724e-08,-3.81127e-06,1.96017e-05
146.8,8.17205e-08,-3.78381e-06,1.95983e-05
146.8,8.10726e-08,-3.7565e-06,1.95949e-05
146.8,8.0429e-08,-3.72934e-06,1.95916e-05
146.801,7.97895e-08,-3.70234e-06,1.95882e-05
146.801,7.9154e-08,-3.67549e-06,1.95848e-05
146.801,7.85227e-08,-3.6488e-06,1.95815e-05
146.801,7.78955e-08,-3.62225e-06,1.95781e-05
146.801,7.72723e-08,-3.59586e-06,1.95747e-05
146.801,7.66532e-08,-3.56961e-06,1.95713e-05
146.802,7.60381e-08,-3.54352e-06,1.95679e-05
146.802,7.54269e-08,-3.51757e-06,1.95645e-05
146.802,7.48198e-08,-3.49178e-06,1.95612e-05
146.802,7.42166e-08,-3.46613e-06,1.95578e-05
146.802,7.36173e-08,-3.44063e-06,1.95544e-05
146.802,7.3022e-08,-3.41528e-06,1.9551e-05
146.803,7.24305e-08,-3.39007e-06,1.95476e-05
146.803,7.1843e-08,-3.36501e-06,1.95442e-05
146.803,7.12593e-08,-3.34009e-06,1.95408e-05
146.803,7.06794e-08,-3.31532e-06,1.95374e-05
146.803,7.01034e-08,-3.29069e-06,1.9534e-05
146.804,6.95311e-08,-3.2662e-06,1.95305e-05
146.804,6.89627e-08,-3.24186e-06,1.95271e-05
146.804,6.8398e-08,-3.21765e-06,1.95237e-05
146.804,6.78371e-08,-3.1936e-06,1.95203e-05
146.804,6.72799e-08,-3.16968e-06,1.95169e-05
146.804,6.67263e-08,-3.1459e-06,1.95135e-05
146.805,6.61765e-08,-3.12226e-06,1.951e-05
146.805,6.56304e-08,-3.09876e-06,1.95066e-05
146.805,6.50879e-08,-3.0754e-06,1.95032e-05
146.805,6.4549e-08,-3.05217e-06,1.94998e-05
146.805,6.40138e-08,-3.02909e-06,1.94963e-05
146.805,6.34821e-08,-3.00614e-06,1.94929e-05
146.806,6.29541e-08,-2.98332e-06,1.94895e-05
146.806,6.24296e-08,-2.96065e-06,1.9486e-05
146.806,6.19086e-08,-2.9381e-06,1.94826e-05
146.806,6.13912e-08,-2.91569e-06,1.94791e-05
146.806,6.08772e-08,-2.89342e-06,1.94757e-05
146.807,6.03668e-08,-2.87128e-06,1.94722e-05
146.807,5.98598e-08,-2.84927e-06,1.94688e-05
146.807,5.93563e-08,-2.8274e-06,1.94653e-05
146.807,5.88562e-08,-2.80565e-06,1.94619e-05
146.807,5.83595e-08,-2.78404e-06,1.94584e-05
146.807,5.78662e-08,-2.76256e-06,1.9455e-05
146.808,5.73763e-08,-2.7412e-06,1.94515e-05
146.808,5.68898e-08,-2.71998e-06,1.9448e-05
146.808,5.64066e-08,-2.69889e-06,1.94446e-05
146.808,5.59267e-08,-2.67792e-06,1.94411e-05
146.808,5.54501e-08,-2.65708e-06,1.94376e-05
146.808,5.49769e-08,-2.63637e-06,1.94341e-05
146.809,5.45069e-08,-2.61579e-06,1.94307e-05
146.809,5.40402e-08,-2.59533e-06,1.94272e-05
146.809,5.35767e-08,-2.575e-06,1.94237e-05
146.809,5.31164e-08,-2.55479e-06,1.94202e-05
146.809,5.26594e-08,-2.5347e-06,1.94167e-05
146.81,5.22055e-08,-2.51474e-06,1.94132e-05
146.81,5.17548e-08,-2.49491e-06,1.94097e-05
146.81,5.13073e-08,-2.47519e-06,1.94063e-05
146.81,5.08629e-08,-2.4556e-06,1.94028e-05
146.81,5.04216e-08,-2.43613e-06,1.93993e-05
146.81,4.99835e-08,-2.41679e-06,1.93957e-05
146.811,4.95484e-08,-2.39756e-06,1.93922e-05
146.811,4.91164e-08,-2.37845e-06,1.93887e-05
146.811,4.86874e-08,-2.35946e-06,1.93852e-05
146.811,4.82615e-08,-2.34059e-06,1.93817e-05
146.811,4.78386e-08,-2.32184e-06,1.93782e-05
146.812,4.74188e-08,-2.30321e-06,1.93747e-05
146.812,4.70019e-08,-2.2847e-06,1.93712e-05
146.812,4.6588e-08,-2.2663e-06,1.93676e-05
146.812,4.6177e-08,-2.24802e-06,1.93641e-05
146.812,4.5769e-08,-2.22985e-06,1.93606e-05
146.812,4.53639e-08,-2.2118e-06,1.93571e-05
146.813,4.49617e-08,-2.19387e-06,1.93535e-05
146.813,4.45625e-08,-2.17605e-06,1.935e-05
146.813,4.41661e-08,-2.15834e-06,1.93464e-05
146.813,4.37725e-08,-2.14074e-06,1.93429e-05
146.813,4.33818e-08,-2.12326e-06,1.93394e-05
146.814,4.2994e-08,-2.10589e-06,1.93358e-05
146.814,4.26089e-08,-2.08864e-06,1.93323e-05
146.814,4.22267e-08,-2.07149e-06,1.93287e-05
146.814,4.18472e-08,-2.05445e-06,1.93252e-05
146.814,4.14705e-08,-2.03753e-06,1.93216e-05
146.814,4.10966e-08,-2.02071e-06,1.9318e-05
146.815,4.07254e-08,-2.00401e-06,1.93145e-05
146.815,4.03569e-08,-1.98741e-06,1.93109e-05
146.815,3.99912e-08,-1.97092e-06,1.93073e-05
146.815,3.96281e-08,-1.95454e-06,1.93038e-05
146.815,3.92677e-08,-1.93826e-06,1.93002e-05
146.816,3.89099e-08,-1.92209e-06,1.92966e-05
146.816,3.85548e-08,-1.90603e-06,1.9293e-05
146.816,3.82024e-08,-1.89007e-06,1.92895e-05
146.816,3.78526e-08,-1.87422e-06,1.92859e-05
146.816,3.75053e-08,-1.85848e-06,1.92823e-05
146.817,3.71607e-08,-1.84283e-06,1.92787e-05
146.817,3.68186e-08,-1.82729e-06,1.92751e-05
146.817,3.64791e-08,-1.81186e-06,1.92715e-05
146.817,3.61421e-08,-1.79652e-06,1.92679e-05
146.817,3.58077e-08,-1.78129e-06,1.92643e-05
146.817,3.54757e-08,-1.76616e-06,1.92607e-05
146.818,3.51463e-08,-1.75114e-06,1.92571e-05
146.818,3.48193e-08,-1.73621e-06,1.92535e-05
146.818,3.44949e-08,-1.72138e-06,1.92499e-05
146.818,3.41729e-08,-1.70665e-06,1.92462e-05
146.818,3.38533e-08,-1.69202e-06,1.92426e-05
146.819,3.35361e-08,-1.67749e-06,1.9239e-05
146.819,3.32214e-08,-1.66306e-06,1.92354e-05
146.819,3.29091e-08,-1.64873e-06,1.92318e-05
146.819,3.25991e-08,-1.63449e-06,1.92281e-05
146.819,3.22916e-08,-1.62035e-06,1.92245e-05
146.82,3.19864e-08,-1.60631e-06,1.92209e-05
146.82,3.16835e-08,-1.59236e-06,1.92172e-05
146.82,3.1383e-08,-1.57851e-06,1.92136e-05
146.82,3.10848e-08,-1.56476e-06,1.92099e-05
146.82,3.07888e-08,-1.55109e-06,1.92063e-05
146.82,3.04952e-08,-1.53753e-06,1.92026e-05
146.821,3.02039e-08,-1.52405e-06,1.9199e-05
146.821,2.99148e-08,-1.51067e-06,1.91953e-05
146.821,2.9628e-08,-1.49738e-06,1.91917e-05
146.821,2.93434e-08,-1.48419e-06,1.9188e-05
146.821,2.9061e-08,-1.47108e-06,1.91843e-05
146.822,2.87808e-08,-1.45807e-06,1.91807e-05
146.822,2.85029e-08,-1.44514e-06,1.9177e-05
146.822,2.82271e-08,-1.43231e-06,1.91733e-05
146.822,2.79535e-08,-1.41957e-06,1.91696e-05
146.822,2.7682e-08,-1.40692e-06,1.91659e-05
146.823,2.74127e-08,-1.39435e-06,1.91623e-05
146.823,2.71455e-08,-1.38188e-06,1.91586e-05
146.823,2.68805e-08,-1.36949e-06,1.91549e-05
146.823,2.66175e-08,-1.35719e-06,1.91512e-05
146.823,2.63567e-08,-1.34498e-06,1.91475e-05
146.824,2.60979e-08,-1.33285e-06,1.91438e-05
146.824,2.58412e-08,-1.32081e-06,1.91401e-05
146.824,2.55865e-08,-1.30886e-06,1.91364e-05
146.824,2.53339e-08,-1.29699e-06,1.91327e-05
146.824,2.50833e-08,-1.28521e-06,1.9129e-05
146.825,2.48347e-08,-1.27351e-06,1.91252e-05
146.825,2.45882e-08,-1.26189e-06,1.91215e-05
146.825,2.43436e-08,-1.25036e-06,1.91178e-05
146.825,2.4101e-08,-1.23891e-06,1.91141e-05
146.825,2.38603e-08,-1.22755e-06,1.91103e-05
146.825,2.36217e-08,-1.21627e-06,1.91066e-05
146.826,2.33849e-08,-1.20506e-06,1.91029e-05
146.826,2.31501e-08,-1.19395e-06,1.90991e-05
146.826,2.29173e-08,-1.18291e-06,1.90954e-05
146.826,2.26863e-08,-1.17195e-06,1.90916e-05
146.826,2.24572e-08,-1.16107e-06,1.90879e-05
146.827,2.223e-08,-1.15027e-06,1.90841e-05
146.827,2.20047e-08,-1.13956e-06,1.90804e-05
146.827,2.17812e-08,-1.12892e-06,1.90766e-05
146.827,2.15596e-08,-1.11836e-06,1.90729e-05
146.827,2.13398e-08,-1.10787e-06,1.90691e-05
146.828,2.11218e-08,-1.09747e-06,1.90653e-05
146.828,2.09057e-08,-1.08714e-06,1.90616e-05
146.828,2.06914e-08,-1.07689e-06,1.90578e-05
146.828,2.04788e-08,-1.06671e-06,1.9054e-05
146.828,2.0268e-08,-1.05661e-06,1.90502e-05
146.829,2.0059e-08,-1.04659e-06,1.90464e-05
146.829,1.98517e-08,-1.03664e-06,1.90426e-05
146.829,1.96462e-08,-1.02677e-06,1.90389e-05
146.829,1.94424e-08,-1.01697e-06,1.90351e-05
146.829,1.92404e-08,-1.00725e-06,1.90313e-05
146.83,1.904e-08,-9.97596e-07,1.90275e-05
146.83,1.88414e-08,-9.88018e-07,1.90236e-05
146.83,1.86444e-08,-9.78513e-07,1.90198e-05
146.83,1.84491e-08,-9.6908e-07,1.9016e-05
146.83,1.82555e-08,-9.59719e-07,1.90122e-05
146.831,1.80635e-08,-9.50429e-07,1.90084e-05
146.831,1.78732e-08,-9.41211e-07,1.90046e-05
146.831,1.76845e-08,-9.32063e-07,1.90007e-05
146.831,1.74975e-08,-9.22986e-07,1.89969e-05
146.831,1.7312e-08,-9.13979e-07,1.89931e-05
146.832,1.71282e-08,-9.05041e-07,1.89892e-05
146.832,1.69459e-08,-8.96173e-07,1.89854e-05
146.832,1.67652e-08,-8.87373e-07,1.89815e-05
146.832,1.65861e-08,-8.78642e-07,1.89777e-05
146.832,1.64086e-08,-8.69978e-07,1.89738e-05
146.833,1.62325e-08,-8.61383e-07,1.897e-05
146.833,1.60581e-08,-8.52854e-07,1.89661e-05
146.833,1.58851e-08,-8.44393e-07,1.89623e-05
146.833,1.57137e-08,-8.35998e-07,1.89584e-05
146.833,1.55438e-08,-8.27669e-07,1.89545e-05
146.834,1.53754e-08,-8.19405e-07,1.89506e-05
146.834,1.52085e-08,-8.11208e-07,1.89468e-05
146.834,1.5043e-08,-8.03075e-07,1.89429e-05
146.834,1.4879e-08,-7.95006e-07,1.8939e-05
146.834,1.47165e-08,-7.87002e-07,1.89351e-05
146.835,1.45554e-08,-7.79062e-07,1.89312e-05
146.835,1.43958e-08,-7.71185e-07,1.89273e-05
146.835,1.42375e-08,-7.63371e-07,1.89234e-05
146.835,1.40807e-08,-7.5562e-07,1.89195e-05
146.836,1.39253e-08,-7.47932e-07,1.89156e-05
146.836,1.37713e-08,-7.40305e-07,1.89117e-05
146.836,1.36187e-08,-7.3274e-07,1.89077e-05
146.836,1.34675e-08,-7.25236e-07,1.89038e-05
146.836,1.33176e-08,-7.17794e-07,1.88999e-05
146.837,1.31691e-08,-7.10411e-07,1.8896e-05
146.837,1.3022e-08,-7.03089e-07,1.8892e-05
146.837,1.28762e-08,-6.95827e-07,1.88881e-05
146.837,1.27317e-08,-6.88624e-07,1.88842e-05
146.837,1.25885e-08,-6.81481e-07,1.88802e-05
146.838,1.24467e-08,-6.74396e-07,1.88763e-05
146.838,1.23061e-08,-6.67369e-07,1.88723e-05
146.838,1.21669e-08,-6.60401e-07,1.88683e-05
146.838,1.20289e-08,-6.5349e-07,1.88644e-05
146.838,1.18922e-08,-6.46637e-07,1.88604e-05
146.839,1.17568e-08,-6.3984e-07,1.88564e-05
146.839,1.16227e-08,-6.331e-07,1.88525e-05
146.839,1.14897e-08,-6.26417e-07,1.88485e-05
146.839,1.13581e-08,-6.19789e-07,1.88445e-05
146.84,1.12276e-08,-6.13218e-07,1.88405e-05
146.84,1.10984e-08,-6.06701e-07,1.88365e-05
146.84,1.09704e-08,-6.00239e-07,1.88325e-05
146.84,1.08436e-08,-5.93832e-07,1.88285e-05
146.84,1.07179e-08,-5.8748e-07,1.88245e-05
146.841,1.05935e-08,-5.81181e-07,1.88205e-05
146.841,1.04703e-08,-5.74936e-07,1.88165e-05
146.841,1.03482e-08,-5.68744e-07,1.88125e-05
146.841,1.02273e-08,-5.62605e-07,1.88085e-05
146.841,1.01075e-08,-5.56518e-07,1.88045e-05
146.842,9.98887e-09,-5.50484e-07,1.88004e-05
146.842,9.87138e-09,-5.44502e-07,1.87964e-05
146.842,9.75502e-09,-5.38571e-07,1.87924e-05
146.842,9.63978e-09,-5.32692e-07,1.87883e-05
146.842,9.52564e-09,-5.26863e-07,1.87843e-05
146.843,9.41261e-09,-5.21085e-07,1.87802e-05
146.843,9.30067e-09,-5.15358e-07,1.87762e-05
146.843,9.18982e-09,-5.0968e-07,1.87721e-05
146.843,9.08005e-09,-5.04052e-07,1.8768e-05
146.844,8.97135e-09,-4.98474e-07,1.8764e-05
146.844,8.8637e-09,-4.92944e-07,1.87599e-05
146.844,8.75711e-09,-4.87464e-07,1.87558e-05
146.844,8.65157e-09,-4.82031e-07,1.87517e-05
146.844,8.54706e-09,-4.76647e-07,1.87476e-05
146.845,8.44359e-09,-4.7131e-07,1.87435e-05
146.845,8.34113e-09,-4.66021e-07,1.87394e-05
146.845,8.23969e-09,-4.60779e-07,1.87353e-05
146.845,8.13926e-09,-4.55584e-07,1.87312e-05
146.846,8.03982e-09,-4.50436e-07,1.87271e-05
146.846,7.94138e-09,-4.45333e-07,1.8723e-05
146.846,7.84392e-09,-4.40277e-07,1.87189e-05
146.846,7.74743e-09,-4.35266e-07,1.87148e-05
146.846,7.65191e-09,-4.303e-07,1.87106e-05
146.847,7.55735e-09,-4.2538e-07,1.87065e-05
146.847,7.46375e-09,-4.20504e-07,1.87024e-05
146.847,7.37109e-09,-4.15673e-07,1.86982e-05
146.847,7.27937e-09,-4.10885e-07,1.86941e-05
146.848,7.18858e-09,-4.06142e-07,1.86899e-05
146.848,7.09872e-09,-4.01442e-07,1.86858e-05
146.848,7.00977e-09,-3.96785e-07,1.86816e-05
146.848,6.92173e-09,-3.92171e-07,1.86774e-05
146.848,6.83459e-09,-3.876e-07,1.86732e-05
146.849,6.74835e-09,-3.83071e-07,1.86691e-05
146.849,6.66299e-09,-3.78585e-07,1.86649e-05
146.849,6.57852e-09,-3.7414e-07,1.86607e-05
146.849,6.49492e-09,-3.69736e-07,1.86565e-05
146.85,6.41218e-09,-3.65374e-07,1.86523e-05
146.85,6.33031e-09,-3.61052e-07,1.86481e-05
146.85,6.24929e-09,-3.56771e-07,1.86439e-05
146.85,6.16911e-09,-3.52531e-07,1.86397e-05
146.85,6.08978e-09,-3.48331e-07,1.86355e-05
146.851,6.01127e-09,-3.4417e-07,1.86312e-05
146.851,5.93359e-09,-3.40049e-07,1.8627e-05
146.851,5.85673e-09,-3.35967e-07,1.86228e-05
146.851,5.78068e-09,-3.31924e-07,1.86185e-05
146.852,5.70544e-09,-3.2792e-07,1.86143e-05
146.852,5.631e-09,-3.23954e-07,1.861e-05
146.852,5.55735e-09,-3.20026e-07,1.86058e-05
146.852,5.48448e-09,-3.16137e-07,1.86015e-05
146.852,5.4124e-09,-3.12284e-07,1.85972e-05
146.853,5.34108e-09,-3.08469e-07,1.8593e-05
146.853,5.27054e-09,-3.04692e-07,1.85887e-05
146.853,5.20075e-09,-3.0095e-07,1.85844e-05
146.853,5.13172e-09,-2.97246e-07,1.85801e-05
146.854,5.06343e-09,-2.93578e-07,1.85758e-05
146.854,4.99589e-09,-2.89945e-07,1.85715e-05
146.854,4.92908e-09,-2.86349e-07,1.85672e-05
146.854,4.863e-09,-2.82788e-07,1.85629e-05
146.855,4.79764e-09,-2.79262e-07,1.85586e-05
146.855,4.73299e-09,-2.75771e-07,1.85543e-05
146.855,4.66906e-09,-2.72315e-07,1.85499e-05
146.855,4.60584e-09,-2.68893e-07,1.85456e-05
146.856,4.54331e-09,-2.65506e-07,1.85413e-05
146.856,4.48147e-09,-2.62152e-07,1.85369e-05
146.856,4.42032e-09,-2.58832e-07,1.85326e-05
146.856,4.35985e-09,-2.55546e-07,1.85282e-05
146.856,4.30005e-09,-2.52292e-07,1.85238e-05
146.857,4.24093e-09,-2.49072e-07,1.85195e-05
146.857,4.18246e-09,-2.45884e-07,1.85151e-05
146.857,4.12466e-09,-2.42729e-07,1.85107e-05
146.857,4.0675e-09,-2.39606e-07,1.85063e-05
146.858,4.01099e-09,-2.36515e-07,1.85019e-05
146.858,3.95512e-09,-2.33456e-07,1.84975e-05
146.858,3.89989e-09,-2.30428e-07,1.84931e-05
146.858,3.84528e-09,-2.27431e-07,1.84887e-05
146.859,3.7913e-09,-2.24466e-07,1.84843e-05
146.859,3.73793e-09,-2.21531e-07,1.84799e-05
146.859,3.68518e-09,-2.18626e-07,1.84755e-05
146.859,3.63303e-09,-2.15752e-07,1.8471e-05
146.86,3.58149e-09,-2.12908e-07,1.84666e-05
146.86,3.53054e-09,-2.10094e-07,1.84621e-05
146.86,3.48018e-09,-2.07309e-07,1.84577e-05
146.86,3.43041e-09,-2.04554e-07,1.84532e-05
146.861,3.38122e-09,-2.01828e-07,1.84488e-05
146.861,3.3326e-09,-1.9913e-07,1.84443e-05
146.861,3.28455e-09,-1.96462e-07,1.84398e-05
146.861,3.23707e-09,-1.93822e-07,1.84353e-05
146.861,3.19015e-09,-1.9121e-07,1.84308e-05
146.862,3.14378e-09,-1.88626e-07,1.84263e-05
146.862,3.09796e-09,-1.86069e-07,1.84218e-05
146.862,3.05268e-09,-1.83541e-07,1.84173e-05
146.862,3.00794e-09,-1.81039e-07,1.84128e-05
146.863,2.96374e-09,-1.78565e-07,1.84083e-05
146.863,2.92006e-09,-1.76118e-07,1.84037e-05
146.863,2.87691e-09,-1.73697e-07,1.83992e-05
146.863,2.83428e-09,-1.71303e-07,1.83946e-05
146.864,2.79217e-09,-1.68935e-07,1.83901e-05
146.864,2.75056e-09,-1.66593e-07,1.83855e-05
146.864,2.70946e-09,-1.64276e-07,1.8381e-05
146.864,2.66886e-09,-1.61986e-07,1.83764e-05
146.865,2.62875e-09,-1.59721e-07,1.83718e-05
146.865,2.58913e-09,-1.5748e-07,1.83672e-05
146.865,2.55e-09,-1.55265e-07,1.83626e-05
146.865,2.51135e-09,-1.53075e-07,1.8358e-05
146.866,2.47318e-09,-1.50909e-07,1.83534e-05
146.866,2.43548e-09,-1.48768e-07,1.83488e-05
146.866,2.39825e-09,-1.4665e-07,1.83442e-05
146.866,2.36148e-09,-1.44557e-07,1.83395e-05
146.867,2.32517e-09,-1.42487e-07,1.83349e-05
146.867,2.28931e-09,-1.40441e-07,1.83302e-05
146.867,2.25391e-09,-1.38419e-07,1.83256e-05
146.867,2.21895e-09,-1.36419e-07,1.83209e-05
146.868,2.18443e-09,-1.34442e-07,1.83163e-05
146.868,2.15034e-09,-1.32488e-07,1.83116e-05
146.868,2.11669e-09,-1.30557e-07,1.83069e-05
146.868,2.08347e-09,-1.28648e-07,1.83022e-05
146.869,2.05067e-09,-1.26761e-07,1.82975e-05
146.869,2.01829e-09,-1.24896e-07,1.82928e-05
146.869,1.98632e-09,-1.23053e-07,1.82881e-05
146.87,1.95477e-09,-1.21231e-07,1.82834e-05
146.87,1.92363e-09,-1.19431e-07,1.82786e-05
146.87,1.89288e-09,-1.17652e-07,1.82739e-05
146.87,1.86254e-09,-1.15894e-07,1.82691e-05
146.871,1.83259e-09,-1.14157e-07,1.82644e-05
146.871,1.80303e-09,-1.1244e-07,1.82596e-05
146.871,1.77386e-09,-1.10744e-07,1.82548e-05
146.871,1.74508e-09,-1.09069e-07,1.82501e-05
146.872,1.71667e-09,-1.07413e-07,1.82453e-05
146.872,1.68863e-09,-1.05777e-07,1.82405e-05
146.872,1.66097e-09,-1.04161e-07,1.82357e-05
146.872,1.63368e-09,-1.02565e-07,1.82309e-05
146.873,1.60675e-09,-1.00988e-07,1.8226e-05
146.873,1.58018e-09,-9.94301e-08,1.82212e-05
146.873,1.55396e-09,-9.78913e-08,1.82164e-05
146.873,1.5281e-09,-9.63714e-08,1.82115e-05
146.874,1.50259e-09,-9.48701e-08,1.82067e-05
146.874,1.47742e-09,-9.33873e-08,1.82018e-05
146.874,1.4526e-09,-9.19229e-08,1.81969e-05
146.875,1.42811e-09,-9.04767e-08,1.8192e-05
146.875,1.40395e-09,-8.90484e-08,1.81871e-05
146.875,1.38013e-09,-8.7638e-08,1.81822e-05
146.875,1.35663e-09,-8.62453e-08,1.81773e-05
146.876,1.33346e-09,-8.487e-08,1.81724e-05
146.876,1.31061e-09,-8.3512e-08,1.81675e-05
146.876,1.28807e-09,-8.21713e-08,1.81625e-05
146.876,1.26585e-09,-8.08475e-08,1.81576e-05
146.877,1.24394e-09,-7.95406e-08,1.81526e-05
146.877,1.22233e-09,-7.82503e-08,1.81476e-05
146.877,1.20103e-09,-7.69766e-08,1.81427e-05
146.878,1.18003e-09,-7.57192e-08,1.81377e-05
146.878,1.15932e-09,-7.4478e-08,1.81327e-05
146.878,1.13891e-09,-7.32529e-08,1.81277e-05
146.878,1.11878e-09,-7.20436e-08,1.81226e-05
146.879,1.09895e-09,-7.08501e-08,1.81176e-05
146.879,1.07939e-09,-6.96721e-08,1.81126e-05
146.879,1.06012e-09,-6.85096e-08,1.81075e-05
146.879,1.04112e-09,-6.73623e-08,1.81024e-05
146.88,1.0224e-09,-6.62301e-08,1.80974e-05
146.88,1.00395e-09,-6.51129e-08,1.80923e-05
146.88,9.85769e-10,-6.40105e-08,1.80872e-05
146.881,9.67851e-10,-6.29228e-08,1.80821e-05
146.881,9.50195e-10,-6.18496e-08,1.8077e-05
146.881,9.32798e-10,-6.07907e-08,1.80718e-05
146.881,9.15657e-10,-5.97461e-08,1.80667e-05
146.882,8.98768e-10,-5.87156e-08,1.80616e-05
146.882,8.82129e-10,-5.7699e-08,1.80564e-05
146.882,8.65737e-10,-5.66961e-08,1.80512e-05
146.883,8.4959e-10,-5.57069e-08,1.8046e-05
146.883,8.33683e-10,-5.47312e-08,1.80408e-05
146.883,8.18015e-10,-5.37689e-08,1.80356e-05
146.883,8.02582e-10,-5.28198e-08,1.80304e-05
146.884,7.87382e-10,-5.18837e-08,1.80252e-05
146.884,7.72412e-10,-5.09606e-08,1.80199e-05
146.884,7.57669e-10,-5.00504e-08,1.80147e-05
146.885,7.43151e-10,-4.91527e-08,1.80094e-05
146.885,7.28854e-10,-4.82676e-08,1.80041e-05
146.885,7.14777e-10,-4.73949e-08,1.79988e-05
146.886,7.00915e-10,-4.65345e-08,1.79935e-05
146.886,6.87267e-10,-4.56861e-08,1.79882e-05
146.886,6.73831e-10,-4.48498e-08,1.79828e-05
146.886,6.60602e-10,-4.40253e-08,1.79775e-05
146.887,6.4758e-10,-4.32126e-08,1.79721e-05
146.887,6.3476e-10,-4.24114e-08,1.79667e-05
146.887,6.22142e-10,-4.16217e-08,1.79613e-05
146.888,6.09721e-10,-4.08433e-08,1.79559e-05
146.888,5.97496e-10,-4.00762e-08,1.79505e-05
146.888,5.85464e-10,-3.93201e-08,1.79451e-05
146.889,5.73622e-10,-3.85749e-08,1.79396e-05
146.889,5.61969e-10,-3.78406e-08,1.79341e-05
146.889,5.50501e-10,-3.7117e-08,1.79286e-05
146.889,5.39216e-10,-3.64039e-08,1.79231e-05
146.89,5.28112e-10,-3.57012e-08,1.79176e-05
146.89,5.17186e-10,-3.50089e-08,1.79121e-05
146.89,5.06436e-10,-3.43268e-08,1.79065e-05
146.891,4.95859e-10,-3.36547e-08,1.7901e-05
146.891,4.85453e-10,-3.29925e-08,1.78954e-05
146.891,4.75216e-10,-3.23401e-08,1.78898e-05
146.892,4.65145e-10,-3.16974e-08,1.78841e-05
146.892,4.55238e-10,-3.10642e-08,1.78785e-05
146.892,4.45492e-10,-3.04405e-08,1.78728e-05
146.893,4.35904e-10,-2.9826e-08,1.78671e-05
146.893,4.26474e-10,-2.92207e-08,1.78614e-05
146.893,4.17197e-10,-2.86243e-08,1.78557e-05
146.894,4.08071e-10,-2.80369e-08,1.785e-05
146.894,3.99095e-10,-2.74582e-08,1.78442e-05
146.894,3.90265e-10,-2.68881e-08,1.78384e-05
146.894,3.81578e-10,-2.63264e-08,1.78326e-05
146.895,3.73033e-10,-2.5773e-08,1.78267e-05
146.895,3.64625e-10,-2.52278e-08,1.78208e-05
146.895,3.56352e-10,-2.46905e-08,1.78149e-05
146.896,3.48211e-10,-2.41609e-08,1.7809e-05
146.896,3.40197e-10,-2.36388e-08,1.7803e-05
146.896,3.32307e-10,-2.3124e-08,1.7797e-05
146.897,3.24536e-10,-2.26162e-08,1.7791e-05
146.897,3.16878e-10,-2.2115e-08,1.77849e-05
146.898,3.09325e-10,-2.16199e-08,1.77787e-05
146.898,3.01867e-10,-2.11302e-08,1.77725e-05
146.898,2.94487e-10,-2.06449e-08,1.77663e-05
146.899,2.87156e-10,-2.0162e-08,1.77599e-05
146.899,2.79809e-10,-1.96773e-08,1.77533e-05
146.899,2.7222e-10,-1.91757e-08,1.77464e-05
146.9,2.66311e-10,-1.87846e-08,1.77409e-05
146.9,2.601e-10,-1.83728e-08,1.77349e-05
146.9,2.53797e-10,-1.79543e-08,1.77288e-05
146.901,2.47444e-10,-1.75318e-08,1.77224e-05
146.901,2.40988e-10,-1.71017e-08,1.77158e-05
146.901,2.34821e-10,-1.66902e-08,1.77094e-05
146.902,2.28433e-10,-1.62633e-08,1.77025e-05
146.902,2.24164e-10,-1.59775e-08,1.76978e-05
146.902,2.18961e-10,-1.56288e-08,1.7692e-05
146.903,2.13545e-10,-1.52652e-08,1.76858e-05
146.903,2.07984e-10,-1.48912e-08,1.76793e-05
146.904,2.0207e-10,-1.44929e-08,1.76721e-05
146.904,1.96315e-10,-1.41045e-08,1.7665e-05
146.904,1.90714e-10,-1.37258e-08,1.76579e-05
146.905,1.85264e-10,-1.33566e-08,1.76508e-05
146.905,1.80042e-10,-1.30023e-08,1.76438e-05
146.905,1.75485e-10,-1.26925e-08,1.76376e-05
146.906,1.70696e-10,-1.23665e-08,1.76308e-05
146.906,1.67498e-10,-1.21484e-08,1.76262e-05
146.906,1.63421e-10,-1.187e-08,1.76202e-05
146.907,1.59093e-10,-1.1574e-08,1.76137e-05
146.907,1.54356e-10,-1.12495e-08,1.76064e-05
146.908,1.49752e-10,-1.09335e-08,1.75991e-05
146.908,1.45278e-10,-1.06258e-08,1.75918e-05
146.908,1.4093e-10,-1.03262e-08,1.75845e-05
146.909,1.36705e-10,-1.00345e-08,1.75772e-05
146.909,1.32599e-10,-9.75054e-09,1.75699e-05
146.91,1.28609e-10,-9.47408e-09,1.75626e-05
146.91,1.24733e-10,-9.20496e-09,1.75553e-05
146.911,1.20966e-10,-8.943e-09,1.75481e-05
146.911,1.17308e-10,-8.68802e-09,1.75408e-05
146.911,1.13753e-10,-8.43984e-09,1.75335e-05
146.912,1.103e-10,-8.19831e-09,1.75262e-05
146.912,1.06946e-10,-7.96325e-09,1.75189e-05
146.913,1.03688e-10,-7.7345e-09,1.75117e-05
146.913,1.00524e-10,-7.51191e-09,1.75044e-05
146.913,9.74515e-11,-7.29532e-09,1.74971e-05
146.914,9.44673e-11,-7.08459e-09,1.74899e-05
146.914,9.15693e-11,-6.87956e-09,1.74826e-05
146.915,8.87553e-11,-6.68009e-09,1.74754e-05
146.915,8.6023e-11,-6.48605e-09,1.74681e-05
146.916,8.33701e-11,-6.29729e-09,1.74609e-05
146.916,8.07945e-11,-6.11368e-09,1.74536e-05
146.916,7.83394e-11,-5.93833e-09,1.74465e-05
146.917,7.5845e-11,-5.75985e-09,1.74391e-05
146.917,7.34257e-11,-5.58639e-09,1.74316e-05
146.918,7.10793e-11,-5.41783e-09,1.74242e-05
146.918,6.88037e-11,-5.25405e-09,1.74168e-05
146.919,6.6597e-11,-5.09491e-09,1.74094e-05
146.919,6.44572e-11,-4.9403e-09,1.74019e-05
146.919,6.23824e-11,-4.79009e-09,1.73945e-05
146.92,6.03707e-11,-4.64417e-09,1.73871e-05
146.92,5.84204e-11,-4.50243e-09,1.73797e-05
146.921,5.65297e-11,-4.36474e-09,1.73723e-05
146.921,5.46968e-11,-4.23102e-09,1.73649e-05
146.921,5.29202e-11,-4.10114e-09,1.73575e-05
146.922,5.11981e-11,-3.975e-09,1.73501e-05
146.922,4.95291e-11,-3.85251e-09,1.73427e-05
146.923,4.79115e-11,-3.73357e-09,1.73353e-05
146.923,4.63439e-11,-3.61808e-09,1.73279e-05
146.924,4.48249e-11,-3.50595e-09,1.73205e-05
146.924,4.33529e-11,-3.39709e-09,1.73131e-05
146.924,4.19494e-11,-3.29308e-09,1.73058e-05
146.925,4.05466e-11,-3.18893e-09,1.72983e-05
146.925,3.91883e-11,-3.08787e-09,1.72909e-05
146.926,3.7873e-11,-2.98983e-09,1.72834e-05
146.926,3.65995e-11,-2.89471e-09,1.72759e-05
146.927,3.53666e-11,-2.80244e-09,1.72684e-05
146.927,3.4173e-11,-2.71294e-09,1.72609e-05
146.927,3.30175e-11,-2.62613e-09,1.72535e-05
146.928,3.19194e-11,-2.54347e-09,1.72461e-05
146.928,3.08221e-11,-2.4607e-09,1.72386e-05
146.929,2.97605e-11,-2.38046e-09,1.7231e-05
146.929,2.87335e-11,-2.30269e-09,1.72235e-05
146.93,2.77402e-11,-2.22731e-09,1.72159e-05
