#        weight    minuslogpost         logphi0          loggst           logV0           logQ0            Tcal            Ecal    theta_MC_100           ombh2           omch2             tau        A_planck           A_act           P_act            phi0             gst              V0              Q0              H0          omegam        omegamh2        omega_de             YHe             Y_p           DHBBN            zrei          sigma8            s8h5      s8omegamp5     s8omegamp25             age           rdrag       chi2__BAO       chi2__CMB   minuslogprior minuslogprior__0            chi2 chi2__bao.desi_dr2 chi2__planck_2018_lowl.TT chi2__planck_2018_lowl.EE_sroll2 chi2__act_dr6_cmbonly.PlanckActCut chi2__act_dr6_cmbonly chi2__act_dr6_lenslike.ACTDR6LensLike chi2__candl_like
              2       762.06226      0.50860433       1.1673319      -12.893763       1.0942089               1               1       1.0411413     0.022357017      0.11903299     0.060101421       1.0017304       1.0073584       1.0059053       3.2255541       14.700492    1.277136e-13       12.422497       67.742865      0.30950514      0.14203487      0.69041614      0.24584994      0.24718158       2.4505905       8.2517988      0.80262939      0.97517662       0.4465283      0.59866246       13.789328       147.37175       19.812088       875.10976       -8.010145        -8.010145       1540.1448          19.812088                 20.686892                        390.55002                          463.87285             389.80628                             50.595049        204.82164
              3       649.41692      0.50860433       1.1673319      -12.893763       1.0942089       0.9948164      0.99267227       1.0411119     0.022355814      0.11902204     0.060111456      0.99957605      0.99664075      0.98392619       3.2255541       14.700492    1.277136e-13       12.422497       67.735883      0.30954247      0.14202272      0.69037879      0.24584943      0.24718107       2.4508068       8.2528275      0.80257094      0.97515585      0.44652271      0.59863691       13.790281       147.37605       19.915672       811.71743      -8.2352978       -8.2352978       1315.3044          19.915672                 20.865895                        390.59929                          400.25225              249.4172                              50.54375        183.71037
             10       517.22063      0.54217892       1.3189891      -12.880034       1.0189581       0.9948164      0.99267227       1.0411119     0.022355814      0.11902204     0.060111456      0.99577309      0.99480202       1.0113942       3.4848085       20.844387   1.3181537e-13       10.446195       67.735883      0.30954247      0.14202272      0.69037879      0.24584943      0.24718107       2.4508068       8.2528275      0.81239617      0.98709391      0.45198913      0.60596554       13.790281       147.37605       19.915672       640.96114      -6.9300586       -6.9300586       1048.3014          19.915672                 22.281773                        390.52988                          228.14949             174.68311                             25.512576        187.22888
              1       511.96583      0.54217892       1.3189891      -12.880034       1.0189581       0.9948164      0.99267227       1.0412208     0.022334859      0.11965799     0.062514479      0.99661657      0.99508654       1.0087413       3.4848085       20.844387   1.3181537e-13       10.446195        67.53098       0.3127723      0.14263772      0.68714849      0.24584049      0.24717209       2.4545797        8.505007      0.81473339      0.99143442       0.4556482      0.60928795       13.791828        147.2307       24.589839       640.40491      -7.4435915       -7.4435915       1038.8188          24.589839                 21.875277                        391.22276                          227.30688             167.97304                             26.364315        179.48674
              2       511.11014      0.54217892       1.3189891      -12.880034       1.0189581       0.9948164      0.99267227       1.0410939      0.02238407      0.11976614     0.063163752      0.99703383      0.99581851       1.0011337       3.4848085       20.844387   1.3181537e-13       10.446195       67.491222      0.31348637      0.14279508      0.68643432      0.24586149      0.24719317       2.4457332       8.5577738      0.81476875      0.99176944      0.45618783      0.60966187       13.791103       147.14732       26.441464       646.53606      -7.6555456       -7.6555456       1037.5314          26.441464                 21.761538                        391.38655                          233.38797             160.58984                             26.607857        177.35616
             14       508.30622      0.54217892       1.3189891      -12.880034       1.0189581       0.9948164      0.99267227       1.0413417     0.022555725      0.11966439     0.062953909      0.99514585      0.99581851       1.0011337       3.4848085       20.844387   1.3181537e-13       10.446195       67.752071      0.31122942      0.14286498      0.68869188      0.24593503      0.24726698       2.4152511       8.4939965      0.81393355      0.98884372      0.45407675      0.60793775       13.765967       146.98367       22.988381       641.14253      -6.4743806       -6.4743806       1029.5612          22.988381                 22.070947                        391.26613                          227.80546             160.09147                             27.193473        178.14536
              3       509.43643      0.54217892       1.3189891      -12.880034       1.0189581       0.9948164      0.99267227       1.0414412     0.022558963      0.11956069     0.062629922      0.99586635      0.99358946       1.0048572       3.4848085       20.844387   1.3181537e-13       10.446195       67.824561      0.31034611      0.14276452      0.68957535      0.24593641      0.24726837       2.4146816       8.4601862      0.81366194      0.98798536      0.45328063      0.60730321       13.762244       147.00743       21.411787       642.22113      -6.9924347       -6.9924347       1032.8577          21.411787                 22.032715                        391.14541                            229.043              162.7507                             27.245961        179.22815
             18       509.28148      0.54217892       1.3189891      -12.880034       1.0189581       0.9948164      0.99267227       1.0414093     0.022592214      0.11935144     0.063137351      0.99362909      0.99358946       1.0048572       3.4848085       20.844387   1.3181537e-13       10.446195       67.915094      0.30913769      0.14258852      0.69078398      0.24595065      0.24728266        2.408844       8.4973725       0.8127811      0.98625779      0.45190753      0.60605437       13.758968       147.02583       19.877354       639.63634      -5.1123174       -5.1123174       1028.7876          19.877354                   22.2975                        391.31343                          226.02541             162.14604                               28.0933        179.03455
             12       508.44991      0.54217892       1.3189891      -12.880034       1.0189581       0.9948164      0.99267227       1.0413278     0.022583176      0.11942548     0.062936555      0.99392652      0.99358946       1.0048572       3.4848085       20.844387   1.3181537e-13       10.446195       67.854158      0.30983435      0.14265352      0.69008718      0.24594678      0.24727878       2.4104286       8.4813485      0.81299563      0.98696098      0.45253586      0.60655558        13.76262       147.01631       21.005037       639.11473      -5.4084292       -5.4084292       1027.7167          21.005037                 22.261757                        391.25802                          225.59495             161.23003                             27.628268        178.73862
              7       509.29179      0.54217892       1.3189891      -12.880034       1.0189581        1.001106      0.99279758       1.0412452      0.02264663      0.11924432     0.063463348       0.9948383      0.99358946       1.0048572       3.4848085       20.844387   1.3181537e-13       10.446195       67.942922      0.30877034      0.14253582       0.6911514      0.24597389      0.24730598       2.3993344       8.5133244      0.81203424      0.98514971      0.45122394      0.60531751       13.757925       146.99386       19.941243       640.67569      -6.2279485       -6.2279485       1031.0395          19.941243                 22.132472                        391.33197                          227.21125             160.50182                             28.456472        181.46425
              5       507.13186      0.54217892       1.3189891      -12.880034       1.0189581       0.9914431       1.0155065       1.0412256     0.022645666      0.11931756     0.063699385      0.99620627      0.99480154       1.0015354       3.4848085       20.844387   1.3181537e-13       10.446195       67.909756      0.30922873      0.14260809      0.69069294      0.24597348      0.24730557       2.3995025       8.5375231      0.81226938      0.98567558       0.4516895      0.60571738       13.758912       146.97561       20.633774       647.91342      -7.2080086       -7.2080086       1028.6797          20.633774                 21.934319                        391.44862                          234.53048             158.79224                             28.510489        172.82982
              9       507.18352      0.54217892       1.3189891      -12.880034       1.0189581       0.9914431       1.0155065       1.0410669     0.022797743       0.1193013     0.061484843      0.99685229      0.99480154       1.0015354       3.4848085       20.844387   1.3181537e-13       10.446195       67.988609      0.30880568      0.14274391      0.69111617      0.24603773      0.24737005       2.3732169        8.287114      0.81142538      0.98408024      0.45091141      0.60488095       13.748245       146.81193       21.096172       645.61047      -7.5667533       -7.5667533       1029.5006          21.096172                 22.088991                        390.72413                          232.79735             160.85388                             26.695935        175.24409
              2       503.72747      0.54217892       1.3189891      -12.880034       1.0189581       0.9914431       1.0155065       1.0405783     0.022684333      0.11886992     0.063275443       0.9948859      0.99480154       1.0015354       3.4848085       20.844387   1.3181537e-13       10.446195       67.882452      0.30859001      0.14219912      0.69133159      0.24598993      0.24732208       2.3927777       8.4781388      0.80998541      0.98310168      0.44995401      0.60370207       13.772429       147.05109       21.248267       638.46716      -6.2670809       -6.2670809       1019.9891          21.248267                 22.164337                        391.29111                          225.01171             159.74943                              28.06834         172.4559
              1       504.70078      0.57291757       1.3259882      -12.880855      0.97099936       0.9914431       1.0155065       1.0405783     0.022684333      0.11886992     0.063275443      0.99459409      0.99526859       1.0053622       3.7403958       21.183038   1.3156631e-13        9.354043       67.882452      0.30859001      0.14219912      0.69133159      0.24598993      0.24732208       2.3927777       8.4781388      0.81013987      0.98328915      0.45003982      0.60381719       13.772429       147.05109       21.248267       638.49303      -6.1136624       -6.1136624       1021.6289          21.248267                 22.214854                        391.30586                          224.97232             161.84557                             27.830166        172.21185
              6       502.73914      0.57291757       1.3259882      -12.880855      0.97099936       0.9914431       1.0155065       1.0405107     0.022586519      0.11877087     0.064217125      0.99521179      0.99322269       1.0040521       3.7403958       21.183038   1.3156631e-13        9.354043       67.813787      0.30878718      0.14200226      0.69113426      0.24594821      0.24728021       2.4098423       8.5903533      0.81015529      0.98380556      0.45019213      0.60392511       13.783895       147.18576       21.189895       636.86843      -6.6174192       -6.6174192       1018.7131          21.189895                  22.03579                        391.68656                          223.14608             161.70332                             28.589185        170.36227
              3       499.89133      0.57291757       1.3259882      -12.880855      0.97099936       0.9914431       1.0155065       1.0406124     0.022554033      0.11832975      0.06346318      0.99503271      0.99322269       1.0040521       3.7403958       21.183038   1.3156631e-13        9.354043         67.9776      0.30627581      0.14152865      0.69364601       0.2459343      0.24726625       2.4155488       8.5180937       0.8088761      0.98106796      0.44764976       0.6017418       13.782218       147.33917       17.426424       634.55028      -6.4776565       -6.4776565        1012.738          17.426424                 22.182572                        391.35852                          221.00919             163.91981                             28.854194        167.98726
              5       499.31522      0.57291757       1.3259882      -12.880855      0.97099936       0.9914431       1.0155065       1.0405923     0.022536363      0.11830404     0.064077858      0.99575535      0.99322269       1.0040521       3.7403958       21.183038   1.3156631e-13        9.354043       67.965378      0.30629206      0.14148527      0.69362973      0.24592673      0.24725865        2.418661       8.5809458      0.80884477      0.98111816      0.44764429      0.60172647        13.78449       147.36573       17.407204       634.39173      -7.0102084       -7.0102084       1012.6509          17.407204                  22.03512                        391.59543                          220.76118             163.23866                              29.47222        168.14105
              1       500.26388      0.57291757       1.3259882      -12.880855      0.97099936       0.9914431       1.0155065       1.0405675     0.022545959      0.11821348      0.06288443      0.99539746      0.99322269       1.0040521       3.7403958       21.183038   1.3156631e-13        9.354043       67.997219      0.30583018      0.14140431      0.69409168      0.24593084      0.24726277       2.4169701       8.4621288      0.80847013       0.9804341      0.44709947       0.6012209       13.783866       147.37891       16.938128       634.79653      -6.7569056       -6.7569056       1014.0416          16.938128                 22.202357                        391.16789                          221.42628              166.4472                             28.444864        167.41486
              3       499.36443      0.57291757       1.3259882      -12.880855      0.97099936       0.9901149       1.0133381       1.0405663     0.022567014      0.11771093     0.064415178      0.99744786      0.99322269       1.0040521       3.7403958       21.183038   1.3156631e-13        9.354043       68.193681      0.30303518      0.14092282      0.69688714      0.24593986      0.24727183       2.4132661       8.5948012      0.80663769      0.97680178      0.44404301      0.59848294       13.779548       147.48942       14.111774       637.72537      -7.9305006       -7.9305006       1014.5899          14.111774                 21.883692                        391.66001                          224.18166             165.33686                             31.307563        166.10831
              7       498.20211      0.58068612       1.3051219      -12.880193      0.95571205       0.9901149       1.0133381       1.0405663     0.022567014      0.11771093     0.064415178      0.99723543      0.99322269       1.0040521       3.8079051       20.189332   1.3176706e-13       9.0305054       68.193681      0.30303518      0.14092282      0.69688714      0.24593986      0.24727183       2.4132661       8.5948012      0.80804289      0.97850342      0.44481655      0.59952552       13.779548       147.48942       14.111774       633.93384      -7.8806899       -7.8806899       1012.1656          14.111774                 22.175271                        391.65862                          220.09995             169.29013                             28.523419        166.30643
              3       498.19819      0.58068612       1.3051219      -12.880193      0.95571205       0.9901149       1.0133381       1.0407855     0.022285575      0.11789288      0.06499584      0.99746847      0.99322269       1.0040521       3.8079051       20.189332   1.3176706e-13       9.0305054        67.97016      0.30481617      0.14082333      0.69510563      0.24581943      0.24715096       2.4634878       8.7242662      0.81009289      0.98259754      0.44725358      0.60192769       13.802179       147.75554       14.584386       634.80902      -7.9794279       -7.9794279       1012.3552          14.584386                 22.012373                        392.03166                          220.76498             172.19488                             28.450462        162.31648
             31       497.03471      0.58068612       1.3051219      -12.880193      0.95571205       0.9901149       1.0133381       1.0411452     0.022364769      0.11835898     0.063729539      0.99781798      0.99954765      0.99980874       3.8079051       20.189332   1.3176706e-13       9.0305054       67.989698      0.30582064      0.14136862       0.6941012      0.24585325       0.2471849       2.4491971         8.59183      0.81168562      0.98438797      0.44887069      0.60360739        13.78551       147.54231       15.350767       635.52806      -8.1112207       -8.1112207       1010.2919          15.350767                 22.064568                        391.54287                          221.92063             168.81802                             27.096501         163.4985
              1       498.90368      0.58068612       1.3051219      -12.880193      0.95571205      0.99077392       1.0104964       1.0411251     0.022353456      0.11819009     0.064393311      0.99871555      0.99954765      0.99980874       3.8079051       20.189332   1.3176706e-13       9.0305054       68.033821      0.30503475      0.14118841      0.69488719      0.24584842      0.24718006       2.4512309       8.6554767      0.81113314      0.98339889      0.44798844      0.60280865       13.786506       147.60003       14.560813       638.53392      -8.3601332       -8.3601332       1014.5276          14.560813                 21.914356                        391.77206                           224.8475             171.05025                             27.937618        162.44502
              3       493.91658      0.58068612       1.3051219      -12.880193      0.95571205      0.99077392       1.0104964       1.0409779     0.022392722      0.11822224      0.06428792      0.99782551      0.99678288       1.0023661       3.8079051       20.189332   1.3176706e-13       9.0305054       68.005348      0.30544466      0.14125983      0.69447722      0.24586518      0.24719688       2.4441829       8.6358611      0.81094101      0.98337176      0.44818316      0.60286823       13.787089       147.54765       15.298093       634.96081      -8.1138445       -8.1138445       1004.0608          15.298093                 22.027799                        391.70749                          221.22552              163.5399                             27.636206        162.62584
             19       494.93995      0.58068612       1.3051219      -12.880193      0.95571205      0.99077392       1.0104964       1.0408539     0.022321278      0.11826589     0.063692541      0.99764335      0.99678288       1.0023661       3.8079051       20.189332   1.3176706e-13       9.0305054       67.889326      0.30642924      0.14123203      0.69349237      0.24583469      0.24716627       2.4570296       8.5967858      0.81128825      0.98463312      0.44909714      0.60361183        13.79819       147.61592       16.283871       634.01782      -8.0478131       -8.0478131       1005.9755          16.283871                 22.074098                        391.54517                          220.39856             165.84416                             26.777581        163.05208
              5        494.6718      0.58068612       1.3051219      -12.880193      0.95571205      0.99077392       1.0104964       1.0408448     0.022329167      0.11827852     0.064142374      0.99779453      0.99624741       1.0046037       3.8079051       20.189332   1.3176706e-13       9.0305054        67.88828      0.30648322      0.14125255       0.6934384      0.24583806      0.24716965       2.4556061       8.6384651      0.81128905      0.98464167      0.44913713        0.603639       13.797721       147.60372       16.388884       634.21097      -8.1029915       -8.1029915       1005.5496          16.388884                 22.014446                        391.69855                          220.49797             165.37715                             27.115875         162.4567
              1       494.97638      0.58068612       1.3051219      -12.880193      0.95571205      0.99077392       1.0104964       1.0408494     0.022327943      0.11836966     0.064162684      0.99696723      0.99624741       1.0046037       3.8079051       20.189332   1.3176706e-13       9.0305054       67.856352      0.30696697      0.14134247      0.69295457      0.24583754      0.24716913       2.4558268       8.6424194      0.81161175      0.98526503      0.44967024      0.60411725       13.798109       147.58088       16.934219       634.17121      -7.7563006       -7.7563006       1005.4654          16.934219                 22.101326                        391.74981                          220.32007             165.08432                             26.979933        162.29567
              7       496.02237      0.58068612       1.3051219      -12.880193      0.95571205      0.99077392       1.0104964        1.040851     0.022330156      0.11837002      0.06414408      0.99610335      0.99603047       1.0038788       3.8079051       20.189332   1.3176706e-13       9.0305054       67.858581      0.30695239      0.14134504      0.69296915      0.24583848      0.24717008       2.4554277       8.6400819       0.8116049      0.98524054      0.44965577      0.60410498        13.79784       147.57831       16.923286       635.47018      -7.2774057       -7.2774057       1006.5996          16.923286                 22.211133                        391.72494                          221.53411             164.91428                             26.970016        162.32179
              9       493.90222      0.58068612       1.3051219      -12.880193      0.95571205      0.99077392       1.0104964       1.0408377     0.022440438      0.11838233      0.06331368      0.99711294      0.99603047       1.0038788       3.8079051       20.189332   1.3176706e-13       9.0305054       67.940671      0.30647667      0.14146764      0.69344506       0.2458856      0.24721737       2.4356599       8.5328463      0.81116018       0.9841056        0.449061      0.60353989       13.787171       147.45162       16.825789       633.91702      -7.8253101       -7.8253101       1003.4551          16.825789                 22.188153                        391.34507                           220.3838             162.32621                             26.482179        163.90387
              1       494.21963      0.77562079       1.4059509      -12.871911      0.68776522      0.99077392       1.0104964       1.0408377     0.022440438      0.11838233      0.06331368      0.99802966      0.99940554        1.005657       5.9651421       25.465422   1.3430412e-13         4.87265       67.940671      0.30647667      0.14146764      0.69344506       0.2458856      0.24721737       2.4356599       8.5328463      0.81229867      0.98548683      0.44969127      0.60438698       13.787171       147.45162       16.825789       634.27412      -8.4010151       -8.4010151       1005.2413          16.825789                  22.01588                        391.35074                           220.9075             162.65141                             25.390105        166.09985
              6       494.06565      0.77562079       1.4059509      -12.871911      0.68776522      0.99077392       1.0104964       1.0408682     0.022461063      0.11853742       0.0624723      0.99880518       1.0004133       1.0045966       5.9651421       25.465422   1.3430412e-13         4.87265       67.912804      0.30710924      0.14164335      0.69281243      0.24589444      0.24722624       2.4319899       8.4492549      0.81277206      0.98626344      0.45041745        0.605051       13.784857        147.3873       17.619403       634.07277      -8.5973851       -8.5973851       1005.3261          17.619403                 21.986189                        391.08277                           221.0038             161.17208                             24.853483        167.60834
              3       496.14492      0.77562079       1.4059509      -12.871911      0.68776522      0.99102685       1.0105374       1.0411052     0.022460336      0.11820849     0.060971817       1.0002368      0.99941635       1.0010438       5.9651421       25.465422   1.3430412e-13         4.87265       68.108792      0.30463367       0.1413137      0.69528845      0.24589412      0.24722592       2.4321191       8.2980582      0.81185702      0.98373464      0.44809335      0.60314819       13.776415        147.4757       14.545712       635.02777      -8.7071076       -8.7071076       1009.7041          14.545712                 22.006704                        390.66156                          222.35951             163.75537                             24.709277        171.66592
              3       495.41639      0.77562079       1.4059509      -12.871911      0.68776522      0.99102685       1.0105374       1.0412535     0.022474833       0.1188125     0.061467505       1.0000615      0.99951363       1.0006531       5.9651421       25.465422   1.3430412e-13         4.87265       67.955881      0.30734548       0.1419322      0.69257629      0.24590034      0.24723216       2.4295443       8.3538742      0.81401188      0.98745479        0.451278      0.60609046       13.773156        147.2989       17.304832       635.76367      -8.7112913       -8.7112913       1008.2554          17.304832                 21.917668                        390.76197                          223.08403               161.547                             24.441234        169.19862
              7       497.91143      0.77562079       1.4059509      -12.871911      0.68776522      0.99102685       1.0105374       1.0412257     0.022580252       0.1188159     0.060409551      0.99960767       1.0019809       1.0058106       5.9651421       25.465422   1.3430412e-13         4.87265       68.032693      0.30688697      0.14204102      0.69303497      0.24594553      0.24727752       2.4109417       8.2255364      0.81354655      0.98633303      0.45068347      0.60551795       13.763375       147.18081        17.22334       637.22795      -8.6992794       -8.6992794       1013.2214           17.22334                 22.092427                        390.48269                          224.65283             161.89721                              24.23374        172.63918
              5       498.08159      0.77562079       1.4059509      -12.871911      0.68776522      0.99102685       1.0105374       1.0412301     0.022584367      0.11834535     0.062295094      0.99867536      0.99541203       1.0038126       5.9651421       25.465422   1.3430412e-13         4.87265        68.20468      0.30433854      0.14157459       0.6955838      0.24594729      0.24727929       2.4102197        8.399608      0.81190753      0.98310404      0.44790411      0.60303957       13.760793        147.3011        14.49423       636.34949      -8.5712202       -8.5712202       1013.3056           14.49423                 22.093345                        390.95512                          223.30102             167.79142                             25.425285        169.24519
              9       495.08982      0.77562079       1.4059509      -12.871911      0.68776522      0.99094547       1.0105825       1.0410473     0.022627826      0.11813573     0.064372753      0.99870187      0.99541203       1.0038126       5.9651421       25.465422   1.3430412e-13         4.87265       68.253921       0.3035429      0.14140843      0.69637955      0.24596587      0.24729793       2.4026144        8.584563      0.81082573      0.98143992      0.44672222      0.60184207       13.760949       147.30854       14.133913       637.61029      -8.5767816       -8.5767816       1007.3332          14.133913                 21.928503                        391.62736                          224.05443             161.75131                             26.991404        166.84628
              1       499.16734      0.77562079       1.4059509      -12.871911      0.68776522      0.98978046       1.0210316       1.0410257     0.022617909      0.11814337     0.064536401       0.9981897      0.99718399      0.99857235       5.9651421       25.465422   1.3430412e-13         4.87265       68.235702      0.30370012      0.14140615      0.69622229      0.24596164      0.24729368       2.4043469       8.6027109      0.81087554      0.98163124      0.44686535      0.60195696       13.762626       147.31752       14.274616       636.67429      -8.4494181       -8.4494181       1015.2335          14.274616                 21.970429                        391.69527                          223.00859              162.0648                             27.060016        175.15979
             21       496.42279      0.77562079       1.4059509      -12.871911      0.68776522       1.0019532       1.0112563       1.0410939     0.022533183      0.11756497     0.062915234      0.99898779       1.0002656       1.0016944       5.9651421       25.465422   1.3430412e-13         4.87265       68.395445      0.30086558      0.14074302      0.69905719      0.24592536      0.24725728       2.4192217       8.4575419      0.80928652      0.97856283      0.44390349       0.5993706        13.76655       147.56614        11.86053       635.52167      -8.6296283       -8.6296283       1010.1048           11.86053                  22.07983                        391.11284                          222.32899             162.44099                              26.73948        173.54218
              1       493.94242      0.77562079       1.4059509      -12.871911      0.68776522       1.0019532       1.0112563       1.0410687     0.022530566      0.11774107     0.061519695       1.0000464       1.0002656       1.0016944       5.9651421       25.465422   1.3430412e-13         4.87265       68.321676      0.30188729       0.1409165      0.69803531      0.24592424      0.24725615       2.4196832       8.3263412      0.80989308      0.97982481      0.44498985      0.60032841       13.768354       147.52201       12.527065       635.21692       -8.711421        -8.711421       1005.3077          12.527065                 22.054602                        390.71823                          222.44409             161.84531                             25.567238        170.15115
              4       494.21419      0.77562079       1.4059509      -12.871911      0.68776522       1.0019532       1.0112563       1.0411854     0.022360307      0.11775166     0.061382348       1.0017176       1.0000671       1.0048206       5.9651421       25.465422   1.3430412e-13         4.87265       68.216498       0.3024758      0.14075683      0.69744656      0.24585135      0.24718299        2.449999        8.354216      0.81077639      0.98164935      0.44590918      0.60127584       13.782061       147.70956       12.424366       635.26217      -8.4755779       -8.4755779       1005.3795          12.424366                 21.833285                        390.74806                          222.68083             166.22247                             25.316308        166.15422
              3       495.00403      0.78582841       1.5014427      -12.857664      0.66393545       1.0019532       1.0112563       1.0411854     0.022360307      0.11775166     0.061382348       1.0009372       1.0000671       1.0048206       6.1070069       31.728002   1.3878276e-13       4.6124901       68.216498       0.3024758      0.14075683      0.69744656      0.24585135      0.24718299        2.449999        8.354216      0.81199147      0.98312051      0.44657745      0.60217695       13.782061       147.70956       12.424366       639.11892      -8.5481982       -8.5481982       1007.1045          12.424366                 21.924562                        390.74806                           226.4463             167.15108                             24.490704        163.91939
              1       494.34872       0.8901345        1.502052      -12.841436      0.45968309       1.0019532       1.0112563       1.0411854     0.022360307      0.11775166     0.061382348       1.0032876       1.0000671       1.0048206       7.7648756       31.772547   1.4406673e-13       2.8819277       68.216498       0.3024758      0.14075683      0.69744656      0.24585135      0.24718299        2.449999        8.354216      0.81281054      0.98411221      0.44702792      0.60278438       13.782061       147.70956       12.424366       635.59299      -7.6751745       -7.6751745       1004.0478          12.424366                 21.642657                        390.76421                          223.18613             169.02473                             24.141289        162.86441
              5       492.99435       0.8901345        1.502052      -12.841436      0.45968309       1.0019532       1.0112563       1.0410577     0.022548396      0.11752501     0.062539688       1.0027176       1.0000671       1.0048206       7.7648756       31.772547   1.4406673e-13       2.8819277       68.410211      0.30068285      0.14071828      0.69923996      0.24593189      0.24726382        2.416541       8.4168899      0.81107828      0.98062352      0.44475117      0.60060637       13.765917       147.55984       11.815608       634.33747      -7.9490039       -7.9490039       1001.8867          11.815608                 21.670443                        390.97415                          221.69287             163.11292                             24.815225         167.8055
              4       493.64316       0.8901345        1.502052      -12.841436      0.45968309       1.0019532       1.0112563       1.0409406      0.02246482      0.11735825     0.061481341       1.0040474       1.0000681       1.0049148       7.7648756       31.772547   1.4406673e-13       2.8819277       68.361696      0.30057409      0.14046794       0.6993486      0.24589605      0.24722785       2.4313223       8.3312931      0.81075357       0.9805787      0.44449271      0.60031163       13.777072       147.69787       11.687979       633.44511      -7.2292906       -7.2292906       1001.7449          11.687979                 21.608218                        390.78052                          221.05637             167.83901                             24.492268        164.28053
              4       495.11632      0.89496028       1.4628786      -12.849611      0.44885496       1.0019532       1.0112563       1.0409406      0.02246482      0.11735825     0.061481341        1.002498       1.0028023      0.99640846       7.8516382       29.032107   1.4138037e-13       2.8109619       68.361696      0.30057409      0.14046794       0.6993486      0.24589605      0.24722785       2.4313223       8.3312931      0.81022051      0.97993398      0.44420046      0.59991693       13.777072       147.69787       11.687979       634.04101      -8.0753784       -8.0753784       1006.3834          11.687979                 21.728448                        390.75899                          221.55358             170.79117                             24.769756        165.09348
              3       491.39418      0.84535791       1.4229093       -12.86486      0.55522486       1.0019532       1.0112563       1.0409406      0.02246482      0.11735825     0.061481341       1.0026925       1.0026367       1.0052414       7.0041898       26.479472   1.3650224e-13       3.5910782       68.361696      0.30057409      0.14046794       0.6993486      0.24589605      0.24722785       2.4313223       8.3312931      0.81010018      0.97978845      0.44413449      0.59982783       13.777072       147.69787       11.687979       633.89835      -8.1021227       -8.1021227        998.9926          11.687979                 21.861834                        390.73586                          221.30065             163.72226                             24.781685        164.90233
              3       494.39828      0.84535791       1.4229093       -12.86486      0.55522486       1.0019532       1.0112563       1.0407079     0.022306018      0.11732925     0.059896562       1.0050403        1.002643       1.0049372       7.0041898       26.479472   1.3650224e-13       3.5910782       68.163183      0.30192318      0.14028014      0.69799906      0.24582817      0.24715973       2.4597869       8.2132488        0.810489      0.98168509      0.44534374      0.60078799       13.799887       147.88373        12.37824       633.58175      -6.6497417       -6.6497417       1002.0961           12.37824                 21.688411                        390.44862                          221.44472             170.31645                             24.226564        161.59305
              1       494.62829      0.84535791       1.4229093       -12.86486      0.55522486       1.0019532       1.0112563       1.0407058     0.022309202      0.11817531     0.059120795       1.0035046        1.002643       1.0049372       7.0041898       26.479472   1.3650224e-13       3.5910782       67.862032      0.30645289      0.14112938      0.69346866      0.24582953       0.2471611       2.4592112       8.1505748      0.81341647      0.98741458      0.45029262      0.60520693       13.803437       147.65366       16.498046        635.5528      -7.6994715       -7.6994715       1004.6555          16.498046                  21.82783                        390.35987                           223.3651             167.31998                             24.069192         161.2155
              8       494.83537      0.83333612       1.1110496      -12.927931      0.47010866       1.0019532       1.0112563       1.0407058     0.022309202      0.11817531     0.059120795       1.0045536       1.0036419       1.0082517       6.8129644       12.913666   1.1805071e-13       2.9519477       67.862032      0.30645289      0.14112938      0.69346866      0.24582953       0.2471611       2.4592112       8.1505748      0.81300602      0.98691632      0.45006539      0.60490154       13.803437       147.65366       16.498046       632.80121       -7.030997        -7.030997       1003.7327          16.498046                 21.587864                        390.34121                          220.87213             168.87017                             23.974484        161.58882
              2        494.6153      0.83333612       1.1110496      -12.927931      0.47010866       1.0019532       1.0112563       1.0406874     0.022315669      0.11815852     0.059090251       1.0037678       1.0036419       1.0082517       6.8129644       12.913666   1.1805071e-13       2.9519477        67.86718      0.30638397      0.14111905      0.69353759      0.24583229      0.24716387       2.4580426       8.1456978      0.81290326      0.98675416      0.44995791      0.60479108       13.803261       147.65092       16.473616        633.3838      -7.5540735       -7.5540735       1004.3388          16.473616                 21.678808                        390.34121                          221.36377             168.83817                             23.987044        161.65613
             13       494.53657      0.83333612       1.1110496      -12.927931      0.47010866       1.0019532       1.0112563       1.0406516     0.022350084      0.11806928     0.059885713       1.0039754       1.0036419       1.0082517       6.8129644       12.913666   1.1805071e-13       2.9519477       67.915339      0.30583075      0.14106423      0.69409093      0.24584698      0.24717861       2.4518376        8.214485       0.8124127      0.98580897       0.4492802      0.60415307       13.800465        147.6362       16.041513       632.38543      -7.4254654       -7.4254654       1003.9241          16.041513                 21.604433                        390.44933                          220.33166             168.82139                             24.015781        162.65996
              9       493.30144      0.83333612       1.1110496      -12.927931      0.47010866       1.0019532       1.0112563       1.0406067     0.022421764      0.11801335     0.058821752       1.0054929       1.0044761       1.0007972       6.8129644       12.913666   1.1805071e-13       2.9519477       67.979266      0.30528992      0.14107998      0.69463191       0.2458776      0.24720934         2.43899       8.0915899      0.81186835      0.98468512        0.448582      0.60348117       13.794332       147.57089        15.78821         632.354      -6.2759881       -6.2759881       999.15486           15.78821                 21.550375                        390.29836                          220.50527             164.00247                             24.118669        162.89151
              1        493.7513      0.83333612       1.1110496      -12.927931      0.47010866       1.0019532       1.0112563       1.0407808     0.022458848      0.11818468     0.059854088       1.0049667       1.0044761       1.0007972       6.8129644       12.913666   1.1805071e-13       2.9519477        68.00715      0.30549025       0.1412884      0.69443164      0.24589349      0.24722528       2.4323836       8.1878988      0.81245855      0.98519892      0.44905536      0.60401893       13.786147       147.48376       15.874562       635.30649      -6.7163193       -6.7163193       1000.9352          15.874562                 21.518036                        390.44111                          223.34735             161.43506                             24.059621        164.25951
              3       492.16254      0.76504934       1.5407988      -12.920795      0.82095824       1.0019532       1.0112563       1.0407808     0.022458848      0.11818468     0.059854088       1.0025013        1.004447        1.000547       5.8216935       34.737518   1.2000652e-13       6.6215283        68.00715      0.30549025       0.1412884      0.69443164      0.24589349      0.24722528       2.4323836       8.1878988      0.81317089      0.98606271      0.44944909      0.60454852       13.786147       147.48376       15.874562       635.15903      -7.9238603       -7.9238603       1000.1728          15.874562                 21.193018                        390.44338                          223.52263             159.85983                             23.956304        165.32307
             18       493.16814      0.76504934       1.5407988      -12.920795      0.82095824       1.0019532       1.0112563       1.0407843     0.022471286      0.11799449     0.061185184       1.0022396        1.004447        1.000547       5.8216935       34.737518   1.2000652e-13       6.6215283       68.086451       0.3043956      0.14111064      0.69552647      0.24589882      0.24723064       2.4301739       8.3118676      0.81246021      0.98462703      0.44825102      0.60347835       13.783948       147.52055       14.786681       635.45221      -8.0231224       -8.0231224       1002.3825          14.786681                 21.140147                        390.67011                          223.64196             160.75571                             24.266942        167.12099
              1       495.19745      0.76504934       1.5407988      -12.920795      0.82095824       1.0019532       1.0112563       1.0405116     0.022533399        0.117991     0.059578461       1.0014062        1.004447        1.000547       5.8216935       34.737518   1.2000652e-13       6.6215283       68.047417      0.30487154      0.14116927      0.69505044      0.24592546      0.24725737       2.4191836       8.1394954      0.81193198      0.98426904      0.44830965      0.60332159       13.785819       147.45217       15.895426       638.14843      -8.2661894       -8.2661894       1006.9273          15.895426                 21.344201                        390.39488                          226.40935             161.91668                             24.082685        166.88406
              2       497.09885       0.8412129       0.6834144      -13.038981      0.50448402       1.0019532       1.0112563       1.0405116     0.022533399        0.117991     0.059578461        1.000418       1.0023862        1.004164       6.9376582       4.8240788   9.1415408e-14       3.1950968       68.047417      0.30487154      0.14116927      0.69505044      0.24592546      0.24725737       2.4191836       8.1394954      0.80873613      0.98039485      0.44654505      0.60094685       13.785819       147.45217       15.895426       634.11495      -7.9445621       -7.9445621       1010.0868          15.895426                 22.238968                        390.34381                          221.53217                165.09                             25.061148        169.92531
              3       494.63687       0.8412129       0.6834144      -13.038981      0.50448402       1.0019532       1.0112563       1.0405479     0.022511104      0.11827394     0.057465827       1.0019881       1.0027341       1.0033597       6.9376582       4.8240788   9.1415408e-14       3.1950968       67.940338      0.30639796      0.14142991      0.69352378      0.24591589      0.24724777         2.42312        7.940855      0.80984363      0.98251076      0.44827457      0.60252162       13.788231       147.40164       17.511665       634.44411      -7.6423283       -7.6423283       1004.5584          17.511665                 22.205285                        390.15417                          222.08466             162.58373                             24.303407        165.71548
             11       495.17045       0.8412129       0.6834144      -13.038981      0.50448402       1.0019532       1.0112563       1.0406989     0.022613664      0.11817362     0.056591786       1.0024346       1.0027341       1.0033597       6.9376582       4.8240788   9.1415408e-14       3.1950968       68.111541      0.30486442      0.14143215      0.69505771      0.24595982      0.24729186        2.405089       7.8293543      0.80919185      0.98048543      0.44679146      0.60128197       13.772939       147.31442       15.891275        637.0098      -7.4843709       -7.4843709       1005.3096          15.891275                 22.281593                        390.08528                          224.64293             161.26465                             24.391756        166.75215
             15       494.62133       0.8412605      0.68136332      -13.039533      0.50448113       1.0017183       1.0102721       1.0406989     0.022613664      0.11817362     0.056591786       1.0048707       1.0027079       1.0032531       6.9384187       4.8013495   9.1299223e-14       3.1950756       68.111541      0.30486442      0.14143215      0.69505771      0.24595982      0.24729186        2.405089       7.8293543      0.80915975      0.98044654      0.44677374      0.60125812       13.772939       147.31442       15.891275       633.99326      -6.0547188       -6.0547188       1001.3521          15.891275                 21.981689                        390.07676                          221.93481             161.23819                             24.397208        165.83217
             22       494.51864       0.8412605      0.68136332      -13.039533      0.50448113       1.0017183       1.0102721       1.0407428     0.022603033      0.11825795      0.05554748         1.00456       1.0026383       1.0042507       6.9384187       4.8013495   9.1299223e-14       3.1950756       68.087467        0.305239      0.14150585      0.69468307      0.24595528       0.2472873        2.406949       7.7288403      0.80953736      0.98107748      0.44725676       0.6017234       13.773069       147.30378       16.194183       633.87003      -6.2891373       -6.2891373       1001.6155          16.194183                 22.105634                        390.13686                          221.62754             162.40549                              24.33919        164.80666
             11       496.37344      0.84037225      0.67535399      -13.041459      0.50666344       1.0017183       1.0102721       1.0407428     0.022603033      0.11825795      0.05554748       1.0059654       1.0026383       1.0042507       6.9242422       4.7353708   9.0895188e-14       3.2111711       68.087467        0.305239      0.14150585      0.69468307      0.24595528       0.2472873        2.406949       7.7288403      0.80910992      0.98055947       0.4470206      0.60140569       13.773069       147.30378       16.194183       635.45453      -5.0879119       -5.0879119       1002.9227          16.194183                 21.886242                        390.15469                          223.41359               161.767                             24.346429        165.16057
              2       494.79442      0.84037225      0.67535399      -13.041459      0.50666344       1.0017183       1.0102721       1.0407407     0.022603029      0.11826679     0.055574507       1.0050305       1.0026032       1.0045736       6.9242422       4.7353708   9.0895188e-14       3.2111711        68.08362      0.30529257      0.14151469      0.69462949      0.24595528       0.2472873       2.4069498       7.7316885       0.8091386      0.98062193      0.44707567      0.60145339        13.77317       147.30144       16.257167       633.74064      -5.9103723       -5.9103723       1001.4096          16.257167                 21.992088                        390.13686                          221.61169             161.88352                              24.34378        165.18448
              8       494.85151      0.80193972      0.68805529      -13.037728         0.55827       1.0017183       1.0102721       1.0407407     0.022603029      0.11826679     0.055574507       1.0039678       1.0024478       1.0059235       6.3378174       4.8759057   9.1679381e-14       3.6163462        68.08362      0.30529257      0.14151469      0.69462949      0.24595528       0.2472873       2.4069498       7.7316885      0.80833552      0.97964865      0.44663194      0.60085644        13.77317       147.30144       16.257167       633.64105      -6.7387945       -6.7387945       1003.1806          16.257167                 22.041575                        390.12726                          221.47221             162.57818                             24.515646        166.18857
              2       494.45797      0.80193972      0.68805529      -13.037728         0.55827       1.0017183       1.0102721       1.0404873     0.022527589      0.11792016     0.055328641       1.0039063       1.0029764       1.0044509       6.3378174       4.8759057   9.1679381e-14       3.6163462       68.059756      0.30459552      0.14109262      0.69532649      0.24592296      0.24725487       2.4202084       7.7176399      0.80723589      0.97848747      0.44551488      0.59969626       13.786817       147.47759       15.615363       632.41399      -6.7775023       -6.7775023       1002.4709          15.615363                 22.083847                        390.11985                          220.21029             165.32752                             24.571041        164.54303
             10       494.61447      0.80193972      0.68805529      -13.037728         0.55827       1.0017183       1.0102721       1.0405187     0.022521112      0.11780186     0.055825351       1.0027047       1.0038526       1.0029772       6.3378174       4.8759057   9.1679381e-14       3.6163462       68.107267      0.30390169      0.14096783      0.69602042      0.24592019      0.24725208       2.4213518       7.7670684      0.80688182      0.97771708      0.44481199      0.59909157       13.786002       147.51633       14.840898       634.61403      -7.4130093       -7.4130093        1004.055          14.840898                 22.199114                        390.11278                          222.30214             165.08674                             24.758238        164.75505
              3       494.99745      0.80193972      0.68805529      -13.037728         0.55827       1.0017183       1.0102721        1.040672     0.022415889      0.11752944     0.057438147       1.0021744       1.0038526       1.0029772       6.3378174       4.8759057   9.1679381e-14       3.6163462       68.169578      0.30253374      0.14059019      0.69738852      0.24587509      0.24720682       2.4400392       7.9476968      0.80652719      0.97684062      0.44361469      0.59815325       13.790802        147.7068         13.1292       633.08991      -7.6200325       -7.6200325        1005.235            13.1292                 22.128684                        390.12828                          220.83294              169.1296                             25.561281        164.32498
              8        495.4145      0.80193972      0.68805529      -13.037728         0.55827       1.0017183       1.0102721        1.040724     0.022488426      0.11704052     0.057611719        1.003031       1.0034098       1.0007866       6.3378174       4.8759057   9.1679381e-14       3.6163462       68.422837      0.29940891      0.14017381      0.70051392      0.24590617      0.24723801       2.4271338       7.9402612      0.80454508      0.97263488      0.44023315      0.59513647       13.779708       147.75666       11.303178       632.95152      -7.2632973       -7.2632973       1005.3556          11.303178                 22.093188                        390.11024                          220.74809             168.98546                             26.527162        165.58829
              6       496.06356      0.80193972      0.68805529      -13.037728         0.55827       1.0017183       1.0102721       1.0405102     0.022380262      0.11724126     0.056918832       1.0047053       1.0023318       1.0037469       6.3378174       4.8759057   9.1679381e-14       3.6163462       68.189533      0.30166031      0.14026639      0.69826199      0.24585986      0.24719154       2.4464161       7.8989652      0.80553457      0.97549562      0.44242868      0.59698542       13.797917       147.82401       12.566041       631.80079      -6.2270493       -6.2270493       1004.5812          12.566041                 21.894126                        390.15564                          219.75102             171.20698                             25.504192        163.50322
              3       500.71874      0.80193972      0.68805529      -13.037728         0.55827       1.0017183       1.0102721       1.0404176      0.02228405      0.11737265     0.057404334       1.0021407      0.99970278       1.0029692       6.3378174       4.8759057   9.1679381e-14       3.6163462       68.032135      0.30313377      0.14030157      0.69678817      0.24581878       0.2471503       2.4637643       7.9715559      0.80633028      0.97758812      0.44394598      0.59830351       13.810988       147.89687       13.537803        635.6893      -7.6316389       -7.6316389       1016.7008          13.537803                 22.109976                        390.16806                          223.41127             178.84124                             25.357723        163.27469
             20        499.7601      0.83604281      0.69536103      -13.041748      0.48663053       1.0017183       1.0102721       1.0404176      0.02228405      0.11737265     0.057404334       1.0040143      0.99970278       1.0029692       6.8555581       4.9586223   9.0834651e-14       3.0664122       68.032135      0.30313377      0.14030157      0.69678817      0.24581878       0.2471503       2.4637643       7.9715559      0.80619914      0.97742914      0.44387378      0.59820621       13.810988       147.89687       13.537803       632.37592       -6.663663        -6.663663       1012.8475          13.537803                 21.667011                        390.14991                          220.55901             177.49405                             25.596019        163.84373
              8       494.71059      0.83604281      0.69536103      -13.041748      0.48663053      0.99785606       1.0080486       1.0404892     0.022319687      0.11845885     0.058743168       1.0001889       0.9997272       1.0020606       6.8555581       4.9586223   9.0834651e-14       3.0664122       67.697169      0.30858888       0.1414234      0.69133229      0.24583401      0.24716559       2.4573169       8.1151015      0.80984978      0.98428126      0.44987784      0.60360042       13.810112       147.56616       19.632792       631.56345      -7.9499655       -7.9499655       1005.3211          19.632792                 21.863215                        390.32273                          219.37751             167.52884                             25.066519        161.52951
              5       496.22722      0.83757369      0.69650697      -13.041268      0.48416459      0.99785606       1.0080486       1.0404892     0.022319687      0.11845885     0.058743168       1.0022172      0.99968877       1.0024273       6.8797663       4.9717235   9.0935144e-14       3.0490503       67.697169      0.30858888       0.1414234      0.69133229      0.24583401      0.24716559       2.4573169       8.1151015      0.81001823      0.98448599      0.44997142      0.60372597       13.810112       147.56616       19.632792       634.05487      -7.5620043       -7.5620043       1007.5784          19.632792                 21.651677                        390.31283                          222.09036              167.4727                             24.932011        161.48607
              3         497.245      0.83757369      0.69650697      -13.041268      0.48416459      0.99785606       1.0080486       1.0405725     0.022308726      0.11821144     0.059116247       1.0027861      0.99970751       1.0024694       6.8797663       4.9717235   9.0935144e-14       3.0490503       67.804087      0.30705444      0.14116503      0.69286697      0.24582933      0.24716089       2.4592973       8.1505975      0.80929443      0.98283048      0.44845022      0.60243528       13.807635       147.64443       17.428525       636.74768      -7.3343009       -7.3343009       1009.1586          17.428525                 21.587984                        390.36929                          224.79041             168.10271                             25.442127        161.43756
              5        495.1284      0.84452779      0.70433529      -13.037531      0.46792252      0.99785606       1.0080486       1.0405725     0.022308726      0.11821144     0.059116247       1.0024541      0.99970751       1.0024694       6.9908147       5.0621532   9.1721003e-14       2.9371256       67.804087      0.30705444      0.14116503      0.69286697      0.24582933      0.24716089       2.4592973       8.1505975      0.81082605      0.98469052      0.44929893      0.60357541       13.807635       147.64443       17.428525       631.80434      -7.4925787       -7.4925787        1005.242          17.428525                 21.786622                        390.37047                          219.64725             169.85807                               24.3567        161.79433
              4       492.75176      0.84452779      0.70433529      -13.037531      0.46792252      0.99785606       1.0080486       1.0406177     0.022435311      0.11866488     0.061223763      0.99938821      0.99970751       1.0024694       6.9908147       5.0621532   9.1721003e-14       2.9371256       67.762316      0.30869632      0.14174506        0.691225       0.2458834      0.24721516       2.4365735       8.3357357      0.81187567      0.98626906      0.45108175      0.60516303       13.795497       147.38214       20.082732       632.61367      -7.9444482       -7.9444482       1001.3924          20.082732                 21.930692                        390.75117                          219.93181             161.52977                             24.852344         162.3139
              7       497.44542      0.84452779      0.70433529      -13.037531      0.46792252       1.0002228       1.0088006       1.0406144     0.022404041      0.11902458     0.060143753        1.000777      0.99987503        1.008362       6.9908147       5.0621532   9.1721003e-14       2.9371256        67.60815      0.31082429      0.14207349      0.68909667      0.24587002      0.24720173        2.442157       8.2435879      0.81323287      0.98904351      0.45339048      0.60721663       13.800299       147.32144       23.164065       633.46975       -7.926099        -7.926099        1010.743          23.164065                 21.814178                        390.58379                          221.07178             166.22976                             24.179147        163.70032
              3       495.84256      0.78166027      0.75925398      -13.016662      0.57610233       1.0002228       1.0088006       1.0406144     0.022404041      0.11902458     0.060143753       1.0018665      0.99987503        1.008362       6.0486752        5.744523   9.6236117e-14       3.7679257        67.60815      0.31082429      0.14207349      0.68909667      0.24587002      0.24720173        2.442157       8.2435879      0.81462101      0.99073175      0.45416439      0.60825312       13.800299       147.32144       23.164065       632.37813      -7.9222526       -7.9222526       1007.5296          23.164065                 22.073704                        390.50147                          219.80296              166.6137                             23.949672        161.42406
              4       494.74529      0.78166027      0.75925398      -13.016662      0.57610233      0.99747787       1.0078719        1.040572     0.022451273      0.11887878     0.061401926       1.0021878       1.0019233      0.99893437       6.0486752        5.744523   9.6236117e-14       3.7679257       67.684441      0.30990882      0.14197492      0.69001232      0.24589024      0.24722203       2.4337308       8.3529842      0.81388225      0.98927527      0.45308381      0.60725355       13.796174       147.30753       22.062968       634.41855      -7.8180259       -7.8180259       1005.1266          22.062968                 21.946925                        390.79189                          221.67973             163.01011                             24.034263        161.60074
              3       496.04176      0.78166027      0.75925398      -13.016662      0.57610233      0.99747787       1.0078719       1.0406113     0.022413113      0.11887732     0.060844694       1.0008576       1.0011457       1.0092116       6.0486752        5.744523   9.6236117e-14       3.7679257       67.666636      0.30998541       0.1419353      0.68993569       0.2458739      0.24720563       2.4405351       8.3076911      0.81407735      0.98964259      0.45324842      0.60743664       13.798845       147.35043       21.894091       632.88939      -8.1421185       -8.1421185       1008.3678          21.894091                 22.152017                        390.71115                          220.02622             168.24433                             23.968573        161.37138
             10       494.39744      0.78166027      0.75925398      -13.016662      0.57610233      0.99747787       1.0078719        1.041145     0.022537698      0.11785429     0.061726572       1.0018105       1.0011457       1.0092116       6.0486752        5.744523   9.6236117e-14       3.7679257       68.312666      0.30222484      0.14103686      0.69769775       0.2459273      0.24725922       2.4184256       8.3468591      0.81049171      0.98061371      0.44556765      0.60094001       13.765867       147.48385       12.705615       634.61065      -7.9387141       -7.9387141       1004.6723          12.705615                 22.147853                        390.80564                          221.65715             168.86247                             25.243619        163.24995
              1       493.16079      0.78166027      0.75925398      -13.016662      0.57610233      0.99747787       1.0078719       1.0411394     0.022551425      0.11791503     0.061681418      0.99979839       0.9992533       1.0013062       6.0486752        5.744523   9.6236117e-14       3.7679257       68.300411      0.30249293      0.14111132      0.69742963      0.24593318      0.24726513       2.4160078       8.3402675      0.81063914      0.98088007      0.44584631      0.60118256       13.764923       147.45235       12.942853       637.73433      -8.1977057       -8.1977057        1002.717          12.942853                 22.402009                        390.80174                          224.53058             163.45435                             25.169107        163.41635
              8       492.90295      0.78166027      0.75925398      -13.016662      0.57610233      0.99747787       1.0078719       1.0408521     0.022514131      0.11801195     0.064195536       1.0005178       0.9992533       1.0013062       6.0486752        5.744523   9.6236117e-14       3.7679257       68.138369       0.3040618      0.14117095      0.69586039      0.24591719      0.24724908       2.4225849       8.5928497      0.81087967       0.9823371      0.44713364      0.60213917       13.777683       147.46823       14.512299       636.20059      -8.1795094       -8.1795094       1002.1649          14.512299                  22.03468                        391.60254                          222.56337             161.93088                             26.099263        163.42188
             11       491.84242      0.78166027      0.75925398      -13.016662      0.57610233      0.99747787       1.0078719       1.0407723     0.022475649      0.11809641     0.061048174        1.002138       1.0002591       1.0071329       6.0486752        5.744523   9.6236117e-14       3.7679257       68.049631      0.30495461      0.14121692      0.69496738      0.24590069      0.24723251       2.4293995       8.2992389      0.81126983      0.98345035      0.44800507      0.60287063       13.784319       147.48852       15.380431       632.43125      -7.8352783       -7.8352783       999.35539          15.380431                  22.10263                        390.67674                          219.65188             164.65693                             24.486925        162.39986
              6       492.41356      0.78166027      0.75925398      -13.016662      0.57610233      0.99747787       1.0078719       1.0407652     0.022563734      0.11773005     0.062463277       1.0007646       1.0002591       1.0071329       6.0486752        5.744523   9.6236117e-14       3.7679257       68.250976      0.30256061      0.14093865      0.69736183      0.24593846      0.24727042       2.4138427       8.4089296      0.80960493      0.97998338      0.44532732      0.60044916       13.774024       147.48798       13.448889       633.62746      -8.1541871       -8.1541871       1001.1355          13.448889                 22.209485                        391.03634                          220.38164             164.98054                             25.518401        163.56021
              5       491.55745      0.78166027      0.75925398      -13.016662      0.57610233      0.99747787       1.0078719       1.0407723     0.022528908      0.11773319     0.061921672       1.0026103       1.0018765       1.0023945       6.0486752        5.744523   9.6236117e-14       3.7679257        68.22347      0.30273656      0.14090697      0.69718582      0.24592353      0.24725544       2.4199757       8.3649939      0.80977418      0.98038582      0.44554991      0.60066198       13.777334         147.526       13.486711       633.84765      -7.6558477       -7.6558477        998.4266          13.486711                 22.025068                        390.86987                          220.95272             162.81917                             25.213786        163.05928
             19       490.87374      0.78569028      0.68306248      -13.038088      0.55735381      0.99748183       1.0078723       1.0407723     0.022528908      0.11773319     0.061921672        1.001318       1.0018765       1.0023945       6.1050648       4.8201713   9.1603528e-14       3.6087251        68.22347      0.30273656      0.14090697      0.69718582      0.24592353      0.24725544       2.4199757       8.3649939      0.80993834      0.98058458      0.44564023      0.60078375       13.777334         147.526       13.486711       633.24467      -7.8479748       -7.8479748       997.44342          13.486711                 22.172254                        390.85495                          220.21746             162.48664                             25.105319        163.12009
              2        491.1626      0.78569028      0.68306248      -13.038088      0.55735381      0.99748183       1.0078723       1.0409581     0.022425846      0.11815492     0.061903953       1.0017871       1.0018765       1.0023945       6.1050648       4.8201713   9.1603528e-14       3.6087251       68.050017      0.30496995      0.14122563      0.69495203      0.24587935       0.2472111       2.4382615       8.3959367      0.81201951      0.98435635      0.44843034      0.60343532       13.784047       147.52863       14.958579       633.39819       -7.731431        -7.731431       997.78807          14.958579                 22.046265                        390.89295                          220.45898             163.26047                             24.626852        161.54398
             34       491.78497      0.78569028      0.68306248      -13.038088      0.55735381      0.99748183       1.0078723       1.0409908     0.022446398      0.11818873     0.060577779       1.0011782       1.0017779       1.0024737       6.1050648       4.8201713   9.1603528e-14       3.6087251       68.065926      0.30494475         0.14128      0.69497728      0.24588815      0.24721993       2.4345985       8.2622867      0.81207803      0.98431223      0.44844413      0.60346634       13.781146       147.49674       14.955842       635.50902      -7.8758987       -7.8758987       999.32174          14.955842                 22.248493                        390.54662                          222.71391             162.08844                             24.281262        162.48717
              6       492.42184      0.78569028      0.68306248      -13.038088      0.55735381      0.99748183       1.0078723       1.0409902     0.022457741      0.11791484     0.060404243       1.0014418       1.0017779       1.0024737       6.1050648       4.8201713   9.1603528e-14       3.6087251       68.172907      0.30342351      0.14101745      0.69649876      0.24589301      0.24722481       2.4325804       8.2378275      0.81107743      0.98232775      0.44677301      0.60196969       13.778807       147.55691       13.599372       636.38972      -7.8206291       -7.8206291       1000.4849          13.599372                 22.271344                        390.48648                           223.6319             162.91789                             24.453421        163.12454
              8       491.31536      0.78569028      0.68306248      -13.038088      0.55735381      0.99748183       1.0078723       1.0407973     0.022442853      0.11783019     0.062395746       1.0017315       1.0017779       1.0024737       6.1050648       4.8201713   9.1603528e-14       3.6087251         68.1261      0.30362613      0.14091791      0.69629603      0.24588663      0.24721841       2.4352297       8.4334334      0.81067296       0.9821751      0.44669928      0.60176991       13.785692       147.59616       13.965079       632.91056      -7.7470839       -7.7470839       998.12489          13.965079                 22.045311                        391.07949                          219.78576             164.27418                             25.085788        161.88928
              1       491.56577      0.78569028      0.68306248      -13.038088      0.55735381      0.99748183       1.0078723       1.0407996     0.022440578      0.11801197     0.062346975       1.0013263       1.0000489       1.0002081       6.1050648       4.8201713   9.1603528e-14       3.6087251        68.06002      0.30460351      0.14109741       0.6953185      0.24588566      0.24721743       2.4356349       8.4325237       0.8113166      0.98343197      0.44777291      0.60273178       13.786662       147.55016       14.867199       632.78771      -7.8462103       -7.8462103       998.82396          14.867199                 22.074713                        391.07348                          219.63951             164.57823                             24.869324         161.7215
              7       491.90684      0.78569028      0.68306248      -13.038088      0.55735381      0.99748183       1.0078723       1.0407534     0.022472594      0.11801984      0.06156216       1.0014775       1.0000489       1.0002081       6.1050648       4.8201713   9.1603528e-14       3.6087251       68.068121      0.30461709       0.1411373      0.69530494      0.24589938       0.2472312       2.4299416       8.3486435      0.81116388      0.98318835       0.4476986      0.60262504        13.78485       147.51238        15.05279        632.6841      -7.8123067       -7.8123067        999.4383           15.05279                 22.133255                        390.78767                          219.76317              164.7842                             24.605816        162.31139
              1       491.05531      0.78569028      0.68306248      -13.038088      0.55735381      0.99748183       1.0078723        1.040752     0.022460624      0.11806029     0.061672835       1.0022712       1.0003955       1.0026254       6.1050648       4.8201713   9.1603528e-14       3.6087251       68.043319      0.30490073      0.14116578      0.69502124      0.24589425      0.24722605        2.432068       8.3629956      0.81135473      0.98359889      0.44801237      0.60290709       13.786279       147.51498       15.301223       632.64673      -7.5742858       -7.5742858       997.25919          15.301223                 22.018514                        390.83126                          219.79696             162.61814                              24.58874        162.10435
              9       491.13542      0.78569028      0.68306248      -13.038088      0.55735381      0.99748183       1.0078723        1.040749     0.022457974      0.11807338     0.061233914       1.0017256       1.0003955       1.0026254       6.1050648       4.8201713   9.1603528e-14       3.6087251       68.035456      0.30499377      0.14117622      0.69492818      0.24589311      0.24722491       2.4325391       8.3211208       0.8114092      0.98372176       0.4481108      0.60299355       13.786694       147.51446       15.392241        632.5809      -7.7487307       -7.7487307       997.76831          15.392241                 22.122618                        390.71482                          219.74346             163.04836                             24.454393        162.29242
              2       493.67399      0.78569028      0.68306248      -13.038088      0.55735381      0.99541106       1.0085827       1.0407696     0.022427468      0.11878552     0.061224386       1.0014163       1.0018267      0.99853962       6.1050648       4.8201713   9.1603528e-14       3.6087251          67.764      0.30892661      0.14185785      0.69099472      0.24588004      0.24721179       2.4379722       8.3401021      0.81401148      0.98885135      0.45243708      0.60686817       13.792269       147.35881       20.067114       632.77414      -7.8264766       -7.8264766       1003.0009          20.067114                 22.062305                        390.72755                          219.98428             163.40793                             24.014047        162.73769
              4        493.6213      0.78569028      0.68306248      -13.038088      0.55735381      0.99541106       1.0085827       1.0407389     0.022413641      0.11870823     0.061649184       1.0013099       1.0021156      0.99876269       6.1050648       4.8201713   9.1603528e-14       3.6087251       67.769678      0.30867645      0.14176674      0.69124488      0.24587413      0.24720585       2.4404409       8.3834878      0.81377775      0.98852601        0.452124      0.60657106       13.794248       147.39476       19.710138       632.72599      -7.8496819       -7.8496819        1002.942          19.710138                 22.040818                         390.8704                          219.81478             164.10559                             24.090522        162.30971
             14       494.66884      0.78569028      0.68306248      -13.038088      0.55735381      0.99541106       1.0085827       1.0405354     0.022493132      0.11889717     0.061905689       1.0006763       1.0021156      0.99876269       6.1050648       4.8201713   9.1603528e-14       3.6087251        67.70023      0.30989573      0.14203517      0.69002544      0.24590819      0.24724004          2.4263       8.3922463      0.81389516       0.9891756      0.45308143      0.60725677       13.793123       147.25606       22.346894        633.4646      -7.9503556       -7.9503556       1005.2384          22.346894                 22.077639                        390.93399                          220.45296             162.56252                             24.080651        162.78374
              9       497.60385      0.78569028      0.68306248      -13.038088      0.55735381       1.0001131       1.0029846       1.0404056     0.022567527      0.11910609     0.061531753      0.99974962       1.0021156      0.99876269       6.1050648       4.8201713   9.1603528e-14       3.6087251       67.644423      0.31102646      0.14231849      0.68889459      0.24594008      0.24727205        2.413176        8.341464      0.81416979      0.98991746      0.45406042      0.60801503       13.790386       147.11806       24.934727        635.7867      -7.9819273       -7.9819273       1011.1716          24.934727                 22.210918                        390.82221                          222.75357             161.60393                             24.040847        164.80536
              5       499.79932      0.78569028      0.68306248      -13.038088      0.55735381       1.0001131       1.0029846       1.0404198     0.022541083      0.11908661     0.061524582       1.0001726      0.99815966      0.99848151       6.1050648       4.8201713   9.1603528e-14       3.6087251       67.634172      0.31102033      0.14227256      0.68890069      0.24592875      0.24726068        2.417829       8.3467712      0.81422914      0.99006465      0.45408905      0.60805636       13.792551       147.15256       24.733885       634.77204      -7.9845578       -7.9845578       1015.5678          24.733885                 22.155806                        390.83369                          221.78254             167.64015                             24.024862        164.39682
              7       498.40779      0.78569028      0.68306248      -13.038088      0.55735381       1.0001131       1.0029846       1.0403968     0.022557011      0.11883432      0.06279806      0.99954221      0.99815966      0.99848151       6.1050648       4.8201713   9.1603528e-14       3.6087251       67.728753      0.30963702       0.1420362      0.69028422      0.24593558      0.24726753       2.4150249       8.4619263      0.81327894      0.98821852      0.45254937      0.60667032        13.79055       147.20171       22.596475       634.74845      -7.9701768       -7.9701768       1012.7559          22.596475                 22.149487                        391.20313                          221.39583             165.51482                             24.301934        165.59425
              3       499.56011      0.78569028      0.68306248      -13.038088      0.55735381       1.0001131       1.0029846       1.0402784     0.022535029      0.11891522     0.063142528       1.0001872      0.99814002       1.0055855       6.1050648       4.8201713   9.1603528e-14       3.6087251       67.642308      0.31055772      0.14209512      0.68936333      0.24592616      0.24725807       2.4188961       8.5017566      0.81353917      0.98916618      0.45336671      0.60731506       13.796658       147.20471       24.257382       635.87565      -7.9841388       -7.9841388       1015.0885          24.257382                 22.016793                        391.33803                          222.52083             164.76924                             24.274388        165.91183
              1       499.79681      0.78569028      0.68306248      -13.038088      0.55735381       1.0001131       1.0029846       1.0402967     0.022555124      0.11889544     0.062213352      0.99887404      0.99814002       1.0055855       6.1050648       4.8201713   9.1603528e-14       3.6087251       67.672012      0.31028583      0.14209543      0.68963528      0.24593477      0.24726672       2.4153569       8.4066939      0.81340347      0.98878411      0.45309262      0.60708081       13.793998       147.18764       23.873418       636.47449      -7.8855187       -7.8855187       1015.3647          23.873418                 22.274296                        391.05975                          223.14045             165.49348                               24.1528        165.37047
              4       495.06997      0.78569028      0.68306248      -13.038088      0.55735381      0.99935416       1.0045144        1.040371     0.022531291      0.11863154     0.062280471      0.99990722       1.0012403       1.0019738       6.1050648       4.8201713   9.1603528e-14       3.6087251       67.770651      0.30875678       0.1418077      0.69116456      0.24592455      0.24725646       2.4195552        8.414387      0.81267167      0.98717533      0.45156822      0.60578602       13.793043       147.28409       21.161687       633.94129      -7.9862538       -7.9862538       1006.1124          21.161687                 22.171611                        391.06087                          220.70881             162.58681                             24.289289        164.13336
              2       494.44737      0.78569028      0.68306248      -13.038088      0.55735381      0.99935416       1.0045144       1.0404708     0.022455079      0.11897017     0.060978931        1.000635       1.0012403       1.0019738       6.1050648       4.8201713   9.1603528e-14       3.6087251       67.621369      0.31069539      0.14207011       0.6892256      0.24589187      0.24722366       2.4330539       8.3121435      0.81424733      0.99018049      0.45386192      0.60791106        13.79921       147.27904       23.571621       633.40046      -7.9546869       -7.9546869       1004.8041          23.571621                 22.146683                        390.70859                          220.54518             161.28148                             23.980574        162.56998
              6       497.59577      0.78569028      0.68306248      -13.038088      0.55735381      0.99935416       1.0045144       1.0404683     0.022458658      0.11901653     0.061171437      0.99869979       1.0012403       1.0019738       6.1050648       4.8201713   9.1603528e-14       3.6087251        67.60711      0.31093572      0.14212005      0.68898524       0.2458934       0.2472252       2.4324174       8.3309223      0.81438735       0.9904552       0.4541155      0.60813314       13.799122       147.26276       23.996039        639.3353      -7.8516977       -7.8516977       1010.8949          23.996039                 22.366792                        390.72956                          226.23895             161.03123                             23.973518        162.55884
              5       496.08071      0.78569028      0.68306248      -13.038088      0.55735381      0.99935416       1.0045144       1.0403582     0.022403335      0.11894163     0.062424126      0.99984942       1.0012403       1.0019738       6.1050648       4.8201713   9.1603528e-14       3.6087251       67.551093      0.31116624      0.14198983      0.68875459      0.24586972      0.24720143       2.4422834       8.4648959      0.81426568      0.99071773      0.45421593      0.60815495       13.807683       147.34424       24.328571       632.73354      -7.9851285       -7.9851285       1008.1317          24.328571                 22.092414                        391.14741                          219.49372             164.34393                             24.034176        162.69145
              6       495.79347      0.78569028      0.68306248      -13.038088      0.55735381      0.99935416       1.0045144       1.0404844     0.022414218      0.11881104     0.063490138      0.99937736       1.0012403       1.0019738       6.1050648       4.8201713   9.1603528e-14       3.6087251       67.648492       0.3100093      0.14187013      0.68991176      0.24587437       0.2472061       2.4403376        8.563455      0.81389069      0.98954835      0.45316195      0.60730906       13.802245        147.3668       22.216451       632.94906      -7.9559283       -7.9559283       1007.4988          22.216451                 22.078089                         391.4783                          219.39267             164.77049                             24.373351        163.18945
              2       495.15703      0.78569028      0.68306248      -13.038088      0.55735381      0.99935416       1.0045144         1.04049     0.022414325      0.11881946     0.063532172       0.9991463       1.0001816       1.0032452       6.1050648       4.8201713   9.1603528e-14       3.6087251       67.647482      0.31003718      0.14187865      0.68988388      0.24587442      0.24720615       2.4403186       8.5676549      0.81392411      0.98959637      0.45320094      0.60734765       13.802102       147.36445       22.248123       632.96724      -7.9286383       -7.9286383       1006.1713          22.248123                 22.101627                        391.51299                          219.35263             163.35909                             24.381774        163.21512
              9       494.33287      0.88787068       0.7017825      -13.014258      0.49855237      0.99935416       1.0045144         1.04049     0.022414325      0.11881946     0.063532172       1.0021064       1.0001816       1.0032452       7.7245053       5.0324851    9.677017e-14       3.1517544       67.647482      0.31003718      0.14187865      0.68988388      0.24587442      0.24720615       2.4403186       8.5676549      0.81562774       0.9916677      0.45414954      0.60861889       13.802102       147.36445       22.248123       632.50439      -7.7317545       -7.7317545       1004.1292          22.248123                 22.380761                        391.51907                          218.60456             163.45652                             24.033439        161.88676
             32       496.14172      0.88787068       0.7017825      -13.014258      0.49855237      0.99935416       1.0045144       1.0405238     0.022423625      0.11877589     0.063562904       1.0020131      0.99774085       1.0037315       7.7245053       5.0324851    9.677017e-14       3.1517544       67.681899      0.30964713      0.14184438        0.690274       0.2458784      0.24721014       2.4386578       8.5676006      0.81546985      0.99122362      0.45377592      0.60830961       13.799964       147.36565       21.620809       632.56924       -7.762493        -7.762493       1007.8084          21.620809                  22.40047                        391.52271                          218.64606             167.68264                             24.030803        161.90494
              2       494.54485       0.8872421       0.7152009       -13.01097      0.50120437      0.99935416       1.0045144       1.0405238     0.022423625      0.11877589     0.063562904       1.0018519      0.99913886       1.0057004       7.7133333       5.1904009   9.7505648e-14       3.1710593       67.681899      0.30964713      0.14184438        0.690274       0.2458784      0.24721014       2.4386578       8.5676006       0.8151025      0.99077709       0.4535715      0.60803557       13.799964       147.36565       21.620809        632.7796       -7.847866        -7.847866       1004.7854          21.620809                 22.364307                        391.52532                          218.88997             164.43239                             24.014151        161.93849
              4       495.37022       0.8872421       0.7152009       -13.01097      0.50120437      0.99838721       1.0043152       1.0404738     0.022422734      0.11882731      0.06373667       1.0002427      0.99913886       1.0057004       7.7133333       5.1904009   9.7505648e-14       3.1710593       67.646187      0.31008458      0.14189491      0.68983647      0.24587802      0.24720976       2.4388168       8.5854385      0.81523585      0.99120071      0.45396602      0.60834971       13.801774       147.35299       22.403896       633.75326      -8.1175182       -8.1175182       1006.9755          22.403896                 22.547385                         391.6515                          219.55437             164.62683                             24.006701         162.1848
             16       495.42596       0.8872421       0.7152009       -13.01097      0.50120437      0.99838721       1.0043152       1.0404896     0.022428911      0.11872284     0.065004591      0.99891856      0.99913886       1.0057004       7.7133333       5.1904009   9.7505648e-14       3.1710593       67.693561      0.30943623      0.14179662      0.69048493      0.24588066      0.24721241       2.4377147       8.7039645      0.81486548      0.99040366      0.45328516      0.60775524       13.800226       147.37385       21.402173       634.63032      -8.0286692       -8.0286692       1006.9092          21.402173                 22.615405                        392.10716                          219.90775             164.47591                             24.146818        162.25403
             17       496.46711      0.88004185      0.71770729      -13.009488      0.51367402      0.99638969       1.0010469       1.0404896     0.022428911      0.11872284     0.065004591      0.99927843      0.99932536       1.0049322       7.5865067       5.2204422   9.7839105e-14       3.2634279       67.693561      0.30943623      0.14179662      0.69048493      0.24588066      0.24721241       2.4377147       8.7039645       0.8142629      0.98967128      0.45294996      0.60730581       13.800226       147.37385       21.402173       633.17798      -8.1003069       -8.1003069       1009.1348          21.402173                 22.498046                        392.10434                          218.57559             164.68792                             24.379044        165.48772
              4       495.96637      0.88004185      0.71770729      -13.009488      0.51367402      0.99638969       1.0010469       1.0406098     0.022470904      0.11755309     0.065976086      0.99992977      0.99932536       1.0049322       7.5865067       5.2204422   9.7839105e-14       3.2634279       68.185561      0.30256113      0.14066886      0.69736117      0.24589865      0.24723047       2.4302417       8.7645183      0.81014094      0.98110247      0.44562254      0.60084695       13.787223       147.63891       13.371451       634.17737      -8.1415655       -8.1415655       1008.2159          13.371451                 22.502937                        392.35939                          219.31504             167.46007                               26.3085        166.89848
              3       495.09536      0.88004185      0.71770729      -13.009488      0.51367402      0.99638969       1.0010469       1.0408563     0.022429748      0.11814407     0.063675307       1.0018924      0.99932536       1.0049322       7.5865067       5.2204422   9.7839105e-14       3.2634279       68.022974      0.30519746      0.14121868      0.69472446      0.24588102      0.24721277       2.4375654       8.5660548      0.81260117      0.98525725      0.44891891      0.60398016       13.786644       147.52701       15.348552       633.87947      -7.8554657       -7.8554657       1005.9016          15.348552                 22.390563                         391.5118                           219.9771             163.90658                             24.612316        168.15472
             10       496.47311      0.88004185      0.71770729      -13.009488      0.51367402      0.99638969       1.0010469       1.0407876     0.022481838      0.11831307     0.062740919       1.0001896       1.0001846       1.0015598       7.5865067       5.2204422   9.7839105e-14       3.2634279       67.982668      0.30603785      0.14143977      0.69388398      0.24590334      0.24723518       2.4283015       8.4660377      0.81289875      0.98591019      0.44970118      0.60461684       13.784192       147.42388       16.561813        636.6167      -8.1390839       -8.1390839       1009.2244          16.561813                 22.695973                        391.18746                          222.73326             162.39883                             24.302927        169.34413
              5       497.56739      0.88004185      0.71770729      -13.009488      0.51367402      0.99638969       1.0010469       1.0407875     0.022481833      0.11831323     0.062740403       0.9999576       1.0008391       0.9996809       7.5865067       5.2204422   9.7839105e-14       3.2634279       67.982596      0.30603883      0.14143993        0.693883      0.24590334      0.24723517       2.4283025       8.4659922      0.81289933      0.98591141      0.44970222      0.60461776       13.784195       147.42384       16.562963       637.57192      -8.1418164       -8.1418164       1011.4184          16.562963                  22.72783                        391.18774                          223.65635             163.63603                             24.302727        169.34477
              3       498.80764      0.88004185      0.71770729      -13.009488      0.51367402      0.99638969       1.0010469       1.0408498     0.022498787      0.11834309     0.064127722       1.0029131       1.0018649       1.0011531       7.5865067       5.2204422   9.7839105e-14       3.2634279        68.00689      0.30592144      0.14148674      0.69400045      0.24591061      0.24724247       2.4252986       8.5961827      0.81298451      0.98583859      0.44966308      0.60462312       13.780755       147.39706       16.393619        640.4484      -7.4630534       -7.4630534       1012.5414          16.393619                 22.206913                        391.65086                          226.59063             164.07099                             24.660326        166.96805
             36       496.34403      0.88004185      0.71770729      -13.009488      0.51367402      0.99638969       1.0010469       1.0407769     0.022558226      0.11793205     0.064529668       0.9993952       1.0020114       1.0029815       7.5865067       5.2204422   9.7839105e-14       3.2634279       68.178091      0.30363056      0.14113514      0.69629172       0.2459361      0.24726805       2.4148111       8.6123659      0.81123437      0.98248047       0.4470119      0.60218886       13.775131       147.44024       14.350805       636.00845      -8.1126979       -8.1126979       1008.9135          14.350805                  22.69848                        391.76834                          221.54162              165.5795                             25.289241        167.68547
             16        496.9472      0.88004185      0.71770729      -13.009488      0.51367402      0.99633829       1.0008413        1.040923     0.022579439      0.11780235     0.065989147       1.0000529       1.0004331       1.0047308       7.5865067       5.2204422   9.7839105e-14       3.2634279       68.291141      0.30239351      0.14102665      0.69752902      0.24594518      0.24727717       2.4110844       8.7438741      0.81081849      0.98116367      0.44587167      0.60126616       13.768055        147.4512       13.176592       636.93253      -8.1417363       -8.1417363       1010.1779          13.176592                 22.497934                        392.33331                          222.10129             166.53395                             26.437662        167.09714
              9       496.20331      0.88004185      0.71770729      -13.009488      0.51367402      0.99633829       1.0008413       1.0409125     0.022583613      0.11724159     0.064831119         1.00058       1.0004331       1.0047308       7.5865067       5.2204422   9.7839105e-14       3.2634279       68.492411      0.29943247      0.14047007      0.70049052      0.24594697      0.24727896       2.4103519       8.6224147      0.80882074       0.9773071      0.44259013      0.59831102       13.765418       147.59635       11.341185        636.2025      -8.1150515       -8.1150515       1008.6367          11.341185                 22.625319                        391.78548                           221.7917             165.03404                              26.58783        169.47118
              7       496.66215      0.88004185      0.71770729      -13.009488      0.51367402      0.99633829       1.0008413       1.0410255     0.022453287      0.11739774     0.064327685        1.001289       1.0004331       1.0047308       7.5865067       5.2204422   9.7839105e-14       3.2634279       68.366536      0.30059136       0.1404959      0.69933134       0.2458911      0.24722289       2.4333726       8.6095594      0.81004281      0.97968438      0.44411579      0.59979397       13.775876       147.70021       11.609823       635.69229       -8.009045        -8.009045       1009.3424          11.609823                 22.529713                        391.64581                          221.51676             166.56708                             25.913706        169.55949
              7       498.28299      0.88004185      0.71770729      -13.009488      0.51367402      0.99633829       1.0008413       1.0410049     0.022454662      0.11747613     0.064382522        1.002847      0.99889174       1.0072361       7.5865067       5.2204422   9.7839105e-14       3.2634279       68.332576      0.30106102      0.14057566       0.6988616      0.24589169      0.24722348        2.433128       8.6158776      0.81029415      0.98023184      0.44460053       0.6002143       13.776708       147.67768       11.891564       637.34945      -7.4935455       -7.4935455       1011.5531          11.891564                 22.308803                        391.66233                          223.37832             167.27227                             25.816498        169.22328
              9       496.69697      0.88004185      0.71770729      -13.009488      0.51367402      0.99633829       1.0008413       1.0410095     0.022455072        0.117476     0.064397231       1.0017282      0.99836411       1.0019718       7.5865067       5.2204422   9.7839105e-14       3.2634279       68.334507      0.30104461      0.14057594      0.69887803      0.24589187      0.24722366       2.4330551       8.6171915      0.81029595      0.98022017      0.44458939      0.60020745       13.776528       147.67725       11.878943       635.46064      -7.9030343       -7.9030343          1009.2          11.878943                  22.45295                         391.6985                          221.30919             166.83053                             25.829393         169.2005
