#        weight    minuslogpost         logphi0          loggst           logV0           logQ0            phi0             gst              V0              Q0   minuslogprior minuslogprior__0            chi2       chi2__stb
              6      0.51578889     -0.34740588      0.63685239      -13.007485   -0.0096945084      0.44935969       4.3336356   9.8291373e-14      0.97792487       5.5851414        5.5851414      -10.138705      -10.138705
              9      -4.2087196     -0.52984455       1.0701886      -12.838851     0.014744272      0.29522658        11.75408   1.4492675e-13       1.0345328       6.1151214        6.1151214      -20.647682      -20.647682
              1      -4.6134754     -0.63060853       1.0210654      -12.839998     0.033059516      0.23409464       10.497005   1.4454458e-13       1.0790946       6.9370836        6.9370836      -23.101118      -23.101118
             16      -4.0824299     -0.79990074       1.0410684      -12.928142      0.53404542      0.15852555        10.99179   1.1799347e-13       3.4201521       7.9912989        7.9912989      -24.147458      -24.147458
              7      -4.5579511     -0.80716338       1.0647745      -12.922187      0.52802294      0.15589659       11.608457   1.1962264e-13       3.3730513       8.0450144        8.0450144      -25.205931      -25.205931
              4      -4.9900461     -0.67529035       1.3561106      -12.841957      0.38023301      0.21120766        22.70443   1.4389417e-13       2.4001203       6.8904392        6.8904392      -23.760971      -23.760971
              6      -5.4399297     -0.66859351       1.3018274      -12.850772      0.33243405      0.21448972       20.036755   1.4100274e-13       2.1499782       6.8445648        6.8445648      -24.568989      -24.568989
             25      -8.0719671     0.079524449        1.029821      -12.890225      0.14427235       1.2009487       10.710777   1.2875815e-13       1.3940307       2.1098343        2.1098343      -20.363603      -20.363603
             11      -9.3033997      0.07631067       1.0355901      -12.884769      0.14781502       1.1920945       10.854007   1.3038587e-13       1.4054488       2.1081266        2.1081266      -22.823053      -22.823053
             27      -10.503261      0.19114979      0.94880071      -12.871335     0.093921737       1.5529225       8.8879317   1.3448212e-13       1.2414286        1.755154         1.755154      -24.516829      -24.516829
              1      -10.487334      0.18952922       0.9492518       -12.87042     0.093859244       1.5471386       8.8971682   1.3476594e-13       1.2412499       1.7600737        1.7600737      -24.494815      -24.494815
             18       -10.38986      0.16635729      0.94297822      -12.875684      0.10551815        1.466754       8.7695685   1.3314215e-13       1.2750234       1.8370302        1.8370302      -24.453781      -24.453781
             20      -10.498067      0.17931339      0.94941746      -12.873037     0.089355842       1.5111702       8.9005626   1.3395625e-13       1.2284454       1.8100448        1.8100448      -24.616224      -24.616224
             11      -10.267328      0.20612083        1.226991      -12.786797     0.054404429       1.6073884       16.865182   1.6338166e-13       1.1334554       1.7360313        1.7360313      -24.006718      -24.006718
             19      -11.458911      0.33768868       1.4205915      -12.831347      0.39659862       2.1761493       26.338527   1.4745284e-13       2.4922903       0.9332672        0.9332672      -24.784356      -24.784356
             26       -11.52969      0.36948443       1.3903001      -12.841608      0.36497311       2.3414475       24.564055   1.4400983e-13       2.3172512      0.84812975       0.84812975       -24.75564       -24.75564
              7      -11.434189      0.37030747        1.387181      -12.842513      0.36392219       2.3458891       24.388269   1.4371007e-13       2.3116506      0.84447418       0.84447418      -24.557326      -24.557326
             36      -9.9960787      0.40948877      0.83386295      -12.943197      0.67654241       2.5673718        6.821234   1.1397328e-13       4.7483466      0.77808082       0.77808082      -21.548319      -21.548319
             26      -11.299287       0.4099347      0.85814394       -12.94606      0.69843066       2.5700093       7.2134651   1.1322441e-13       4.9937944      0.76368616       0.76368616      -24.125947      -24.125947
             13      -10.603796     0.087059328      0.98604604      -12.919343      0.77948721       1.2219666       9.6838052   1.2040856e-13       6.0184853       1.7238086        1.7238086      -24.655209      -24.655209
             28      -10.179001    -0.031096326       1.2482723      -12.909685      0.88323075      0.93090138       17.712191   1.2311614e-13       7.6424173       2.3141834        2.3141834      -24.986368      -24.986368
              6      -10.302028    -0.037913636       1.2779501      -12.895891      0.89364385      0.91640271       18.964882   1.2708939e-13       7.8278744       2.3452594        2.3452594      -25.294574      -25.294574
             17      -10.243048     -0.01842961        1.130192      -12.917229      0.92672886      0.95845205       13.495595   1.2099601e-13       8.4475129       2.2719716        2.2719716      -25.030039      -25.030039
             16      -11.300239      0.25738691       1.1793369      -12.910006      0.58990727       1.8087849        15.11252    1.230253e-13       3.8896209       1.0104797        1.0104797      -24.621438      -24.621438
             18      -11.602227      0.31576793        1.169162       -12.89861      0.56326056       2.0690354       14.762573   1.2629624e-13        3.658142      0.80978754       0.80978754      -24.824029      -24.824029
             32      -11.268293      0.63288771      0.77446646      -12.972992      0.27066067       4.2942538       5.9493081   1.0641623e-13        1.864922      0.80290998       0.80290998      -24.142406      -24.142406
             17      -10.524686      0.62778513      0.76101525      -12.976816      0.26235066       4.2440954       5.7678671   1.0548341e-13       1.8295769      0.84938671       0.84938671      -22.748145      -22.748145
              2      -10.969552      0.46634989      0.80672027      -12.975294      0.33746717       2.9265092        6.407967   1.0585377e-13       2.1750396      0.95859638       0.95859638      -23.856297      -23.856297
              5      -10.765268      0.48185545       0.7446339      -12.994681      0.38208447       3.0328816       5.5543584   1.0123236e-13       2.4103742       1.0302671        1.0302671       -23.59107       -23.59107
             17      -7.2176894      0.59853475       2.1147169      -12.694676      0.45191671       3.9676627       130.23175   2.0198734e-13        2.830849       2.0940104        2.0940104        -18.6234        -18.6234
             11      -7.7976224      0.56210768       2.1246195      -12.691941      0.42800703        3.648444       133.23536   2.0326324e-13       2.6792117       2.2051248        2.2051248      -20.005494      -20.005494
              9      -7.1052923      0.62112523       1.3196881      -12.939049       1.0845015       4.1795087        20.87796   1.1506716e-13       12.147909       0.5971077        0.5971077        -15.4048        -15.4048
             20      -11.249007      0.50717339       1.1271286      -12.891093        1.035287       3.2149438       13.400735   1.2850116e-13       10.846434      0.53280781       0.53280781      -23.563629      -23.563629
             42      -11.760207      0.50080746        1.181876       -12.86151        1.049454       3.1681626       15.201136   1.3755924e-13       11.206088      0.53176087       0.53176087      -24.583936      -24.583936
             45       -11.99606       0.4875704        1.147368      -12.868655       1.0548413       3.0730555        14.04003   1.3531468e-13       11.345962      0.56552846       0.56552846      -25.123177      -25.123177
             27      -11.589792      0.50096059       1.1623721      -12.865254       1.0467427       3.1692798       14.533563    1.363785e-13       11.136345      0.52813411       0.52813411      -24.235852      -24.235852
             21      -11.974907      0.46869045       1.1299561      -12.881667       1.0542567       2.9423237       13.488265   1.3132056e-13         11.3307      0.61739211       0.61739211      -25.184598      -25.184598
             10      -11.889176      0.46912068        1.138732      -12.879128       1.0539719       2.9452399         13.7636   1.3209048e-13       11.323271      0.61317608       0.61317608      -25.004704      -25.004704
              5      -11.794327      0.77978507       1.3253209      -12.900049      0.79454292       6.0226145       21.150511   1.2587822e-13       6.2307872      0.15029877       0.15029877      -23.889251      -23.889251
             38      -11.055825      0.72393088       1.3226883      -12.907998      0.82767175       5.2957916       21.022691   1.2359528e-13       6.7246819      0.19894498       0.19894498       -22.50954       -22.50954
             18      -10.290588       1.2007905      0.69507925      -13.020525      0.51864167       15.877807       4.9554061   9.5383849e-14       3.3009707       1.2466429        1.2466429      -23.074461      -23.074461
              7      -9.0366329       1.5257155      0.54804112      -13.056609      0.29871545       33.551778       3.5321661   8.7779031e-14       1.9893695       2.9533377        2.9533377      -23.979941      -23.979941
             18      -6.4895151        1.511159       0.6208555      -13.050441      0.23735867       32.445839       4.1769137   8.9034709e-14       1.7272638       2.8029428        2.8029428      -18.584916      -18.584916
             17      -5.9600975       1.5354149      0.62501827      -13.048414      0.23895159       34.309541       4.2171425     8.94512e-14       1.7336108       2.8871098        2.8871098      -17.694415      -17.694415
              1      -6.2311691       1.5333214      0.64578146       -13.04097      0.24917216        34.14455       4.4236572   9.0997645e-14       1.7748929       2.7900575        2.7900575      -18.042453      -18.042453
             12      -6.4809162       1.5366643      0.61885713      -13.050664      0.24433436       34.408388       4.1577381   8.8988933e-14       1.7552313       2.9077873        2.9077873      -18.777407      -18.777407
              3       -8.402398       1.5581854      0.63348869      -13.038232      0.20967121        36.15642       4.3002003   9.1573126e-14       1.6205828       2.9630439        2.9630439      -22.730884      -22.730884
              4      -8.9625451       1.5553091       0.6341869      -13.034323      0.22406737       35.917747       4.3071193   9.2401144e-14       1.6752027       2.9080033        2.9080033      -23.741097      -23.741097
             22      -10.384942        1.439493      0.95210645      -12.923499      0.19329647        27.51015       8.9558425   1.1926157e-13       1.5606175       1.7068226        1.7068226       -24.18353       -24.18353
             15      -9.5905176       1.4089798       1.0219331      -12.913287      0.21434167       25.643645       10.517998    1.220992e-13       1.6381048       1.5070088        1.5070088      -22.195053      -22.195053
             10      -7.6527219        1.843671      0.96254521      -12.908453     0.097515214       69.770369       9.1737143   1.2346578e-13       1.2517431       3.8596956        3.8596956      -23.024835      -23.024835
              9       -7.401306       1.7997722       1.0554793       -12.88907   0.00019137214       63.062651       11.362641   1.2910102e-13       1.0004407       3.7175186        3.7175186      -22.237649      -22.237649
              3       -7.402702       1.8118933       1.0588109      -12.886254    0.0024211435       64.847515       11.450143   1.2994093e-13       1.0055905        3.780593         3.780593       -22.36659       -22.36659
              5      -5.3247347       1.1805447      0.80154686      -12.952118      0.46858533       15.154609       6.3320868   1.1165607e-13       2.9416116      0.82781608       0.82781608      -12.305102      -12.305102
              8      -7.1415249       1.2144832      0.59479257      -13.051207      0.25401971       16.386386       3.9336215   8.8877771e-14       1.7948151       1.8407804        1.8407804      -17.964611      -17.964611
              4      -6.1012394        1.415736    -0.035989455      -13.258576      0.23677071       26.045698      0.92047192   5.5134617e-14        1.724927       5.9397766        5.9397766      -24.082032      -24.082032
             22      -5.3903606       1.5598578     -0.02021232      -13.281642       0.1546373       36.295921      0.95452582   5.2282701e-14       1.4277011       6.8389948        6.8389948      -24.458711      -24.458711
              7      -5.7168441       1.6998172      0.24483777       -13.13301      0.24466613       50.097633       1.7572671   7.3619039e-14       1.7565727        5.115032         5.115032      -21.663752      -21.663752
             14      -6.4396837       1.7834079      0.13986843       -13.16423      0.40708914       60.730647       1.3799661   6.8512527e-14       2.5532253       5.9813485        5.9813485      -24.842064      -24.842064
             15      -6.1633721       1.7787822     0.069651156      -13.169803      0.35419811       60.087239       1.1739542   6.7639021e-14       2.2604667       6.2944359        6.2944359      -24.915616      -24.915616
             16      -6.2873337       1.7482505        0.349045      -13.111826       0.3847741       56.008058       2.2338037   7.7298961e-14       2.4253482        4.775431         4.775431      -22.125529      -22.125529
              4      -5.2868177       1.7242001      0.33919249      -13.124814      0.35503849       52.990756       2.1836976   7.5021524e-14        2.264845       4.7873191        4.7873191      -20.148274      -20.148274
              3      -7.1487138       1.7578555      0.65467947      -13.008767      0.34518615       57.260544       4.5152257   9.8001651e-14       2.2140435       3.6381738        3.6381738      -21.573775      -21.573775
              2       -8.221167       1.7611701      0.65088106      -13.022037      0.27862975       57.699235       4.4759071   9.5052441e-14       1.8994582       3.8008901        3.8008901      -24.044114      -24.044114
             30      -9.6580591      0.62493017      0.75703066      -13.038045      0.67517567       4.2162871       5.7151899   9.1612487e-14       4.7334268      0.85784966       0.85784966      -21.031818      -21.031818
              9      -9.6337715       0.6447533      0.75154262       -12.99964      0.58785524       4.4131969       5.6434232   1.0008299e-13       3.8712859      0.67558414       0.67558414      -20.618711      -20.618711
             24      -8.1981967      0.67641193      0.74637066      -12.989959      0.46110092       4.7469202        5.576615     1.02339e-13       2.8913517       0.6731283        0.6731283       -17.74265       -17.74265
              3      -10.691603      0.80968527      0.64205333       -13.03258       0.3647366        6.451865       4.3858455   9.2772561e-14       2.3159896       1.0414288        1.0414288      -23.466063      -23.466063
              3      -9.6104266      0.80206269      0.68566523      -12.990859      0.43492504       6.3396122       4.8491456   1.0212717e-13       2.7222314      0.72532285       0.72532285      -20.671499      -20.671499
              4      -10.199213       1.4054544       1.2973633      -12.860294      0.31764013       25.436328       19.831851   1.3794495e-13       2.0779741        1.317461         1.317461      -23.033348      -23.033348
              2      -10.289904       1.2695738       1.5384273      -12.781097      0.24694382       18.602608       34.548352   1.6554005e-13       1.7658094       1.2277045        1.2277045      -23.035217      -23.035217
              9      -9.4897233       1.3028806       1.5775556      -12.700794   0.00065004756       20.085407       37.805551   1.9916184e-13       1.0014979       1.9792206        1.9792206      -22.937888      -22.937888
             41      -9.6804985       1.3080342       1.5687703      -12.699451    -0.012043156       20.325169       37.048469   1.9977865e-13      0.97265057       2.0127806        2.0127806      -23.386558      -23.386558
              7      -10.192115      0.71684289       1.6480029      -12.738312      0.35700758       5.2100619        44.46342   1.8267869e-13       2.2751371      0.73270736       0.73270736      -21.849645      -21.849645
             23      -10.668525       0.3007117       1.2227754      -12.866575      0.20854714       1.9985347       16.702266   1.3596429e-13       1.6163937       1.1504082        1.1504082      -23.637866      -23.637866
             35      -9.2292621     0.095110289       1.7327677      -12.760081      0.56320943       1.2448307       54.046521   1.7374761e-13       3.6577113       2.2418774        2.2418774      -22.942279      -22.942279
             35      -8.2182339     0.077674003       1.8748249      -12.728626      0.40418956       1.1958426        74.95919   1.8679858e-13       2.5362354       2.8075016        2.8075016      -22.051471      -22.051471
              2      -7.3372892       0.1877594       1.7878073      -12.752836       0.3965691       1.5408466       61.348978   1.7667055e-13       2.4921209       2.1016479        2.1016479      -18.877874      -18.877874
             27      -9.1254218      0.27613244       1.8324047      -12.732503      0.39564461       1.8885672       67.983689   1.8513842e-13       2.4868215       1.9387991        1.9387991      -22.128442      -22.128442
              1      -8.9672286      0.26112813       1.8519864      -12.731114      0.39377802       1.8244339       71.119123   1.8573188e-13       2.4761561       2.0412816        2.0412816      -22.017021      -22.017021
             11      -8.5040277      0.43753511       2.0611537      -12.696918      0.40864243        2.738641       115.12076   2.0094726e-13       2.5623735       2.2275983        2.2275983      -21.463252      -21.463252
             23      -8.9260772      0.47845054       2.0474163      -12.715695      0.40283975       3.0091965       111.53632   1.9244418e-13       2.5283649        2.047919         2.047919      -21.947992      -21.947992
            133      -9.0858681      0.36899292       1.9470508      -12.750251      0.52943562       2.3387991       88.521913   1.7772528e-13       3.3840411       1.8428172        1.8428172      -21.857371      -21.857371
             16      -8.5522345   -0.0099367374       1.5542746      -12.754234      0.37699583      0.97737958       35.832294   1.7610273e-13       2.3822966       2.5383385        2.5383385      -22.181146      -22.181146
              5      -9.0303996      0.16530066       1.6547374      -12.694446       0.1703292       1.4631898       45.158279   2.0209408e-13         1.48023       2.3374541        2.3374541      -22.735707      -22.735707
             16      -10.416536      0.13617994       1.1865055      -12.846219      0.15263003       1.3682956       15.364044   1.4248892e-13       1.4211176         1.80243          1.80243      -24.437933      -24.437933
              1      -10.211438       0.1187903       1.1683773      -12.862475      0.19454785       1.3145899       14.735921   1.3725402e-13       1.5651208       1.8148385        1.8148385      -24.052553      -24.052553
             14      -10.193387      0.12483722       1.1681352      -12.862405      0.19398601       1.3330217       14.727708   1.3727603e-13       1.5630973       1.7904142        1.7904142      -23.967603      -23.967603
             66      -9.7912078      0.25343848       1.2813064      -12.750732     -0.08526028       1.7924146        19.11201   1.7752829e-13      0.82175001       1.9535101        1.9535101      -23.489436      -23.489436
             43      -9.7759692      0.20660608       1.2544951      -12.762022    -0.066654226       1.6091854       17.967807   1.7297305e-13      0.85772047       2.0408904        2.0408904      -23.633719      -23.633719
             27      -9.4778536      0.23826326       1.3075155      -12.751206    -0.084748781       1.7308652       20.300912   1.7733464e-13      0.82271842       2.0188953        2.0188953      -22.993498      -22.993498
             21      -10.026846      0.24933928       1.3077218      -12.750403    -0.069829629        1.775576       20.310557   1.7766321e-13        0.851472       1.9463199        1.9463199      -23.946332      -23.946332
             14      -10.465477      0.24683024      0.64644916      -12.969962      0.15863398       1.7653476       4.4304635    1.071612e-13       1.4409005       2.0039173        2.0039173       -24.93879       -24.93879
             30      -10.734585      0.30419212      0.72233064      -12.968395      0.18809281       2.0146153       5.2763141   1.0754876e-13         1.54203       1.6516856        1.6516856      -24.772542      -24.772542
             23      -10.410077      0.28300028        0.654895      -12.991957      0.19260815         1.91867       4.5174671   1.0186927e-13        1.558146       1.8987137        1.8987137      -24.617582      -24.617582
             22      -7.5694586      0.19311371      0.67894002      -12.977024      0.31037994       1.5599609       4.7746333   1.0543284e-13       2.0435249        1.955889         1.955889      -19.050695      -19.050695
              3      -9.6505248      0.28404636      0.65272169      -12.981653      0.28635446        1.923297       4.4949171   1.0431517e-13       1.9335458        1.728275         1.728275        -22.7576        -22.7576
             22      -9.1024062      0.35155099      0.60372655      -13.016186      0.22792014       2.2467306        4.015379   9.6341552e-14       1.6901301       1.8319775        1.8319775      -21.868767      -21.868767
             11      -9.7337436      0.59705817      0.32067453      -13.080299     0.058695169       3.9541958       2.0925437   8.3119201e-14       1.1447092       2.6045503        2.6045503      -24.676588      -24.676588
             13      -9.7186684      0.60097066      0.32372671      -13.080992     0.057349828       3.9899795       2.1073016   8.2986581e-14       1.1411686       2.5980779        2.5980779      -24.633492      -24.633492
             31      -9.7206407      0.60054896      0.32365796      -13.081044     0.057787829       3.9861071       2.1069681   8.2976574e-14       1.1423201       2.5982537        2.5982537      -24.637789      -24.637789
              7      -10.113997      0.22724061      0.83856391      -12.944566      0.41179777       1.6874877       6.8954706   1.1361451e-13       2.5810581       1.4265429        1.4265429       -23.08108       -23.08108
             15      -10.824969      0.51280229       0.9220911      -12.937464      0.17023251        3.256884       8.3577831   1.1548785e-13       1.4799005      0.87279341       0.87279341      -23.395524      -23.395524
             12      -10.957324      0.47174806        0.885998      -12.942363      0.22813404       2.9631119        7.691269   1.1419235e-13       1.6909628      0.90398433       0.90398433      -23.722616      -23.722616
             22      -11.029977      0.55022448       0.7399137      -13.002686      0.19022767       3.5499684       5.4943169    9.938333e-14       1.5496288       1.1860543        1.1860543      -24.432062      -24.432062
              2      -10.927824      0.58802697       0.7361017      -12.994648      0.18545301       3.8728169       5.4463018   1.0124002e-13       1.5326854       1.1098003        1.1098003      -24.075249      -24.075249
              9      -11.279957      0.50740362      0.73089501      -12.995694      0.28197801       3.2166486       5.3813967   1.0099646e-13        1.914159        1.112983         1.112983       -24.78588       -24.78588
             48      -11.414949      0.51884338      0.76351785       -12.98433      0.27714892       3.3025042       5.8012002   1.0367404e-13       1.8929926       1.0116709        1.0116709      -24.853239      -24.853239
             12      -11.473805      0.61567174      0.75716837      -12.993137      0.22860327       4.1273542       5.7170023   1.0159274e-13       1.6927907      0.97697335       0.97697335      -24.901557      -24.901557
             33      -11.434631      0.61874099      0.75768339      -12.994471      0.22506979       4.1566264       5.7237861   1.0128131e-13       1.6790738      0.98319841       0.98319841      -24.835659      -24.835659
             37      -9.9969254      0.66458325      0.64706766      -12.992095      0.22242338       4.6193753       4.4367776   1.0183675e-13       1.6688733       1.0895415        1.0895415      -22.172934      -22.172934
              8      -10.490511      0.56939889      0.57102413      -13.033205     0.076080299       3.7102134       3.7241239   9.2639196e-14       1.1914623       1.7666038        1.7666038       -24.51423       -24.51423
             19      -10.373713      0.57864831      0.57379198       -13.02609     0.033362901       3.7900794       3.7479344   9.4169542e-14       1.0798487       1.7984456        1.7984456      -24.344317      -24.344317
             16      -10.178179      0.60204448      0.83399748      -12.941104      0.07849015       3.9998572       6.8233474   1.1452378e-13       1.1980919      0.98165007       0.98165007      -22.319658      -22.319658
             15      -9.2465691      0.68821715      0.71185467      -12.910674    -0.071248892       4.8777232       5.1505626   1.2283618e-13      0.84869395       1.2911351        1.2911351      -21.075408      -21.075408
             52      -9.1131133      0.38344331      0.79694447      -12.855356     -0.10738431       2.4179277       6.2653375   1.3952241e-13      0.78093644       1.7028327        1.7028327      -21.631892      -21.631892
              3      -8.6404822      0.30823753      0.84437198      -12.864271    -0.090922016       2.0334689        6.988307   1.3668749e-13      0.81110669       1.8317613        1.8317613      -20.944487      -20.944487
             20      -10.808281      0.53557839      0.67452536      -13.006291      0.20477584       3.4322459       4.7263443   9.8561846e-14       1.6024181       1.2959489        1.2959489      -24.208459      -24.208459
              5      -10.846549      0.52608413      0.66625626      -13.008225      0.21520182       3.3580266       4.6372047   9.8123938e-14       1.6413524       1.3177412        1.3177412       -24.32858       -24.32858
             13      -11.077067      0.55365613      0.69469162      -13.006426      0.22967283       3.5781301       4.9509851   9.8531166e-14       1.6969648        1.200712         1.200712      -24.555557      -24.555557
              8      -11.060711       1.1006699       1.2020052      -12.897527      0.44763664       12.608687       15.922277   1.2661159e-13       2.8030874      0.38859803       0.38859803      -22.898619      -22.898619
              5      -11.882967       1.1922346      0.96918237      -12.940086      0.62596807       15.568062       9.3149894   1.1479264e-13       4.2263754       0.6220826        0.6220826      -25.010099      -25.010099
             15      -11.565558       1.2418289      0.88102663      -12.944218      0.49156429       17.451345        7.603729   1.1370559e-13       3.1014465      0.86233933       0.86233933      -24.855795      -24.855795
              2      -11.277191       1.2310414      0.90491113      -12.940532      0.49256673       17.023207       8.0336172   1.1467486e-13       3.1086135      0.80496204       0.80496204      -24.164307      -24.164307
              6      -11.443213       1.1724135      0.80125194      -12.971499      0.54325968       14.873509       6.3277883   1.0678262e-13       3.4934914      0.83441129       0.83441129      -24.555249      -24.555249
             28      -12.497401      0.76344048       1.0717463      -12.931402      0.48400035       5.8001667       11.796314   1.1711111e-13       3.0478974      0.18352137       0.18352137      -25.361844      -25.361844
             15        -11.6309      0.79074208       1.1715266      -12.868849      0.29992106       6.1764948       14.843169   1.3525426e-13       1.9948997      0.23064185       0.23064185      -23.723083      -23.723083
             20      -11.942561      0.79129542       1.2415803      -12.853958      0.23360309       6.1843693       17.441357    1.399722e-13       1.7123916      0.32471046       0.32471046      -24.534543      -24.534543
             29      -11.919345      0.79117099        1.237681      -12.851199      0.23295227       6.1825978       17.285463   1.4086424e-13       1.7098274      0.32221777       0.32221777      -24.483126      -24.483126
              8      -11.409038      0.76636114       1.0896602      -12.894173      0.28100038       5.8393047       12.293066   1.2759317e-13       1.9098549      0.29025992       0.29025992      -23.398596      -23.398596
             21      -11.846799       0.8377014       1.1668012      -12.872835      0.25526038       6.8817897       14.682542   1.3401849e-13       1.7999497      0.29185135       0.29185135      -24.277302      -24.277302
              3      -7.4059712       1.5768565      0.78641358      -12.977538      0.35457364       37.744743        6.115241   1.0530827e-13       2.2624221       2.3847256        2.3847256      -19.581394      -19.581394
              2      -8.5654961       1.5691466      0.66898399      -13.031741      0.30147072       37.080585       4.6664218   9.2951972e-14       2.0020306       2.7998666        2.7998666      -22.730725      -22.730725
             41      -10.375777       1.5202929      0.91854704       -12.94277      0.26823118       33.135454       8.2898569   1.1408527e-13       1.8545185       1.9982602        1.9982602      -24.748074      -24.748074
             51      -10.875244        1.416086      0.85116012      -12.951998       0.3189862       26.066695       7.0983944   1.1168673e-13       2.0844246       1.6042997        1.6042997      -24.959088      -24.959088
             14      -8.9551393       1.1930309      0.71658992      -13.002219      0.31755264       15.596635        5.207028   9.9490473e-14       2.0775555       1.2794907        1.2794907       -20.46926       -20.46926
              6      -11.250015      0.97306877      0.74434554       -12.99897      0.48815983       9.3987213       5.5506717   1.0023734e-13       3.0772291      0.71991705       0.71991705      -23.939865      -23.939865
              7      -10.294295       1.0467181      0.73509416      -13.018393      0.39947429       11.135715       5.4336813   9.5853222e-14       2.5088477       0.9706714        0.9706714      -22.529933      -22.529933
              7      -10.465451        1.090214       0.7598304      -13.017935      0.34694372        12.30875       5.7521526   9.5954423e-14       2.2230218       1.0548427        1.0548427      -23.040587      -23.040587
              5      -10.581149      0.99382956      0.66790873      -13.024765      0.34901954       9.8589249       4.6548826   9.4457191e-14       2.2336727       1.0787783        1.0787783      -23.319854      -23.319854
              1      -10.210927      0.95639483      0.94003126      -12.936721      0.42925276       9.0447139       8.7102629   1.1568554e-13       2.6869078      0.34404536       0.34404536      -21.109945      -21.109945
              5      -10.008186      0.96394562      0.94511468      -12.934412      0.45391575       9.2033432       8.8128156   1.1630212e-13       2.8439094      0.32346521       0.32346521      -20.663303      -20.663303
             28      -12.083282      0.96553389      0.93655113      -12.939973      0.43416294       9.2370626       8.6407438    1.148226e-13       2.7174586      0.35957505       0.35957505      -24.885714      -24.885714
             10      -12.112877      0.81763945       1.0158815      -12.932332      0.58104793       6.5711208       10.372454    1.168606e-13       3.8110788      0.15123896       0.15123896      -24.528232      -24.528232
             28      -12.321529      0.82173639       1.0259349      -12.926393      0.57890544       6.6334032       10.615364   1.1846952e-13        3.792324      0.13375312       0.13375312      -24.910565      -24.910565
              1      -11.997108      0.79789006       1.1615751      -12.894474       0.6440943       6.2789939       14.506916   1.2750465e-13       4.4065053     0.043969649      0.043969649      -24.082156      -24.082156
              4      -10.448227      0.76869298       1.0729881        -12.9225      0.72845965       5.8707418       11.830092   1.1953624e-13       5.3513043      0.11111654       0.11111654      -21.118687      -21.118687
              1      -11.918489      0.74971367       1.0496163       -12.91789      0.68991264        5.619707       11.210276   1.2081187e-13       4.8968031      0.10612512       0.10612512      -24.049228      -24.049228
              8      -11.553433      0.68009934       1.0443555      -12.914519      0.76549014       4.7873958       11.075301    1.217533e-13       5.8276054      0.15523551       0.15523551      -23.417337      -23.417337
              2      -11.216279       0.7540861       1.1183761      -12.883602      0.77560517       5.6765714       13.133367   1.3073691e-13       5.9649275     0.051636808      0.051636808      -22.535831      -22.535831
             42      -12.209351      0.76601435       1.1010477      -12.891777      0.77322484       5.8346438       12.619663   1.2829906e-13       5.9323236     0.060099778      0.060099778      -24.538902      -24.538902
              2      -11.976417      0.79322228       1.1455794      -12.912095      0.62715275       6.2118689       13.982325   1.2243479e-13       4.2379199     0.077482976      0.077482976      -24.107801      -24.107801
             28      -12.435522       0.7925497       1.2579824       -12.87917      0.63525316       6.2022561       18.112665   1.3207788e-13       4.3177069     0.052066001      0.052066001      -24.975175      -24.975175
             10      -12.449522      0.75371952       1.1440654      -12.907116      0.71215441       5.6717819       13.933667   1.2384659e-13       5.1541186     0.076713149      0.076713149       -25.05247       -25.05247
              4      -12.386773      0.74548206       1.0611518      -12.929517      0.67208188       5.5652164       11.512026    1.176204e-13       4.6998271      0.13192147       0.13192147       -25.03739       -25.03739
             19      -12.391857      0.71354161       1.0272932       -12.91529      0.74008651        5.170608       10.648616   1.2153732e-13       5.4965035       0.1317762        0.1317762      -25.047266      -25.047266
             13      -12.045425      0.70809629      0.98139449      -12.920848      0.73664785       5.1061819       9.5806394   1.1999189e-13        5.453155      0.16505189       0.16505189      -24.420954      -24.420954
              1      -12.058084      0.74316842      0.96398378      -12.918017      0.71837351       5.5356474       9.2041519   1.2077652e-13       5.2284566      0.14585044       0.14585044       -24.40787       -24.40787
             34      -11.566365       0.7047656      0.80813297      -13.006872      0.41710224       5.0671715       6.4288452   9.8430189e-14       2.6127764      0.68261913       0.68261913      -24.497969      -24.497969
              1      -11.426429      0.70958257      0.81037413      -13.005719      0.41347919       5.1236867       6.4621068   9.8691686e-14       2.5910702      0.67516745       0.67516745      -24.203193      -24.203193
             21      -10.975395      0.53756208       1.2901851      -12.860593      0.38955514       3.4479589       19.506759   1.3784994e-13       2.4521958      0.39817935       0.39817935      -22.747149      -22.747149
             28      -10.474909      0.65730253       1.1755725      -12.891351      0.62773851       4.5425794       14.982094   1.2842497e-13       4.2436398      0.11376561       0.11376561       -21.17735       -21.17735
             17      -10.373158      0.80171233      0.95038304      -12.876151      0.74194907       6.3344999       8.9203736   1.3299925e-13        5.520127     0.072177209      0.072177209      -20.890671      -20.890671
              7      -10.266362      0.74462758       1.1406756      -12.886926      0.21804908       5.5542776       13.825334   1.2973998e-13       1.6521485      0.37083531       0.37083531      -21.274395      -21.274395
             23      -10.577945      0.12113383      0.99008307      -12.895293      0.21317125       1.3217029       9.7742416   1.2726456e-13        1.633696       1.8448605        1.8448605      -24.845611      -24.845611
             13      -10.634743      0.12649739      0.98617042      -12.902412      0.21589378       1.3381272       9.6865789   1.2519532e-13       1.6439696       1.8329726        1.8329726      -24.935432      -24.935432
             28      -10.301809      0.08101495      0.83880327      -12.951911      0.58228346       1.2050774        6.899272    1.117091e-13       3.8219365       1.9338111        1.9338111      -24.471241      -24.471241
              9      -8.9755581      0.14288873      0.77525253      -12.972059      0.56120799       1.3895966        5.960086   1.0664522e-13       3.6408936       1.8136545        1.8136545      -21.578425      -21.578425
              2      -8.5686998      0.07989019       1.1311958      -12.895212      0.28439318       1.2019605       13.526823   1.2728826e-13       1.9248335        1.895596         1.895596      -20.928592      -20.928592
              2      -9.3288951      0.21365938       1.1803349       -12.86992      0.30861954       1.6355332       15.147288   1.3492102e-13       2.0352583       1.3002571        1.3002571      -21.258304      -21.258304
             83      -10.909544      0.18490253       1.3234616      -12.839646       0.3175859       1.5307439       21.060158   1.4466192e-13       2.0777146       1.4390071        1.4390071      -24.697103      -24.697103
              4      -10.818071      0.20884275       1.3315974      -12.840243      0.30151401       1.6174942       21.458405    1.444631e-13       2.0022302       1.3748774        1.3748774      -24.385897      -24.385897
              8      -10.090163      0.21252292       1.3560063       -12.83374        0.302985        1.631259        22.69898   1.4664268e-13       2.0090234       1.3765869        1.3765869        -22.9335        -22.9335
              7      -10.176482      0.21190784       1.3567222      -12.833165      0.30675792       1.6289503       22.736426   1.4683675e-13       2.0265528       1.3748187        1.3748187      -23.102602      -23.102602
             23       -10.86811       0.1628479       1.3380085      -12.840567      0.34217714       1.4549494       21.777526   1.4435544e-13       2.1987565       1.5077324        1.5077324      -24.751686      -24.751686
             72      -10.208672      0.24170197       1.3648973      -12.816579      0.32930054       1.7446245       23.168467   1.5255305e-13       2.1345215       1.2506839        1.2506839      -22.918712      -22.918712
             24      -10.187898      0.50010725       1.4310885      -12.789809      0.25308496       3.1630587       26.982895    1.622525e-13       1.7909562      0.73363001       0.73363001      -21.843057      -21.843057
             90      -11.195919      0.49180254       1.3991185      -12.780663      0.27943122       3.1031484       25.067934   1.6570555e-13       1.9029668      0.69134985       0.69134985      -23.774538      -23.774538
             12       -12.39354      0.59968477       1.2107357      -12.891185      0.47456247       3.9781831       16.245597   1.2847399e-13       2.9823765       0.2439639        0.2439639      -25.275007      -25.275007
              5       -12.39631      0.59242154       1.2086512      -12.891756      0.47796489       3.9122044       16.167811   1.2830519e-13       3.0058333       0.2515541        0.2515541      -25.295727      -25.295727
              9      -12.425714      0.62771959       1.2278787       -12.89183      0.48178299       4.2434549       16.899688   1.2828323e-13       3.0323756      0.21291226       0.21291226      -25.277253      -25.277253
              6      -12.342145      0.56303339       1.2441778      -12.891763      0.53032831        3.656229       17.545986    1.283031e-13       3.3910041      0.27801796       0.27801796      -25.240326      -25.240326
             18      -12.286037      0.60451356       1.3566408        -12.8789      0.74263369       4.0226621       22.732165   1.3215998e-13       5.5288358      0.25017568       0.25017568      -25.072426      -25.072426
             15      -12.513726      0.83610707       1.2138769      -12.883214      0.56564557       6.8565725       16.363525   1.3085367e-13       3.6782867     0.056198588      0.056198588      -25.139849      -25.139849
             28      -12.525372      0.73435669       1.1748432      -12.899783      0.63818097       5.4244623       14.956955   1.2595537e-13       4.3469132     0.073082432      0.073082432       -25.19691       -25.19691
              2      -10.402425      0.67829719       1.3768002      -12.835812      0.41740388       4.7675713       23.812235   1.4594443e-13       2.6145917      0.25092405       0.25092405      -21.306699      -21.306699
             61      -10.919349      0.38727435       1.3371742      -12.864146       1.0117262       2.4393513        21.73573   1.3672687e-13       10.273684      0.81551552       0.81551552       -23.46973       -23.46973
              9      -10.053145      0.49266059       1.2803438       -12.86332      0.97065483       3.1092854       19.069697   1.3698732e-13       9.3466253      0.49849624       0.49849624      -21.103282      -21.103282
             14      -8.8604609    0.0020052523       1.0166206      -12.839943        1.366693       1.0046279       10.390122   1.4456298e-13       23.264459       2.7750735        2.7750735      -23.271069      -23.271069
             13      -9.8559126      0.23129847      0.96681032      -12.864994       1.2497145       1.7033287       9.2642511   1.3646023e-13       17.771109       1.6078454        1.6078454      -22.927516      -22.927516
             16      -9.0743128     0.038904377      0.91972231      -12.879199       1.2172886       1.0937155        8.312321   1.3206889e-13       16.492581       2.3789218        2.3789218      -22.906469      -22.906469
              2      -8.5041321      0.12854683      0.89791441      -12.881207       1.2212664       1.3444567       7.9052281   1.3145969e-13       16.644333       2.0105731        2.0105731       -21.02941       -21.02941
              6      -7.9476578    0.0025555434      0.97992195      -12.917265      0.94287573       1.0059017       9.5482097   1.2098598e-13       8.7674992       2.2161225        2.2161225      -20.327561      -20.327561
              4      -11.523025      0.72331793      0.71050205      -12.985873      0.20875663       5.2883225       5.1345461   1.0330634e-13       1.6171735      0.94729668       0.94729668      -24.940644      -24.940644
             11      -11.797031      0.65513618      0.79989554      -12.969509      0.27039787       4.5199765       6.3080559   1.0727312e-13       1.8637938      0.73943519       0.73943519      -25.072933      -25.072933
             10      -11.174226      0.73634805      0.79710333      -13.005274      0.42462085        5.449392       6.2676297   9.8792924e-14       2.6584032      0.66443497       0.66443497      -23.677321      -23.677321
              9       -11.13557      0.37953869      0.78863852       -12.99309      0.61781287       2.3962862       6.1466504   1.0160377e-13       4.1477529       1.0767177        1.0767177      -24.424575      -24.424575
              3      -11.007098      0.31342778      0.80586883       -12.96782      0.63182936       2.0579167       6.3954165   1.0769107e-13       4.2838017       1.1470555        1.1470555      -24.308307      -24.308307
              2      -11.027684      0.32796774      0.75678194      -12.976857      0.60166916        2.127981       5.7119177   1.0547333e-13        3.996402       1.1981496        1.1981496      -24.451667      -24.451667
              7      -11.368927      0.33658916      0.76222294      -12.981471      0.55342665       2.1706468       5.7839288   1.0435876e-13       3.5762399       1.1976705        1.1976705      -25.133196      -25.133196
              6      -8.5739913      0.39034676      0.35380257      -13.089575      0.22614372       2.4566696       2.2584088   8.1362555e-14        1.683231        2.683357         2.683357      -22.514697      -22.514697
             21      -8.5221834      0.39277241      0.28577606      -13.134072      0.19428309       2.4704292       1.9309724   7.3439295e-14       1.5641669       3.2175829        3.2175829      -23.479532      -23.479532
              5       -9.098769      0.33338304      0.27248311      -13.138793      0.24637532       2.1546813       1.8727643   7.2645189e-14       1.7634994       3.3761967        3.3761967      -24.949932      -24.949932
              5       -8.540153      0.34049383       0.2674813      -13.140324      0.25478128       2.1902507       1.8513192    7.238953e-14       1.7979652       3.3705716        3.3705716      -23.821449      -23.821449
              2      -9.0945515      0.36664355      0.24152014      -13.140276      0.19930448       2.3261812       1.7438942    7.239765e-14        1.582357       3.4547328        3.4547328      -25.098569      -25.098569
              6      -9.2072441      0.45520278      0.35852017      -13.108441      0.18797322       2.8523497       2.2830749   7.7903775e-14       1.5416054       2.6998298        2.6998298      -23.814148      -23.814148
              1      -9.7051221      0.45760951      0.32683132      -13.122584      0.21838315       2.8682005         2.12242   7.5407671e-14       1.6534199       2.8318511        2.8318511      -25.073946      -25.073946
              1      -9.7856168      0.45486817      0.32458455      -13.122181      0.22334387        2.850153       2.1114682   7.5477726e-14       1.6724143       2.8337815        2.8337815      -25.238797      -25.238797
              3      -11.031092       1.0254097      0.50042109       -13.06262      0.51651132       10.602535       3.1653453    8.657253e-14        3.284818       1.4957646        1.4957646      -25.053714      -25.053714
             13      -11.031933       1.0234995      0.49980596      -13.062676      0.51654154       10.556002       3.1608651   8.6561409e-14       3.2850466       1.4949152        1.4949152      -25.053696      -25.053696
              5      -10.859764       1.0826625      0.52702012      -13.058131      0.54858775       12.096577       3.3652716   8.7471966e-14       3.5366147       1.4849357        1.4849357      -24.689399      -24.689399
             16      -10.879213       1.1204922      0.51990558      -13.065962      0.53285616       13.197517       3.3105914   8.5908931e-14       3.4107992       1.6169422        1.6169422       -24.99231       -24.99231
              1      -10.071668       1.2413217      0.54154437      -13.053767      0.43164576       17.430975       3.4797206   8.8355346e-14       2.7017537       1.8356628        1.8356628      -23.814662      -23.814662
              8      -9.8139087       1.1740938      0.66677561      -12.988985      0.53420106       14.931169       4.6427533   1.0256881e-13        3.421378       1.0856612        1.0856612       -21.79914       -21.79914
              6      -10.117823      0.99085843      0.81706045      -12.946165      0.22245816       9.7917074        6.562366   1.1319714e-13        1.669007      0.73667807       0.73667807      -21.709002      -21.709002
              1      -11.734821      0.50942459      0.84176396      -12.962377       0.6115769        3.231652       6.9464668   1.0904943e-13       4.0886214      0.62184834       0.62184834      -24.713339      -24.713339
              5      -11.633397      0.54577063       0.8247779      -12.966514       0.6417061       3.5137482        6.680022   1.0801547e-13       4.3823404      0.58615985       0.58615985      -24.439113      -24.439113
              3      -11.707633      0.48144746       1.1765476      -12.897098      0.99193975       3.0300337       15.015771   1.2673653e-13       9.8161175      0.54853987       0.54853987      -24.512347      -24.512347
             19        -12.0499      0.50410566       1.1578122      -12.900039      0.94901808       3.1923144       14.381765   1.2588119e-13       8.8923815       0.4649109        0.4649109      -25.029622      -25.029622
              3      -6.5869175       0.6113864       1.0977428       -12.89368      0.65082597       4.0868284       12.523994   1.2773808e-13       4.4753394      0.16016764       0.16016764       -13.49417       -13.49417
             68      -10.694796       1.0879782       1.5165535      -12.892654      0.62079957       12.245547       32.851369   1.2804019e-13       4.1763758      0.54122512       0.54122512      -22.472042      -22.472042
              4      -12.032255      0.76017118       1.4331951      -12.850711      0.57746143        5.756668       27.114097   1.4102281e-13       3.7797357      0.17844233       0.17844233      -24.421395      -24.421395
             32      -11.741601      0.89120555       1.1271604      -12.897884      0.74508801       7.7840488       13.401716   1.2650733e-13       5.5601693     0.074689549      0.074689549      -23.632581      -23.632581
              6      -12.323299      0.93321468         1.08256      -12.917915      0.61978131       8.5746159       12.093721   1.2080492e-13       4.1665952      0.13671582       0.13671582      -24.920031      -24.920031
             13      -12.249937       1.0175545      0.95630183       -12.94075      0.55447994       10.412489       9.0427771   1.1461732e-13       3.5849239      0.33873018       0.33873018      -25.177334      -25.177334
              3      -12.350963      0.99063056      0.99546973      -12.937231      0.60579743       9.7865712       9.8962287   1.1554973e-13       4.0345716      0.26355813       0.26355813      -25.229042      -25.229042
              3      -12.479783      0.96708922       1.0706706       -12.92797      0.65517251       9.2702025       11.767132   1.1804035e-13       4.5203547      0.18712352       0.18712352      -25.333813      -25.333813
             16      -12.454364      0.96215825       1.0640075      -12.934618        0.634244       9.1655441       11.587975   1.1624701e-13       4.3076856      0.20229368       0.20229368      -25.313315      -25.313315
             13      -11.148296       0.5739428       1.2314396      -12.909071      0.75595755       3.7492362       17.038824   1.2329029e-13       5.7010855      0.27009396       0.27009396       -22.83678       -22.83678
              1      -11.979975      0.66945127       1.2113644      -12.914141      0.86355751       4.6714453       16.269132   1.2185935e-13       7.3039452      0.21406663       0.21406663      -24.388083      -24.388083
              6      -11.740224      0.65294365       1.2599966      -12.908141      0.87887421        4.497215       18.196865   1.2355469e-13       7.5661372      0.24595325       0.24595325      -23.972354      -23.972354
             14      -11.568374       1.1609451       1.3069976      -12.847989      0.34395031       14.485887       20.276713   1.4190939e-13       2.2077521      0.58823851       0.58823851      -24.313225      -24.313225
              1      -10.385833       1.1508868       1.3307197      -12.854308      0.30291786       14.154248       21.415081   1.3985964e-13       2.0087129      0.63337955       0.63337955      -22.038426      -22.038426
             84      -10.947708       1.2084798       1.3477506      -12.836615      0.17015972        16.16143       22.271557    1.456751e-13       1.4796525      0.95199653       0.95199653      -23.799409      -23.799409
              7      -10.343973        1.139274       1.3552419      -12.835738      0.16549389       13.780786       22.659058   1.4596962e-13        1.463841      0.81352386       0.81352386      -22.314994      -22.314994
              1      -12.032757      0.97794203       1.3092552      -12.865403      0.46902902       9.5047791       20.382392   1.3633173e-13       2.9446184      0.21083888       0.21083888      -24.487192      -24.487192
             28      -10.840797       1.4374897        1.513213      -12.862966      0.56374148       27.383548       32.599658   1.3709882e-13       3.6621952       1.4672053        1.4672053      -24.616005      -24.616005
              9      -9.6340715       1.7774975        1.348046      -12.889095      0.71380494       59.909755       22.286712   1.2909383e-13        5.173744       2.9458127        2.9458127      -25.159768      -25.159768
             37      -9.6221347       1.7772345       1.3484665       -12.88897      0.71375996       59.873485         22.3083   1.2913083e-13       5.1732082       2.9444074        2.9444074      -25.133084      -25.133084
             10      -4.7841348       1.3166496       1.4617186      -12.926877      0.80473337       20.732403       28.954666   1.1833773e-13       6.3787176       1.1090441        1.1090441      -11.786358      -11.786358
             24      -7.9208372        1.555284       1.4411401      -12.940278      0.78764127        35.91567       27.614685   1.1474188e-13       6.1325525       2.0147179        2.0147179       -19.87111       -19.87111
              6       -7.444158       1.5602618       1.4342848      -12.939972      0.80580113       36.329696       27.182214   1.1482268e-13       6.3944196       2.0364845        2.0364845      -18.961285      -18.961285
             60      -8.6169636        1.936568       1.3399795      -12.889605      0.71409055       86.410797       21.876581   1.2894214e-13       5.1771476       3.9460461        3.9460461      -25.126019      -25.126019
             26      -6.8184464       2.0920136       1.2219739       -12.90127      0.69329346       123.59861       16.671472   1.2552482e-13       4.9350716       5.0287826        5.0287826      -23.694458      -23.694458
             17      -6.9509954       2.1037896       1.2270634      -12.900285      0.70108553       126.99587       16.867994   1.2580995e-13       5.0244152       5.1211356        5.1211356      -24.144262      -24.144262
              1      -6.1646816       1.9426989       1.1199944      -12.853098      0.95732596       87.639307       13.182398   1.4024968e-13       9.0641264       3.9974075        3.9974075      -20.324178      -20.324178
              3      -6.5485955       1.9574317      0.97229877      -12.900808      0.81672008       90.663346       9.3820721   1.2565864e-13        6.557225        4.096005         4.096005      -21.289201      -21.289201
             16      -9.4982862       1.6888237       1.3978492       -12.83886      0.35241609       48.845409       24.994775   1.4492377e-13       2.2512104       2.6060834        2.6060834      -24.208739      -24.208739
              4      -9.1501707       1.7145968       1.3954401      -12.837182      0.35765705       51.831857       24.856505   1.4548496e-13       2.2785421       2.7366701        2.7366701      -23.773682      -23.773682
             11      -9.0843821        1.829596       1.3424754       -12.86042      0.45154713       67.545435       22.002672     1.37905e-13        2.828441       3.2923989        3.2923989      -24.753562      -24.753562
             11      -8.5491389       1.1964109       1.2110597      -12.876639      0.52326332       15.718493       16.257724   1.3284975e-13       3.3362864      0.51054643       0.51054643      -18.119371      -18.119371
              3      -7.5879231      0.70418731        1.165876      -12.859976      0.28567741       5.0604287       14.651293    1.380459e-13       1.9305338      0.27192504       0.27192504      -15.719696      -15.719696
              5      -11.682264      0.62261894       1.2451587      -12.869006      0.24099849       4.1939084       17.585661   1.3520543e-13       1.7418008      0.43516557       0.43516557       -24.23486       -24.23486
              4      -11.453185      0.61078456       1.2331496      -12.866994      0.23211456       4.0811688       17.106044   1.3583324e-13       1.7065325      0.45456102       0.45456102      -23.815491      -23.815491
             12      -11.758154      0.55727281       1.2100491      -12.865812      0.25321226       3.6080522       16.219935   1.3620348e-13       1.7914812      0.48961015       0.48961015      -24.495527      -24.495527
              4      -12.257764      0.75000868       1.2751244       -12.87545      0.45388074       5.6235257       18.841885   1.3321415e-13       2.8436801      0.13893668       0.13893668      -24.793402      -24.793402
             10      -11.330059       1.1685016       1.2407906      -12.875445      0.25920203       14.740141       17.409671   1.3321568e-13       1.8163604      0.69478509       0.69478509      -24.049689      -24.049689
              5      -11.330355       1.1491012       1.2077107       -12.87656      0.20301404       14.096171       16.132836   1.3287405e-13       1.5959307      0.72343504       0.72343504      -24.107579      -24.107579
              5      -11.953303      0.78968057       1.1325466      -12.892232      0.36479019       6.1614166        13.56896    1.281645e-13       2.3162754      0.18698919       0.18698919      -24.280583      -24.280583
              1      -11.916167      0.73918607       1.0913676      -12.895698      0.37421854       5.4851192        12.34149   1.2714578e-13       2.3671106      0.19903918       0.19903918      -24.230413      -24.230413
              3      -11.679761      0.73568178       1.0875185      -12.897517      0.36111474       5.4410382       12.232594   1.2661442e-13       2.2967554      0.21693365       0.21693365      -23.793389      -23.793389
              2      -12.401819      0.76409052       1.0824685      -12.896009      0.33637841       5.8088548       12.091174   1.2705474e-13       2.1695937       0.2301361        0.2301361       -25.26391       -25.26391
              3      -12.408657       0.8532925       1.0849706      -12.895002      0.39598207        7.133333       12.161037   1.2734982e-13       2.4887546      0.16836312       0.16836312      -25.154041      -25.154041
              3      -12.068751      0.85429975       1.0896851      -12.895042      0.47758412       7.1498964        12.29377   1.2733799e-13       3.0031991      0.10681374       0.10681374       -24.35113       -24.35113
              4      -12.261939      0.83591644       1.0085005        -12.8934      0.74461282       6.8535635        10.19766   1.2782036e-13       5.5540888     0.070986067      0.070986067       -24.66585       -24.66585
              2      -10.495237       1.0633318      0.86503256      -12.902124      0.79769512       11.569959       7.3287948   1.2527843e-13       6.2761761      0.38524535       0.38524535      -21.760965      -21.760965
              1      -10.482663      0.90420777      0.85634704      -12.884838      0.87087973       8.0206169        7.183681   1.3036517e-13        7.428134      0.23808597       0.23808597      -21.441498      -21.441498
             13      -11.854757      0.71525509      0.70613613      -13.019245      0.51155273       5.1910486       5.0831875   9.5665331e-14       3.2475267      0.79688549       0.79688549      -25.303284      -25.303284
              2      -10.817947      0.59872312      0.66586345      -13.033927      0.57478285        3.969384       4.6330123   9.2485467e-14       3.7564953       1.0108021        1.0108021      -23.657499      -23.657499
             12      -11.344894      0.54951102      0.75191259      -13.013592      0.61345751       3.5441412       5.6482328    9.691884e-14       4.1063646      0.85336166       0.85336166      -24.396512      -24.396512
              5      -11.592548      0.45789927      0.79155028      -13.000527      0.56272312       2.8701148       6.1879997   9.9878667e-14       3.6536178      0.93214455       0.93214455      -25.049385      -25.049385
              4      -11.596218      0.43634839      0.75811039      -13.002808       0.5648418       2.7311678       5.7294164   9.9355438e-14       3.6714853       1.0282299        1.0282299      -25.248896      -25.248896
              3      -11.861284      0.48883455       1.1080152      -12.910904      0.38699209       3.0820136       12.823755   1.2277112e-13       2.4377664      0.51256714       0.51256714      -24.747703      -24.747703
             12      -11.867991      0.35223227       1.1853174      -12.899814      0.49939624       2.2502578       15.322067   1.2594653e-13       3.1578845      0.73830565       0.73830565      -25.212594      -25.212594
              2      -11.858662      0.36094266       1.1807137      -12.899777      0.49740659       2.2958455       15.160507   1.2595731e-13       3.1434502       0.7144277        0.7144277      -25.146179      -25.146179
              2      -11.923916      0.36586656       1.1625639      -12.906539       0.4972085       2.3220232       14.539984   1.2401126e-13       3.1420168      0.71072658       0.71072658      -25.269285      -25.269285
             28      -11.649553      0.51613686       1.1010272      -12.907669      0.33879641        3.281987       12.619066   1.2368893e-13       2.1817069      0.50331407       0.50331407      -24.305735      -24.305735
              9      -7.6373827       0.6154737      0.94490638      -12.944135      0.30578834       4.1254725       8.8085897   1.1372732e-13       2.0220335      0.53390275       0.53390275      -16.342571      -16.342571
             12      -9.9733495      0.12318095      0.97004507      -12.908268      0.24489765       1.3279476       9.3335116   1.2351857e-13       1.7575094       1.8246465        1.8246465      -23.595992      -23.595992
              3      -12.406971      0.90959977       1.0542494      -12.884734      0.81099516       8.1208178       11.330509   1.3039641e-13        6.471354     0.094836934      0.094836934      -25.003616      -25.003616
             26      -12.339559       0.8917357       1.0878661      -12.879574      0.81840807       7.7935567       12.242387   1.3195514e-13       6.5827608     0.075875743      0.075875743      -24.830869      -24.830869
             27      -12.416453       0.8964703       1.1129984      -12.874881      0.82261519       7.8789855       12.971745   1.3338869e-13       6.6468395     0.072698921      0.072698921      -24.978305      -24.978305
             11      -12.339517      0.92774538       1.0953955      -12.885479      0.80168146       8.4673085       12.456484   1.3017317e-13       6.3340496     0.097028339      0.097028339       -24.87309       -24.87309
              3        -12.4177       0.9258268       1.1190973      -12.881042      0.79928203       8.4299851       13.155196   1.3150966e-13       6.2991511     0.087343953      0.087343953      -25.010089      -25.010089
              1      -10.025438      0.99938482       1.1772236      -12.865171       0.8726044       9.9858449       15.039159   1.3640444e-13       7.4576912      0.18194383       0.18194383      -20.414764      -20.414764
              4      -10.607806       1.4708301      0.96832818      -12.925557      0.71180687       29.568554       9.2966863   1.1869784e-13       5.1499957       1.4616364        1.4616364      -24.138886      -24.138886
             13      -11.065281       1.4354268       1.0066329      -12.911787      0.70884748       27.253783         10.1539   1.2252163e-13       5.1150217       1.2753585        1.2753585       -24.68128       -24.68128
             11       -10.84388       1.4431552       1.0115622      -12.909382      0.71039876       27.743112       10.269805   1.2320204e-13       5.1333249       1.2980839        1.2980839      -24.283927      -24.283927
             12      -12.397969      0.77090113       1.0403065      -12.927538      0.53609925       5.9006673       10.972523   1.1815764e-13       3.4363647      0.15211093       0.15211093      -25.100161      -25.100161
              2      -12.349026      0.80591139       1.0446589      -12.921549      0.53900978       6.3960433        11.08304   1.1979828e-13       3.4594717      0.13062134       0.13062134      -24.959295      -24.959295
             24       -12.34866      0.79969895       1.0443593      -12.921774      0.53846266       6.3052012       11.075397   1.1973641e-13       3.4551163      0.13175858       0.13175858      -24.960838      -24.960838
              1       -12.25021      0.71242156       1.0351282      -12.918463       0.6595482       5.1572901       10.842468   1.2065259e-13       4.5661293      0.12864982       0.12864982      -24.757721      -24.757721
              1      -12.001745      0.81235775       1.1171285      -12.905233      0.74397426       6.4916896       13.095693   1.2438466e-13       5.5459284     0.068446103      0.068446103      -24.140382      -24.140382
             14      -11.818051       1.1008325      0.97579615      -12.896695      0.77272489        12.61341       9.4579311   1.2685435e-13       5.9254984      0.35120219       0.35120219      -24.338507      -24.338507
              4      -11.831379        1.120042      0.99149816       -12.89253      0.77172189       13.183842       9.8061415   1.2807665e-13       5.9118294      0.37126495       0.37126495      -24.405288      -24.405288
             38      -11.572146      0.95928824       1.3769798      -12.829993      0.26517617       9.1051737       23.822088    1.479131e-13       1.8415188      0.42484777       0.42484777      -23.993988      -23.993988
             25      -11.314951      0.60803645        1.020161      -12.920093       0.4122503       4.0554258       10.475168   1.2020077e-13       2.5837488      0.33840651       0.33840651      -23.306714      -23.306714
              5      -12.224606      0.51384277       1.1039095      -12.920502      0.62889693       3.2646962       12.703095   1.2008762e-13       4.2549742      0.36102202       0.36102202      -25.171257      -25.171257
             20      -12.114958       0.4865797       1.1481992      -12.921319      0.55660659       3.0660533       14.066927   1.1986188e-13       3.6025216      0.43258437       0.43258437      -25.095085      -25.095085
              6      -12.371179      0.58720715       1.1827955      -12.894992       0.4589321       3.8655131       15.233352   1.2735272e-13       2.8769486      0.26952078       0.26952078      -25.281399      -25.281399
              8      -12.021762      0.64128362       1.1368099       -12.91076      0.44007737       4.3780793       13.702818   1.2281188e-13       2.7547194       0.2418972        0.2418972      -24.527319      -24.527319
             15      -12.062971      0.45878822       1.2028124      -12.889221      0.37846204       2.8759956       15.951899   1.2905639e-13        2.390353      0.55394392       0.55394392      -25.233831      -25.233831
             25      -11.775517      0.45579152       1.2987925      -12.845507      0.31943494       2.8562191       19.897225    1.427227e-13       2.0865795      0.61994103       0.61994103      -24.790916      -24.790916
             10      -11.753479       0.4379361       1.2653215      -12.888041       0.6225907       2.7411708       18.421351   1.2940742e-13       4.1936357      0.48930812       0.48930812      -24.485574      -24.485574
             11      -12.371648      0.62941614       1.2919692      -12.883198      0.67532346       4.2600641       19.587058   1.3085854e-13        4.735038      0.17251373       0.17251373      -25.088323      -25.088323
              2      -12.370306      0.86463711       1.3372906      -12.853608       0.4653533       7.3221245       21.741557   1.4008511e-13       2.9198013      0.14744664       0.14744664      -25.035506      -25.035506
             12      -12.127773       1.0739968       1.2844463      -12.880587      0.52789907       11.857599        19.25069   1.3164774e-13       3.3720893      0.30568182       0.30568182      -24.866909      -24.866909
              6      -11.403885       1.0832227       1.3021425      -12.874235       0.5455406        12.11219       20.051297   1.3358732e-13       3.5118876      0.31556982       0.31556982      -23.438911      -23.438911
              3       -11.22638       1.0061078       1.3541982      -12.873622      0.49035722        10.14163        22.60467   1.3377606e-13       3.0928383      0.26997485       0.26997485       -22.99271       -22.99271
             29      -12.109784       1.0625103       1.3911652      -12.872103      0.52843983       11.548093       24.613038   1.3424472e-13       3.3762907      0.35671308       0.35671308      -24.932994      -24.932994
              9      -11.874097       1.0118026       1.3013111      -12.874239      0.57396306       10.275492       20.012948   1.3358608e-13       3.7494111      0.20298742       0.20298742      -24.154169      -24.154169
             16      -11.498851       1.0306356       1.3063217      -12.874287      0.58960311       10.730887       20.245184   1.3357121e-13       3.8868977      0.22574177       0.22574177      -23.449186      -23.449186
             19      -11.263722      0.90885539       1.1848323      -12.881198      0.31362783       8.1069107       15.304965    1.314626e-13       2.0588648      0.25969062       0.25969062      -23.046825      -23.046825
              6       -11.75521       1.0925117       1.2185203      -12.880011      0.31171596       12.374046        16.53942   1.3182223e-13       2.0498211      0.48019232       0.48019232      -24.470805      -24.470805
              2      -11.728704       1.0588755       1.2343492       -12.87638      0.31788615       11.451847        17.15336   1.3292911e-13       2.0791516      0.42041116       0.42041116      -24.298231      -24.298231
              6      -11.598313       1.1667613       1.0499752       -12.89766      0.74377255       14.681193       11.219545   1.2657272e-13       5.5433532       0.4454766        0.4454766       -24.08758       -24.08758
              5      -12.385491      0.93531606        1.370784      -12.876051      0.60742245       8.6162056       23.484647   1.3302975e-13       4.0496963      0.17304206       0.17304206      -25.117066      -25.117066
              6      -11.761364      0.92634065       1.2984347      -12.879454       0.5249432       8.4399651       19.880838   1.3199162e-13       3.3492164      0.14496416       0.14496416      -23.812657      -23.812657
              2      -12.403959      0.93769893       1.2950425      -12.877909      0.53371822       8.6636108       19.726159   1.3246205e-13       3.4175763      0.14527125       0.14527125       -25.09846       -25.09846
              9      -12.455975      0.93990937        1.296332      -12.878218      0.53807646       8.7078185       19.784814    1.323676e-13       3.4520451       0.1462776        0.1462776      -25.204505      -25.204505
             10      -11.294546      0.92377166       1.3462942      -12.864867      0.54181073       8.3901873       22.196997   1.3649998e-13       3.4818554      0.15243767       0.15243767      -22.893966      -22.893966
              2      -11.679013      0.81350327       1.1575609      -12.889336      0.38188769       6.5088351       14.373445   1.2902204e-13       2.4092823      0.16676613       0.16676613      -23.691558      -23.691558
              3      -12.055237      0.83092425        1.119584      -12.887917      0.26280859       6.7752332       13.169946   1.2944421e-13        1.831507      0.29728141       0.29728141      -24.705036      -24.705036
              9      -12.031601       0.8638799       1.1226528      -12.885696      0.26611759       7.3093692       13.263337   1.3010805e-13       1.8455151      0.29689066       0.29689066      -24.656983      -24.656983
             40      -12.087728      0.99812881       1.1190897      -12.894178      0.32099428       9.9570069       13.154965   1.2759152e-13       2.0940849      0.34064264       0.34064264       -24.85674       -24.85674
              5      -11.804319       1.1098119       1.2085859      -12.881377      0.27070152       12.876917       16.165379   1.3140825e-13       1.8650974      0.55943713       0.55943713      -24.727512      -24.727512
              3      -11.806877       1.1020122        1.183457      -12.887103      0.26158227       12.647718       15.256573    1.296872e-13       1.8263427      0.55909907       0.55909907      -24.731953      -24.731953
             20      -11.843908       1.0903811       1.2973547      -12.848603      0.28555247       12.313489       19.831461    1.417088e-13       1.9299785      0.51546802       0.51546802      -24.718752      -24.718752
              3      -10.758754       1.3177856       1.5320958      -12.817434      0.35913411       20.786702       34.048328   1.5225292e-13       2.2863047       1.2039707        1.2039707       -23.92545       -23.92545
             15      -9.9350603       1.1779115       1.5625121      -12.825186      0.41831107          15.063       36.518431   1.4955945e-13        2.620059      0.82491011       0.82491011      -21.519941      -21.519941
             10       -10.38696       1.1780429       1.5623224      -12.825181       0.4169666       15.067559        36.50248   1.4956135e-13       2.6119604      0.82600786       0.82600786      -22.425937      -22.425937
              5      -10.374308       1.2778376       1.6800922      -12.786476      0.36680567       18.959967       47.873175   1.6350231e-13       2.3270498       1.3425972        1.3425972      -23.433811      -23.433811
             11      -10.436684        1.264457       1.6929327       -12.78719      0.36365777       18.384718       49.309737   1.6323392e-13       2.3102436       1.3328026        1.3328026      -23.538973      -23.538973
              4      -10.456879       1.2613038       1.6932187      -12.788357      0.37377185       18.251718       49.342218   1.6279558e-13       2.3646771       1.3138774        1.3138774      -23.541513      -23.541513
             26      -9.5971716       1.2650685       1.6661301      -12.795504      0.37080417       18.410625       46.358579    1.601386e-13       2.3485736       1.2693679        1.2693679      -21.733079      -21.733079
              2      -9.5610683       1.3158536       1.4162892      -12.829077      0.19545806       20.694436       26.078896   1.4822549e-13       1.5684044       1.2649215        1.2649215       -21.65198       -21.65198
              5      -11.145126       1.1452939       1.4161926      -12.825309      0.23907584       13.973136       26.073098   1.4951711e-13       1.7341068      0.76820893       0.76820893      -23.826671      -23.826671
              7      -11.943851       1.1957205       1.3149127      -12.878694      0.63561238       15.693526       20.649651   1.3222269e-13       4.3212797      0.52999019       0.52999019      -24.947681      -24.947681
              7      -11.113641       1.0758089      0.93823139      -12.893035      0.74028566        11.90718        8.674239   1.2792775e-13       5.4990246      0.31490875       0.31490875        -22.8571        -22.8571
              8       -12.08864      0.89950007       1.1740741      -12.879573      0.68583624       7.9341438       14.930492   1.3195521e-13       4.8510554     0.046536406      0.046536406      -24.270352      -24.270352
              8      -12.010974      0.90447671       1.1712377      -12.880648      0.69100676       8.0255851       14.833296   1.3162904e-13       4.9091552     0.050535172      0.050535172      -24.123018      -24.123018
              8      -12.119672      0.82079278       1.4673124      -12.877187       0.6886101       6.6190061       29.330025   1.3268227e-13       4.8821385      0.22176837       0.22176837       -24.68288       -24.68288
             34      -11.557551      0.88270955       1.5216381      -12.886391      0.63804374       7.6332511       33.238248    1.298999e-13       4.3455399      0.32007623       0.32007623      -23.755255      -23.755255
              7      -9.9692234      0.66822097       1.8789049       -12.82753      0.60292645       4.6582305       75.666722   1.4875431e-13       4.0079883       1.0377448        1.0377448      -22.013936      -22.013936
             23      -8.7932911      0.66903643        1.872494       -12.82974      0.60537944       4.6669852       74.557951   1.4799948e-13       4.0306904       1.0201059        1.0201059      -19.626794      -19.626794
             36      -9.3866024      0.93096235        1.780664      -12.798425      0.47469068       8.5302615        60.34816   1.5906507e-13       2.9832571      0.84229054       0.84229054      -20.457786      -20.457786
              6      -10.240554      0.90751654       1.7831203      -12.798007      0.47078457       8.0819572       60.690442   1.5921818e-13       2.9565455      0.83528269       0.83528269      -22.151673      -22.151673
              1       -10.58586      0.84334542       1.6521736      -12.826235      0.50196308        6.971808       44.892477   1.4919862e-13        3.176604      0.51474289       0.51474289      -22.201206      -22.201206
             17      -10.726827      0.83301102       1.6661728      -12.822998      0.53247617       6.8078663       46.363135    1.503149e-13       3.4078162      0.52401135       0.52401135      -22.501677      -22.501677
             28      -10.631928      0.83397386       1.6664377      -12.822952       0.5319299       6.8229762       46.391429   1.5033085e-13       3.4035325      0.52488185       0.52488185       -22.31362       -22.31362
             22      -11.933762      0.74762983       1.4476379      -12.867487      0.65426568       5.5928069       28.030958    1.356792e-13       4.5109257      0.19942183       0.19942183      -24.266367      -24.266367
             10      -12.358502      0.88144643       1.3781691      -12.865169      0.57795346       7.6110825       23.887412   1.3640521e-13       3.7840204      0.14305833       0.14305833       -25.00312       -25.00312
             14       -12.42982      0.65501309       1.2750291      -12.896354      0.85740694       4.5186957       18.837752   1.2695392e-13       7.2012343      0.21573305       0.21573305      -25.291107      -25.291107
              8      -11.473806      0.35464767       1.0100484      -12.917378        0.851937       2.2628078       10.234071   1.2095453e-13       7.1111034      0.78970079       0.78970079      -24.527014      -24.527014
              8       -11.50222      0.65124147       1.1035583      -12.933015      0.74460699        4.479623       12.692824   1.1667705e-13       5.5540143      0.20896235       0.20896235      -23.422366      -23.422366
              3      -11.340467      0.68717178      0.69235043       -13.03291      0.31237042       4.8659963       4.9243672   9.2702275e-14       2.0529124        1.067124         1.067124      -24.815182      -24.815182
              5      -9.2201783      0.76337958       1.1436593      -12.892881      0.56099028       5.7993535       13.920643   1.2797328e-13       3.6390689     0.063375408      0.063375408      -18.567107      -18.567107
              4      -9.6110816      0.77581596       1.1478454       -12.89332      0.53028366       5.9678234       14.055472   1.2784379e-13       3.3906554     0.073547914      0.073547914      -19.369259      -19.369259
              2      -12.057612      0.77415024       1.1939307      -12.887261      0.53429626       5.9449778       15.628982   1.2963994e-13       3.4221281     0.070583868      0.070583868      -24.256393      -24.256393
             13      -11.876179      0.77760274       1.2012393      -12.883438       0.5252096       5.9924268       15.894222   1.3078633e-13       3.3512714      0.07032048       0.07032048      -23.892999      -23.892999
             10      -10.423079       0.6932669      0.77167667      -12.976153      0.64388647       4.9347698       5.9112138   1.0564465e-13       4.4043972      0.50792582       0.50792582      -21.862009      -21.862009
              2      -12.391873      0.79656385      0.98671261      -12.925453      0.69021137       6.2598489       9.6986795   1.1872626e-13       4.9001726      0.13512791       0.13512791      -25.054001      -25.054001
              4      -11.845126      0.62796456       1.0470941      -12.904887      0.88519793       4.2458491       11.145359   1.2448382e-13        7.677113      0.24574522       0.24574522      -24.181743      -24.181743
             16         -11.503      0.61847175       1.0470646      -12.904428      0.87649727       4.1540503       11.144602   1.2461545e-13         7.52484        0.249622         0.249622      -23.505245      -23.505245
             23      -11.409725      0.49192005       1.2638477      -12.873067         1.12334       3.1039881       18.358946   1.3394714e-13        13.28434      0.68977408       0.68977408      -24.198997      -24.198997
              5      -11.781288      0.41469277       1.1556542      -12.916606      0.95541163       2.5983208       14.310481   1.2116971e-13       9.0242606      0.69369294       0.69369294      -24.949962      -24.949962
             15      -11.640597      0.35624629       1.2077195       -12.90077      0.94423725       2.2711525       16.133162   1.2566962e-13       8.7950286      0.81286703       0.81286703      -24.906927      -24.906927
              9       -11.76225      0.34982489       1.2165236      -12.901811      0.94653197       2.2378187       16.463556   1.2536872e-13       8.8416226      0.83738353       0.83738353      -25.199266      -25.199266
             16      -11.711597       0.3673342       1.1753429      -12.909856       0.9415604       2.3298835       14.974176   1.2306762e-13       8.7409854       0.7900045        0.7900045      -25.003203      -25.003203
             29      -11.344883      0.31467065       1.2930884      -12.870265       1.0241262       2.0638144       19.637599   1.3481391e-13       10.571246       1.0082665        1.0082665      -24.706299      -24.706299
             31      -11.738046      0.31581544       1.2212749      -12.897965      0.88081512       2.0692618       16.644659   1.2648395e-13       7.6000266      0.87781583       0.87781583      -25.231724      -25.231724
              4      -11.523533      0.27317608       1.2398315      -12.902097      0.94514726       1.8757549       17.371268   1.2528624e-13       8.8134767       1.0766638        1.0766638      -25.200393      -25.200393
             28      -11.514148      0.25189986       1.2343041      -12.901074      0.94678554       1.7860757       17.151579   1.2558157e-13       8.8467865       1.1445849        1.1445849      -25.317466      -25.317466
              6      -11.526738      0.25196676       1.1507072      -12.913565      0.85085297       1.7863508       14.148396   1.2202116e-13       7.0933758       1.0763429        1.0763429      -25.206162      -25.206162
             21      -11.459634       0.2316739        1.145061      -12.911864      0.83483742       1.7048018       13.965646   1.2250009e-13       6.8365566       1.1329288        1.1329288      -25.185125      -25.185125
              6      -11.405457      0.19326066       1.2135651      -12.903399      0.77239593       1.5604888       16.351782   1.2491096e-13       5.9210119       1.2413183        1.2413183      -25.293551      -25.293551
              5      -11.469303      0.21953435       1.2512766      -12.902131      0.80673758       1.6578085       17.835142   1.2527643e-13       6.4082225       1.1710106        1.1710106      -25.280627      -25.280627
              1      -10.450842       0.3442096       1.2622222      -12.876229      0.96699228       2.2090706       18.290357   1.3297534e-13       9.2681336      0.85166158       0.85166158      -22.605007      -22.605007
             32      -11.227156      0.37362936       1.3262161      -12.895098        1.052127       2.3639014       21.194157   1.2732166e-13       11.275272      0.93154323       0.93154323      -24.317399      -24.317399
              8      -10.923858      0.37991585       1.3129846      -12.895562       1.0496952       2.3983682       20.558178   1.2718563e-13       11.212312      0.90375652       0.90375652      -23.655228      -23.655228
              1      -10.763384      0.46169044       1.2520688      -12.909523       1.1930346       2.8952791       17.867707   1.2316196e-13       15.596768      0.91447298       0.91447298      -23.355715      -23.355715
              5      -10.940759      0.31087708         1.25941      -12.898148       1.1961522       2.0458655       18.172305   1.2643064e-13       15.709132       1.2888356        1.2888356       -24.45919       -24.45919
              4      -10.340968      0.46140572       1.3403904      -12.884084       1.1811176       2.8933816        21.89729   1.3059185e-13       15.174612      0.90436015       0.90436015      -22.490657      -22.490657
             10      -11.817754      0.46894243       1.3139879      -12.905717      0.94468129       2.9440314       20.605724   1.2424609e-13       8.8040255      0.60235108       0.60235108       -24.84021       -24.84021
              1      -11.861584      0.47443907       1.3111584      -12.907236      0.94641005       2.9815292       20.471914   1.2381249e-13       8.8391408      0.59374332       0.59374332      -24.910654      -24.910654
              2       -11.81215      0.47865179       1.3169916      -12.905669      0.92980689       3.0105912       20.748735   1.2425996e-13       8.5075966      0.57144449       0.57144449      -24.767188      -24.767188
              8      -11.903355      0.53524354       1.3278553      -12.902788      0.93599552       3.4296006         21.2743   1.2508687e-13       8.6296964      0.47483074       0.47483074      -24.756372      -24.756372
              8      -11.950397      0.56400047       1.3398401      -12.901232      0.93492648       3.6643797        21.86956   1.2553586e-13         8.60848      0.43436922       0.43436922      -24.769533      -24.769533
              1      -11.810314      0.55780863       1.3379877      -12.901338      0.93733364       3.6125064       21.776482   1.2550518e-13       8.6563267      0.44463546       0.44463546      -24.509898      -24.509898
             11      -12.508011      0.77664491       1.1941254      -12.871919      0.92271168       5.9792252       15.635992   1.3430161e-13       8.3697345      0.12660026       0.12660026      -25.269222      -25.269222
             70      -11.436201       0.4592595       1.2238025       -12.87847       1.1975067       2.8791182       16.741812   1.3229083e-13       15.758202      0.86447548       0.86447548      -24.601353      -24.601353
             16      -11.962877      0.39362588       1.2959801      -12.884649      0.70160826       2.4752888        19.76879   1.3042193e-13       5.0304665       0.6055239        0.6055239      -25.136802      -25.136802
              7      -12.012883      0.39773663       1.3072074      -12.879767      0.71237594       2.4988295       20.286513   1.3189643e-13       5.1567484      0.59684377       0.59684377      -25.219453      -25.219453
              8      -11.007204      0.25045294       1.3839369      -12.892968      0.83502665        1.780135       24.206774    1.279476e-13       6.8395361       1.1512408        1.1512408       -24.31689       -24.31689
              6      -11.388002      0.36757552       1.2920698      -12.899275      0.75247414       2.3311784       19.591593   1.2610302e-13       5.6555409      0.70426704       0.70426704      -24.184538      -24.184538
              2      -11.554887      0.52760699       1.3276602      -12.900132      0.81386665       3.3698222       21.264748   1.2585433e-13       6.5142834      0.40045696       0.40045696      -23.910687      -23.910687
              9      -12.407815      0.61522924       1.3260565      -12.879571      0.78442821        4.123151       21.186366   1.3195598e-13       6.0873491      0.22784475       0.22784475      -25.271319      -25.271319
             12      -11.672376      0.55967943       1.4683349      -12.857367      0.65089149       3.6281015        29.39916   1.3887793e-13       4.4760146      0.39322053       0.39322053      -24.131193      -24.131193
             11      -11.823311      0.43225369       1.3078845      -12.896683       0.8680565       2.7055383       20.318164   1.2685767e-13       7.3800024      0.60231008       0.60231008      -24.851242      -24.851242
             15      -11.635655      0.50453969       1.3728216      -12.893914      0.85351152       3.1955064       23.595089   1.2766909e-13       7.1369314      0.48782878       0.48782878      -24.246967      -24.246967
             23      -11.955319      0.53329324       1.4187667      -12.871655      0.82453397       3.4142337       26.228091   1.3438314e-13       6.6762713      0.43346222       0.43346222      -24.777563      -24.777563
             47      -11.785997      0.52955743       1.4178777      -12.868211      0.82934842       3.3849903       26.174459     1.35453e-13        6.750694      0.43763674       0.43763674      -24.447267      -24.447267
              6       -11.35422      0.52680112       1.4241627      -12.867217      0.83189281       3.3635751          26.556   1.3576342e-13       6.7903602      0.44915946       0.44915946      -23.606759      -23.606759
              9      -12.254921      0.58619577       1.3714933      -12.877897      0.81489846       3.8565216       23.523032   1.3246543e-13       6.5297786      0.31125584       0.31125584      -25.132355      -25.132355
             30      -11.462689       0.3404872       1.3781676       -12.89659      0.95407548       2.1902173       23.887328   1.2688492e-13       8.9965393      0.95940304       0.95940304      -24.844183      -24.844183
             10      -10.944842      0.28915997       1.3864276      -12.895488       1.0085189       1.9460768       24.346002   1.2720724e-13       10.198092       1.1743819        1.1743819      -24.238448      -24.238448
              1      -10.565604      0.50595326       1.4637299      -12.875873      0.75448354       3.2059243       29.089073   1.3308433e-13       5.6817685      0.50835553       0.50835553       -22.14792       -22.14792
             13      -12.317466      0.67338508       1.0620572      -12.934164      0.65516214       4.7139511       11.536051   1.1636865e-13       4.5202468      0.18814414       0.18814414      -25.011221      -25.011221
             30      -12.279789       0.6865841       1.0297371      -12.942149      0.66699227       4.8594162       10.708709   1.1424865e-13       4.6450701      0.20740896       0.20740896      -24.974395      -24.974395
              9      -11.878516       0.5371577       1.1702254       -12.91366       0.6581874       3.4447499       14.798763   1.2199439e-13       4.5518443      0.30708033       0.30708033      -24.371192      -24.371192
             13      -11.806376      0.53661364       1.1486917      -12.907026      0.79369511       3.4404372       14.082886   1.2387237e-13       6.2186356      0.31713452       0.31713452      -24.247021      -24.247021
             15      -11.913097      0.53716142        1.151709      -12.906404       0.7961027       3.4447795       14.181069   1.2404978e-13       6.2532055      0.31630855       0.31630855      -24.458811      -24.458811
             11      -11.082839      0.46898479       1.1258746      -12.910278      0.74781521       2.9443185       13.362097   1.2294828e-13       5.5951948      0.43298843       0.43298843      -23.031655      -23.031655
              2        -11.0919      0.33004038        1.192072      -12.907278      0.62037103       2.1381609       15.562237   1.2380032e-13       4.1722568      0.77448619       0.77448619      -23.732772      -23.732772
              4      -9.7908863      0.38723022       1.4857888      -12.866715      0.68210348       2.4391034       30.604744   1.3592047e-13       4.8095393      0.77461236       0.77461236      -21.130997      -21.130997
             18      -11.575101      0.43789021        1.114758      -12.913493      0.42288912       2.7408812       13.024407   1.2204145e-13       2.6478241      0.59410864       0.59410864      -24.338419      -24.338419
             16      -11.450022      0.20222013       1.0965773      -12.918019      0.64677785        1.593016       12.490427   1.2077605e-13       4.4338178       1.2073219        1.2073219      -25.314687      -25.314687
              2      -11.630537       0.3562788       1.1443775      -12.916646      0.55894547       2.2713225       13.943683   1.2115862e-13       3.6219752      0.72768082       0.72768082      -24.716435      -24.716435
              3      -11.266778        0.337518       1.1714296      -12.912663      0.59047048       2.1752942       14.839853   1.2227473e-13       3.8946683      0.76564232       0.76564232      -24.064841      -24.064841
              2      -11.391695      0.66170529      0.99223982      -12.946141      0.58281704       4.5888651       9.8229023   1.1320336e-13        3.826635      0.26529646       0.26529646      -23.313984      -23.313984
              4      -11.620848       0.7571177        1.109842      -12.911183      0.53792827       5.7163353       12.877811   1.2269212e-13       3.4508674      0.10731745       0.10731745       -23.45633       -23.45633
              4      -12.354533      0.71351547       1.0967695      -12.917046      0.41520061       5.1702967       12.495956   1.2104711e-13       2.6013609      0.21695207       0.21695207       -25.14297       -25.14297
             14      -12.428404       0.7677031       1.0857293      -12.920514      0.46067733        5.857376       12.182301   1.2008428e-13       2.8885329      0.16880023       0.16880023      -25.194408      -25.194408
              4      -10.705953      0.92050726       1.3476153      -12.840311      0.28097357       8.3273585       22.264621   1.4444067e-13        1.909737      0.35253928       0.35253928      -22.116985      -22.116985
              3      -11.083467      0.93988629       1.3858556      -12.845667      0.42100836       8.7073558       24.313954   1.4267012e-13       2.6363821      0.25681629       0.25681629      -22.680567      -22.680567
             18      -11.987996       1.1160138       1.0504145      -12.920419      0.41985171       13.062124       11.230898   1.2011038e-13         2.62937      0.48060584       0.48060584      -24.937203      -24.937203
             36      -12.444683      0.81790726       1.1764336      -12.876134      0.83775005       6.5751741       15.011827   1.3300445e-13       6.8825607     0.065520151      0.065520151      -25.020406      -25.020406
             25      -12.451049      0.81372955       1.1755174      -12.876165      0.83555043       6.5122273       14.980194   1.3299496e-13       6.8477899     0.064055678      0.064055678       -25.03021       -25.03021
             26      -11.938702      0.41281214       1.0071082      -12.918288      0.75813115       2.5870936        10.16502   1.2070131e-13       5.7296903      0.60079677       0.60079677      -25.078997      -25.078997
              1       -11.86621      0.40486066       1.0547348      -12.914696      0.83951085       2.5401576        11.34318   1.2170387e-13        6.910522      0.63220879       0.63220879      -24.996837      -24.996837
              1      -9.5989805     0.091006807       1.0981321      -12.905364      0.84256019       1.2331242       12.535225   1.2434727e-13        6.959214       1.6763672        1.6763672      -22.550695      -22.550695
             11      -9.9039245       0.1090159       1.1691234      -12.897142      0.79242313       1.2853337       14.761259   1.2672385e-13       6.2004489       1.5626726        1.5626726      -22.933194      -22.933194
              9      -9.8412971     0.088533443       1.2781855      -12.884842       0.8531172       1.2261213       18.975161   1.3036407e-13       7.1304543       1.7005066        1.7005066      -23.083607      -23.083607
              4      -9.1184816     0.066848221       1.0600726      -12.912139      0.90120841       1.1664019       11.483456    1.224224e-13        7.965415       1.8412427        1.8412427      -21.919449      -21.919449
              1      -11.377415      0.21066173       1.1452051      -12.908125      0.83057163       1.6242831       13.970279    1.235591e-13       6.7697344       1.1979358        1.1979358      -25.150701      -25.150701
              4      -10.631014      0.16701312       1.1278208      -12.914237      0.75679821       1.4689707       13.422111   1.2183257e-13       5.7121316       1.3435659        1.3435659       -23.94916       -23.94916
              2      -10.534392      0.87814246       1.0964547      -12.891574      0.38202652       7.5533997       12.486903   1.2835903e-13       2.4100526      0.18243019       0.18243019      -21.433644      -21.433644
              5      -9.5883787      0.44679921      0.29976751      -13.114026      0.59827086       2.7976875       1.9941945   7.6908389e-14       3.9652526         2.54955          2.54955      -24.275857      -24.275857
              7      -8.5300618      0.46288057      0.30951706      -13.110423      0.60126615       2.9032241       2.0394688   7.7549181e-14       3.9926951       2.4621347        2.4621347      -21.984393      -21.984393
              3      -12.231835      0.69404189        1.040758      -12.927355      0.38111305       4.9435837       10.983935   1.1820746e-13       2.4049887      0.29352026       0.29352026       -25.05071       -25.05071
              4       -11.46762      0.84241227       1.0209466      -12.916146      0.43337919       6.9568441       10.494134   1.2129803e-13        2.712559      0.19093937       0.19093937      -23.317118      -23.317118
             16      -12.405571      0.60619369       1.0515651      -12.919559      0.52766888       4.0382546       11.260694   1.2034871e-13       3.3703025      0.25600434       0.25600434      -25.323151      -25.323151
             20      -11.259512       0.4645985      0.69025623      -13.022999      0.39898018       2.9147311       4.9006787   9.4841993e-14       2.5059949        1.250372         1.250372      -25.019769      -25.019769
             14      -10.255472       0.4075353       0.9902556      -12.948403      0.53223436       2.5558496       9.7781253   1.1261522e-13       3.4059193      0.71555769       0.71555769      -21.942059      -21.942059
              5      -8.0387129      0.24250402      0.84005258      -12.959037      0.67764722       1.7478494       6.9191474   1.0989115e-13       4.7604413        1.309466         1.309466      -18.696358      -18.696358
              6      -9.8350694      0.30988776       0.5996258      -13.031091      0.27799608       2.0412104        3.977643   9.3091321e-14       1.8966888       1.9635901        1.9635901      -23.597319      -23.597319
              3      -10.865816      0.23317727      0.68975642       -13.00444      0.48533688       1.7107134        4.895042   9.8982841e-14       3.0572917       1.7501419        1.7501419      -25.231915      -25.231915
              1      -10.512436      0.28871356      0.68310786      -12.992649      0.56381593       1.9440774       4.8206751     1.01707e-13        3.662823       1.4898185        1.4898185       -24.00451       -24.00451
             29      -10.883213       1.1983514        1.601277       -12.85035       0.5528975       15.788884        39.92795   1.4113988e-13       3.5718853      0.86094638       0.86094638       -23.48832       -23.48832
              7       -10.66155       1.2286841        1.436593      -12.807139      0.20285324       16.931057       27.327064   1.5590522e-13       1.5953399       1.0354983        1.0354983      -23.394097      -23.394097
              3      -9.9669842       1.2002626       1.3277202      -12.796364     0.090878972       15.858517       21.267682   1.5982164e-13       1.2327612       1.0641077        1.0641077      -22.062184      -22.062184
             10      -10.991994        1.180812       1.4371335      -12.799502      0.22053266       15.163937       27.361099   1.5867126e-13       1.6616236      0.89986743       0.89986743      -23.783724      -23.783724
             31      -10.857698       1.2058261       1.4464937      -12.797642      0.21854073       16.062978       27.957205    1.593522e-13       1.6540199      0.97206023       0.97206023      -23.659516      -23.659516
             42      -10.117266      0.74832499       1.5078792      -12.921691      0.77189231       5.6017664       32.201727    1.197591e-13       5.9141496      0.38091871       0.38091871       -20.99637       -20.99637
              6      -10.316088      0.61075357       1.5803306      -12.908612      0.90270663       4.0808776       38.047892   1.2342079e-13       7.9929415       0.6394578        0.6394578      -21.911092      -21.911092
             19      -9.7474217      0.56414298       1.5772814      -12.899683      0.85992382       3.6655824       37.781691   1.2598453e-13        7.243089      0.65097409       0.65097409      -20.796792      -20.796792
              1      -9.3609913      0.48559138       1.6171001      -12.895457       0.9609846       3.0590839       41.409513   1.2721642e-13       9.1408083      0.92440694       0.92440694      -20.570797      -20.570797
              9      -9.5890877      0.43766376       1.6897296      -12.863333      0.94097665       2.7394524       48.947394   1.3698317e-13       8.7292444       1.0981468        1.0981468      -21.374469      -21.374469
             10      -9.5891426      0.43769564       1.6897307      -12.863327      0.94099889       2.7396535       48.947522   1.3698485e-13       8.7296913       1.0980919        1.0980919      -21.374469      -21.374469
             17      -10.734413      0.48296847       1.5035151      -12.882235      0.83765412       3.0406643       31.879766   1.3114891e-13       6.8810405      0.64489099       0.64489099      -22.758609      -22.758609
              9      -10.518712      0.54549004        1.644151      -12.869864      0.92026005       3.5114787       44.070807   1.3493855e-13       8.3226196      0.79325403       0.79325403      -22.623932      -22.623932
              5      -11.107792      0.48886457       1.4556977      -12.899478      0.91346979       3.0822267       28.556023   1.2604403e-13       8.1935063      0.65282784       0.65282784      -23.521239      -23.521239
             44      -10.390154       0.4713998        1.285356      -12.935723       1.1259353       2.9607368       19.291054   1.1595166e-13       13.363965      0.86522917       0.86522917      -22.510767      -22.510767
             15      -11.913832      0.52944479        1.376336      -12.879202      0.88873059       3.3841125       23.786799   1.3206807e-13       7.7398152      0.44817394       0.44817394      -24.724011      -24.724011
             37      -12.006747      0.46943034       1.3772583      -12.883218      0.88201233       2.9473407       23.837366   1.3085258e-13       7.6210065      0.56266968       0.56266968      -25.138833      -25.138833
              1      -11.338863      0.40784789       1.3337963      -12.880139      0.88887578       2.5576899       21.567324   1.3178358e-13       7.7424032      0.66686679       0.66686679       -24.01146       -24.01146
             23      -11.471965      0.40803413        1.326758      -12.878569      0.88484002        2.558787       21.220617    1.322608e-13       7.6707886      0.65642026       0.65642026      -24.256771      -24.256771
              2      -11.814699       0.4679833       1.3741429      -12.878951       1.0386365       2.9375367       23.666983   1.3214456e-13       10.930412      0.70619151       0.70619151       -25.04178       -25.04178
              8      -11.885131      0.44639961       1.3666464      -12.884643       1.0212349       2.7951145       23.261964   1.3042392e-13       10.501103      0.73318661       0.73318661      -25.236634      -25.236634
              8      -11.974262      0.45633973       1.3620783      -12.883283       1.0008645       2.8598268        23.01857   1.3083306e-13       10.019925      0.68308892       0.68308892      -25.314702      -25.314702
              9      -10.953963      0.88540824       1.6654693      -12.791769       0.4090815       7.6808316       46.288098   1.6152179e-13       2.5649654      0.63007544       0.63007544      -23.168076      -23.168076
              1      -10.318841      0.88081471       1.6612485      -12.791723      0.40064404       7.6000196        45.84041   1.6153886e-13       2.5156142      0.62745858       0.62745858      -21.892599      -21.892599
              4      -9.5071943      0.89626492       1.7614828      -12.763086      0.38983587       7.8752603       57.740794   1.7254972e-13       2.4537814      0.88020152       0.88020152      -20.774792      -20.774792
             10      -9.4461192      0.89574431       1.7620267      -12.763019      0.38893689       7.8658256       57.813162   1.7257628e-13       2.4487074       0.8820455        0.8820455      -20.656329      -20.656329
             19      -10.002432       1.5034894       1.0401001      -12.840011      0.94560697       31.877874        10.96731   1.4454035e-13       8.8228109       1.5699457        1.5699457      -23.144756      -23.144756
             13      -10.502209       1.5225578       1.0495807      -12.838078      0.93786666       33.308708       11.209358   1.4518497e-13       8.6669573        1.640818         1.640818      -24.286055      -24.286055
             13      -10.142425       1.5310467       1.0409542      -12.841235      0.93653115       33.966182       10.988901   1.4413354e-13       8.6403463       1.6797298        1.6797298      -23.644309      -23.644309
             22      -10.411477       0.6430131       1.1175458      -12.833553        1.125502       4.3955487       13.108281   1.4670573e-13       13.350638      0.40844091       0.40844091      -21.639836      -21.639836
             15      -11.550778      0.66273068       1.1038246      -12.842302       1.0228135       4.5997124        12.70061   1.4377976e-13       10.539342      0.25709943       0.25709943      -23.615756      -23.615756
              3       -11.80942      0.69049646       1.0983537      -12.847894       1.0300527       4.9033902       12.541621   1.4194036e-13       10.716493      0.24607415       0.24607415      -24.110988      -24.110988
              6      -11.849172      0.63144607       1.2411417      -12.883398        0.959919       4.2800227       17.423754   1.3079835e-13       9.1184075      0.28375594       0.28375594      -24.265855      -24.265855
              2      -11.856385      0.66667484       1.2385174      -12.887802      0.97419028       4.6416762       17.318782   1.2947856e-13       9.4230236      0.26849735       0.26849735      -24.249764      -24.249764
              5      -12.086723      0.64236411       1.2219821      -12.907457      0.89889398       4.3889851       16.671786   1.2374943e-13       7.9230788       0.2537261        0.2537261      -24.680897      -24.680897
              4      -11.749661      0.64332052       1.1928218      -12.912566      0.88801275       4.3986613       15.589126   1.2230217e-13       7.7270327      0.24650628       0.24650628      -23.992334      -23.992334
             13      -12.030973      0.67732898       1.2924957      -12.888316      0.86620205       4.7569543       19.610818   1.2932545e-13       7.3485566      0.19853546       0.19853546      -24.459017      -24.459017
              5      -12.044818      0.50608285       1.2976494      -12.898977      0.98104972        3.206881       19.844923   1.2618942e-13       9.5730366       0.5417313        0.5417313      -25.173098      -25.173098
              6      -11.608848      0.65205196       1.2878753      -12.898954      0.92766685       4.4879908       19.403285   1.2619617e-13       8.4657774      0.28153017       0.28153017      -23.780756      -23.780756
             26      -11.522191      0.61012218        1.315702      -12.883988      0.96408151        4.074949       20.687212   1.3062059e-13       9.2062235      0.35348835       0.35348835      -23.751358      -23.751358
             27      -11.827193        0.558246       1.2806237      -12.894451       1.0732014       3.6161463       19.081991   1.2751137e-13       11.835903      0.54386883       0.54386883      -24.742123      -24.742123
              1      -11.144035       0.5749174        1.295602      -12.886438       1.0860071       3.7576593       19.751589   1.2988586e-13       12.190096       0.5324143        0.5324143      -23.352899      -23.352899
              6      -11.559812       0.7123436       1.2782553      -12.879207      0.80162633       5.1563644       18.978211    1.320666e-13       6.3332456      0.11815316       0.11815316      -23.355931      -23.355931
              3      -11.398664      0.72434622       1.2541819      -12.880076       0.8009208       5.3008587       17.954855   1.3180263e-13       6.3229653      0.10023009       0.10023009      -22.997788      -22.997788
              3      -10.852827      0.70906428       1.3568608      -12.873627      0.78661326       5.1175757       22.743683   1.3377431e-13       6.1180534       0.1602436        0.1602436      -22.026141      -22.026141
              4      -11.234259       1.0040417       1.2041971      -12.881649      0.71414697       10.093499       16.002841   1.3132616e-13       5.1778202        0.148271         0.148271      -22.765059      -22.765059
             13      -10.678115      0.99127829       1.1647653       -12.89039      0.59634475       9.8011783       14.613874   1.2870938e-13       3.9477055       0.1428795        0.1428795      -21.641989      -21.641989
              1       -11.52858      0.37579408       1.1414851      -12.914608      0.60138794       2.3757136       13.851126   1.2172845e-13       3.9938149      0.65843967       0.65843967       -24.37404       -24.37404
             24      -11.966732      0.38371032       1.0784453      -12.930881      0.57638649       2.4194147       11.979683   1.1725177e-13       3.7703919      0.68471473       0.68471473      -25.302893      -25.302893
              7      -11.928329      0.39028202       1.0915466      -12.933767      0.58222809       2.4563035       12.346578   1.1647504e-13       3.8214492      0.67201128       0.67201128       -25.20068       -25.20068
              7      -11.654596      0.86237592        1.069081      -12.920514      0.42581894       7.2841004       11.724139    1.200841e-13       2.6657471      0.19904436       0.19904436      -23.707281      -23.707281
              3      -11.539383      0.80186194       1.0547924      -12.936608      0.42156445       6.3366824       11.344684   1.1571555e-13       2.6397601      0.23757088       0.23757088      -23.553909      -23.553909
              3      -11.943495      0.73082932       1.1408067      -12.906647      0.45931728       5.3805828       13.829507   1.2398043e-13       2.8795013      0.15259938       0.15259938      -24.192189      -24.192189
              5      -12.360611      0.62750381       1.0621497      -12.917922       0.6005763        4.241347        11.53851   1.2080298e-13       3.9863581      0.20039174       0.20039174      -25.122005      -25.122005
             10      -12.434252      0.70243382        1.271583      -12.886126      0.48679801       5.0400381       18.688867   1.2997918e-13       3.0675949      0.15462323       0.15462323      -25.177751      -25.177751
              2      -12.019942      0.98204127       1.2564926      -12.880632      0.52791743       9.5949181       18.050639   1.3163408e-13       3.3722319      0.17075946       0.17075946      -24.381404      -24.381404
              5      -11.976337      0.93135952       1.1707396       -12.89933      0.53176254       8.5380663       14.816294   1.2608693e-13       3.4022212      0.12622002       0.12622002      -24.205114      -24.205114
              8      -9.8092018       0.8026003      0.91148246      -12.916264      0.30380662       6.3474648       8.1560984   1.2126526e-13       2.0128278      0.37269337       0.37269337       -20.36379       -20.36379
              4      -11.499372      0.69827674       1.1009619      -12.901654      0.26208189       4.9920249       12.617167     1.25414e-13       1.8284449        0.359142         0.359142      -23.717028      -23.717028
              2      -11.260907      0.69721672       1.1079675      -12.899876      0.26285193       4.9798552       12.822347   1.2592855e-13       1.8316898      0.35522699       0.35522699      -23.232268      -23.232268
              5      -10.860034      0.75894476       1.0878126      -12.887422      0.25998481       5.7404344       12.240878   1.2959201e-13       1.8196372      0.30913056       0.30913056      -22.338329      -22.338329
              4      -10.848218      0.76176642       1.0778552      -12.889156      0.25947462       5.7778521       11.963417   1.2907546e-13       1.8175008      0.31287685       0.31287685      -22.322189      -22.322189
              8      -11.781283      0.60228914       1.1013044      -12.908048      0.40266234       4.0021111       12.627123   1.2358116e-13       2.5273322      0.31120756       0.31120756      -24.184981      -24.184981
              2      -12.373797      0.91898951       1.0427825      -12.936246      0.43859165       8.2983072       11.035259   1.1581224e-13       2.7453116      0.26136863       0.26136863      -25.270332      -25.270332
              2      -11.848283      0.88523248        1.367374      -12.885106      0.66612301       7.6777238       23.300971   1.3028502e-13       4.6357821      0.14624565       0.14624565      -23.989058      -23.989058
              3      -12.316456      0.81683492       1.4368256      -12.869468      0.63131986        6.558959       27.341708    1.350617e-13        4.278779      0.17937531       0.17937531      -24.991662      -24.991662
             59      -11.988857      0.83521956       1.5026977      -12.876368       0.6557161       6.8425748        31.81982    1.329327e-13       4.5260162       0.2660612        0.2660612      -24.509836      -24.509836
             15      -11.736554      0.85698542       1.5497797      -12.872567      0.64130456       7.1942482       35.463341   1.3410137e-13       4.3782904      0.33266662       0.33266662       -24.13844       -24.13844
             12      -11.083728      0.60292878       1.4881683      -12.878868      0.80762318       4.0080099       30.772893   1.3216963e-13       6.4213032      0.41113961       0.41113961      -22.989735      -22.989735
              8      -11.653547      0.58888482       1.4874114      -12.875492      0.85370568       3.8804744       30.719304   1.3320106e-13       7.1401228      0.44861563       0.44861563      -24.204325      -24.204325
             31      -11.679143      0.58582169       1.4926251      -12.874958      0.85456019       3.8532012       31.090314   1.3336507e-13       7.1541854      0.45924505       0.45924505      -24.276775      -24.276775
             32      -11.581717       0.5966095       1.4711094      -12.880048      0.83218068       3.9501128       29.587575   1.3181114e-13       6.7948627      0.41185861       0.41185861      -23.987151      -23.987151
              7      -10.498248      0.74760628       1.4606325      -12.874587       0.7628743       5.5925037       28.882349   1.3347917e-13       5.7926101      0.23655978       0.23655978      -21.469615      -21.469615
             10      -10.221583      0.17158012       1.5743563      -12.862444      0.78203319       1.4844997       37.528077   1.3726383e-13       6.0538714       1.6088644        1.6088644      -23.660894      -23.660894
              5      -9.9342253       0.1547543       1.5749725      -12.862578      0.77684558       1.4280858       37.581358   1.3722149e-13       5.9819886       1.6739438        1.6739438      -23.216338      -23.216338
             40      -9.6570377      0.28114065       1.5947691      -12.856714      0.72440608       1.9104719        39.33409   1.3908694e-13       5.3015893       1.2334927        1.2334927      -21.781061      -21.781061
              8      -9.5197502      0.23584244        1.608327      -12.855287       0.7139102        1.721244       40.581402    1.395446e-13       5.1749981       1.4043413        1.4043413      -21.848183      -21.848183
              3       -10.26934      0.40062446       1.5758228      -12.826514      0.58895409       2.5155008       37.655015   1.4910277e-13       3.8810934      0.85651776       0.85651776      -22.251715      -22.251715
              3      -10.280327       0.5656273       1.6406117      -12.793868      0.47999331       3.6781319       43.713112   1.6074316e-13       3.0199052      0.69674899       0.69674899      -21.954151      -21.954151
              5      -10.321505      0.64090912       1.6908145      -12.776499       0.4830882       4.3743056       49.069822   1.6730187e-13       3.0415027      0.71083211       0.71083211      -22.064674      -22.064674
             11      -9.9840418      0.41460672       1.5202108      -12.833276      0.48465868       2.5978061       33.129189   1.4679944e-13       3.0525211      0.78606059       0.78606059      -21.540205      -21.540205
              6      -8.3349376      0.43977034        1.521345      -12.838156      0.47875957       2.7527726        33.21582   1.4515905e-13       3.0113384       0.7340927        0.7340927      -18.138061      -18.138061
             10      -7.8982036      0.35347676       1.5762699      -12.830006      0.47620747       2.2567152       37.693799   1.4790867e-13       2.9936944       1.0307777        1.0307777      -17.857963      -17.857963
             17      -11.801791      0.72769744       1.3702175      -12.785557      0.23623783       5.3419207       23.454033   1.6384881e-13       1.7228118      0.43090967       0.43090967      -24.465402      -24.465402
             15      -11.789827      0.68909316       1.3774816      -12.790835      0.24749872       4.8875719       23.849629   1.6186945e-13        1.768067      0.44094382       0.44094382      -24.461541      -24.461541
             21      -11.277852      0.64670643       1.4101732        -12.7822      0.30936634       4.4330888       25.714213   1.6512019e-13       2.0387611      0.43782961       0.43782961      -23.431362      -23.431362
              8       -9.667861       1.0679254       1.4805573      -12.741789      0.13982104       11.692985       30.238292   1.8122215e-13       1.3798156      0.93939609       0.93939609      -21.214514      -21.214514
              6      -9.7546897      0.80680827       1.7628689      -12.655559       0.1865405       6.4092657       57.925387   2.2102474e-13       1.5365281       1.4096596        1.4096596      -22.328699      -22.328699
              2      -8.8366565      0.25339383       1.3954727      -12.754389        0.128712       1.7922304       24.858375   1.7603976e-13       1.3449681       1.5829998        1.5829998      -20.839313      -20.839313
              9      -10.604208      0.90404064       1.6456125      -12.722584      0.29620509       8.0175308       44.219364   1.8941574e-13       1.9779035      0.83073937       0.83073937      -22.869895      -22.869895
             12      -5.9507609      0.80723045       1.7834943      -12.676865      0.31114738       6.4154992       60.742728   2.1044328e-13       2.0471392       1.2051708        1.2051708      -14.311863      -14.311863
             12      -7.7161641      0.70919049       1.8974009      -12.676496       0.3552114       5.1190632       78.958869   2.1062215e-13       2.2657469       1.4715076        1.4715076      -18.375343      -18.375343
              6      -7.6875566      0.67083004       1.8874161      -12.677702      0.37139045       4.6862995       77.164244   2.1003806e-13       2.3517462       1.4527952        1.4527952      -18.280704      -18.280704
             11      -9.3387827      0.72564472       1.8330732      -12.686904      0.33120873       5.3167314       68.088409   2.0563449e-13       2.1439208       1.2873243        1.2873243      -21.252214      -21.252214
              8      -9.4022959      0.72795867        1.837829      -12.685575      0.32924726       5.3451349       68.838115   2.0626462e-13       2.1342597       1.3043879        1.3043879      -21.413367      -21.413367
             11      -9.7607347      0.73328191       1.8360433      -12.683718      0.32187387       5.4110545       68.555652   2.0714873e-13       2.0983304       1.3118481        1.3118481      -22.145166      -22.145166
              2      -9.5627455      0.68737607       1.9000082      -12.664728      0.29401055       4.8682859       79.434331   2.1640735e-13       1.9679341       1.6051089        1.6051089      -22.335709      -22.335709
             11      -9.3569141      0.64655937        1.902098      -12.661108      0.26514588       4.4315879       79.817476   2.1821874e-13       1.8413904       1.6967337        1.6967337      -22.107296      -22.107296
             10      -9.2105082      0.61134513       1.8878304      -12.663686      0.25484367         4.08644       77.237895   2.1692725e-13       1.7982235       1.7011717        1.7011717       -21.82336       -21.82336
             10        -9.15074      0.61657484       1.8812287       -12.66479      0.24710514       4.1359458       76.072676   2.1637662e-13       1.7664654       1.6838678        1.6838678      -21.669216      -21.669216
              6      -6.6487115      0.63408614       1.6465007      -12.729934      0.30161117       4.3061201       44.309888   1.8623722e-13       2.0026782      0.87698354       0.87698354       -15.05139       -15.05139
             21      -10.607564      0.77303461      0.86244097      -12.940739      0.24724768       5.9297258       7.2851915   1.1462026e-13       1.7670453      0.54917304       0.54917304      -22.313474      -22.313474
              8      -10.345838       1.3671651       1.1745264      -12.874825      0.14546894       23.289766        14.94605   1.3340594e-13        1.397877       1.3949333        1.3949333      -23.481543      -23.481543
             22      -9.0776413       1.5078628       1.1465971      -12.875842     0.053735711       32.200511       14.015129   1.3309389e-13       1.1317115       2.0946232        2.0946232      -22.344529      -22.344529
             17      -7.2844158        1.458592      0.84008244      -12.869084     -0.19306946       28.746966        6.919623   1.3518112e-13      0.64110703       2.6130387        2.6130387      -19.794909      -19.794909
             17      -8.3222547        1.474543      0.78144523      -12.947718     0.099393949       29.822429        6.045681    1.127929e-13       1.2571698       2.2161342        2.2161342      -21.076778      -21.076778
             16      -10.157166       1.3316751       1.0282397      -12.912207       0.1889444       21.462241        10.67185   1.2240331e-13       1.5450566       1.2798721        1.2798721      -22.874076      -22.874076
              1      -12.303405       1.1182632       1.1703763      -12.898134      0.63079476       13.129955       14.803905   1.2643475e-13       4.2736087      0.33763532       0.33763532      -25.282081      -25.282081
              3      -12.003658       1.1272468       1.1885162      -12.892057      0.63200269       13.404381       15.435341   1.2821635e-13       4.2855117      0.34785042       0.34785042      -24.703018      -24.703018
              5      -11.219503       1.2349069       1.1146373      -12.913269      0.59855452       17.175404        13.02079   1.2210429e-13       3.9678434      0.62605482       0.62605482      -23.691116      -23.691116
              4      -11.678033      0.62955989       1.2149396      -12.887672      0.79983997       4.2614745       16.403617   1.2951734e-13       6.3072488      0.17196273       0.17196273      -23.699991      -23.699991
             12      -10.287777      0.64641585       1.1987956      -12.888281      0.66097524       4.4301237        15.80504    1.293358e-13       4.5811576      0.12222302       0.12222302      -20.820001      -20.820001
             10      -11.664814      0.76387317       1.3088776      -12.884756      0.57494257       5.8059484        20.36468   1.3038988e-13       3.7578771      0.10616223       0.10616223      -23.541951      -23.541951
             11      -11.935426      0.59957205       1.4476997        -12.8431      0.43362886       3.9771507       28.034946   1.4351606e-13       2.7141188      0.39359065       0.39359065      -24.658032      -24.658032
             14      -8.8238921    -0.091650223       1.6168464       -12.85113      0.65830943       0.8097478       41.385332   1.4088659e-13       4.5531235       2.8751391        2.8751391      -23.398062      -23.398062
              1      -8.8699551    -0.059094615       1.6051121       -12.85601       0.6674408      0.87278121       40.282097   1.3931254e-13       4.6498698       2.6841809        2.6841809      -23.108272      -23.108272
              7       -8.961169    -0.047626015       1.6151413      -12.853045      0.66587563      0.89613612       41.223164   1.4026694e-13       4.6331422       2.6390305        2.6390305      -23.200399      -23.200399
              2      -9.5203582      0.10688313       1.3442775      -12.885123      0.53256102       1.2790371        22.09416   1.3027975e-13       3.4084822       1.6390172        1.6390172      -22.318751      -22.318751
              5      -10.598887     0.031502896       1.1317152      -12.913583      0.85311117       1.0752338       13.543009   1.2201601e-13       7.1303553        1.968166         1.968166      -25.134105      -25.134105
             10      -10.367137   -0.0070447363       1.2574684      -12.899973      0.96490844      0.98390975       18.091244   1.2590029e-13       9.2237694       2.2471644        2.2471644      -25.228602      -25.228602
              7      -10.008555      0.06406019       1.2490438      -12.896685       1.0211416        1.158938       17.743684   1.2685702e-13       10.498848       1.9607471        1.9607471      -23.938604      -23.938604
              1      -10.070055      0.16425638       1.3634217       -12.87451      0.92996279       1.4596757       23.089882   1.3350282e-13       8.5106512       1.4881292        1.4881292      -23.116369      -23.116369
             10      -10.478283      0.17435638       1.3663274      -12.876861       0.9396073       1.4940199       23.244883   1.3278202e-13       8.7017641       1.4626337        1.4626337      -23.881833      -23.881833
              5      -8.1998477     0.037961645        1.352751       -12.86734      0.94935805       1.0913439       22.529471    1.357249e-13       8.8993452        2.030525         2.030525      -20.460745      -20.460745
              9       -9.790286      0.26888272       1.3345938       -12.84785      0.34360549       1.8573028       21.606965   1.4195489e-13       2.2059999       1.1256753        1.1256753      -21.831923      -21.831923
              5      -11.316001      0.55162474       1.3785862      -12.834245       0.3892085       3.5614327       23.910364   1.4647202e-13       2.4502393      0.42648216       0.42648216      -23.484967      -23.484967
              7       -10.19109    -0.056858046       1.3248575      -12.876803      0.64429113      0.87728753       21.127957   1.3279963e-13       4.4085029       2.3625281        2.3625281      -25.107236      -25.107236
              2       -9.264372      0.68206338       1.3480545      -12.867574      0.70283175       4.8090952        22.28715   1.3565201e-13       5.0446583      0.14448825       0.14448825       -18.81772       -18.81772
              7      -10.419428      0.83260583       1.1051872       -12.92185      0.45196292       6.8015177       12.740523   1.1971549e-13       2.8311502      0.17192298       0.17192298      -21.182701      -21.182701
             12      -10.916922      0.35207394       1.1795695      -12.897528      0.77676863       2.2494375       15.120617   1.2661125e-13       5.9809288      0.70662014       0.70662014      -23.247085      -23.247085
              8      -11.725302      0.56221305      0.75654658      -13.022646      0.51508951       3.6493292        5.708823   9.4919253e-14       3.2740817      0.90297922       0.90297922      -25.256563      -25.256563
             20      -7.9300899      0.58623589      0.88104189      -12.982226      0.50833078       3.8568779       7.6039962    1.041774e-13        3.223523      0.57098946       0.57098946      -17.002159      -17.002159
             14      -12.157666      0.89674757       1.0067308      -12.941183        0.415937       7.8840174        10.15619   1.1450307e-13       2.6057755      0.29143502       0.29143502      -24.898202      -24.898202
             12      -12.264344       1.0331195       1.0475064      -12.928892      0.51140027       10.792437       11.155947   1.1778979e-13       3.2463868      0.30932439       0.30932439      -25.147336      -25.147336
              3      -12.300296       1.1060201       1.0872248      -12.928301      0.62684609       12.764979       12.224322   1.1795036e-13       4.2349286      0.37740191       0.37740191      -25.355396      -25.355396
             12      -12.214288      0.51954774       1.0933676      -12.917875       0.5557208       3.3078648       12.398456   1.2081622e-13       3.5951814      0.36372162       0.36372162       -25.15602       -25.15602
              7      -11.812961      0.33066599       1.0822059      -12.924408      0.66024284       2.1412432       12.083865   1.1901225e-13       4.5734385      0.80023723       0.80023723      -25.226397      -25.226397
              6      -11.930119       0.3582997       1.0613156      -12.929961      0.61408378       2.2819162       11.516369   1.1750041e-13       4.1122905      0.74405278       0.74405278      -25.348344      -25.348344
             13      -10.328537      0.62914241       0.4241533      -13.087569      0.12424816       4.2573799       2.6555428   8.1739294e-14       1.3312149       2.2222736        2.2222736       -25.10162       -25.10162
              9      -10.265377      0.38403224      0.51835879      -13.072258      0.24644244       2.4212088       3.2988213   8.4672413e-14        1.763772       2.1777187        2.1777187      -24.886191      -24.886191
             24      -9.7886022      0.35880746      0.42067674      -13.066226     0.083146639       2.2845857       2.6343698   8.5856611e-14        1.211007       2.6952498        2.6952498      -24.967704      -24.967704
              9      -9.5525517      0.34191556      0.36825216        -13.0762       0.1053283       2.1974326       2.3348133   8.3907343e-14       1.2744661       2.8905553        2.8905553      -24.886214      -24.886214
             13      -9.4196797      0.34404924      0.37245315      -13.076134      0.11020517       2.2082551       2.3575079   8.3920092e-14       1.2888583       2.8644052        2.8644052       -24.56817       -24.56817
             12      -8.7803216      0.30261653      0.28838835      -13.100034     0.061242693       2.0073196       1.9426222   7.9426626e-14       1.1514437       3.4581669        3.4581669      -24.476977      -24.476977
              5      -9.0109115      0.32094974      0.27889033       -13.10075     0.058204812       2.0938701       1.9005983   7.9295751e-14       1.1434174       3.4409063        3.4409063      -24.903636      -24.903636
              2       -8.837548      0.31825246      0.28020197      -13.100258      0.05985552        2.080906       1.9063471    7.938563e-14       1.1477717       3.4386099        3.4386099      -24.552316      -24.552316
              1       -8.354335      0.14560104      0.79476116      -12.932433   -0.0061125294       1.3983022       6.2339191   1.1683342e-13      0.98602397       2.3796138        2.3796138      -21.467898      -21.467898
              4       -8.666846      0.11001831      0.78961108      -12.934734   -0.0022270286       1.2883039       6.1604308   1.1621595e-13       0.9948852       2.5298525        2.5298525      -22.393397      -22.393397
              8      -9.1191563      0.10654614      0.79891935      -12.934196     0.015700063        1.278045        6.293893   1.1636009e-13       1.0368121       2.4941907        2.4941907      -23.226694      -23.226694
             16      -9.0491213     0.033153586      0.80801204      -12.930695     0.097062217       1.0793284       6.4270553   1.1730179e-13       1.2504382       2.6421789        2.6421789        -23.3826        -23.3826
              1       -8.596634      -0.3080931       1.0989539      -12.912257      0.80085781      0.49193407       12.558966   1.2238906e-13       6.3220483       3.8873141        3.8873141      -24.967896      -24.967896
             15      -9.1419444     -0.22454494       1.0935338      -12.913298      0.81602346      0.59628662       12.403202   1.2209606e-13       6.5467153       3.3529085        3.3529085      -24.989706      -24.989706
              1      -9.8557737    -0.079381945       1.2572435      -12.890072      0.66160123      0.83294832       18.081877   1.2880349e-13       4.5877657       2.4604189        2.4604189      -24.632385      -24.632385
              8      -9.8174446      -0.1259641       1.2469383      -12.891811      0.62163662      0.74823134       17.657868   1.2828894e-13        4.184433       2.7191607        2.7191607      -25.073211      -25.073211
              7      -10.119938     0.087021697      0.88640537      -12.956696      0.49945351       1.2218607       7.6984868   1.1048516e-13       3.1583009       1.9142418        1.9142418       -24.06836       -24.06836
              3      -9.8428735      0.22184954      0.61228746      -12.992047     0.044123098       1.6666697       4.0953164   1.0184814e-13       1.1069375       2.4422484        2.4422484      -24.570244      -24.570244
              7       -10.38047      0.34490444      0.79427881      -12.950626      0.10397487       2.2126078       6.2269992   1.1204013e-13       1.2705006       1.5278685        1.5278685      -23.816678      -23.816678
              1      -9.7825651      0.27472155      0.83426203      -12.943043      0.30466472       1.8824418        6.827505   1.1401378e-13       2.0168088       1.3735977        1.3735977      -22.312326      -22.312326
              4      -10.112575      0.54636692       0.8754984        -12.9558      0.31283369       3.5185759       7.5075529   1.1071326e-13       2.0551035       0.7069572        0.7069572      -21.639064      -21.639064
             12      -12.070265      0.58162389      0.90110869       -12.95188      0.33925437       3.8161364       7.9635863   1.1171713e-13       2.1840087      0.59237882       0.59237882      -25.325288      -25.325288
              2      -12.134902      0.85380127      0.96550385      -12.916754      0.32469353       7.1416945       9.2364238    1.211285e-13       2.1119981      0.32122734       0.32122734      -24.912258      -24.912258
              9      -11.884878      0.87459715      0.99409098      -12.922993       0.3063253       7.4919893       9.8648613   1.1940068e-13        2.024535      0.34931748       0.34931748      -24.468391      -24.468391
              6      -10.845859      0.84873651        1.005346      -12.918013      0.33829207       7.0588916       10.123857   1.2077776e-13       2.1791748      0.28938207       0.28938207      -22.270482      -22.270482
              2       -10.48452      0.72132432      0.83902247      -12.961655      0.34498553       5.2641023       6.9027551   1.0923078e-13        2.213021      0.53595368       0.53595368      -22.040947      -22.040947
              6      -10.157131      0.74134899      0.81954927      -12.949208      0.61885611       5.5125049        6.600081   1.1240658e-13       4.1577283      0.34124765       0.34124765      -20.996757      -20.996757
             21      -11.342306       1.0857812      0.97391541      -12.941494       0.3605063       12.183757       9.4170616   1.1442105e-13       2.2935399       0.5633409        0.5633409      -23.811295      -23.811295
             26      -11.747266       1.3289686       1.0831171      -12.917188      0.66884718       21.328908       12.109245   1.2100755e-13        4.664952      0.89679509       0.89679509      -25.288123      -25.288123
              2      -10.598888       1.4380926       1.1636081      -12.910845      0.65115917       27.421589       14.574985   1.2278773e-13       4.4787742       1.2619955        1.2619955      -23.721766      -23.721766
             10      -11.165814       1.4696277       1.1800551       -12.89682      0.73742219       29.486803       15.137533   1.2681761e-13       5.4628867       1.3682832        1.3682832      -25.068195      -25.068195
             18      -11.741946       1.0459455       1.0013483      -12.924861      0.69947948       11.115923       10.031095    1.188884e-13        5.005869       0.2942757        0.2942757      -24.072443      -24.072443
              1      -11.841193       1.1089981      0.99269185      -12.898811      0.76907169       12.852809       9.8331316   1.2623769e-13       5.8758634        0.360252         0.360252      -24.402891      -24.402891
             35       -11.88441       1.0781465      0.90800357      -12.920322      0.68179806       11.971442       8.0910255   1.2013728e-13       4.8061582      0.38445883       0.38445883      -24.537738      -24.537738
              5      -11.495015      0.90462071      0.98253805       -12.92844      0.61108171       8.0282467       9.6058998   1.1791245e-13       4.0839622      0.17465188       0.17465188      -23.339335      -23.339335
             10      -11.894523       0.9273107      0.94164067      -12.939819      0.60549396       8.4588378       8.7426012   1.1486333e-13       4.0317534       0.2421985        0.2421985      -24.273443      -24.273443
             18      -11.880706      0.83681613      0.78709789      -12.998318      0.48549184       6.8677761       6.1248842   1.0038806e-13       3.0583828      0.58928262       0.58928262      -24.939977      -24.939977
             36      -11.613855      0.79036029      0.72468532      -13.015523      0.42960115       6.1710674       5.3049992   9.6488724e-14       2.6890641      0.78005499       0.78005499      -24.787819      -24.787819
             17      -11.731559      0.81254119      0.72411709      -13.012346      0.42905801       6.4944323       5.2980627   9.7197255e-14       2.6857032       0.7655808        0.7655808      -24.994279      -24.994279
              4      -10.631917      0.68654077      0.78850485      -13.000665      0.56231474       4.8589314        6.144759   9.9847073e-14       3.6501839       0.6063328        0.6063328      -22.476499      -22.476499
              9      -10.606792      0.64273528       0.7823579      -12.998102      0.59294507       4.3927378       6.0583994   1.0043805e-13       3.9169233      0.63247064       0.63247064      -22.478524      -22.478524
              2      -10.096323      0.52260113      0.82153626      -12.991332       0.6186092       3.3312032        6.630347   1.0201602e-13       4.1553652      0.72263301       0.72263301      -21.637911      -21.637911
              6      -11.474255      0.37531239      0.70091318      -13.004178      0.60217027       2.3730801       5.0224217   9.9042596e-14       4.0010159       1.2502093        1.2502093      -25.448929      -25.448929
              9      -11.560569      0.42687223      0.71312484      -12.996893      0.58919108       2.6722201       5.1656483   1.0071797e-13       3.8832119       1.0775107        1.0775107       -25.27616       -25.27616
              1        -11.1465      0.33961449      0.67376986      -13.008794      0.57461867       2.1858205       4.7181295   9.7995458e-14       3.7550755       1.4156848        1.4156848      -25.124369      -25.124369
              1      -10.806101      0.32549814      0.77260082       -12.99182      0.43226304       2.1159146       5.9238059   1.0190142e-13       2.7055965       1.3263137        1.3263137       -24.26483       -24.26483
             10       -11.50709      0.36399679       1.0322282      -12.919862      0.66057708       2.3120477       10.770311   1.2026474e-13       4.5769596      0.70713826       0.70713826      -24.428457      -24.428457
              4      -11.462722      0.48548136       1.3734749      -12.821439       0.3235657        3.058309       23.630607   1.5085536e-13       2.1065206      0.60448866       0.60448866      -24.134422      -24.134422
              1      -9.7486654     0.049943715       1.5188135      -12.849693      0.63106953        1.121873       33.022769   1.4135371e-13       4.2763135       2.0138248        2.0138248       -23.52498       -23.52498
             31      -9.9766423      0.25359592       1.5071218      -12.802523       0.4797626       1.7930645       32.145617   1.5757128e-13       3.0183014       1.2405168        1.2405168      -22.434318      -22.434318
              1       -9.163714       0.5502291       1.3976781      -12.867566      0.51668282       3.5500061        24.98493   1.3565443e-13       3.2861155      0.37792638       0.37792638      -19.083281      -19.083281
             14      -10.798074      0.60597159       1.5532145      -12.796955      0.54769954       4.0361899       35.744934   1.5960452e-13       3.5293891       0.4627367        0.4627367      -22.521622      -22.521622
              9      -10.855559      0.95274273       1.0325469      -12.855213     0.083916502       8.9689733       10.778217   1.3956844e-13       1.2131556      0.62127542       0.62127542      -22.953668      -22.953668
              6      -8.9876565       1.1845311      0.57303046      -12.954716     -0.16881077       15.294354       3.7413683   1.1098995e-13      0.67793683       2.2590737        2.2590737       -22.49346       -22.49346
              2      -10.438619       1.1485319      0.65203366      -12.956667    -0.036042777       14.077706       4.4878017    1.104925e-13      0.92035891       1.7172061        1.7172061       -24.31165       -24.31165
             16       -10.45332       1.1500081      0.65126889      -12.957147    -0.037277789       14.125638       4.4799059   1.1037046e-13      0.91774539       1.7258045        1.7258045      -24.358249      -24.358249
              8      -10.118312      0.51066079      0.92991561       -12.83624    -0.022376304       3.2408639       8.5097267   1.4580088e-13      0.94978148       1.0931912        1.0931912      -22.423006      -22.423006
              9       -9.076294      0.86507235       1.1214192      -12.779366     -0.10987951       7.3294662       13.225716   1.6620108e-13       0.7764625      0.99888336       0.99888336      -20.150355      -20.150355
              7      -7.6063432      0.77166689       1.1785406      -12.765889     -0.11200487       5.9110807       15.084836   1.7143951e-13      0.77267193       1.0226938        1.0226938      -17.258074      -17.258074
              5       -9.363445      0.82925908      0.97615216        -12.8773     0.096853778       6.7493054       9.4656875    1.326478e-13       1.2498382      0.58176418       0.58176418      -19.890418      -19.890418
             15      -11.217497      0.87829897       1.0121546      -12.866941      0.11190438       7.5561221       10.283824   1.3584977e-13       1.2939109      0.53945368       0.53945368      -23.513901      -23.513901
             10      -11.231212       0.9014637         1.01179      -12.865061     0.098106045       7.9700987       10.275193     1.36439e-13       1.2534472      0.57403872       0.57403872        -23.6105        -23.6105
             58      -11.693068      0.29558124       1.0448583      -12.933693      0.55981392       1.9750643        11.08813   1.1649502e-13       3.6292252      0.95521473       0.95521473      -25.296565      -25.296565
             11      -11.106789      0.21336274       1.0872579      -12.911158      0.78563947       1.6344165       12.225253   1.2269928e-13       6.1043506       1.1747158        1.1747158       -24.56301       -24.56301
              8      -10.347589      0.74571923      0.73281964       -12.99823      0.33805469       5.5682564        5.405298   1.0040842e-13        2.177984      0.78990297       0.78990297      -22.274985      -22.274985
              8       -10.94648       1.2462175      0.62476459      -13.027686      0.53013686       17.628588       4.2146799   9.3824021e-14       3.3895096       1.5000278        1.5000278      -24.893015      -24.893015
             17      -11.030701       1.2364898      0.62855594      -13.024089      0.53040881       17.238118       4.2516347   9.4604266e-14       3.3916327       1.4508572        1.4508572      -24.963117      -24.963117
              9      -11.103794       1.2330261      0.64005168      -13.024458      0.52951718       17.101182       4.3656778   9.4524056e-14       3.3846766       1.4249306        1.4249306      -25.057449      -25.057449
             10      -10.672585       1.2393312      0.64135689      -13.015504         0.57706       17.351267        4.378818   9.6493121e-14       3.7762435       1.3794256        1.3794256      -24.104022      -24.104022
              1      -11.030101       1.2822552      0.61645165      -13.023736      0.54095099       19.153811       4.1347728   9.4681164e-14       3.4749694       1.5893733        1.5893733      -25.238948      -25.238948
              7      -9.7874853      0.99136712      0.39696029      -13.074358      0.50072481       9.8031832       2.4943667   8.4263894e-14       3.1675597       1.7707385        1.7707385      -23.116448      -23.116448
              2      -10.162139       1.1403404      0.34758246      -13.094758      0.40349359       13.814666       2.2262937   8.0397362e-14       2.5321742       2.3222472        2.3222472      -24.968773      -24.968773
              7      -10.674748       1.1687827      0.43877018      -13.072716      0.45467253       14.749684       2.7464404   8.4583112e-14       2.8488693       1.9769461        1.9769461      -25.303388      -25.303388
             10      -10.576804       1.2019313      0.44301798       -13.07323      0.43202561        15.91957       2.7734349   8.4483125e-14       2.7041178       2.0616055        2.0616055      -25.276818      -25.276818
              9      -10.597809       1.2367233      0.48317199      -13.064657       0.3976278       17.247385       3.0420895   8.6167414e-14       2.4982034       2.0349254        2.0349254      -25.265468      -25.265468
              2      -11.068165       0.7665428      0.66219211      -13.025381      0.44742031       5.8417478       4.5940118   9.4323216e-14       2.8016915      0.90938015       0.90938015      -23.955091      -23.955091
             28       -11.70331      0.63433668      0.72453154      -13.020135      0.40714284        4.308605        5.303121   9.5469567e-14        2.553541      0.91284859       0.91284859      -25.232318      -25.232318
             21      -10.714135      0.66738584      0.53858043      -13.085965      0.21984546       4.6492815       3.4560533   8.2041737e-14       1.6589965       1.7690125        1.7690125      -24.966295      -24.966295
             11      -9.4813422      0.72350905       0.6159432      -13.057554      0.27865572       5.2906502       4.1299348   8.7588306e-14       1.8995718       1.3372939        1.3372939      -21.637272      -21.637272
             10      -8.8258053      0.67118696      0.58183738      -13.071733      0.38152068       4.6901524       3.8180128   8.4774866e-14       2.4072471       1.4027867        1.4027867      -20.457184      -20.457184
              2      -8.1416151      0.67011309      0.59093541      -13.069418      0.37828833       4.6785696         3.89884   8.5227973e-14       2.3893971       1.3763997        1.3763997      -19.036029      -19.036029
              6       -9.488563      0.58050409      0.48534724      -13.074908      0.59565876       3.8063094       3.0573647   8.4157349e-14       3.9414749       1.5929732        1.5929732      -22.163072      -22.163072
              5      -9.2720064      0.57070513      0.48401046      -13.079056      0.59323271       3.7213895       3.0479684   8.3357373e-14       3.9195185       1.6354564        1.6354564      -21.814926      -21.814926
              2      -10.350625      0.52305344      0.48987785      -13.089385      0.51694006       3.3346744       3.0894264   8.1398276e-14       3.2880625       1.7908769        1.7908769      -24.283005      -24.283005
              1      -10.226033       0.5892716      0.43294268      -13.101552      0.44406497       3.8839319       2.7098339   7.9149428e-14       2.7801291       1.9411222        1.9411222      -24.334311      -24.334311
              1      -10.565023      0.57687617      0.40551081      -13.104193       0.4614845       3.7746455       2.5439631   7.8669694e-14       2.8939065       2.0297138        2.0297138      -25.189473      -25.189473
              3      -10.527568      0.56249933      0.40068655      -13.106591      0.45859028       3.6517356       2.5158605   7.8236464e-14       2.8746851       2.0806449        2.0806449      -25.216426      -25.216426
              3      -10.398932       0.5319668       0.4654018      -13.090511      0.52794982       3.4038216       2.9201274   8.1187473e-14       3.3724834       1.8316331        1.8316331       -24.46113       -24.46113
              5      -10.732529      0.45997336      0.50287395      -13.076547      0.47821173       2.8838546       3.1832735   8.3840397e-14       3.0075422        1.826917         1.826917      -25.118892      -25.118892
              2      -10.249599      0.41771254      0.48973402      -13.075035      0.49135222       2.6164506       3.0884034    8.413274e-14       3.0999324       1.9332633        1.9332633      -24.365725      -24.365725
             17      -10.428481      0.41243535      0.47985084      -13.079304      0.49574346         2.58485       3.0189147   8.3309703e-14       3.1314354       1.9907916        1.9907916      -24.838546      -24.838546
              3      -10.168158      0.37794065      0.50885929        -13.0707      0.47652343        2.387485       3.2274483   8.4976824e-14       2.9958732        1.974869         1.974869      -24.286053      -24.286053
             35      -11.509845      0.80528847      0.59508712      -13.035812      0.45870227       6.3868757       3.9362903   9.2084882e-14       2.8754265       1.0604734        1.0604734      -25.140638      -25.140638
              2      -10.990287       1.0664391      0.61994805      -13.037375      0.22611977       11.653036       4.1681952   9.1754013e-14       1.6831382       1.4678021        1.4678021      -24.916178      -24.916178
              1      -10.582379       1.0762797      0.63321147      -13.033719      0.27588482       11.920095       4.2974563   9.2529613e-14       1.8874907       1.3748405        1.3748405      -23.914439      -23.914439
             12      -11.183834       1.0781672      0.62297629      -13.033843       0.2760333       11.972013       4.1973607   9.2503147e-14       1.8881361        1.395636         1.395636      -25.158939      -25.158939
              4      -11.386986      0.93010869      0.97533327      -12.914225      0.16383774       8.5135107       9.4478561   1.2183591e-13       1.4582693      0.56962231       0.56962231      -23.913217      -23.913217
              7      -11.509669      0.86770937       1.3515443      -12.857611      0.53852104       7.3741059       22.466957   1.3879992e-13       3.4555807      0.12288858       0.12288858      -23.265116      -23.265116
             19      -11.628686      0.86674507       1.3277253       -12.86673      0.58025769       7.3577506       21.267933   1.3591588e-13       3.8041505     0.098076428      0.098076428      -23.453526      -23.453526
              4      -12.420364      0.88509597        1.201541      -12.883041      0.60565088       7.6753108       15.905267   1.3090592e-13       4.0332104     0.056249292      0.056249292      -24.953227      -24.953227
             19       -12.39919      0.88646501       1.2003061      -12.883262      0.60859877        7.699544       15.860106   1.3083938e-13       4.0606801     0.056253611      0.056253611      -24.910887      -24.910887
              2       -12.50169      0.88269637       1.1933312      -12.885762      0.59498565       7.6330194       15.607424   1.3008824e-13       3.9353707     0.059254382      0.059254382      -25.121889      -25.121889
              4      -12.523961      0.91305201       1.2090334      -12.888269      0.65841377       8.1856281       16.182044   1.2933943e-13       4.5542175     0.074769716      0.074769716      -25.197462      -25.197462
              9        -12.5219      0.88983944        1.096811      -12.915258      0.57865051       7.7596019        12.49715   1.2154639e-13       3.7900986      0.11219467       0.11219467      -25.268189      -25.268189
              7      -12.483943      0.89078753       1.0950171      -12.915087      0.57796079       7.7765601       12.445637   1.2159426e-13       3.7840841      0.11263295       0.11263295      -25.193153      -25.193153
              1      -10.478578      0.63009559       1.4008824      -12.906897      0.94342992       4.2667342       25.169956   1.2390917e-13       8.7786943      0.41950664       0.41950664       -21.79617       -21.79617
             10      -11.217893      0.57495322       1.4456206      -12.893571       0.9090379       3.7579692       27.901055   1.2777002e-13       8.1103183      0.48253104       0.48253104      -23.400849      -23.400849
              7      -11.192511      0.58456816       1.4425593      -12.892922      0.91023094       3.8420955       27.705075    1.279612e-13       8.1326286      0.46556522       0.46556522      -23.316153      -23.316153
              2      -9.8105186      0.57748978       1.3321415      -12.910985      0.80862204       3.7799824       21.485304   1.2274812e-13       6.4360889      0.34428815       0.34428815      -20.309614      -20.309614
              8      -11.636448      0.64150424       1.2033167      -12.904449       1.0114455       4.3803039       15.970432   1.2460958e-13       10.267046      0.34805624       0.34805624      -23.969008      -23.969008
              2      -11.613949      0.60726772         1.21089      -12.905806       1.0183024       4.0482537       16.251369   1.2422081e-13       10.430434      0.39927183       0.39927183      -24.026441      -24.026441
              1      -10.813921      0.61724565        1.230336      -12.901502       1.0786999       4.1423391        16.99558   1.2545775e-13       11.986708      0.46062026       0.46062026      -22.549083      -22.549083
             28      -10.893251      0.32487949        1.458916      -12.882873       1.0441289       2.1129027        28.76842   1.3095655e-13       11.069523       1.1628683        1.1628683      -24.112239      -24.112239
              8      -12.095954      0.50585013       1.2956786      -12.897786      0.91839174       3.2051631       19.755071   1.2653585e-13       8.2868932      0.48142253       0.48142253      -25.154753      -25.154753
              7      -11.828973      0.52904362       1.2668094      -12.908877      0.87457174       3.3809879       18.484571   1.2334546e-13       7.4915509      0.41260787       0.41260787      -24.483162      -24.483162
             30      -10.792716      0.46416437       1.3481663      -12.904279      0.85521297        2.911819       22.292887   1.2465814e-13       7.1649468      0.56669603       0.56669603      -22.718824      -22.718824
              5      -9.4855153       1.0085624       1.3650115      -12.907913      0.82908296       10.199114       23.174559   1.2361958e-13       6.7465689      0.32694732       0.32694732      -19.624925      -19.624925
              6      -9.4907557       1.3961375       1.3768475      -12.896468      0.76039613       24.896456       23.814829    1.269205e-13       5.7596505       1.2041892        1.2041892       -21.38989       -21.38989
             12      -9.5690635       1.2124778       1.2832667      -12.913495      0.75394543       16.310895       19.198476   1.2204085e-13       5.6747329      0.62015867       0.62015867      -20.378444      -20.378444
              3      -11.127054       1.4674328       1.0964026      -12.919039      0.44995555       29.338154       12.485405   1.2049279e-13       2.8180945       1.4681004        1.4681004      -25.190308      -25.190308
              2       -11.30427       1.3210466       1.0736326      -12.921285        0.411648       20.943373       11.847659   1.1987136e-13       2.5801681      0.98959125       0.98959125      -24.587722      -24.587722
              3      -11.425384       1.3287789       1.0595721      -12.924686       0.3977434       21.319592        11.47023   1.1893607e-13       2.4988685       1.0361195        1.0361195      -24.923008      -24.923008
              9      -11.507842       1.2929873       1.0689536      -12.931727      0.43367684        19.63303       11.720701    1.170234e-13       2.7144187      0.91413038       0.91413038      -24.843944      -24.843944
             26        -11.7561       1.1768439       1.1278198      -12.912354      0.63125608       15.026017       13.422078   1.2236188e-13       4.2781507      0.47995956       0.47995956      -24.472119      -24.472119
             22       -11.37652        1.251097       1.0154699      -12.918846      0.59541782        17.82777       10.362629   1.2054632e-13       3.9392888      0.70020403       0.70020403      -24.153447      -24.153447
              7      -10.689472       1.4110925      0.71639429      -12.948005      0.70460545         25.7687       5.2046831   1.1271847e-13       5.0653032       1.5344341        1.5344341      -24.447812      -24.447812
              3      -8.1936069       1.3497137      0.75830573      -12.963483        0.556785       22.372459        5.731994   1.0877208e-13       3.6040018       1.3343914        1.3343914      -19.055996      -19.055996
              5      -10.527549       1.3491998      0.76134225      -12.964401      0.56642564       22.346001       5.7722117   1.0854228e-13       3.6848995       1.3286804        1.3286804      -23.712459      -23.712459
              3      -10.575345      0.95513329      0.72958359      -13.016919      0.29813194       9.0184788       5.3651713   9.6179163e-14       1.9866984      0.97128786       0.97128786      -23.093266      -23.093266
              3      -10.671347      0.95325133      0.73088063      -13.016431      0.29882284       8.9794829       5.3812185   9.6287188e-14       1.9898615      0.96484975       0.96484975      -23.272394      -23.272394
              4      -11.868098      0.84587246       1.0901619      -12.908089      0.37666928       7.0124933       12.307274   1.2356943e-13        2.380506       0.2077714        0.2077714      -24.151739      -24.151739
              3      -10.495325      0.98369668       1.1006077      -12.898342      0.37777823       9.6315611       12.606881   1.2637396e-13       2.3865923      0.27394272       0.27394272      -21.538536      -21.538536
             10      -11.698177      0.56445306      0.80556336      -13.011449      0.59554467       3.6682004       6.3909197   9.7398286e-14       3.9404396      0.76143054       0.76143054      -24.919215      -24.919215
              1      -9.1953138       1.1025243      0.30885531       -13.12809      0.25520394       12.662641       2.0363635   7.4457722e-14       1.7997159       2.7487512        2.7487512       -23.88813       -23.88813
             30      -9.5309831       1.0915827      0.29458806      -13.117984      0.14890401       12.347604       1.9705527   7.6210704e-14       1.4089773       2.8589066        2.8589066      -24.779779      -24.779779
             11      -9.5345271        1.092162      0.29481254      -13.117874      0.14873201       12.364087       1.9715715   7.6230067e-14       1.4084194        2.858769         2.858769      -24.786592      -24.786592
             13      -8.2994311       1.1011984      0.32341351      -13.112836      0.15160706       12.624042       2.1057825   7.7119441e-14       1.4177742       2.7547231        2.7547231      -22.108308      -22.108308
              3      -10.050359       1.0749933      0.35466109      -13.094865      0.16364591       11.884839       2.2628778   8.0377605e-14       1.4576254       2.4868822        2.4868822      -25.074483      -25.074483
              1      -10.244476        1.012317      0.38977982      -13.082745       0.1283555       10.287669       2.4534647   8.2652291e-14       1.3438646       2.2917487        2.2917487      -25.072449      -25.072449
             35       -11.43329       1.1074306      0.80819032      -12.979651      0.52171727       12.806504       6.4296943   1.0479694e-13       3.3244306      0.73661743       0.73661743      -24.339816      -24.339816
             14      -11.196804      0.83577149      0.59553227      -13.004406      0.57097843       6.8512764       3.9403271   9.8990541e-14       3.7237321       0.8587085        0.8587085      -24.111025      -24.111025
              3      -11.278248      0.84136013      0.59299093      -13.005162      0.56653165       6.9400106       3.9173369   9.8818475e-14        3.685799       0.8689249        0.8689249      -24.294345      -24.294345
              5       -9.776064      0.99416347      0.46184181       -13.03077      0.53668282       9.8665079       2.8962884   9.3160027e-14       3.4409853       1.3645814        1.3645814      -22.281291      -22.281291
              1      -10.521451      0.97384094      0.50617099      -13.022097      0.62730356        9.415447        3.207532   9.5039181e-14       4.2393919       1.1791723        1.1791723      -23.401247      -23.401247
             17      -10.555149      0.99212099      0.56959243      -13.012278      0.62364835       9.8202149       3.7118672   9.7212408e-14        4.203861       1.0264293        1.0264293      -23.163156      -23.163156
             20      -10.776327       1.0280786      0.48164088      -13.024712      0.60514358       10.667891       3.0313835   9.4468607e-14        4.028502       1.3104223        1.3104223      -24.173499      -24.173499
             23      -10.818291      0.85810768      0.41942734      -13.073101      0.31983015        7.212863        2.626802   8.4508148e-14       2.0884792       1.7682254        1.7682254      -25.173033      -25.173033
             19      -10.804386      0.83258093      0.41623747      -13.079384      0.25919442       6.8011277        2.607579   8.3294343e-14       1.8163286       1.8830782        1.8830782      -25.374928      -25.374928
             14      -10.494584      0.60891849      0.47513397      -13.085291      0.18564101       4.0636705       2.9863037   8.2169231e-14        1.533349       2.0114767        2.0114767      -25.012121      -25.012121
             22      -10.311815      0.53390577      0.41467601      -13.104916      0.26191371       3.4190525       2.5982205   7.8538683e-14        1.827737       2.2773187        2.2773187      -25.178268      -25.178268
              7      -9.9075702      0.52027954      0.42170736      -13.107695      0.26885594       3.3134433       2.6406288   7.8037725e-14       1.8571883       2.2933645        2.2933645      -24.401869      -24.401869
              5      -10.105846      0.66149688      0.32920845      -13.112606      0.25098495       4.5866635        2.134069   7.7160233e-14        1.782317       2.3996318        2.3996318      -25.010955      -25.010955
              2      -9.6754791       0.6608116      0.33667459      -13.119671      0.41825844       4.5794319       2.1710738   7.5915194e-14       2.6197415       2.2479914        2.2479914      -23.846941      -23.846941
             16      -9.5713175      0.69270572      0.44054552      -13.080521      0.25022421       4.9283975       2.7576905   8.3076616e-14       1.7791977       1.8851471        1.8851471      -22.912929      -22.912929
              9      -7.7037665      0.64727477      0.58007248      -13.083781      0.29523373        4.438894       3.8025285   8.2455416e-14       1.9734845       1.5934282        1.5934282      -18.594389      -18.594389
              4      -7.3444171      0.77285742      0.33910584      -13.133448      0.30919847       5.9273069       2.1832619   7.3544746e-14       2.0379732       2.3850758        2.3850758      -19.458986      -19.458986
              6      -9.5202663       0.6441924      0.40296101       -13.11585      0.23028815       4.4075009        2.529071   7.6586024e-14       1.6993708       2.2761569        2.2761569      -23.592846      -23.592846
             13      -9.6936994       0.6135459      0.38503508      -13.118566      0.22455288       4.1072004       2.4268061   7.6108564e-14       1.6770765       2.3818894        2.3818894      -24.151178      -24.151178
             21      -10.675333       0.6640613      0.52939498      -13.076886      0.37551944        4.613827       3.3837244   8.3774883e-14       2.3742117       1.5472284        1.5472284      -24.445123      -24.445123
             13        -10.5821      0.61671047      0.48856109      -13.089205      0.37018007       4.1372377       3.0800736    8.143207e-14        2.345201       1.7631745        1.7631745      -24.690548      -24.690548
              4        -10.1996      0.63427743      0.46518206      -13.095775      0.37732005       4.3080172       2.9186503   8.0209357e-14       2.3840758       1.8304747        1.8304747      -24.060149      -24.060149
              1      -10.688565      0.71059962       0.4817822      -13.091143      0.40108112       5.1356997         3.03237     8.10694e-14       2.5181472       1.6783012        1.6783012      -24.733733      -24.733733
             14      -10.690675      0.65873344      0.41151291      -13.108213      0.54021884        4.557571       2.5793656   7.7944696e-14       3.4691162        1.903747         1.903747      -25.188844      -25.188844
             14      -11.718908      0.30394736        1.105579      -12.932225      0.64146614       2.0134802       12.752022   1.1688938e-13       4.3799197      0.89821338       0.89821338      -25.234242      -25.234242
              8      -10.724282      0.42769407       1.0845091      -12.908507      0.73007318       2.6772817       12.148121   1.2345066e-13       5.3712229       0.5180172        0.5180172      -22.484599      -22.484599
              1      -9.3309747      0.35045708       1.1054474      -12.901974      0.76055704       2.2410785       12.748157   1.2532156e-13       5.7617848      0.70822999       0.70822999      -20.078409      -20.078409
              7      -9.7723215      0.11389986       0.8186112      -12.963135      0.48843651       1.2998698       6.5858403   1.0885911e-13       3.0791902        1.888362         1.888362      -23.321367      -23.321367
              3      -12.039387      0.52075726       1.3151374      -12.887073      0.58968317         3.31709       20.660339   1.2969602e-13       3.8876143       0.3574549        0.3574549      -24.793685      -24.793685
             11      -11.814842        0.565788       1.2356574      -12.890696      0.94903275       3.6794931        17.20511   1.2861854e-13       8.8926817      0.36655174       0.36655174      -24.362787      -24.362787
              9        -11.8596      0.52205248       1.1880627      -12.881852      0.99849647       3.3269975       15.419231    1.312647e-13       9.9654397      0.45845706       0.45845706      -24.636113      -24.636113
              1      -11.960049       0.5342762       1.1907073      -12.882237      0.99474406       3.4219701       15.513412   1.3114846e-13       9.8797068      0.43469839       0.43469839      -24.789495      -24.789495
              9      -5.1441189      0.57240508       1.1456946      -12.895948       1.0557168       3.7359847       13.986033    1.270725e-13       11.368857      0.45995949       0.45995949      -11.208157      -11.208157
              8       -9.174218      0.89761376         1.26301      -12.947199       1.1339915       7.8997575       18.323565    1.129278e-13       13.614182      0.57170122       0.57170122      -19.491838      -19.491838
              7      -9.8147873       1.5017197       1.1708836      -12.908665      0.65534808       31.748242       14.821209   1.2340575e-13       4.5221824       1.5118891        1.5118891      -22.653353      -22.653353
             16      -10.102917       1.5090408        1.191195      -12.906378      0.64602012       32.287976       15.530843    1.240573e-13       4.4260887       1.5428128        1.5428128       -23.29146       -23.29146
              8      -10.657123        1.534606       1.1600131      -12.911251      0.66030033       34.245699       14.454833   1.2267295e-13       4.5740439       1.6558753        1.6558753      -24.625997      -24.625997
              9      -10.933164       1.5120285        1.147346      -12.910596      0.64543168        32.51086       14.039316   1.2285807e-13       4.4200958       1.5566241        1.5566241      -24.979576      -24.979576
             13      -11.106618       1.5080311       1.1802086      -12.902218      0.59676665       32.212993       15.142884    1.252512e-13       3.9515424       1.5356322        1.5356322      -25.284501      -25.284501
             19      -10.860158       1.4717636       1.3430398      -12.889884      0.74817823       29.632181       22.031282   1.2885936e-13       5.5998737        1.446899         1.446899      -24.614114      -24.614114
              1      -10.131582       1.6636527       1.2028646      -12.889616      0.84719524        46.09488       15.953816     1.28939e-13       7.0338846       2.2925083        2.2925083       -24.84818       -24.84818
              8      -9.5095323       1.6758413       1.1766709      -12.889827      0.77098645        47.40687       15.020034   1.2887638e-13       5.9018266       2.3148675        2.3148675        -23.6488        -23.6488
              5      -6.7974477       1.6369686       1.1393048      -12.871071      0.86788679       43.347952       13.781765    1.345639e-13        7.377119       2.1342735        2.1342735      -17.863443      -17.863443
              2      -9.2887297        1.696982       1.2473628       -12.88695      0.60044138       49.771646       17.675139   1.2973293e-13       3.9851198       2.4345991        2.4345991      -23.446657      -23.446657
              4      -10.343058       1.5272105       1.2647309      -12.885596      0.63708685        33.66747       18.396316   1.3013787e-13       4.3359758       1.6129056        1.6129056      -23.911928      -23.911928
              8      -10.266131       1.6239737       1.2356881      -12.899293      0.71334892       42.070117       17.206323    1.260976e-13       5.1683144       2.0711078        2.0711078      -24.674479      -24.674479
              4      -7.5664301       1.6043424      0.95469854      -12.936564       0.5128896       40.210767       9.0094555    1.157273e-13       3.2575388        2.119267         2.119267      -19.371394      -19.371394
              8        -10.7509       1.4118031      0.98324899      -12.941975      0.48915927       25.810896       9.6216375    1.142945e-13       3.0843189       1.3209746        1.3209746      -24.143749      -24.143749
             23       -11.75557       1.2884173       1.1719666      -12.904585      0.55040439       19.427519       14.858215   1.2457032e-13       3.5514392      0.77337123       0.77337123      -25.057882      -25.057882
             10       -11.37609       1.2397647       1.1654244      -12.913927      0.49608989       17.368597       14.636069   1.2191943e-13       3.1339343      0.68351036       0.68351036        -24.1192        -24.1192
             12      -10.298335       1.3751181       1.1268311      -12.930856       0.6158114       23.720185       13.391557   1.1725834e-13       4.1286816       1.0821905        1.0821905       -22.76105       -22.76105
              3       -11.28203       1.4034321       1.0846523      -12.934832      0.52334149       25.318158       12.152126   1.1618992e-13       3.3368869       1.2231568        1.2231568      -25.010374      -25.010374
              5      -10.114192       1.3179869       1.1396359      -12.884748       0.7629833       20.796342       13.792273   1.3039238e-13       5.7940642      0.81653564       0.81653564      -21.861455      -21.861455
              9      -9.8643038       1.3257663        1.093929      -12.885103      0.78771275       21.172217       12.414493   1.3028571e-13       6.1335619      0.85033353       0.85033353      -21.429275      -21.429275
              1      -5.5527292       1.8492047       1.0598542        -12.9085      0.49184811       70.665049       11.477684   1.2345245e-13        3.103474       3.3791123        3.3791123      -17.863683      -17.863683
              8      -5.8733048       1.8314067       1.0305018      -12.916822       0.4821489       67.827638       10.727581   1.2110932e-13       3.0349316       3.2992293        3.2992293      -18.345068      -18.345068
              8       -7.349511       1.8919656       1.0821917      -12.910929      0.60502376       77.976837        12.08347   1.2276405e-13       4.0273907       3.6100912        3.6100912      -21.919205      -21.919205
              8      -5.7598425       2.1668903       1.1682239      -12.860285      0.99060329       146.85552       14.730717   1.3794802e-13       9.7859567       5.7251182        5.7251182      -22.969921      -22.969921
             10       -7.670086       1.2998372         1.09173      -12.898331       0.5984884       19.945144       12.351793   1.2637723e-13       3.9672394      0.77756378       0.77756378        -16.8953        -16.8953
              4      -9.2462343      0.80856056       1.3110912      -12.863405      0.70952596       6.4351779       20.468743   1.3696036e-13       5.1230189     0.064497197      0.064497197      -18.621463      -18.621463
              8      -11.587696       1.1101345       1.4264443      -12.879542      0.56459225       12.886485       26.695886   1.3196492e-13       3.6693763      0.46568663       0.46568663      -24.106765      -24.106765
              6      -10.127049       1.1327914       1.4839022      -12.870671      0.61798829       13.576611       30.472088   1.3468797e-13       4.1494286      0.55024483       0.55024483      -21.354589      -21.354589
              1      -10.732318       1.4895514       1.2949022      -12.880865      0.62060835       30.871047       19.719785   1.3156343e-13       4.1745373       1.4661553        1.4661553      -24.396946      -24.396946
             12      -11.296174       1.4543746       1.2636148      -12.891486      0.67286781       28.469157         18.3491     1.28385e-13       4.7083399       1.3206151        1.3206151      -25.233579      -25.233579
              5      -10.826908       1.4585318       1.3265823      -12.875455      0.70548814       28.742982       21.212034   1.3321255e-13       5.0756087       1.3543061        1.3543061      -24.362429      -24.362429
             31      -10.661174       1.4584872       1.3273969      -12.875278      0.70552955       28.740029       21.251859    1.332668e-13       5.0760928       1.3544999        1.3544999      -24.031348      -24.031348
              4      -11.338469       1.4090377       1.2201921      -12.892988      0.67214012       25.647069        16.60321   1.2794179e-13       4.7004574        1.134884         1.134884      -24.946706      -24.946706
              6      -11.443718       1.4219498       1.2145752      -12.892654      0.66408442       26.421031       16.389859   1.2804023e-13       4.6140726       1.1796379        1.1796379      -25.246712      -25.246712
              4      -11.486827       1.4040323        1.215609      -12.892613      0.65969059        25.35317        16.42892   1.2805223e-13       4.5676266       1.1148077        1.1148077       -25.20327       -25.20327
              5      -11.471975       1.4046255       1.2163444      -12.892496      0.65955948       25.387825       16.456764    1.280867e-13       4.5662479       1.1169894        1.1169894      -25.177929      -25.177929
              2      -11.244582       1.3816849       1.1559566      -12.898493      0.63777821       24.081576       14.320447   1.2633016e-13       4.3428838       1.0342153        1.0342153      -24.557595      -24.557595
             15      -11.322868        1.381424       1.1560875      -12.898498      0.63722416       24.067115       14.324766   1.2632883e-13        4.337347       1.0333945        1.0333945      -24.712525      -24.712525
              5      -11.081473       1.5134495       1.1829371      -12.896375      0.54562559       32.617409        15.23832    1.269477e-13       3.5125748       1.5647761        1.5647761      -25.292499      -25.292499
              5      -11.191203      0.97230662      0.73555094      -12.990103      0.51232736       9.3822417       5.4393992   1.0230493e-13       3.2533243      0.68147598       0.68147598      -23.745358      -23.745358
             13      -11.560614      0.58900567      0.91499418      -12.949109      0.37337409       3.8815543       8.2223163   1.1243231e-13       2.3625123      0.52924508       0.52924508      -24.179717      -24.179717
             21      -11.414658      0.72320669       1.0740383      -12.865764      0.14507726       5.2869681       11.858732   1.3621847e-13       1.3966168      0.47320174       0.47320174       -23.77572       -23.77572
              8      -11.247703      0.81950092       1.0950568      -12.839599      0.06367278       6.5993463       12.446773   1.4467748e-13       1.1579046      0.57924472       0.57924472      -23.653895      -23.653895
             20      -11.631215      0.46097794       1.0767967      -12.890754      0.22121141       2.8905331       11.934292   1.2860159e-13       1.6642226      0.73168187       0.73168187      -24.725793      -24.725793
             22      -10.996134      0.13081644       1.0969924      -12.910608      0.36209657       1.3515012       12.502371   1.2285477e-13       2.3019536       1.6208686        1.6208686      -25.234005      -25.234005
             10       -10.39212      0.11702273       1.1486897       -12.89376      0.38901926       1.3092504       14.082821   1.2771431e-13       2.4491719       1.6217155        1.6217155      -24.027671      -24.027671
              2      -10.052319    -0.025202079       1.1961656      -12.884571      0.38882666       0.9436217       15.709617   1.3044558e-13        2.448086       2.2738234        2.2738234      -24.652285      -24.652285
              8      -8.4012051    0.0017769852       1.3379909      -12.865711      0.56418189          1.0041       21.776639   1.3623499e-13       3.6659108       2.0791174        2.0791174      -20.960645      -20.960645
             10      -9.7408954    -0.082870866       1.2530689      -12.888824       0.5491418       0.8262836       17.908901   1.2917416e-13       3.5411294        2.498229         2.498229      -24.478249      -24.478249
              4       -9.368841      0.73001756       1.4974334      -12.776079      0.31678254       5.3705351       31.436445   1.6746369e-13       2.0738748      0.47406707       0.47406707      -19.685816      -19.685816
              4      -9.0109755      0.70150433       1.5352023      -12.771128      0.33323667       5.0292628       34.292745   1.6938367e-13       2.1539552      0.52954065       0.52954065      -19.081032      -19.081032
             13      -11.864827      0.87798755       1.2107313      -12.889854      0.46174175       7.5507058       16.245433   1.2886821e-13       2.8956212       0.1287741        0.1287741      -23.987202      -23.987202
              6      -9.9266362      0.81107535       1.1441885        -12.9032      0.34856093       6.4725491       13.937615   1.2496832e-13       2.2313152      0.22188871       0.22188871       -20.29705       -20.29705
             17      -11.597319      0.39764267       1.0136379      -12.916992      0.79790251        2.498289       10.319007   1.2106206e-13       6.2791739      0.64689495       0.64689495      -24.488427      -24.488427
              1      -10.691862      0.38444392       1.0198158       -12.91499      0.81152058        2.423505       10.466844   1.2162139e-13        6.479188      0.67988083       0.67988083      -22.743485      -22.743485
             10      -9.8849808      0.34048385       1.0815327      -12.904058      0.76250997       2.1902004       12.065148   1.2472162e-13       5.7877527      0.74302767       0.74302767      -21.256017      -21.256017
              3      -10.247894       0.4361622       1.4063803      -12.862219      0.82804045       2.7299972       25.490613   1.3733504e-13       6.7303934      0.60487585       0.60487585       -21.70554       -21.70554
              4      -11.295233      0.44732047       1.4027453      -12.863938      0.78651125       2.8010475       25.278153   1.3679246e-13       6.1166164      0.55916847       0.55916847      -23.708803      -23.708803
              5      -10.340134     0.063810731       1.0879273      -12.920629      0.38052704       1.1582725       12.244113   1.2005236e-13       2.4017458       1.9147816        1.9147816      -24.509832      -24.509832
             17      -11.416763      0.82121444      0.64165257      -13.005522       0.2761695       6.6254356       4.3818002   9.8736458e-14       1.8887284        1.016665         1.016665      -24.866857      -24.866857
              2      -11.478737      0.83453296      0.60566736      -13.024355      0.38096679       6.8317657       4.0333634   9.4546423e-14       2.4041789        1.049542         1.049542      -25.056557      -25.056557
             30      -11.383469      0.95837638      0.65116066      -13.019009      0.34873737       9.0860763       4.4787896   9.5717464e-14       2.2322219       1.0430876        1.0430876      -24.853112      -24.853112
              2       -11.37414       1.2402105      0.76962186      -13.001968      0.45032029       17.386433       5.8833117   9.9547979e-14       2.8204622       1.2026394        1.2026394       -25.15356       -25.15356
              1      -11.290735       1.2434495      0.76096358      -13.006711      0.44312777       17.516589        5.767181   9.8466573e-14       2.7741361       1.2472085        1.2472085      -25.075886      -25.075886
             20      -9.0641799       1.7283901       1.2784151       -12.85421      0.14633927       53.504475       18.985195   1.3989095e-13       1.4006811        3.020007         3.020007      -24.168374      -24.168374
              2      -10.297367       1.3371203       1.1562191      -12.862126     0.087011827        21.73303       14.329108   1.3736438e-13       1.2218329       1.3854851        1.3854851      -23.365704      -23.365704
              9      -9.4239183       1.2795961       1.4190341      -12.792628      0.15038187       19.036895       26.244246   1.6120267e-13       1.4137801       1.2458143        1.2458143      -21.339465      -21.339465
              1      -10.798939       0.9398349      0.88182666      -12.944984      0.23100366       8.7063255        7.617749   1.1350524e-13       1.7021729      0.61303804       0.61303804      -22.823954      -22.823954
              9      -11.237298      0.97582686      0.86214085      -12.945364      0.24166824       9.4586001       7.2801587   1.1340599e-13        1.744489      0.64792336       0.64792336      -23.770444      -23.770444
              3       -11.27308      0.97381872      0.85116514      -12.948484      0.24280706       9.4149653       7.0984764   1.1259417e-13       1.7490695      0.66344015       0.66344015      -23.873039      -23.873039
              6      -11.856884        1.177849       1.1362551      -12.920385      0.52571973       15.060832       13.685325   1.2011987e-13       3.3552102      0.53079621       0.53079621      -24.775361      -24.775361
              8      -11.913959       1.1462217       1.0831688      -12.925324      0.43217329       14.003018       12.110686   1.1876168e-13       2.7050375      0.53479085       0.53479085        -24.8975        -24.8975
              2      -11.744837      0.97557884       1.3530039      -12.888966      0.78229031       9.4531998       22.542595   1.2913205e-13       6.0574566      0.22664918       0.22664918      -23.942973      -23.942973
              2      -10.885243      0.77520762       1.0032154      -12.943589      0.67683488       5.9594697       10.074312   1.1387052e-13       4.7515454      0.17819092       0.17819092      -22.126868      -22.126868
             15      -10.917568        1.347216      0.86679039      -12.926392      0.70383091        22.24416       7.3585186   1.1846986e-13       5.0562776       1.0867651        1.0867651      -24.008666      -24.008666
             32      -11.089458        1.240368       1.1483507      -12.922953       0.4122317       17.392739       14.071834   1.1941185e-13       2.5836382      0.76147638       0.76147638      -23.701868      -23.701868
              6      -10.915264       1.2197515       1.1437746      -12.920397      0.40979525       16.586377       13.924339   1.2011655e-13       2.5691842      0.70497727       0.70497727      -23.240482      -23.240482
              3      -11.320697       1.2757517       1.0726206      -12.929654      0.35827911       18.869122       11.820086   1.1758342e-13       2.2818081       0.9256201        0.9256201      -24.492635      -24.492635
             14      -11.052649       1.2704108       1.1078164      -12.936433      0.37419238       18.638495       12.817886   1.1576231e-13        2.366968      0.90896626       0.90896626      -23.923231      -23.923231
             26      -10.254225       1.6765129       1.0430152      -12.933037      0.65155111       47.480238       11.041172   1.1667093e-13        4.482818       2.3961262        2.3961262      -25.300702      -25.300702
              3      -10.533057       1.2253403       1.0968547      -12.911377       0.5755046       16.801201       12.498407   1.2263743e-13       3.7627434      0.60483622       0.60483622      -22.275786      -22.275786
              2      -12.167208        1.087024       1.0790859      -12.918543      0.50820171       12.218671       11.997367   1.2063045e-13       3.2225652      0.36136285       0.36136285      -25.057142      -25.057142
             40      -12.465176      0.96872418       1.1392892      -12.916721      0.64139487       9.3051671       13.781268   1.2113769e-13       4.3792009      0.15956881       0.15956881       -25.24949       -25.24949
             22       -10.69711       1.2712242      0.93662597      -12.921479      0.20293468       18.673434       8.6422329   1.1981783e-13       1.5956391       1.1431924        1.1431924      -23.680606      -23.680606
              5      -10.987778      0.56813887      0.65676268      -13.033718      0.69413492       3.6994645       4.5369363   9.2529803e-14       4.9446428       1.0532312        1.0532312      -24.082019      -24.082019
             12      -10.873529      0.53428553      0.69056374      -13.032333      0.80423226       3.4220436       4.9041499    9.282545e-14       6.3713617       1.0766814        1.0766814      -23.900421      -23.900421
             14      -10.659589      0.71688375      0.72361509      -12.991386      0.73710045       5.2105522       5.2919421   1.0200325e-13       5.4588411      0.61925316       0.61925316      -22.557684      -22.557684
              2      -10.775728      0.95307402       1.0954181      -12.924347      0.29948784       8.9758176       12.457132   1.1902911e-13       1.9929107      0.38294101       0.38294101      -22.317338      -22.317338
              2      -9.1272256      0.92964121       1.1453163      -12.896261      0.29687434       8.5043516       13.973858     1.26981e-13       1.9809538      0.31007816       0.31007816      -18.874607      -18.874607
              8       -11.95408      0.97285261       1.1407136      -12.895438      0.40079426       9.3940445       13.826542   1.2722183e-13       2.5164845      0.23710339       0.23710339      -24.382367      -24.382367
             24      -11.567025       1.2682474      0.83829242      -12.952704      0.39948462       18.545878       6.8911614   1.1150539e-13       2.5089073       1.0632836        1.0632836      -25.260618      -25.260618
              5      -11.353131       1.0989771        0.767424      -12.986947      0.52085303       12.559638       5.8536129   1.0305111e-13       3.3178216      0.79642237       0.79642237      -24.299107      -24.299107
             21      -11.723959      0.50891048      0.86497112      -12.962784      0.56276659       3.2278287       7.3277581   1.0894718e-13       3.6539836      0.61561852       0.61561852      -24.679154      -24.679154
              1      -11.929393      0.55583903      0.83677488      -12.968147      0.55273502       3.5961602       6.8671238   1.0761004e-13       3.5705492      0.58438659       0.58438659       -25.02756       -25.02756
              2      -10.771919      0.39073011       0.6378437      -13.027234      0.37389945       2.4588391       4.3435388   9.3921684e-14        2.365372       1.5470355        1.5470355      -24.637909      -24.637909
             25      -11.555138      0.69374104       1.4095855       -12.78115      0.26601589       4.9401603       25.679437   1.6551992e-13       1.8450829      0.45191312       0.45191312      -24.014103      -24.014103
             17      -11.439861      0.75475956       1.3816867      -12.783721       0.3014762       5.6853809       24.081674   1.6454281e-13       2.0020559      0.34664413       0.34664413      -23.573011      -23.573011
             16      -11.649052      0.77356055       1.3820306      -12.780287      0.28201794       5.9369111       24.100751   1.6584906e-13        1.914335       0.3689512        0.3689512      -24.036007      -24.036007
             24      -11.649329      0.77361224       1.3818989       -12.78029      0.28213215       5.9376178       24.093445   1.6584775e-13       1.9148385      0.36867434       0.36867434      -24.036007      -24.036007
              1      -12.243136      0.68606538       1.2372759      -12.889723       0.5753372       4.8536157       17.269345   1.2890725e-13       3.7612933      0.11645341       0.11645341       -24.71918       -24.71918
              4      -12.294962      0.72329051       1.1087782      -12.928071      0.51526473       5.2879886       12.846303   1.1801285e-13       3.2754029      0.17058554       0.17058554      -24.931096      -24.931096
              3      -12.462747      0.71150076       1.0708299      -12.937462      0.54822321       5.1463671       11.771449   1.1548839e-13       3.5336474      0.19096916       0.19096916      -25.307433      -25.307433
             14      -12.154727      0.59992357       1.0915322      -12.937638      0.56499503       3.9803711       12.346169   1.1544153e-13        3.672781      0.28729575       0.28729575      -24.884046      -24.884046
             26       -11.94085      0.52406954       1.0416657      -12.922159      0.38285636       3.3424855       11.006918   1.1963016e-13        2.414662      0.48669497       0.48669497       -24.85509       -24.85509
              3      -11.701439      0.40193421       1.1454568      -12.920277      0.50276277       2.5230985       13.978377   1.2014977e-13       3.1824586      0.64177229       0.64177229      -24.686422      -24.686422
             16      -11.503917      0.70895967        1.247829      -12.849414      0.17114884       5.1163432        17.69412   1.4144451e-13       1.4830262      0.44931711       0.44931711      -23.906468      -23.906468
              3      -11.237668       0.6567025       1.2370122      -12.844326      0.18294965       4.5363077       17.258863   1.4311146e-13       1.5238761       0.4637533        0.4637533      -23.402842      -23.402842
             12      -10.458868      0.65178789       1.2294569      -12.833187     0.094903165       4.4852628       16.961214   1.4682928e-13       1.2442372      0.61325606       0.61325606      -22.144248      -22.144248
              5      -11.056384      0.83986299       1.0554981      -12.879499      0.19846032       6.9161275       11.363134   1.3197782e-13       1.5792843      0.38555566       0.38555566      -22.883879      -22.883879
             11      -11.161904      0.90889513        1.165501      -12.851975      0.17185643       8.1076525       14.638649    1.406129e-13       1.4854445       0.4229155        0.4229155      -23.169638      -23.169638
              6      -10.016738       1.2539501      0.99017734      -12.930175      0.17451351       17.945274       9.7763634   1.1744251e-13       1.4945605       1.1324237        1.1324237      -22.298324      -22.298324
              2      -8.7354273       1.3878747      0.88387458      -12.929969    -0.019630008       24.427255       7.6537555   1.1749813e-13      0.95580653       1.9845703        1.9845703      -21.439995      -21.439995
              9      -10.981555      0.91702908      0.88224434      -12.941462      0.17738396       8.2609327       7.6250788    1.144296e-13       1.5044715      0.66739946       0.66739946      -23.297908      -23.297908
              3      -10.849998      0.98001912      0.97360574      -12.933263       0.3057332       9.5503464       9.4103492   1.1661045e-13       2.0217767      0.45913665       0.45913665       -22.61827       -22.61827
             14      -10.705807         0.63698        1.456275      -12.899369      0.84582653       4.3349091       28.594003   1.2607559e-13       7.0117517      0.38460388       0.38460388      -22.180823      -22.180823
             16      -11.176037      0.63486514       1.5036048      -12.917517      0.95954331        4.313851       31.886348   1.2091572e-13        9.110523      0.56846307       0.56846307         -23.489         -23.489
              2      -7.8257786      0.44129328       1.4028284      -12.958093      0.93073222       2.7624427       25.282985   1.1013027e-13       8.5257427      0.85641907       0.85641907      -17.364395      -17.364395
              8      -9.3601919      0.52506586       1.7915684      -12.765755      0.58210372       3.3501624       61.882575   1.7149232e-13        3.820355       1.0555364        1.0555364      -20.831457      -20.831457
             12      -10.955772      0.49998633       1.5398441      -12.816631      0.58528333       3.1621782       34.661244   1.5253491e-13       3.8484277       0.5875901        0.5875901      -23.086725      -23.086725
              1      -10.940535      0.52959159       1.5438607      -12.812311      0.56697123       3.3852566       34.983298   1.5405952e-13       3.6895315      0.54693025       0.54693025      -22.974931      -22.974931
              1      -11.826245      0.67735804       1.5015779      -12.832598      0.58834722       4.7572727       31.737876   1.4702867e-13       3.8756738      0.29575932       0.29575932      -24.244009      -24.244009
              4      -12.063499      0.66079491       1.4152302      -12.849282       0.5560266       4.5792559       26.015384   1.4148735e-13       3.5977137      0.22628348       0.22628348      -24.579566      -24.579566
              6      -11.408485      0.48933708       1.4287948      -12.867369      0.69703035       3.0855819       26.840756   1.3571614e-13       4.9777187      0.48039543       0.48039543      -23.777762      -23.777762
              7      -10.612058      0.52662945       1.3727841      -12.875502      0.64316035       3.3622457       23.593053   1.3319821e-13       4.3970393      0.36688116       0.36688116      -21.957879      -21.957879
             10      -10.925474      0.51748024         1.37217      -12.877986      0.70815065       3.2921548       23.559714   1.3243847e-13       5.1068211      0.38706628       0.38706628       -22.62508       -22.62508
              6      -12.275663      0.51855113       1.3405224      -12.874302      0.62229343       3.3002826       21.903948   1.3356649e-13       4.1907661       0.3557563        0.3557563      -25.262839      -25.262839
              8      -12.161793      0.63286081       1.4060994       -12.85972      0.62155063       4.2939878       25.474134   1.3812739e-13       4.1836045      0.23547614       0.23547614      -24.794538      -24.794538
              9      -11.454514       1.2969072       1.3275602      -12.864753      0.41687794       19.811035       21.259848   1.3653584e-13       2.6114273       0.8899958        0.8899958       -24.68902       -24.68902
             18      -11.262126       1.3232827       1.3210565      -12.866129      0.40355103       21.051485       20.943848   1.3610404e-13       2.5325092      0.97750699       0.97750699      -24.479266      -24.479266
             21      -10.890855       1.0901593        1.002409      -12.926001      0.20643885       12.307202       10.055623   1.1857652e-13       1.6085659      0.70992193       0.70992193      -23.201554      -23.201554
              6      -11.413492       1.0989067      0.99843094       -12.92689       0.2206463       12.557602       9.9639362    1.183342e-13       1.6620585      0.70771996       0.70771996      -24.242424      -24.242424
              4      -11.551526       1.1734504      0.81419781      -12.966339      0.44110658       14.909065       6.5192527   1.0805903e-13       2.7612554      0.86332625       0.86332625      -24.829705      -24.829705
             11      -7.7109834       1.4187382      0.29327645      -13.117233      0.39109442        26.22637       1.9646105   7.6342644e-14       2.4609026       3.4220717        3.4220717       -22.26611       -22.26611
              9      -9.2219724       1.4019085      0.31823453      -13.103654      0.32339124       25.229492       2.0808201   7.8767289e-14       2.1056745        3.266781         3.266781      -24.977507      -24.977507
              7      -9.2440084       1.3986562      0.31788559      -13.105095      0.31052211       25.041259       2.0791489   7.8506437e-14        2.044194       3.2804915        3.2804915         -25.049         -25.049
              3      -9.3229503       1.1159079      0.27706902      -13.088836       0.5629057       13.058938       1.8926444   8.1501288e-14       3.6551541       2.3376996        2.3376996        -23.3213        -23.3213
              5      -9.9234261       1.0500503      0.52031481      -13.005726      0.61008282       11.221483       3.3137123   9.8690233e-14       4.0745797       1.1708277        1.1708277      -22.188508      -22.188508
             10      -10.642784       1.1681265      0.63893895      -12.967026      0.64399191       14.727414       4.3545066   1.0788829e-13       4.4054666       1.0087706        1.0087706      -23.303109      -23.303109
              5      -10.700813        1.132502       0.5886359      -13.001182      0.59627501       13.567567       3.8782509   9.9728173e-14       3.9470717       1.1610092        1.1610092      -23.723644      -23.723644
              7      -10.769864       1.3542147      0.73207921      -12.954837      0.62750896       22.605529       5.3960903   1.1095918e-13       4.2413973       1.3377265        1.3377265      -24.215181      -24.215181
              3      -12.276092      0.93851851       1.1025209      -12.910343      0.61053786       8.6799757       12.662542   1.2292969e-13       4.0788511      0.12417593       0.12417593      -24.800535      -24.800535
             12      -10.647284      0.75796855        1.291319      -12.894967      0.70457303       5.7275455       19.557754   1.2736004e-13       5.0649251      0.10118262       0.10118262      -21.496933      -21.496933
              2      -12.083193      0.82469619        1.289202        -12.8987      0.80319538       6.6787654       19.462652   1.2626989e-13       6.3561682      0.12604254       0.12604254      -24.418472      -24.418472
              3      -10.800383      0.89006989       1.5055137      -12.876432      0.60325016       7.7637205       32.026809   1.3291303e-13       4.0109769      0.29350977       0.29350977      -22.187785      -22.187785
              4      -10.807657      0.56211619       1.5786916      -12.919655      0.95459818       3.6485155       37.904574   1.2032204e-13       9.0073736      0.77052878       0.77052878      -23.156371      -23.156371
             12      -8.4193301      0.64664974       1.5256343      -12.931551      0.84466151       4.4325101       33.545499     1.17071e-13       6.9929675      0.53211887       0.53211887      -17.902898      -17.902898
             12      -8.6733521      0.47046102       1.5861724      -12.936486      0.88035787       2.9543437       38.563138   1.1574809e-13       7.5920293       0.9269876        0.9269876      -19.200679      -19.200679
             25      -9.6214177      0.31569217       1.6393997      -12.923891       0.9120871       2.0686746       43.591289   1.1915408e-13       8.1674617       1.3997178        1.3997178      -22.042271      -22.042271
              8      -6.4353634      0.43726586       1.4679164      -12.929604       0.9476349       2.7369437       29.370843   1.1759705e-13       8.8641052      0.86956851       0.86956851      -14.609864      -14.609864
             14      -9.8308844    -0.011586951        1.220991      -12.904926       1.0305834      0.97367283       16.633783   1.2447264e-13       10.729597        2.334513         2.334513      -24.330795      -24.330795
              4      -10.173478      0.10299001       1.1927902        -12.9042         1.00775       1.2676227       15.587993    1.246808e-13       10.180053       1.7687271        1.7687271      -23.884409      -23.884409
              7      -10.262841      0.19147809       1.2225835      -12.902154      0.62377401       1.5540969       16.694887   1.2526981e-13       4.2050775         1.23406          1.23406      -22.993801      -22.993801
              5      -9.4175246      0.46513309      0.56372652      -13.053057      0.52328578       2.9183212        3.662069   8.8499898e-14       3.3364589       1.5337632        1.5337632      -21.902576      -21.902576
             12       -10.90971      0.23474466      0.66273644      -13.011299      0.51958252       1.7168986       4.5997734   9.7431837e-14       3.3081297       1.7975792        1.7975792      -25.414579      -25.414579
              2      -10.960982      0.24901025      0.67319965      -13.012928       0.5263704       1.7742313       4.7119389   9.7067015e-14       3.3602408       1.7363364        1.7363364      -25.394637      -25.394637
              8      -10.380117      0.29195523      0.68040053      -13.021307      0.49625533       1.9586427       4.7907171   9.5212225e-14       3.1351284       1.6389651        1.6389651      -24.038164      -24.038164
              4      -11.303929      0.34979098      0.75753458      -12.998133       0.4738241       2.2376439       5.7218251   1.0043078e-13       2.9773103        1.271904         1.271904      -25.151666      -25.151666
             20      -11.057675      0.32843833      0.74554132       -13.00163      0.47377582        2.130288       5.5659759     9.96253e-14       2.9769794       1.3627062        1.3627062      -24.840763      -24.840763
              2      -10.238411      0.27150735       0.7772111       -13.00589      0.43374657       1.8685613       5.9870254   9.8652911e-14       2.7148546       1.5455623        1.5455623      -23.567947      -23.567947
              4      -10.029072        0.263116      0.77056831      -13.006049      0.42546008       1.8328039       5.8961471   9.8616792e-14       2.6635452       1.5881655        1.5881655      -23.234476      -23.234476
             24      -10.953552      0.66553702      0.94974232      -12.899286       0.1647259       4.6295312       8.9072228   1.2609963e-13       1.4612546      0.57388748       0.57388748      -23.054879      -23.054879
             14      -11.745456      0.62710908      0.93071345      -12.902141      0.16737483       4.2374939       8.5253741   1.2527349e-13       1.4701946      0.62480618       0.62480618      -24.740524      -24.740524
              4      -9.5101314      0.52756043      0.95856682      -12.855551     0.028122247       3.3694609       9.0900614   1.3945965e-13       1.0668964      0.94651741       0.94651741      -20.913298      -20.913298
              2      -9.0682693    -0.080558969      0.87531661      -12.950058      0.21184519      0.83069392        7.504411   1.1218693e-13       1.6287154       3.0131696        3.0131696      -24.162878      -24.162878
              3      -9.1845145    -0.057076259        0.886467      -12.950131      0.21451359      0.87684684       7.6995793     1.12168e-13       1.6387534       2.8753844        2.8753844      -24.119798      -24.119798
             10      -9.6015501    -0.062602096       0.8976632      -12.942821      0.19925518      0.86576077       7.9006569   1.1407188e-13       1.5821774       2.8972596        2.8972596      -24.997619      -24.997619
             34      -9.2347295    -0.026950456       1.0257045      -12.899391      0.21201953      0.93983052       10.609735   1.2606924e-13       1.6293693       2.5235673        2.5235673      -23.516594      -23.516594
              1      -9.3873403     -0.12706771       1.0224021      -12.900558      0.21778376       0.7463324       10.529364   1.2573103e-13       1.6511395       3.0555969        3.0555969      -24.885874      -24.885874
             11      -8.1598967    -0.080088692      0.74899645      -12.934596    -0.047749503      0.83159392       5.6104339   1.1625306e-13      0.89588135        3.595757         3.595757      -23.511307      -23.511307
              7      -7.9043437    -0.013185542      0.65214839      -12.944851     -0.03676657      0.97009543       4.4889874   1.1354014e-13      0.91882633       3.3916425        3.3916425      -22.591972      -22.591972
             20      -7.6432274     -0.38262584      0.78105064      -12.981215      0.34016141       0.4143565       6.0401905   1.0442031e-13       2.1885749       4.9528051        4.9528051      -25.192065      -25.192065
             17      -9.4048206      0.31676503      0.49997192      -13.041935     0.019580719       2.0737912       3.1620732   9.0795542e-14       1.0461181       2.6297001        2.6297001      -24.069041      -24.069041
              4      -11.291488       1.0783943      0.69390785      -13.012286      0.29611643       11.978275       4.9420581    9.721058e-14       1.9774997       1.1560718        1.1560718      -24.895119      -24.895119
             10       -10.57771       1.1016314      0.76635206      -13.013167      0.41283927       12.636635       5.8391827   9.7013591e-14       2.5872552      0.98299179       0.98299179      -23.121404      -23.121404
              7      -11.954256       1.2519771       1.0847881      -12.928209      0.58459601       17.863934       12.155926   1.1797521e-13       3.8423419      0.71059633       0.71059633      -25.329705      -25.329705
             10      -12.126347       1.2067164       1.1962402      -12.893652       0.6065462       16.095941       15.712315   1.2774621e-13       4.0415336       0.5273328        0.5273328       -25.30736       -25.30736
              3      -10.056692       1.1100209       1.5593889      -12.790762      0.37748202       12.883115       36.256755   1.6189663e-13       2.3849651      0.73329804       0.73329804       -21.57998       -21.57998
             10      -10.412836     0.047613122       1.2623864      -12.880827      0.36952514       1.1158688       18.297276   1.3157499e-13        2.341667       1.9594806        1.9594806      -24.744633      -24.744633
              6      -11.650831       1.2449997       1.0747361      -12.924108      0.50409802       17.579226       11.877802   1.1909453e-13       3.1922582      0.71595516       0.71595516      -24.733572      -24.733572
              6       -11.77721       1.2099222       1.0585225       -12.92662      0.48555758       16.215196       11.442543   1.1840766e-13       3.0588458      0.64717024       0.64717024      -24.848761      -24.848761
              1      -11.642509       1.2231017       1.0630537      -12.920679      0.44917621        16.71482       11.562553   1.2003873e-13       2.8130419      0.68820202       0.68820202      -24.661422      -24.661422
              1      -11.316043       1.2394859       1.0760795      -12.917395      0.45556962       17.357448       11.914602   1.2094967e-13       2.8547601      0.71563823       0.71563823      -24.063363      -24.063363
              3      -11.544966       1.2919736       1.0880126      -12.923586      0.40763713       19.587254       12.246518   1.1923778e-13        2.556449      0.90930714       0.90930714      -24.908545      -24.908545
             10      -11.382889       1.2906898       1.0680239      -12.927217       0.4060157       19.529441       11.695637   1.1824494e-13       2.5469224      0.91863667       0.91863667      -24.603052      -24.603052
              8      -12.032996       1.1832007       1.0964378      -12.921828      0.46754871       15.247572       12.486417   1.1972145e-13       2.9345986      0.57907372       0.57907372       -25.22414       -25.22414
              7      -11.861449       1.1879003       1.1426686       -12.91513      0.48945905       15.413465       13.888923   1.2158221e-13       3.0864486       0.5610071        0.5610071      -24.844911      -24.844911
             17      -10.202857       1.4735148      0.85985156      -12.944613      0.33842693       29.751908       7.2418838   1.1360224e-13       2.1798516       1.7730658        1.7730658      -23.951846      -23.951846
              2       -10.37625       1.5040818      0.88532034      -12.949283      0.30104064       31.921391       7.6792772   1.1238714e-13        2.000049       1.9325479        1.9325479      -24.617597      -24.617597
              8      -10.964941       1.4519359      0.94426379       -12.94013      0.35088283       28.309744       8.7955659   1.1478107e-13       2.2432766       1.5989298        1.5989298      -25.127741      -25.127741
              5      -10.111746       1.5943753      0.74722891      -13.007895      0.51094816       39.298437       5.5876464   9.8198507e-14        3.243009       2.5168294        2.5168294      -25.257151      -25.257151
             23      -10.680449       1.4460481      0.79335976      -12.986641      0.45976113       27.928533       6.2138356   1.0312382e-13       2.8824457       1.7681809        1.7681809       -24.89726       -24.89726
              8      -10.768838       1.3498546      0.64556428      -13.029378      0.38877624       22.379718       4.4214456   9.3459114e-14       2.4478018       1.8744382        1.8744382      -25.286553      -25.286553
              8      -10.190801      0.92583912      0.53236973      -13.043689      0.53427349       8.4302242       3.4069811   9.0429755e-14       3.4219487       1.2186539        1.2186539       -22.81891       -22.81891
              7      -11.271071        1.243285      0.66678596      -13.003013      0.56565177       17.509952        4.642864   9.9308653e-14       3.6783392       1.2973575        1.2973575      -25.136858      -25.136858
              7      -10.661875        1.182652      0.63943915      -13.005673      0.55149711        15.22832       4.3595248   9.8702291e-14       3.5603862       1.2104759        1.2104759      -23.744701      -23.744701
              1      -11.001606      0.93755632      0.71316838      -12.992081      0.46332124       8.6607663       5.1661662   1.0184006e-13       2.9061715      0.71831272       0.71831272      -23.439838      -23.439838
             15      -11.911107      0.91903712      0.74465545      -13.003758      0.51511207        8.299217       5.5546341   9.9138343e-14       3.2742517      0.68108762       0.68108762      -25.184389      -25.184389
              2      -12.345813      0.88567061      0.87981443      -12.946875      0.52073277       7.6854732       7.5825352   1.1301224e-13        3.316903      0.31169428       0.31169428      -25.315015      -25.315015
             17      -12.354153      0.79700139       1.0245051      -12.931648      0.64764341       6.2661586       10.580474   1.1704475e-13       4.4426634      0.13537553       0.13537553      -24.979057      -24.979057
              1      -12.402125      0.84112702       1.0050172      -12.933338      0.58720962       6.9362865       10.116195   1.1659013e-13       3.8655351      0.15888626       0.15888626      -25.122022      -25.122022
             51      -11.464589      0.84724624       0.9382159        -12.9416      0.57685044       7.0347107       8.6739297   1.1439325e-13       3.7744219      0.21951669       0.21951669      -23.368212      -23.368212
              5      -10.380494      0.76075345       1.0002369      -12.927552      0.59683295       5.7643913       10.005455   1.1815399e-13       3.9521457      0.14871897       0.14871897      -21.058427      -21.058427
              2      -9.6227458      0.66987856      0.56649799      -13.057468      0.56907668       4.6760437       3.6855134   8.7605688e-14       3.7074618       1.2333435        1.2333435      -21.712179      -21.712179
              9      -9.5862679      0.67154431      0.56734378      -13.057394      0.56327696       4.6940133       3.6926979   8.7620518e-14       3.6582801       1.2318302        1.2318302      -21.636196      -21.636196
             10      -10.088241      0.64707198      0.53205493      -13.068384      0.54577816       4.4368217       3.4045125   8.5431055e-14       3.5138091       1.3926017        1.3926017      -22.961684      -22.961684
              1      -10.343583      0.67566112      0.53850915      -13.070363      0.28818627       4.7387208       3.4554861   8.5042736e-14       1.9417185       1.5755524        1.5755524      -23.838272      -23.838272
              3      -10.348786      0.62575429      0.45065415      -13.093384      0.28783739       4.2242955       2.8226313   8.0652246e-14       1.9401593       1.9550357        1.9550357      -24.607644      -24.607644
             10      -10.182454       0.5291353      0.49305422      -13.091422      0.33829333       3.3817017       3.1121049   8.1017296e-14       2.1791811       1.9260961        1.9260961        -24.2171        -24.2171
              2      -10.422058      0.75542484       0.4902162      -13.051737      0.15680841       5.6940967       3.0918342   8.8769372e-14       1.4348563       1.7151419        1.7151419      -24.274401      -24.274401
              7      -8.9158652      0.40915259      0.70033707      -13.033902      0.42294092       2.5653853       5.0157637    9.249061e-14       2.6481399       1.3941394        1.3941394      -20.620009      -20.620009
              8      -8.8820055      0.94415665       0.5067094      -13.029091      0.48088324       8.7933964       3.2115109   9.3520881e-14       3.0260997       1.2392907        1.2392907      -20.242592      -20.242592
              3      -11.190081      0.62960193      0.70299402      -13.015328      0.48936643        4.261887       5.0465435   9.6532071e-14       3.0857904      0.86715827       0.86715827      -24.114479      -24.114479
              2      -11.484099      0.87022821       1.4281344      -12.777739      0.27131701       7.4169988       26.799973   1.6682488e-13       1.8677425      0.43675592       0.43675592      -23.841709      -23.841709
              3      -11.492264      0.85795531       1.4408138      -12.776324      0.27352468       7.2103329       27.593947   1.6736925e-13       1.8772611      0.44526755       0.44526755      -23.875063      -23.875063
             16        -10.6953       1.0637459       1.4846972      -12.775453      0.29215403       11.580996       30.527916   1.6770526e-13       1.9595396      0.66086775       0.66086775      -22.712336      -22.712336
              2      -11.393954       1.0290779       1.5508187      -12.790541      0.33936978       10.692466       35.548286   1.6197913e-13       2.1845892      0.63258242       0.63258242      -24.053074      -24.053074
              7      -11.244719       1.0986954       1.5449588      -12.792504      0.33070146       12.551493       35.071863   1.6124844e-13        2.141418      0.73819016       0.73819016      -23.965818      -23.965818
              3      -9.7727368      0.81937245       1.4455346      -12.853767       0.6172717       6.5973944        27.89553   1.4003387e-13       4.1425876      0.17722654       0.17722654      -19.899927      -19.899927
              9       -9.073059       1.0091876       1.9779509      -12.746762      0.34390356       10.213806       95.049723   1.7915887e-13       2.2075145        1.606303         1.606303      -21.358724      -21.358724
             35       -9.776141      0.58765905       1.8469427         -12.814      0.60029021       3.8695374       70.297958   1.5346166e-13       3.9837329        1.047248         1.047248      -21.646778      -21.646778
             16      -11.351983      0.80794934       1.4410826      -12.832856      0.45446427       6.4261275        27.61103    1.469412e-13       2.8475035      0.23274389       0.23274389      -23.169454      -23.169454
              4       -11.53862      0.80317164       1.4377948       -12.83368      0.45688416       6.3558207       27.402791   1.4666286e-13       2.8634141      0.22779787       0.22779787      -23.532836      -23.532836
              1      -11.968138      0.89696315       1.3210311      -12.864197      0.53941646       7.8879319       20.942623   1.3671073e-13       3.4627127      0.11821232       0.11821232      -24.172701      -24.172701
              7      -12.386867      0.99059213       1.3123553      -12.869738      0.46108482       9.7857053        20.52841   1.3497776e-13       2.8912445      0.23578685       0.23578685      -25.245308      -25.245308
              2      -11.998312       1.0819129       1.2043819      -12.889896      0.45139787       12.075717       16.009651   1.2885585e-13       2.8274691      0.34224214       0.34224214      -24.681109      -24.681109
              2      -9.0463682      0.14451478      0.58848794       -13.06566      0.48721905       1.3948091       3.8769298   8.5968574e-14       3.0705703       2.5581329        2.5581329      -23.209002      -23.209002
              5      -8.7992883      0.10700255      0.54040492      -13.080475      0.48096455       1.2793888       3.4706028   8.3085395e-14       3.0266664       2.8971883        2.8971883      -23.392953      -23.392953
              5      -9.0521689      0.11623301      0.53781965      -13.079463      0.47555236       1.3068719       3.4500044   8.3279343e-14        2.989182       2.8604912        2.8604912       -23.82532       -23.82532
              2      -9.0229014       0.1068543      0.50679578      -13.087169      0.43362144       1.2789521       3.2121497   8.1814619e-14       2.7140725       3.0407139        3.0407139      -24.127231      -24.127231
              1      -10.319219      0.28887927      0.62462802      -13.043124       0.4325214       1.9448194       4.2133547   9.0547311e-14       2.7072066       1.8888841        1.8888841      -24.416207      -24.416207
             10      -10.239673      0.27321852      0.63079933      -13.040408       0.4258823       1.8759382       4.2736537   9.1115502e-14        2.666136       1.9196346        1.9196346      -24.318615      -24.318615
              4       -10.26808      0.29503563      0.61350394      -13.042146      0.44390272       1.9725846       4.1068037    9.075154e-14       2.7790907        1.875144         1.875144      -24.286449      -24.286449
             11      -9.7786762      0.38834966      0.74645044      -13.003704      0.27355684       2.4453986       5.5776395   9.9150795e-14       1.8774001       1.3980751        1.3980751      -22.353503      -22.353503
              2      -10.318832      0.37821674      0.75304456      -12.978023      0.49291694       2.3890032       5.6629739   1.0519053e-13       3.1111213       1.1106894        1.1106894      -22.859042      -22.859042
             34      -11.766835      0.43695604      0.82813711      -12.957212      0.47802808       2.7349919       6.7318915     1.10354e-13       3.0062707      0.81996175       0.81996175      -25.173593      -25.173593
              1      -10.627979      0.37346505      0.76768278      -12.974263      0.23247335       2.3630072        5.857102   1.0610526e-13       1.7079429       1.3499662        1.3499662       -23.95589       -23.95589
              1      -9.9707936      0.29811965      0.77390958      -12.978415      0.26104405       1.9866422       5.9416844   1.0509563e-13       1.8240807       1.5348085        1.5348085      -23.011204      -23.011204
              1      -10.985237      0.29613738      0.75900743      -12.980256      0.26096945       1.9775951       5.7412629   1.0465119e-13       1.8237674       1.5660141        1.5660141      -25.102503      -25.102503
             10      -10.919226      0.29594435      0.75845357      -12.980023      0.25034441       1.9767163       5.7339457    1.047072e-13       1.7796902       1.5806862        1.5806862      -24.999825      -24.999825
             10      -10.480103      0.29501742      0.76181266       -12.97933      0.25530883       1.9725018       5.7784673   1.0487442e-13       1.8001506       1.5701404        1.5701404      -24.100486      -24.100486
              2      -10.819263      0.10971232        1.067274      -12.906219      0.29532887       1.2873965       11.675461   1.2410273e-13       1.9739169       1.7777873        1.7777873        -25.1941        -25.1941
              1      -11.157929      0.18850875       1.1282996      -12.903821      0.35387209       1.5435075       13.436916    1.247897e-13       2.2587704       1.3877869        1.3877869      -25.091433      -25.091433
              8       -9.957791     0.043764631      0.94647873      -12.938871       0.6951025       1.1060242       8.8405387   1.1511422e-13       4.9556714       1.9696069        1.9696069      -23.854796      -23.854796
              3      -10.711665      0.32447038       1.1900351      -12.886714         0.44848       2.1109132       15.489417   1.2980352e-13        2.808536      0.82934578       0.82934578      -23.082023      -23.082023
              4      -10.428564      0.30696299       1.1924838      -12.886486      0.44279731         2.02751       15.576999   1.2987169e-13       2.7720261      0.88611751       0.88611751      -22.629364      -22.629364
             14      -10.240672      0.28259957       1.1599245      -12.893554      0.49066779       1.9169005       14.451886   1.2777489e-13       3.0950509      0.93564392       0.93564392      -22.352632      -22.352632
              2       -7.129508     0.086010125       1.1829433      -12.918758      0.54402342        1.219018       15.238538   1.2057084e-13       3.4996404       1.7072324        1.7072324      -17.673481      -17.673481
              9      -10.027494     0.043820936       1.0799675      -12.938913      0.57418984       1.1061676       12.021745   1.1510307e-13       3.7513694       1.9332041        1.9332041      -23.921395      -23.921395
              4      -10.303813      0.33327246      0.68234037      -12.966459      0.15823585       2.1541327       4.8121635    1.080291e-13       1.4395801       1.6640977        1.6640977      -23.935822      -23.935822
              2      -10.567584      0.33090721      0.69605471      -12.964353      0.16089761       2.1424328       4.9665488   1.0855438e-13       1.4484303       1.6391157        1.6391157      -24.413399      -24.413399
              3      -11.311219      0.76888657      0.72802249      -12.963771      0.68952517       5.8733593       5.3459204    1.086999e-13       4.8924362      0.48382836       0.48382836      -23.590095      -23.590095
             14      -11.487209       1.2985375      0.85264093      -12.952538      0.40315245       19.885546       7.1226389     1.11548e-13        2.530186       1.1324955        1.1324955      -25.239409      -25.239409
             21      -11.689747       1.2363133      0.88347709      -12.951492      0.39037531       17.231113       7.6467535   1.1181708e-13       2.4568312      0.94216902       0.94216902      -25.263832      -25.263832
              7      -11.585351       1.2299408      0.89585799      -12.948943       0.3874178       16.980123       7.8678847   1.1247515e-13       2.4401572      0.91111473       0.91111473      -24.992931      -24.992931
             24      -11.989755       1.1511178       1.1213844       -12.92363      0.47875091       14.161778       13.224657   1.1922563e-13       3.0112784      0.50613691       0.50613691      -24.991783      -24.991783
              5      -8.4568154       1.1428606       1.1582603      -12.919505      0.49717713       13.895065       14.396613   1.2036363e-13       3.1417898      0.47145031       0.47145031      -17.856531      -17.856531
              3      -11.705865       1.1426581       1.4995678      -12.861887      0.52961629       13.888587       31.591321   1.3743988e-13       3.3854491      0.60801233       0.60801233      -24.627755      -24.627755
              4      -11.333863       1.2601257       1.5384259      -12.830068      0.39824598       18.202275       34.548241   1.4788778e-13       2.5017619       1.0093348        1.0093348      -24.686396      -24.686396
              8      -10.809435       1.1854078       1.5439385      -12.825636      0.40261105       15.325257       34.989564   1.4940478e-13       2.5270338      0.82725041       0.82725041       -23.27337       -23.27337
              2      -9.3389315       1.0160022       1.1922913      -12.806837     0.063006759       10.375336       15.570096    1.560139e-13       1.1561302      0.71620086       0.71620086      -20.110265      -20.110265
              5      -9.5401461       1.1482191       1.1362432      -12.817655   -0.0068504316        14.06757       13.684949   1.5217543e-13      0.98435005       1.0665616        1.0665616      -21.213415      -21.213415
              1      -11.224939       1.1073748       1.2537749      -12.864974      0.16572445       12.804858       17.938036   1.3646651e-13       1.4646183      0.70675139       0.70675139      -23.863381      -23.863381
             22      -10.105745        1.478996       1.3509216      -12.838176      0.17895919       30.129786       22.434769   1.4515246e-13       1.5099383       1.8117657        1.8117657      -23.835022      -23.835022
             30      -10.039834        1.472161         1.35505      -12.836057      0.17198806       29.659305       22.649053   1.4586226e-13       1.4858948       1.7981496        1.7981496      -23.675967      -23.675967
              5      -10.324701       1.3980266       1.1256218      -12.914578      0.26587008       25.004983        13.35432   1.2173682e-13       1.8444635       1.3821125        1.3821125      -23.413626      -23.413626
              9      -11.066557       1.3599508       1.0727842      -12.923131      0.42517985        22.90608       11.824538   1.1936293e-13       2.6618272       1.1075446        1.1075446      -24.348203      -24.348203
             16      -10.295132       1.6585553       1.1042528      -12.929184      0.49142776        45.55702        12.71314    1.177107e-13       3.1004716       2.3336457        2.3336457      -25.257555      -25.257555
              2      -10.135575       1.4832324       1.2363709      -12.882488      0.43785794       30.425128       17.233396   1.3107251e-13       2.7406776       1.4958374        1.4958374      -23.262825      -23.262825
             14      -10.867206       1.3696225       1.5295157      -12.864213      0.56858534       23.421922       33.846649   1.3670597e-13       3.7032697       1.2461694        1.2461694      -24.226752      -24.226752
             13      -10.832338       1.3799283       1.5469901      -12.844248      0.53370469       23.984371       35.236284   1.4313701e-13       3.4174699       1.3055301        1.3055301      -24.275736      -24.275736
             12      -11.491166       1.1705513       1.5619156      -12.857245       0.5783727       14.809872       36.468308   1.3891685e-13        3.787675      0.73218739       0.73218739      -24.446706      -24.446706
              9      -11.515909      0.44818181       1.3423751      -12.911289      0.90000175       2.8066084       21.997591   1.2266236e-13       7.9433143      0.64098694       0.64098694      -24.313791      -24.313791
              3      -11.358259      0.41822993       1.3350147      -12.903453      0.87182459       2.6195696       21.627918    1.248957e-13       7.4443123       0.6683921        0.6683921      -24.053301      -24.053301
              3      -11.769597      0.41869716       1.3205392      -12.885221      0.91828663       2.6223893       20.918916   1.3025052e-13       8.2848878       0.6609752        0.6609752      -24.861145      -24.861145
             14      -11.437764      0.42647071       1.2523129       -12.89185      0.98470004       2.6697507       17.877751   1.2827748e-13       9.6538387      0.67527093       0.67527093      -24.226069      -24.226069
             10      -12.199388      0.51472075       1.2285599       -12.89234      0.99823514       3.2713029       16.926217   1.2813281e-13        9.959445      0.49896875       0.49896875      -25.396713      -25.396713
              2      -12.200078      0.51656095       1.2274704      -12.892929      0.99764638       3.2851935       16.883809    1.279589e-13       9.9459524      0.49560759       0.49560759      -25.391372      -25.391372
             20      -11.420717      0.37831845       1.3742623      -12.879121       1.0477348       2.3895628       23.673492   1.3209288e-13       11.161815      0.92781525       0.92781525      -24.697064      -24.697064
              1      -11.942569      0.54741808         1.15803      -12.892385       1.0185097       3.5271025       14.388981   1.2811937e-13       10.435415      0.44859251       0.44859251      -24.782323      -24.782323
              2      -10.623893       1.0455804         1.49371      -12.871716      0.61393199        11.10658       31.168074    1.343642e-13       4.1108534        0.417886         0.417886      -22.083557      -22.083557
              3      -11.881193       1.0390345       1.4815254      -12.875688      0.61195419       10.940433       30.305776   1.3314101e-13       4.0921749      0.39837808       0.39837808      -24.559143      -24.559143
             11      -12.030158        1.032944       1.4831014      -12.875405      0.58848215       10.788075       30.415948   1.3322792e-13       3.8768781      0.39687553       0.39687553      -24.854067      -24.854067
             12      -11.276283       1.1379602       1.3885753       -12.89154      0.59206994        13.73916       24.466697   1.2836891e-13       3.9090384      0.49045377       0.49045377      -23.533474      -23.533474
              4      -10.844773       1.1133573       1.4023018      -12.885539      0.53543371       12.982469        25.25235   1.3015502e-13       3.4311026      0.46665093       0.46665093      -22.622847      -22.622847
             14      -9.9184195       1.3394889        1.787634      -12.801561      0.40449309       21.851884       61.324498   1.5792068e-13       2.5380086       1.7088788        1.7088788      -23.254597      -23.254597
             13      -9.6762717       1.0683891       1.4862939      -12.816596      0.27652337       11.705477       30.640363    1.525472e-13       1.8902679       0.6611862        0.6611862      -20.674916      -20.674916
              5      -9.1509782       1.5392208       1.2899958        -12.8398     0.033610525       34.611528       19.498259   1.4461047e-13       1.0804646       2.2901008        2.2901008      -22.882158      -22.882158
              8      -9.1734355       1.5347575       1.2903862      -12.839728      0.03251423       34.257642       19.515794   1.4463465e-13       1.0777406       2.2729833        2.2729833      -22.892838      -22.892838
              2      -9.3964299       1.4900014       1.2785122      -12.841328      0.03849448       30.903052       18.989441   1.4410269e-13       1.0926837       2.0648969        2.0648969      -22.922654      -22.922654
             23      -8.4127211       1.5478792       1.2257807      -12.834472    -0.053300828       35.308491       16.818244   1.4639548e-13      0.88450272       2.4881897        2.4881897      -21.801822      -21.801822
              9      -10.206132       1.4157333       1.1264032      -12.887324     0.095851803       26.045538       13.378368   1.2962118e-13       1.2469579       1.6655418        1.6655418      -23.743347      -23.743347
              7      -8.7006516      0.94670231       1.7281856      -12.705644      0.25121679       8.8450912       53.479285   1.9695001e-13       1.7832687        1.123428         1.123428      -19.648159      -19.648159
             16      -8.9078405       0.9696646       1.8877058      -12.653943      0.20801009       9.3253384       77.215733   2.2184865e-13       1.6143961       1.7615971        1.7615971      -21.338875      -21.338875
              6      -8.8401074      0.95238357       1.9059742      -12.651296      0.18550079       8.9615591       80.533063   2.2320529e-13        1.532854       1.8400581        1.8400581      -21.360331      -21.360331
              6      -7.9386696       1.1647338       1.8472821       -12.70137      0.13087386       14.612813        70.35292   1.9889759e-13       1.3516799       1.9178833        1.9178833      -19.713106      -19.713106
             10      -8.3005351       1.3088448        1.916277      -12.662897     0.078539401       20.363141        82.46639   2.1732154e-13       1.1982278       2.6963914        2.6963914      -21.993853      -21.993853
              5      -8.6528399       1.2933153       1.9362422      -12.658516      0.08552722        19.64786       86.346002   2.1952516e-13       1.2176633       2.7095559        2.7095559      -22.724792      -22.724792
              7      -8.6079031       1.3036789       1.9372139      -12.659217     0.081793493       20.122359       86.539411   2.1917094e-13       1.2072397       2.7471222        2.7471222      -22.710051      -22.710051
              1      -10.624535      0.86816834       1.5015807      -12.751895      0.27392745       7.3819031       31.738086   1.7705359e-13       1.8790029      0.55663253       0.55663253      -22.362334      -22.362334
             12      -11.042074       1.0761679       1.2561639      -12.856652      0.19764634       11.917025       18.036984   1.3910682e-13       1.5763271      0.59724701       0.59724701      -23.278641      -23.278641
              8      -10.917071       1.3110985       1.5577047      -12.834944       0.4540703       20.469087       36.116424   1.4623651e-13       2.8449216       1.1408544        1.1408544      -24.115851      -24.115851
              9      -9.0694083        1.464543       1.5593639      -12.812757      0.37691907       29.143587       36.254668   1.5390162e-13       2.3818756       1.7420838        1.7420838      -21.622984      -21.622984
              2      -7.8829423       1.6033624       1.5265938      -12.815203      0.32330923       40.120132       33.619694   1.5303729e-13       2.1052769       2.3558271        2.3558271      -20.477539      -20.477539
              4       -9.672675       1.5816474       1.4906443      -12.817356      0.30920773       38.163432       30.948836   1.5228033e-13       2.0380167       2.2210416        2.2210416      -23.787433      -23.787433
              5       -9.388247       1.5798739        1.500451      -12.813572      0.31183141       38.007906       31.655635   1.5361315e-13       2.0503661       2.2232179        2.2232179       -23.22293       -23.22293
             30      -10.842335        1.243345       1.4272134      -12.809487      0.22788159       17.512374       26.743204   1.5506456e-13       1.6899801       1.0253597        1.0253597      -23.735389      -23.735389
             18      -10.856881       1.3546051       1.3724182       -12.84257      0.33106938        22.62586       23.573181   1.4369117e-13        2.143233       1.1715252        1.1715252      -24.056812      -24.056812
              3      -9.9921333       1.6550646       1.0949731      -12.918982      0.36540418       45.192314       12.444374   1.2050867e-13       2.3195524       2.3903852        2.3903852      -24.765037      -24.765037
              2      -10.130709       1.6390496       1.0717147      -12.921663      0.35706015       43.556164       11.795456   1.1976691e-13       2.2754126       2.3269097        2.3269097      -24.915238      -24.915238
              5      -10.594511       1.5593948      0.84720481       -12.95149      0.43266299       36.257246       7.0340396   1.1181749e-13       2.7080893       2.0845646        2.0845646      -25.358151      -25.358151
             10      -10.551433       1.5677115      0.84866748      -12.951242      0.43169529       36.958257       7.0577696   1.1188142e-13       2.7020618       2.1210073        2.1210073      -25.344881      -25.344881
             10       -10.81721       1.2571617       0.9752373      -12.942766      0.54745476       18.078471       9.4457686    1.140864e-13       3.5274004      0.80952075       0.80952075      -23.253461      -23.253461
              9      -10.923116       1.0395258       1.1332645      -12.933832      0.47784582       10.952817       13.591408   1.1645756e-13       3.0050093      0.34061128       0.34061128      -22.527455      -22.527455
              3      -12.076546       1.1490667       1.3416463      -12.873827       0.5109797       14.095052       21.960708   1.3371284e-13       3.2432446      0.47950592       0.47950592      -25.112104      -25.112104
              3      -11.979558       1.2190411       1.2882499      -12.887741      0.51162996       16.559265        19.42003   1.2949666e-13       3.2481042      0.61994016       0.61994016      -25.198996      -25.198996
              4       -9.274719       1.2531624       1.1344726      -12.861278    -0.063405093       17.912755       13.629271   1.3763293e-13      0.86416149       1.4582513        1.4582513      -21.465941      -21.465941
              1      -8.6041582       1.1369015       1.1418956      -12.866647     0.012013553       13.705708       13.864225   1.3594194e-13       1.0280484       1.0237663        1.0237663      -19.255849      -19.255849
              2      -8.7615055       1.2335673       1.1725215      -12.867125     0.087755396       17.122504        14.87721    1.357923e-13       1.2239267        1.094447         1.094447      -19.711905      -19.711905
             13      -8.4818006       1.2829902       1.1773483      -12.861605     0.079667348       19.186256        15.04348   1.3752926e-13       1.2013439       1.2390776        1.2390776      -19.441756      -19.441756
              1      -7.6860357       1.2841522       1.1873572      -12.863118     0.074727654        19.23766       15.394202   1.3705095e-13       1.1877572       1.2553665        1.2553665      -17.882804      -17.882804
             30      -10.591705       1.1948078      0.95504889      -12.929531       0.1450576       15.660579       9.0167264   1.1761677e-13       1.3965536       1.0496207        1.0496207      -23.282651      -23.282651
              4      -11.675479       1.0430649      0.92797706      -12.939994      0.31539861       11.042436       8.4718266   1.1481703e-13       2.0672767      0.56896961       0.56896961      -24.488896      -24.488896
             11      -11.312672       1.2087338       1.0391742      -12.918724      0.25535319       16.170885       10.943952   1.2058007e-13       1.8003344       0.8532923        0.8532923      -24.331929      -24.331929
              4      -10.429174       1.2308796       1.0645614      -12.914866      0.23896562       17.016867       11.602763   1.2165616e-13       1.7336668      0.91592427       0.91592427      -22.690196      -22.690196
              5      -10.726095       1.3033207       1.0463545      -12.938081      0.37272699        20.10577       11.126396   1.1532372e-13       2.3589948        1.018669         1.018669      -23.489528      -23.489528
             11      -10.926653       1.3244995         1.05831      -12.936073      0.33307541        21.11055       11.436943   1.1585819e-13       2.1531556       1.1154524        1.1154524      -24.084211      -24.084211
              5      -10.176021       1.4954023       1.1248097      -12.925156      0.40340638       31.289762       13.329373   1.1880755e-13       2.5316658       1.6311973        1.6311973      -23.614436      -23.614436
              6      -10.862473       1.5155189       1.0848886      -12.936647      0.40340353       32.773203       12.158741   1.1570513e-13       2.5316492       1.7469932        1.7469932      -25.218933      -25.218933
              6      -10.539012       1.4991307       1.0884796      -12.937035      0.41101054        31.55954       12.259693   1.1560188e-13       2.5763837       1.6721989        1.6721989      -24.422422      -24.422422
              6      -11.992714      0.81453941      0.96994717       -12.92414      0.26737065       6.5243825       9.3314079   1.1908576e-13       1.8508476      0.39964339       0.39964339      -24.784715      -24.784715
             22      -12.337549      0.92419388       1.1380964      -12.896804      0.36253501       8.3983482        13.74347   1.2682243e-13       2.3042787      0.23445021       0.23445021      -25.143998      -25.143998
              1      -11.754099      0.92854085       1.0000214      -12.936087      0.33834024       8.4828316       10.000492   1.1585465e-13       2.1794166      0.37315972       0.37315972      -24.254517      -24.254517
              4      -11.113742      0.67137765       1.0099126       -12.95088      0.55485454       4.6922122        10.23087   1.1197474e-13       3.5880174      0.27262453       0.27262453      -22.772734      -22.772734
              3      -10.184317      0.37923121       1.2769754       -12.88441      0.35364417       2.3945902       18.922365   1.3049393e-13       2.2575853      0.79001998       0.79001998      -21.948674      -21.948674
              4      -9.4453454      0.34103809       1.1539225       -12.87276      0.22780123       2.1929973       14.253533   1.3404162e-13       1.6896674      0.99343205       0.99343205      -20.877555      -20.877555
              2      -11.274377        0.337678       1.1834015      -12.871861      0.24607212       2.1760958       15.254623   1.3431945e-13       1.7622687      0.98123122       0.98123122      -24.511217      -24.511217
              8      -11.355972      0.31450346      0.96433887      -12.938058      0.33866106       2.0630201       9.2116807   1.1533005e-13       2.1810271       1.0983616        1.0983616      -24.908667      -24.908667
              6      -10.777185      0.26320569      0.99996512      -12.936081      0.29552185       1.8331825        9.999197   1.1585605e-13       1.9747942       1.2871926        1.2871926      -24.128754      -24.128754
              7      -11.205329      0.24089255       1.0029417      -12.925832      0.29267774        1.741376       10.067966    1.186227e-13        1.961904       1.3387656        1.3387656      -25.088189      -25.088189
              5      -11.200533      0.31702694      0.90618479      -12.941362      0.44258922       2.0750423       8.0572119   1.1445579e-13       2.7706982       1.0432411        1.0432411      -24.487549      -24.487549
              1      -11.033288      0.93882741       1.4100728      -12.866291      0.59628421       8.6861518       25.708267   1.3605335e-13       3.9471552      0.20368385       0.20368385      -22.473943      -22.473943
              1        -11.5702       1.0388208       1.3064927      -12.891668      0.58912955       10.935051       20.253156   1.2833117e-13       3.8826617       0.2612427        0.2612427      -23.662886      -23.662886
              4      -11.952412       1.0421449       1.3059432      -12.890646      0.59793745       11.019069       20.227545   1.2863339e-13       3.9622097      0.26175007       0.26175007      -24.428325      -24.428325
             14      -11.142256        1.243904       1.4809209      -12.852894      0.49633366       17.534927       30.263624   1.4031568e-13       3.1356939       0.8279859        0.8279859      -23.940484      -23.940484
              3      -11.475633        1.255722       1.4631469      -12.855476      0.49774071       18.018639       29.050049   1.3948392e-13       3.1458695      0.83890414       0.83890414      -24.629074      -24.629074
              4      -10.179688       1.2814126       1.4653693      -12.854869      0.47717656       19.116686       29.199088   1.3967895e-13        3.000382      0.92419327       0.92419327      -22.207762      -22.207762
             12      -10.440526       1.3000272       1.4651708       -12.85525      0.47191377       19.953871       29.185743   1.3955659e-13       2.9642428      0.98150834       0.98150834      -22.844069      -22.844069
              3      -11.312236       1.3325225        1.390362        -12.8718      0.50334564       21.504161       24.567557   1.3433848e-13       3.1867327       0.9987227        0.9987227      -24.621918      -24.621918
              3      -12.241854       1.0143275       1.2588373      -12.897407      0.77082908       10.335405       18.148356   1.2664653e-13       5.8996885      0.21956495       0.21956495      -24.922838      -24.922838
              3      -12.269346       1.0269513       1.2572227      -12.897564       0.7728859       10.640237       18.081012   1.2660071e-13       5.9276956      0.23576446       0.23576446      -25.010221      -25.010221
              2      -11.544354      0.71984675       1.1775039       -12.88973      0.80337324       5.2462231       15.048869   1.2890496e-13       6.3587718      0.09255146       0.09255146      -23.273812      -23.273812
              2      -11.140307      0.74782221      0.96419862      -12.939005      0.73263293        5.595285       9.2087062    1.150786e-13       5.4029746      0.19867035       0.19867035      -22.677955      -22.677955
              6      -10.312557      0.69047306      0.97067807       -12.93276      0.72786568       4.9031261       9.3471255   1.1674545e-13       5.3439905      0.20952805       0.20952805       -21.04417       -21.04417
              8      -8.4520503       1.0804934      0.17246486      -13.059474      0.66425195       12.036311        1.487527   8.7201886e-14       4.6158528       2.4051415        2.4051415      -21.714384      -21.714384
             51      -8.6039665       1.0721618      0.17463852      -13.060295      0.66950239       11.807606       1.4949908   8.7037217e-14       4.6719952       2.3893107        2.3893107      -21.986554      -21.986554
             15      -7.3910767       1.0628522      0.17251235      -13.060064      0.65708179       11.557189       1.4876897   8.7083573e-14       4.5402711       2.3806817        2.3806817      -19.543517      -19.543517
              4      -7.9953281        0.324396      0.97344657      -12.903064      0.12886639       2.1105517       9.4069009   1.2500745e-13       1.3454464       1.2802446        1.2802446      -18.551145      -18.551145
              6      -7.2620627       0.6162574      0.48244087       -13.11544      0.40344039       4.1329238       3.0369726   7.6658428e-14       2.5318641       1.9209486        1.9209486      -18.366023      -18.366023
             16      -9.7011371       1.0146481      0.51792828      -13.071247      0.34189816       10.343036       3.2955528   8.4869827e-14       2.1973445       1.6309342        1.6309342      -22.664142      -22.664142
              6      -8.4638482       1.0270648      0.51516388      -13.067071      0.24390445       10.643018       3.2746424    8.568972e-14       1.7534947       1.7475171        1.7475171      -20.422731      -20.422731
              1      -8.9684534       1.1680622      0.41741895      -13.073189      0.37456281       14.725235       2.6146824   8.4491048e-14       2.3689877       2.0950085        2.0950085      -22.126924      -22.126924
              8      -9.3763467       1.1583199      0.34114683      -13.090747      0.34568278       14.398588       2.1935464   8.1143286e-14       2.2165768       2.4056004        2.4056004      -23.563894      -23.563894
              4      -9.3376691       1.1589653      0.30576176        -13.0991      0.34412238       14.420002       2.0219097   7.9597569e-14        2.208627         2.55955          2.55955      -23.794438      -23.794438
              7      -9.7513369       1.0911319      0.29692232      -13.116686      0.46783019       12.334794       1.9811726   7.6438764e-14       2.9365012       2.4694949        2.4694949      -24.441664      -24.441664
              3      -9.7515728        1.077349      0.29651317      -13.117017      0.45875937       11.949481       1.9793071   7.6380532e-14       2.8758046       2.4562449        2.4562449      -24.415636      -24.415636
              8      -11.106638       1.2128655      0.67908651      -13.014632       0.3357396       16.325463       4.7762441   9.6687056e-14       2.1664048       1.4153482        1.4153482      -25.043972      -25.043972
              4      -11.064939       1.1964357      0.66490955      -13.014365      0.31867631       15.719392       4.6228474   9.6746373e-14       2.0829379       1.4158223        1.4158223      -24.961524      -24.961524
              7      -10.573944      0.88889424      0.53363002      -13.035605      0.26791092       7.7427321       3.4168823   9.2128679e-14       1.8531515       1.3841612        1.3841612       -23.91621       -23.91621
              5      -10.905569       1.1185647       0.8060703      -12.969763      0.27513144       13.139071        6.398384    1.072105e-13       1.8842193      0.93985145       0.93985145      -23.690841      -23.690841
              3      -11.095209       1.1175886      0.80361957      -12.970555      0.27367011       13.109575       6.3623795   1.0701512e-13       1.8778898      0.94532714       0.94532714      -24.081073      -24.081073
              2      -12.042366       1.0752333       1.2941981      -12.858268      0.35463302       11.891407       19.687839   1.3859004e-13       2.2627315      0.41716739       0.41716739      -24.919068      -24.919068
             16      -11.109572       1.2196314       1.0870528      -12.914788      0.27291907       16.581791       12.219483   1.2167802e-13       1.8746451      0.83862994       0.83862994      -23.896404      -23.896404
             13      -12.061993       1.1369133       1.3190446      -12.869685      0.47183233       13.706082       20.847052   1.3499428e-13       2.9636869      0.45665756       0.45665756        -25.0373        -25.0373
              2      -12.322312      0.98373093       1.3484752      -12.875171      0.67607155       9.6323206       22.308747   1.3329958e-13       4.7432012      0.19127827       0.19127827       -25.02718       -25.02718
              3      -11.089797      0.79241548       1.5132222      -12.859769      0.59060897       6.2003396       32.600344   1.3811192e-13       3.8959105      0.27161612       0.27161612      -22.722827      -22.722827
              1      -10.287226      0.76479626       1.3087233      -12.890928      0.56068674        5.818302       20.357445   1.2854992e-13       3.6365264      0.11975531       0.11975531      -20.813963      -20.813963
              6      -10.915832      0.76415882        1.310692      -12.889956        0.561142       5.8097684       20.449939   1.2883812e-13       3.6403405      0.11952648       0.11952648      -22.070718      -22.070718
              4      -11.874173      0.75509043       1.1675339      -12.909119      0.58303587       5.6897139       14.707332   1.2327667e-13       3.8285637     0.091576146      0.091576146      -23.931498      -23.931498
              5      -12.513537      0.72461352       1.0854464      -12.925907      0.54427126       5.3041222       12.174367   1.1860214e-13       3.5016381      0.15346277       0.15346277      -25.333999      -25.333999
             41      -12.443666      0.68536006       1.1443019      -12.917253      0.48083968       4.8457394       13.941255   1.2098937e-13       3.0257962      0.18942667       0.18942667      -25.266185      -25.266185
              1      -11.298268      0.67336272       1.0852318      -12.915736      0.81278811       4.7137085       12.168352   1.2141271e-13       6.4981257      0.17413535       0.17413535      -22.944806      -22.944806
              5      -10.141516      0.61469101       1.1687662      -12.880586      0.89396604       4.1180442       14.749123   1.3164788e-13       7.8336838      0.22241202       0.22241202      -20.727855      -20.727855
             13      -11.818816       0.5502536       1.1277519      -12.909696      0.95205354       3.5502064       13.419981   1.2311312e-13       8.9547516      0.40476743       0.40476743      -24.447167      -24.447167
             16      -11.914519      0.57662323       1.1001867      -12.909916      0.93911175       3.7724478       12.594667   1.2305081e-13       8.6918406      0.35470645       0.35470645       -24.53845       -24.53845
              3      -11.927582      0.75247595      0.93072826       -12.93102      0.71966447       5.6555644        8.525665   1.1721416e-13       5.2440216      0.19336052       0.19336052      -24.241885      -24.241885
             11      -12.474625      0.68180451       1.0921177      -12.917279      0.74356771       4.8062295       12.362823   1.2098219e-13       5.5407393      0.14511444       0.14511444      -25.239478      -25.239478
              4      -11.376517       0.5582298        1.072723      -12.914885      0.74674053       3.6160115       11.822873   1.2165092e-13       5.5813664      0.28588955       0.28588955      -23.324813      -23.324813
              5      -11.460756      0.35168914       1.2515143      -12.889876      0.94951588       2.2474453       17.844908   1.2886161e-13       8.9025798      0.82824173       0.82824173      -24.577995      -24.577995
              4      -11.422559      0.27861848       1.2668163      -12.888076       1.0013515        1.899409       18.484865   1.2939706e-13       10.031168       1.1036001        1.1036001      -25.052318      -25.052318
              1      -11.726661      0.41195941       1.2921932      -12.879331       1.0613151       2.5820189       19.597162   1.3202883e-13       11.516358      0.80069081       0.80069081      -25.054703      -25.054703
              4      -12.379933      0.64747785       1.1652342      -12.904701      0.84516499       4.4409701        14.62966   1.2453725e-13       7.0010792      0.19333666       0.19333666       -25.14654       -25.14654
             12       -11.98521      0.62092339       1.1633185      -12.901088      0.82855153       4.1775666       14.565269   1.2557751e-13       6.7383184      0.20554177       0.20554177      -24.381503      -24.381503
              1      -12.106941      0.94526925       1.1870838      -12.872843      0.99226041       8.8159528       15.384514   1.3401616e-13        9.823368      0.24236907       0.24236907       -24.69862       -24.69862
              4      -11.300237      0.82833589        1.174598      -12.877966       1.0953834       6.7349735       14.948513   1.3244458e-13       12.456138      0.31856246       0.31856246      -23.237599      -23.237599
             17      -11.831669      0.84733302       1.1787147      -12.876721       1.0662822       7.0361165       15.090885   1.3282488e-13       11.648827      0.28177148       0.28177148       -24.22688       -24.22688
             15      -11.771959      0.84407679       1.1715359      -12.878371       1.0674928       6.9835587       14.843487   1.3232106e-13       11.681345      0.28340278       0.28340278      -24.110724      -24.110724
             16       -12.29947       1.0591558       1.1376959      -12.858938      0.96483074       11.459239       13.730803   1.3837654e-13       9.2221195      0.32549207       0.32549207      -25.249924      -25.249924
             36      -11.884436       0.6801068       1.1421788      -12.859702      0.92920839       4.7874781       13.873267   1.3813327e-13       8.4958804      0.15982084       0.15982084      -24.088514      -24.088514
             43      -11.884162      0.67994301       1.1432026      -12.859644      0.93086145       4.7856729       13.906013   1.3815176e-13       8.5282799      0.16138899       0.16138899      -24.091102      -24.091102
             10      -11.986319       0.5753196       1.0934917      -12.860414       1.0435773       3.7611409       12.401999   1.3790696e-13       11.055473      0.39550478       0.39550478      -24.763648      -24.763648
              7      -11.917986      0.57918597       1.0930062      -12.860513       1.0433557       3.7947745       12.388143   1.3787543e-13       11.049833      0.38990201       0.38990201      -24.615777      -24.615777
              6      -11.353584      0.59149277       1.0754916      -12.864142       1.0412518       3.9038469       11.898482   1.3672818e-13       10.996433       0.3760093        0.3760093      -23.459186      -23.459186
              3      -11.018793      0.46490193      0.99766598      -12.927685      0.93789566       2.9167683       9.9464013    1.181176e-13       8.6675362      0.61490766       0.61490766      -23.267401      -23.267401
              9      -11.632982      0.48255175       1.0390751      -12.917201      0.93321374        3.037748       10.941456   1.2100387e-13       8.5745974      0.53577844       0.53577844      -24.337521      -24.337521
              3      -9.9055257      0.49244493        1.247685      -12.877943      0.89438852       3.1077418       17.688254   1.3245156e-13       7.8413081      0.43321596       0.43321596      -20.677483      -20.677483
              2      -10.695497      0.13535984       1.2206747      -12.898417      0.60625203       1.3657142       16.621672   1.2635212e-13       4.0387971       1.4493009        1.4493009      -24.289595      -24.289595
              3      -10.954268      0.14703445         1.22589      -12.895557      0.59425498        1.402925       16.822481   1.2718694e-13       3.9287553       1.4015736        1.4015736      -24.711683      -24.711683
              3      -10.367253     0.039333079       1.1411957      -12.924274      0.57548945       1.0947957       13.841901   1.1904912e-13       3.7626121       1.9141198        1.9141198      -24.562745      -24.562745
              3      -10.379487     0.037700103       1.1423883      -12.924504      0.57855285       1.0906869       13.879963   1.1898598e-13       3.7892465       1.9214742        1.9214742      -24.601923      -24.601923
             13      -11.391592      0.27897649       1.1688471      -12.909618      0.69210385       1.9009754       14.751871   1.2313519e-13        4.921572      0.92801136       0.92801136      -24.639207      -24.639207
              8      -10.474635      0.25182662       0.9765016      -12.931358      0.86299497       1.7857745       9.4733068   1.1712304e-13       7.2944906        1.160082         1.160082      -23.269435      -23.269435
              6      -10.955581      0.43033213      0.97714921       -12.93967      0.88522237        2.693594       9.4874436   1.1490268e-13        7.677545      0.68971294       0.68971294      -23.290588      -23.290588
             11       -11.52553      0.55336767        1.301486       -12.89749      0.82149895       3.5757543       20.021009   1.2662232e-13       6.6297775      0.33994217       0.33994217      -23.730944      -23.730944
              1      -10.959332      0.43912077       1.2411253      -12.908418      0.75585012       2.7486584       17.423096   1.2347591e-13       5.6996753      0.52070378       0.52070378      -22.960071      -22.960071
              5      -10.692391      0.43491613       1.2230734      -12.888364      0.78723989       2.7221756       16.713732   1.2931117e-13       6.1268872      0.49856091       0.49856091      -22.381903      -22.381903
             17      -11.521739      0.39729199       1.1698334      -12.905204      0.46197878       2.4962725       14.785412   1.2439302e-13        2.897202      0.64928355       0.64928355      -24.342045      -24.342045
              4      -10.765306      0.56223855       1.1668486       -12.88209      0.23461305       3.6495435       14.684142   1.3119274e-13       1.7163784      0.51681933       0.51681933       -22.56425       -22.56425
              7       -11.29246      0.78947269      0.84265444      -12.970434      0.38356135        6.158468       6.9607245   1.0704486e-13        2.418585      0.50113734       0.50113734      -23.587195      -23.587195
              2      -9.2831407      0.74758944       0.8723827      -12.961062      0.42349559       5.5922869       7.4538852   1.0937994e-13       2.6515242      0.41904852       0.41904852      -19.404378      -19.404378
              8      -12.247397      0.87337512      0.90068348      -12.945128      0.44098221       7.4709379       7.9557931   1.1346763e-13       2.7604648      0.33351934       0.33351934      -25.161834      -25.161834
             23      -11.773195      0.93096298      0.93461372      -12.943328      0.53054426        8.530274       8.6022829   1.1393881e-13       3.3926906        0.283366         0.283366      -24.113122      -24.113122
              6      -12.163014        1.053191        0.850409      -12.947209      0.54162893       11.302929       7.0861281   1.1292513e-13       3.4803982      0.48958595       0.48958595        -25.3052        -25.3052
              1      -12.176965       1.0397626      0.84998024      -12.948024      0.55698129        10.95879       7.0791357   1.1271358e-13       3.6056311      0.46735024       0.46735024      -25.288631      -25.288631
             33      -11.672039      0.43201719       1.4254352      -12.824004      0.37436057       2.7040654       26.633927   1.4996714e-13       2.3678848      0.71526265       0.71526265      -24.774603      -24.774603
              2      -9.9862748       0.2346046       1.5373509      -12.810407      0.50852274        1.716345        34.46283    1.547366e-13       3.2249482       1.3275809        1.3275809      -22.627711      -22.627711
              1      -10.029774      0.22860468       1.5469697      -12.805712      0.49912773       1.6927962       35.234631    1.564184e-13       3.1559327       1.3694148        1.3694148      -22.798377      -22.798377
              9      -10.058364      0.28897347       1.5611123      -12.797942       0.5522657       1.9452413       36.400913   1.5924219e-13       3.5666927       1.1686904        1.1686904      -22.454109      -22.454109
              2       -9.349269     -0.20688145       1.0579208      -12.936732      0.61397624      0.62103854       11.426699   1.1568268e-13       4.1112723       3.2740405        3.2740405      -25.246619      -25.246619
              3       -7.789952     -0.36872443       1.1369086      -12.914746      0.55518307      0.42783428       13.705932   1.2168972e-13       3.5907327       4.3053011        4.3053011      -24.190506      -24.190506
             11      -7.3234296     -0.36019124       1.1474985      -12.912421      0.56707291      0.43632366       14.044248   1.2234309e-13       3.6903955       4.2363904        4.2363904       -23.11964       -23.11964
             16      -7.9034528     -0.36262644       1.1512718      -12.910212      0.56120118      0.43388392         14.1668   1.2296689e-13       3.6408365       4.2514239        4.2514239      -24.309753      -24.309753
              7      -8.3920941     -0.36322597       1.1648318      -12.907241      0.59750962      0.43328537       14.616111   1.2381102e-13       3.9583083       4.2409946        4.2409946      -25.266177      -25.266177
              3       -10.11511    -0.071133194       1.0671521      -12.929167      0.61809724      0.84892008       11.672185   1.1771539e-13       4.1504696       2.4724947        2.4724947      -25.175209      -25.175209
              5      -10.119709    -0.074415358       1.0663755      -12.929259        0.611281      0.84252858        11.65133   1.1769032e-13       4.0858367         2.49158          2.49158      -25.222578      -25.222578
              1      -10.688338      0.32669391       1.1347315      -12.905669      0.79033033       2.1217485       13.637399   1.2426003e-13       6.1706417      0.79342409       0.79342409      -22.963524      -22.963524
             17      -10.167284      0.10269709       1.3240786      -12.901464       1.0572275        1.266768       21.090096    1.254689e-13       11.408472       1.8856745        1.8856745      -24.105917      -24.105917
             12      -10.441397      0.17606306       1.2655831      -12.897089       1.0735456       1.4999026       18.432453   1.2673919e-13       11.845286       1.5661764        1.5661764      -24.015147      -24.015147
              4      -9.7820281      0.64527569        1.474425      -12.873449      0.71190141       4.4185085       29.814329   1.3382926e-13       5.1511169      0.31099272       0.31099272      -20.186042      -20.186042
             16      -11.858825       0.7021943      0.83855569      -12.965111      0.49277449       5.0372593         6.89534   1.0836503e-13        3.110101      0.43965463       0.43965463      -24.596959      -24.596959
              1      -11.778177      0.71664274      0.83439363      -12.965083      0.48779395       5.2076614       6.8295742   1.0837193e-13       3.0746377      0.43763159       0.43763159      -24.431618      -24.431618
              3      -11.840388      0.69328645      0.82449949      -12.968208      0.41594784        4.934992       6.6757412   1.0759509e-13       2.6058405      0.52359253       0.52359253      -24.727962      -24.727962
              6      -11.582255      0.53835303      0.76844495      -13.005919      0.29711879       3.4542441         5.86739   9.8646292e-14       1.9820691       1.0356549        1.0356549       -25.23582       -25.23582
             14      -10.948469       0.2025795       1.3770747      -12.892512      0.85763095       1.5943347       23.827293   1.2808188e-13       7.2049496       1.3266139        1.3266139      -24.550167      -24.550167
              3      -11.160049      0.42765032       1.3473873      -12.908157         1.02878        2.677012       22.252934   1.2355006e-13       10.685134      0.80899701       0.80899701      -23.938091      -23.938091
             12      -11.097405      0.42827932       1.3479947      -12.908863       1.0370195        2.680892       22.284078   1.2334925e-13        10.88979      0.81921405       0.81921405      -23.833237      -23.833237
             19      -11.394835       0.5581286       1.2980489      -12.905851       1.0813384        3.615169       19.863186   1.2420771e-13       12.059753      0.58554319       0.58554319      -23.960757      -23.960757
              3      -11.494663      0.47790085       1.2778061      -12.910948       1.0550234       3.0053901       18.958592   1.2275876e-13       11.350719      0.69191657       0.69191657       -24.37316       -24.37316
              9      -11.268672      0.49753135       1.2871388      -12.913911       1.0421244       3.1443534       19.370411   1.2192385e-13       11.018548      0.64898831       0.64898831       -23.83532       -23.83532
              6      -11.515554      0.46845891       1.2815082      -12.912954       1.0589052       2.9407554       19.120895   1.2219284e-13       11.452628      0.72231675       0.72231675      -24.475741      -24.475741
              7       -11.42117       1.4099767       1.1601947      -12.872964      0.91349082       25.702582        14.46088   1.3397864e-13        8.193903       1.1941809        1.1941809      -25.230703      -25.230703
             14      -11.013206       1.4564569       1.0626949      -12.893629      0.79947373       28.605985       11.553004   1.2775295e-13       6.3019322       1.3310513        1.3310513      -24.688515      -24.688515
              1      -10.435303       1.4478147       1.0717617      -12.886824      0.80723514       28.042368       11.796731   1.2977064e-13       6.4155684       1.2886612        1.2886612      -23.447929      -23.447929
