#        weight    minuslogpost         logphi0          loggst           logV0           logQ0            phi0             gst              V0              Q0   minuslogprior minuslogprior__0            chi2       chi2__stb
             14      -11.424587      0.78969175       1.3473079      -12.887811      0.80823286       6.1615752       22.248867   1.2947592e-13        6.430324      0.15070625       0.15070625      -23.150587      -23.150587
              8      -10.169154      0.60360801       1.5208701      -12.897056      0.99247663       4.0142832       33.179523   1.2674875e-13       9.8282599       0.6205318        0.6205318      -21.579371      -21.579371
              5      -11.893867       0.4693359       1.1350081       -12.86673       1.0898617       2.9466998       13.646086   1.3591583e-13       12.298771      0.64541288       0.64541288       -25.07856       -25.07856
              6      -11.687956      0.45124829       1.1714735      -12.858289       1.0883905       2.8264954       14.841354   1.3858321e-13       12.257177      0.67819078       0.67819078      -24.732294      -24.732294
              1      -11.805047      0.45624573       1.0743669      -12.898258      0.94686526       2.8592079       11.867709   1.2639839e-13       8.8484105      0.55681206       0.55681206      -24.723718      -24.723718
             13      -9.0904871      0.54852657       0.9492265      -12.912173      0.96838726       3.5361165       8.8966499   1.2241272e-13        9.297951      0.47859871       0.47859871      -19.138172      -19.138172
              2      -10.139205      0.56420948       0.9443314      -12.919065       0.9517356       3.6661437       8.7969353   1.2048557e-13       8.9481984      0.45654235       0.45654235      -21.191494      -21.191494
              9      -10.296083      0.55343399       0.9290049      -12.926983        0.955875       3.5763004       8.4919006    1.183087e-13       9.0338941      0.50512941       0.50512941      -21.602424      -21.602424
              1      -9.8913611      0.58060348      0.96756851      -12.924271      0.96109509       3.8071806       9.2804389   1.1904994e-13       9.1431341      0.44059804       0.44059804      -20.663918      -20.663918
             22      -11.884653      0.49418669       1.0946611      -12.895006      0.97862835       3.1202306       12.435438   1.2734861e-13       9.5198115      0.50215936       0.50215936      -24.773624      -24.773624
             22      -12.474229      0.66596527       1.0941556      -12.933136      0.55597831       4.6340986       12.420972    1.166443e-13       3.5973137       0.2071984        0.2071984      -25.362855      -25.362855
             21      -12.245776      0.54778666       1.0690015      -12.940226      0.60063143       3.5300972       11.721993   1.1475565e-13       3.9868641      0.36237375       0.36237375      -25.216299      -25.216299
              8      -10.765864      0.18406409      0.67712321       -13.00862      0.80579085       1.5277915        4.754701   9.8034788e-14       6.3942683       1.9428785        1.9428785      -25.417485      -25.417485
             13      -9.7433226       0.1741997      0.62496208      -13.007088      0.74736611        1.493481       4.2165969   9.8381217e-14       5.5894118       2.0373632        2.0373632      -23.561372      -23.561372
              7      -11.199401       0.3795358      0.68889148      -12.986226      0.70913875       2.3962703       4.8853027   1.0322234e-13       5.1184534       1.1792621        1.1792621      -24.757326      -24.757326
              7      -11.154186      0.32001025      0.69550923      -13.013531      0.75482101       2.0893454       4.9603147   9.6932481e-14       5.6861854       1.4594139        1.4594139        -25.2272        -25.2272
             17      -10.837226      0.33722009      0.70325811      -13.015341      0.76965618       2.1738025       5.0496132   9.6529238e-14       5.8837766       1.4107916        1.4107916      -24.496034      -24.496034
             13      -10.192091      0.29570452       0.5731954      -13.047759      0.51326981        1.975625       3.7427895   8.9586196e-14       3.2603919       1.9329812        1.9329812      -24.250145      -24.250145
             15      -9.8055411      0.52877752      0.74914365      -13.015499      0.25120687        3.378917       5.6123358   9.6494109e-14        1.783228       1.1771472        1.1771472      -21.965377      -21.965377
              1      -11.570462      0.69660328       1.3045192      -12.872277       0.4305268       4.9728262       20.161329   1.3419074e-13       2.6948016      0.19774535       0.19774535      -23.536415      -23.536415
             16      -10.194188      0.87374591        1.166153      -12.790384     0.059066912        7.477319       14.660642   1.6203764e-13       1.1456894        0.613966         0.613966      -21.616307      -21.616307
             54      -10.562241      0.97709651       1.3072091      -12.749047    -0.034165851       9.4862926       20.286591   1.7821871e-13      0.92434511      0.99488997       0.99488997      -23.114263      -23.114263
              1      -10.350641      0.71839685       1.3625973      -12.753357      0.10844433       5.2287377       23.046092   1.7645855e-13       1.2836432      0.67806296       0.67806296      -22.057408      -22.057408
              7      -8.6077819      0.71877372       1.3736551      -12.750626      0.10159312        5.233277       23.640413   1.7757188e-13        1.263552      0.70455655       0.70455655      -18.624677      -18.624677
             34      -10.724349      0.69312137       1.3938442      -12.733587      0.11012571       4.9331165       24.765332   1.8467695e-13       1.2886225      0.75722286       0.75722286      -22.963144      -22.963144
              4      -10.255921       0.6904129       1.4010749      -12.732198      0.13028385       4.9024469       25.181113    1.852686e-13       1.3498448      0.73319624       0.73319624      -21.978235      -21.978235
              4      -8.8480349       1.0503207       1.7047772      -12.666583     0.089636742       11.228474       50.673063   2.1548493e-13       1.2292402       1.5840398        1.5840398      -20.864149      -20.864149
             14      -8.0460005       1.0487711       1.7144267      -12.664063     0.090124696       11.188481       51.811561   2.1673876e-13       1.2306221       1.6100332        1.6100332      -19.312067      -19.312067
              3      -11.030928        1.058733        1.342985      -12.827796      0.16347004       11.448088       22.028506   1.4866339e-13       1.4570352      0.66571975       0.66571975      -23.393295      -23.393295
             27      -10.866798       1.0816689       1.2708983      -12.864344      0.24311053       12.068935       18.659425   1.3666474e-13       1.7502921       0.5537788        0.5537788      -22.841154      -22.841154
              3      -10.899211       1.0405011       1.1109967      -12.925465      0.29781669        10.97744       12.912095   1.1872315e-13       1.9852568      0.48483899       0.48483899      -22.768101      -22.768101
             18      -10.827774      0.95969102       1.1102532      -12.917818      0.32352993       9.1136222       12.890007   1.2083202e-13       2.1063471      0.34492512       0.34492512      -22.345398      -22.345398
             13      -11.021363       0.9696506       1.1820676      -12.885451      0.29437323       9.3250379       15.207842   1.3018128e-13       1.9695782      0.33495618       0.33495618      -22.712638      -22.712638
              1       -9.507302       1.2408378       1.0753192      -12.907957      0.24212574       17.411564        11.89376    1.236069e-13       1.7463277      0.92089831       0.92089831      -20.856401      -20.856401
              3       -9.302683       1.3528109       1.2130604      -12.827075     -0.12210526       22.532578       16.332789   1.4891038e-13      0.75490924        1.898218         1.898218      -22.401802      -22.401802
              9      -9.0759825       1.3166814        1.277946      -12.813539     -0.11079076       20.733919       18.964702   1.5362453e-13      0.77483501       1.7842699        1.7842699      -21.720505      -21.720505
             12      -9.4828072       1.3097805       1.2871209      -12.811402    -0.083877603       20.407061       19.369613   1.5438257e-13      0.82437041       1.7020678        1.7020678       -22.36975       -22.36975
              2      -9.6490884        1.571747      0.61372118      -13.044064      0.41549485       37.303282       4.1088585   9.0351601e-14        2.603124       2.8509486        2.8509486      -25.000074      -25.000074
             16      -9.3162533       1.5835765      0.59999726      -13.037191      0.46293191       38.333325       3.9810466   9.1792887e-14       2.9035674        2.859201         2.859201      -24.350908      -24.350908
              4      -5.9636809       1.7539405      0.52724156      -13.072053      0.41653583       56.746679       3.3669879   8.4712476e-14        2.609371       4.1078353        4.1078353      -20.143032      -20.143032
              5      -10.953284       1.2188365        1.120821      -12.908858      0.43153347       16.551469       13.207513   1.2335072e-13       2.7010553      0.65951708       0.65951708      -23.225602      -23.225602
             12      -11.590359       1.3259546       1.1994785       -12.88997      0.37132293       21.181399       15.829914   1.2883393e-13       2.3513806      0.98729567       0.98729567       -25.15531       -25.15531
             17      -8.7072498       1.8091177       1.3866994      -12.873307      0.49696637       64.434388       24.361242   1.3387311e-13       3.1402655       3.1890339        3.1890339      -23.792567      -23.792567
             27      -10.397071       1.3917305       1.1478652      -12.898684      0.40453207       24.645093       14.056111   1.2627466e-13       2.5382364       1.1799411        1.1799411      -23.154025      -23.154025
             43      -10.389114       1.2918134       1.3883735      -12.863779      0.46166833       19.580034       24.455328   1.3684236e-13       2.8951318      0.89046615       0.89046615       -22.55916       -22.55916
              5      -10.383554        0.236088      0.92464275      -12.825645       1.3553741       1.7222175       8.4070329   1.4940141e-13       22.665959       1.8153062        1.8153062       -24.39772       -24.39772
              5      -10.574961      0.40232721      0.96862932      -12.831406       1.3755081       2.5253827       9.3031349   1.4743269e-13       23.741494       1.3410651        1.3410651      -23.832052      -23.832052
             27      -10.440208      0.40603488       0.9693142      -12.829646       1.3814086       2.5470348       9.3178175   1.4803129e-13       24.066261       1.3449893        1.3449893      -23.570394      -23.570394
              5      -10.470961      0.39565808      0.94381574      -12.824694       1.3823079       2.4868986       8.7864964   1.4972918e-13       24.116144       1.3869058        1.3869058      -23.715733      -23.715733
              5      -10.095715      0.39092584      0.94245298      -12.824858       1.3698948       2.4599475       8.7589688   1.4967258e-13       23.436611        1.371087         1.371087      -22.933604      -22.933604
             64      -10.075951      0.40655105       0.9402207      -12.825595       1.3424299       2.5500638       8.7140631   1.4941872e-13       22.000364       1.2720436        1.2720436       -22.69599       -22.69599
             47      -10.534832      0.64429773         1.02045      -12.779722       1.3005303       4.4085699        10.48214   1.6606512e-13       19.977003      0.75819386       0.75819386      -22.586051      -22.586051
              5      -11.982413      0.49653907       1.2308606      -12.896402      0.89423669       3.1371773       17.016122   1.2693986e-13       7.8385672      0.44597937       0.44597937      -24.856785      -24.856785
             10      -11.870338      0.88751348       1.5139167      -12.879336      0.64448047       7.7181547       32.652523   1.3202739e-13       4.4104253      0.30132971       0.30132971      -24.343335      -24.343335
             26      -11.847192      0.88771762       1.5121821      -12.879796       0.6441086       7.7217835       32.522365   1.3188757e-13       4.4066504      0.29971758       0.29971758      -24.293819      -24.293819
             36       -12.11955      0.49276799       1.2850356      -12.901287      0.91886649       3.1100544       19.276829   1.2552009e-13       8.2959569      0.50651431       0.50651431      -25.252129      -25.252129
              7      -11.910939      0.72734983       1.1887392       -12.90408      0.63055347       5.3376467       15.443269   1.2471535e-13       4.2712351     0.088157092      0.088157092      -23.998191      -23.998191
             35      -11.923012      0.66321812       1.2081714      -12.891661      0.95589136        4.604878       16.149958   1.2833313e-13       9.0342345      0.24915836       0.24915836       -24.34434       -24.34434
             40      -12.538025      0.76958541       1.3043153      -12.878967      0.76523245       5.8828179        20.15187   1.3213949e-13       5.8241487     0.095193558      0.095193558      -25.266437      -25.266437
             50      -12.416215      0.77574819       1.3271673      -12.874474      0.74055915       5.9668921       21.240623   1.3351383e-13       5.5024886     0.096667166      0.096667166      -25.025764      -25.025764
              7      -12.450919      0.70080789       1.2741073      -12.897233      0.79979452       5.0212043       18.797813   1.2669712e-13       6.3065888      0.14979426       0.14979426      -25.201427      -25.201427
             15      -12.422809      0.70165486       1.2759102      -12.896962      0.81791763       5.0310063       18.876009   1.2677626e-13       6.5753311      0.15803088       0.15803088      -25.161679      -25.161679
             24      -12.329026      0.69447671       1.2781426      -12.887201      0.84270568       4.9485357       18.973287   1.2965786e-13       6.9615457      0.16150894       0.16150894      -24.981069      -24.981069
             25      -12.420293      0.68366178       1.2806761      -12.888239      0.83085228       4.8268275       19.084294   1.2934836e-13       6.7741105      0.16591168       0.16591168      -25.172409      -25.172409
             27       -12.48238       0.6833867       1.2466513      -12.899888      0.82084962       4.8237712       17.646202   1.2592493e-13       6.6198724      0.16358694       0.16358694      -25.291934      -25.291934
             34      -12.481404         0.77506       1.2675529      -12.888157      0.73288375       5.9574444       18.516246   1.2937274e-13       5.4060959     0.077426786      0.077426786      -25.117662      -25.117662
             17      -12.375195      0.61263833       1.3049551      -12.889061      0.74370019       4.0986264       20.181577   1.2910376e-13       5.5424296      0.21758288       0.21758288      -25.185555      -25.185555
              5      -10.434342      0.34767898       1.4126024      -12.864311        0.628949       2.2267886       25.858446   1.3667512e-13       4.2554844      0.79782674       0.79782674      -22.464337      -22.464337
              1       -10.79315      0.37899503        1.464576      -12.850973      0.60547677       2.3932884       29.145803   1.4093755e-13       4.0315938      0.76324358       0.76324358      -23.112787      -23.112787
              5      -11.954228      0.59054154        1.292557      -12.889787      0.89925795       3.8953056       19.613586   1.2888807e-13       7.9297217      0.31682632       0.31682632       -24.54211       -24.54211
              4      -10.850229      0.82063936       1.0983661      -12.886142      0.83746877       6.6166683       12.541981   1.2997457e-13       6.8781045     0.074528156      0.074528156      -21.849515      -21.849515
             13      -9.3131676      0.85589187       1.1158615      -12.888449      0.87376301       7.1761559       13.057545   1.2928583e-13       7.4776134      0.10513104       0.10513104      -18.836597      -18.836597
             14      -12.280462      0.77142203       1.1097912      -12.875583      0.86258995       5.9077489       12.876304   1.3317332e-13       7.2876911     0.079051595      0.079051595      -24.719027      -24.719027
             21      -11.907034      0.57983074       1.1114388      -12.886476      0.95062244       3.8004125       12.925246   1.2987453e-13       8.9252921       0.3188072        0.3188072      -24.451683      -24.451683
             16       -12.28722      0.65257399       1.0513533      -12.927705      0.58467918       4.4933887       11.255203   1.1811235e-13       3.8430779      0.20369984       0.20369984       -24.98184       -24.98184
             31      -12.392655      0.64330094       1.0714766      -12.917863      0.64862854        4.398463        11.78899   1.2081955e-13       4.4527524      0.17500248       0.17500248      -25.135315      -25.135315
             14      -12.454686      0.72725003       1.3378285      -12.882917      0.77314143       5.3364203       21.768498   1.3094313e-13       5.9311844      0.14219854       0.14219854      -25.193768      -25.193768
             17      -12.202636      0.73668823       1.3529954      -12.890372      0.73486763       5.4536621       22.542153   1.2871468e-13       5.4308478      0.14970877       0.14970877       -24.70469       -24.70469
             56      -12.108349      0.74735649       1.3738371      -12.885712      0.72969476        5.589288       23.650326   1.3010315e-13       5.3665449      0.15450136       0.15450136      -24.525701      -24.525701
              8      -12.287559      0.71936745       1.3785119      -12.880303      0.74785619       5.2404363       23.906272   1.3173366e-13       5.5957228      0.16839531       0.16839531      -24.911909      -24.911909
             15      -11.822418      0.69530388       1.3895339      -12.874125       0.7888501       4.9579699       24.520759   1.3362101e-13       6.1496457      0.19909697       0.19909697      -24.043031      -24.043031
              2      -11.652517      0.85558965       1.4998316      -12.873054      0.62532742       7.1711639       31.610518    1.339509e-13       4.2201454      0.26528841       0.26528841      -23.835611      -23.835611
             20      -11.744647      0.84719102       1.5235043      -12.864721      0.61020608       7.0338164       33.381385   1.3654601e-13       4.0757363      0.28870923       0.28870923      -24.066712      -24.066712
             12      -11.922503      0.84959229        1.516095      -12.867183      0.61248868       7.0728148        32.81671   1.3577416e-13       4.0972143      0.28109683       0.28109683      -24.407201      -24.407201
             14      -11.568367      0.96065694       1.4666253      -12.878648      0.55696337       9.1339145        29.28366   1.3223673e-13       3.6054823       0.3094751        0.3094751      -23.755684      -23.755684
             10      -11.104603      0.87796932      0.93445015      -12.933788      0.58428918       7.5503889       8.5990436   1.1646955e-13       3.8396282      0.20825706       0.20825706       -22.62572       -22.62572
              2      -9.5466586      0.45592261       1.1668489      -12.892255       1.0384294       2.8570814       14.684153    1.281579e-13         10.9252      0.64407538       0.64407538      -20.381468      -20.381468
              5      -7.4688118      0.72756369       1.0025454       -12.76668     -0.15540075       5.3402758       10.058782   1.7112759e-13      0.69919651       1.1693665        1.1693665      -17.276357      -17.276357
             43      -10.251632      0.97985857       1.0996784      -12.789675    -0.039379334       9.5468163       12.579934   1.6230228e-13      0.91331516      0.89673878       0.89673878      -22.296742      -22.296742
             28      -9.4925037      0.76296658       0.9615872      -12.828043    -0.032168234       5.7938412       9.1535003   1.4857875e-13       0.9286066      0.82919799       0.82919799      -20.643403      -20.643403
              9      -9.8388926      0.73869381      0.97221174      -12.825615    0.0028965938       5.4789056       9.3801922   1.4941198e-13       1.0066919      0.75444821       0.75444821      -21.186682      -21.186682
             18      -10.120015       0.6895396       1.0289248      -12.820884    0.0095878436       4.8925987       10.688699   1.5104845e-13       1.0223223      0.74559343       0.74559343      -21.731217      -21.731217
             70      -11.133292       0.6591477      0.91879031      -12.883854      0.08373525       4.5619203       8.2945019   1.3066112e-13       1.2126494      0.71801562       0.71801562      -23.702615      -23.702615
              3      -11.245862      0.68661919       1.2393686      -12.785591     0.070864552       4.8598089        17.35276    1.638359e-13       1.1772388      0.65057247       0.65057247       -23.79287       -23.79287
              4      -11.676469      0.58595957       1.0944831      -12.848478      0.10151764       3.8544247       12.430343   1.4174963e-13       1.2633324      0.66419215       0.66419215      -24.681321      -24.681321
             17      -11.535631      0.57724504       1.0947588      -12.845222      0.11368102       3.7778529       12.438235   1.4281625e-13        1.299215      0.65236511       0.65236511      -24.375992      -24.375992
              4      -10.141006      0.37832662      0.49729819      -13.074964      0.19654039       2.3896077       3.1426658   8.4146474e-14        1.572318       2.3254704        2.3254704      -24.932953      -24.932953
             37      -10.142826      0.37252257      0.50243475      -13.071908      0.19994883       2.3578847       3.1800559   8.4740754e-14       1.5847065       2.3063939        2.3063939       -24.89844       -24.89844
             48      -9.9907209      0.35127949      0.49547769      -13.075613       0.2045343       2.2453264       3.1295197   8.4020857e-14       1.6015271        2.394056         2.394056      -24.769554      -24.769554
              5      -9.7856655      0.34670979      0.48834068      -13.074374      0.16651044       2.2218247       3.0785108   8.4260802e-14       1.4672714       2.4744792        2.4744792      -24.520289      -24.520289
             53      -9.9109455      0.34515099      0.49043107      -13.070859      0.17183266       2.2138643       3.0933643   8.4945565e-14       1.4853632         2.44484          2.44484      -24.711571      -24.711571
             51      -11.555886      0.72181348      0.84941293      -12.953769      0.30774452       5.2700347       7.0698945    1.112322e-13       2.0311618      0.54209594       0.54209594      -24.195963      -24.195963
              5      -11.697927      0.71239042      0.83386375       -12.95798      0.32281501       5.1569204       6.8212466   1.1015906e-13       2.1028825      0.55828391       0.55828391      -24.512422      -24.512422
              9      -11.827738      0.72057065      0.85558994      -12.952496      0.29825482       5.2549749       7.1711687   1.1155893e-13       1.9872606      0.54442667       0.54442667      -24.744329      -24.744329
              9      -9.7878512      0.74422571      0.80128011       -12.96191      0.30327649       5.5491404       6.3281988   1.0916667e-13       2.0103723      0.61157786       0.61157786      -20.798858      -20.798858
              1      -11.344794      0.51274354      0.76992646      -13.006541      0.53699271       3.2564435       5.8874395   9.8505098e-14       3.4434415      0.88505732       0.88505732      -24.459702      -24.459702
              4      -11.829033      0.52517043      0.83537413      -12.974913       0.5576356       3.3509691       6.8450107   1.0594649e-13       3.6110674      0.65786759       0.65786759      -24.973801      -24.973801
             19      -11.919516       0.5273463      0.94965952      -12.944559       0.5211576       3.3678001       8.9055248    1.136165e-13       3.3201492      0.48169113       0.48169113      -24.802414      -24.802414
              8      -11.645659      0.33048376         1.18963      -12.904958      0.52226973       2.1403449       15.474977   1.2446356e-13       3.3286622      0.79889832       0.79889832      -24.889114      -24.889114
              4      -11.909642      0.35616555       1.1881208      -12.896748      0.50481297       2.2707303       15.421293    1.268389e-13       3.1975178       0.7197679        0.7197679       -25.25882       -25.25882
             12      -11.567477      0.35574487       1.1794289      -12.897583      0.50477428       2.2685318       15.115723   1.2659516e-13       3.1972329      0.72050982       0.72050982      -24.575973      -24.575973
             42       -11.64331      0.33193736        1.138865      -12.920321      0.50294642       2.1475207       13.767814   1.2013752e-13       3.1838047      0.82915634       0.82915634      -24.944932      -24.944932
             19      -11.727615      0.30061428       1.0951651       -12.93227      0.51149892       1.9980865       12.449877   1.1687716e-13       3.2471244      0.94793689       0.94793689      -25.351104      -25.351104
             19      -11.645787      0.27187774       1.0987402      -12.923549      0.62584475       1.8701556       12.552788   1.1924805e-13       4.2251755      0.98036663       0.98036663      -25.252307      -25.252307
             23      -11.316874      0.19659922       1.0773721      -12.931729      0.73788521        1.572531       11.950114   1.1702292e-13       5.4687139       1.2704234        1.2704234      -25.174596      -25.174596
              9      -9.3321087       0.5069857       1.5069288      -12.755255      0.29746486       3.2135547       32.131337   1.7568917e-13       1.9836491      0.79816806       0.79816806      -20.260554      -20.260554
             14      -7.5200417       1.2370555        1.660137      -12.726495      0.12394686       17.260583       45.723241   1.8771767e-13       1.3302916        1.626737         1.626737      -18.293557      -18.293557
              6       -6.032475       1.2460459       1.6834147      -12.707528      0.15108389       17.621622       48.240824   1.9609749e-13       1.4160673       1.6963293        1.6963293      -15.457609      -15.457609
             26      -8.2244964       1.6127425       1.2916529      -12.802967    -0.071717397         40.9961       19.572796   1.5741022e-13       0.8477789       2.8693276        2.8693276      -22.187648      -22.187648
              2      -8.9099704       1.6146814       1.3282619      -12.818388     0.062612702       41.179534       21.294227   1.5191904e-13       1.1550817       2.6035087        2.6035087      -23.026958      -23.026958
              6       -8.877277       1.4111086       1.4461433      -12.789795      0.14208555       25.769655       27.934657   1.6225746e-13        1.387029       1.7159067        1.7159067      -21.186368      -21.186368
              6      -10.226669       1.3466721       1.4098925      -12.776129      0.15779298       22.216319       25.697597    1.674447e-13       1.4381129       1.4437116        1.4437116      -23.340761      -23.340761
             32        -10.3386       1.3724232       1.5327077      -12.761883      0.25587641       23.573454       34.096338   1.7302832e-13       1.8025047       1.5489598        1.5489598      -23.775119      -23.775119
              5      -10.657839       1.2852305       1.5109105      -12.775939      0.26006646        19.28548       32.427281   1.6751799e-13       1.8199793       1.2216683        1.2216683      -23.759015      -23.759015
              1      -9.7219701       1.2850042       1.6470381      -12.755966      0.30001337       19.275434       44.364752   1.7540184e-13       1.9953238       1.4131103        1.4131103      -22.270161      -22.270161
              9      -10.453343       1.4223966       1.4920715      -12.809611      0.35458119        26.44823       31.050708   1.5502061e-13       2.2624615       1.5103221        1.5103221       -23.92733       -23.92733
             39      -10.619531        1.386596       1.4829506      -12.812735      0.31726428       24.355441        30.40539   1.5390922e-13       2.0761766       1.4096937        1.4096937       -24.05845       -24.05845
              5      -10.130674       1.4674239       1.5012176      -12.795714      0.29705419       29.337554       31.711563   1.6006113e-13       1.9817743       1.7660026        1.7660026      -23.793353      -23.793353
             11      -11.981139       1.0520037        1.139222       -12.92556      0.52806137        11.27207       13.779135   1.1869704e-13       3.3733498       0.3109234        0.3109234      -24.584124      -24.584124
             18      -12.244182       1.1048356       1.1607805      -12.914028      0.58419369       12.730211       14.480398   1.2189122e-13       3.8387842      0.35184356       0.35184356      -25.192051      -25.192051
              2      -11.869402       1.1734319       1.1513823      -12.908076      0.53117452        14.90843       14.170406   1.2357301e-13       3.3976177      0.49343872       0.49343872      -24.725681      -24.725681
             65       -11.83322       1.1733286       1.1511131      -12.908049      0.53107703       14.904883       14.161625   1.2358081e-13       3.3968552      0.49317294       0.49317294      -24.652786      -24.652786
              4      -12.230195       1.1270568       1.1554685      -12.909325      0.54784373       13.398521       14.304363   1.2321837e-13       3.5305611      0.39437173       0.39437173      -25.249133      -25.249133
             24      -11.962888      0.98722843       1.0811194      -12.900101      0.70452594       9.7102058       12.053674   1.2586322e-13        5.064376      0.14813016       0.14813016      -24.222036      -24.222036
              4      -11.959374      0.98710729       1.0836065       -12.89951      0.70575533       9.7074976         12.1229   1.2603478e-13       5.0787324      0.14676022       0.14676022      -24.212269      -24.212269
             11      -12.117265      0.88956372       1.0851897      -12.889194      0.79225755       7.7546771       12.167172   1.2906415e-13       6.1980853     0.077172835      0.077172835      -24.388875      -24.388875
             17      -12.297419      0.95225861       1.0230207      -12.899417      0.75093281       8.9589808       10.544372   1.2606178e-13       5.6355046      0.13610582       0.13610582      -24.867049      -24.867049
              7      -11.731179      0.96977756       1.0713466      -12.884421      0.79664526       9.3277642       11.785461    1.304904e-13       6.2610224      0.13143133       0.13143133      -23.725221      -23.725221
             29      -11.235448      0.94440817       1.0557333      -12.873429      0.84844306       8.7984904       11.369289   1.3383548e-13       7.0541235      0.12392632       0.12392632      -22.718749      -22.718749
              5      -11.483729      0.53627627      0.80774745      -13.010167      0.57193927       3.4377656       6.4231409   9.7686218e-14       3.7319797      0.80421229       0.80421229      -24.575883      -24.575883
              5      -11.028473      0.55722152      0.66059753      -13.023271      0.55150805       3.6076261       4.5771751   9.4782708e-14       3.5604759       1.0334806        1.0334806      -24.123906      -24.123906
              2      -11.745675      0.60735413      0.89037973      -12.952681      0.82048242       4.0490592       7.7692614   1.1151145e-13       6.6142776      0.43170979       0.43170979      -24.354769      -24.354769
              8      -11.847471      0.63067821      0.89851903      -12.947839      0.80458369        4.272462       7.9162414   1.1276151e-13       6.3765194      0.37629229       0.37629229      -24.447527      -24.447527
             12      -12.166681      0.62572988        1.182518      -12.910311      0.77986198       4.2240581       15.223622   1.2293876e-13       6.0236812      0.19979716       0.19979716      -24.732956      -24.732956
              5      -12.047039      0.62139933        1.186052      -12.909218      0.78039653       4.1821474       15.348008    1.232485e-13          6.0311      0.20344784       0.20344784      -24.500973      -24.500973
             94      -12.160099      0.45872297       1.0871663      -12.933772      0.71271758       2.8755635       12.222675   1.1647386e-13       5.1608065      0.50396387       0.50396387      -25.328125      -25.328125
              6      -11.999983      0.94069905       1.2452475      -12.881442      0.76776227       8.7236663       17.589259   1.3138875e-13        5.858174      0.11364136       0.11364136      -24.227249      -24.227249
              5      -11.374925      0.95972645       1.2100709      -12.898622      0.73179878       9.1143656       16.220747   1.2629264e-13       5.3926071      0.13396562       0.13396562      -23.017782      -23.017782
              4      -11.493324       1.0379401       1.3353111      -12.877797       0.7685321       10.912898       21.642683   1.3249619e-13       5.8685675      0.26635868       0.26635868      -23.519365      -23.519365
             10      -9.4701807      0.87948481       1.3022551      -12.897157      0.72366762       7.5767823       20.056498    1.267194e-13       5.2925824      0.12006179       0.12006179      -19.180485      -19.180485
              3      -8.4068635      0.90877745       1.3323208      -12.897331      0.68381915       8.1054559       21.494176   1.2666861e-13       4.8285769      0.15073011       0.15073011      -17.115187      -17.115187
              4      -11.740662      0.76406436       1.0912773      -12.876838      0.88227461       5.8085049       12.338925   1.3278882e-13       7.6256103     0.096906551      0.096906551      -23.675137      -23.675137
             54      -12.336022      0.74736686        1.078635      -12.873559      0.88363127       5.5894215       11.984915   1.3379538e-13       7.6494686      0.10103548       0.10103548      -24.874116      -24.874116
             26      -11.988958      0.76845651       1.0824283      -12.872824      0.86317924        5.867546       12.090055   1.3402209e-13       7.2975862     0.079214808      0.079214808      -24.136345      -24.136345
              1       -12.32496      0.76911489       1.0630919      -12.875727      0.85170842       5.8764479        11.56357   1.3312924e-13       7.1073617     0.078598622      0.078598622      -24.807117      -24.807117
             12      -11.766741      0.77275247       1.0699361       -12.87068        0.854009       5.9258747       11.747248   1.3468511e-13       7.1451113     0.071979539      0.071979539      -23.677441      -23.677441
              8      -10.165662       1.4516523       1.0631631      -12.890951      0.75872435       28.291263       11.565465    1.285432e-13       5.7375218       1.2932144        1.2932144      -22.917752      -22.917752
              5      -10.227653       1.4191428       1.0896739      -12.886126      0.79945792       26.250815       12.293452   1.2997934e-13       6.3017028       1.1738801        1.1738801      -22.803067      -22.803067
              2      -10.789161        1.344324       1.1620032       -12.86121      0.92926763       22.096526       14.521222   1.3765435e-13       8.4970395      0.97091751       0.97091751      -23.520157      -23.520157
             15       -9.123409       1.2419609       0.6170281      -13.024369      0.60872567       17.456648       4.1402647   9.4543313e-14       4.0618667       1.4610373        1.4610373      -21.168893      -21.168893
             21      -10.728872       1.2817541      0.76590132      -12.994786      0.41727011       19.131723       5.8331255   1.0120781e-13       2.6137865       1.3154479        1.3154479       -24.08864       -24.08864
              3      -10.176446       1.2119915       1.4326492      -12.857508       0.5755737       16.292641       27.080032   1.3883272e-13       3.7633421      0.66119341       0.66119341      -21.675279      -21.675279
              4      -9.9412013       1.1798302       1.5914435      -12.782917      0.30576538       15.129694       39.034044   1.6484783e-13       2.0219266        1.007486         1.007486      -21.897375      -21.897375
             30      -10.091016      0.75017208       1.7435581      -12.764807      0.47607934       5.6256419       55.406163   1.7186709e-13       2.9928113      0.76211824       0.76211824      -21.706269      -21.706269
             51      -10.507142       0.6567776       1.6138858      -12.819607      0.50157441       4.5370921       41.104164   1.5149304e-13       3.1737624      0.51659299       0.51659299      -22.047471      -22.047471
              4        -11.0566      0.90036119       1.7523787      -12.771782      0.40792639       7.9498913       56.542976   1.6912896e-13       2.5581523      0.83468973       0.83468973       -23.78258       -23.78258
             26      -10.261991       1.1550153       1.2773646      -12.797216     0.013914896       14.289442        18.93933   1.5950863e-13        1.032559       1.0859088        1.0859088      -22.695799      -22.695799
             12      -10.111335       1.1513794       1.2794902      -12.796859      0.01042541       14.170311       19.032251   1.5963991e-13       1.0242958       1.0872217        1.0872217      -22.397114      -22.397114
             36      -10.508519       1.0303087       1.3117159      -12.799717     0.054115803       10.722811       20.498209   1.5859274e-13       1.1327024      0.80969933       0.80969933      -22.636437      -22.636437
              1      -10.546258       1.0311962       1.3131031      -12.799372     0.054222164       10.744747       20.563788   1.5871883e-13       1.1329798      0.81178792       0.81178792      -22.716091      -22.716091
              3      -10.872488        1.029207       1.0219603      -12.922775      0.30976421       10.695645       10.518656   1.1946056e-13       2.0406297       0.4656204        0.4656204      -22.676216      -22.676216
             23      -10.808226      0.91326673      0.73583337      -12.997194      0.23888991       8.1896763       5.4429378   1.0064815e-13       1.7333645      0.92269027       0.92269027      -23.461833      -23.461833
             47      -12.311716      0.75831166       1.1299197      -12.908564      0.44962061       5.7320722       13.487135   1.2343426e-13       2.8159219      0.15154549       0.15154549      -24.926523      -24.926523
             10       -11.71595        0.741339       1.2203255       -12.87778      0.45437797       5.5123781       16.608312   1.3250136e-13       2.8469377      0.12099351       0.12099351      -23.673887      -23.673887
             15      -11.363793      0.92820428       1.3210831      -12.830723      0.17800648       8.4762602       20.945131   1.4766489e-13       1.5066296      0.48270221       0.48270221      -23.692991      -23.692991
              4      -11.507846      0.65239227       1.1854297      -12.882037      0.32524761        4.491509       15.326029   1.3120889e-13       2.1146944      0.29491989       0.29491989      -23.605533      -23.605533
              1      -10.799316      0.82513867        1.326204      -12.817456      0.23692147       6.6855736       21.193566   1.5224547e-13       1.7255259      0.35737879       0.35737879       -22.31339       -22.31339
              7      -11.540867      0.76727842       1.3679071      -12.783901      0.26833744       5.8516511       23.329592   1.6447459e-13       1.8549723      0.37193459       0.37193459      -23.825603      -23.825603
              2      -11.859034      0.76856452       1.3859382      -12.783529      0.26293361       5.8690056       24.318577   1.6461563e-13       1.8320344      0.39490883       0.39490883      -24.507885      -24.507885
             59      -11.638717      0.70548433       1.4270549      -12.788478      0.31801939       5.0755643       26.733441    1.627503e-13       2.0797895       0.3912776        0.3912776      -24.059989      -24.059989
             40      -11.630371      0.70036427       1.4408751      -12.785663      0.31820788       5.0160779        27.59784   1.6380881e-13       2.0806924      0.41182618       0.41182618      -24.084394      -24.084394
              9      -11.708204      0.65225348       1.3662676      -12.796007      0.27010877       4.4900738       23.241686   1.5995312e-13       1.8625535      0.42854601       0.42854601      -24.273501      -24.273501
             11      -11.929602      0.65414724       1.3558583      -12.798875      0.25673989       4.5096957       22.691242   1.5890038e-13       1.8060921      0.43385293       0.43385293      -24.726909      -24.726909
              3      -9.6358742      0.72605887      0.96073445      -12.918879      0.47377277       5.3218039       9.1355448   1.2053705e-13       2.9769584      0.21456708       0.21456708      -19.700883      -19.700883
             17      -10.240985       1.0379683       1.3350061      -12.869315      0.61309912       10.913606       21.627489   1.3510929e-13       4.1029773      0.24466501       0.24466501        -20.9713        -20.9713
              1      -10.168072       1.0294093       1.4026329      -12.848709      0.53336288        10.70063       25.271607   1.4167441e-13       3.4147812      0.29846491       0.29846491      -20.933073      -20.933073
              9      -12.029058       1.0185454       1.4315296      -12.853085      0.51407669       10.436273       27.010311   1.4025395e-13       3.2664551      0.32568533       0.32568533      -24.709487      -24.709487
              8      -11.998747        1.013594       1.4306736      -12.854014      0.51421519       10.317963       26.957127   1.3995415e-13        3.267497      0.31920693       0.31920693      -24.635908      -24.635908
              3      -11.987124        0.825375       1.1888056      -12.879468      0.68202962       6.6892126       15.445628   1.3198711e-13       4.8087214     0.026241868      0.026241868      -24.026731      -24.026731
             22      -12.584355       0.8298146       1.2085191      -12.886106      0.68606561       6.7579441       16.162895   1.2998531e-13       4.8536181     0.041390472      0.041390472      -25.251491      -25.251491
              4      -12.249322      0.93150709       1.2189266      -12.891168      0.52566462       8.5409679       16.554903    1.284789e-13       3.3547845      0.12759222       0.12759222      -24.753829      -24.753829
              4       -11.71457      0.88664449       1.1245158      -12.897785      0.53648206       7.7027267       13.320354   1.2653639e-13       3.4393951     0.090691086      0.090691086      -23.610522      -23.610522
              3      -10.094723       1.3699645       1.0390589      -12.899651      0.18502208        23.44037       10.941047   1.2599382e-13       1.5311653       1.3832969        1.3832969       -22.95604       -22.95604
              5      -10.499009       1.3909716      0.96334201      -12.927765       0.1844216       24.602068       9.1905607   1.1809602e-13       1.5290497        1.547472         1.547472      -24.092962      -24.092962
              1       -9.390255       0.9113536      0.45864426      -13.060816      0.17338952       8.1536789       2.8750424   8.6932889e-14       1.4906975       1.8295227        1.8295227      -22.439555      -22.439555
              9      -9.2855413      0.94401264      0.41525017      -13.049494    -0.031956777       8.7904811       2.6016578   8.9229017e-14      0.92905885       2.2909489        2.2909489       -23.15298       -23.15298
             10      -9.6977431       0.7222363      0.39098296       -13.06891     0.034959546       5.2751681       2.4602711   8.5327692e-14        1.083826       2.2850725        2.2850725      -23.965631      -23.965631
             12      -8.7106022       1.2764815      0.71531187      -12.992923      0.38670587       18.900859       5.1917272   1.0164298e-13       2.4361604       1.3855067        1.3855067      -20.192218      -20.192218
              7      -7.6979821       1.3918327       0.6729746      -12.987068      0.44977603       24.650897       4.7094978   1.0302257e-13       2.8169299       1.7378995        1.7378995      -18.871763      -18.871763
              5       -10.60945        1.282827      0.78054684      -12.990273      0.44168879       19.179045       6.0331877   1.0226506e-13       2.7649596       1.2639592        1.2639592      -23.746818      -23.746818
              4      -11.547935       1.2277823       1.2919028      -12.898015      0.80035767       16.895938       19.584061   1.2646936e-13        6.314772      0.64945214       0.64945214      -24.394774      -24.394774
             22      -10.685249       1.4049826      0.79892126      -12.984346      0.49238096       25.408709       6.2939206   1.0367016e-13        3.107284        1.580294         1.580294      -24.531087      -24.531087
             13      -10.071377        1.419205      0.77512362      -12.987654      0.50192358       26.254576       5.9583172   1.0288354e-13       3.1763151        1.666714         1.666714      -23.476183      -23.476183
              4      -11.175535       1.3404834      0.97634412      -12.936263      0.65505886       21.901981       9.4698721   1.1580753e-13       4.5191719       1.0134378        1.0134378      -24.377946      -24.377946
              9      -9.9736588       1.5033543      0.99638329      -12.920982      0.59950153       31.867959       9.9170681   1.1995492e-13        3.976505       1.5748584        1.5748584      -23.097034      -23.097034
              5      -11.819293        1.203086        1.106991      -12.902936      0.70853686       15.961951       12.793547    1.250443e-13       5.1113646       0.5221332        0.5221332      -24.682853      -24.682853
              3       -11.90096       1.2087465       1.0950764       -12.91161        0.711011       16.171359       12.447337   1.2257173e-13       5.1405667      0.55391004       0.55391004       -24.90974       -24.90974
             10      -11.944877       1.2478659       1.1071001      -12.905848      0.73193219       17.695623       12.796762   1.2420871e-13       5.3942639      0.64382528       0.64382528      -25.177405      -25.177405
              5        -11.8625       1.2572026       1.1183401      -12.901653       0.7366627       18.080175       13.132278   1.2541418e-13       5.4533416       0.6615239        0.6615239      -25.048049      -25.048049
             18      -12.199651       1.0706576       1.2125932       -12.89131      0.75312696       11.766779       16.315229   1.2843688e-13       5.6640484      0.26452309       0.26452309      -24.928349      -24.928349
             50      -11.268183       1.4136448       1.1121929      -12.898975      0.76859488       25.920582       12.947708   1.2619009e-13       5.8694158       1.1614079        1.1614079      -24.859182      -24.859182
              7      -11.727908       1.2229197       1.2114398      -12.895923      0.69706371       16.707818       16.271958   1.2707993e-13       4.9781011      0.57029379       0.57029379      -24.596404      -24.596404
              1        -12.2509       1.1370254       1.2299178      -12.892251      0.70136733        13.70962       16.979222   1.2815902e-13       5.0276765      0.37946377       0.37946377      -25.260728      -25.260728
             12      -12.288373       1.1365416       1.2090867      -12.892112      0.68831689       13.694354       16.184029   1.2819995e-13       4.8788435      0.37007233       0.37007233      -25.316891      -25.316891
             13      -12.276272      0.91113768       1.0425592      -12.884967      0.77843743       8.1496261       11.029587   1.3032647e-13       6.0039551      0.08556568       0.08556568      -24.723676      -24.723676
              2      -11.686011      0.97945297       1.0120831       -12.89364      0.77095218       9.5379045        10.28213   1.2774969e-13        5.901361      0.16157412       0.16157412       -23.69517       -23.69517
              4      -11.891252       1.0135035      0.98472656      -12.899156      0.76955778       10.315813       9.6544283   1.2613732e-13       5.8824437      0.22022757       0.22022757      -24.222959      -24.222959
             23      -11.768107      0.96854866       1.0114445      -12.899019       0.7681247       9.3014072       10.267021   1.2617711e-13       5.8630648      0.15934858       0.15934858      -23.854912      -23.854912
             19      -11.490273      0.53146126       1.0229443       -12.93767      0.51410994       3.3998617       10.542516   1.1543291e-13       3.2667052      0.42509731       0.42509731      -23.830742      -23.830742
              3      -8.8852847       0.4917637       1.0857988      -12.914075      0.52483907       3.1028709       12.184249   1.2187778e-13       3.3484134       0.4203326        0.4203326      -18.611235      -18.611235
              4      -10.683188      0.25638811       1.0189737      -12.915819      0.34819785       1.8046297       10.446569   1.2138942e-13       2.2294506       1.1942904        1.1942904      -23.754957      -23.754957
              4      -11.279948      0.25945938       1.0587461      -12.903531      0.23908542       1.8174371       11.448434   1.2487315e-13       1.7341451        1.280687         1.280687      -25.121269      -25.121269
             12      -11.161582      0.46447758       1.2563793      -12.844223      0.17852596       2.9139197        18.04593   1.4314532e-13       1.5084328      0.77004022       0.77004022      -23.863244      -23.863244
              1      -11.634335      0.50155933       1.2943234      -12.842096      0.22611889       3.1736522       19.693522   1.4384801e-13       1.6831348      0.64368405       0.64368405      -24.556038      -24.556038
              6      -11.114226      0.68520661       1.1886097      -12.858272      0.23237575       4.8440276       15.438663   1.3858889e-13       1.7075591       0.3591671        0.3591671      -22.946786      -22.946786
              4      -9.6792463       1.1150525        1.323279      -12.848408      0.45208518       13.033244       21.051306   1.4177263e-13       2.8319474      0.41374589       0.41374589      -20.185984      -20.185984
             18      -12.085085      0.55698621       1.2317838      -12.899829      0.69416275       3.6056719       17.052331   1.2594215e-13       4.9449596      0.26627012       0.26627012       -24.70271       -24.70271
              4       -12.25349      0.54494445        1.157805       -12.91664      0.73298707       3.5070701       14.381527   1.2116009e-13       5.4073823      0.30572119       0.30572119      -25.118423      -25.118423
              1      -11.157898      0.53642712       1.0486381      -12.943236      0.71097917         3.43896       11.185054   1.1396315e-13         5.14019      0.38926731       0.38926731      -23.094331      -23.094331
              3      -12.160688      0.52827655       1.0495191      -12.937991      0.66145349       3.3750215       11.207768   1.1534766e-13       4.5862053      0.38528094       0.38528094      -25.091938      -25.091938
              4      -12.334147      0.55170285       1.1841887      -12.904814      0.65212487       3.5620733       15.282301   1.2450485e-13       4.4887443      0.26872425       0.26872425      -25.205743      -25.205743
              7      -12.277239      0.73196803      0.99585788      -12.935072      0.69968475       5.3947091       9.9050776   1.1612568e-13       5.0082355      0.17443231       0.17443231      -24.903344      -24.903344
             43      -11.968451      0.64368262      0.95188453      -12.942296      0.70561515       4.4023302       8.9512675   1.1420997e-13       5.0770934      0.28272669       0.28272669      -24.502355      -24.502355
              6      -12.248428      0.66162312       1.0301669      -12.933107      0.72139628        4.587997       10.719312   1.1665217e-13       5.2649745      0.20817142       0.20817142      -24.913198      -24.913198
              6      -12.261803      0.60829785       1.1815264       -12.86286       1.0607511       4.0578674       15.188901    1.371325e-13       11.501411       0.3805111        0.3805111      -25.284628      -25.284628
              3      -10.727743      0.48022094       1.1705205      -12.876098      0.99621241       3.0214884       14.808821   1.3301546e-13       9.9131668      0.52336231       0.52336231       -22.50221       -22.50221
              4      -6.1766599       1.2614236      0.38284083      -13.104877      0.50469904       18.256755       2.4145757   7.8545895e-14       3.1966791       2.5122373        2.5122373      -17.377794      -17.377794
             13      -9.4617111       1.3050589      0.28297955      -13.134654       0.4593312         20.1864       1.9185784   7.3340809e-14       2.8795936       3.1447914        3.1447914      -25.213005      -25.213005
              3      -8.4666504       1.2722299      0.10279173      -13.164652      0.38376181       18.716725       1.2670441   6.8445973e-14       2.4197016       3.9183498        3.9183498          -24.77          -24.77
              8      -8.2892892       1.1984377      0.12700134      -13.153604      0.39917203       15.792019       1.3396808    7.020946e-14       2.5071022       3.5431741        3.5431741      -23.664926      -23.664926
              6      -8.0606735       1.1808455      0.12209166      -13.163432      0.41843379       15.165107       1.3246211   6.8638521e-14       2.6207995        3.582003         3.582003      -23.285353      -23.285353
              3      -7.9753462       1.1393944      0.12332108      -13.164616      0.37925555       13.784608       1.3283762   6.8451673e-14       2.3947245       3.5342305        3.5342305      -23.019153      -23.019153
             14      -7.8341178       1.1401568      0.12021162       -13.16545      0.37740399       13.808827       1.3188993   6.8320308e-14       2.3845366       3.5549574        3.5549574       -22.77815       -22.77815
             10      -7.7741665       1.0064228      0.20519151      -13.121953      0.52084155       10.148989       1.6039525   7.5517383e-14       3.3177339        2.629123         2.629123      -20.806579      -20.806579
             19      -8.7797742      0.39508299      0.48802428      -13.079413      0.56579962       2.4836077       3.0762688    8.328883e-14       3.6795916       1.9850408        1.9850408       -21.52963       -21.52963
              8      -10.675781      0.33260579      0.62286983      -13.041833      0.49357265       2.1508285       4.1963319     9.08169e-14       3.1158221       1.7122768        1.7122768      -24.776115      -24.776115
              2      -8.0219402      0.04866474      0.59556919      -13.039877      0.66712457       1.1185741       3.9406621   9.1226931e-14       4.6464853       2.7653595        2.7653595      -21.574599      -21.574599
              4       -11.13275      0.28955793      0.76133079      -13.001466      0.69951501       1.9478609       5.7720593   9.9663038e-14       5.0062786       1.4004149        1.4004149       -25.06633       -25.06633
             14      -10.698799      0.35466306       0.6736868      -13.020946      0.47127721        2.262888       4.7172273   9.5291483e-14       2.9599012       1.4776232        1.4776232      -24.352843      -24.352843
             11       -10.99376      0.49442241      0.62339436      -13.027109      0.61556849       3.1219246       4.2014031   9.3948785e-14        4.126373       1.2037688        1.2037688      -24.395057      -24.395057
              3       -11.12514      0.76235327      0.64602362      -13.009233      0.53542574       5.7856648       4.4261244   9.7896439e-14       3.4310397       0.8115638        0.8115638      -23.873408      -23.873408
              9      -12.114439       1.0588648        1.443113      -12.873353      0.58426491       11.451563       27.740418   1.3385879e-13       3.8394137       0.3853081        0.3853081      -24.999495      -24.999495
              5      -11.884539       1.0339811       1.4321026      -12.874479      0.57035591       10.813868       27.045974   1.3351214e-13       3.7183983      0.34333969       0.34333969      -24.455758      -24.455758
              1      -12.100187       1.0617499       1.4293211      -12.870884      0.56834391       11.527891       26.873305   1.3462197e-13       3.7012115        0.376648         0.376648      -24.953671      -24.953671
              6      -11.928363      0.92348465       1.4963444      -12.856131      0.53238104       8.3846444       31.357718    1.392736e-13       3.4070699      0.30377052       0.30377052      -24.464268      -24.464268
             28      -11.957742      0.89847217       1.4795569      -12.847169      0.53502783       7.9153872       30.168723    1.421777e-13       3.4278975      0.26056277       0.26056277       -24.43661       -24.43661
              8      -12.070443      0.90312736       1.4925819      -12.841975      0.47522287       8.0006884       31.087217   1.4388812e-13        2.986915      0.30863888       0.30863888      -24.758164      -24.758164
             43      -12.377038      0.61694046       1.2197474      -12.886367      0.97785974       4.1394292        16.58622   1.2990701e-13       9.5029784      0.31390907       0.31390907      -25.381894      -25.381894
             16      -11.534161       1.0282426       1.1440262       -12.87934       1.1141629       10.671922       13.932409    1.320263e-13       13.006573      0.48464197       0.48464197      -24.037607      -24.037607
             10      -10.519716      0.72221828      0.99365199       -12.83337      0.93584015       5.2749491       9.8548948   1.4676749e-13       8.6266096      0.15082898       0.15082898       -21.34109       -21.34109
             14      -11.168503      0.76312992       1.0246438      -12.826554       0.9424046       5.7960205       10.583854   1.4908927e-13       8.7579931      0.12699416       0.12699416      -22.590994      -22.590994
              9      -11.360053      0.70354093       1.1057374       -12.79567       1.0164553       5.0529026       12.756671    1.600775e-13       10.386166      0.22466528       0.22466528      -23.169437      -23.169437
              7       -11.81409       1.0186851       1.0485664      -12.886082      0.80820983        10.43963       11.183208   1.2999245e-13       6.4299831      0.19780559       0.19780559      -24.023792      -24.023792
             24      -12.351504      0.99294109       1.0511932      -12.891504      0.78772612       9.8387764       11.251054   1.2837972e-13       6.1337508      0.16649554       0.16649554      -25.035999      -25.035999
              5      -11.932903      0.82310767      0.88554317      -12.957826       0.5206151       6.6543811       7.6832183   1.1019802e-13       3.3160044      0.32410737       0.32410737      -24.514021      -24.514021
              2      -12.227467       0.5168932       1.1725946       -12.90349      0.55777738       3.2877077       14.879713   1.2488479e-13       3.6122465      0.34143686       0.34143686      -25.137807      -25.137807
              8      -12.076611      0.51391817       1.1830885      -12.901152      0.55611675       3.2652631       15.243633   1.2555915e-13       3.5984606      0.34507021       0.34507021      -24.843363      -24.843363
             41      -10.938448      0.29827621       1.1636917      -12.884777       0.2406677       1.9873585        14.57779   1.3038367e-13       1.7404746       1.1190738        1.1190738      -24.115044      -24.115044
             13      -11.600296      0.81505612       1.1987632      -12.862354      0.30152665       6.5321496       15.803861   1.3729209e-13       2.0022885      0.22721448       0.22721448       -23.65502       -23.65502
              3      -11.332407      0.86559886       1.2235667      -12.859253      0.23728548       7.3383574       16.732727   1.3827598e-13       1.7269727      0.32446212       0.32446212      -23.313738      -23.313738
              6      -10.319049      0.86362631       1.2730278      -12.837722      0.22319399       7.3051025       18.751146   1.4530408e-13       1.6718372       0.3533539        0.3533539      -21.344807      -21.344807
              5      -9.9682866      0.87429167       1.2709913      -12.836823      0.22323365       7.4867213       18.663421    1.456054e-13       1.6719899       0.3557034        0.3557034       -20.64798       -20.64798
             24      -10.975803      0.95894516      0.98208544      -12.842291     0.038637487       9.0979837       9.5958939   1.4378334e-13       1.0930436      0.72830417       0.72830417      -23.408214      -23.408214
             19      -11.152359       0.5305281       1.3733929       -12.82018      0.26109748       3.3925644       23.626147   1.5129328e-13       1.8243051      0.59834795       0.59834795      -23.501415      -23.501415
             11      -10.094813      0.50268516       1.4187986      -12.807804      0.30250723         3.18189       26.230021   1.5566692e-13       2.0068145      0.64205413       0.64205413      -21.473734      -21.473734
              4      -10.164855     0.080961405       1.3845534      -12.817567      0.32595219       1.2049289       24.241162    1.522064e-13        2.118128       1.9025137        1.9025137      -24.134738      -24.134738
             18      -10.255122      0.34961864      0.89527715      -12.916267     0.084614116       2.2367562       7.8573691   1.2126439e-13       1.2151059       1.3656418        1.3656418      -23.241528      -23.241528
              2      -10.323642      0.31385044      0.91118229      -12.915791      0.10002652       2.0599204       8.1504632   1.2139725e-13       1.2590023       1.4274698        1.4274698      -23.502223      -23.502223
             17      -11.231438      0.37419525      0.92070988      -12.917331      0.15176378       2.3669836       8.3312445   1.2096772e-13       1.4182859       1.1626194        1.1626194      -24.788116      -24.788116
              5      -10.727444      0.13923483      0.95651515      -12.922276      0.26960841       1.3779543       9.0472199     1.19598e-13       1.8604089       1.7633415        1.7633415      -24.981571      -24.981571
              5      -9.7813614      0.21433682      0.96191954      -12.915754       0.2879298       1.6380865       9.1605075   1.2140772e-13       1.9405722       1.4345682        1.4345682      -22.431859      -22.431859
              4      -9.7667219    -0.022727162      0.63981073       -13.01237      0.57168929      0.94901448       4.3632563   9.7191831e-14       3.7298321       2.9156985        2.9156985      -25.364841      -25.364841
              2      -9.1876817     0.057947226      0.73402779      -12.979876      0.36221959       1.1427395       5.4203557   1.0474269e-13       2.3026058       2.3920329        2.3920329      -23.159429      -23.159429
             12      -11.821765      0.57827383      0.83166373      -12.970079      0.51253711       3.7868128       6.7867793   1.0713246e-13       3.2548959      0.58069354       0.58069354      -24.804917      -24.804917
              2      -10.055915      0.64100047      0.75950433      -13.004675      0.40623929       4.3752257       5.7478355   9.8929412e-14       2.5482339      0.79169098       0.79169098      -21.695211      -21.695211
              3      -11.551449      0.59525962      0.72083878      -13.027444       0.5678658        3.937854       5.2582203   9.3876356e-14       3.6971392      0.90476664       0.90476664      -24.912432      -24.912432
             12      -10.909717      0.61722928      0.77065165      -13.021405      0.55936698        4.142183       5.8972786   9.5190829e-14       3.6254923      0.78741285       0.78741285      -23.394259      -23.394259
              8      -11.764103      0.63002778      0.79386659      -13.009789      0.55515141       4.2660681       6.2210916   9.7771234e-14       3.5904709      0.69437978       0.69437978      -24.916966      -24.916966
              4      -11.811205      0.56682813      0.79408781      -13.009484      0.53308552       3.6883161       6.2242612   9.7839847e-14        3.412601      0.78286867       0.78286867      -25.188147      -25.188147
              3      -11.571973      0.66489622      0.77975126      -13.006382      0.56220076       4.6227055       6.0221457   9.8541314e-14        3.649226      0.65865565       0.65865565      -24.461256      -24.461256
              2      -11.172073      0.60567438      0.98008706      -12.949687      0.68005859       4.0334287       9.5518404   1.1228273e-13       4.7869467       0.3299002        0.3299002      -23.003947      -23.003947
              4       -11.26871      0.71178386       0.8682361      -12.976204      0.53363312       5.1497228       7.3830549   1.0563208e-13       3.4169067      0.42453616       0.42453616      -23.386493      -23.386493
             21      -11.490816      0.67016702      0.83807804      -12.981955      0.54073911       4.6791506       6.8877606   1.0424253e-13       3.4732745      0.50067953       0.50067953      -23.982992      -23.982992
              2      -12.300982       0.7278559       1.1891522      -12.886893      0.84895762       5.3438702       15.457959    1.297499e-13       7.0624864      0.10999738       0.10999738      -24.821959      -24.821959
              8      -10.433786      0.98832523       1.1459887      -12.896419      0.51868968       9.7347596       13.995508   1.2693474e-13       3.3013356      0.17522803       0.17522803      -21.218028      -21.218028
              9      -11.499705      0.52036493       1.2523892      -12.912249       1.0411102       3.3140948       17.880892   1.2239134e-13       10.992846      0.58476176       0.58476176      -24.168934      -24.168934
              3      -11.443362      0.90753678       1.2927671       -12.89802      0.86585838       8.0823338       19.623077   1.2646777e-13       7.3427439      0.18848449       0.18848449      -23.263692      -23.263692
              1      -10.386293       1.0033934       1.2238998      -12.903158      0.95860938       10.078442       16.745566   1.2498051e-13       9.0909524      0.32265025       0.32265025      -21.417887      -21.417887
              5      -11.259515      0.59516735       1.2219429      -12.871745        1.088468       3.9370176       16.670282    1.343554e-13       12.259366      0.45408126       0.45408126      -23.427192      -23.427192
             29      -11.736301      0.70647202       1.1462686      -12.881805       1.0841525       5.0871205       14.004531   1.3127895e-13        12.13815      0.33647623       0.33647623      -24.145555      -24.145555
             11       -11.56942       1.2688965      0.89323094      -12.942695      0.61208108       18.573617       7.8204355   1.1410497e-13       4.0933708      0.87541614       0.87541614      -24.889672      -24.889672
              8      -11.581167      0.50281416       1.2223511      -12.900272       1.0268792       3.1828352       16.685958   1.2581363e-13        10.63847      0.56418089       0.56418089      -24.290696      -24.290696
              5      -11.984131      0.48726728       1.2592157      -12.889993       1.0276553       3.0709113       18.164176    1.288271e-13       10.657499      0.59267844       0.59267844      -25.153619      -25.153619
              1      -11.798139      0.48600644       1.2578798      -12.890505       1.0242532       3.0620089       18.108388   1.2867538e-13       10.574339      0.59135662       0.59135662      -24.778992      -24.778992
              4      -12.047664      0.49148164        1.261013      -12.888671       1.0303779       3.1008563       18.239501   1.2921987e-13       10.724521      0.58650298       0.58650298      -25.268335      -25.268335
              7      -11.620383      0.48384648        1.296584      -12.879341      0.94277244       3.0468178       19.796299   1.3202577e-13        8.765414      0.51669673       0.51669673       -24.27416       -24.27416
              7       -11.67305      0.44673555       1.3451063      -12.897715      0.94984625       2.7972775       22.136363   1.2655664e-13       8.9093547      0.66204142       0.66204142      -24.670182      -24.670182
             24      -11.741642      0.45194771       1.3406182      -12.896409      0.94981578       2.8310511       21.908781   1.2693788e-13       8.9087297      0.64493498       0.64493498      -24.773154      -24.773154
              4       -9.866875      0.45227293       1.1781285      -12.854714       0.1766798       2.8331719       15.070528   1.3972894e-13       1.5020341      0.77923922       0.77923922      -21.292229      -21.292229
              2      -9.3777039      0.46331075      0.55428464      -12.956527     -0.10665836       2.9061013       3.5833121   1.1052805e-13      0.78224292       2.0815632        2.0815632      -22.918534      -22.918534
              4      -8.7026806      0.46997743      0.56449396      -12.954031     -0.11121295       2.9510559       3.6685459   1.1116533e-13      0.77408214       2.0517043        2.0517043       -21.50877       -21.50877
             13      -9.0886991      0.46466262      0.57212917      -12.952426     -0.10150279       2.9151615       3.7336119   1.1157683e-13      0.79158436       2.0188632        2.0188632      -22.215125      -22.215125
             11      -10.259919      0.42149373       0.5811367      -12.969527    -0.068923735       2.6393302       3.8118579   1.0726874e-13      0.85324994       2.0739561        2.0739561      -24.667749      -24.667749
              5      -10.693624       1.4207196       0.8468165      -12.948775      0.40633074       26.346301       7.0277531   1.1251869e-13       2.5487705       1.5289625        1.5289625      -24.445174      -24.445174
             11      -10.577743       1.4899722       0.8243161      -12.957082      0.42224639        30.90098       6.6729228   1.1038694e-13       2.6439083       1.8330332        1.8330332      -24.821552      -24.821552
              2      -9.7007085       1.6612674      0.94241556      -12.918299      0.62081066       45.842402       8.7582141   1.2069822e-13       4.1764824       2.3289221        2.3289221      -24.059261      -24.059261
             20      -8.0235633       1.2396373       1.4138591       -12.91254      0.69385242       17.363503       25.933376   1.2230934e-13       4.9414274      0.77754791       0.77754791      -17.602222      -17.602222
              5      -6.8807302       1.2377863       1.4013691      -12.916144       0.6984663       17.289654       25.198174   1.2129858e-13       4.9942043      0.76860054       0.76860054      -15.298661      -15.298661
             12      -10.662459        1.030619       1.1924759      -12.898879       1.1027784       10.730477       15.576715   1.2621791e-13       12.670051      0.50945084       0.50945084       -22.34382       -22.34382
              7      -10.276059       1.0321976       1.1975969      -12.898221       1.0973122       10.769551       15.761478   1.2640916e-13       12.511582       0.5040153        0.5040153      -21.560149      -21.560149
              2      -10.314274       1.0099607       1.1899863      -12.900707       1.1055079       10.232003       15.487678   1.2568763e-13       12.749933      0.48987726       0.48987726      -21.608303      -21.608303
             24      -10.154247       1.0338381       1.1867218      -12.900062       1.0885588       10.810309       15.371697   1.2587454e-13        12.26193      0.49471931       0.49471931      -21.297933      -21.297933
              1      -10.162248       1.0001491       1.1910477      -12.859728       0.9243101       10.003434       15.525576   1.3812498e-13       8.4005961      0.21970638       0.21970638      -20.763908      -20.763908
              6      -7.6304656       1.2247637      0.27474031      -13.115476      0.25229724       16.778908       1.8825231   7.6652142e-14       1.7877107       3.0206667        3.0206667      -21.302265      -21.302265
              1      -7.7405108       1.2990653      0.31890325      -13.121846      0.28321416       19.909727       2.0840266   7.5535938e-14       1.9196151       3.1026792        3.1026792       -21.68638       -21.68638
              7      -7.5895018        1.169388       0.3345899      -13.122737      0.31517732       14.770255       2.1606773   7.5381131e-14       2.0662236       2.6962245        2.6962245      -20.571453      -20.571453
              1      -3.7010094      0.37147137      0.74130355      -13.029267      0.80080017       2.3521844       5.5119282   9.3482972e-14       6.3212093       1.3418965        1.3418965      -10.085812      -10.085812
              3      -6.9606665       0.0206764      0.74425597      -12.931116       1.0490903       1.0487607        5.549527   1.1718823e-13       11.196707       2.4843561        2.4843561      -18.890045      -18.890045
             31      -9.5179229        1.680945       1.0139577      -12.747266       1.1652072       47.967271       10.326609   1.7895092e-13       14.628751       2.7621926        2.7621926      -24.560231      -24.560231
              3      -7.9726665       1.4113364      0.89293971      -12.769008       1.4743716       25.783173        7.815193    1.702127e-13       29.810662       2.2548944        2.2548944      -20.455122      -20.455122
             24      -8.4599515       1.4230868      0.91726084      -12.761429       1.4915009       26.490298       8.2653421   1.7320934e-13       31.009936       2.3361466        2.3361466      -21.592196      -21.592196
             11      -7.5103305      0.98608616      0.94207725      -12.716102       1.3940062       9.6846998       8.7513942   1.9226392e-13       24.774576       1.1280358        1.1280358      -17.276733      -17.276733
             20      -11.319846       1.1013281      0.97808145      -12.709601       1.2480177       12.627813       9.5078308   1.9516386e-13       17.701813      0.97746587       0.97746587      -24.594624      -24.594624
             13      -10.449817       0.8642108      0.89528009      -12.728577       1.3848463       7.3149405       7.8574223   1.8681964e-13       24.257517       1.0243739        1.0243739      -22.948382      -22.948382
             60      -10.794713      0.69277657      0.94913873      -12.688647       1.2954003       4.9292015        8.894852   2.0481105e-13       19.742416      0.93679692       0.93679692      -23.463019      -23.463019
             11      -10.908392       0.6888276       0.9507118      -12.689706        1.291189       4.8845842       8.9271287     2.04312e-13       19.551903      0.92673548       0.92673548      -23.670254      -23.670254
              3      -10.908721      0.76439233      0.98628704      -12.667888       1.3197088       5.8128931       9.6891804   2.1483826e-13       20.878956       1.0049745        1.0049745       -23.82739       -23.82739
              7      -10.720833      0.75907043      0.97692984      -12.668365       1.3174845       5.7420957       9.4826527   2.1460263e-13       20.772298        1.004538         1.004538      -23.450742      -23.450742
             16      -11.300398      0.73536035      0.97332907      -12.671056       1.3076827       5.4370127       9.4043562   2.1327719e-13       20.308728      0.98493829       0.98493829      -24.570673      -24.570673
              6      -11.131877      0.73833409      0.95161563      -12.675102       1.3025234       5.4743693       8.9457268   2.1129932e-13       20.068892      0.97002375       0.97002375      -24.203801      -24.203801
             27      -8.5568124      0.75182834      0.84819732      -12.766162      0.97788582       5.6471372       7.0501332   1.7133199e-13        9.503549      0.31726039       0.31726039      -17.748146      -17.748146
             14       -8.907139      0.64675075      0.85054389      -12.768638       1.0890551       4.4335412       7.0883293   1.7035762e-13       12.275948      0.51484182       0.51484182      -18.843962      -18.843962
              4      -7.4691547      0.60668173      0.87166162      -12.761505       1.0983881       4.0427951       7.4415195   1.7317891e-13       12.542615      0.56376225       0.56376225      -16.065834      -16.065834
             15      -9.5727239      0.30303442      0.93171789      -12.720909       1.5991431       2.0092521       8.5451145   1.9014772e-13       39.732242       2.3625384        2.3625384      -23.870525      -23.870525
             26      -10.003356      0.30822529       0.9358502      -12.720108       1.5990775       2.0334116       8.6268094   1.9049853e-13       39.726244       2.3458284        2.3458284      -24.698368      -24.698368
              2      -10.002241      0.30783754      0.93599555       -12.72005       1.5990386       2.0315969       8.6296971   1.9052418e-13       39.722686       2.3469435        2.3469435      -24.698368      -24.698368
             19      -9.8683231      0.30510397      0.93483087      -12.719779       1.6012107       2.0188496       8.6065852   1.9064313e-13       39.921851       2.3632883        2.3632883      -24.463223      -24.463223
              3       -10.29691       0.6249743      0.95291978      -12.711398       1.1168046       4.2167155       8.9726303   1.9435802e-13       13.085932      0.61629143       0.61629143      -21.826404      -21.826404
             13        -10.4318      0.64583489      0.97823029      -12.715137       1.1400547       4.4242014       9.5110899   1.9269185e-13       13.805581      0.60550473       0.60550473       -22.07461       -22.07461
              3         -10.609      0.59183359      0.96588212      -12.722957       1.1771982       3.9069116       9.2444722   1.8925311e-13       15.038281      0.71403821       0.71403821      -22.646076      -22.646076
              2      -11.143958      0.59487747      0.97608138      -12.720299       1.1732974       3.9343906       9.4641449   1.9041488e-13       14.903813      0.70491112       0.70491112      -23.697737      -23.697737
             13      -10.727375      0.54863814       1.0305843      -12.846593       1.1330665       3.5370251        10.72962   1.4236638e-13       13.585215      0.56125416       0.56125416      -22.577258      -22.577258
              3      -11.447396      0.52263837       1.0918644      -12.839625       1.1648156       3.3314889       12.355616   1.4466872e-13       14.615564      0.63862534       0.63862534      -24.172043      -24.172043
              1      -12.469663      0.65759131       1.0964752        -12.9291      0.65532599        4.545601       12.487492   1.1773343e-13       4.5219524      0.18417464       0.18417464      -25.307675      -25.307675
              1      -11.704282      0.39596071       1.3590536      -12.874224      0.63774853       2.4886322       22.858808   1.3359048e-13        4.342587      0.63045382       0.63045382      -24.669472      -24.669472
              2      -11.602496      0.50465084       1.4071963      -12.856498      0.62571335       3.1963243       25.538554   1.3915606e-13       4.2238973      0.42111113       0.42111113      -24.047215      -24.047215
              7      -11.940646      0.48099038       1.4049724      -12.860894      0.62264663       3.0268463       25.408113   1.3775467e-13       4.1941758      0.46843504       0.46843504      -24.818162      -24.818162
             15      -11.295904      0.44403024       1.4000187      -12.867999      0.63361122       2.7799068       25.119943   1.3551933e-13       4.3014138      0.54681451       0.54681451      -23.685438      -23.685438
              6      -11.589877      0.40737263       1.4385803      -12.855153      0.59094783       2.5548925         27.4524   1.3958764e-13       3.8989515      0.66814777       0.66814777       -24.51605       -24.51605
              9      -11.126656      0.35731589       1.5011149      -12.829198      0.58805613       2.2767529       31.704062   1.4818429e-13        3.873077      0.86279498       0.86279498      -23.978902      -23.978902
              2       -10.21424      0.35254237        1.293452      -12.917351      0.93420331       2.2518651       19.654047   1.2096199e-13       8.5941575      0.88592885       0.88592885      -22.200338      -22.200338
             15      -10.967664       0.4936914       1.1655688       -12.90664       1.0087571       3.1166741       14.640935   1.2398249e-13       10.203686      0.55849776       0.55849776      -23.052323      -23.052323
              7      -11.375552      0.22202602       1.2817839      -12.898351      0.90606407       1.6673471       19.133035   1.2637148e-13       8.0549726       1.2314981        1.2314981      -25.214101      -25.214101
              2      -11.460794      0.45574887       1.2857464       -12.87502      0.97164596       2.8559386       19.308406   1.3334606e-13       9.3679802      0.59005287       0.59005287      -24.101693      -24.101693
              3      -11.380237      0.36051514       1.2515012      -12.876634       1.1333519       2.2935866       17.844368   1.3285144e-13       13.594144       1.0088373        1.0088373      -24.778148      -24.778148
              7       -11.31109      0.26219744       1.2340287      -12.875527       1.0544944       1.8289315       17.140706   1.3319051e-13       11.336902       1.1877629        1.1877629      -24.997706      -24.997706
              9      -10.535333      0.05918358       1.1869709      -12.908239      0.81073716       1.1459973       15.380514   1.2352681e-13       6.4675108       1.8137718        1.8137718       -24.69821       -24.69821
             12      -11.196171      0.23550689       1.1229934      -12.925213      0.72760462       1.7199146       13.273743   1.1879206e-13       5.3407791       1.1089547        1.1089547       -24.61025       -24.61025
              9       -10.15695    -0.072727191       1.0382653      -12.929506       0.7417089      0.84580999       10.921074   1.1762356e-13       5.5170751       2.4934458        2.4934458      -25.300792      -25.300792
              1      -10.522545     0.039509261       1.0919568       -12.91719      0.72857206       1.0952399       12.358244   1.2100681e-13       5.3526895       1.8898557        1.8898557      -24.824801      -24.824801
              4      -10.621339     0.024231405       1.0819772      -12.926707      0.65537095       1.0573808       12.077505   1.1838407e-13       4.5224206       1.9793449        1.9793449      -25.201367      -25.201367
             42      -10.880424      0.25906514      0.70833141      -12.981921      0.60517175        1.815788       5.1089471   1.0425063e-13       4.0287633       1.4962861        1.4962861       -24.75342       -24.75342
              8      -11.338985      0.61614783      0.78634881      -13.005441      0.40701192       4.1318812       6.1143291   9.8754953e-14       2.5527714      0.78966256       0.78966256      -24.257296      -24.257296
              7      -11.004724      0.67620527        0.833432      -12.987281      0.60907651       4.7446619       6.8144687   1.0297185e-13       4.0651494       0.4999145        0.4999145      -23.009277      -23.009277
             18      -11.290387      0.60451775       0.7740188      -13.006289      0.57177919        4.022701       5.9431789    9.856243e-14       3.7306043      0.72622237       0.72622237      -24.033219      -24.033219
              7      -11.860462      0.62599793       0.7624895      -13.010702      0.64117238        4.226666       5.7874799   9.7565969e-14        4.376958       0.7203225        0.7203225       -25.16157       -25.16157
              4      -11.458082       0.6308076      0.72058629      -13.018221      0.66172835       4.2737352       5.2551642   9.5891144e-14       4.5891087      0.80265915       0.80265915      -24.521482      -24.521482
              5       -10.35563      0.61544715      0.86429618      -12.985452      0.56914985       4.1252203       7.3163787    1.034066e-13       3.7080864      0.53489227       0.53489227      -21.781045      -21.781045
              2      -11.828796       0.5396321      0.91297023      -12.948426      0.59590665       3.4644325       8.1840869    1.126092e-13       3.9437252       0.4696495        0.4696495      -24.596892      -24.596892
              4      -11.969695      0.70678028      0.91808476      -12.945987      0.63722949       5.0907325       8.2810376   1.1324337e-13       4.3374001      0.26226843       0.26226843      -24.463927      -24.463927
              4      -10.280148      0.83592011       0.3770048      -13.091352      0.26560111       6.8536215       2.3823458    8.103043e-14       1.8433216       2.0473636        2.0473636      -24.655022      -24.655022
              5       -10.46557      0.67331277      0.38258873      -13.120601      0.49090674       4.7131664       2.4131745   7.5752792e-14       3.0967542       2.0732069        2.0732069      -25.077554      -25.077554
             12      -10.236547      0.61168642      0.56373701      -13.074363      0.49767041       4.0896526       3.6621574   8.4263029e-14       3.1453604       1.4272406        1.4272406      -23.327575      -23.327575
              3      -10.322236      0.50020266       0.5543944       -13.08488      0.41879087       3.1637536       3.5842179   8.2247029e-14       2.6229552       1.7350767        1.7350767      -24.114625      -24.114625
             14      -9.7492614       1.4517486       0.8244231      -12.946983      0.46986525       28.297532       6.6745671     1.12984e-13       2.9502937       1.6153812        1.6153812      -22.729285      -22.729285
             16      -8.9305269       1.4864615      0.59231301      -13.040103       0.2292955       30.652193       3.9112269   9.1179523e-14       1.6954911       2.7075489        2.7075489      -23.276152      -23.276152
              5      -8.0927888       1.4816496      0.65149278      -13.032863      0.27752593       30.314446        4.482216   9.2712209e-14       1.8946366        2.484828         2.484828      -21.155234      -21.155234
              7      -8.0926786       1.4816748      0.65150045      -13.032861      0.27750055       30.316203       4.4822952   9.2712708e-14       1.8945259       2.4849383        2.4849383      -21.155234      -21.155234
              4      -6.5832569       1.6898833      0.64764795      -13.000544      0.24372974       48.964718       4.4427099   9.9874781e-14       1.7527894       3.3623561        3.3623561      -19.891226      -19.891226
              3      -4.9303079       1.8230612      0.72803548      -12.917933     -0.16949177        66.53669       5.3460803   1.2080003e-13      0.67687461       4.5856986        4.5856986      -19.032013      -19.032013
              4      -6.2284816       1.8150414       0.7042292      -12.917979     -0.18978244       65.319287       5.0609168   1.2078718e-13      0.64597776       4.6259802        4.6259802      -21.708923      -21.708923
              8      -9.2924268       1.0427878       1.0144444      -12.805655       1.0549648       11.035392       10.338188   1.5643916e-13       11.349188      0.41139901       0.41139901      -19.407652      -19.407652
             11      -10.759684       1.0352894       1.0370781      -12.800075       1.0522189       10.846494       10.891259   1.5846196e-13       11.277658      0.39316347       0.39316347      -22.305695      -22.305695
              2      -10.590798       1.0224487       1.0401835      -12.798376       1.0577188       10.530492       10.969417   1.5908301e-13       11.421387      0.38334745       0.38334745      -21.948291      -21.948291
             26      -10.115415       1.0510861       1.0407812      -12.795345       1.1022014        11.24828       10.984523   1.6019719e-13       12.653229      0.48390934       0.48390934      -21.198649      -21.198649
              1        -10.2103       1.5279517       1.0525749      -12.795105       1.0024314       33.724982       11.286907   1.6028596e-13       10.056142       1.7353163        1.7353163      -23.891232      -23.891232
             39      -10.016458       1.5247275       1.0364767       -12.80155       1.0026353       33.475535       10.876188   1.5792472e-13       10.060864       1.7217314        1.7217314      -23.476379      -23.476379
              4      -9.0021296       1.5723178       1.0180126      -12.798575      0.99126707       37.352339       10.423478   1.5901035e-13       9.8009252       1.9293724        1.9293724      -21.863004      -21.863004
              8      -8.7883609       1.5751244       1.1138411      -12.787662      0.97685395       37.594511       12.996939   1.6305643e-13       9.4809956       1.9177107        1.9177107      -21.412143      -21.412143
              6      -9.7040021       1.6817805       1.0736767      -12.820517       1.1531105       48.059639       11.848865   1.5117614e-13       14.226906       2.6597385        2.6597385      -24.727481      -24.727481
             19      -9.8052869       1.6082106       1.0467148      -12.804703       1.1180702       40.570521       11.135629    1.567823e-13       13.124121       2.2458427        2.2458427      -24.102259      -24.102259
             58      -9.5454617       1.7000212        1.078173      -12.834055       1.0758767       50.121168       11.972174   1.4653622e-13       11.909039       2.6446392        2.6446392      -24.380202      -24.380202
             33      -9.4901924       1.7194297       1.0841784      -12.832967       1.0773681       52.411879       12.138875   1.4690369e-13       11.950006       2.7509945        2.7509945      -24.482374      -24.482374
              3      -4.5972236       1.6522233      0.59764376       -12.99397      0.54332143        44.89762       3.9595311   1.0139806e-13       3.4939882       2.9577161        2.9577161       -15.10988       -15.10988
              4       -4.937929       1.6570161      0.67559461      -12.977769      0.48277085       45.395842       4.7379951   1.0525213e-13       3.0392809       2.8205005        2.8205005      -15.516859      -15.516859
              7      -5.5725251       1.2045195      0.77668557      -12.957304       0.3794294       16.014724        5.979785   1.1033057e-13       2.3956833      0.99827257       0.99827257      -13.141595      -13.141595
             13      -9.2930669      0.32398537      0.45773884      -13.076627      0.14508133       2.1085571       2.8690548   8.3824838e-14       1.3966299       2.6571316        2.6571316      -23.900397      -23.900397
             11      -10.838214      0.77567197       0.6147804      -13.021151      0.48310683       5.9658451       4.1188919   9.5246471e-14       3.0416331      0.94213123       0.94213123       -23.56069       -23.56069
             28      -10.655547      0.71692547      0.66174609      -13.014047      0.49295291       5.2110528       4.5892962   9.6817208e-14        3.111379      0.84870339       0.84870339        -23.0085        -23.0085
              1      -10.972979      0.60108798      0.73249003      -13.014666       0.5677939       3.9910574       5.4011971   9.6679382e-14       3.6965272      0.82148705       0.82148705      -23.588932      -23.588932
              3      -11.751319      0.60707563       0.7084995      -13.025324      0.54931155       4.0464635       5.1109249   9.4335712e-14       3.5425138      0.90336334       0.90336334      -25.309364      -25.309364
             20      -11.448012      0.73376077      0.68180797      -13.021189      0.54542649       5.4170241       4.8062678   9.5238165e-14       3.5109649      0.81662126       0.81662126      -24.529266      -24.529266
              6       -11.81497      0.56381557      0.91152271      -12.943729      0.58489351         3.66282       8.1568543   1.1383381e-13       3.8449749      0.42192562       0.42192562      -24.473792      -24.473792
              4      -12.125578       0.5927201      0.84117773      -12.961173      0.55526253       3.9148948       6.9370964   1.0935207e-13       3.5913897      0.50306827       0.50306827      -25.257293      -25.257293
              3      -12.366698      0.66217067        1.036683      -12.941439      0.52679897        4.593785       10.881356   1.1443546e-13       3.3635584      0.25585505       0.25585505      -25.245106      -25.245106
              2      -12.064932      0.70358163       1.3887569      -12.877882      0.81777039       5.0533762       24.476928   1.3247024e-13       6.5731022      0.21014492       0.21014492      -24.550153      -24.550153
              5      -12.023802      0.69897722       1.3882909      -12.877247      0.82063286        5.000083       24.450677   1.3266388e-13       6.6165693      0.21337808       0.21337808      -24.474359      -24.474359
              2      -11.111858      0.64179419       1.4744791      -12.878286      0.74723708       4.3832293       29.818038   1.3234706e-13       5.5877514      0.32758871       0.32758871      -22.878893      -22.878893
             40      -11.315697      0.65376878       1.5090656      -12.865603      0.74055478       4.5057675       32.289819   1.3626889e-13       5.5024333      0.34390602       0.34390602      -23.319205      -23.319205
             14        -11.3665       1.2248017       1.2524967      -12.893834      0.88656274       16.780376       17.885318   1.2769277e-13       7.7012769      0.66358609       0.66358609      -24.060173      -24.060173
             22      -11.439203       1.2305505       1.2591099      -12.894381       0.8680562       17.003976       18.159753   1.2753195e-13       7.3799973      0.66943028       0.66943028      -24.217266      -24.217266
             16      -10.557009       1.2036759       1.2491331      -12.906998      0.86401479       15.983648       17.747333   1.2388011e-13       7.3116398      0.61921692       0.61921692      -22.352453      -22.352453
              2       -11.56693       1.2051928       1.2538783      -12.905591      0.86726277       16.039571       17.942309   1.2428209e-13       7.3665267      0.62430052       0.62430052      -24.382461      -24.382461
             34      -10.330075      0.36959656       1.5053488       -12.92862       1.0026321       2.3420521       32.014654   1.1786359e-13        10.06079       1.1358431        1.1358431      -22.931837      -22.931837
              7      -10.403771     0.068457305       1.3710398       -12.89948      0.85796358       1.1707315       23.498481   1.2604349e-13       7.2104701       1.8809982        1.8809982      -24.569538      -24.569538
              8      -10.371422      0.45675423       1.5347407      -12.810941       0.5567932       2.8625576       34.256317   1.5454631e-13       3.6040699      0.67767404       0.67767404      -22.098193      -22.098193
             12      -10.548212      0.47092921       1.5363147      -12.820226      0.55961755       2.9575303       34.380699    1.512775e-13       3.6275846      0.64711898       0.64711898      -22.390663      -22.390663
             12      -11.134946      0.72832511      0.97243111      -12.695693       1.1538864       5.3496468       9.3849315   2.0151468e-13       14.252346      0.62373102       0.62373102      -23.517354      -23.517354
              5      -11.364666      0.73650121      0.97994877      -12.702272        1.149847       5.4513141       9.5487994   1.9848491e-13       14.120399       0.5899376        0.5899376      -23.909206      -23.909206
              7      -11.174764      0.75398808      0.96413796      -12.702656       1.1452006       5.6752903       9.2074201    1.983098e-13       13.970136      0.58269182       0.58269182      -23.514911      -23.514911
             18      -11.001389      0.76537551      0.95519203       -12.70278       1.1712742       5.8260675       9.0196986   1.9825294e-13       14.834543      0.62533692       0.62533692      -23.253452      -23.253452
             10      -10.672293      0.79397801       1.0083572      -12.682187       1.2188154       6.2226878       10.194296   2.0787996e-13       16.550664      0.74128214       0.74128214       -22.82715       -22.82715
             34      -11.423416       0.8451895      0.98910467      -12.680942       1.2155065       7.0014743       9.7522464   2.0847685e-13       16.425043      0.75035904       0.75035904      -24.347549      -24.347549
             18      -11.350512      0.85862228      0.96991854      -12.686065       1.2193258       7.2214146       9.3307928   2.0603236e-13       16.570126      0.75249061       0.75249061      -24.206005      -24.206005
              9       -7.569381      0.41046694      0.94846568      -12.711448       1.4989583       2.5731609       8.8810779   1.9433556e-13       31.547017       1.7946169        1.7946169      -18.727996      -18.727996
              2      -10.236686      0.63326483      0.92074355      -12.663841       1.3153979       4.2979843       8.3318905   2.1685004e-13       20.672735        1.137844         1.137844       -22.74906       -22.74906
              1      -8.2637506       1.1341927      0.92783869      -12.716759       1.1639276       13.620488       8.4691279   1.9197342e-13       14.585711      0.90103616       0.90103616      -18.329573      -18.329573
             11      -8.9927001       1.1512646        1.034193      -12.676559       1.2273269       14.166566       10.819148   2.1059154e-13       16.878231       1.1163468        1.1163468      -20.218094      -20.218094
              1      -8.7103501       1.2019161       0.9225651      -12.697267       1.5190883       15.919012       8.3669101    2.007857e-13       33.043674       1.8839321        1.8839321      -21.188564      -21.188564
              4      -6.5447446     0.022754826      0.91708936      -12.846579       1.2525264       1.0537918       8.2620793   1.4237068e-13       17.886541        2.492157         2.492157      -18.073803      -18.073803
             12      -6.0296078     0.028863034      0.85095652      -12.864916       1.2688405       1.0687178       7.0950673   1.3648472e-13       18.571224       2.5620083        2.5620083      -17.183232      -17.183232
             15      -8.2945956     -0.28460297      0.98876702      -12.850379       1.2004431      0.51927454       9.7446674   1.4113059e-13       15.865109       4.1080643        4.1080643       -24.80532       -24.80532
             14      -8.2498108     -0.28498602      0.98852106      -12.850409       1.2014516      0.51881673       9.7391502   1.4112079e-13       15.901994       4.1124801        4.1124801      -24.724582      -24.724582
              3      -8.1941297     -0.28636259       0.9942544       -12.84786        1.206917      0.51717487       9.8685738   1.4195137e-13       16.103377        4.127106         4.127106      -24.642471      -24.642471
             17      -8.2170986      -0.2856448      0.99473408      -12.847727       1.2069641      0.51803035       9.8794799   1.4199497e-13       16.105126       4.1221483        4.1221483      -24.678494      -24.678494
              1       -10.50394      0.13028086        1.003752      -12.850944       1.1976107       1.3498355       10.086767   1.4094704e-13       15.761976       1.8700612        1.8700612      -24.748002      -24.748002
              2      -10.089586       0.1184788       1.0251411      -12.852689       1.2223824       1.3136474        10.59598   1.4038184e-13       16.687161       1.9560395        1.9560395       -24.09125       -24.09125
             12      -10.817615      0.14112536       1.0236638      -12.850103       1.1922152       1.3839658       10.559997   1.4122028e-13       15.567369       1.8087088        1.8087088      -25.252648      -25.252648
             80      -10.920676      0.14979922       1.0318597      -12.848714       1.1749277       1.4118847       10.761175   1.4167272e-13       14.959866        1.741381         1.741381      -25.324114      -25.324114
              9      -10.633666      0.13697918        1.025731      -12.844435       1.1999319        1.370816       10.610381   1.4307528e-13       15.846446       1.8350755        1.8350755      -24.937484      -24.937484
              7      -10.005554     0.075451842       1.0387815      -12.846924       1.1462137       1.1897394       10.934061   1.4225789e-13       14.002761       2.0061537        2.0061537      -24.023416      -24.023416
              2      -10.526159     0.070066434       1.0169691      -12.858051       1.1707245       1.1750773       10.398462   1.3865928e-13       14.815779       2.0836348        2.0836348      -25.219587      -25.219587
              9      -11.247175       1.2653498       1.1440356      -12.857948      0.91980708       18.422552       13.932711   1.3869212e-13       8.3139437      0.72261936       0.72261936      -23.939589      -23.939589
              4      -11.454624       1.0127422       1.0451387      -12.916545      0.58914138       10.297748       11.095291   1.2118667e-13       3.8827675      0.22515715       0.22515715      -23.359563      -23.359563
              2      -12.293898      0.98226204       1.1822876      -12.899634       0.4986651       9.5997968       15.215547   1.2599856e-13       3.1525726      0.19025931       0.19025931      -24.968314      -24.968314
              2      -12.531272      0.92199784       1.1619002      -12.894248      0.49354066       8.3559886       14.517779   1.2757097e-13       3.1155926      0.12883173       0.12883173      -25.320208      -25.320208
              4      -12.201822      0.97847711       1.1339024      -12.900583      0.33925499       9.5164968       13.611386   1.2572357e-13       2.1840118      0.31094823       0.31094823       -25.02554       -25.02554
              8      -11.157185       0.9023637       1.1162869      -12.874941      0.16885518       7.9866324        13.07034   1.3337027e-13       1.4752145      0.44188222       0.44188222      -23.198135      -23.198135
             20      -10.826789       1.3165919       1.4986665      -12.804955      0.34769165       20.729646       31.525831   1.5669124e-13       2.2268535       1.1707538        1.1707538      -23.995085      -23.995085
              7      -10.424801       1.3008417       1.5172959      -12.794682       0.3068427       19.991329       32.907573   1.6044192e-13       2.0269485       1.1995685        1.1995685      -23.248739      -23.248739
             32      -9.5471385       1.4744152       1.3400864      -12.818777     0.098281967       29.813653       21.881968   1.5178299e-13        1.253955       1.9221496        1.9221496      -22.938576      -22.938576
              5      -10.404372       1.1371495        1.278051       -12.83943     0.056367761       13.713537       18.969285   1.4473396e-13        1.138591      0.95618243       0.95618243      -22.721109      -22.721109
              6      -9.9729723       1.5246169       1.2233051      -12.876714      0.17061439       33.467007       16.722648   1.3282701e-13       1.4812024       1.9727641        1.9727641      -23.891473      -23.891473
             13      -9.6488368       1.5014278        1.281558      -12.863421      0.16221606        31.72691       19.123086    1.369552e-13       1.4528342       1.9000387        1.9000387      -23.097751      -23.097751
              2      -9.5346565       1.4713275       1.2815994      -12.844168      0.15949786       29.602438        19.12491    1.431634e-13       1.4437695        1.768325         1.768325      -22.605963      -22.605963
             16      -9.3890684       1.1313218       1.1697194      -12.846839     0.031727511       13.530749        14.78153   1.4228553e-13         1.07579       0.9596538        0.9596538      -20.697444      -20.697444
             41      -10.810359      0.82577524       1.1253451      -12.825134     0.039577539       6.6953801       13.345816   1.4957728e-13       1.0954121      0.62426754       0.62426754      -22.869252      -22.869252
              6       -11.87601      0.68940399          1.1114      -12.848626      0.12623358       4.8910713       12.924091   1.4170133e-13       1.3373146      0.51033024       0.51033024      -24.772681      -24.772681
              4      -9.8840491       0.9432003      0.82539376      -12.901656     0.028996594       8.7740539       6.6895016   1.2541346e-13       1.0690465      0.91873841       0.91873841      -21.605575      -21.605575
             24       -10.86807      0.84961318      0.92684232       -12.88655      0.13087978        7.073155       8.4497201    1.298525e-13       1.3516983       0.5652672        0.5652672      -22.866673      -22.866673
             15      -10.037412        0.345117      0.90233811       -12.92096     0.034813109        2.213691       7.9861619   1.1996107e-13       1.0834606       1.4819271        1.4819271      -23.038679      -23.038679
             16      -10.508804       0.4668848      0.88572304      -12.900157    -0.032149134       2.9301159       7.6864011   1.2584708e-13      0.92864744       1.2992806        1.2992806       -23.61617       -23.61617
             12      -10.559666      0.46649161      0.88306779      -12.900908    -0.032122993       2.9274643       7.6395503    1.256296e-13      0.92870334       1.3035576        1.3035576      -23.726447      -23.726447
             14      -10.760933      0.49702196      0.89326821      -12.897415    -0.036926212       3.1406675       7.8211066   1.2664418e-13      0.91848864       1.2394064        1.2394064      -24.000679      -24.000679
             17      -10.895236      0.57095729      0.91175343      -12.879559      0.07407695       3.7235508       8.1611889   1.3195965e-13       1.1859789      0.84008983       0.84008983      -23.470651      -23.470651
              3        -11.3119      0.56971089      0.92946817      -12.874614     0.069212509       3.7128798       8.5009638   1.3347072e-13       1.1727691       0.8329656        0.8329656      -24.289731      -24.289731
             42      -11.200015      0.55926827      0.92482872      -12.876695     0.062795509       3.6246683       8.4106338   1.3283275e-13        1.155568       0.8667072        0.8667072      -24.133445      -24.133445
             19      -9.4535256      0.92038765      0.75732498      -12.939579     -0.01523939       8.3250654       5.7190643   1.1492678e-13      0.96551852       1.1612236        1.1612236      -21.229498      -21.229498
             14      -10.813027      0.80805383      0.85598683      -12.902867    -0.033460253       6.4276738       7.1777253   1.2506418e-13      0.92584812      0.97491873       0.97491873      -23.575892      -23.575892
             21      -9.2730469      0.70245405       1.0790933      -12.834565     0.022219414       5.0402729        11.99757   1.4636419e-13       1.0524935      0.69928105       0.69928105      -19.944656      -19.944656
             25      -12.013803         0.54369      0.93065764      -12.939932      0.33091072       3.4969547       8.5242787   1.1483347e-13       2.1424501       0.6029117        0.6029117      -25.233429      -25.233429
              3      -12.236623      0.70451945       1.1652652      -12.881969      0.33196928       5.0643003       14.630702   1.3122928e-13       2.1476786      0.24186096       0.24186096      -24.956968      -24.956968
              1      -10.999794      0.70483259       1.0378796      -12.894825      0.29744697       5.0679531       10.911378   1.2740178e-13       1.9835674      0.30927763       0.30927763      -22.618144      -22.618144
             17      -11.263656      0.43985626       1.0457615      -12.895521      0.29918631       2.7533173       11.111214   1.2719769e-13       1.9915275      0.68845463       0.68845463      -23.904222      -23.904222
             17      -10.890276      0.43522827      0.76684012      -12.958662      0.24251632       2.7241328       5.8457484   1.0998621e-13       1.7478989       1.1322219        1.1322219      -24.044995      -24.044995
              3      -11.058316      0.52215205      0.84561266      -12.944794      0.25963292       3.3277604       7.0082996   1.1355487e-13       1.8181634      0.80715926       0.80715926       -23.73095       -23.73095
              3      -11.994673      0.54658121        1.381686      -12.855975       0.4848109       3.5203124       24.081636   1.3932384e-13       3.0535912      0.37600392       0.37600392      -24.741354      -24.741354
             22      -12.223895      0.61052185       1.0239971      -12.938837      0.48819685       4.0787008       10.568104   1.1512322e-13       3.0774914      0.32727314       0.32727314      -25.102336      -25.102336
              4      -12.144324       1.0549106      0.87240514      -12.950367      0.48813562       11.347771       7.4542704   1.1210705e-13       3.0770576      0.50850034       0.50850034      -25.305648      -25.305648
              2      -12.120005       1.0538212      0.90153097      -12.947369      0.45368365       11.319343       7.9713332   1.1288374e-13       2.8423899      0.49666767       0.49666767      -25.233345      -25.233345
             16      -11.399166        1.017509      0.85404509       -12.95336      0.43780013       10.411396       7.1457051   1.1133725e-13       2.7403128      0.51649578       0.51649578      -23.831324      -23.831324
              5      -10.848247      0.76150997      0.62141349      -13.048158      0.48238683       5.7744413       4.1822837   8.9503885e-14       3.0365947       1.0704076        1.0704076       -23.83731       -23.83731
              9      -10.442199      0.97277637      0.63963997      -13.017415      0.56237214       9.3923954       4.3615411   9.6069462e-14       3.6506663      0.92044089       0.92044089      -22.725281      -22.725281
              2      -11.250392      0.56391282      0.74222407      -13.033062      0.56475852       3.6636402       5.5236235   9.2669714e-14       3.6707814      0.94866959       0.94866959      -24.398123      -24.398123
             15      -11.401072      0.58571209         0.73094      -13.033191      0.54954445       3.8522289       5.3819543   9.2642184e-14        3.544414      0.93856694       0.93856694      -24.679279      -24.679279
             10      -11.329146      0.60829707       0.7057228      -13.039678       0.5659282       4.0578601        5.078352   9.1268643e-14       3.6806812      0.97121935       0.97121935       -24.60073       -24.60073
              9      -10.030406      0.60767695      0.72793865      -13.041856      0.59138254       4.0520701       5.3448885   9.0812231e-14       3.9028561      0.94501594       0.94501594      -21.950844      -21.950844
             29      -11.749606      0.65229605      0.75578913      -13.011232       0.7022141       4.4905139        5.698875   9.7446949e-14       5.0374888      0.70445433       0.70445433      -24.908121      -24.908121
              6      -11.830671      0.64519819      0.76099126      -13.008557      0.72074973         4.41772       5.7675485   9.8049054e-14       5.2571423      0.69571585       0.69571585      -25.052774      -25.052774
              6      -11.660386      0.65471777      0.71050931      -13.013534      0.71825464        4.515624       5.1346318   9.6931848e-14       5.2270258      0.77500235       0.77500235      -24.870776      -24.870776
             24      -11.898028      0.61541305      0.76516287      -13.005509      0.77241352       4.1248964       5.8232156   9.8739564e-14       5.9212517      0.72305586       0.72305586      -25.242168      -25.242168
             10      -11.692631      0.46197805       1.0020644      -12.942915      0.66863899       2.8971972       10.047648   1.1404722e-13       4.6627163      0.54090664       0.54090664      -24.467076      -24.467076
             18      -11.098507       0.5400003       1.0055771      -12.948192      0.65465005       3.4673709       10.129245   1.1266984e-13       4.5149199      0.40883662       0.40883662      -23.014687      -23.014687
              2      -12.386889      0.67572902       1.0654549      -12.930306      0.43749561       4.7394617       11.626659     1.17407e-13       2.7383919      0.26167013       0.26167013      -25.297118      -25.297118
             22      -11.558265      0.87959493      0.67661694      -13.005691      0.39112069       7.5787037       4.7491615   9.8698128e-14       2.4610514       0.8508588        0.8508588      -24.818248      -24.818248
             16       -12.26392      0.64529661       1.1437702      -12.888369      0.90344193       4.4187213         13.9242   1.2930954e-13       8.0064856      0.20410911       0.20410911      -24.936059      -24.936059
              4      -12.265408      0.67072463       1.2153741      -12.885416      0.94014588       4.6851622       16.420038   1.3019179e-13       8.7125619      0.22099872       0.22099872      -24.972814      -24.972814
              2      -10.341404      0.72008876       1.2282838       -12.87963      0.99369892       5.2491473       16.915458   1.3193796e-13       9.8559598      0.23509149       0.23509149      -21.152991      -21.152991
             11      -10.263914       1.4164167       1.0237962      -12.928928      0.56895208       26.086554       10.563216   1.1778002e-13       3.7063982       1.2508757        1.2508757      -23.029579      -23.029579
              4      -11.388542       1.4120564       1.0504447       -12.92228      0.56835691       25.825955        11.23168   1.1959703e-13       3.7013224       1.2114712        1.2114712      -25.200026      -25.200026
              8      -11.934757       1.1288048      0.93838697      -12.942243      0.50990236       13.452556       8.6773471   1.1422403e-13       3.2352091       0.5495057        0.5495057      -24.968525      -24.968525
              3      -11.741259       1.1791206      0.85358582      -12.941571      0.57491104       15.104997       7.1381525    1.144008e-13       3.7576043      0.69087131       0.69087131       -24.86426       -24.86426
             16      -12.504867      0.94591065       1.0932261      -12.916985       0.6211201       8.8289824       12.394416   1.2106387e-13       4.1794593       0.1431055        0.1431055      -25.295944      -25.295944
              5        -12.2943      0.88798033       1.3244201       -12.87444      0.75123442       7.7264559       21.106689   1.3352416e-13       5.6394197      0.11153455       0.11153455      -24.811668      -24.811668
             13       -12.18228      0.89539031       1.3252763      -12.874406      0.74957133       7.8594165        21.14834   1.3353479e-13       5.6178654      0.11525952       0.11525952      -24.595079      -24.595079
              2      -11.905031      0.99424661       1.2014247      -12.896814       0.7583423       9.8683969        15.90101   1.2681939e-13       5.7324768      0.16957517       0.16957517      -24.149212      -24.149212
              2      -12.379278      0.96482879       1.2063168      -12.892585      0.73815452        9.222078       16.081139   1.2806049e-13       5.4721063      0.12865705       0.12865705      -25.015869      -25.015869
              3       -9.773998       1.0916642       1.2409495      -12.879803      0.65217504       12.349922       17.416042   1.3188547e-13       4.4892629      0.28098801       0.28098801      -20.109972      -20.109972
              5      -12.412409       1.0701662       1.2055908      -12.892299       0.6613885       11.753473       16.054279   1.2814489e-13        4.585519      0.25145426       0.25145426      -25.327727      -25.327727
              5      -12.400362       1.0648387       1.1975909      -12.892271      0.66765354       11.610172       15.761258   1.2815307e-13       4.6521482      0.24086104       0.24086104      -25.282446      -25.282446
             10      -12.377071       1.0652693       1.1978746      -12.892152      0.66669133       11.621689       15.771558   1.2818808e-13       4.6418524      0.24140785       0.24140785      -25.236957      -25.236957
              1      -12.160208       1.0315309       1.1232808      -12.906395      0.68818378       10.753031       13.282531   1.2405222e-13       4.8773484      0.20885723       0.20885723      -24.738131      -24.738131
             26      -11.776488       1.3107317       1.0386649      -12.919662      0.66520784       20.451809       10.931126   1.2031997e-13       4.6260236      0.85541228       0.85541228        -25.2638        -25.2638
             20      -11.470018       1.1153707       1.3480941      -12.892451      0.69133215       13.042797       22.289183   1.2810008e-13       4.9128347      0.40593999       0.40593999      -23.751916      -23.751916
              2      -7.9339588       1.0781608       1.3112926      -12.912115      0.69134665       11.971838       20.478237   1.2242928e-13       4.9129987      0.35173123       0.35173123       -16.57138       -16.57138
              9      -10.285946      0.33999149        1.387499      -12.861826      0.71229129       2.1877188       24.406133   1.3745925e-13       5.1557433      0.79391211       0.79391211      -22.159717      -22.159717
              1      -11.158406      0.35321257       1.2654945      -12.889074       0.7184307       2.2553429       18.428691   1.2909985e-13       5.2291452       0.7045269        0.7045269      -23.725866      -23.725866
              5       -9.896444      0.35132231       1.2525265       -12.88065      0.75400723       2.2455478       17.886546   1.3162846e-13       5.6755405      0.69940598       0.69940598        -21.1917        -21.1917
             38      -10.338767      0.24444924       1.2413951      -12.764338     0.026422072       1.7556957       17.433924   1.7205309e-13       1.0627279        1.689544         1.689544      -24.056623      -24.056623
             10      -8.9881732       0.2949911       1.3683652      -12.725816     0.061680329       1.9723823        23.35421   1.8801127e-13       1.1526045       1.6065081        1.6065081      -21.189363      -21.189363
             33      -8.5545073      0.29056337       1.3677473      -12.725484      0.05752857       1.9523756       23.321007   1.8815499e-13       1.1416384       1.6288534        1.6288534      -20.366721      -20.366721
             14      -8.4656079      0.29039278       1.3682844      -12.725279     0.057937314       1.9516088       23.349864   1.8824386e-13       1.1427134       1.6295232        1.6295232      -20.190262      -20.190262
             12      -8.5700698      0.58179917       1.9477634      -12.665833      0.38156981       3.8176769       88.667283   2.1585745e-13       2.4075195       1.7512575        1.7512575      -20.642655      -20.642655
              2      -8.9355199       0.8006028       1.7011373      -12.694411       0.2681124       6.3183372       50.250138   2.0211068e-13       1.8540114       1.0240471        1.0240471      -19.919134      -19.919134
              7      -9.1535385      0.79362733       1.6898429       -12.69952      0.28265073       6.2176651       48.960171   1.9974694e-13       1.9171263      0.96813236       0.96813236      -20.243342      -20.243342
             12      -10.407889      0.73943126       1.7079559      -12.705588      0.26227397       5.4882168       51.045311   1.9697563e-13       1.8292538        1.027145         1.027145      -22.870067      -22.870067
             18      -10.188197      0.78871895        1.705616      -12.696158      0.23829676       6.1477889       50.771032   2.0129931e-13       1.7309988       1.0689889        1.0689889      -22.514372      -22.514372
             16      -9.9051751       1.0823348       1.6454429      -12.699427     0.084467613       12.087453       44.202103   1.9978956e-13        1.214696       1.4186911        1.4186911      -22.647733      -22.647733
              4      -10.429325      0.98634451       1.2551308      -12.867698      0.35665085       9.6904626       17.994128   1.3561332e-13       2.2732691      0.28501525       0.28501525       -21.42868       -21.42868
             11      -11.563381      0.71665069       1.5213333      -12.830223      0.54617233       5.2077567       33.214928   1.4783501e-13       3.5169997      0.30863081       0.30863081      -23.744024      -23.744024
             52      -11.192169      0.68668504       1.5435291       -12.82301      0.55348975       4.8605458       34.956594   1.5031081e-13       3.5767596      0.35671323       0.35671323      -23.097764      -23.097764
              2       -10.92323      0.70269019       1.5799508      -12.811453      0.53168401       5.0430141       38.014631   1.5436448e-13        3.401606      0.41163243       0.41163243      -22.669725      -22.669725
              7      -10.048309      0.73892516       1.6683561      -12.787937      0.46872736        5.481825       46.596798   1.6295327e-13       2.9425738      0.59326952       0.59326952      -21.283156      -21.283156
              1      -10.697876      0.70558828       1.3032386      -12.837633      0.26498484       5.0767792        20.10197   1.4533379e-13       1.8407078      0.33833209       0.33833209      -22.072417      -22.072417
             14      -9.8442511      0.20376587       1.3168996      -12.884662        0.487394       1.5986959        20.74434   1.3041803e-13       3.0718075       1.2578785        1.2578785      -22.204259      -22.204259
              5      -8.8183145      0.63763276       1.1640452      -12.858714       0.2280609       4.3414296       14.589662   1.3844789e-13        1.690678      0.40398923       0.40398923      -18.444607      -18.444607
             11      -10.556038      0.88327525       1.2959269       -12.86092      0.37402922       7.6432005       19.766369   1.3774643e-13       2.3660789      0.20609793       0.20609793      -21.524272      -21.524272
              8      -12.050939      0.94417448       1.1807519      -12.903229      0.49542952       8.7937575       15.161841      1.2496e-13       3.1291726      0.16329791       0.16329791      -24.428474      -24.428474
              9      -12.262511      0.97870389       1.2593271      -12.879784      0.48027018       9.5214675       18.168837   1.3189115e-13       3.0218311      0.19293767       0.19293767      -24.910897      -24.910897
              6       -12.28992      0.94954465       1.1655844      -12.890315      0.42758506       8.9031697       14.641462   1.2873143e-13       2.6766098      0.18826476       0.18826476       -24.95637       -24.95637
             17      -11.933289      0.92520124       1.2023855      -12.880392      0.48886164        8.417851       15.936227   1.3170681e-13       3.0822058      0.12150504       0.12150504      -24.109588      -24.109588
             12      -12.099469      0.56182685       1.4034206      -12.861658      0.60482592       3.6460855       25.317489   1.3751231e-13       4.0255564      0.32923619       0.32923619      -24.857411      -24.857411
              4      -11.735999      0.44788654       1.3057899      -12.884482      0.54153199       2.8047008       20.220406   1.3047206e-13       3.4796214      0.50747675       0.50747675      -24.486951      -24.486951
              4      -12.017462      0.44658835       1.3058301      -12.882157        0.576083       2.7963296       20.222277   1.3117254e-13        3.767758      0.49484307       0.49484307       -25.02461       -25.02461
              7       -12.14662      0.44551324       1.2932846      -12.882465      0.57153665       2.7894157       19.646475    1.310795e-13       3.7285215      0.49132085       0.49132085      -25.275882      -25.275882
              2      -11.920915      0.45265044       1.3131057      -12.879069      0.54430382       2.8356357       20.563909   1.3210859e-13       3.5019006      0.49332415       0.49332415      -24.828478      -24.828478
              3        -12.0557       1.1267827       1.1764462      -12.896557      0.42975393       13.390065       15.012265   1.2689456e-13       2.6900102       0.4420075        0.4420075      -24.995415      -24.995415
              5      -11.309251      0.67403247       1.3388789      -12.883717      0.59549199       4.7209834       21.821212   1.3070217e-13       3.9399616      0.17009571       0.17009571      -22.958694      -22.958694
              6      -12.435969      0.70137643       1.3435166      -12.876261      0.72637425       5.0277819       22.055483   1.3296538e-13         5.32567      0.14043175       0.14043175      -25.152802      -25.152802
              3      -11.020776      0.73965372       1.4744021      -12.841644      0.57344172       5.4910287       29.812752   1.4399776e-13       3.7449129      0.22974995       0.22974995      -22.501052      -22.501052
              9      -11.731489      0.73941026       1.4828584      -12.843532       0.5706436       5.4879515       30.398938    1.433733e-13       3.7208623      0.24193061       0.24193061      -23.946839      -23.946839
              2      -11.273909        1.155599        1.383344      -12.838524      0.34617806       14.308661       24.173751   1.4503591e-13       2.2191061      0.62937741       0.62937741      -23.806573      -23.806573
              3      -11.245202       1.1547109       1.3836187      -12.838135      0.34591605       14.279432       24.189042   1.4516604e-13       2.2177677      0.62792648       0.62792648      -23.746258      -23.746258
              1       -10.85581       1.5079906        1.088154      -12.836674       1.0504854       32.209992       12.250506   1.4565533e-13       11.232732        1.691061         1.691061      -25.093743      -25.093743
             21      -10.796881       1.4415297       1.0796161      -12.853244       1.0893742       27.639472       12.012023   1.4020247e-13       12.284972       1.4844031        1.4844031      -24.562569      -24.562569
             18       -11.43453       1.2776104       1.0750839      -12.848901       1.1136518       18.950052       11.887317   1.4161151e-13       12.991276      0.97317141       0.97317141      -24.815402      -24.815402
              5      -11.245373      0.69415869       1.3505837      -12.827673      0.31372154       4.9449134       22.417319   1.4870558e-13       2.0593091      0.31767417       0.31767417      -23.126094      -23.126094
              4       -10.24787      0.94086291       1.1012555      -12.893704      0.22650632       8.7269585         12.6257   1.2773081e-13       1.6846369      0.40679258       0.40679258      -21.309326      -21.309326
              5      -11.439967      0.98557845       1.0989922      -12.903516      0.29633908       9.6733844       12.560073   1.2487756e-13       1.9785138      0.37309269       0.37309269      -23.626119      -23.626119
              8       -11.90742      0.98817532       1.0869964      -12.908016      0.23840331          9.7314       12.217897   1.2359006e-13       1.7314235      0.46119404       0.46119404      -24.737229      -24.737229
              2      -11.210123      0.99212864       1.1463336      -12.877027       0.1557553       9.8203879       14.006627   1.3273132e-13       1.4313812      0.54097076       0.54097076      -23.502187      -23.502187
             14      -11.922009       0.8487442       1.2699777      -12.851445      0.29878086       7.0590165       18.619913   1.4078453e-13       1.9896691       0.2541723        0.2541723      -24.352363      -24.352363
              4      -11.891085      0.82095756        1.264551      -12.849291       0.2497689       6.6215179       18.388699   1.4148445e-13       1.7773334      0.30886974       0.30886974      -24.399909      -24.399909
             18      -12.329987      0.81900384       1.1981752      -12.888127      0.60948079       6.5917973       15.782477   1.2938177e-13       4.0689353     0.045597996      0.045597996      -24.751171      -24.751171
              3      -12.384192      0.80393365        1.204589      -12.887016      0.62092342       6.3669824        16.01729   1.2971322e-13       4.1775669     0.043705724      0.043705724      -24.855796      -24.855796
              6      -12.285387       0.8004918       1.2030679      -12.887972      0.62268984       6.3167226       15.961288   1.2942791e-13       4.1945931     0.044625361      0.044625361      -24.660024      -24.660024
              6      -12.197576      0.83626234       1.1274362      -12.895238      0.62276613       6.8590243       13.410228   1.2728047e-13         4.19533      0.04625435       0.04625435       -24.48766       -24.48766
              7      -11.914003      0.82652117       1.0459923      -12.911856      0.59354141       6.7068898       11.117121   1.2250224e-13       3.9223054     0.091578352      0.091578352      -24.011163      -24.011163
              8      -11.230471      0.80540634       1.0567882      -12.910079      0.58670268       6.3886094        11.39694   1.2300447e-13       3.8610256     0.086439941      0.086439941      -22.633822      -22.633822
              2      -12.022387      0.81381512       1.0542275      -12.910046      0.57737173       6.5135106       11.329938    1.230138e-13       3.7789551     0.089479495      0.089479495      -24.223733      -24.223733
             15       -11.67941      0.82028506       1.0576059      -12.907664      0.58367991       6.6112725       11.418417   1.2369044e-13       3.8342454     0.082377072      0.082377072      -23.523574      -23.523574
             19      -11.679496      0.82022674       1.0580103      -12.907635      0.58345441       6.6103847       11.429055   1.2369866e-13       3.8322551     0.082290973      0.082290973      -23.523574      -23.523574
              7      -11.629746      0.81694162       1.0582918      -12.907408      0.59050577       6.5605708       11.436464   1.2376331e-13       3.8949849     0.079776026      0.079776026      -23.419043      -23.419043
              6      -10.963861      0.80699387       1.0543374      -12.907705      0.58832809       6.4120052       11.332805   1.2367872e-13       3.8755031     0.081738816      0.081738816      -22.091199      -22.091199
             28      -9.4343603      0.85841291      0.90104163      -12.940126      0.40328442        7.217934       7.9623568   1.1478202e-13        2.530955      0.34431166       0.34431166      -19.557344      -19.557344
             23       -9.514156        1.196899      0.50658971      -13.051489     0.037691059       15.736167       3.2106259   8.8820147e-14       1.0906642       2.3404684        2.3404684      -23.709249      -23.709249
              5      -10.894481      0.47687963      0.66237006       -13.02015      0.30237133       2.9983314       4.5958946   9.5466337e-14       2.0061866       1.3539554        1.3539554      -24.496874      -24.496874
              2      -10.688006      0.38365307      0.61565638      -13.046872      0.39598773       2.4190958       4.1272082   8.9769274e-14        2.488787       1.6822769        1.6822769      -24.740566      -24.740566
              8      -9.5711551      0.44245051      0.73258721      -13.021664      0.50996519       2.7698134       5.4024058   9.5134145e-14       3.2356772       1.1553339        1.1553339      -21.452978      -21.452978
              1      -9.5365862    -0.048842544       1.2790913      -12.862654       0.3399079      0.89362941        19.01478   1.3719731e-13       2.1872977        2.450981         2.450981      -23.975134      -23.975134
              8      -9.8708128    -0.051945787       1.2843972      -12.861637      0.33639507      0.88726676       19.248515   1.3751897e-13       2.1696769       2.4729306        2.4729306      -24.687487      -24.687487
             28      -9.9541154    -0.055634712       1.2839024      -12.865825      0.33150547      0.87976218       19.226594    1.361992e-13       2.1453861       2.5011472        2.5011472      -24.910525      -24.910525
              4      -8.5945973     -0.20985779       1.4085522      -12.869706      0.78632268      0.61679694       25.618411   1.3498779e-13       6.1139612       3.3202066        3.3202066      -23.829608      -23.829608
              4      -8.7772936     -0.23228152       1.4094345      -12.872415      0.73408265      0.58575834       25.670513   1.3414817e-13       5.4210404       3.4482593        3.4482593      -24.451106      -24.451106
              7      -8.7159645    -0.010614813       1.3926782      -12.891376       0.7346089      0.97585477       24.698935   1.2841749e-13       5.4276134       2.2089348        2.2089348      -21.849799      -21.849799
              2      -8.9809295    -0.080533993       1.4256413      -12.895701      0.98377469      0.83074169       26.646569   1.2714502e-13       9.6332913       2.7657698        2.7657698      -23.493399      -23.493399
              5      -8.8833998   0.00098515054       1.5875194      -12.865765      0.88733202        1.002271       38.682933   1.3621818e-13       7.7149305       2.4371686        2.4371686      -22.641137      -22.641137
              1        -8.82797    -0.051307107       1.5213023      -12.861897      0.78798764      0.88857255       33.212556   1.3743669e-13       6.1374454       2.5442696        2.5442696      -22.744479      -22.744479
              2      -11.654823      0.57235384       1.0019869      -12.921817      0.90852792       3.7355438       10.045856    1.197244e-13       8.1008002       0.3847939        0.3847939      -24.079233      -24.079233
             10      -10.738871      0.57865782       1.0366884      -12.928093      0.89581662       3.7901624        10.88149   1.1800684e-13       7.8671353      0.36908597       0.36908597      -22.215913      -22.215913
             18      -11.947314      0.87624883       1.0902044      -12.891935      0.79368982       7.5205366       12.308479   1.2825213e-13       6.2185599     0.075717372      0.075717372      -24.046062      -24.046062
             23      -12.144244       0.9083689       1.1456564      -12.879265      0.73119914       8.0978346       13.984805   1.3204911e-13       5.3851665     0.053291685      0.053291685      -24.395072      -24.395072
             35      -12.372099      0.90113379       1.1464501      -12.879039      0.73534414       7.9640465       14.010386   1.3211775e-13       5.4368097     0.049850937      0.049850937        -24.8439        -24.8439
             15      -12.056053      0.87784358       1.1647273       -12.87751      0.71202261       7.5482032       14.612594   1.3258375e-13       5.1525547      0.03480318       0.03480318      -24.181713      -24.181713
              2      -7.9247525      0.83746887       1.2009482      -12.866955      0.75971051        6.878106       15.883573   1.3584537e-13       5.7505649     0.029720566      0.029720566      -15.908946      -15.908946
             14      -9.7057968      0.83286325       1.1304453      -12.897397      0.78999634       6.8055503       13.503467   1.2664942e-13       6.1658981     0.070507961      0.070507961       -19.55261       -19.55261
              6      -11.915901      0.84114211       1.0601766      -12.914549      0.67587034       6.9365274       11.486205   1.2174492e-13       4.7410042     0.087117142      0.087117142      -24.006036      -24.006036
             10      -10.108293       1.0447138       1.3096912      -12.870419      0.60498559       11.084441       20.402868   1.3476624e-13       4.0270367      0.23925989       0.23925989      -20.695106      -20.695106
              4      -11.920867       0.9524308       1.0595829      -12.877118      0.82032623       8.9625338       11.470516    1.327034e-13       6.6118993      0.11897994       0.11897994      -24.079694      -24.079694
              3      -11.750846      0.98936489      0.99500821      -12.889118      0.77913777       9.7580916       9.8857178   1.2908672e-13       6.0136447      0.17448425       0.17448425      -23.850661      -23.850661
             23      -10.295889      0.79167501        1.094814      -12.873429      0.80386286       6.1897772       12.439817   1.3383534e-13       6.3659447     0.042238741      0.042238741      -20.676256      -20.676256
              2       -11.84631      0.87688977      0.99953215      -12.890213      0.75926135       7.5316437       9.9892332   1.2876179e-13       5.7446206     0.084713969      0.084713969      -23.862049      -23.862049
             19       -12.19435      0.96605019       1.0489695      -12.898882      0.73256381       9.2480504       11.193593   1.2621712e-13       5.4021148      0.13552878       0.13552878      -24.659757      -24.659757
              1      -12.308799      0.96226896       1.0542676      -12.895503      0.72592718       9.1678809       11.330983   1.2720277e-13       5.3201904      0.12359139       0.12359139      -24.864781      -24.864781
              5      -12.171034      0.78539283      0.92942384      -12.945077       0.5336696       6.1008848       8.5000962   1.1348097e-13       3.4171937      0.24886845       0.24886845      -24.839805      -24.839805
             17      -12.130358      0.78439854      0.95189202      -12.939849      0.47409576       6.0869332       8.9514218   1.1485519e-13       2.9791732      0.25217375       0.25217375      -24.765063      -24.765063
             27      -12.055571      0.77156941      0.94664454      -12.939969      0.45813103        5.909754       8.8439146   1.1482366e-13       2.8716469      0.26863308       0.26863308      -24.648408      -24.648408
              1      -11.995641      0.77282428      0.95040303      -12.938666      0.46360461       5.9268547       8.9207841   1.1516858e-13       2.9080684      0.25885808       0.25885808      -24.508998      -24.508998
             13      -11.769553      0.83878758      0.99896115      -12.926929      0.44696178       6.8990228       9.9761081   1.1832347e-13        2.798735      0.21357104       0.21357104      -23.966248      -23.966248
              5      -12.131073       0.5946452       1.0739482      -12.922631      0.50806968        3.932287       11.856274   1.1950039e-13       3.2215856      0.28288764       0.28288764      -24.827921      -24.827921
              2      -12.011568      0.59954492       1.0735221      -12.922843      0.50795084       3.9769022       11.844647   1.1944191e-13       3.2207042      0.27718158       0.27718158      -24.577499      -24.577499
              1      -11.073062      0.65983386       1.2115334      -12.903129      0.64906214       4.5691336       16.275467    1.249889e-13       4.4572002      0.13881116       0.13881116      -22.423747      -22.423747
             19      -12.004618      0.68589116       1.1412325      -12.907829      0.72949877       4.8516689       13.843073    1.236435e-13       5.3641235      0.11829382       0.11829382      -24.245823      -24.245823
             16      -12.429306        0.702252       1.1672065      -12.903443      0.68544935       5.0379285       14.696249   1.2489854e-13       4.8467358     0.095553555      0.095553555       -25.04972       -25.04972
             35       -12.52818      0.72407845       1.1722964      -12.901355      0.67292138       5.2975914         14.8695   1.2550047e-13       4.7089208     0.079161431      0.079161431      -25.214683      -25.214683
              2      -12.421766      0.88090703        1.100169      -12.875925      0.79138217       7.6016353       12.594154   1.3306839e-13       6.1856049     0.053146579      0.053146579      -24.949825      -24.949825
              5      -12.105079      0.86220049       1.1084342      -12.873745      0.77841623       7.2811586       12.836134   1.3373818e-13        6.003662     0.038288826      0.038288826      -24.286736      -24.286736
              3      -11.837237      0.84075652      0.99294312      -12.876654      0.77123253       6.9303716       9.8388224   1.3284521e-13       5.9051717      0.06185756       0.06185756      -23.798189      -23.798189
              3      -10.434576      0.74054972      0.91179214      -12.892774      0.80997832       5.5023691       8.1619164   1.2800466e-13       6.4562199      0.15973889       0.15973889      -21.188629      -21.188629
              7      -11.834856      0.71478551      0.98875016      -12.891752      0.86481564       5.1854388        9.744289   1.2830627e-13       7.3251352      0.15623055       0.15623055      -23.982173      -23.982173
             11      -10.638978      0.71439329      0.94567304      -12.901957      0.84902656       5.1807578       8.8241532   1.2532651e-13       7.0636075      0.18707643       0.18707643      -21.652108      -21.652108
              9      -11.012566       0.7615696      0.90739959      -12.890105      0.85474113       5.7752342       8.0797811   1.2879376e-13       7.1571666      0.17500314       0.17500314      -22.375138      -22.375138
              6      -11.976775      0.89508845       1.0605571      -12.898764      0.68764851       7.8539558       11.496275    1.262512e-13       4.8713407     0.075253729      0.075253729      -24.104057      -24.104057
             10      -11.490017      0.90536401       1.0384004      -12.895748      0.69144737       8.0419988       10.924471   1.2713101e-13       4.9141382     0.081255704      0.081255704      -23.142545      -23.142545
              4      -12.470553      0.90367044       1.0358858      -12.893356      0.72377481       8.0106994       10.861401   1.2783328e-13       5.2938887     0.081207044      0.081207044      -25.103519      -25.103519
             17      -9.8785901    -0.026995311       1.1008929      -12.932456      0.41388099      0.93973346       12.615163   1.1682708e-13       2.5934686       2.3480371        2.3480371      -24.453255      -24.453255
             18      -9.6514101      0.36876723      0.92168152      -12.933857      0.32178219        2.337584       8.3499047   1.1645103e-13       2.0978875      0.97783628       0.97783628      -21.258493      -21.258493
              2      -11.516077       0.3551292      0.94336903      -12.923959      0.27621443       2.2653181       8.7774635    1.191354e-13       1.8889238       1.0308332        1.0308332       -25.09382       -25.09382
             21      -11.403493      0.35081178      0.94133358       -12.92563      0.30243365       2.2429096       8.7364216   1.1867792e-13       2.0064745       1.0157483        1.0157483      -24.838482      -24.838482
              7      -11.470799      0.36752019      0.93965569      -12.924122      0.27949539       2.3308815       8.7027336   1.1909088e-13        1.903248      0.99566674       0.99566674      -24.932932      -24.932932
              6       -11.13453      0.69732765        1.240568      -12.879372      0.82177937       4.9811274       17.400753   1.3201639e-13       6.6340597      0.11947704       0.11947704      -22.508015      -22.508015
              1      -10.693145      0.35472374       1.1920871      -12.912962      0.64693493       2.2632042       15.562776   1.2219056e-13       4.4354218      0.71323223       0.71323223      -22.812754      -22.812754
              1      -11.378557      0.35102957       1.1687167      -12.911657      0.64576722       2.2440347       14.747442   1.2255839e-13       4.4235121      0.71601694       0.71601694      -24.189148      -24.189148
              6      -11.415626      0.36017645       1.1676633      -12.914355      0.65151456       2.2917986       14.711716   1.2179943e-13       4.4824408      0.69600607       0.69600607      -24.223265      -24.223265
              6      -8.5086037      0.23057839        1.598219      -12.881609       0.9408051       1.7005069       39.647795   1.3133811e-13       8.7257969        1.551188         1.551188      -20.119583      -20.119583
             14      -9.7807253      0.25373585       1.5997708      -12.885567      0.90871502       1.7936424       39.789713   1.3014672e-13       8.1042909       1.4528741        1.4528741      -22.467199      -22.467199
              4      -9.6785183      0.12824931        1.370623      -12.925461        1.070644        1.343536       23.475941   1.1872427e-13       11.766411       1.8827206        1.8827206      -23.122478      -23.122478
              7      -9.6626468      0.12470501       1.3719162      -12.925279       1.0710504        1.332616       23.545948     1.18774e-13       11.777427       1.8985921        1.8985921      -23.122478      -23.122478
              2      -9.8687626      0.11464989      0.92564287      -12.828061       1.4239389       1.3021166       8.4264154   1.4857277e-13       26.542322       2.4422653        2.4422653      -24.622056      -24.622056
             44      -12.043938      0.92792691       1.0363994       -12.76909         1.18939       8.4708483       10.874251   1.7018048e-13       15.466425      0.51461185       0.51461185        -25.1171        -25.1171
             26      -11.896181      0.91832953       1.0495108      -12.769212        1.165389       8.2857063       11.207552   1.7013297e-13       14.634875      0.46466327       0.46466327      -24.721689      -24.721689
             20      -11.726918      0.90118114       1.0179564      -12.773283       1.1709727        7.964915       10.422129   1.6854525e-13       14.824251      0.46773294       0.46773294      -24.389303      -24.389303
             19      -11.943898      0.89164911       1.0244551      -12.771083       1.1826911       7.7920029       10.579254   1.6940128e-13       15.229692      0.48276371       0.48276371      -24.853324      -24.853324
             10      -10.162959      0.82926351      0.99108215      -12.783386       1.1335824       6.7493742       9.7967527   1.6466975e-13       13.601363      0.38475527       0.38475527      -21.095429      -21.095429
             13       -9.708708      0.84487989       1.0256479      -12.788349       1.1311532       6.9964847       10.608351   1.6279871e-13       13.525495      0.36556992       0.36556992      -20.148556      -20.148556
              5      -11.829796      0.85151952       1.0370772      -12.807183       1.2634265        7.104271       10.891237   1.5588947e-13       18.341147      0.57916192       0.57916192      -24.817915      -24.817915
              1      -10.701976      0.85217922       1.0240774       -12.81075        1.255582       7.1150707       10.570059   1.5461425e-13       18.012833      0.56690316       0.56690316      -22.537758      -22.537758
              2      -10.927056      0.90628197      0.99776012      -12.809483       1.3007923       8.0590151       9.9485576    1.550662e-13       19.989059      0.68933839       0.68933839      -23.232789      -23.232789
             29      -11.723714       1.1284977       1.0496078      -12.799892       1.1648517       13.443047       11.210057   1.5852882e-13       14.616779      0.70397926       0.70397926      -24.855386      -24.855386
              1      -11.925994      0.52597636       1.2937796      -12.881395      0.96861967       3.3571934       19.668877   1.3140284e-13       9.3029283      0.46400611       0.46400611          -24.78          -24.78
              6      -11.898143      0.52401101       1.2937067      -12.881261      0.96960745       3.3420352       19.665577    1.314434e-13       9.3241114      0.46814687       0.46814687       -24.73258       -24.73258
              1      -12.095737      0.46275903       1.2850361      -12.896651      0.88254341       2.9024118       19.276854   1.2686712e-13       7.6303316      0.53121374       0.53121374      -25.253901      -25.253901
             10       -10.64054      0.35501864       1.3854382      -12.917092       0.9618488       2.2647415       24.290596   1.2103408e-13       9.1590156      0.97283876       0.97283876      -23.226758      -23.226758
             11      -10.743576       0.3408353        1.390575      -12.915591       0.9618239       2.1919735        24.57961   1.2145316e-13       9.1584906       1.0139397        1.0139397      -23.515032      -23.515032
              7      -10.781802      0.32433246       1.2073939      -12.867685       1.0766605        2.110243       16.121072   1.3561734e-13        11.93055       1.0040729        1.0040729      -23.571749      -23.571749
              3      -10.452753      0.33100008       1.2134092      -12.866144       1.0783972        2.142891       16.345915   1.3609938e-13       11.978356      0.98720945       0.98720945      -22.879924      -22.879924
             20      -11.862274      0.35398529       1.2817492      -12.895347       0.8606291       2.2593592       19.131509   1.2724854e-13        7.254861      0.77733308       0.77733308      -25.279214      -25.279214
              1      -11.755948      0.34705657       1.2034598      -12.896378      0.77682799       2.2235995       15.975698   1.2694678e-13       5.9817463       0.7244591        0.7244591      -24.960814      -24.960814
              2      -10.897029      0.32539716       1.1776486      -12.898224      0.79853289       2.1154227       15.053887   1.2640833e-13       6.2882948      0.79208295       0.79208295      -23.378224      -23.378224
              6      -11.086427      0.34875364       1.1066939       -12.91504      0.71133009       2.2323056       12.784799   1.2160739e-13        5.144345      0.72819533       0.72819533      -23.629246      -23.629246
              1      -10.462781      0.58557539      0.89180228      -12.940435      0.83231383       3.8510166       7.7947516   1.1470036e-13       6.7969461      0.42924017       0.42924017      -21.784042      -21.784042
              7      -11.418409      0.58597993      0.84720591      -12.948322      0.76454082       3.8546054       7.0340574   1.1263632e-13       5.8148809      0.46097876       0.46097876      -23.758775      -23.758775
             11      -11.249508      0.50192004      0.95926305      -12.950111      0.59960638       3.1762892       9.1046458   1.1217305e-13       3.9774651      0.51061203       0.51061203       -23.52024       -23.52024
             31      -11.734609      0.70541854       1.0332451      -12.872547      0.88873572       5.0747954       10.795557   1.3410754e-13       7.7399066      0.13505537       0.13505537      -23.739328      -23.739328
              6      -11.361751      0.69507516      0.97858412      -12.878873      0.89172653       4.9553595        9.518842   1.3216826e-13       7.7933922      0.17342084       0.17342084      -23.070345      -23.070345
              2      -10.886793      0.44291884       1.0502896      -12.872896       1.0429946       2.7728019       11.227669   1.3399989e-13       11.040648       0.6561322        0.6561322      -23.085851      -23.085851
             10      -11.542465      0.46564451       1.0424523      -12.854215       1.1100269       2.9217598       11.026871   1.3988953e-13       12.883292      0.68091348       0.68091348      -24.446757      -24.446757
              7      -11.412457      0.42982821        1.025141      -12.857451       1.1027162       2.6904704       10.595977   1.3885093e-13       12.668238      0.75669972       0.75669972      -24.338313      -24.338313
              1      -9.6034875      0.41919463       1.0083832      -12.865046       1.0956897       2.6253949       10.194904   1.3644401e-13       12.464927      0.78429387       0.78429387      -20.775563      -20.775563
             12      -10.049056      0.40666141      0.95946016       -12.87326       1.1544311       2.5507119       9.1087788   1.3388763e-13       14.270233      0.93353188       0.93353188      -21.965177      -21.965177
              2      -8.7871976     -0.11319595      0.77217599      -12.992373      0.40876252      0.77055573        5.918014   1.0177165e-13       2.5630821       3.2167901        3.2167901      -24.007975      -24.007975
             12      -9.3457927       0.1311232      0.52090967       -13.08303      0.38260307       1.3524562       3.3182543   8.2598083e-14       2.4132542       2.9270932        2.9270932      -24.545772      -24.545772
             15      -9.6720918    -0.022282646      0.85354433      -12.948964      0.70112583      0.94998633       7.1374705   1.1246973e-13       5.0248816       2.3889159        2.3889159      -24.122015      -24.122015
              1      -10.145791    -0.003414933       1.2257279      -12.893009      0.77194731      0.99216766       16.816202   1.2793543e-13       5.9148987       2.0782302        2.0782302      -24.448042      -24.448042
             15      -9.5222041    0.0050295735       1.2348517       -12.88981       0.6704817       1.0116483       17.173218   1.2888129e-13       4.6825422       2.0176028        2.0176028      -23.079614      -23.079614
             16      -11.318688      0.20392059       1.0883974      -12.890275        1.019865       1.5992656       12.257372    1.287434e-13        10.46803       1.3499811        1.3499811      -25.337339      -25.337339
             11      -10.044209     0.099994859        1.012365      -12.854904        1.117217       1.2589105       10.288807   1.3966765e-13       13.098362       1.8687416        1.8687416      -23.825902      -23.825902
             28      -10.032581      0.10075807       1.0122932      -12.855567       1.1167116       1.2611248       10.287105   1.3945454e-13       13.083127       1.8652352        1.8652352      -23.795633      -23.795633
              7      -11.785799       0.3592703       1.0961318      -12.909304      0.80461391       2.2870218       12.477622   1.2322426e-13       6.3769632      0.71519701       0.71519701      -25.001992      -25.001992
             11      -11.624477      0.38787044       1.0109476      -12.921929      0.78236521       2.4427017       10.255281   1.1969359e-13       6.0585014      0.67760783       0.67760783       -24.60417       -24.60417
             29      -11.563958      0.30003698       1.0710927      -12.888622       1.0227856       1.9954322       11.778573   1.2923431e-13       10.538666        1.028472         1.028472      -25.184861      -25.184861
              7      -11.070876      0.28969891       1.0610074      -12.892564       1.0234028       1.9484933       11.508199   1.2806659e-13       10.553652       1.0695382        1.0695382      -24.280828      -24.280828
              2      -10.759479      0.29494255       1.0698965      -12.891474       1.0290383       1.9721618       11.746177   1.2838854e-13       10.691493       1.0562262        1.0562262      -23.631411      -23.631411
              1      -10.444197      0.32170403       1.0649785      -12.889748       1.0458126         2.09751        11.61391   1.2889987e-13       11.112521      0.99326725       0.99326725      -22.874929      -22.874929
              8      -10.545871      0.31405733       1.0370838      -12.896362         1.04389       2.0609019       10.891403   1.2695154e-13       11.063434       1.0311888        1.0311888       -23.15412       -23.15412
              7      -11.719945        0.324121       1.0601307      -12.892001       1.0391333       2.1092157       11.484992   1.2823265e-13       10.942923      0.98253214       0.98253214      -25.404955      -25.404955
              3      -11.611218      0.50659385       1.3166539       -12.91473       0.9754253       3.2106565       20.732607   1.2169437e-13       9.4498584      0.57822561       0.57822561      -24.378888      -24.378888
             25      -9.6673689     0.057016081       1.4503309       -12.89827      0.98741398        1.140292       28.205312   1.2639513e-13       9.7143552       2.1169013        2.1169013      -23.568541      -23.568541
              3      -9.5423412     0.050899737       1.4361394      -12.901957       0.9929476       1.1243454       27.298542    1.253266e-13       9.8389239       2.1416087        2.1416087        -23.3679        -23.3679
              1      -10.111549      0.32496468        1.084902      -12.937693      0.38039749       2.1133172       12.159117   1.1542701e-13       2.4010295      0.98463165       0.98463165      -22.192361      -22.192361
             17      -8.5651311      0.81390836       1.3753461      -12.874408      0.79929357       6.5149091       23.732644   1.3353392e-13       6.2993186      0.15051798       0.15051798      -17.431298      -17.431298
             22      -12.180232      0.85846126       1.3050489      -12.886776       0.8154964       7.2187376       20.185936   1.2978471e-13       6.5387751      0.12815198       0.12815198      -24.616768      -24.616768
              9      -12.317885        0.673724       1.1400531      -12.899771      0.87302597       4.7176313       13.805532   1.2595881e-13        7.464934      0.17490968       0.17490968      -24.985589      -24.985589
             33      -11.472723      0.70309857       1.4857903      -12.828605       0.5724194       5.0477585       30.604851   1.4838659e-13       3.7361078      0.26071215       0.26071215       -23.46687       -23.46687
              2      -11.436528      0.74807173       1.3620377      -12.850873      0.42820785       5.5985006       23.016417   1.4097007e-13       2.6804509      0.19512223       0.19512223        -23.2633        -23.2633
             13      -11.138939      0.74237639       1.4537193       -12.81876      0.34738614       5.5255611       28.426231   1.5178876e-13       2.2252876       0.3537767        0.3537767      -22.985431      -22.985431
             18      -10.924713      0.74141334       1.5700629      -12.806692      0.57321042       5.5133217       37.158909   1.5606605e-13       3.7429189      0.36157773       0.36157773      -22.572582      -22.572582
             27      -12.055833      0.87112721       1.3938796       -12.85004      0.51828105       7.4323681       24.767353   1.4124072e-13       3.2982309      0.16467188       0.16467188      -24.441009      -24.441009
              3      -11.462047      0.91547328       1.3776115       -12.85349      0.51744992       8.2313918        23.85676    1.401233e-13       3.2919249      0.17453958       0.17453958      -23.273172      -23.273172
             13       -11.83763      0.84007048        1.318225       -12.86573      0.55721318       6.9194325       20.807746   1.3622922e-13       3.6075569     0.091080625      0.091080625      -23.857421      -23.857421
              2      -11.374248      0.56853833      0.87245628      -12.974802      0.51554634       3.7028689       7.4551482   1.0597377e-13       3.2775275       0.5721978        0.5721978      -23.892891      -23.892891
             21       -11.37357      0.58371377      0.87044896       -12.97486      0.46273541       3.8345444       7.4207698   1.0595962e-13       2.9022539       0.5832825        0.5832825      -23.913705      -23.913705
              6      -11.382832      0.58332953      0.87126176      -12.974722      0.46262975       3.8311533        7.434671   1.0599316e-13       2.9015479      0.58268996       0.58268996      -23.931045      -23.931045
             39      -11.482345       1.1923841       1.3481405      -12.847381      0.33773281       15.573423       22.291561     1.42108e-13       2.1763704      0.69323375       0.69323375      -24.351158      -24.351158
             27      -12.437615      0.91407963       1.3010617       -12.85933      0.42636182       8.2050197       20.001462   1.3825159e-13       2.6690814      0.17864355       0.17864355      -25.232517      -25.232517
              2      -11.427467       0.8748562        1.299193      -12.858458      0.40641863       7.4964596       19.915581   1.3852945e-13       2.5492864      0.17331364       0.17331364      -23.201562      -23.201562
              3      -12.252236      0.52949142       1.1475624      -12.920874      0.66682122       3.3844759       14.046316   1.1998481e-13       4.6432409      0.33279216       0.33279216      -25.170056      -25.170056
              5      -12.399042      0.63820546       1.1098372      -12.909369      0.78547567       4.3471583       12.877666   1.2320573e-13       6.1020487      0.18012215       0.18012215      -25.158329      -25.158329
             39      -12.414962      0.62957827       1.1125582      -12.909124      0.78943883       4.2616548       12.958605   1.2327523e-13       6.1579879      0.19031556       0.19031556      -25.210555      -25.210555
              9      -11.710497      0.75376817      0.92703812      -12.921509      0.72951327       5.6724173       8.4535304   1.1980937e-13       5.3643026      0.17405888       0.17405888      -23.769113      -23.769113
              7      -11.656326      0.72500485      0.99673809      -12.934479      0.58557272       5.3089038       9.9251731   1.1628429e-13       3.8509929      0.18533314       0.18533314      -23.683318      -23.683318
              8      -11.490371      0.70990113      0.94514717      -12.946341      0.59128083       5.1274465       8.8134748   1.1315118e-13       3.9019422       0.2517832        0.2517832      -23.484309      -23.484309
              1      -11.698873      0.67309412      0.76790055       -13.01511      0.43805467       4.7107941       5.8600396   9.6580716e-14       2.7419193      0.77232859       0.77232859      -24.942404      -24.942404
             10      -8.9026746      0.29604259      0.57170062      -13.043052      0.61619851       1.9771635       3.7299295   9.0562355e-14       4.1323635       1.8753637        1.8753637      -21.556077      -21.556077
             11      -10.630013      0.41630176      0.65683336      -13.018235      0.68531157        2.607965       4.5376748   9.5888238e-14       4.8451985       1.2704793        1.2704793      -23.800984      -23.800984
              8      -10.462768      0.70428551      0.98072382      -12.921721      0.69485113       5.0615731       9.5658556   1.1975098e-13       4.9528039      0.16329255       0.16329255      -21.252122      -21.252122
              1       -12.23229       0.6050229       1.0496458      -12.928122      0.59471798       4.0273827       11.211038   1.1799884e-13        3.932946      0.25495982       0.25495982        -24.9745        -24.9745
             10      -11.693384      0.50485039       1.0836088      -12.937393      0.41463355       3.1977933       12.122963   1.1550674e-13       2.5979665      0.52323036       0.52323036      -24.433228      -24.433228
              3      -11.726509      0.91698346       1.5022889      -12.861576      0.53112648        8.260065       31.789884   1.3753834e-13        3.397242       0.3122069        0.3122069      -24.077432      -24.077432
              1      -12.001447      0.94393356       1.4995375      -12.854695      0.54319927       8.7888806        31.58912   1.3973499e-13       3.4930055      0.31744129       0.31744129      -24.637776      -24.637776
              7      -12.141223      0.59235365        1.355796      -12.865737      0.50937754       3.9115929       22.687988   1.3622698e-13       3.2313019      0.28189692       0.28189692      -24.846239      -24.846239
             19      -12.164263      0.54538911       1.3716573      -12.863365       0.5618872       3.5106627       23.531918   1.3697303e-13       3.6465922      0.33903174       0.33903174       -25.00659       -25.00659
              2      -11.482922      0.58266096        1.367402      -12.859158      0.54864455       3.8252601       23.302474   1.3830616e-13       3.5370773      0.28093319       0.28093319      -23.527711      -23.527711
              7       -11.38778      0.70930091       1.3688885      -12.867243      0.67054776       5.1203648       23.382371    1.357553e-13       4.6832545      0.14020528       0.14020528       -23.05597       -23.05597
             28      -11.680677       1.1675891       1.0563928      -12.923073       0.4247786       14.709202       11.386568   1.1937864e-13        2.659369      0.58454899       0.58454899      -24.530453      -24.530453
             20      -11.869948       1.1565559       1.0610446      -12.922571      0.42378961       14.340222       11.509185   1.1951692e-13       2.6533199      0.55975353       0.55975353      -24.859403      -24.859403
             11      -10.983717      0.43656037      0.98279237      -12.857872       1.1099664       2.7325013       9.6115266   1.3871642e-13       12.881498       0.7689922        0.7689922      -23.505418      -23.505418
              2      -10.910979      0.43554728      0.94600025      -12.870123       1.1189971       2.7261345       8.8308041   1.3485817e-13        13.15216      0.81566891       0.81566891      -23.453295      -23.453295
              6      -10.915907      0.42510203      0.97076384      -12.869086       1.1404768       2.6613503       9.3489716   1.3518058e-13       13.819006      0.85704569       0.85704569      -23.545906      -23.545906
             17      -10.695086       1.0475727        1.511868      -12.767726      0.23181958        11.15765        32.49885    1.707159e-13       1.7053738      0.76170467       0.76170467       -22.91358       -22.91358
             15      -9.0449288      0.42877153       1.9684262      -12.694175      0.38344402       2.6839321       92.987852    2.022205e-13       2.4179316       1.9935016        1.9935016      -22.076861      -22.076861
              4      -11.075751      0.95591699       1.6574745      -12.739836      0.32477898       9.0347676       45.443787   1.8203881e-13       2.1124137      0.81780299       0.81780299      -23.787107      -23.787107
             27       -10.53475       1.1706494       1.4556148      -12.769533      0.14338677       14.813218       28.550568   1.7000712e-13        1.391191       1.0489796        1.0489796      -23.167458      -23.167458
              3      -10.180407       1.1927382       1.4453794      -12.770259      0.12871801       15.586125       27.885564   1.6972324e-13       1.3449868       1.1112854        1.1112854      -22.583385      -22.583385
             16      -9.9643979       1.1977328       1.4730858      -12.764242       0.1923371       15.766409       29.722531   1.7209093e-13       1.5571739       1.0584093        1.0584093      -22.045614      -22.045614
             21      -11.788726       1.0738754       1.3140668      -12.854899       0.2961584       11.854287       20.609467   1.3966925e-13       1.9776908      0.49010242       0.49010242      -24.557657      -24.557657
             13       -11.94902      0.67370557        1.249437      -12.865487      0.28990492       4.7174312       17.759755   1.3630543e-13       1.9494178      0.31914889       0.31914889      -24.536338      -24.536338
              2      -11.906331      0.65743183       1.2704353      -12.895121      0.69712771       4.5439321       18.639546   1.2731494e-13       4.9788347      0.15193312       0.15193312      -24.116529      -24.116529
              3       -12.31727      0.55279702       1.1980469      -12.905511      0.72673811       3.5710589       15.777816    1.243051e-13       5.3301338      0.27694237       0.27694237      -25.188425      -25.188425
              3      -12.106462      0.58048279       1.2384276      -12.892671      0.74192675       3.8061227       17.315204   1.2803519e-13       5.5198433       0.2300291        0.2300291      -24.672983      -24.672983
             14      -10.827436      0.55085673       1.5620953      -12.812967      0.54102891       3.5551402       36.483401     1.53827e-13        3.475593      0.54862753       0.54862753      -22.752128      -22.752128
             31      -10.904948      0.74329922       1.5982012      -12.818559      0.59370253       5.5373149       39.646164    1.518592e-13       3.9237609      0.39651626       0.39651626      -22.602928      -22.602928
              4      -10.964288      0.67015616       1.5981031      -12.820097      0.54107847       4.6790336       39.637215   1.5132246e-13       3.4759896      0.45945754       0.45945754      -22.847492      -22.847492
              5      -10.935122      0.67318312       1.5947337      -12.820709      0.54335013       4.7117595       39.330882   1.5110933e-13       3.4942191      0.45040772       0.45040772      -22.771059      -22.771059
              7      -10.771083      0.52737041       1.3449514      -12.886784      0.57589571        3.367987       22.128468   1.2978257e-13       3.7661335      0.37081292       0.37081292      -22.283792      -22.283792
              5      -10.925188       0.4435213       1.3435528      -12.881357      0.54577463        2.776651       22.057324   1.3141436e-13       3.5137805      0.53751546       0.53751546      -22.925408      -22.925408
              4      -11.465127      0.37884976       1.2097149      -12.890766      0.61796822       2.3924879       16.207458   1.2859793e-13       4.1492368      0.61570338       0.61570338      -24.161661      -24.161661
              4       -11.43364      0.37496513       1.2055825       -12.89193      0.61453977       2.3711833       16.053973   1.2825363e-13       4.1166104      0.62709146       0.62709146      -24.121463      -24.121463
              3      -11.463276       0.3663126       1.2696574      -12.877217      0.44680161       2.3244093       18.606186   1.3267319e-13        2.797703      0.72965504       0.72965504      -24.385861      -24.385861
              9      -8.5924289    -0.042611226        1.355031      -12.780264      0.17869225      0.90654376       22.648059   1.6585792e-13       1.5090105       2.6907874        2.6907874      -22.566433      -22.566433
              2      -9.0753737    -0.085790871       1.3431397      -12.786569      0.18728469      0.82074667        22.03635   1.6346725e-13       1.5391633       2.8900597        2.8900597      -23.930867      -23.930867
              1      -9.3538687     0.027619318        1.437258      -12.785949      0.30109891       1.0656616        27.36894     1.63701e-13       2.0003174       2.2451074        2.2451074      -23.197952      -23.197952
             32      -10.729375      0.23119193       1.4068178      -12.778408      0.24563687       1.7029109       25.516306   1.6656803e-13       1.7605034       1.4538425        1.4538425      -24.366436      -24.366436
             13      -10.777447      0.22809046        1.402258      -12.779421      0.24537898       1.6907931       25.249802   1.6617992e-13       1.7594583       1.4595348        1.4595348      -24.473963      -24.473963
             16      -10.991443      0.41036177       1.3906887      -12.780429      0.26662101       2.5725379       24.586047   1.6579499e-13       1.8476556      0.87727348       0.87727348      -23.737433      -23.737433
              5      -9.9856962      0.82143305       1.4455279      -12.800718       0.3181583       6.6287715       27.895102   1.5822733e-13       2.0804548      0.36896688       0.36896688      -20.709326      -20.709326
              9      -9.7095083       0.6282235       1.7911194       -12.75334      0.43666351       4.2483814       61.818632   1.7646558e-13       2.7331503        1.002742         1.002742        -21.4245        -21.4245
             40      -10.776853      0.75405659       1.5236866      -12.843908      0.53947654       5.6761856       33.395398   1.4324905e-13       3.4631918      0.30151369       0.30151369      -22.156734      -22.156734
              9      -9.4930052     0.073262516       1.5435366      -12.758587      0.37823957       1.1837569       34.957197   1.7434625e-13       2.3891288       2.1223538        2.1223538      -23.230718      -23.230718
              5      -10.059821      0.36380169       1.5881042      -12.730173       0.3260654       2.3110093       38.735059   1.8613464e-13       2.1186801       1.2584258        1.2584258      -22.636494      -22.636494
              6      -9.1000056      0.43621662       1.5270156       -12.74745      0.32839994       2.7303393       33.652366   1.7887508e-13       2.1300997      0.94869803       0.94869803      -20.097407      -20.097407
              1      -10.252952      0.40538542       1.5360777      -12.749296       0.3250647       2.5432287       34.361942   1.7811662e-13       2.1138039       1.0345272        1.0345272      -22.574958      -22.574958
             13      -10.395849      0.50064245       1.6726174      -12.726811      0.37736178       3.1669591       47.056262   1.8758126e-13       2.3843048       1.0481465        1.0481465      -22.887991      -22.887991
             26      -11.284613       1.0494079       1.4625166      -12.805588      0.23221202       11.204898       29.007923   1.5646303e-13       1.7069155      0.66706721       0.66706721      -23.903361      -23.903361
             10      -10.480675      0.81411666       0.8148085      -12.980654      0.51510651       6.5180347       6.5284262   1.0455538e-13       3.2742098      0.47107418       0.47107418      -21.903498      -21.903498
              3      -10.541591      0.81552686      0.96883197      -12.945439      0.46854964       6.5392338       9.3074769   1.1338639e-13       2.9413699      0.26007005       0.26007005      -21.603322      -21.603322
              1      -11.055167      0.65872723       1.2422455      -12.897596      0.51325458       4.5575058       17.468092    1.265914e-13       3.2602776        0.179321         0.179321      -22.468976      -22.468976
             10      -11.190718      0.73181527       1.2664285      -12.882248      0.37220191       5.3928118       18.468367   1.3114498e-13       2.3561444      0.21866107       0.21866107      -22.818758      -22.818758
             12       -11.77467      0.90840492       1.0193704      -12.914935      0.26561398       8.0985061       10.456115   1.2163676e-13       1.8433762      0.38826562       0.38826562      -24.325872      -24.325872
              6      -11.882931      0.89596809        1.099756      -12.898777       0.4010611       7.8698795       12.582183    1.262477e-13       2.5180312      0.18538967       0.18538967      -24.136642      -24.136642
              6      -11.411046      0.90873753       1.1045918      -12.900103        0.422552       8.1047109       12.723068   1.2586282e-13       2.6457694      0.17659853       0.17659853       -23.17529       -23.17529
              8      -11.606894      0.84770764       1.1170076       -12.89141      0.45212063       7.0421884       13.092049   1.2840747e-13       2.8321785       0.1144532        0.1144532      -23.442695      -23.442695
              6      -12.408344      0.85271523       1.0666896      -12.907565      0.37976316       7.1238575       11.659759   1.2371873e-13       2.3975251      0.20880964       0.20880964      -25.234307      -25.234307
              6      -12.403811      0.85676816       1.0636899      -12.907767      0.37612993       7.1906501       11.579502   1.2366096e-13       2.3775515       0.2142816        0.2142816      -25.236186      -25.236186
              4      -12.320013      0.78670296       1.0562996      -12.904874      0.32467282       6.1193172       11.384124    1.244875e-13       2.1118974      0.25878118       0.25878118      -25.157588      -25.157588
              1      -10.444157      0.87870186       1.3530965      -12.881764      0.57226023       7.5631351         22.5474   1.3129124e-13       3.7347388       0.1418644        0.1418644      -21.172042      -21.172042
             15      -10.294324       1.1496338       1.5171605      -12.826406      0.40951703       14.113469       32.897319    1.491401e-13       2.5675389      0.70660716       0.70660716      -22.001862      -22.001862
              3       -11.80904       1.0456849       1.4687714      -12.847126      0.50147548       11.109253       29.428722   1.4219165e-13       3.1730395      0.40705595       0.40705595      -24.432191      -24.432191
             16       -11.97109       1.1224432       1.3866939      -12.860521      0.49667615       13.256938       24.360932   1.3787296e-13       3.1381677      0.45907377       0.45907377      -24.860327      -24.860327
             31      -12.045275        1.119474       1.3585095      -12.870845      0.48720483       13.166611       22.830188   1.3463403e-13       3.0704698        0.444643         0.444643      -24.979836      -24.979836
              4      -12.006745        1.119675       1.3672421      -12.870344      0.49427237       13.172705       23.293894   1.3478962e-13       3.1208462      0.44766188       0.44766188      -24.908813      -24.908813
             19      -12.131331       1.1843882       1.2944046      -12.888655      0.59787114       15.289322       19.697203   1.2922449e-13       3.9616047      0.51138388       0.51138388       -25.28543       -25.28543
              2       -11.11109       1.2389798       1.1996528      -12.902544      0.60115062       17.337234       15.836265   1.2515713e-13       3.9916332       0.6252642        0.6252642      -23.472708      -23.472708
             20      -11.691914       1.2193764       1.1499598      -12.899681      0.34109552       16.572055       14.124068   1.2598494e-13       2.1932873      0.72768276       0.72768276      -24.839193      -24.839193
             16      -12.202343       1.0377339       1.3365152      -12.880767      0.56857531       10.907717       21.702772   1.3159293e-13       3.7031842      0.27038693       0.27038693      -24.945461      -24.945461
             28      -11.931696      0.96671264       1.3565949      -12.872272      0.63916342       9.2621678       22.729764   1.3419257e-13       4.3567578      0.17869156       0.17869156      -24.220775      -24.220775
              7      -8.5829327      0.98585141       1.3520346      -12.866181      0.62306036       9.6794662       22.492335   1.3608784e-13       4.1981733      0.18959316       0.18959316      -17.545052      -17.545052
             30      -10.906176      0.98406185       1.4189449      -12.853084      0.55656327        9.639663       26.238854   1.4025413e-13       3.6021623      0.25454559       0.25454559      -22.321442      -22.321442
             30      -10.682536      0.98793943       1.4166264      -12.853911      0.56168619       9.7261157       26.099155   1.3998729e-13       3.6449048      0.25503574       0.25503574      -21.875144      -21.875144
              6      -10.747313       1.0477138       1.4641294      -12.839817      0.45171596       11.161275       29.115842   1.4460496e-13       2.8295408      0.43212215       0.43212215       -22.35887       -22.35887
             23      -11.854217       1.0642555       1.4553154        -12.8337      0.36178115       11.594594       28.530895     1.46656e-13       2.3002824      0.52097932       0.52097932      -24.750392      -24.750392
             13      -11.082331       1.1687652       1.5221985      -12.818085      0.37402959        14.74909       33.281167   1.5202482e-13       2.3660809      0.78614911       0.78614911       -23.73696       -23.73696
             19      -11.097093       1.1106414       1.6147662      -12.792943       0.3697743       12.901535       41.187577   1.6108573e-13       2.3430108      0.82881769       0.82881769      -23.851822      -23.851822
              3      -10.805205       1.0748784       1.4448658      -12.795025      0.19560242       11.881694       27.852605   1.6031532e-13       1.5689258      0.74578041       0.74578041      -23.101971      -23.101971
              8       -10.31041      0.73924371       1.5765354      -12.796934      0.45822098       5.4858473       37.716846   1.5961231e-13       2.8722417       0.4348471        0.4348471      -21.490514      -21.490514
              3      -10.469644      0.75455874       1.5184162      -12.806871      0.42402454       5.6827525       32.992573   1.5600168e-13       2.6547555      0.36346109       0.36346109       -21.66621       -21.66621
              5       -11.75451      0.82252488        1.487478      -12.809005      0.39464058       6.6454574       30.724019   1.5523686e-13       2.4810789      0.33744014       0.33744014        -24.1839        -24.1839
              9      -11.141792      0.96207844       1.2290121        -12.8577       0.2524064       9.1638599        16.94385    1.387713e-13       1.7881601      0.36432646       0.36432646      -23.012236      -23.012236
              1      -11.084051      0.50998303       1.3451714      -12.830672      0.22838257       3.2358101       22.139685   1.4768219e-13       1.6919307      0.65650341       0.65650341      -23.481108      -23.481108
             23      -12.284494      0.90695847      0.92422846      -12.918891      0.60025547       8.0715784        8.399017   1.2053371e-13       3.9834142      0.18911512       0.18911512      -24.947219      -24.947219
              4       -11.72909      0.52520392      0.97653512      -12.924568       0.8220761       3.3512276       9.4740379    1.189686e-13       6.6385939      0.42197523       0.42197523       -24.30213       -24.30213
              5       -10.29312      0.52666031       0.9273941      -12.921333      0.98946479       3.3624847       8.4604624   1.1985797e-13       9.7603365      0.56990915       0.56990915      -21.726058      -21.726058
              7      -8.6898012      0.87686016      0.61593161      -13.004021      0.48081499       7.5311303       4.1298247   9.9078352e-14       3.0256242      0.87383519       0.87383519      -19.127273      -19.127273
             10      -11.159422      0.97126281      0.69747566      -12.989061      0.54421105        9.359719       4.9828253   1.0255071e-13       3.5011527       0.7147621        0.7147621      -23.748369      -23.748369
              3      -10.493785      0.90800113      0.97941107      -12.910067      0.70974465       8.0909801       9.5369843   1.2300784e-13       5.1255992      0.13417003       0.13417003       -21.25591       -21.25591
              5      -11.292939       0.9105128       1.0210983      -12.901653      0.69870542       8.1379084       10.497799   1.2541419e-13       4.9969548      0.10076955       0.10076955      -22.787418      -22.787418
              8      -11.453903      0.89714279         1.05276      -12.913926      0.62298355       7.8911953       11.291719   1.2191964e-13       4.1974308       0.1102608        0.1102608      -23.128327      -23.128327
             31       -12.35768      0.86936699       1.2076023       -12.88946      0.88486571       7.4023053        16.12881   1.2898514e-13       7.6712425      0.13144589       0.13144589      -24.978252      -24.978252
              4      -11.183746       1.4377503       1.1790572      -12.903564      0.48227626       27.399984        15.10279   1.2486355e-13       3.0358217       1.3045836        1.3045836      -24.976659      -24.976659
             25      -10.899925       1.4407484        1.209324       -12.88605      0.42496617       27.589791       16.192875   1.3000185e-13       2.6605178       1.3341941        1.3341941      -24.468238      -24.468238
             11      -10.019918       1.5005272       1.0029221      -12.922828      0.17206522       31.661191       10.067512   1.1944623e-13       1.4861588       1.9568162        1.9568162      -23.953468      -23.953468
              7      -9.5421484       1.5505647      0.88893937      -12.946134      0.13842802       35.527507       7.7435369   1.1320519e-13       1.3753968       2.3586392        2.3586392      -23.801575      -23.801575
              4      -9.4464819       1.6589025      0.97062269      -12.926443      0.22361645       45.593451       9.3459337   1.1845608e-13       1.6734643       2.6372652        2.6372652      -24.167494      -24.167494
             11      -8.8213803       1.6645898      0.93338922      -12.933193      0.22238152       46.194446       8.5780628   1.1662925e-13       1.6687125         2.70685          2.70685      -23.056461      -23.056461
              1      -9.4080756       1.5949812      0.87983176       -12.94959      0.14261183         39.3533       7.5828376   1.1230791e-13       1.3887108       2.5735203        2.5735203      -23.963192      -23.963192
              2      -8.9417245       1.6404435      0.70116668       -12.96204      0.15964379       43.696187       5.0253543   1.0913389e-13       1.4442547       3.0083316        3.0083316      -23.900112      -23.900112
              1      -9.4134882       1.6079897      0.73768695      -12.966419      0.15999062       40.549895        5.466218   1.0803911e-13       1.4454085       2.8125125        2.8125125      -24.452001      -24.452001
             11      -8.5759485       1.6262927      0.71487637      -12.973581      0.14599014       42.295353       5.1865237   1.0627192e-13       1.3995556       2.9809433        2.9809433      -23.113784      -23.113784
              6      -10.071578       1.1261469       1.1496934      -12.882541      0.17719948       13.370476       14.115408   1.3105676e-13       1.5038325      0.71452736       0.71452736       -21.57221       -21.57221
              5       -9.810673       1.1171062       1.1449388      -12.883525      0.17398677       13.095022       13.961716   1.3076001e-13       1.4927489      0.70363937       0.70363937      -21.028625      -21.028625
             14      -10.358399       1.1599988       1.2956505      -12.839169      0.14347279       14.454358       19.753792   1.4482066e-13       1.3914666      0.85183085       0.85183085      -22.420459      -22.420459
              9      -10.359194       1.2313445       1.6615163      -12.771283      0.35178608       17.035094       45.868689    1.693236e-13        2.247947       1.2146267        1.2146267      -23.147642      -23.147642
              2      -10.030205      0.72215607       1.2487721      -12.874238      0.27970958       5.2741937       17.732587   1.3358638e-13       1.9041869      0.30788188       0.30788188      -20.676175      -20.676175
              4      -12.252806      0.58006114       1.3701405      -12.867144      0.54306209       3.8024292       23.449871   1.3578617e-13       3.4919024      0.29642272       0.29642272      -25.098457      -25.098457
              3       -12.19991      0.90514144       1.0881496      -12.913548      0.36675437       8.0378785       12.250382   1.2202585e-13       2.3267749      0.25187827       0.25187827      -24.903576      -24.903576
              9      -10.807048      0.48614665       1.1887794      -12.856076      0.19379513       3.0629975       15.444697   1.3929134e-13       1.5624104      0.68568576       0.68568576      -22.985467      -22.985467
              8      -11.326515      0.67121898       1.2701095      -12.866105      0.25604731       4.6904983       18.625568   1.3611155e-13       1.8032142      0.37520426       0.37520426      -23.403439      -23.403439
             16      -12.090928      0.70069578       1.3252678      -12.866247      0.44224736       5.0199083       21.147928   1.3606712e-13       2.7685181      0.19356524       0.19356524      -24.568987      -24.568987
              4      -11.861178       0.9512526       1.2762998      -12.849307       0.2364502       8.9382521       18.892949   1.4147917e-13       1.7236544      0.39244388       0.39244388      -24.507243      -24.507243
              1      -8.4196379      0.98839458       1.1189195      -12.887561      0.27179816       9.7363142       13.149809   1.2955036e-13       1.8698129      0.37890229       0.37890229       -17.59708       -17.59708
              4      -10.363631      0.43622017      0.85904653      -12.932874     0.045046254       2.7303616       7.2284725   1.1671491e-13        1.109293       1.2944107        1.2944107      -23.316084      -23.316084
             20      -11.262654      0.54897143        1.202414      -12.863428      0.16782638       3.5397406       15.937273   1.3695315e-13        1.471724      0.62505926       0.62505926      -23.775426      -23.775426
              6       -10.96936      0.57439536       1.1877997      -12.864969      0.15916195       3.7531451       15.409895   1.3646794e-13       1.4426532      0.59868095       0.59868095      -23.136082      -23.136082
              1      -11.817744      0.43135159       1.0615986      -12.904769      0.26093688       2.6999243       11.523876    1.245176e-13       1.8236306      0.76903165       0.76903165      -25.173551      -25.173551
              7      -11.956661       0.4185338       1.1686873      -12.889788      0.34362335        2.621403       14.746445   1.2888778e-13       2.2060906      0.67256044       0.67256044      -25.258442      -25.258442
              5      -10.185102    -0.013248145       1.2926011      -12.891369       1.0237183       0.9699556       19.615579   1.2841953e-13       10.561323        2.344433         2.344433      -25.059071      -25.059071
              6      -9.2715645     -0.13978639       1.2366267      -12.913152      0.81231931      0.72479237        17.24355   1.2213719e-13       6.4911151       2.8638755        2.8638755       -24.27088       -24.27088
              7      -8.7282146     -0.30434173        1.102572      -12.929679      0.59828119      0.49620173       12.664033   1.1757663e-13       3.9653469        3.880943         3.880943      -25.218315      -25.218315
              6      -9.3946617    -0.062090521       1.3512808       -12.90297      0.81627228      0.86678119        22.45333   1.2503456e-13       6.5504673       2.4854804        2.4854804      -23.760284      -23.760284
              7      -8.8201963      0.13003375       1.5119928       -12.85361      0.59373178       1.3490677       32.508189   1.4008459e-13       3.9240251       1.6648197        1.6648197      -20.970032      -20.970032
             20      -9.3424759     -0.10569971       1.4176224      -12.880924      0.85790462      0.78397153       26.159076   1.3154536e-13       7.2094912       2.7689459        2.7689459      -24.222843      -24.222843
              4       -9.140716     -0.14374233       1.4268565      -12.878312       0.8868682      0.71822028       26.721235    1.323389e-13       7.7066954       3.0094983        3.0094983      -24.300429      -24.300429
             14       -10.07833      0.13630892       1.1596642      -12.868132      0.18230265        1.368702       14.443224   1.3547763e-13       1.5216075       1.7657606        1.7657606      -23.688181      -23.688181
              7      -10.268883     0.049091295       1.1492054       -12.88411      0.23565475       1.1196732       14.099554   1.3058395e-13       1.7205003         2.08318          2.08318      -24.704127      -24.704127
              4      -10.601843     0.082286973       1.0429456      -12.916493      0.27005243       1.2086122       11.039403   1.2120132e-13        1.862312       1.9547446        1.9547446      -25.113176      -25.113176
             11      -10.328138     0.092649687       1.0631303      -12.909306      0.24013884       1.2377977       11.564592   1.2322363e-13       1.7383565       1.9297413        1.9297413      -24.515758      -24.515758
             15      -9.4244241    -0.036760711       1.2392896      -12.873757      0.26659522      0.91883872       17.349607   1.3373421e-13       1.8475458       2.4681864        2.4681864      -23.785221      -23.785221
              3      -10.684485      0.12636782       1.0705851      -12.893224      0.26360747        1.337728       11.764816   1.2787207e-13       1.8348792       1.7242133        1.7242133      -24.817397      -24.817397
              3      -10.802497      0.11786535       1.0751893      -12.903809      0.30650602       1.3117931       11.890203   1.2479318e-13       2.0253777       1.7241174        1.7241174      -25.053228      -25.053228
              3      -11.042122      0.15500495       1.0937679      -12.900452      0.30154853       1.4289102       12.409889    1.257617e-13       2.0023894       1.5700366        1.5700366      -25.224316      -25.224316
              2      -10.328717      0.32081579      0.86579973      -12.942462      0.25961853       2.0932244       7.3417523   1.1416627e-13       1.8181032        1.256158         1.256158      -23.169749      -23.169749
              2      -11.378177      0.29882747       1.2891957      -12.867214       0.3533346       1.9898827       19.462367   1.3576434e-13       2.2559767       1.0055149        1.0055149      -24.767385      -24.767385
              1      -11.554504       0.3103748       1.2661631      -12.883618      0.40069114       2.0435008       18.457085   1.3073206e-13       2.5158871      0.93282348       0.93282348      -24.974655      -24.974655
              5      -11.292379      0.77236574         1.33384      -12.885261      0.62261931       5.9206003       21.569497   1.3023825e-13        4.193912      0.11118424       0.11118424      -22.807127      -22.807127
              4      -10.888843      0.74439038       1.3620052      -12.877589      0.65875659       5.5512448       23.014695   1.3255944e-13       4.5578139      0.12848044       0.12848044      -22.034647      -22.034647
              1      -11.587467       1.1569886       1.3964822      -12.863017      0.49250752       14.354519        24.91622   1.3708286e-13       3.1081897      0.54136537       0.54136537      -24.257664      -24.257664
              9      -11.202558       1.2180024       1.3945319      -12.871209      0.60664578       16.519708       24.804579    1.345212e-13       4.0424605      0.64272764       0.64272764      -23.690572      -23.690572
             19      -11.240996       1.2022422       1.4009375      -12.897157      0.70496402        15.93097       25.173145    1.267193e-13       5.0694871      0.64384232       0.64384232      -23.769677      -23.769677
             16       -11.25003       0.4704263      0.66083281      -13.012277      0.41167534       2.9541075       4.5796555   9.7212671e-14       2.5803305       1.2229495        1.2229495      -24.945959      -24.945959
              5       -10.76191      0.85860154       1.3248126        -12.9081      0.77768753       7.2210697       21.125774   1.2356638e-13       5.9935969      0.16262391       0.16262391      -21.849068      -21.849068
              5      -10.272052       1.4554444      0.99263112      -12.942267      0.45055189       28.539369       9.8317567   1.1421759e-13       2.8219668       1.5065908        1.5065908      -23.557286      -23.557286
             35      -10.623101       1.5516414      0.85557094      -12.952058      0.47145481       35.615694        7.170855    1.116714e-13       2.9611118       2.0164307        2.0164307      -25.279064      -25.279064
             22      -10.374772       1.5553396      0.85675284      -12.952939      0.47097364       35.920273       7.1903964   1.1144521e-13       2.9578329       2.0349501        2.0349501      -24.819445      -24.819445
             21      -12.246715      0.96497696        1.241069      -12.895367      0.88148978       9.2252248       17.420835   1.2724262e-13       7.6118422      0.21188889       0.21188889      -24.917208      -24.917208
             18      -12.378993      0.88436875       1.3120132      -12.881288      0.77158753       7.6624694       20.512248   1.3143516e-13       5.9100007      0.11636807       0.11636807      -24.990722      -24.990722
              4       -12.15134      0.88299887       1.2924842      -12.890912       0.7863576       7.6383379         19.6103   1.2855463e-13       6.1144528      0.12304649       0.12304649      -24.548773      -24.548773
              7      -12.051554      0.90995114       1.3024479      -12.889476      0.78405453       8.1273907       20.065403   1.2898037e-13       6.0821137       0.1398888        0.1398888      -24.382885      -24.382885
             17      -11.940342      0.92837524       1.2898056      -12.898128      0.77704057       8.4795976       19.489719   1.2643622e-13        5.984675      0.15603025       0.15603025      -24.192745      -24.192745
              1      -11.598363      0.90473874       1.3189586      -12.897417      0.77215908       8.0304288       20.842921   1.2664349e-13       5.9177835      0.15641469       0.15641469      -23.509555      -23.509555
             22      -11.658366      0.90563542       1.3052083      -12.905907      0.83034536       8.0470264       20.193344   1.2419186e-13       6.7662082      0.18875247       0.18875247      -23.694237      -23.694237
              4      -11.042565      0.88458667       1.3157088      -12.909674      0.83338428       7.6663153       20.687536   1.2311938e-13       6.8137199       0.1940059        0.1940059      -22.473141      -22.473141
              6      -12.162244      0.83221943       1.4117361      -12.876048      0.72692336       6.7954689       25.806914   1.3303079e-13       5.3324078      0.16551807       0.16551807      -24.655524      -24.655524
              4      -11.538667      0.40110133       1.1529879      -12.913898      0.74968802       2.5182644        14.22289   1.2192751e-13       5.6193751      0.59704065       0.59704065      -24.271416      -24.271416
              6      -11.497669      0.45485958      0.76128557      -12.984006      0.68540237       2.8500966       5.7714583   1.0375141e-13       4.8462116      0.89076273       0.89076273      -24.776863      -24.776863
             11      -11.434569      0.39259146        0.787281      -12.977723      0.65228926       2.4694001       6.1274673   1.0526342e-13       4.4904438      0.98198594       0.98198594       -24.83311       -24.83311
             21      -10.030042      0.29226503      0.79813495       -12.98389      0.59680865       1.9600404       6.2825355   1.0377912e-13       3.9519246       1.2847279        1.2847279      -22.629539      -22.629539
              1      -12.248321      0.57859801       1.0344438      -12.929246       0.7442472       3.7896405       10.825397   1.1769396e-13       5.5494149      0.29766542       0.29766542      -25.091973      -25.091973
              4       -10.16148      0.49058782       1.5898548      -12.827267      0.58950823        3.094481       38.891507   1.4884456e-13       3.8860487      0.68001319       0.68001319      -21.682987      -21.682987
              3      -9.6801228      0.69084656       1.6547178      -12.821688      0.54216813       4.9073446       45.156239   1.5076915e-13       3.4847219      0.54091443       0.54091443      -20.442075      -20.442075
              6      -10.221923      0.77302097       1.5089993      -12.848397       0.5368764       5.9295395        32.28489   1.4177604e-13       3.4425194      0.27949609       0.27949609      -21.002838      -21.002838
              4      -10.490196      0.84651706       1.3779261      -12.871714      0.52455226       7.0229092       23.874052   1.3436484e-13       3.3462028      0.15875756       0.15875756      -21.297906      -21.297906
              8      -9.8634873     0.016707579       1.3138305       -12.89182       1.1028849       1.0392202       20.598259   1.2828618e-13        12.67316       2.3137844        2.3137844      -24.354543      -24.354543
              6      -9.7392571      0.14743356       1.2067669      -12.890325        1.145051       1.4042149       16.097815   1.2872859e-13       13.965323       1.7467098        1.7467098      -22.971934      -22.971934
              3      -12.096134      0.73578289       1.2399049      -12.881591      0.51067928       5.4423052       17.374203   1.3134376e-13       3.2410018      0.10185141       0.10185141      -24.395971      -24.395971
              2      -12.231254       0.7879092       1.3390586      -12.884826      0.78010813        6.136337       21.830244   1.3036879e-13       6.0270963      0.12868891       0.12868891      -24.719887      -24.719887
              9      -12.304954      0.84603183       1.3062221      -12.884987      0.78715648       7.0150671       20.240541   1.3032051e-13       6.1257107      0.11088079       0.11088079       -24.83167       -24.83167
             18      -12.367087      0.77281065       1.2717364      -12.882732      0.79828713       5.9266687       18.695468   1.3099899e-13       6.2847373     0.092987777      0.092987777       -24.92015       -24.92015
             17      -12.576729      0.83180524       1.2457314      -12.879893      0.75470954       6.7889911       17.608865   1.3185808e-13       5.6847261      0.05830696       0.05830696      -25.270073      -25.270073
              3      -11.766173      0.70584673        1.215272      -12.882488      0.84379203       5.0798013       16.416175   1.3107265e-13       6.9789812      0.12052194       0.12052194       -23.77339       -23.77339
              9      -12.050715      0.62491459       1.1882364      -12.895869       0.8023417       4.2161358         15.4254   1.2709582e-13       6.3436864      0.18392835       0.18392835      -24.469286      -24.469286
              9      -11.915643      0.60104997       1.2047053      -12.907037      0.82589175       3.9907082       16.021578   1.2386916e-13       6.6971766      0.24847449       0.24847449      -24.328235      -24.328235
              1      -12.052972      0.61253461       1.2519292      -12.911827      0.96856513       4.0976477       17.861962   1.2251036e-13         9.30176      0.36791193       0.36791193      -24.841767      -24.841767
             14      -12.018606      0.50660157       1.2855397      -12.908655      0.97255426       3.2107136       19.299218   1.2340839e-13       9.3875933      0.54343486       0.54343486      -25.124081      -25.124081
              3        -12.1084      0.50895973       1.2751909      -12.908462      0.90694813       3.2281948       18.844771   1.2346343e-13       8.0713863      0.47502349       0.47502349      -25.166848      -25.166848
              9      -11.626155      0.50444768       1.3597155      -12.903873      0.89739577       3.1948295       22.893672   1.2477483e-13       7.8957934      0.52423917       0.52423917      -24.300789      -24.300789
             23      -11.344179      0.56948575       1.2801896      -12.904145       1.0750347       3.7109556       19.062926   1.2469668e-13       11.885971      0.54655133       0.54655133       -23.78146       -23.78146
             12      -11.145926      0.39600634       1.2218215      -12.915059       1.0634715       2.4888937       16.665621   1.2160204e-13        11.57368      0.87166684       0.87166684      -24.035185      -24.035185
              2      -11.191583       0.3123081       1.2321612       -12.90952       1.0519748       2.0526179       17.067158   1.2316301e-13       11.271319       1.0803649        1.0803649      -24.543896      -24.543896
             17      -11.593757      0.40585177       1.2676359      -12.890798       1.0550959       2.5459611       18.519783    1.285884e-13       11.352614      0.81074726       0.81074726      -24.809008      -24.809008
              6      -11.686084      0.33582982       1.2290128      -12.871449        1.041539       2.1668549       16.943878   1.3444695e-13       11.003707      0.93723029       0.93723029      -25.246629      -25.246629
              6      -10.571106      0.25533101       1.1856106      -12.881397      0.96366693       1.8002425       15.332416   1.3140227e-13       9.1974392       1.1025857        1.1025857      -23.347383      -23.347383
              1      -10.798102      0.24385254       1.2189547      -12.881141      0.95793001       1.7532851       16.555971   1.3147967e-13       9.0767425       1.1450641        1.1450641      -23.886333      -23.886333
             24      -11.520725      0.44796424      0.97483631      -12.940385      0.63286568       2.8052026       9.4370511   1.1471354e-13        4.294036      0.57835378       0.57835378      -24.198158      -24.198158
              1      -11.072369      0.40071955       1.5344369      -12.838031      0.59742281       2.5160516       34.232361   1.4520065e-13       3.9575172      0.79450908       0.79450908      -23.733756      -23.733756
              7      -10.894962      0.36236193       1.5510854      -12.847656      0.62944584       2.3033606       35.570127   1.4201827e-13       4.2603555      0.91670393       0.91670393      -23.623331      -23.623331
              1      -12.011768      0.39105385        1.298539      -12.886876      0.77770203       2.4606727       19.885615   1.2975503e-13        5.993797      0.63460537       0.63460537      -25.292747      -25.292747
             22      -11.496922      0.55827162      0.98506764      -12.937716      0.33777241       3.6163597       9.6620135   1.1542069e-13       2.1765689      0.53605167       0.53605167      -24.065947      -24.065947
             20       -11.97113      0.56124655      0.97242626      -12.939232      0.32938879       3.6412169       9.3848267   1.1501859e-13       2.1349553      0.55094219       0.55094219      -25.044144      -25.044144
              8      -12.073049      0.57443004       1.0161189      -12.931557      0.35754215       3.7534449       10.378126   1.1706942e-13       2.2779393      0.46255087       0.46255087        -25.0712        -25.0712
              4       -11.73219      0.60166597       1.1157179       -12.93083      0.45116238       3.9963726       13.053227   1.1726532e-13       2.8259364      0.32498942       0.32498942       -24.11436       -24.11436
              3      -12.560469      0.75525921        1.231079      -12.890305      0.58078199       5.6919256       17.024683   1.2873463e-13       3.8087458     0.075566615      0.075566615      -25.272071      -25.272071
             16      -12.443662      0.70698537       1.2444125      -12.889811      0.60623677       5.0931372       17.555473   1.2888112e-13       4.0386551     0.097312443      0.097312443      -25.081948      -25.081948
              1      -11.612941      0.70836322       1.1317915      -12.911814      0.60391175       5.1093213        13.54539   1.2251399e-13       4.0170917       0.1108946        0.1108946      -23.447672      -23.447672
              3      -11.705168      0.81975563       1.1349173      -12.905605      0.55357204       6.6032179       13.643232   1.2427808e-13       3.5774374      0.08153139       0.08153139      -23.573399      -23.573399
              2      -10.071394      0.37359598       1.2353361      -12.861363      0.31760007       2.3637197       17.192384   1.3760582e-13       2.0777824      0.79787109       0.79787109      -21.738529      -21.738529
              1      -10.650869      0.56399978      0.76964363      -12.937508    0.0058538064       3.6643739       5.8836066   1.1547611e-13       1.0135701       1.2425769        1.2425769      -23.786891      -23.786891
              3      -10.473789      0.55624522      0.72415168        -12.9773      0.21667438       3.5995252       5.2984846   1.0536587e-13       1.6469271       1.0573894        1.0573894      -23.062358      -23.062358
              8      -10.576702      0.52426936      0.67862653      -12.987124      0.20740688       3.3440238        4.771188   1.0300931e-13       1.6121553       1.2260743        1.2260743      -23.605552      -23.605552
              2       -9.899908       0.3977843      0.90239703       -12.95162      0.23299546       2.4991039       7.9872455   1.1178404e-13       1.7099974        1.079573         1.079573      -21.958962      -21.958962
              1      -11.337427      0.55116935      0.96223429      -12.901797      0.17878727       3.5577002        9.167149   1.2537269e-13       1.5093406      0.68876423       0.68876423      -24.052383      -24.052383
              2      -11.193301       0.5458959      0.95130309      -12.903574      0.17023005       3.5147618       8.9392913   1.2486071e-13       1.4798921      0.72033525       0.72033525      -23.827272      -23.827272
              5      -11.146071      0.82328701      0.85713091      -12.941293      0.15002287       6.6571296       7.1966588   1.1447406e-13       1.4126119       0.6999647        0.6999647      -23.692072      -23.692072
              2      -10.901493      0.77910528      0.83497259      -12.946628       0.1770815       6.0131949       6.8386849   1.1307638e-13       1.5034241       0.6943355        0.6943355      -23.191658      -23.191658
             17      -11.101283      0.80537767      0.84274878       -12.95259      0.20785367       6.3881877       6.9622367    1.115348e-13       1.6138147      0.65404565       0.65404565      -23.510657      -23.510657
             27      -10.290119      0.30455375      0.79197394       -12.93129     0.076474871       2.0162935       6.1940391    1.171412e-13       1.1925453       1.6469608        1.6469608      -23.874161      -23.874161
              4      -10.474053      0.32697151      0.81674898      -12.931431     0.038441047       2.1231052       6.5576613   1.1710335e-13       1.0925493       1.6288014        1.6288014      -24.205709      -24.205709
              6      -9.0905199      0.32534458      0.92026731      -12.893772      0.20656841       2.1151666       8.3227589   1.2771104e-13       1.6090458       1.1664445        1.1664445      -20.513929      -20.513929
              2      -10.627481      0.33835492       1.4808921      -12.886092      0.98296413       2.1794902       30.261618   1.2998955e-13       9.6153285       1.0860118        1.0860118      -23.426986      -23.426986
              2      -11.445599      0.58215657       1.3886882      -12.899262       1.0232217       3.8208199       24.473057   1.2610666e-13       10.549254        0.534964         0.534964      -23.961127      -23.961127
             19      -11.457243      0.57516523       1.3679034      -12.901348       1.0280598       3.7598042       23.329389   1.2550251e-13        10.66743      0.53578719       0.53578719       -23.98606       -23.98606
              3      -11.451126      0.55587983       1.3441126      -12.908351       1.0235481        3.596498       22.085775   1.2349479e-13       10.557184      0.55333561       0.55333561      -24.008923      -24.008923
             18      -11.472553      0.55219874       1.3478661       -12.90777       1.0221506       3.5661429       22.277484   1.2366018e-13       10.523268      0.55918597       0.55918597      -24.063478      -24.063478
             25      -10.396179      0.52393466       1.4523256      -12.897285        1.066054       3.3414476       28.335157   1.2668216e-13       11.642707      0.74031081       0.74031081       -22.27298       -22.27298
              4      -10.807897       0.4886895       1.0985154      -12.915505      0.56732426       3.0809844       12.546291   1.2147723e-13       3.6925319      0.41129446       0.41129446      -22.438383      -22.438383
              6      -11.850994       1.0762413        1.119136      -12.910886       0.6579459        11.91904       13.156367   1.2277602e-13       4.5493139      0.28297481       0.28297481      -24.267938      -24.267938
             27      -11.910554       1.1773813        1.107451      -12.896315       0.7442378       15.044623       12.807106    1.269654e-13       5.5492948      0.45813974       0.45813974      -24.737387      -24.737387
              7      -11.767271       1.1068123       1.0275214      -12.905848      0.72518363       12.788284       10.654214   1.2420872e-13       5.3110897      0.34483188       0.34483188      -24.224205      -24.224205
              3      -11.949777       1.0973829       1.0476145      -12.902081      0.74606789        12.51362       11.158723   1.2529085e-13       5.5727286      0.31996674       0.31996674      -24.539487      -24.539487
              7      -12.283129       0.9770084       1.1168032      -12.885397      0.79371744       9.4843682       13.085888   1.3019767e-13       6.2189553      0.13455241       0.13455241      -24.835364      -24.835364
              9      -12.195835      0.83413632       0.9932758      -12.915822      0.68774659       6.8255291       9.8463621   1.2138867e-13        4.872441      0.11089578       0.11089578      -24.613461      -24.613461
              7      -11.495678      0.75731597      0.65536499      -12.986871      0.22331106       5.7189456       4.5223585   1.0306918e-13        1.672288      0.99818652       0.99818652      -24.987729      -24.987729
              7      -11.587361      0.75814764      0.65685787       -12.98636      0.22349988       5.7299078       4.5379308   1.0319054e-13       1.6730152       0.9932826        0.9932826      -25.161287      -25.161287
              7       -9.499576      0.11631819       1.0591982      -12.881657      0.19294595       1.3071282       11.460359   1.3132361e-13       1.5593584       1.8519816        1.8519816      -22.703115      -22.703115
             11      -9.4141069      0.67818616      0.76774666      -12.961352      0.75207919       4.7663526       5.8579635   1.0930712e-13          5.6504      0.48368723       0.48368723      -19.795588      -19.795588
              6      -11.647654      0.65003807      0.79447721      -12.972445       0.7641292       4.4672275       6.2298446   1.0655026e-13       5.8093721      0.51875755       0.51875755      -24.332823      -24.332823
              3      -10.817374      0.40473369      0.79229201      -12.985971      0.66119906       2.5394151       6.1985772   1.0328309e-13       4.5835193      0.97671239       0.97671239      -23.588173      -23.588173
              9      -10.627423      0.25923725       1.2258709       -12.88836      0.59040636       1.8165077        16.82174   1.2931245e-13       3.8940934      0.97872166       0.97872166      -23.212289      -23.212289
              5      -10.743541      0.17695893      0.73770891      -12.994679      0.45774053       1.5029998       5.4664944   1.0123267e-13       2.8690659       1.8657492        1.8657492      -25.218581      -25.218581
             11      -10.717458      0.97046876       1.0778319      -12.913659      0.37035292       9.3426217       11.962773   1.2199464e-13       2.3461346      0.30000271       0.30000271      -22.034921      -22.034921
              8      -11.680524       1.0034561      0.99157465      -12.930192      0.30525627       10.079898       9.8078689   1.1743796e-13       2.0195577      0.46890466       0.46890466      -24.298857      -24.298857
              2      -11.256333      0.98248411      0.98681114      -12.921826      0.33867452       9.6047067       9.7008802   1.1972209e-13       2.1810947      0.39012937       0.39012937      -23.292925      -23.292925
             10       -11.54319      0.92188961       1.3523958      -12.886705        0.579746       8.3539064        22.51105   1.2980596e-13       3.7996711      0.16939882       0.16939882      -23.425178      -23.425178
             19      -10.785144       1.2633584       1.3434778      -12.875406      0.77201904       18.338271       22.053513   1.3322757e-13       5.9158757      0.73337319       0.73337319      -23.037035      -23.037035
              1      -11.202966       1.3879734         1.30933      -12.878828       0.6953739        24.43281       20.385904   1.3218192e-13       4.9587693       1.0846986        1.0846986       -24.57533       -24.57533
             10      -10.732071       1.2402005      0.97190502      -12.921149       0.7128145       17.386033       9.3735699    1.199087e-13       5.1619584      0.69060396       0.69060396       -22.84535       -22.84535
              4      -10.719891       1.3120462      0.99619525      -12.918039      0.69731639       20.513805       9.9127751   1.2077067e-13       4.9809983      0.87220865       0.87220865      -23.184199      -23.184199
              4      -11.521399       1.2200542       1.0118039      -12.922409      0.65018555        16.59794       10.275521   1.1956135e-13       4.4687448      0.62205024       0.62205024      -24.286899      -24.286899
              1      -11.938106        1.176823       1.0991953      -12.913768      0.67397567       15.025294        12.56595   1.2196401e-13        4.720366      0.48149535       0.48149535      -24.839203      -24.839203
             15      -11.884722        1.285672       1.1048784      -12.917323      0.60100057       19.305098       12.731465   1.2096969e-13       3.9902542      0.77249996       0.77249996      -25.314444      -25.314444
              6      -11.807394       1.3002503       1.0480479      -12.930559      0.58040378       19.964125       11.169865   1.1733859e-13       3.8054303       0.8601879        0.8601879      -25.335163      -25.335163
             15      -10.761271       1.3031249        1.028284      -12.931158      0.56286733       20.096706       10.672938   1.1717689e-13       3.6548313      0.88132927       0.88132927        -23.2852        -23.2852
              1      -11.277987       1.2527939       1.0522753      -12.935457      0.47104736       17.897562       11.279122   1.1602258e-13        2.958335      0.78890173       0.78890173      -24.133777      -24.133777
              2      -11.313079       1.2303351       1.1049798      -12.916821       0.4618622       16.995547       12.734438   1.2110976e-13       2.8964244      0.68364566       0.68364566       -23.99345       -23.99345
              5      -11.854733       1.1360477       1.0521418      -12.922784      0.34732708       13.678791       11.275654   1.1945808e-13        2.224985      0.59087585       0.59087585      -24.891217      -24.891217
             15      -12.035378      0.46354772       1.0574167      -12.928874      0.51604684       2.9076874       11.413444   1.1779465e-13       3.2813068      0.52043664       0.52043664      -25.111629      -25.111629
              1      -11.390557      0.32048922       1.2645181      -12.893724      0.60636983        2.091651       18.387308   1.2772509e-13       4.0398927      0.80722096       0.80722096      -24.395556      -24.395556
              4      -10.508385      0.39756292       1.2717471      -12.899858      0.67168175       2.4978302        18.69593   1.2593381e-13        4.695499      0.60478294       0.60478294      -22.226336      -22.226336
              8      -10.474541      0.35233401       1.2440265      -12.890351      0.86664963        2.250785       17.539875   1.2872087e-13       7.3561339      0.75917228       0.75917228      -22.467426      -22.467426
             15      -11.476116      0.31680017       1.2426162      -12.893771      0.90447943        2.073959       17.483009   1.2771111e-13       8.0256356      0.89319698       0.89319698      -24.738625      -24.738625
              5      -11.902412      0.43113203       1.1605833      -12.912231      0.84706119       2.6985597       14.473824   1.2239641e-13       7.0317138      0.56412599       0.56412599      -24.933075      -24.933075
              2       -12.24591       0.4934578        1.209507      -12.902071      0.79737509       3.1149982       16.199701   1.2529361e-13       6.2715529      0.39860082       0.39860082      -25.289021      -25.289021
              8      -12.072621       0.4583477       1.1847355      -12.907788      0.74665334       2.8730799       15.301553   1.2365516e-13        5.580246      0.45699013       0.45699013      -25.059223      -25.059223
             20      -12.162295        0.450747       1.2404495      -12.897014      0.76520664       2.8232348       17.396004   1.2676112e-13       5.8238026       0.4762526        0.4762526      -25.277096      -25.277096
             18      -12.133376      0.61568005       1.0843819      -12.896841      0.26725561       4.1274332       12.144564   1.2681149e-13       1.8503573      0.42227829       0.42227829      -25.111309      -25.111309
              4      -11.784047      0.48555041      0.97297812      -12.934884      0.24830972       3.0587953       9.3967596   1.1617581e-13       1.7713718      0.77052233       0.77052233      -25.109138      -25.109138
              5       -11.40715      0.50005516      0.97398675      -12.934447      0.24036137       3.1626793       9.4186085   1.1629272e-13       1.7392474      0.75191721       0.75191721      -24.318133      -24.318133
              1      -11.425232      0.68068131      0.80742374      -12.996152      0.29172954       4.7938155       6.4183551   1.0088994e-13       1.9576252      0.78308521       0.78308521      -24.416634      -24.416634
              2      -11.586786      0.79103359      0.78967242      -12.996574      0.31409238        6.180642       6.1613009   1.0079195e-13       2.0610683      0.72779083       0.72779083      -24.629153      -24.629153
             10       -11.18166      0.79734824      0.78104788      -13.002662      0.31406226       6.2711652       6.0401521   9.9388898e-14       2.0609253      0.76259883       0.76259883      -23.888518      -23.888518
              8      -10.525505       1.2924875       1.2006477       -12.87739      0.25533047       19.610449       15.872588    1.326203e-13       1.8002403       1.0028851        1.0028851       -23.05678       -23.05678
              6      -8.6811735       1.1642227       1.2421709      -12.870272      0.30353589       14.595625       17.465094   1.3481191e-13       2.0115734      0.62448156       0.62448156       -18.61131       -18.61131
              6      -8.4842851       1.1207203       1.2305269      -12.892003      0.33917529        13.20445       17.003051   1.2823224e-13       2.1836111      0.52185125       0.52185125      -18.012273      -18.012273
              4      -11.500761       1.2499563       1.1841341      -12.905359      0.45193641       17.781006       15.280378   1.2434861e-13       2.8309775      0.72414592       0.72414592      -24.449815      -24.449815
             23      -11.062503       1.4749853       1.0285773      -12.939263      0.42740324       29.852813        10.68015   1.1501049e-13       2.6754894       1.5791391        1.5791391      -25.283283      -25.283283
             11      -10.943269       1.4848054       1.0452091      -12.933095      0.37032388       30.535522       11.097089   1.1665544e-13       2.3459777       1.6475446        1.6475446      -25.181627      -25.181627
             10      -11.109111      0.73464006        1.234531      -12.897244      0.62277227       5.4280027       17.160542   1.2669386e-13       4.1953893     0.087562857      0.087562857      -22.393348      -22.393348
              7      -11.598961      0.80215857       1.1434543      -12.918488      0.53202405       6.3410119       13.914072    1.206457e-13       3.4042704      0.11775092       0.11775092      -23.433424      -23.433424
             15      -12.406739      0.92486211       1.2815277      -12.886409       0.5692993       8.4112804       19.121755   1.2989456e-13       3.7093627      0.12636638       0.12636638       -25.06621       -25.06621
             13      -12.483824      0.92852639       1.1614156       -12.90105      0.66257114       8.4825493       14.501591   1.2558852e-13        4.598023     0.095757023      0.095757023      -25.159162      -25.159162
              1      -8.9415502       1.1258158       0.9816156      -12.923712      0.57076936       13.360287       9.5855182   1.1920321e-13         3.72194      0.44668239       0.44668239      -18.776465      -18.776465
             11      -10.357529       1.2360693      0.85733648      -12.943934      0.60130283       17.221433        7.200066   1.1377989e-13       3.9930324      0.82376842       0.82376842      -22.362595      -22.362595
              7      -10.349935       1.0652112      0.60255786      -13.018861      0.27755232       11.620134       4.0045882   9.5750118e-14       1.8947517       1.3366474        1.3366474      -23.373165      -23.373165
              3      -9.7443906       1.0691149      0.46933347      -12.994165    -0.067523337       11.725056       2.9466833    1.013526e-13      0.85600571       2.1347695        2.1347695       -23.75832       -23.75832
             13      -8.8145058       1.0090829      0.51167201      -12.986147    -0.052128415       10.211343       3.2484188   1.0324115e-13      0.88689373       1.8921539        1.8921539      -21.413319      -21.413319
             18      -9.7685206        1.586199       1.2329137      -12.875506      0.24002785       38.565504       17.096755   1.3319693e-13       1.7379123       2.1474315        2.1474315      -23.831904      -23.831904
              8      -9.4218624       1.4532715       1.1091416      -12.894503      0.13575083       28.396935       12.857056   1.2749612e-13       1.3669443       1.7468755        1.7468755      -22.337476      -22.337476
             19      -9.3349225      0.16871976       1.0417341      -12.881077       1.1881041       1.4747546       11.008652   1.3149923e-13         15.4207       1.7170815        1.7170815      -22.104008      -22.104008
             15      -9.9803477      0.21712189       1.1199963      -12.867765       1.1540452        1.648625       13.182455   1.3559237e-13       14.257559        1.453983         1.453983      -22.868661      -22.868661
              2      -9.6136701      0.12333962       1.3087841      -12.906849       1.1732016       1.3284329       20.360299    1.239226e-13       14.900524       1.9673051        1.9673051      -23.161951      -23.161951
              3      -11.736828      0.42528996       1.3631361      -12.898571      0.91980179       2.6625021         23.0747   1.2630743e-13       8.3138425      0.70051797       0.70051797      -24.874692      -24.874692
             49      -11.264062      0.39184552      0.89057323      -12.948771       0.6745477       2.4651623       7.7727237   1.1251984e-13       4.7265875      0.78757783       0.78757783       -24.10328       -24.10328
              6      -11.456982      0.55005334      0.73535913      -12.988911      0.81671075       3.5485697       5.4369975   1.0258629e-13        6.557084      0.80093254       0.80093254      -24.515829      -24.515829
              1      -11.373337      0.46518944      0.79145758      -12.976253      0.71775057       2.9186999        6.186679   1.0562018e-13       5.2209625      0.80786697       0.80786697      -24.362408      -24.362408
              6      -11.278474      0.30888058       0.7027437      -12.999893      0.76107109        2.036482       5.0436356    1.000246e-13       5.7686088       1.4247813        1.4247813      -25.406511      -25.406511
             20      -11.361963      0.38027681      0.69423701      -12.997436      0.75690771       2.4003623       4.9458052   1.0059215e-13        5.713572       1.2243937        1.2243937      -25.172713      -25.172713
             19      -11.314386      0.49480319       0.8035778      -12.993638      0.64165561        3.124663       6.3617676   1.0147572e-13       4.3818308      0.79887109       0.79887109      -24.226515      -24.226515
              3      -10.383279      0.50815027      0.81984521      -12.985473      0.63325451       3.2221835         6.60458   1.0340163e-13       4.2978822      0.72525506       0.72525506      -22.217068      -22.217068
              3      -10.399465      0.50951912      0.81981519      -12.985605      0.62865736       3.2323555       6.6041236   1.0337003e-13       4.2526276      0.72384866       0.72384866      -22.246626      -22.246626
              2      -11.524384      0.27861684        1.114286      -12.919596      0.66325421       1.8994018       13.010262   1.2033824e-13       4.6052606       0.9457932        0.9457932      -24.940355      -24.940355
              1       -8.514415       0.3078492       1.0137504      -12.950878      0.60357312       2.0316514        10.32168   1.1197534e-13       4.0139608      0.96329169       0.96329169      -18.955413      -18.955413
              3      -12.424892      0.74279432       1.1307516      -12.909863      0.40172558        5.530881       13.512995   1.2306559e-13       2.5218868      0.19760059       0.19760059      -25.244985      -25.244985
             10      -12.462114      0.77066151       1.1510481      -12.903718      0.41384397       5.8974125       14.159508   1.2481939e-13       2.5932475      0.16754821       0.16754821      -25.259324      -25.259324
             16      -12.298377      0.72224462       1.1352611      -12.897278      0.35633028       5.2752692       13.654038   1.2668413e-13       2.2715917      0.22645979       0.22645979      -25.049674      -25.049674
             22       -12.34558      0.63736437       1.1004345      -12.929282      0.49128686       4.3387475       12.601857    1.176841e-13       3.0994659      0.25477085       0.25477085      -25.200702      -25.200702
              8      -11.019437       0.1906164       1.3847806      -12.871588      0.63255722       1.5510164       24.253844   1.3440389e-13       4.2909872       1.2927032        1.2927032      -24.624281      -24.624281
              6       -10.90095      0.20052166       1.3861386      -12.872311      0.63366807       1.5867981       24.329805   1.3418035e-13       4.3019769       1.2577853        1.2577853      -24.317471      -24.317471
              5      -12.376304      0.69627961       1.0763478       -12.93376      0.50065575       4.9691214       11.921963   1.1647683e-13       3.1670561      0.21230415       0.21230415      -25.177216      -25.177216
              5      -12.485494      0.73756123       1.0957615      -12.925871      0.52090803       5.4646358       12.466987   1.1861204e-13       3.3182418      0.15633134       0.15633134      -25.283652      -25.283652
              6      -12.142077      0.68772772       1.0978685      -12.935502      0.57349787       4.8722293       12.527617   1.1601061e-13       3.7453971      0.18956053       0.18956053      -24.663275      -24.663275
             16      -12.482963      0.67506579       1.1003934      -12.935802      0.59931589       4.7322294       12.600663   1.1593055e-13       3.9748056      0.19324814       0.19324814      -25.352421      -25.352421
             24      -11.200119      0.59947265       1.1895349      -12.911909      0.61779402       3.9762406       15.471587   1.2248736e-13       4.1475728       0.2198321        0.2198321      -22.839902      -22.839902
             10      -12.116323      0.45421127       1.2236665      -12.892666      0.73005502       2.8458452       16.736571   1.2803645e-13       5.3709983      0.44591504       0.44591504      -25.124477      -25.124477
             10      -10.938155      0.33841965       1.5250957      -12.844279        0.594397       2.1798151       33.503923   1.4312674e-13       3.9300403       0.9507508        0.9507508      -23.777812      -23.777812
              7      -11.589008      0.32274347       1.3631165      -12.852609      0.44813616       2.1025361       23.073663   1.4040764e-13       2.8063133      0.89073897       0.89073897      -24.959493      -24.959493
             10      -12.079358      0.42284887        1.290991       -12.88271       0.5671362       2.6475787       19.542991   1.3100562e-13       3.6909333      0.54333752       0.54333752       -25.24539       -25.24539
             31      -12.123387      0.75680212       1.0240233      -12.924335      0.37420031        5.712183       10.568741   1.1903236e-13       2.3670112      0.26535089       0.26535089      -24.777476      -24.777476
             10      -10.344404      0.37576055       1.6554103      -12.863738      0.87879839       2.3755301       45.228304   1.3685533e-13       7.5648164       1.1357551        1.1357551      -22.960318      -22.960318
              2      -9.9919732      0.35114146       1.5843319      -12.888201      0.94998965       2.2446129       38.400061   1.2935978e-13       8.9122971        1.167495         1.167495      -22.318936      -22.318936
              1      -11.053487      0.43712207      0.69521666      -13.003269      0.39535951       2.7360377       4.9569742   9.9250021e-14       2.4851895       1.2171251        1.2171251      -24.541224      -24.541224
              3      -10.310925     0.075367941      0.72084992      -12.989952      0.43655086       1.1895096       5.2583552   1.0234049e-13       2.7324414       2.3051781        2.3051781      -25.232205      -25.232205
             18      -10.889481      0.29097482      0.73290729      -13.001572      0.45605266       1.9542261        5.406389   9.9638693e-14       2.8579371       1.5042291        1.5042291       -24.78742       -24.78742
             10      -9.0131732     -0.14825795       1.2649193      -12.913294       1.0579057       0.7107912       18.404298   1.2209715e-13       11.426302       3.1392175        3.1392175      -24.304782      -24.304782
             11      -9.2830292    -0.099940647       1.2871245      -12.893373       1.1653424       0.7944368       19.369771   1.2782839e-13       14.633305       2.9956339        2.9956339      -24.557326      -24.557326
             19      -8.8859284     -0.17892638       1.3011943      -12.884221       1.1670351      0.66232877       20.007566   1.3055059e-13        14.69045       3.4464555        3.4464555      -24.664768      -24.664768
              3      -8.5971342     -0.22739971       1.2713408      -12.889038         1.13889      0.59237987       18.678448   1.2911051e-13       13.768606       3.6893041        3.6893041      -24.572877      -24.572877
             20      -8.4010989     -0.22283408       1.2432671      -12.900535       1.1464169      0.59864025       17.509231   1.2573743e-13       14.009316       3.6784258        3.6784258      -24.159049      -24.159049
              1      -7.3177586     -0.38572811       1.2398708      -12.898566       1.1550067       0.4114072       17.372841   1.2630878e-13       14.289159       4.7849741        4.7849741      -24.205465      -24.205465
             27      -6.9876775     -0.40715403       1.2873994      -12.888951       1.2239937      0.39160297       19.382038   1.2913656e-13       16.749186       5.0658549        5.0658549      -24.107065      -24.107065
              4      -6.9442471     -0.40231903        1.209643      -12.874052       1.1576504      0.39598704       16.204776   1.3364357e-13       14.376409       4.8631055        4.8631055      -23.614705      -23.614705
             44      -7.6283082     -0.41481722       1.2258946      -12.871128       1.1596842      0.38475368       16.822659   1.3454624e-13       14.443892       4.9605482        4.9605482      -25.177713      -25.177713
              3      -7.4364022     -0.40595907       1.2383485      -12.867882       1.1535082      0.39268194       17.312049   1.3555591e-13        14.23994       4.8866323        4.8866323      -24.646069      -24.646069
              8      -7.3476305     -0.45019925       1.2246863      -12.873141       1.1522642      0.35465064       16.775919   1.3392403e-13        14.19921       5.2165263        5.2165263      -25.128313      -25.128313
              4      -7.1050531      -0.4582897       1.2342373      -12.867942       1.1427141      0.34810503       17.148941   1.3553695e-13       13.890378        5.261368         5.261368      -24.732842      -24.732842
              2      -5.4140364       -0.201936       1.3192083      -12.949801       1.1426964      0.62815092       20.854911    1.122533e-13       13.889814       3.7036458        3.7036458      -18.235364      -18.235364
              6      -9.6896956    -0.061473382       1.2745031      -12.911656       1.0161593      0.86801378       18.814949   1.2255861e-13        10.37909       2.6101719        2.6101719      -24.599735      -24.599735
              7      -10.239359    -0.022223039       1.3055769      -12.899214      0.97806555      0.95011672       20.210493   1.2612064e-13       9.5074828       2.3611189        2.3611189      -25.200956      -25.200956
             12      -11.050162       0.1311793       1.3502334      -12.872534      0.62713972       1.3526309       22.399245   1.3411146e-13       4.2377928       1.4986856        1.4986856      -25.097696      -25.097696
              1      -10.801235     0.064405377       1.1002247      -12.918893      0.50478627       1.1598595       12.595769   1.2053333e-13       3.1973212       1.8159977        1.8159977      -25.234464      -25.234464
              4      -10.009327      0.14412145       1.1055652      -12.907943      0.46827762       1.3935465       12.751614     1.23611e-13       2.9395281       1.4734747        1.4734747      -22.965603      -22.965603
              5      -10.157533     0.067216346       1.1181638      -12.909973      0.43712553        1.167391       13.126949    1.230344e-13       2.7360594       1.8268246        1.8268246      -23.968716      -23.968716
              1      -9.4241255     0.080086718        1.140744      -12.904723      0.44655813       1.2025045       13.827512   1.2453088e-13       2.7961349       1.7528349        1.7528349      -22.353921      -22.353921
              3      -9.8299159     0.011007057      0.90400178      -12.949516      0.26684438       1.0256686       8.0168135   1.1232686e-13       1.8486061       2.4440488        2.4440488      -24.547929      -24.547929
              6      -10.241901     0.021837326       0.8964512      -12.948662      0.27159204       1.0515679       7.8786389   1.1254803e-13       1.8689257       2.3890619        2.3890619      -25.261927      -25.261927
              7      -10.828815      0.33383671       0.9630562      -12.905677      0.17915923       2.1569333       9.1845144   1.2425751e-13       1.5106339       1.1791078        1.1791078      -24.015845      -24.015845
              4      -10.898588      0.33416306      0.98908354      -12.898874       0.2050332       2.1585547       9.7517721   1.2621946e-13        1.603368       1.1125679        1.1125679      -24.022312      -24.022312
              9       -10.76195      0.32919234       1.0013427      -12.892844      0.20420339       2.1339898       10.030964   1.2798421e-13       1.6003073       1.1126736        1.1126736      -23.749247      -23.749247
              7      -10.621783       0.3172528       0.9791667       -12.89542      0.19332364       2.0761217       9.5316196   1.2722725e-13       1.5607151       1.1786931        1.1786931      -23.600953      -23.600953
             18      -10.252495      0.29471599      0.98465055      -12.894227      0.18746263       1.9711333       9.6527388   1.2757705e-13        1.539794       1.2519702        1.2519702       -23.00893       -23.00893
              2      -11.258684      0.44216733      0.73043486      -12.996223      0.31275039       2.7680079       5.3756979   1.0087355e-13       2.0547093       1.2112492        1.2112492      -24.939866      -24.939866
              4      -10.969818      0.70792007       0.7364907      -13.006694      0.31274529       5.1041105       5.4511822   9.8470505e-14       2.0546852      0.86845898       0.86845898      -23.676553      -23.676553
              8       -11.14278      0.71378889      0.74273827      -13.006065      0.30843691       5.1735528       5.5301673    9.861329e-14       2.0344026       0.8589955        0.8589955      -24.003552      -24.003552
              1       -10.23874      0.81761068      0.68769212      -13.002592      0.23032315       6.5706854         4.87183   9.9404986e-14       1.6995078      0.99358689       0.99358689      -22.464653      -22.464653
             22      -10.654777      0.57391703      0.63116617      -13.008473      0.11061609       3.7490137       4.2772651   9.8068032e-14       1.2900784       1.4720717        1.4720717      -24.253698      -24.253698
              2      -6.0927202      0.50220442      0.64926909       -13.01501      0.17375938       3.1783697       4.4593246   9.6602942e-14       1.4919676       1.4817676        1.4817676      -15.148976      -15.148976
              5      -10.101885      0.65177281      0.86137912      -12.934725      0.11922089        4.485107        7.267401   1.1621846e-13        1.315894       0.8079617        0.8079617      -21.819694      -21.819694
              1       -10.51896      0.65918609      0.85565449      -12.933851      0.11886769       4.5623237       7.1722346   1.1645259e-13       1.3148242      0.80449073       0.80449073      -22.646901      -22.646901
             26      -10.323927      0.94193055      0.77118705      -12.971885      0.28601653       8.7484386       5.9045534   1.0668774e-13       1.9320418      0.73934909       0.73934909      -22.126552      -22.126552
             10      -12.149832       0.7796099      0.89046242      -12.945392      0.60748756       6.0201858       7.7707407   1.1339874e-13       4.0503035      0.25563666       0.25563666      -24.810937      -24.810937
              5      -11.171293      0.81162736      0.98923213       -12.92917      0.48553494       6.4807812        9.755109   1.1771439e-13       3.0586863      0.19572058       0.19572058      -22.734028      -22.734028
              3      -11.913385      0.84610255      0.79764154      -12.958308      0.58113063       7.0162095       6.2754018   1.1007581e-13       3.8118046      0.39021085       0.39021085      -24.607193      -24.607193
              6      -11.789379      0.60787195       1.1607576      -12.882201       1.0490888       4.0538899       14.479635   1.3115916e-13       11.196669      0.38485181       0.38485181      -24.348461      -24.348461
              5      -11.512783      0.35951776      0.99997333      -12.920115       0.8454357       2.2883253        9.999386   1.2019465e-13       7.0054446      0.78267741       0.78267741      -24.590921      -24.590921
              7      -10.618168       0.5871088      0.82502878      -12.964676      0.78050553       3.8646378       6.6838821   1.0847363e-13       6.0326139      0.53813059       0.53813059      -22.312597      -22.312597
              7      -11.276208      0.44570683      0.80977817      -12.964252      0.78442741       2.7906594       6.4532452   1.0857953e-13       6.0873379      0.80584927       0.80584927      -24.164114      -24.164114
              7      -11.481359      0.60305298      0.68207512      -13.027442      0.61974145       4.0091562       4.8092253    9.387669e-14       4.1662128      0.93813358       0.93813358      -24.838986      -24.838986
              1      -11.727872      0.63062431      0.69649385       -13.02251       0.6099701       4.2719318       4.9715733   9.4948934e-14       4.0735223      0.86244861       0.86244861      -25.180641      -25.180641
              1      -11.461984      0.57072857      0.73877062      -13.014867      0.71951293       3.7215903       5.4798746   9.6634582e-14       5.2421921       0.8434517        0.8434517      -24.610871      -24.610871
              2      -11.640143      0.50140719      0.72282165      -13.011664      0.69643101       3.1725406       5.2822828   9.7349961e-14        4.970854      0.96255485       0.96255485      -25.205397      -25.205397
             11      -11.438047      0.48437133      0.67619838      -13.025018      0.70830556       3.0505021       4.7445866   9.4402252e-14       5.1086431       1.1259936        1.1259936      -25.128082      -25.128082
              3      -10.872725      0.22950015      0.74288489      -12.997224      0.66819579       1.6962902       5.5320346   1.0064125e-13       4.6579604       1.6046033        1.6046033      -24.954656      -24.954656
              3      -10.304362      0.13687457      0.69898083      -13.011318      0.67166525       1.3704859       5.0001246   9.7427539e-14       4.6953206       2.0769566        2.0769566      -24.762638      -24.762638
             12      -10.339884    -0.034922141       1.0953389      -12.934343      0.67302964      0.92273684       12.454861   1.1632075e-13       4.7100947       2.2888425        2.2888425      -25.257454      -25.257454
             24      -11.879606      0.33508717       1.0909057      -12.918681      0.61049788       2.1631527        12.32837   1.2059221e-13       4.0784757      0.77843165       0.77843165      -25.316076      -25.316076
              1      -11.497705      0.27064011        1.064373      -12.924095      0.66467449       1.8648337       11.597729   1.1909816e-13       4.6203459      0.98747202       0.98747202      -24.970354      -24.970354
              5      -11.185331      0.30590166      0.95344408      -12.943597      0.61960995       2.0225612       8.9834691   1.1386846e-13       4.1649515       0.9733708        0.9733708      -24.317404      -24.317404
              5       -10.69657      0.51269598         1.02655      -12.928578       0.4364465       3.2560869       10.630409   1.1787506e-13       2.7317849      0.48175213       0.48175213      -22.356644      -22.356644
              4        -10.5842       0.5370444       1.0490916      -12.934331      0.35648513       3.4438514       11.196741   1.1632405e-13       2.2724018      0.51849632       0.51849632      -22.205392      -22.205392
             22      -9.9898835      0.62508844      0.90798044      -12.957919      0.30021408       4.2178238       8.0905946   1.1017444e-13       1.9962461      0.59573761       0.59573761      -21.171242      -21.171242
             14      -10.701043      0.25888882      0.96188398      -12.939811      0.80917271        1.815051       9.1597576   1.1486533e-13        6.444255       1.1369423        1.1369423      -23.675971      -23.675971
              4      -10.761577      0.21126911      0.74268632      -12.992669      0.60777843       1.6265563       5.5295059    1.017024e-13        4.053017       1.6572565        1.6572565      -24.837667      -24.837667
             51      -11.533818       1.3172329       1.1078282      -12.874984      0.87493199       20.760263       12.818235   1.3335704e-13       7.4977678      0.85605427       0.85605427      -24.779744      -24.779744
             10      -9.8893151       1.2207036       1.1184922       -12.89975      0.84805063       16.622778       13.136879   1.2596497e-13       7.0477523      0.60878074       0.60878074      -20.996192      -20.996192
             18      -11.413688      0.67730122       1.0254937      -12.881731      0.88694045       4.7566503       10.604587   1.3130121e-13       7.7079776      0.16804667       0.16804667      -23.163469      -23.163469
             31      -11.681509      0.77373434       1.0490507      -12.879286      0.81259775       5.9392873       11.195687   1.3204244e-13        6.495278     0.064202365      0.064202365      -23.491423      -23.491423
              3      -10.935158      0.37647949       1.1382552      -12.895876      0.40980484       2.3794659       13.748496   1.2709375e-13        2.569241      0.72147514       0.72147514      -23.313265      -23.313265
              9      -11.986862      0.48620342       1.0498376       -12.92712      0.47264929        3.063398       11.215989   1.1827137e-13       2.9692673      0.49631811       0.49631811      -24.966359      -24.966359
             11      -11.189847      0.78015333      0.92944143      -12.886208       0.8254283       6.0277236       8.5004405   1.2995472e-13       6.6900336      0.13283513       0.13283513      -22.645365      -22.645365
              9      -10.334822      0.85093416        1.086772      -12.885058      0.63964595       7.0947021       12.211585    1.302992e-13       4.3616011     0.033111075      0.033111075      -20.735866      -20.735866
              3       -10.17215      0.84153774       1.0655753      -12.890742      0.63935115       6.9428493       11.629881   1.2860502e-13       4.3586415       0.0429702        0.0429702      -20.430241      -20.430241
             38      -10.392394       1.1539825      0.80468958      -12.900616      0.78180295       14.255503       6.3780744   1.2571406e-13       6.0506628      0.59851829       0.59851829      -21.981824      -21.981824
             13      -10.513373       1.0988372      0.98875958      -12.860884     0.025719092       12.555591       9.7445004   1.3775787e-13       1.0610091      0.94802864       0.94802864      -22.922804      -22.922804
             78      -11.428493      0.59998802       1.4129662      -12.782152      0.30224079       3.9809619       25.880112   1.6513843e-13       2.0055837      0.50205301       0.50205301      -23.861091      -23.861091
             13      -11.068454      0.57353048       1.3563737      -12.758741      0.12262757       3.7456783       22.718187   1.7428444e-13       1.3262566      0.78313133       0.78313133       -23.70317       -23.70317
              7      -10.817212       0.3448307        1.396865      -12.803898      0.29525723       2.2122321       24.938192    1.570731e-13       1.9735913       1.0003502        1.0003502      -23.635124      -23.635124
             12        -11.0015      0.32825948       1.3926457        -12.8053       0.3027703        2.129411       24.697084   1.5656706e-13       2.0080305       1.0342051        1.0342051      -24.071411      -24.071411
             14      -10.396218      0.33189595       1.4261667      -12.787251       0.2701329        2.147316       26.678824   1.6321072e-13       1.8626571       1.1097012        1.1097012      -23.011839      -23.011839
             15      -11.271466      0.55783766       1.4386479      -12.778488      0.29200871       3.6127479        27.45667   1.6653734e-13        1.958884      0.60434425       0.60434425       -23.75162       -23.75162
              3      -11.548707       0.5357924        1.395108      -12.778064      0.22422757       3.4339376       24.837506   1.6669998e-13       1.6758208      0.68605214       0.68605214      -24.469518      -24.469518
              4      -10.188341      0.58894937        1.395666      -12.775368      0.20242917       3.8810511       24.869439   1.6773807e-13       1.5937829      0.64202754       0.64202754      -21.660736      -21.660736
              8      -11.549377      0.58986516       1.4194896      -12.787764      0.31010295       3.8892438       26.271784   1.6301834e-13        2.042222      0.50729558       0.50729558      -24.113344      -24.113344
              6      -11.056988       0.5711984       1.3729757       -12.79189      0.29657069       3.7256187       23.603464   1.6147663e-13       1.9795692      0.50185668       0.50185668       -23.11769       -23.11769
             39      -11.027981       0.4690293       1.2918887      -12.762819     0.045596556       2.9446203       19.583428   1.7265575e-13       1.1106994       1.0610787        1.0610787      -24.178119      -24.178119
              3      -11.231067      0.53482097      0.66856409       -13.01502      0.25785967       3.4262652       4.6619122   9.6600714e-14       1.8107549       1.2698663        1.2698663      -25.001866      -25.001866
              5      -11.070834      0.95112872      0.76866154      -12.985227      0.30824537       8.9357029       5.8703168   1.0346019e-13       2.0335056      0.77222306       0.77222306      -23.686114      -23.686114
              8      -10.238359       1.0308386      0.79789756       -12.99225      0.39681332       10.735904       6.2791023   1.0180045e-13       2.4935227      0.76172893       0.76172893      -22.000175      -22.000175
              6      -11.069093      0.87138095       0.8082278      -12.968583      0.37813542       7.4367118       6.4302491   1.0750218e-13        2.388556      0.54432613       0.54432613      -23.226839      -23.226839
             12      -8.6385412      0.96825187      0.76705575      -12.976487      0.38768565        9.295053       5.8486516   1.0556329e-13       2.4416626      0.67424398       0.67424398       -18.62557       -18.62557
              4       -8.296382      0.75783922      0.93839001      -12.932157      0.42698309       5.7258401       8.6774079   1.1690772e-13       2.6729024      0.27955395       0.27955395      -17.151872      -17.151872
             15      -12.258616       1.0165795       1.2771703      -12.889327      0.50740044       10.389137       18.930857   1.2902463e-13       3.2166251      0.24299188       0.24299188      -25.003216      -25.003216
             21      -12.248098       1.0982944       1.3152536      -12.876687      0.52986851       12.539909       20.665864   1.3283521e-13       3.3874158      0.35912661       0.35912661       -25.21445       -25.21445
              6      -12.147797       1.0501282       1.2940613      -12.876307      0.53037624       11.223498       19.681643   1.3295131e-13       3.3913783      0.26842406       0.26842406      -24.832443      -24.832443
             11      -11.151096      0.61343147       1.1438567      -12.932872      0.52809315       4.1061184       13.926971   1.1671534e-13       3.3735966      0.27202648       0.27202648      -22.846244      -22.846244
              6      -10.232866      0.51884469       1.5214303      -12.915855      0.95473825       3.3025141       33.222347   1.2137948e-13       9.0102793      0.74848106       0.74848106      -21.962695      -21.962695
              1      -10.062973      0.53219338       1.6344428      -12.916768      0.94309379        3.405598       43.096576   1.2112456e-13       8.7719024      0.89435043       0.89435043      -21.914646      -21.914646
              9      -8.0263648      0.43062867       1.7097423      -12.892569      0.86719753       2.6954338       51.255712   1.2806519e-13       7.3654203        1.134491         1.134491      -18.321712      -18.321712
              1      -9.2780604      0.35072526        1.718014      -12.873292      0.84412569       2.2424629       52.241307   1.3387752e-13       6.9843452       1.3134224        1.3134224      -21.182966      -21.182966
              3      -9.7350292      0.23701603        1.705867      -12.883162      0.81793792       1.7259016       50.800381   1.3086937e-13       6.5756383       1.6428667        1.6428667      -22.755792      -22.755792
              8      -8.9843444      0.28399988        1.611077      -12.899431      0.85165587       1.9230912        40.83918   1.2605763e-13       7.1065018       1.3555988        1.3555988      -20.679886      -20.679886
              5       -9.189042      0.29009866       1.6042757      -12.899488      0.84839462       1.9502876       40.204597   1.2604098e-13       7.0533368       1.3230753        1.3230753      -21.024235      -21.024235
             13      -10.293651        0.313818       1.4706105      -12.936452      0.92414445       2.0597666       29.553606   1.1575714e-13       8.3973924       1.1949615        1.1949615      -22.977225      -22.977225
              1      -10.316185     0.089312445       1.3866467       -12.90386      0.90972269       1.2283226       24.358282    1.247785e-13       8.1231167       1.8469859        1.8469859      -24.326341      -24.326341
              1       -10.54262      0.41771882       1.1914244      -12.916831       1.0183063       2.6164884       15.539049   1.2110698e-13       10.430528       0.7587214        0.7587214      -22.602684      -22.602684
              6      -11.520395      0.53598385       1.1894054       -12.89699       0.7795008       3.4354517       15.466974   1.2676823e-13       6.0186738      0.30090797       0.30090797      -23.642605      -23.642605
             21      -12.246215      0.74940144       1.3076115      -12.875553      0.74806767       5.6156682       20.305397   1.3318241e-13       5.5984482      0.09433258       0.09433258      -24.681096      -24.681096
              1      -11.243301      0.84657698       1.1793281      -12.871099      0.74353753       7.0238783       15.112216   1.3455526e-13       5.5403542     0.026251433      0.026251433      -22.539106      -22.539106
              5      -10.893508      0.42977116      0.99297933      -12.886014      0.14542079        2.690117       9.8396428   1.3001285e-13        1.397722      0.93761483       0.93761483      -23.662246      -23.662246
             28      -11.546361      0.48358752       1.1413428      -12.848952      0.14067216       3.0450016        13.84659     1.41595e-13       1.3825224      0.76528849       0.76528849      -24.623299      -24.623299
             20      -11.443744      0.48198997        1.155889      -12.845851      0.13711689       3.0338211        14.31822   1.4260984e-13       1.3712508      0.77429037       0.77429037      -24.436068      -24.436068
              8      -10.912729      0.41298413       1.1878356      -12.842542      0.14605229       2.5881183       15.411168   1.4370035e-13       1.3997558      0.91468312       0.91468312      -23.654824      -23.654824
              5      -11.065607      0.36920234       1.1673899      -12.849343      0.15161797       2.3399272       14.702458   1.4146775e-13       1.4178098       1.0158476        1.0158476       -24.16291       -24.16291
              3      -10.842883      0.60573404       1.0544929      -12.789659   -0.0091310008       4.0339828       11.336864   1.6230844e-13      0.97919458      0.87665436       0.87665436      -23.439075      -23.439075
              5       -10.81077      0.60067301       1.0510678      -12.787338    -0.015734615       3.9872458       11.247807   1.6317806e-13      0.96441817      0.90044063       0.90044063      -23.422422      -23.422422
             13      -10.831614        0.641601        1.046585      -12.786832   -0.0069989352       4.3812799       11.132302   1.6336838e-13      0.98401352      0.83573437       0.83573437      -23.334696      -23.334696
              7      -10.570469       0.6235834       1.0559646      -12.793508    -0.038393842       4.2032324       11.375345   1.6087643e-13      0.91538999      0.91791358       0.91791358      -22.976766      -22.976766
              8       -10.69252      0.63473673       1.0629309      -12.786358    -0.013224521       4.3125757       11.559284   1.6354676e-13      0.97000836      0.85336228       0.85336228      -23.091764      -23.091764
              4      -10.369642      0.69456011       1.1468492      -12.766082    -0.051660796       4.9494861       14.023267   1.7136351e-13      0.88784919      0.90700462       0.90700462      -22.553293      -22.553293
              3      -9.0974311      0.70207497        1.053804      -12.780655    -0.099474361       5.0358753       11.318895   1.6570856e-13      0.79529022       1.0060961        1.0060961      -20.207054      -20.207054
              9      -10.245493      0.73105386       1.0094055      -12.787142     -0.08648958       5.3833654       10.218931   1.6325168e-13      0.81942728      0.96466326       0.96466326      -22.420312      -22.420312
              4      -9.6067423      0.65867297      0.85948256      -12.842082     -0.11381685       4.5569364       7.2357335   1.4385264e-13      0.76945486       1.1663258        1.1663258      -21.546136      -21.546136
              5      -9.6817944      0.63890768       0.9485134      -12.833535    -0.026294575        4.354193       8.8820538   1.4671162e-13      0.94125095      0.90665272       0.90665272      -21.176894      -21.176894
              5      -10.013182      0.59410971      0.94745962       -12.81342    -0.061322058       3.9274414       8.8605283   1.5366669e-13      0.86831628       1.0416666        1.0416666      -22.109697      -22.109697
              4      -10.276463      0.60796562      0.98558923      -12.810328    -0.019600811       4.0547644       9.6736247   1.5476486e-13      0.95587079      0.90870437       0.90870437      -22.370335      -22.370335
              9      -10.286118      0.63183701      0.95079771      -12.815607    -0.024103368       4.2838772       8.9288949   1.5289473e-13      0.94601197      0.90797417       0.90797417      -22.388184      -22.388184
             26      -8.6587163      0.46624794       1.0276722      -12.783046    -0.051161063       2.9258223       10.657914   1.6479886e-13      0.88887141       1.2173689        1.2173689       -19.75217       -19.75217
              5      -9.2193283      0.13213177       1.1386137      -12.893864      0.29615472       1.3556006       13.759851    1.276838e-13       1.9776741       1.6566676        1.6566676      -21.751992      -21.751992
              5      -11.101138      0.28429943       1.1822289      -12.873984      0.23218456       1.9244181        15.21349    1.336645e-13       1.7068076       1.1641069        1.1641069       -24.53049       -24.53049
              9      -11.327076      0.64958823      0.71721342      -12.995317      0.24140792       4.4626028        5.214509   1.0108419e-13       1.7434437      0.98387541       0.98387541      -24.621903      -24.621903
             10      -11.017006      0.70097435      0.80006834      -12.959178      0.20640168       5.0231293       6.3105664   1.0985549e-13       1.6084282      0.75729949       0.75729949       -23.54861       -23.54861
             19      -11.016896      0.38543499      0.81447124      -12.972973      0.40008898       2.4290418       6.5233585   1.0642088e-13       2.5124012       1.0694572        1.0694572      -24.172707      -24.172707
             21      -11.084936      0.29132875      0.73838842      -13.003919      0.46214683       1.9558194       5.4750542   9.9101608e-14       2.8983233       1.5017243        1.5017243      -25.173321      -25.173321
             15      -12.201707      0.58441422       1.0647396      -12.933547      0.52882828        3.840734       11.607523   1.1653397e-13       3.3793119      0.31511265       0.31511265      -25.033639      -25.033639
              4      -12.407693      0.84786859       1.1227311      -12.859253      0.87294889       7.0447988       13.265729   1.3827614e-13       7.4636091     0.068290629      0.068290629      -24.951968      -24.951968
             18      -12.039601      0.82415958       1.0819281      -12.864649      0.86638929       6.6705183       12.076138   1.3656855e-13       7.3517257     0.067784743      0.067784743      -24.214771      -24.214771
              3      -11.295605      0.37638253       1.1203483       -12.93027      0.64709421       2.3789347       13.193144   1.1741678e-13       4.4370488      0.68627489       0.68627489       -23.96376       -23.96376
              4      -10.989038      0.51030184        1.149975      -12.920195      0.75009153       3.2381864       14.124561   1.2017234e-13       5.6245985      0.37623146       0.37623146      -22.730538      -22.730538
              7      -12.235247      0.51447411       1.1051201      -12.923673      0.56750374       3.2694456       12.738554   1.1921382e-13       3.6940583      0.38111859       0.38111859      -25.232731      -25.232731
              6      -10.807702      0.48503015        1.395994      -12.886996       1.0603507       3.0551332       24.888227   1.2971922e-13       11.490812      0.72973417       0.72973417      -23.074872      -23.074872
              4      -11.738819      0.55303679       1.2472573       -12.91038      0.99989793        3.573031       17.670843   1.2291918e-13       9.9976501      0.47717186       0.47717186      -24.431981      -24.431981
              6      -11.642151       0.5059304        1.021183      -12.931888      0.80615487       3.2057556       10.499847   1.1698015e-13         6.39963      0.44824053       0.44824053      -24.180783      -24.180783
              3      -11.999918       0.6574672       1.2279788      -12.892561      0.89953719       4.5443021       16.903583    1.280675e-13        7.934822      0.21483513       0.21483513      -24.429507      -24.429507
             16      -10.047316      0.66840324       1.0757047      -12.896882       1.2541928       4.6601858       11.904324    1.267995e-13       17.955305      0.66785938       0.66785938       -21.43035       -21.43035
             54      -9.6959253      0.67522373       1.0758243      -12.896636       1.2556671       4.7339507       11.907601    1.268714e-13       18.016361      0.66449377       0.66449377      -20.720838      -20.720838
              2      -7.9873234     0.047052233      0.94816888      -12.947796      0.80308307       1.1144286       8.8750106   1.1277275e-13       6.3545247       2.0072451        2.0072451      -19.989137      -19.989137
              2      -7.4896422     0.020688286      0.94858915      -12.944452      0.81110992       1.0487894       8.8836033   1.1364434e-13       6.4730643       2.1247488        2.1247488      -19.228782      -19.228782
              1      -7.9722606     0.021536964      0.93691447      -12.946157      0.79955216       1.0508409        8.647976   1.1319913e-13       6.3030705       2.1275865        2.1275865      -20.199694      -20.199694
              5      -8.9946257    -0.082101275      0.91908413      -12.939392      0.84251418      0.82774911       8.3001154   1.1497618e-13       6.9584767        2.668654         2.668654       -23.32656       -23.32656
             14      -6.4104166      0.22475038       1.0403679       -12.88723       1.0107526       1.6778394       10.974074   1.2964939e-13       10.250678       1.2692051        1.2692051      -15.359243      -15.359243
              2      -5.6380052      0.14059259      0.90591739      -12.925488      0.91979464       1.3822691       8.0522527   1.1871666e-13       8.3137056       1.6436854        1.6436854      -14.563381      -14.563381
              4      -5.9962249     -0.18051774      0.77561743      -12.926806       1.0493076      0.65990628       5.9650959   1.1835705e-13       11.202311       3.5183392        3.5183392      -19.029128      -19.029128
              5      -10.855978      0.25748045       1.2122091      -12.891784       1.0461638       1.8091745       16.300807   1.2829693e-13       11.121511       1.2083392        1.2083392      -24.128635      -24.128635
              2      -10.983365      0.53584523      0.98234397      -12.919485      0.73733871       3.4343554        9.601608   1.2036916e-13       5.4618366      0.35845457       0.35845457       -22.68364       -22.68364
              1      -11.492728      0.60114481      0.97035442      -12.930904       0.7653968       3.9915797       9.3401623   1.1724551e-13       5.8263531      0.30375278       0.30375278      -23.592961      -23.592961
             23       -12.26389      0.58903683       1.0509971      -12.920511      0.69833416       3.8818328       11.245976   1.2008514e-13       4.9926849      0.24998664       0.24998664      -25.027753      -25.027753
              4      -12.058436      0.54374007       1.0778165      -12.921538      0.55753579       3.4973578       11.962351   1.1980132e-13       3.6102377      0.33241776       0.33241776      -24.781708      -24.781708
