#        weight    minuslogpost         logphi0          loggst           logV0           logQ0            phi0             gst              V0              Q0   minuslogprior minuslogprior__0            chi2       chi2__stb
             37      -10.637526      0.66213737       1.6874621      -12.913141       0.8165651       4.5934329       48.692498   1.2214028e-13       6.5548854      0.72974643       0.72974643      -22.734545      -22.734545
             10      -10.602924      0.66333406       1.6853255      -12.912696      0.82015402       4.6061074        48.45354   1.2226555e-13        6.609278      0.72533901       0.72533901      -22.656526      -22.656526
              1      -7.2477527       0.4861661       1.7255204      -12.905194      0.78845166       3.0631348       53.152093   1.2439599e-13       6.1440064       1.0299052        1.0299052      -16.555316      -16.555316
             55      -7.2259843      0.40396712       1.6623826      -12.924993      0.95162236       2.5349367       45.960268   1.1885217e-13       8.9458654       1.2374509        1.2374509       -16.92687       -16.92687
              8       -7.773399      0.59050935       1.3864498      -12.884653      0.62295968       3.8950169       24.347241   1.3042079e-13       4.1972001      0.29596777       0.29596777      -16.138734      -16.138734
              5      -10.731892       0.6268614       1.3548207      -12.885964      0.61910367       4.2350778       22.637098    1.300276e-13        4.160099      0.22683996       0.22683996      -21.917464      -21.917464
              5      -10.063067      0.60632299       1.3704523      -12.855749      0.54059611        4.039457       23.466717   1.3939617e-13       3.4721311      0.25313045       0.25313045      -20.632396      -20.632396
              8      -9.3113712      0.61038145       1.3615226      -12.854926      0.54976262       4.0773825       22.989134   1.3966059e-13       3.5461951       0.2363743        0.2363743      -19.095491      -19.095491
             10      -12.441587       0.6802398       1.3292923      -12.870741      0.56242242       4.7889444       21.344811    1.346663e-13        3.651089      0.15132229       0.15132229      -25.185819      -25.185819
             18      -11.126081      0.41702545      0.85169585      -12.946816      0.80071169       2.6123144       7.1071561   1.1302743e-13       6.3199216       0.7819287        0.7819287       -23.81602       -23.81602
              9      -11.152997      0.29383795      0.68191372      -13.011975      0.52639305       1.9671521       4.8074384   9.7280227e-14        3.360416       1.5725843        1.5725843      -25.451162      -25.451162
              8      -11.015467       0.3553914      0.68258256      -13.003801      0.55910436       2.2666862       4.8148478   9.9128621e-14       3.6233006       1.3414893        1.3414893      -24.713913      -24.713913
             20        -10.2866     0.037668092      0.99917968      -12.920879      0.27594713       1.0906065       9.9811293   1.1998328e-13       1.8877615       2.1745509        2.1745509      -24.922301      -24.922301
              7      -10.308681     0.067451698      0.98928963      -12.922442      0.26626806       1.1680238       9.7564007   1.1955232e-13       1.8461546       2.0584399        2.0584399      -24.734241      -24.734241
              7      -9.4243335    -0.014999171       1.0107589      -12.926668      0.90114732      0.96605272       10.250826   1.1839464e-13       7.9642946       2.2769124        2.2769124      -23.402492      -23.402492
             11       -9.311737      0.13747345       1.0090119      -12.938193      0.88417384       1.3723771       10.209676   1.1529416e-13       7.6590312       1.6039349        1.6039349      -21.831344      -21.831344
             31      -9.7530361      0.15656926       1.1588978      -12.917767       0.6225746       1.4340664       14.417761   1.2084629e-13       4.1934802       1.3851357        1.3851357      -22.276344      -22.276344
              1      -9.4572506      0.35287273      0.61848456      -13.037845       0.7001153       2.2535787       4.1541728    9.165486e-14       5.0132031        1.594211         1.594211      -22.102923      -22.102923
              1      -10.005215      0.51834331      0.57080901      -13.057226      0.39493849       3.2987037       3.7222797   8.7654395e-14       2.4827815       1.5277527        1.5277527      -23.065934      -23.065934
             14      -9.8438911      0.57223838      0.86613633      -12.976344      0.35650847       3.7345509       7.3474447   1.0559814e-13        2.272524      0.69777497       0.69777497      -21.083332      -21.083332
              6      -11.419832      0.59775532      0.85184728         -12.976      0.65941519       3.9605483       7.1096345    1.056818e-13        4.564731      0.51697684       0.51697684      -23.873618      -23.873618
             53      -11.533278      0.63841763      0.76382975      -13.013787      0.68287858       4.3492826        5.805368   9.6875263e-14       4.8181307       0.7183068        0.7183068       -24.50317       -24.50317
             49      -11.404805      0.71167983       0.8176152      -12.997922      0.61904707       5.1484894       6.5707539   1.0047969e-13       4.1595569      0.53185187       0.53185187      -23.873314      -23.873314
             14      -11.566041      0.68381342      0.79532176       -13.00127      0.62113593       4.8285132       6.2419712   9.9708047e-14       4.1796117      0.58868968       0.58868968      -24.309462      -24.309462
             22      -10.886516      0.67044667      0.85619823       -12.97707      0.66071611       4.6821645         7.18122   1.0542175e-13        4.578425      0.43911508       0.43911508      -22.651262      -22.651262
             23      -10.012293      0.82298535      0.98760916      -12.910179      0.65319917       6.6525072       9.7187221   1.2297611e-13       4.4998617      0.10004402       0.10004402      -20.224674      -20.224674
              3      -12.441918      0.60293131       1.2091711      -12.892393      0.65997767       4.0080332       16.187177   1.2811706e-13       4.5706469      0.18064023       0.18064023      -25.245116      -25.245116
              3      -11.530091      0.26631945       1.2619115      -12.890527      0.55306587        1.846373       18.277279   1.2866872e-13       3.5732703      0.98553598       0.98553598      -25.031253      -25.031253
              6      -11.045351      0.55578904       1.1171141        -12.9263      0.39094106       3.5957463       13.095259   1.1849486e-13       2.4600337      0.42647231       0.42647231      -22.943646      -22.943646
              9      -9.5001323      0.99719066       1.0297517      -12.713597       1.1235954       9.9355214       10.709069    1.933762e-13       13.292154      0.58632852       0.58632852      -20.172922      -20.172922
              5      -10.565136      0.99584609      0.97260334      -12.743482       1.1342521       9.9048087       9.3886542   1.8051698e-13       13.622353      0.55542124       0.55542124      -22.241114      -22.241114
             28      -11.699046       1.0001269       1.0245162      -12.717234       1.1523601       10.002923       10.580744   1.9176343e-13       14.202348      0.62580693       0.62580693      -24.649706      -24.649706
              5      -10.833183      0.97410334      0.97762663      -12.725336       1.1230251       9.4211374        9.497879   1.8821943e-13       13.274712       0.5524865        0.5524865       -22.77134       -22.77134
             16      -10.990033      0.97500704      0.98537642      -12.720191       1.1261001       9.4407619       9.6688855   1.9046222e-13       13.369036      0.56680509       0.56680509      -23.113676      -23.113676
             17      -10.927494      0.93191906      0.98162353      -12.741616       1.1374437       8.5490737       9.5856932   1.8129425e-13       13.722831      0.50044636       0.50044636      -22.855881      -22.855881
              8        -10.3218      0.92521807      0.97033411       -12.75166       1.1403847       8.4181773       9.3397255   1.7714965e-13       13.816075      0.48701642       0.48701642      -21.617634      -21.617634
              2      -10.979035      0.98057947      0.98457272      -12.741825        1.141968       9.5626766        9.651009   1.8120716e-13       13.866535      0.54828806       0.54828806      -23.054647      -23.054647
              2      -12.343324       1.0223981       1.1764402       -12.89228      0.83744816       10.529267       15.012056   1.2815038e-13        6.877778      0.22317932       0.22317932      -25.133007      -25.133007
             30      -11.174664       1.0005747       1.1915803       -12.89069      0.95113244       10.013242       15.544627   1.2862055e-13       8.9357794      0.28122875       0.28122875      -22.911785      -22.911785
            119      -11.967762        0.920931       1.0693607       -12.83479       1.0793323       8.3354874       11.731693   1.4628844e-13       12.004174      0.29916881       0.29916881      -24.533862      -24.533862
             12      -12.244201      0.99370454      0.87584207      -12.946192      0.52534981       9.8560874       7.5134961   1.1319007e-13       3.3523535      0.39484933       0.39484933      -25.278101      -25.278101
             44      -12.267794      0.99492123      0.87389916      -12.947056      0.52479822       9.8837381       7.4799579   1.1296491e-13       3.3480985      0.40061657       0.40061657      -25.336821      -25.336821
              4      -11.992716      0.70704626      0.91157197      -12.952396      0.65443233       5.0938512       8.1577797   1.1158458e-13       4.5126571      0.28455924       0.28455924       -24.55455       -24.55455
              5       -9.991649      0.78495832      0.38782037      -13.084702      0.50403832        6.094784       2.4424201   8.2280763e-14       3.1918194       1.7586772        1.7586772      -23.500652      -23.500652
             50      -10.367493       0.7448837      0.31760963      -13.116471      0.46995137       5.5575542       2.0778282   7.6476763e-14       2.9508788       2.1849213        2.1849213      -25.104829      -25.104829
              3      -10.898498      0.66394494      0.50307566      -13.075536      0.55215574        4.612591       3.1847523   8.4035732e-14       3.5657898       1.4766539        1.4766539      -24.750304      -24.750304
             10      -11.716964      0.62603137      0.79409562      -13.010301      0.55210091       4.2269915       6.2243732   9.7656052e-14       3.5653397      0.70194612       0.70194612       -24.83782       -24.83782
              3      -10.178588       1.3422642      0.55616618      -13.057823      0.41996742       21.991976       3.5988701   8.7534035e-14       2.6300707       2.1318459        2.1318459      -24.620868      -24.620868
              7      -10.178483       1.3422721      0.55613634      -13.057828      0.41997364       21.992374       3.5986229   8.7533062e-14       2.6301083       2.1319509        2.1319509      -24.620868      -24.620868
              9      -9.2846842       1.3680208      0.54795212      -13.051745      0.40902793       23.335697       3.5314423   8.8767715e-14        2.564649         2.20815          2.20815      -22.985668      -22.985668
             24      -9.6544486       1.3912847      0.62019146      -13.025495      0.40786994       24.619809        4.170532   9.4298508e-14       2.5578197       2.0215001        2.0215001      -23.351897      -23.351897
             14      -9.6284864       1.3783037      0.68076768      -13.023466      0.53397806       23.894817       4.7947689   9.4740232e-14       3.4196216       1.7881135        1.7881135        -22.8332        -22.8332
             25      -9.7445103       1.4121039      0.64871183      -13.034556      0.49886141       25.828783       4.4536063   9.2351429e-14        3.153998       2.0291904        2.0291904      -23.547401      -23.547401
              5      -10.363569       1.4238849      0.63841027      -13.030985      0.51298221       26.539024       4.3492089   9.3114082e-14       3.2582336       2.0640787        2.0640787      -24.855295      -24.855295
              5      -10.250252       1.4655017      0.64922475      -13.010954      0.49864814       29.207993       4.4588694   9.7509323e-14       3.1524495       2.1192272        2.1192272      -24.738959      -24.738959
             46      -9.8230737       1.4680788      0.66992165      -13.007488      0.48270387       29.381826       4.6765077   9.8290526e-14       3.0388123       2.0905328        2.0905328      -23.827213      -23.827213
              6      -9.4828529       1.5421312      0.76753517      -12.984239      0.49028807       34.844253       5.8551115   1.0369581e-13       3.0923459       2.1666404        2.1666404      -23.298987      -23.298987
              6      -9.9546606       1.4525099      0.74686085      -12.989227      0.52197233       28.347181       5.5829129   1.0251155e-13       3.3263836       1.8234136        1.8234136      -23.556148      -23.556148
              4      -10.036924       1.4534788      0.74691662      -12.990302      0.52083557       28.410496       5.5836298   1.0225811e-13       3.3176882       1.8318879        1.8318879      -23.737624      -23.737624
              5      -10.016222       1.4914286      0.69422583      -12.985712      0.56217858       31.004777       4.9456779    1.033447e-13       3.6490397       2.0211178        2.0211178       -24.07468       -24.07468
             12      -10.149115       1.4922208      0.69250388      -12.986364      0.56307883       31.061386       4.9261075   1.0318956e-13       3.6566116       2.0291163        2.0291163      -24.356462      -24.356462
              7      -9.8298316       1.5050286      0.61057885      -12.981918      0.60533747       31.991056       4.0792362    1.042515e-13       4.0303009       2.1859687        2.1859687      -24.031601      -24.031601
             11       -9.865946       1.4999372      0.61344861      -12.981045      0.61265038       31.618204       4.1062805   1.0446117e-13       4.0987401       2.1550028        2.1550028      -24.041897      -24.041897
             29        -9.85456       1.4903767      0.61166028      -12.979333      0.59660244       30.929773       4.0894064   1.0487386e-13       3.9500486       2.1155281        2.1155281      -23.940176      -23.940176
              1      -9.8756424       1.1634379       1.2833681      -12.839463     0.091462233       14.569273       19.202956   1.4472266e-13        1.234418      0.94521572       0.94521572      -21.641716      -21.641716
              9      -10.339405       1.2448574       1.3277713      -12.798009     0.051707279       17.573467       21.270186   1.5921774e-13        1.126438       1.2499857        1.2499857      -23.178781      -23.178781
              3      -10.649674       1.0404462       1.6760072      -12.742553      0.29811054       10.976053       47.424987   1.8090345e-13       1.9866005       0.9736646        0.9736646      -23.246677      -23.246677
             28      -10.642915       1.0390992       1.6782797      -12.742798      0.29601891       10.942063       47.673787    1.808016e-13       1.9770557      0.97818922       0.97818922      -23.242209      -23.242209
             35      -10.974993       1.0406006       1.6504876      -12.752066      0.31671791       10.979956       44.718539   1.7698415e-13       2.0735662      0.88684329       0.88684329      -23.723673      -23.723673
             41      -11.087942       1.0475289       1.6199215      -12.758643      0.32844958       11.156523       41.679409   1.7432395e-13       2.1303432      0.81845498       0.81845498      -23.812794      -23.812794
              4      -10.951727       1.0287217       1.6166078      -12.762235      0.32436275       10.683701       41.362596   1.7288795e-13       2.1103901      0.78598173       0.78598173      -23.475418      -23.475418
             12      -8.8757439      0.96672217       1.5604088      -12.809084      0.36348371       9.2623708       36.341996   1.5520855e-13       2.3093178      0.54057763       0.54057763      -18.832643      -18.832643
             12      -9.8882702      0.97515972       1.4989842      -12.835789      0.39509895       9.4440814         31.5489    1.459524e-13       2.4836989       0.4312261        0.4312261      -20.638993      -20.638993
              5      -10.840637      0.85756336       1.0767508      -12.921186       0.4042199       7.2038284       11.933031    1.198985e-13       2.5364126      0.21566897       0.21566897      -22.112611      -22.112611
              1      -9.9317453      0.93564177      0.72726462      -12.994734      0.29373671         8.62267       5.3365996   1.0121995e-13       1.9666936      0.86776835       0.86776835      -21.599027      -21.599027
             15      -10.845268      0.93746634      0.73718826      -12.991267      0.29455683       8.6589721       5.4599449   1.0203125e-13        1.970411      0.84094746       0.84094746      -23.372431      -23.372431
              3      -9.7993223      0.95268692      0.73866588      -12.991284      0.29055823       8.9678209       5.4785531   1.0202721e-13       1.9523525      0.85628463       0.85628463      -21.311214      -21.311214
              3      -10.515274      0.95828624      0.73944661      -12.989206      0.30150896       9.0841906       5.4884108   1.0251664e-13       2.0022069       0.8386733        0.8386733      -22.707895      -22.707895
              3      -11.608267       0.8632726       0.8574299      -12.951398      0.31584144       7.2991552        7.201615   1.1184118e-13       2.0693857      0.50229724       0.50229724      -24.221128      -24.221128
              2      -11.176462      0.54239646      0.96599241      -12.925629      0.81816058       3.4865545       9.2468202    1.186782e-13       6.5790105      0.39919393       0.39919393      -23.151313      -23.151313
              5      -12.013579      0.49174524       1.1038599      -12.929277      0.72751124        3.102739       12.701644   1.1768554e-13       5.3396309      0.42653317       0.42653317      -24.880225      -24.880225
             22      -11.818214      0.76020319       1.1602983      -12.876071       1.0430011       5.7570923        14.46433   1.3302355e-13       11.040814      0.25241513       0.25241513      -24.141259      -24.141259
             94      -11.743751      0.76112878       1.1632375      -12.875676       1.0397319       5.7693751       14.562552   1.3314465e-13       10.958014      0.24809251       0.24809251      -23.983687      -23.983687
             24      -11.961128      0.71842761       1.3463654      -12.900126       0.8013504       5.2291079       22.200635   1.2585607e-13       6.3292231      0.19183424       0.19183424      -24.305924      -24.305924
              7      -11.820703      0.72014456       1.3701054        -12.8982      0.79915431       5.2498218        23.44798   1.2641553e-13       6.2972989      0.20588187       0.20588187      -24.053171      -24.053171
             14      -10.706771      0.65377368       1.3834652        -12.8956      0.74526276       4.5058184       24.180498   1.2717459e-13        5.562407      0.24462257       0.24462257      -21.902788      -21.902788
              4      -10.586997      0.65412792       1.3828783      -12.895666      0.74506193       4.5094951       24.147839   1.2715516e-13       5.5598354        0.243819         0.243819      -21.661632      -21.661632
              3      -9.3949007      0.67524546       1.3796189      -12.899015      0.72151234       4.7341876        23.96729   1.2617848e-13       5.2663818       0.2230268        0.2230268      -19.235855      -19.235855
              6      -10.915931      0.66422347       1.4342644      -12.849806      0.61282013       4.6155501       27.180936   1.4131677e-13       4.1003425       0.2279869        0.2279869      -22.287835      -22.287835
             42      -9.0138244      0.95118186       1.2453737      -12.885248      0.92909756       8.9367964       17.594369   1.3024222e-13       8.4937125      0.22234286       0.22234286      -18.472335      -18.472335
             53       -11.47832       0.9274873       1.2115995      -12.896489      0.97604664       8.4622783       16.277943   1.2691448e-13       9.4633878      0.25272341       0.25272341      -23.462087      -23.462087
              6      -11.539145      0.84773017       1.3438958      -12.900339      0.78902083       7.0425537       22.074752   1.2579427e-13       6.1520637      0.16336741       0.16336741      -23.405024      -23.405024
             13      -12.076423      0.97975107       1.3787288      -12.854742      0.48223843       9.5444535       23.918217   1.3971971e-13       3.0355573      0.24870992       0.24870992      -24.650266      -24.650266
             35        -12.1831       1.0168077       1.3683196       -12.85009      0.46611219       10.394598       23.351758   1.4122442e-13       2.9249079      0.28868877       0.28868877      -24.943579      -24.943579
             12      -12.192443       1.0124875       1.3596977       -12.85464      0.46886481       10.291708       22.892734   1.3975261e-13       2.9435052      0.27737298       0.27737298      -24.939632      -24.939632
             17      -11.355405       1.0473696       1.2399693      -12.894854      0.54625911       11.152432       17.376782     1.27393e-13       3.5177025      0.25756424       0.25756424      -23.225939      -23.225939
             14      -12.268621        1.068337       1.1758922      -12.905863      0.52813245       11.704073       14.993128   1.2420431e-13       3.3739019      0.29725951       0.29725951      -25.131762      -25.131762
              1       -12.09616      0.89724498      0.94364321      -12.936658      0.60753968       7.8930522       8.7830066   1.1570243e-13       4.0507896       0.2135833        0.2135833      -24.619487      -24.619487
              2      -12.227183      0.96620444      0.87266504      -12.949259      0.54991192       9.2513356       7.4587327   1.1239341e-13       3.5474143      0.36808611       0.36808611      -25.190539      -25.190539
             55      -12.262344      0.96470186      0.91780479      -12.942073      0.52011963        9.219383        8.275701   1.1426864e-13       3.3122235      0.32378732       0.32378732      -25.172264      -25.172264
              4       -12.04836      0.96321485      0.95653753      -12.938512      0.49200017       9.1878701       9.0476862   1.1520947e-13       3.1045608      0.30293475       0.30293475       -24.70259       -24.70259
              9      -11.590886      0.81067826      0.94893069      -12.891533      0.76337068       6.4666336       8.8905921   1.2837102e-13       5.7992346      0.10041846       0.10041846       -23.38261       -23.38261
             14      -11.449017      0.83185779      0.96450183      -12.889152      0.74769598       6.7898127       9.2151378   1.2907665e-13       5.5936589     0.084747178      0.084747178      -23.067528      -23.067528
              2       -11.42895      0.83205303      0.96285951       -12.88967      0.74543381       6.7928657       9.1803557   1.2892285e-13       5.5645982     0.085879905      0.085879905       -23.02966       -23.02966
              4      -9.8104521      0.57572453       1.6639995      -12.777511       0.4290237       3.7646494       46.131708   1.6691272e-13        2.685491      0.77548837       0.77548837      -21.171881      -21.171881
             16      -11.487721       1.2939848        1.379949       -12.85277      0.47487911       19.678173       23.985512   1.4035557e-13       2.9845517      0.87176554       0.87176554      -24.718974      -24.718974
             12      -11.581604       1.3001833        1.375155      -12.858153      0.46817287       19.961046       23.722202   1.3862663e-13       2.9388192      0.89397717       0.89397717      -24.951161      -24.951161
              1       -11.52068        1.284547        1.284651      -12.879481       0.5216219       19.255152       19.259767   1.3198319e-13       3.3237006      0.77584336       0.77584336      -24.593046      -24.593046
             18      -9.6227802       1.2080926       1.4643824      -12.901174      0.71632996       16.147026       29.132813   1.2555281e-13       5.2039122      0.73451265       0.73451265      -20.714586      -20.714586
             16      -9.1976031      0.82670621       1.3906419      -12.978186      0.91250659        6.709748       24.583395   1.0515125e-13       8.1753544      0.48640679       0.48640679       -19.36802       -19.36802
              5      -6.5013067       1.1593887        1.335777      -12.938188      0.87352742       14.434066       21.665915   1.1529549e-13       7.4735582       0.6504034        0.6504034       -14.30342       -14.30342
              1      -8.2796596        1.695972       1.5717926      -12.799961      0.35627356        49.65603       37.307192   1.5850371e-13       2.2712951       2.8628619        2.8628619      -22.285043      -22.285043
              2      -8.5817902       1.6982815       1.5694974      -12.799704       0.3607853       49.920799        37.11055   1.5859726e-13       2.2950138       2.8672951        2.8672951      -22.898171      -22.898171
              1      -8.8476231       1.6844579       1.5732819      -12.792026       0.3684737       48.356836       37.435346   1.6142601e-13       2.3360046       2.7973417        2.7973417       -23.28993       -23.28993
             33      -11.060403       1.3792307       1.0721334      -12.926099      0.32029687       23.945876       11.806833   1.1854978e-13       2.0907248       1.2805158        1.2805158      -24.681837      -24.681837
              7      -11.035675       1.3354932       1.1027554      -12.928739      0.36965707        21.65176       12.669383   1.1783144e-13       2.3423785       1.0872395        1.0872395      -24.245828      -24.245828
             26      -11.660213       1.2591027       1.0771147      -12.920869      0.37658975        18.15945       11.943034   1.1998616e-13       2.3800701       0.8399685        0.8399685      -25.000364      -25.000364
              6      -10.996306        1.142793       1.1337422      -12.862449     0.045247177       13.892903       13.606368   1.3726215e-13       1.1098063      0.96189875       0.96189875      -23.916409      -23.916409
             19      -10.817207       1.1468953       1.1228063      -12.862514     0.052022994       14.024756       13.268025   1.3724153e-13       1.1272571      0.95630257       0.95630257       -23.54702       -23.54702
              5      -10.742785       1.1432688       1.1525012      -12.859736     0.053294731       13.908131       14.206963   1.3812229e-13       1.1305629      0.94574612       0.94574612      -23.377062      -23.377062
             27      -11.069558       1.1310124       1.1275847      -12.862587     0.059530999        13.52111       13.414814    1.372185e-13       1.1469144      0.91001517       0.91001517      -23.959146      -23.959146
              8      -12.211922      0.96476623      0.84312106      -12.952455      0.46513903       9.2207496       6.9682072   1.1156941e-13       2.9183611      0.44728325       0.44728325       -25.31841       -25.31841
              8      -11.928556      0.95310622      0.81149968      -12.975708      0.30337008       8.9764831       6.4788761   1.0575295e-13       2.0108056      0.69550519       0.69550519      -25.248123      -25.248123
             64      -11.070455      0.89227338      0.80461059      -12.944582      0.15117238       7.8032116       6.3769144   1.1361037e-13       1.4163558      0.77913815       0.77913815      -23.699186      -23.699186
             25      -11.141801      0.90135634      0.79451184      -12.944971      0.14240977       7.9681287       6.2303413   1.1350869e-13       1.3880649      0.81096193       0.81096193      -23.905527      -23.905527
             14      -11.201281      0.88690696      0.75937701      -12.951581      0.15849184       7.7073834       5.7461506   1.1179411e-13        1.440429      0.83768312       0.83768312      -24.077929      -24.077929
              4      -10.749843      0.66425892      0.74523685      -13.036121      0.49647291       4.6159269       5.5620751   9.2019362e-14       3.1366995      0.87117449       0.87117449      -23.242035      -23.242035
              9      -12.169646      0.58354039      0.93575744      -12.958045      0.69516123       3.8330139        8.624967   1.1014248e-13       4.9563416      0.41044558       0.41044558      -25.160184      -25.160184
             20      -11.752463      0.56668099       1.0613128      -12.921651      0.75636103       3.6870666       11.516295   1.1977027e-13       5.7063844       0.2930581        0.2930581      -24.091042      -24.091042
             20      -12.194385      0.74424376      0.92762989      -12.947611      0.53638314        5.549371        8.465057   1.1282078e-13       3.4386117      0.26774513       0.26774513      -24.924261      -24.924261
              2      -10.171404      0.63277762       0.8519517      -12.948105      0.60539177       4.2931654       7.1113443    1.126925e-13       4.0308048      0.39002705       0.39002705      -21.122861      -21.122861
              4       -11.32662      0.68950047      0.87606922      -12.965857      0.49953416       4.8921579        7.517427     1.08179e-13       3.1588875      0.41327081       0.41327081      -23.479781      -23.479781
              4      -11.798198      0.68859901      0.85114766      -12.973052      0.44329892       4.8820139       7.0981906   1.0640166e-13       2.7752296      0.49680184       0.49680184          -24.59          -24.59
             27      -12.383348      0.57300214       1.0864049      -12.917612      0.73037373       3.7411243       12.201266   1.2088926e-13       5.3749414      0.26425067       0.26425067      -25.295197      -25.295197
             11      -12.388425      0.57237229       1.0861178      -12.917781      0.73069177       3.7357026       12.193202   1.2084224e-13       5.3788789      0.26563246       0.26563246      -25.308115      -25.308115
              5      -12.106531      0.49493526       1.1248071      -12.920462      0.71747161       3.1256134       13.329292   1.2009854e-13       5.2176099      0.39704813       0.39704813      -25.007159      -25.007159
             19      -12.500184      0.84050824        1.135996      -12.906769      0.46452558       6.9264107       13.677162   1.2394558e-13       2.9142418      0.13224832       0.13224832      -25.264865      -25.264865
              7      -11.619573      0.91455371        1.365705      -12.811599      0.26519714       8.2139812       23.211594   1.5431258e-13       1.8416078      0.38283784       0.38283784      -24.004822      -24.004822
             19      -8.8655346       1.1322312       1.3160172      -12.904889      0.70707629        13.55911       20.702232   1.2448321e-13       5.0942036      0.43811899       0.43811899      -18.607307      -18.607307
              9        -11.4114       1.1756512       1.3944559      -12.873463      0.64228926       14.984807       24.800241   1.3382492e-13       4.3882288      0.54144301       0.54144301      -23.905686      -23.905686
             44      -11.906158       1.1833482       1.3572866      -12.876947      0.66008594       15.252752       22.765992   1.3275553e-13       4.5717865      0.52923645       0.52923645      -24.870788      -24.870788
             18      -11.700147       1.1863913       1.3581801      -12.877236       0.6589697       15.360004       22.812879   1.3266746e-13        4.560051      0.53723062       0.53723062      -24.474755      -24.474755
              2      -11.968611       1.0757788       1.3643093      -12.875177       0.5164276       11.906353       23.137119   1.3329771e-13       3.2841849      0.36297129       0.36297129      -24.663164      -24.663164
             23      -12.013997       1.0740096       1.3755997       -12.87293      0.51681832       11.857949       23.746506   1.3398924e-13       3.2871409        0.366977         0.366977      -24.761947      -24.761947
             27      -11.987069      0.78924205       1.3155637      -12.840147      0.26195004       6.1551983       20.680626   1.4449516e-13       1.8278899      0.31900117       0.31900117      -24.612141      -24.612141
              4      -11.479572      0.78828875       1.3163642      -12.839917      0.26441184       6.1417021       20.718782   1.4457176e-13       1.8382808      0.31634193       0.31634193      -23.591827      -23.591827
              1       -11.13767      0.74840917       1.3106409      -12.844154      0.29971265       5.6028523       20.447532   1.4316818e-13       1.9939426      0.28028496       0.28028496      -22.835911      -22.835911
             20      -11.411928      0.71424263       1.4819125      -12.763396      0.32731196       5.1789609       30.332801   1.7242641e-13       2.1247701      0.46773854       0.46773854      -23.759332      -23.759332
             11      -11.031139      0.76058571       1.4339729      -12.777319      0.32172164       5.7621653       27.162696   1.6698638e-13        2.097595      0.37967114       0.37967114       -22.82162       -22.82162
              3      -10.744617      0.76440197       1.4653564      -12.768768      0.31941563        5.813022       29.198221   1.7030669e-13       2.0864868      0.42722245       0.42722245       -22.34368       -22.34368
              2      -10.744472      0.76453973        1.465342      -12.768791      0.31921194       5.8148662       29.197254   1.7029796e-13       2.0855084      0.42736773       0.42736773       -22.34368       -22.34368
              9      -10.699497       1.2469999      0.61711806      -12.972006      0.64027698       17.660376       4.1411224   1.0665807e-13       4.3679432       1.2523009        1.2523009      -23.903595      -23.903595
              3      -10.670394       1.2483329      0.65110711      -12.999503      0.59832904       17.714661       4.4782374   1.0011448e-13       3.9657839       1.3115492        1.3115492      -23.963886      -23.963886
             16      -10.803878      0.99662652        1.096056      -12.863257       1.1513935       9.9226237       12.475445   1.3700704e-13       14.170772      0.48467762       0.48467762      -22.577111      -22.577111
             10      -11.612128      0.97376296       1.0981686      -12.866874         1.16537       9.4137565       12.536277   1.3587065e-13       14.634235      0.48622765       0.48622765      -24.196711      -24.196711
             27      -11.579827      0.98007405        1.103013      -12.863927       1.1685306       9.5515544       12.676897   1.3679588e-13       14.741124      0.49448631       0.49448631      -24.148627      -24.148627
              7      -11.794851      0.91280282      0.97913819      -12.923235      0.65731781       8.1809327       9.5309939   1.1933415e-13       4.5427392       0.1634658        0.1634658      -23.916633      -23.916633
              3      -12.449456      0.98156065       1.0869573      -12.926832      0.56870088       9.5843055       12.216796   1.1834981e-13       3.7042551      0.21199538       0.21199538      -25.322904      -25.322904
              5      -12.312088      0.68470257        1.129857      -12.916518      0.56864263        4.838409       13.485188   1.2119438e-13       3.7037583      0.14662026       0.14662026      -24.917416      -24.917416
             23      -12.192157      0.63556025        1.148801       -12.91513      0.58169786       4.3207611       14.086433   1.2158207e-13       3.8167865      0.18568801       0.18568801       -24.75569       -24.75569
             11      -12.418765      0.61807669       1.1565016      -12.911895      0.57191273       4.1502733       14.338432   1.2249117e-13       3.7317516      0.20202457       0.20202457      -25.241579      -25.241579
              8      -12.436646      0.62439113       1.1595137      -12.913617      0.56472134       4.2110571       14.438223   1.2200648e-13       3.6704671      0.20112126       0.20112126      -25.275535      -25.275535
              2      -12.457574      0.62988198       1.1606871      -12.912906      0.56905265       4.2646361       14.477284   1.2220647e-13       3.7072567      0.19224874       0.19224874      -25.299646      -25.299646
             62      -9.6911975       0.4663359       1.1874555      -12.851714       1.1187272       2.9264149       15.397688   1.4069724e-13       13.143989         0.68754          0.68754      -20.757475      -20.757475
             12      -9.6956159      0.46605651       1.1870811      -12.851814       1.1186483       2.9245329       15.384419   1.4066493e-13       13.141603      0.68798542       0.68798542      -20.767203      -20.767203
             17      -9.3760853     -0.21924297        1.236511      -12.892256      0.59727153      0.60361083       17.238958   1.2815745e-13       3.9561389       3.2746867        3.2746867      -25.301544      -25.301544
             28      -8.0469227      -0.2670496       1.2435866      -12.888424      0.62916649      0.54069257       17.522118   1.2929328e-13        4.257616       3.5704847        3.5704847      -23.234815      -23.234815
              5      -8.2218649     -0.31380764       1.2018209      -12.904359      0.66864487       0.4855035       15.915523   1.2463531e-13       4.6627795       3.8919843        3.8919843      -24.227698      -24.227698
             14      -6.6041237     -0.40324243       1.5331197      -12.825867      0.48124274      0.39514599       34.128693   1.4932504e-13       3.0286058        4.785921         4.785921      -22.780089      -22.780089
              1      -6.9217608      -0.3863344        1.559498      -12.819128       0.5740869      0.41083326       36.265862   1.5166039e-13       3.7504804       4.6593108        4.6593108      -23.162143      -23.162143
             14      -6.2781633     -0.40410994       1.5619553      -12.828473       0.5374716      0.39435746       36.471636   1.4843195e-13       3.4472406       4.8057372        4.8057372      -22.167801      -22.167801
             11      -4.8209931     -0.78517891       1.0872141      -12.933508      0.51633536      0.16399141       12.224022   1.1654455e-13       3.2834874       7.8614869        7.8614869       -25.36496       -25.36496
             34       -4.839673     -0.78348514       1.0889608      -12.933242      0.52667391      0.16463223       12.273286     1.16616e-13       3.3625899       7.8393464        7.8393464      -25.358039      -25.358039
              7      -3.1969119     -0.63085436       1.0245747      -12.945662      0.51325297      0.23396217       10.582169   1.1332808e-13       3.2602655       6.4935926        6.4935926      -19.381009      -19.381009
             18      -4.7665578     -0.69424201        1.037393      -12.924032       0.5598677      0.20218922       10.899159   1.1911534e-13       3.6296747       6.9772653        6.9772653      -23.487646      -23.487646
              3      -8.3407818     -0.11971888      0.99372496      -12.909092      0.30628253      0.75906877       9.8565507   1.2328448e-13       2.0243357       2.9247208        2.9247208      -22.531005      -22.531005
              2      -8.9939557     -0.14193502       0.9399965      -12.870534     0.085509408      0.72121538       8.7095656   1.3473068e-13       1.2176134       3.3585211        3.3585211      -24.704954      -24.704954
             21      -7.4565224     -0.13394532      0.94835182      -12.868421     0.070546009      0.73460635       8.8787499   1.3538754e-13       1.1763756       3.3340795        3.3340795      -21.581204      -21.581204
             13       -6.962991     -0.12919578      0.95540004      -12.868061      0.06834099      0.74268426       9.0240199   1.3549999e-13        1.170418       3.3068501        3.3068501      -20.539682      -20.539682
              4      -8.1886275     -0.17704869        1.409232      -12.869357      0.61180302      0.66519857       25.658545   1.3509629e-13       4.0907508       3.1036157        3.1036157      -22.584486      -22.584486
             17      -9.3605222     0.015093596       1.3549919      -12.865279       1.0658634       1.0353653        22.64602   1.3637071e-13         11.6376       2.2674537        2.2674537      -23.255952      -23.255952
              7      -10.588802      0.17884884       1.2848254      -12.895512       1.0661299       1.5095547       19.267499   1.2720032e-13       11.644744       1.5533266        1.5533266      -24.284258      -24.284258
              7      -10.819096        0.156865       1.3499982      -12.878231       1.0395807       1.4350433       22.387116   1.3236367e-13       10.954201       1.6238994        1.6238994      -24.885991      -24.885991
             27      -10.425879     0.095298968        1.365448      -12.901101      0.96757074       1.2453716       23.197866   1.2557391e-13       9.2804865       1.8482084        1.8482084      -24.548175      -24.548175
             25      -10.435559      0.14073279       1.3918182      -12.904348      0.90744803       1.3827154       24.650072   1.2463848e-13       8.0806823       1.6346072        1.6346072      -24.140333      -24.140333
             23       -10.42352      0.13417277       1.3865619      -12.909239      0.91611243       1.3619864       24.353531   1.2324263e-13        8.243515       1.6729382        1.6729382      -24.192917      -24.192917
             11      -10.411777      0.13345195       1.3891628      -12.908848      0.90856295       1.3597277       24.499817   1.2335353e-13       8.1014537       1.6714842        1.6714842      -24.166523      -24.166523
             44      -12.125674      0.83860471       1.4067142       -12.86675      0.61659093       6.8961184       25.510218   1.3590941e-13        4.136099      0.14970975       0.14970975      -24.550768      -24.550768
             12       -12.07743       1.0913244       1.1795987      -12.893374      0.86380757       12.340263       15.121632   1.2782789e-13        7.308152      0.34366003       0.34366003      -24.842179      -24.842179
              8      -11.737434       1.1275668       1.1841038      -12.887656      0.82432464       13.414262       15.279313   1.2952221e-13       6.6730541      0.37834324       0.37834324      -24.231554      -24.231554
             10      -11.212226       1.1277447       1.1938695      -12.882787      0.84602434       13.419759        15.62678    1.309825e-13       7.0149461        0.385742         0.385742      -23.195937      -23.195937
              9      -11.520147        1.160625       1.1953625      -12.884255      0.89255035       14.475213       15.680592   1.3054042e-13       7.8081895      0.48487377       0.48487377      -24.010042      -24.010042
             63      -11.770186       1.2108114       1.2707372      -12.896999      0.76403298       16.248428       18.652508   1.2676545e-13       5.8080853      0.58062064       0.58062064      -24.701614      -24.701614
              4       -9.550132       1.5893782       1.3528994       -12.87185      0.65021824       38.848849       22.537173   1.3432289e-13       4.4690811       1.9318713        1.9318713      -22.964007      -22.964007
             25       -11.74762       1.1821591       1.0977163      -12.896361      0.80268809       15.211046       12.523228   1.2695177e-13        6.348748      0.48955353       0.48955353      -24.474347      -24.474347
             15      -11.598704       1.2461015       1.0569735      -12.893776      0.79951413       17.623879       11.401802   1.2770966e-13       6.3025185      0.64568186       0.64568186      -24.488772      -24.488772
              6      -10.129027       1.3830312       1.4065061      -12.801055      0.21062279       24.156344       25.497997   1.5810486e-13       1.6241375       1.4573454        1.4573454      -23.172744      -23.172744
              2      -10.045931       1.3767764       1.3919119      -12.806471      0.19199998       23.810931       24.655389   1.5614536e-13       1.5559655       1.4474104        1.4474104      -22.986683      -22.986683
             28      -9.9082514       1.3771915       1.3893807      -12.805034      0.19352069       23.833703       24.512108   1.5666292e-13       1.5614234       1.4447878        1.4447878      -22.706078      -22.706078
              4      -9.7998459      0.97230911       1.3675526      -12.836197      0.24204111       9.3822956       23.310556   1.4581534e-13       1.7459874       0.4612853        0.4612853      -20.522262      -20.522262
             37      -9.9404759       1.1861104       1.1767832      -12.827629    -0.069546045       15.350072       15.023918    1.487207e-13      0.85202817       1.2965789        1.2965789       -22.47411       -22.47411
             10      -10.748757       1.1011527       1.2074353      -12.806072     0.043729758       12.622714       16.122608   1.5628883e-13       1.1059354      0.88657956       0.88657956      -23.270673      -23.270673
              3      -10.002474      0.67989194       1.4321862      -12.798009      0.35510165       4.7851101       27.051178   1.5921743e-13       2.2651744      0.36786588       0.36786588      -20.740681      -20.740681
             14      -11.385363       0.6343755       1.5202199      -12.766753      0.35373097       4.3089901       33.129886   1.7109864e-13       2.2580366      0.55086509       0.55086509      -23.872457      -23.872457
              6      -10.440156      0.70185689       1.5670691      -12.737248       0.3270431       5.0333472       36.903631   1.8312704e-13       2.1234552      0.64050968       0.64050968      -22.161332      -22.161332
             10      -7.4161398      0.77596453       1.0465619       -12.89238      0.61791378       5.9698652        11.13171   1.2812094e-13       4.1487167     0.053450424      0.053450424       -14.93918       -14.93918
              5      -8.4594931       0.2070575       1.1215009      -12.874493       1.1427228       1.6108589       13.228206   1.3350803e-13       13.890658        1.480177         1.480177       -19.87934       -19.87934
              7       -7.799639     0.094259308      0.95117829      -12.895211       1.1037843       1.2423939       8.9367229   1.2728851e-13       12.699433        1.951856         1.951856       -19.50299       -19.50299
              1      -10.091785    0.0020455497      0.69556248      -12.995227      0.77364309       1.0047212       4.9609229   1.0110518e-13       5.9380397       2.6356333        2.6356333      -25.454836      -25.454836
             19      -10.591007      0.32179935      0.71112304        -12.9747      0.59034846       2.0979703       5.1418931   1.0599846e-13       3.8935742        1.271809         1.271809      -23.725633      -23.725633
              8      -10.138494      0.67540791      0.74247006      -13.005613      0.42559284       4.7359587       5.5267531   9.8715938e-14       2.6643596      0.76974436       0.76974436      -21.816477      -21.816477
              3      -11.257721      0.61039644      0.72832673      -13.012954      0.45499244       4.0775232       5.3496668   9.7061282e-14       2.8509687      0.86518666       0.86518666      -24.245816      -24.245816
             11      -11.005004      0.46008506      0.65235391      -13.004747      0.59870144       2.8845964       4.4911123   9.8912911e-14       3.9691859        1.126006         1.126006       -24.26202       -24.26202
              2      -11.138309      0.54158498      0.79813404      -12.994214      0.66222704        3.480046       6.2825224   1.0134125e-13       4.5943814      0.72332785       0.72332785      -23.723274      -23.723274
             20      -11.189644      0.53748227      0.78262153      -12.999858      0.68136425       3.4473254       6.0620782   1.0003275e-13       4.8013598      0.77118493       0.77118493      -23.921658      -23.921658
             13      -10.270305       0.1413369      0.65363206       -13.02111      0.72155952       1.3846401       4.5043493   9.5255579e-14       5.2669539       2.1776231        2.1776231      -24.895856      -24.895856
              2      -9.5618853      0.17860219      0.52617292      -13.056922      0.11918631       1.5086976       3.3587132   8.7715781e-14       1.3157892       2.9320622        2.9320622      -24.987895      -24.987895
             10      -10.448841      0.52285998      0.54395795      -13.051943     0.047488519       3.3331893       3.4991129   8.8727304e-14       1.1155487       2.0475425        2.0475425      -24.992768      -24.992768
              3      -10.487869      0.52357444      0.54923707      -13.049491     0.036834848       3.3386772       3.5419063   8.9229664e-14       1.0885161        2.044308         2.044308      -25.064355      -25.064355
             13      -10.134432      0.54095289      0.57049819      -13.039393     0.018814589       3.4749847       3.7196167   9.1328668e-14       1.0442743       1.9584785        1.9584785      -24.185822      -24.185822
             19      -10.353429      0.60050214      0.48692673      -13.055004     0.010560018       3.9856773       3.0685042   8.8103985e-14       1.0246134       2.1426606        2.1426606      -24.992179      -24.992179
              3        -10.2801      0.60100103      0.50716124      -13.049438    -0.017439787       3.9902585       3.2148539    8.924048e-14        0.960639       2.1294989        2.1294989      -24.819198      -24.819198
             29      -10.214479      0.62718281      0.49366411      -13.060461    0.0058203972       4.2382133       3.1164783   8.7003989e-14       1.0134922       2.1368634        2.1368634      -24.702684      -24.702684
              4      -10.158447      0.66598685       0.5053296      -13.053498    0.0034154679       4.6343289       3.2013238   8.8410068e-14       1.0078954       2.0398873        2.0398873      -24.396669      -24.396669
              6      -9.3768095      0.73986061      0.59547265      -13.051218      0.25617535       5.4936452       3.9397862   8.8875406e-14       1.8037459        1.360146         1.360146      -21.473911      -21.473911
              3       -10.88187      0.40349283       0.7291006       -12.97757      0.58209526       2.5321698       5.3592079   1.0530032e-13       3.8202805       1.0382704        1.0382704      -23.840281      -23.840281
              9      -11.413558      0.38457888       0.7085532      -12.984036      0.58638571       2.4242582        5.111557   1.0374425e-13       3.8582086        1.137292         1.137292        -25.1017        -25.1017
              9       -9.377215     0.076357256      0.73914951      -12.972992      0.49758785       1.1922223       5.4846575   1.0641618e-13       3.1447625       2.1727397        2.1727397      -23.099909      -23.099909
              5      -9.5035211      0.32267566       0.7874779       -12.95589      0.73153968       2.1022079       6.1302459   1.1069053e-13       5.3893908       1.1053257        1.1053257      -21.217694      -21.217694
              1      -10.278946      0.39921241      0.75762393      -12.964932      0.72448423       2.5073353       5.7230025   1.0840973e-13       5.3025434      0.96082649       0.96082649      -22.479545      -22.479545
             36       -11.66188      0.71696635       1.2145481      -12.847414      0.21160536       5.2115433       16.388837   1.4209728e-13       1.6278162      0.36810569       0.36810569      -24.059972      -24.059972
             24      -12.206132      0.76515917       1.0401741      -12.919209      0.40374633        5.823166       10.969178   1.2044567e-13       2.5336483      0.21920121       0.21920121      -24.850667      -24.850667
             29      -11.800592      0.66309754      0.96724103      -12.915201      0.76280987       4.6035995       9.2734435   1.2156221e-13       5.7917508      0.20065137       0.20065137      -24.002487      -24.002487
             19      -11.709075      0.67571207      0.95400421      -12.905632      0.84770656       4.7392767       8.9950629   1.2427058e-13       7.0421709      0.21546936       0.21546936      -23.849089      -23.849089
              4      -11.684667       1.0905197      0.79023538      -12.983849      0.37088707       12.317419       6.1692928   1.0378887e-13       2.3490219      0.85149856       0.85149856      -25.072331      -25.072331
              9      -11.703844       1.0958943      0.79851084       -12.97981      0.36043833       12.470799       6.2879755   1.0475874e-13        2.293181      0.84647041       0.84647041      -25.100629      -25.100629
              3       -10.81007       1.1817662      0.83396425      -12.954442      0.38219014        15.19729       6.8228252   1.1106016e-13       2.4109607       0.8720864        0.8720864      -23.364313      -23.364313
              6       -11.62507       1.1959956      0.82010626      -12.956412      0.33605814       15.703469       6.6085513   1.1055739e-13       2.1679943      0.97105739       0.97105739      -25.192255      -25.192255
              3      -12.337503      0.95442131       1.0566396      -12.937194      0.48255547        9.003706       11.393039   1.1555965e-13       3.0377741      0.25779583       0.25779583      -25.190597      -25.190597
              5      -12.419039      0.89542531       1.0667346      -12.933878      0.50019188         7.86005       11.660967   1.1644537e-13       3.1636752      0.19622337       0.19622337      -25.230525      -25.230525
              3      -11.402696      0.84078957       1.0761238      -12.936806      0.44599979       6.9308991       11.915815   1.1566279e-13       2.7925425      0.21786662       0.21786662      -23.241125      -23.241125
             10      -11.960848      0.99002027       1.1484853      -12.907803      0.50195036       9.7728283       14.076196   1.2365087e-13        3.176511      0.20692474       0.20692474      -24.335546      -24.335546
              2      -10.669232       1.0974144       1.1743385      -12.915815      0.60502113       12.514525       14.939585   1.2139062e-13       4.0273663      0.33990681       0.33990681      -22.018278      -22.018278
             11      -11.430395       1.1252133        1.128264      -12.912557      0.59506395       13.341764       13.435813   1.2230462e-13       3.9360803      0.38074396       0.38074396      -23.622279      -23.622279
              8      -12.056906       1.1317467       1.1382966      -12.914855      0.60508074       13.543994       13.749808   1.2165917e-13       4.0279191       0.3963932        0.3963932      -24.906599      -24.906599
              1      -11.703853       1.1283359       1.1475495      -12.911582      0.60106279        13.43804       14.045897   1.2257962e-13        3.990826      0.38444095       0.38444095      -24.176588      -24.176588
              5      -11.823902       1.0893185       1.1432682      -12.918637      0.56056718       12.283398       13.908112   1.2060431e-13       3.6355254      0.34057299       0.34057299       -24.32895       -24.32895
             14      -11.877665        1.243161       1.0836614      -12.929698      0.50732958       17.504957       12.124431   1.1757159e-13       3.2161002      0.72182551       0.72182551       -25.19898       -25.19898
             30      -12.089865       1.1650774       1.0988694      -12.926865      0.47395238       14.624378       12.556524   1.1834097e-13       2.9781899       0.5470056        0.5470056       -25.27374       -25.27374
             21      -11.730492       1.1120079        1.037028      -12.918773      0.35792355       12.942194       10.890003    1.205666e-13       2.2799407      0.52927391       0.52927391      -24.519532      -24.519532
              6      -11.189082       1.2543604       1.0293252      -12.922315      0.22296342       17.962235       10.698556   1.1958739e-13       1.6709499       1.0255714        1.0255714      -24.429307      -24.429307
              2      -10.674852       1.2495743       1.0034696       -12.92788      0.20606812       17.765371        10.08021   1.1806478e-13       1.6071933       1.0603632        1.0603632       -23.47043       -23.47043
             15      -10.690978       1.2465914      0.79645515      -12.935106      0.69715893       17.643772       6.2582823   1.1611639e-13       4.9791926      0.88255554       0.88255554      -23.147066      -23.147066
              6      -10.487562       1.2807636      0.78206977      -12.934034       0.6992132       19.088138       6.0543814   1.1640349e-13       5.0028007      0.98980861       0.98980861       -22.95474       -22.95474
              6      -10.544925      0.60737173       1.0186763      -12.883026       1.0210467       4.0492234       10.439419   1.3091049e-13       10.496552      0.36825749       0.36825749      -21.826364      -21.826364
             42      -11.612716      0.62632729       1.4220771      -12.885346      0.96013442       4.2298726       26.428779   1.3021282e-13       9.1229317      0.42348074       0.42348074      -24.072394      -24.072394
              2      -11.815144      0.61219036       1.4341404      -12.884316      0.95639339       4.0944009       27.173177    1.305221e-13       9.0446839      0.44759194       0.44759194      -24.525472      -24.525472
              8      -11.641828       0.5683928      0.95158796      -12.920101      0.85956248       3.7016283       8.9451568   1.2019844e-13       7.2370652      0.37710075       0.37710075      -24.037858      -24.037858
             16      -11.112179      0.56908034      0.95237025      -12.923332      0.86497397        3.707493       8.9612843   1.1930745e-13       7.3278061      0.38655891       0.38655891      -22.997476      -22.997476
             54      -11.891252      0.57289584      0.97511368      -12.921227      0.83238757       3.7402087       9.4430802   1.1988732e-13       6.7981003      0.34467318       0.34467318       -24.47185       -24.47185
             27      -12.123031      0.61205386      0.99325894      -12.923415      0.75710849       4.0931142       9.8459798   1.1928466e-13       5.7162141      0.25847347       0.25847347      -24.763009      -24.763009
             13      -8.5250718      0.10282166      0.93562207      -12.932768      0.17788859       1.2671314       8.6222789   1.1674326e-13       1.5062206       2.0860288        2.0860288      -21.222201      -21.222201
              1      -9.0887904   -0.0031770695       1.0907533       -12.88579      0.18727053      0.99271122       12.324047   1.3007995e-13       1.5391131       2.4065259        2.4065259      -22.990633      -22.990633
              3      -9.1039228   4.7349966e-05       1.0916464      -12.885304      0.18233003        1.000109       12.349416   1.3022537e-13       1.5217035       2.3976576        2.3976576      -23.003161      -23.003161
             30      -10.054988      0.76686543       1.2017848      -12.874537      0.47964123       5.8460891       15.914198   1.3349442e-13        3.017458     0.085965519      0.085965519      -20.281908      -20.281908
              1      -11.799276      0.44653914        1.034909      -12.908323      0.27305102       2.7960127       10.836999   1.2350276e-13       1.8752148      0.73268524       0.73268524      -25.063922      -25.063922
             22      -11.607409      0.29271352       1.1153813      -12.902354      0.34660946       1.9620656       13.043114   1.2521194e-13       2.2213115        1.033258         1.033258      -25.281335      -25.281335
             13      -8.0248777     0.067059616      0.55322039      -13.083895      0.34542889       1.1669698       3.5745419   8.2433749e-14       2.2152813       3.1800305        3.1800305      -22.409816      -22.409816
              1      -9.3597403      0.20483279      0.68380008       -12.95544      0.14694186       1.6026282       4.8283649   1.1080507e-13       1.4026259       2.0656246        2.0656246       -22.85073       -22.85073
             14      -9.0463519     -0.06110602      0.76093398      -12.944255     0.098209278      0.86874832       5.7667879   1.1369592e-13       1.2537452       3.2010036        3.2010036      -24.494711      -24.494711
             18      -9.1351293      0.50311164      0.52738653      -12.997956    -0.053794793       3.1850161        3.368112   1.0047176e-13      0.88349726       2.0788469        2.0788469      -22.427953      -22.427953
              5      -9.3429855     0.046150975      0.70409663      -12.970945       0.2636935       1.1121183       5.0593722   1.0691912e-13       1.8352427       2.5689974        2.5689974      -23.823966      -23.823966
              3      -9.9171328      0.15671379      0.63248651      -13.012507      0.48289109       1.4345437       4.2902886   9.7161275e-14       3.0401225       2.1622235        2.1622235      -24.158713      -24.158713
              6      -11.372777      0.66089693       0.8120422      -12.966383      0.70991512       4.5803317       6.4869747   1.0804811e-13       5.1276116      0.45620121       0.45620121      -23.657957      -23.657957
             13      -12.366425      0.61006675       1.0790567      -12.925958      0.73815121       4.0744289       11.996559    1.185883e-13       5.4720645      0.23709855       0.23709855      -25.207047      -25.207047
             10      -11.881138      0.74776388       1.1359428      -12.890062      0.79764632       5.5945336       13.675486   1.2880647e-13       6.2754709     0.072429495      0.072429495      -23.907135      -23.907135
             51      -11.647898      0.92876993       1.1472463      -12.902371      0.74992832       8.4873074       14.036096   1.2520704e-13       5.6224852      0.10763702       0.10763702      -23.511071      -23.511071
              7      -7.8002979      0.73470209       1.1669374      -12.910924      0.80415216       5.4287781       14.687147   1.2276554e-13       6.3701867        0.121823         0.121823      -15.844242      -15.844242
             18      -9.9028298      0.33806816       1.1879422      -12.905073        1.006574       2.1780516       15.414953   1.2443052e-13       10.152525      0.92900011       0.92900011       -21.66366       -21.66366
              2      -11.692511       0.3625288       1.2269583      -12.894474       1.0155599       2.3042458       16.863909   1.2750476e-13       10.364774      0.86352445       0.86352445       -25.11207       -25.11207
             20      -11.042618      0.68574876      0.45696753       -13.08819      0.54806499       4.8500784       2.8639639   8.1622485e-14       3.5323602       1.6396582        1.6396582      -25.364553      -25.364553
              9      -9.3614627      0.63273173       0.3631963       -13.09295      0.59741982       4.2927117       2.3077901   8.0732791e-14       3.9574899       1.9322959        1.9322959      -22.587517      -22.587517
             28      -8.9070937      0.63140326      0.35827383      -13.093328      0.59463632       4.2796008       2.2817803   8.0662583e-14       3.9322065       1.9496656        1.9496656      -21.713519      -21.713519
              4      -8.8397374       1.0858634      0.61433119      -12.930265     -0.15846476       12.186063       4.1146338   1.1741819e-13      0.69428094        1.894098         1.894098      -21.467671      -21.467671
             22      -8.7982471       1.0866962      0.61361201      -12.930139     -0.15854009       12.209454       4.1078257   1.1745224e-13      0.69416052       1.8966205        1.8966205      -21.389735      -21.389735
             17      -8.7837608      0.97160993       0.5725665       -12.94034     -0.15695165       9.3672029       3.7373735   1.1472545e-13      0.69670407       1.8420313        1.8420313      -21.251584      -21.251584
             15      -8.3530914       1.1681043      0.29749621      -13.026824     -0.13882407       14.726663       1.9837923   9.4010403e-14      0.72640015       3.0781564        3.0781564      -22.862496      -22.862496
             10      -8.9714177       1.1544773      0.31987316      -13.016779     -0.14808758       14.271752        2.088686    9.621022e-14       0.7110701       2.9639445        2.9639445      -23.870724      -23.870724
              8      -8.5680285       1.1547789      0.28968935      -13.118562      0.30652348       14.281668       1.9484504   7.6109357e-14       2.0254591       2.7704684        2.7704684      -22.676994      -22.676994
             12      -7.8280233       0.9502284     -0.10490079      -13.223968      0.39228431       8.9171978      0.78541504   5.9707938e-14       2.4676542       4.6516548        4.6516548      -24.959356      -24.959356
             26      -7.9435837      0.92295892     -0.10695065      -13.223958      0.39307441       8.3745006      0.78171662   5.9709315e-14       2.4721477       4.6387984        4.6387984      -25.164764      -25.164764
              8      -7.9207005      0.92773682     -0.10899852      -13.224281      0.38979127       8.4671415      0.77803921   5.9664962e-14       2.4535294       4.6567829        4.6567829      -25.154967      -25.154967
             20       -7.847857      0.84282082     0.016552576      -13.203521      0.25556597       6.9633917       1.0388494   6.2586298e-14       1.8012167       4.0725668        4.0725668      -23.840848      -23.840848
              2      -7.0953616       1.1834571    0.0091446061      -13.215834     -0.15687095       15.256576       1.0212795   6.0836767e-14      0.69683354       5.4600868        5.4600868      -25.110897      -25.110897
             13      -7.0682767       1.1845793    0.0053353351      -13.216893     -0.15665237       15.296049       1.0123608   6.0688612e-14      0.69718434        5.486531         5.486531      -25.109615      -25.109615
             18      -6.9737839        1.193861     0.010516978      -13.214168     -0.16168103       15.626475       1.0245118   6.1070561e-14      0.68915827       5.4759751        5.4759751      -24.899518      -24.899518
             19      -7.2295264       1.1930441      0.01499096      -13.212056     -0.14558155       15.597111       1.0351206    6.136826e-14      0.71518509       5.3944014        5.3944014      -25.247856      -25.247856
             11      -6.7591902       1.2204079     0.022095839      -13.216086     -0.18608027       16.611465        1.052194    6.080148e-14      0.65150796       5.5803081        5.5803081      -24.678997      -24.678997
              6       -10.96909      0.98550057       1.0134982      -12.932722      0.41437543       9.6716501       10.315689   1.1675572e-13       2.5964229      0.33721333       0.33721333      -22.612607      -22.612607
              2      -11.444889       0.9829348       1.0096553        -12.9346        0.415276       9.6146793       10.224811   1.1625192e-13       2.6018126      0.34012194       0.34012194      -23.570023      -23.570023
              8      -11.780786       1.0666456       1.0332511      -12.928307      0.58089101        11.65858       10.795707   1.1794872e-13        3.809702      0.33269057       0.33269057      -24.226953      -24.226953
              3      -9.1372271      0.42515289      0.82957896      -12.976259      0.64561527       2.6616619       6.7542785   1.0561883e-13       4.4219647      0.85252994       0.85252994      -19.979514      -19.979514
              9      -9.5036487    -0.043002766      0.74920187      -12.968739      0.71650586      0.90572683       5.6130883    1.074634e-13       5.2060203       2.6745781        2.6745781      -24.356454      -24.356454
              9      -10.858258      0.21720769      0.65772063      -12.997917      0.77846773       1.6489508       4.5469547   1.0048084e-13       6.0043739       1.7940665        1.7940665      -25.304648      -25.304648
              6      -8.6576796     0.090930797      0.79261212      -12.978261      0.75769006       1.2329084       6.2031477   1.0513304e-13        5.723874       2.0284764        2.0284764      -21.372312      -21.372312
              1      -8.8347939       0.3158133       1.6114859      -12.900337       0.8539074       2.0692516       40.877649    1.257949e-13         7.14344       1.2609985        1.2609985      -20.191585      -20.191585
              6      -8.7668323      0.30862818       1.6112285      -12.901072      0.84949574       2.0352988        40.85343   1.2558206e-13       7.0712426       1.2809228        1.2809228       -20.09551       -20.09551
              1      -6.2817853      0.19676282       1.6994886      -12.881778      0.93527792       1.5731235        50.05974   1.3128699e-13       8.6154491       1.8524201        1.8524201      -16.268411      -16.268411
              4      -6.9848576      0.20167983       1.6891276      -12.883215      0.95197431       1.5910354       48.879591   1.3085337e-13       8.9531181       1.8307802        1.8307802      -17.631276      -17.631276
              7      -10.010174      0.62133245       1.6439712      -12.933907      0.86228106       4.1815033       44.052561    1.164375e-13       7.2825096      0.76463899       0.76463899      -21.549625      -21.549625
              8      -10.277926      0.56508642       1.6464498      -12.930326      0.93550331       3.6735539       44.304699   1.1740166e-13       8.6199215      0.88897782       0.88897782      -22.333808      -22.333808
              3      -8.8647065      0.53795954       1.6255451      -12.933098      0.93705437       3.4511158       42.222615    1.166545e-13       8.6507621      0.90295957       0.90295957      -19.535332      -19.535332
             84      -10.402551      0.55093191       1.6212172      -12.929794      0.94349563       3.5557557       41.803937   1.1754559e-13       8.7800224      0.87185532       0.87185532      -22.548812      -22.548812
             10      -10.180341      0.54289761       1.6336384      -12.928682      0.94407394       3.4905801       43.016827   1.1784678e-13       8.7917218      0.90404707       0.90404707      -22.168775      -22.168775
              3        -9.50932      0.42197839       1.6770021      -12.910499      0.83660869       2.6422773       47.533756    1.228856e-13       6.8644966       1.1048021        1.1048021      -21.228244      -21.228244
             11      -9.7033932      0.42387776       1.6742819      -12.910943      0.83220335       2.6538585       47.236959   1.2275999e-13       6.7952173        1.093687         1.093687      -21.594161      -21.594161
              1       -7.338334      0.50849699       1.6235349       -12.91157      0.83916904        3.224757        42.02763   1.2258302e-13       6.9050852      0.83032994       0.83032994      -16.337328      -16.337328
             15      -8.0779309      0.39042882        1.463713      -12.961097      0.95227056       2.4571339        29.08794   1.0937124e-13       8.9592275       1.0721459        1.0721459      -18.300154      -18.300154
              1       -8.352463      0.39619338       1.4436486      -12.966322      0.94747083       2.4899658       27.774648   1.0806336e-13       8.8607572       1.0476077        1.0476077      -18.800141      -18.800141
              7      -9.7144717     -0.14479067       1.2470079      -12.903952      0.84248569      0.71648868         17.6607   1.2475219e-13       6.9580203       2.8942378        2.8942378      -25.217419      -25.217419
             10      -11.207643      0.18755624       1.3577423      -12.885582      0.87640145       1.5401259       22.789893   1.3014209e-13       7.5231799       1.3676559        1.3676559      -25.150597      -25.150597
              1      -10.637062     0.036480215       1.2571709      -12.896752      0.94699472       1.0876276       18.078856   1.2683762e-13       8.8510484       2.0150962        2.0150962      -25.304315      -25.304315
              5      -10.670664     0.049150258       1.2415864      -12.901289      0.94339287       1.1198253       17.441604   1.2551948e-13       8.7779452       1.9541941        1.9541941      -25.249716      -25.249716
              9      -11.194432      0.26301289       1.1076207      -12.907492       0.9828412       1.8323688        12.81211   1.2373938e-13       9.6126073       1.1325821        1.1325821      -24.654028      -24.654028
             26      -12.017194      0.65904054       1.1152956      -12.855584       1.1173907       4.5607949       13.040541    1.394491e-13       13.103603      0.39143348       0.39143348      -24.817254      -24.817254
             26      -11.612199      0.48853405       1.1407423      -12.861443       1.1280204       3.0798818       13.827456   1.3758068e-13        13.42828      0.65699635       0.65699635       -24.53839       -24.53839
              2       -11.36959      0.22259953        1.115502      -12.886594        1.011489       1.6695504       13.046739   1.2983919e-13       10.268075       1.2656663        1.2656663      -25.270513      -25.270513
              8      -11.325217      0.21795008       1.0780469      -12.888461       1.0056961       1.6517719       11.968698   1.2928239e-13        10.13202       1.2817325        1.2817325      -25.213898      -25.213898
             19      -7.7832078      0.29024297       1.0944468      -12.860038       1.0208104       1.9509358       12.429303   1.3802646e-13       10.490842       1.0197962        1.0197962      -17.606008      -17.606008
              7      -11.175285       1.0621819      0.80374045      -12.938398      0.69513161       11.539363       6.3641506   1.1523958e-13       4.9560035      0.50048935       0.50048935       -23.35155       -23.35155
             12      -10.829623      0.89932689      0.78417253      -12.949118      0.66420548       7.9309806       6.0837664   1.1242988e-13       4.6153589      0.38474927       0.38474927      -22.428744      -22.428744
             20      -9.9567998      0.89072198      0.52402566      -13.003254      0.61722091       7.7753863       3.3421478   9.9253548e-14       4.1421032      0.99785476       0.99785476      -21.909309      -21.909309
             12      -9.9218498       0.8910131      0.62498727      -12.984947      0.61003752       7.7806002       4.2168414   1.0352681e-13       4.0741547      0.73556546       0.73556546       -21.31483       -21.31483
             18       -9.859239      0.89792957      0.63109407      -12.985807      0.60409997        7.905504       4.2765551   1.0332211e-13       4.0188331      0.73319244       0.73319244      -21.184863      -21.184863
             26      -10.985288      0.89561348      0.68924641      -12.962452      0.65453414       7.8634564       4.8892969    1.090305e-13       4.5137151      0.55015168       0.55015168      -23.070879      -23.070879
              2      -10.019596       0.7037824      0.91570821       -12.92908      0.69810489       5.0557129       8.2358458   1.1773899e-13       4.9900499      0.22018552       0.22018552      -20.479564      -20.479564
             24      -8.3313554       0.4280407      0.87258474      -12.929585       0.1408487       2.6794194       7.4573537   1.1760214e-13       1.3830844       1.1137421        1.1137421      -18.890195      -18.890195
             10      -8.4596288      0.26603378      0.93507205      -12.905269      0.10656826       1.8451589        8.611366   1.2437428e-13       1.2781101       1.5282281        1.5282281      -19.975714      -19.975714
              7      -9.7388883      0.29261606       1.0537809      -12.865995      0.13768782       1.9616253       11.318293   1.3614592e-13       1.3730546       1.2788497        1.2788497      -22.035476      -22.035476
              3      -10.373477      0.24772118       1.0533101       -12.86746      0.11731656       1.7689729       11.306028   1.3568744e-13       1.3101365       1.4629857        1.4629857      -23.672925      -23.672925
              9      -10.369215    -0.034054172        1.089554      -12.928613      0.53762413      0.92458284       12.290059   1.1786548e-13       3.4484516       2.2978802        2.2978802      -25.334191      -25.334191
             27      -10.698983        0.140744      0.99956282       -12.92933      0.80620392       1.3827511       9.9899385   1.1767108e-13       6.4003529        1.526343         1.526343      -24.450652      -24.450652
              1      -10.565951     0.076677261       1.2778172      -12.881458       1.0526302       1.1931011       18.959078   1.3138378e-13       11.288343       1.9327498        1.9327498      -24.997402      -24.997402
              8      -10.929267      0.13267459       1.2793978      -12.886932       1.0240921       1.3572961       19.028205   1.2973822e-13       10.570417       1.6679467        1.6679467      -25.194428      -25.194428
             11      -9.7599723      0.23860795       1.4208234      -12.903353       1.0498593       1.7322395       26.352597   1.2492431e-13       11.216549       1.4376181        1.4376181      -22.395181      -22.395181
             10      -11.726811      0.48308002       1.3708014      -12.896814      0.87585294       3.0414454       23.485587   1.2681947e-13       7.5136843      0.54642954       0.54642954      -24.546482      -24.546482
              3      -11.469615      0.43382224       1.3994444      -12.895987      0.88666445       2.7153276       25.086748   1.2706111e-13       7.7030808      0.68350018       0.68350018      -24.306231      -24.306231
             18      -11.529814      0.47615918       1.4084567      -12.895361       0.9091452       2.9933616       25.612779   1.2724444e-13       8.1123223      0.61693252       0.61693252      -24.293493      -24.293493
             12      -9.8064153       0.6251847       1.5717637      -12.785812      0.45716612       4.2187589       37.304715   1.6375236e-13       2.8652738      0.52582786       0.52582786      -20.664486      -20.664486
              2      -10.543122      0.62181807       1.5826802      -12.808657      0.47821792       4.1861816       38.254291   1.5536119e-13       3.0075851      0.51798579       0.51798579      -22.122215      -22.122215
              4      -10.263754      0.62387274       1.6178628       -12.80085      0.46730645       4.2060336       41.482296    1.581795e-13       2.9329621       0.5842942        0.5842942      -21.696095      -21.696095
             11      -11.195513      0.59844471        1.617735       -12.84551      0.62102281       3.9668402       41.470089   1.4272173e-13       4.1785232      0.55121112       0.55121112      -23.493448      -23.493448
              5      -11.318357      0.58847518       1.6104288      -12.844921      0.63338566       3.8768159       40.778274    1.429154e-13       4.2991804      0.55001168       0.55001168      -23.736738      -23.736738
              2      -9.3363067      0.62358019        1.589329      -12.836784      0.60766986       4.2032013       38.844449   1.4561819e-13        4.052004      0.47261094       0.47261094      -19.617835      -19.617835
              1      -10.161459     0.088901193       1.5312061      -12.840928      0.59604951         1.22716       33.978647    1.442353e-13       3.9450227       1.8583155        1.8583155      -24.039549      -24.039549
              3      -11.101592      0.17313146       1.1829023       -12.91161      0.94700889        1.489812       15.237101   1.2257167e-13       8.8513372       1.4347534        1.4347534      -25.072692      -25.072692
             23      -10.490989     0.019888182       1.1331938      -12.912196      0.41206959        1.046859       13.589198   1.2240627e-13        2.582674       2.0710215        2.0710215      -25.124021      -25.124021
             37      -10.591702     0.038165902       1.1521218      -12.911793      0.40785657       1.0918573       14.194556   1.2252004e-13        2.557741       1.9887565        1.9887565      -25.160917      -25.160917
              1      -10.690432     0.036678992       1.0980163      -12.918185      0.49883643       1.0881255       12.531881   1.2072989e-13       3.1538165       1.9452206        1.9452206      -25.271305      -25.271305
             15      -10.985494      0.10772964       1.0561967        -12.9285       0.4712855       1.2815325       11.381428   1.1789612e-13       2.9599577       1.6749518        1.6749518      -25.320891      -25.320891
             27      -10.817968     0.091448047       1.0101713      -12.939883      0.48822291       1.2343776       10.236966   1.1484624e-13       3.0776761        1.778248         1.778248      -25.192432      -25.192432
              3       -10.98692      0.17750885      0.85054706       -12.95525      0.53011821       1.5049042       7.0883811   1.1085376e-13        3.389364       1.5543194        1.5543194      -25.082478      -25.082478
              6      -12.231293      0.79974598       1.0204415      -12.930899      0.64096296       6.3058841       10.481936   1.1724674e-13        4.374848      0.13514103       0.13514103      -24.732868      -24.732868
              1      -11.274382      0.62491623       1.0795979      -12.914362      0.73994028       4.2161517       12.011519   1.2179741e-13       5.4946531      0.19359633       0.19359633      -22.935956      -22.935956
              3      -11.327738      0.68144432       1.0821733      -12.912282      0.81811355        4.802245       12.082959   1.2238218e-13       6.5782981      0.16317901       0.16317901      -22.981835      -22.981835
              2      -11.427658      0.68148025       1.0876185       -12.90993      0.81573549       4.8026424       12.235408   1.2304657e-13       6.5423758      0.15646931       0.15646931      -23.168254      -23.168254
             46      -11.916071      0.64937548       1.0992604      -12.909558      0.83894545       4.4604172       12.567832   1.2315224e-13       6.9015312      0.19491075       0.19491075      -24.221964      -24.221964
             14       -12.14879      0.63979057       1.0988781      -12.910615      0.83233909       4.3630539       12.556773   1.2285283e-13       6.7973415      0.20313354       0.20313354      -24.703847      -24.703847
              2      -11.999021      0.63972394       1.1114763      -12.908334      0.83632724       4.3623845       12.926361   1.2349973e-13       6.8600493      0.20006538       0.20006538      -24.398172      -24.398172
             19      -11.607241      0.60300487       1.1078916      -12.916738       0.8079962       4.0087121       12.820106   1.2113298e-13        6.426821      0.24571983       0.24571983      -23.705922      -23.705922
              8      -9.7500487      0.61378485       1.6769097      -12.815486      0.55224704       4.1094609       47.523638   1.5293734e-13       3.5665395      0.65336462       0.65336462      -20.806827      -20.806827
              2      -9.2964123      0.59775319       1.6968648      -12.815661      0.55447603       3.9605289        49.75822   1.5287572e-13       3.5848916      0.71120476       0.71120476      -20.015234      -20.015234
             34      -10.606991      0.38252255       1.3949873      -12.907521       1.0053462       2.4128068       24.830603   1.2373116e-13       10.123862      0.93279301       0.93279301      -23.079569      -23.079569
              9      -9.9974114      0.10149671       1.4296132      -12.898118      0.95038729       1.2632715       26.891385   1.2643928e-13       8.9204609       1.8609312        1.8609312      -23.716685      -23.716685
             15      -10.126988    -0.084397102       1.0534975      -12.922874      0.72288712       0.8233849        11.31091   1.1943343e-13       5.2830791       2.5322286        2.5322286      -25.318434      -25.318434
             10      -10.082462    -0.040406493       1.0707287       -12.86569       1.0970536      0.91115761       11.768705    1.362418e-13       12.504132       2.4961151        2.4961151      -25.157154      -25.157154
             12      -9.4341633    -0.051511231       1.0231986      -12.871449       1.1575692      0.88815501       10.548692   1.3444702e-13        14.37372       2.6621573        2.6621573      -24.192641      -24.192641
              1      -9.9913804    -0.023458251       1.1265216      -12.860464       1.0929735      0.94741826       13.382019   1.3789104e-13        12.38721       2.3950745        2.3950745       -24.77291       -24.77291
             25      -8.6738489      0.21537232         1.18093      -12.915832        1.331146       1.6419969       15.168058   1.2138569e-13       21.436113       1.8746861        1.8746861       -21.09707       -21.09707
              5      -7.1223773      0.19893199       1.1678067      -12.919719       1.3168388       1.5810004       14.716575    1.203042e-13       20.741436       1.9103824        1.9103824      -18.065519      -18.065519
             26        -10.6567       0.1527647       1.4552412      -12.870406      0.81294145       1.4215584       28.526024   1.3477017e-13       6.5004204       1.5423218        1.5423218      -24.398044      -24.398044
              4      -9.4601947     0.036080535       1.4565632      -12.868048      0.65892923       1.0866271        28.61299   1.3550406e-13        4.559626       2.0125768        2.0125768      -22.945543      -22.945543
              2         -9.6363     -0.02248325       1.5379311      -12.854906      0.62355872      0.94954762       34.508898   1.3966716e-13       4.2029936       2.3940201        2.3940201       -24.06064       -24.06064
             11      -8.6507373    -0.038018339       1.5254557      -12.859896      0.62252953       0.9161818        33.53171   1.3807134e-13       4.1930451       2.4594341        2.4594341      -22.220343      -22.220343
             11      -8.7693158     0.026880157       1.4215724      -12.942417      0.96979654       1.0638494       26.398082   1.1417818e-13       9.3281718       2.3089841        2.3089841        -22.1566        -22.1566
             21      -7.4904862      0.14628675       1.4127982      -12.986843      0.92009844       1.4005117       25.870105   1.0307596e-13       8.3195232       1.8811575        1.8811575      -18.743287      -18.743287
             15      -8.3962995      0.26453432       1.4755985      -12.965296       0.8976567       1.8387992       29.894995   1.0831878e-13       7.9005385       1.4225437        1.4225437      -19.637686      -19.637686
             17      -8.1855281     0.079903427       1.7274501      -12.853752      0.68159079       1.2019971       53.388797   1.4003877e-13        4.803865        2.239634         2.239634      -20.850324      -20.850324
              6      -8.9450563      0.14642264        1.747095      -12.882268      0.75506142         1.40095       55.859235   1.3113898e-13       5.6893339       2.0422568        2.0422568      -21.974626      -21.974626
             26      -8.8605046      0.15203596       1.7573877       -12.88023      0.75382417        1.419175       57.198901   1.3175573e-13       5.6731487       2.0390388        2.0390388      -21.799087      -21.799087
             12       -10.51807      0.23688245       1.1825618       -12.90547      0.42879173       1.7253708       15.225158   1.2431673e-13        2.684057       1.1550931        1.1550931      -23.346327      -23.346327
              7      -12.279648      0.87196098        1.287421      -12.882772      0.67347047       7.4466507          19.383   1.3098687e-13       4.7148781     0.080792164      0.080792164       -24.72088       -24.72088
              3      -12.258177      0.86992323       1.3111885      -12.878703      0.71585685       7.4117921       20.473332      1.3222e-13       5.1982462     0.092885213      0.092885213      -24.702124      -24.702124
              1       -12.16058      0.79516512       1.3254627      -12.880854      0.70838559       6.2397202       21.157421    1.315668e-13       5.1095846     0.094610429      0.094610429      -24.510382      -24.510382
             11      -10.809837      0.98578279      0.90632432      -12.884915     0.007213409       9.6779371        8.059801   1.3034212e-13       1.0167482      0.90594616       0.90594616      -23.431567      -23.431567
              2      -10.410276      0.69810393      0.88430139      -12.930792     0.073249105       4.9900389        7.661281   1.1727582e-13       1.1837203       0.8256447        0.8256447      -22.471842      -22.471842
              6      -9.4802779      0.71109113      0.74401063      -12.927751    -0.032036193       5.1415153       5.5463929    1.180997e-13      0.92888897       1.1791551        1.1791551      -21.318866      -21.318866
              9      -9.3884271      0.70777712       0.7403667      -12.929154    -0.031816129       5.1024308       5.5000508   1.1771888e-13      0.92935977       1.1889093        1.1889093      -21.154673      -21.154673
              3      -8.6679724      0.78742494      0.73565471      -12.912272    -0.029775437       6.1294984       5.4406991   1.2238493e-13      0.93373699       1.1211778        1.1211778        -19.5783        -19.5783
              9      -8.6733704      0.92089019      0.87597138       -12.89118     0.012456784       8.3347042       7.5157337   1.2847533e-13       1.0290981      0.87234338       0.87234338      -19.091428      -19.091428
              2      -8.7262231      0.92354567      0.85824461      -12.895212     0.034508851       8.3858226       7.2151374    1.272883e-13       1.0827018      0.84995513       0.84995513      -19.152356      -19.152356
             15      -10.259059        1.483981       1.4823301      -12.817068      0.30803006       30.477616       30.361982   1.5238132e-13       2.0324977       1.7859793        1.7859793      -24.090076      -24.090076
             13      -11.120049      0.64583736       1.2170939      -12.886935      0.65573294       4.4242265       16.485187   1.2973723e-13       4.5261916      0.12642137       0.12642137       -22.49294       -22.49294
              2      -10.762314      0.75679973       1.1883992      -12.880277      0.60884469       5.7121517       15.431183   1.3174163e-13         4.06298     0.040814288      0.040814288      -21.606256      -21.606256
              2      -10.435108      0.30045467      0.94033429      -12.933365      0.76023127       1.9973523       8.7163425   1.1658284e-13       5.7574645      0.98017213       0.98017213       -22.83056       -22.83056
              4      -10.950981       0.3745941      0.85055139      -12.953432      0.78473094       2.3691584       7.0884518   1.1131877e-13       6.0915938      0.90282241       0.90282241      -23.707606      -23.707606
             11      -10.675543      0.20795149      0.77453453      -12.970469      0.67275547       1.6141782       5.9502407   1.0703638e-13       4.7071222       1.5405427        1.5405427      -24.432172      -24.432172
              5      -11.435465      0.25622905       1.1182559      -12.912533      0.79754115       1.8039689       13.129732   1.2231146e-13       6.2739514       1.0311719        1.0311719      -24.933274      -24.933274
              2      -11.558049      0.28445513       1.1700395      -12.909018       0.7922556       1.9251081       14.792429   1.2330542e-13       6.1980574      0.93368437       0.93368437      -24.983467      -24.983467
             12      -11.626933      0.34185155       1.1204222      -12.920633      0.74148842       2.1971087       13.195389   1.2005145e-13        5.514275      0.76548277       0.76548277      -24.784832      -24.784832
             20      -12.505346      0.65805357       1.2086634      -12.899071      0.66908424       4.5504419       16.168264   1.2616224e-13       4.6674991      0.13158264       0.13158264      -25.273857      -25.273857
              6      -12.495864       0.6579655       1.2080291      -12.899198      0.66619244       4.5495192       16.144669   1.2612531e-13       4.6365232       0.1317014        0.1317014       -25.25513       -25.25513
              2      -12.394922      0.74898942       1.1730515      -12.896161      0.65504683        5.610343       14.895377   1.2701033e-13       4.5190467     0.059111243      0.059111243      -24.908067      -24.908067
              9      -12.182363      0.75650706       1.2187712      -12.897229      0.66237599       5.7083036       16.548977   1.2669847e-13       4.5959573     0.069892624      0.069892624      -24.504512      -24.504512
             19      -12.190322      0.74582288       1.2012971       -12.90233      0.70621457       5.5695856       15.896337   1.2521903e-13       5.0841057     0.079896084      0.079896084      -24.540437      -24.540437
             19       -12.46761      0.80380789       1.0398886      -12.935402      0.59038571       6.3651389        10.96197   1.1603737e-13       3.8939082      0.14912517       0.14912517      -25.233471      -25.233471
              9      -11.884116      0.99453436       1.1830476      -12.886693      0.37852052       9.8749377       15.242199   1.2980978e-13       2.3906749       0.2719973        0.2719973      -24.312227      -24.312227
              7      -12.096222      0.96716145       1.2522047      -12.866764      0.27466594       9.2717443       17.873298   1.3590526e-13       1.8822008      0.35744314       0.35744314       -24.90733       -24.90733
              4      -11.894029      0.92443267       1.2379515      -12.863911      0.24571903       8.4029673       17.296233   1.3680082e-13       1.7608365      0.35216894       0.35216894      -24.492395      -24.492395
              4      -10.564365      0.98156286        1.314524      -12.837001      0.22728438       9.5843543       20.631176   1.4554565e-13       1.6876578      0.45144206       0.45144206      -22.031615      -22.031615
             22      -11.318771       1.0005305       1.2700009      -12.860169      0.30822567       10.012223       18.620909    1.379847e-13       2.0334134      0.35368399       0.35368399       -23.34491       -23.34491
             14      -11.163988      0.99582365       1.2815918      -12.857079      0.31403556       9.9042969       19.124575   1.3896996e-13       2.0607987       0.3452925        0.3452925      -23.018561      -23.018561
             11      -11.289533       1.1075871       1.4371584      -12.831704      0.29665953        12.81112       27.362663    1.473317e-13       1.9799742      0.64401619       0.64401619      -23.867099      -23.867099
              6      -11.465788       1.0015866        1.452661      -12.823105      0.27505476         10.0366       28.357048   1.5027796e-13       1.8838866      0.53156451       0.53156451      -23.994705      -23.994705
             27      -10.685384       1.1280706        1.358266      -12.838606      0.16938786       13.429834        22.81739   1.4500882e-13        1.477025      0.78864137       0.78864137      -22.948051      -22.948051
              6      -10.705437       1.1286823       1.3544285      -12.840117      0.17111307       13.448762        22.61666   1.4450507e-13       1.4829041      0.78444191       0.78444191      -22.979757      -22.979757
              7      -10.485644       1.2155018        1.353938      -12.823981      0.15315675       16.424864        22.59113   1.4997509e-13       1.4228422       1.0002395        1.0002395      -22.971766      -22.971766
             19      -11.707098      0.96659272        1.053321      -12.935353      0.59440108       9.2596105       11.306312   1.1605057e-13       3.9300772      0.21755848       0.21755848      -23.849313      -23.849313
              2      -9.6570343      0.60613058         1.38261      -12.871283      0.96552425       4.0376678       24.132928   1.3449847e-13       9.2368575      0.39622323       0.39622323      -20.106515      -20.106515
             20      -9.9582335      0.17884771      0.95907577      -12.888377       1.1529145       1.5095507       9.1007203   1.2930721e-13       14.220487       1.6651907        1.6651907      -23.246849      -23.246849
              5      -9.6270884      0.30622353       1.0101149      -12.851004       1.2815799       2.0240607       10.235638   1.4092771e-13       19.124052       1.3934582        1.3934582      -22.041093      -22.041093
             10      -5.3302066      0.23387071      0.95290622      -12.820044       1.5458873       1.7134472       8.9723503   1.5134086e-13       35.146922       2.2907128        2.2907128      -15.241839      -15.241839
              9      -6.0297573       0.1556058      0.95536882      -12.873001       1.3007317       1.4308885       9.0233712   1.3396751e-13       19.986268       2.0059025        2.0059025       -16.07132       -16.07132
             24      -8.4643169      0.26243971       1.0962577      -12.862167       1.2231968       1.8299521       12.481238   1.3735132e-13       16.718482       1.4103161        1.4103161      -19.749266      -19.749266
             13      -9.9343775         0.32627       1.0765932      -12.860747       1.2671412       2.1196785       11.928703   1.3780132e-13       18.498699       1.2945973        1.2945973       -22.45795       -22.45795
             59      -11.633636      0.53874127      0.98665113      -12.780667       1.2635323       3.4573335       9.6973067   1.6570399e-13       18.345618      0.83691325       0.83691325      -24.941099      -24.941099
             68      -11.708545      0.54115035      0.98982197      -12.781072       1.2593651       3.4765649       9.7683672    1.655497e-13       18.170424      0.82305068       0.82305068      -25.063192      -25.063192
             42      -11.618613      0.76919799       1.2137626      -12.903937       0.8508656       5.8775724       16.359222   1.2475644e-13       7.0935821       0.1311476        0.1311476      -23.499522      -23.499522
             11      -10.408549      0.70082655       1.2411212      -12.917121      0.89137417         5.02142        17.42293   1.2102618e-13       7.7870717       0.2264281        0.2264281      -21.269955      -21.269955
             14      -11.675688      0.70547712       1.2616203      -12.915138      0.89007394         5.07548       18.265024   1.2158006e-13       7.7637929       0.2273199        0.2273199      -23.806017      -23.806017
             16      -11.627182      0.40679036       1.1803036      -12.892662       1.0105107       2.5514694       15.146196   1.2803772e-13        10.24497      0.72753045       0.72753045      -24.709425      -24.709425
              1      -11.721661      0.34707193       1.2190633      -12.887549       1.0190136       2.2236782       16.560115   1.2955404e-13        10.44753      0.89631951       0.89631951      -25.235961      -25.235961
              3      -11.343056      0.37013684       1.2474622      -12.879004       1.1232191       2.3449675       17.679184   1.3212839e-13       13.280642      0.96896486       0.96896486      -24.624041      -24.624041
             11      -11.568875      0.40476057       1.2809915      -12.878035       1.0993181       2.5395722        19.09816   1.3242338e-13       12.569504      0.86114226       0.86114226      -24.860035      -24.860035
              4      -11.541818      0.40710791       1.2825486      -12.878463        1.101793       2.5533357       19.166757   1.3229312e-13       12.641338      0.86028735       0.86028735      -24.804211      -24.804211
             10      -4.3585278     -0.13114883         1.42308      -12.892579      0.74123845      0.73935186       26.489879   1.2806218e-13        5.511102       2.8848166        2.8848166      -14.486689      -14.486689
              1      -7.3185672     -0.14412229       1.4422328      -12.893956      0.83592148       0.7175922       27.684255   1.2765682e-13        6.853643       3.0191656        3.0191656      -20.675466      -20.675466
              4        -11.8135      0.35961041       1.1964983      -12.892363       0.9468588       2.2888135       15.721658   1.2812587e-13       8.8482788      0.78844365       0.78844365      -25.203887      -25.203887
             14      -11.282375      0.38857195       1.1211242      -12.912238      0.90329834       2.4466506       13.216735   1.2239442e-13       8.0038389      0.70252916       0.70252916      -23.969808      -23.969808
             14      -9.9281526      0.33743056       1.3516202      -12.898406      0.74507573       2.1748563       22.470886   1.2635532e-13        5.560012      0.82546998       0.82546998      -21.507245      -21.507245
              1       -10.91923      0.47574169       1.4419359      -12.881167      0.79071257       2.9904854       27.665331   1.3147204e-13       6.1760752      0.56109676       0.56109676      -22.960653      -22.960653
             20      -11.749775      0.49628842       1.4339455      -12.874211      0.79590929       3.1353673       27.160984   1.3359467e-13       6.2504213      0.50534282       0.50534282      -24.510236      -24.510236
              6      -11.782114      0.50193545       1.4279039      -12.874282      0.79121036       3.1764019       26.785754   1.3357293e-13       6.1831582      0.48642018       0.48642018      -24.537068      -24.537068
             26      -10.546786      0.50297202        1.476431      -12.884324      0.83271977       3.1839924        29.95236   1.3051959e-13       6.8033022      0.57231432       0.57231432      -22.238201      -22.238201
              5      -11.524712       0.7673792       1.3748003      -12.864699      0.50583535       5.8530091       23.702837   1.3655305e-13        3.205054      0.15996812       0.15996812       -23.36936       -23.36936
              6      -10.978526       0.6256305       1.5764882      -12.798415      0.56839512       4.2230916        37.71275   1.5906876e-13        3.701648      0.46671913       0.46671913      -22.890491      -22.890491
              2      -10.754337      0.57037833       1.5882694      -12.803427      0.58946976       3.7185903       38.749794   1.5724377e-13       3.8857044      0.54758088       0.54758088      -22.603836      -22.603836
             24      -10.798013      0.56922157        1.576981      -12.811091      0.51741894       3.7086989       37.755566   1.5449306e-13       3.2916901       0.5549474        0.5549474      -22.705921      -22.705921
              7      -11.572441      0.99430211       1.4709311      -12.824414      0.38172534       9.8696581       29.575432   1.4982574e-13       2.4083818      0.42692482       0.42692482      -23.998732      -23.998732
             16      -11.819717       1.0382996       1.4608319      -12.833544      0.37794557       10.921936       28.895611   1.4670864e-13       2.3875121       0.4739848        0.4739848      -24.587403      -24.587403
             14       -11.72325       1.0856721       1.4400391       -12.84144      0.40889314       12.180697       27.544767   1.4406546e-13       2.5638531      0.49704964       0.49704964        -24.4406        -24.4406
             14      -11.783557       1.0724523       1.4586169      -12.838362       0.4039611       11.815504       28.748613    1.450902e-13       2.5349016      0.49969279       0.49969279        -24.5665        -24.5665
              9      -12.218884       1.0823133       1.3153623      -12.876958      0.51291244       12.086855       20.671037   1.3275238e-13       3.2577102      0.34064158       0.34064158      -25.119051      -25.119051
              7      -11.604381        1.028916       1.2329151      -12.884972      0.48722472       10.688481       17.096811   1.3032505e-13       3.0706104      0.24304573       0.24304573      -23.694854      -23.694854
              7      -11.676858        1.029056       1.2627473      -12.876804      0.29875163       10.691927       18.312485   1.3279931e-13       1.9895352      0.41380788       0.41380788      -24.181332      -24.181332
              3      -9.9394249      0.53349772      0.73102933      -12.976441      0.24076397       3.4158416       5.3830613    1.055745e-13       1.7408605       1.0471502        1.0471502       -21.97315       -21.97315
              1      -7.5944237       1.2907329       1.0761424      -12.897489      0.25963047       19.531378       11.916328   1.2662261e-13       1.8181532        1.014632         1.014632      -17.218111      -17.218111
              3       -10.14246      0.93259991       1.7065338      -12.783233      0.41580481       8.5624866       50.878437   1.6472794e-13       2.6049825      0.73981804       0.73981804      -21.764555      -21.764555
             19      -11.217599      0.84428149       1.6841445      -12.789074      0.41913977       6.9868511       48.321954   1.6252727e-13       2.6250632      0.64617095       0.64617095      -23.727541      -23.727541
              2      -11.238822      0.80824288       1.6384435      -12.823259      0.45826555       6.4304725       43.495412   1.5022444e-13       2.8725365      0.51355077       0.51355077      -23.504746      -23.504746
              7      -11.585334      0.83286856       1.4903861      -12.842427      0.52136809       6.8056335       30.930439   1.4373858e-13       3.3217588      0.25638731       0.25638731      -23.683443      -23.683443
              9      -11.982841      0.84731741       1.4924759      -12.844657       0.5599412       7.0358636       31.079631   1.4300214e-13        3.630289      0.24662774       0.24662774      -24.458938      -24.458938
             24        -10.3531      0.78714638       1.5326796      -12.840967      0.59650446       6.1255682       34.094132   1.4422234e-13       3.9491575      0.28625295       0.28625295      -21.278705      -21.278705
              3      -11.475025      0.86768538       1.3626114       -12.87541      0.58574127       7.3736986       23.046843    1.332263e-13       3.8524877       0.1334004        0.1334004      -23.216851      -23.216851
             11       -12.19532      0.82657757       1.2851793      -12.879721      0.54414726       6.7077608       19.283206   1.3191047e-13       3.5006384     0.089744309      0.089744309      -24.570129      -24.570129
             10      -10.322693      0.77305291      0.85406619      -12.964659      0.63865031       5.9299757       7.1460523   1.0847773e-13       4.3516134      0.34361058       0.34361058      -21.332608      -21.332608
              3      -11.173704      0.58229258      0.93800678      -12.947559      0.70975437       3.8220167        8.669754   1.1283416e-13        5.125714       0.3802582        0.3802582      -23.107924      -23.107924
              9      -10.918657      0.29021697       1.0077706      -12.922976      0.88781561        1.950819       10.180534   1.1940538e-13       7.7235259       1.0171919        1.0171919      -23.871698      -23.871698
             16       -11.25921      0.30450899      0.98407541      -12.929901      0.83342312       2.0160857        9.639964   1.1751668e-13       6.8143294       0.9657276        0.9657276      -24.449875      -24.449875
              2      -10.788426      0.33921179      0.90039532       -12.94113      0.84713069       2.1837946       7.9505161   1.1451693e-13       7.0328393      0.95191267       0.95191267      -23.480677      -23.480677
              4      -10.589491       0.3759722      0.92296625      -12.937728      0.76292394       2.3766881       8.3746421   1.1541763e-13       5.7932722      0.78805046       0.78805046      -22.755083      -22.755083
              1      -8.8373899      0.80436571      0.36966307      -13.077277       0.3847464       6.3733198       2.3424108   8.3699507e-14       2.4251935       1.8442349        1.8442349       -21.36325       -21.36325
             16      -9.7704589      0.62909519      0.31637535      -13.128261      0.35954117       4.2569171       2.0719313   7.4428478e-14       2.2884486       2.4500177        2.4500177      -24.440953      -24.440953
             14        -10.7511      0.70527453      0.40058758      -13.100858      0.44092921       5.0731129       2.5152872   7.9276128e-14       2.7601279       1.9022883        1.9022883      -25.306776      -25.306776
             21      -10.412846      0.74915274      0.40644778      -13.099501      0.43012069       5.6124532       2.5494575   7.9524119e-14       2.6922829       1.8648462        1.8648462      -24.555385      -24.555385
             10       -10.53972       1.1759635      0.64004929      -13.030721      0.28413045       14.995588       4.3656538   9.3170641e-14       1.9236694       1.5280042        1.5280042      -24.135448      -24.135448
              6      -10.107532       1.3790299      0.48102859      -13.063143      0.37487737       23.934806       3.0271127    8.646824e-14       2.3707042       2.4791202        2.4791202      -25.173305      -25.173305
              8      -9.4088224       1.4642101      0.39084854      -13.089464      0.29625913       29.121257       2.4595097   8.1383419e-14       1.9781496       3.2490989        3.2490989      -25.315843      -25.315843
             18      -9.6523541       1.4403536      0.43763087      -13.075127      0.32119155       27.564721        2.739245   8.4114952e-14       2.0950363       2.9255694        2.9255694      -25.155847      -25.155847
             15      -5.6930635       1.7019115      0.30790596      -13.137715      0.27215943       50.339796        2.031917   7.2825693e-14        1.871369       4.9416673        4.9416673      -21.269462      -21.269462
              2      -5.1112521       1.9491635       0.2931023      -13.098597      0.12681781       88.953593       1.9638228   7.9689901e-14       1.3391148       6.4461069        6.4461069      -23.114718      -23.114718
             15      -5.9828792       1.9388591      0.29849237      -13.098439      0.10982659       86.867848       1.9883479   7.9718916e-14       1.2877353       6.3896067        6.3896067      -24.744972      -24.744972
              8      -7.2627966       1.6619672      0.89728163      -12.947012      0.64342551       45.916337       7.8937184   1.1297658e-13       4.3997248       2.4351775        2.4351775      -19.395948      -19.395948
              1      -9.6259874        1.669883       0.9354279      -12.931642      0.67119196       46.760911       8.6184248   1.1704633e-13       4.6902064       2.4061967        2.4061967      -24.064368      -24.064368
              2      -9.6473672       1.6750939      0.93292004      -12.932463      0.67582913       47.325353       8.5688007   1.1682535e-13       4.7405544       2.4371265        2.4371265      -24.168988      -24.168988
             16      -6.3266565       1.7806657      0.39630546      -13.031546      -0.1605927        60.34839       2.4906085   9.2993858e-14      0.69088744       5.3522134        5.3522134       -23.35774       -23.35774
              9      -7.6452599       1.3520045        0.468502      -13.019354   -0.0036832834       22.490777       2.9410472   9.5641431e-14      0.99155479       2.7833345        2.7833345      -20.857189      -20.857189
              2      -8.2770773       1.3416102      0.40087193       -13.02029     -0.15911632        21.95888       2.5169346   9.5435604e-14      0.69324011       3.2923077        3.2923077       -23.13877       -23.13877
              5      -8.9625246       1.6512627       1.0439011      -12.918978      0.17490713       44.798415       11.063718   1.2050961e-13       1.4959157       2.6264712        2.6264712      -23.177992      -23.177992
              2      -10.695276       1.2326998       1.6607264      -12.807421      0.39094717       17.088339       45.785341   1.5580413e-13       2.4600683       1.1481745        1.1481745      -23.686901      -23.686901
             50      -10.734929       1.2349249        1.661307      -12.807748      0.39130729       17.176112       45.846591   1.5568675e-13       2.4621091       1.1544786        1.1544786      -23.778815      -23.778815
              4      -10.734681       1.2358555       1.6611853      -12.807696      0.39219848       17.212958       45.833744   1.5570569e-13       2.4671666       1.1558605        1.1558605      -23.781084      -23.781084
             17      -10.365001       1.1973087       1.4291918      -12.772696      0.13547398       15.751021       26.865305   1.6877348e-13       1.3660732       1.0893997        1.0893997      -22.908801      -22.908801
              6      -8.9513287       1.3515874       1.3315656      -12.782421     0.035998532       22.469189        21.45683   1.6503612e-13        1.086422       1.6117583        1.6117583      -21.126174      -21.126174
              4      -9.5898303       1.1501581       1.3370952      -12.807137      0.15488145        14.13052       21.731773   1.5590589e-13        1.428504      0.84124395       0.84124395      -20.862148      -20.862148
             18      -9.5801178      0.86120854       1.2264625      -12.777438     0.023841242        7.264547       16.844669   1.6694068e-13       1.0564313      0.70979716       0.70979716       -20.57983       -20.57983
             16      -10.309504      0.38012084       1.1632829       -12.76732    -0.021770191       2.3995005       14.564075   1.7087541e-13      0.95110794       1.3588178        1.3588178      -23.336645      -23.336645
             14      -9.5845038      0.38407184       1.1448194        -12.7746    -0.032089071       2.4214295       13.957879    1.680351e-13      0.92877588       1.3604015        1.3604015      -21.889811      -21.889811
             38      -10.339612      0.37900007        1.179692      -12.766638    -0.034462594       2.3933162       15.124882   1.7114418e-13      0.92371374        1.394281         1.394281      -23.467787      -23.467787
             14      -10.008903      0.37166225       1.1739753      -12.768212     -0.06305208       2.3532185       14.927096   1.7052496e-13       0.8648642       1.4769826        1.4769826      -22.971772      -22.971772
              3      -10.053634      0.37997473       1.1903121      -12.762789    -0.038741195       2.3986933         15.4993   1.7266785e-13      0.91465814       1.4094253        1.4094253      -22.926119      -22.926119
             12       -10.30102      0.47599523       1.1470874      -12.770933    -0.043378659       2.9922318       14.030961   1.6945988e-13      0.90494324       1.1794153        1.1794153       -22.96087       -22.96087
             10        -9.37624      0.80402128      0.81860839      -12.827036     -0.17324285       6.3682672       6.5857978   1.4892392e-13      0.67105351       1.2892273        1.2892273      -21.330935      -21.330935
             21      -9.6027535      0.98130451        1.191506      -12.735953     -0.18765089       9.5786545       15.541967   1.8367376e-13      0.64915606       1.3626377        1.3626377      -21.930782      -21.930782
             46      -9.6922267      0.98817512        1.152542      -12.750993     -0.18364638       9.7313954       14.208297   1.7742196e-13      0.65516943       1.3225874        1.3225874      -22.029628      -22.029628
              8      -9.6743906      0.93481675       1.1749644      -12.744789     -0.17671806       8.6063053        14.96113    1.799746e-13      0.66570518       1.2696882        1.2696882      -21.888158      -21.888158
             13      -9.9646986      0.91585386       1.1530809      -12.745575     -0.17715827       8.2386084       14.225938   1.7964917e-13      0.66503076       1.2530449        1.2530449      -22.435487      -22.435487
             19      -9.0429869       1.3836517       1.7219181      -12.687936     0.077511832       24.190882        52.71305   2.0514642e-13       1.1953961       2.3843907        2.3843907      -22.854755      -22.854755
             11      -10.036774       1.0891813          1.7634        -12.7409      0.32133006       12.279518       57.996261   1.8159321e-13       2.0957045       1.2045227        1.2045227      -22.482594      -22.482594
              1      -10.019967        1.066831       1.7736509      -12.739412       0.3141836       11.663557       59.381462   1.8221648e-13       2.0615012       1.2024318        1.2024318      -22.444798      -22.444798
              1      -11.007691       1.1305024       1.5286159      -12.769779      0.24456241       13.505243       33.776596    1.699109e-13       1.7561532       0.9034695        0.9034695      -23.822321      -23.822321
             55      -9.9068864      0.73302397       1.6690885      -12.652381      0.12882792       5.4078417        46.67545   2.2264797e-13       1.3453272       1.3449441        1.3449441      -22.503661      -22.503661
             20      -9.6145168      0.58918268       1.7201063      -12.650179      0.18219495       3.8831367        52.49359      2.2378e-13       1.5212302       1.4960882        1.4960882       -22.22121       -22.22121
             12      -11.753976       0.8910273       1.2203049      -12.857072      0.27988863       7.7808547       16.607525   1.3897211e-13       1.9049721      0.27520893       0.27520893      -24.058371      -24.058371
              4      -11.771756      0.89201374       1.2214908      -12.856467      0.28047682       7.7985478       16.652934   1.3916585e-13       1.9075539      0.27489217       0.27489217      -24.093297      -24.093297
             20      -11.737861      0.80571304       1.2262634      -12.854968      0.24013327       6.3931228        16.83695     1.39647e-13       1.7383342      0.30922443       0.30922443       -24.09417       -24.09417
              2      -11.821863      0.48452741      0.83313881      -12.958429      0.38712558       3.0515986       6.8098698   1.1004512e-13       2.4385159      0.78771392       0.78771392      -25.219153      -25.219153
              7      -11.327771      0.30157212      0.89599009      -12.946677      0.37627476       2.0024981       7.8702783   1.1306373e-13       2.3783445       1.1687109        1.1687109      -24.992963      -24.992963
              1      -9.5469979      0.28503331      0.83611089      -12.964127      0.38214659       1.9276728       6.8566327   1.0861087e-13        2.410719       1.3219058        1.3219058      -21.737807      -21.737807
             22       -9.713239       1.5335299      0.77498367      -12.963357      0.58025211        34.16095       5.9563974   1.0880351e-13       3.8041016       2.0066363        2.0066363      -23.439751      -23.439751
              7      -10.300857       1.5563456       0.7797254      -12.958703      0.56717461       36.003573       6.0217871   1.0997582e-13       3.6912598       2.0910667        2.0910667      -24.783848      -24.783848
              2      -10.380145       1.3688581      0.50228519      -13.059804      0.48638832       23.380732       3.1789609   8.7135643e-14       3.0647025       2.2935984        2.2935984      -25.347488      -25.347488
             18      -10.290293       1.3662659      0.48871119      -13.062356      0.48514463       23.241592       3.0811383   8.6625192e-14       3.0559386       2.3292119        2.3292119       -25.23901       -25.23901
             32        -10.3681       1.2894781      0.48162155      -13.063414      0.39696724       19.475027       3.0312485   8.6414316e-14       2.4944065        2.175926         2.175926      -25.088052      -25.088052
             17      -9.4319125       1.2111307      0.45383777      -13.046802      0.60431923       16.260382       2.8433988   8.9783708e-14       4.0208625       1.8259073        1.8259073       -22.51564       -22.51564
              6      -8.3198468       1.1477491      0.60432879      -12.968154      0.59805564       14.052354       4.0209511   1.0760842e-13       3.9632881       1.0362598        1.0362598      -18.712213      -18.712213
             13      -10.396938       1.1622352      0.62673823      -12.966449      0.60796628       14.528981       4.2338769   1.0803163e-13       4.0547705       1.0195645        1.0195645      -22.833004      -22.833004
              6       -10.80038       1.1269511      0.62011829      -12.990964      0.63146863       13.395258       4.1698295    1.021025e-13        4.280245       1.0463817        1.0463817      -23.693523      -23.693523
              9      -10.742787       1.1540752       0.6120154      -12.990779      0.63494601       14.258546       4.0927517     1.02146e-13       4.3146543       1.1133183        1.1133183      -23.712212      -23.712212
              1      -9.6783372         1.06471      0.55891569      -13.015261      0.64349121       11.606734       3.6217269   9.6547096e-14       4.4003904       1.1534921        1.1534921      -21.663658      -21.663658
              3      -9.5099788      0.54267562      0.81560989      -12.925939      0.98303843       3.4887963        6.540484   1.1859344e-13       9.6169737      0.64313987       0.64313987      -20.306237      -20.306237
              9      -9.6034762      0.15828739      0.83674927      -12.950934      0.89825765        1.439751        6.866719   1.1196084e-13       7.9114784       1.6843973        1.6843973      -22.575747      -22.575747
              2      -8.8192731      0.11347898      0.77967238      -12.983934      0.75729231       1.2986107        6.021052   1.0376871e-13       5.7186341       1.9678689        1.9678689      -21.574284      -21.574284
              5      -10.164211      0.09040524      0.72735588      -12.996196      0.73083723       1.2314173       5.3377212   1.0087984e-13       5.3806808       2.1747189        2.1747189      -24.677861      -24.677861
              2      -10.242532      0.11695196      0.74019257      -12.999506      0.66501486       1.3090371        5.497846    1.001139e-13       4.6239684       2.0514365        2.0514365      -24.587936      -24.587936
              2      -10.836497      0.18685411      0.71729136      -12.991844      0.71641417        1.537638       5.2154449   1.0189572e-13       5.2049214       1.7763126        1.7763126      -25.225619      -25.225619
              7      -10.850942       0.1866263      0.71370085      -12.992996      0.71649556       1.5368316       5.1725042   1.0162587e-13       5.2058969       1.7868058        1.7868058      -25.275495      -25.275495
             36      -10.280384      0.15074208       0.6758934      -12.991739      0.80137965       1.4149532       4.7412559   1.0192041e-13       6.3296493       2.0015564        2.0015564      -24.563881      -24.563881
              1      -10.546374      0.15083894      0.73655383      -12.989889       0.7966684       1.4152688       5.4519747    1.023554e-13       6.2613561       1.9054051        1.9054051      -24.903559      -24.903559
              3      -10.120128     0.055340915       0.7341683      -12.988338      0.55607551       1.1359021       5.4221097   1.0272155e-13       3.5981189       2.3043895        2.3043895      -24.849035      -24.849035
             11      -10.456872      0.18938508      0.63062058      -13.024327      0.59528968       1.5466252       4.2718951   9.4552534e-14       3.9381266       2.0470927        2.0470927      -25.007929      -25.007929
             11      -10.509671      0.18759451       0.6356374        -13.0243      0.58557441       1.5402617       4.3215287   9.4558353e-14       3.8510079       2.0477427        2.0477427      -25.114828      -25.114828
              3      -10.661175      0.31707499      0.67265867      -13.019568      0.76572022       2.0752718       4.7060731    9.559437e-14       5.8306936       1.5334234        1.5334234      -24.389197      -24.389197
              4      -10.706514      0.31989835      0.66997593      -13.020133      0.76381577       2.0888072       4.6770921   9.5470048e-14        5.805181       1.5312005        1.5312005      -24.475429      -24.475429
              5      -9.9982744      0.30686093      0.67976636      -13.024998      0.71411349       2.0270335       4.7837267   9.4406435e-14       5.1774211       1.5669489        1.5669489      -23.130447      -23.130447
              3      -11.163715      0.31148664      0.73616953      -13.002618        0.732621        2.048739       5.4471525   9.9399053e-14       5.4028262       1.3749997        1.3749997      -25.077429      -25.077429
              1       -9.363177     0.057392607      0.60537403      -13.014097      0.73866422       1.1412811       4.0306402   9.6806134e-14       5.4785322       2.5912304        2.5912304      -23.908815      -23.908815
             11      -8.7874808    -0.054280002      0.72013379      -12.996357      0.80385771      0.88251074       5.2496916   1.0084227e-13       6.3658692        2.902255         2.902255      -23.379472      -23.379472
             10      -9.7797731      0.27808491      0.77836401      -12.995698      0.69697335       1.8970768       6.0029401   1.0099548e-13       4.9770654       1.3921877        1.3921877      -22.343922      -22.343922
             11      -10.721981       0.1601834       1.2994374      -12.875307      0.43605167       1.4460503       19.926794   1.3325786e-13       2.7293025       1.4343904        1.4343904      -24.312743      -24.312743
             11      -11.591529      0.28126596       1.1934478      -12.887906      0.37321587       1.9110232       15.611614   1.2944755e-13       2.3616518       1.0275714        1.0275714        -25.2382        -25.2382
              7      -10.741777      0.14224589       1.2606554       -12.87146      0.33914039       1.3875412       18.224491   1.3444366e-13       2.1834356       1.5685639        1.5685639      -24.620681      -24.620681
              3      -9.4199428      0.16005017       1.2773052      -12.877128       0.7434207       1.4456068       18.936737   1.3270026e-13        5.538864       1.3463003        1.3463003      -21.532486      -21.532486
              2        -9.54695      0.18615556       1.4124161      -12.861692      0.76788351       1.5351668       25.847356   1.3750162e-13       5.8598096       1.3402112        1.3402112      -21.774322      -21.774322
              2       -10.70752     0.098641985        1.371393      -12.884361      0.97882027        1.254995       23.517601    1.305087e-13       9.5240194       1.8227939        1.8227939      -25.060628      -25.060628
              8      -10.337381      0.12220015       1.4075165      -12.887114      0.98180728        1.324952       25.557391   1.2968386e-13       9.5897499       1.7634519        1.7634519      -24.201665      -24.201665
              3      -9.0396773     0.027660779        1.398944      -12.889453      0.98643384       1.0657633       25.057859   1.2898737e-13        9.692456       2.1840215        2.1840215      -22.447398      -22.447398
             14      -10.588886     0.053904032        1.312895      -12.896379      0.93378849       1.1321502       20.553934   1.2694659e-13       8.5859527       1.9535623        1.9535623      -25.084897      -25.084897
              4      -10.319093      0.14709071       1.3313632      -12.902216      0.83691053       1.4031067       21.446833   1.2525187e-13       6.8692692       1.5080516        1.5080516      -23.654289      -23.654289
              3      -10.667717      0.38623778      0.94168048      -12.931767      0.77899322        2.433536       8.7434027    1.170128e-13       6.0116435      0.73896103       0.73896103      -22.813356      -22.813356
              9      -10.839006      0.39392592      0.94305337      -12.931206      0.77594682       2.4769995       8.7710861   1.1716393e-13       5.9696218      0.71604281       0.71604281      -23.110098      -23.110098
              2      -11.784511      0.52609008       1.0476896      -12.922184      0.75447786       3.3580726       11.160652   1.1962339e-13       5.6816943      0.36178266       0.36178266      -24.292588      -24.292588
              8      -11.898794      0.46141088        1.035033       -12.93937      0.47586222        2.893416       10.840093   1.1498208e-13       2.9913155      0.58060502       0.58060502      -24.958799      -24.958799
              6      -12.216133      0.65130045       1.1143791      -12.928568      0.54570345       4.4802314        13.01305   1.1787781e-13       3.5132046      0.21187335       0.21187335      -24.856012      -24.856012
              9      -12.282764      0.57243022       1.0829243      -12.932937      0.60407772       3.7362009       12.103873   1.1669777e-13       4.0186272      0.30262368       0.30262368      -25.170775      -25.170775
             28      -12.450306      0.65040617       1.0882274      -12.920191      0.57184137       4.4710155       12.252575   1.2017356e-13       3.7311385      0.18524322       0.18524322      -25.271098      -25.271098
              8      -11.146976      0.58353495       1.0449568      -12.916981      0.61848822       3.8329658       11.090646     1.21065e-13       4.1542078      0.25348612       0.25348612      -22.800924      -22.800924
              1      -10.777054      0.20922002       1.0387821      -12.940344      0.56983904          1.6189       10.934077   1.1472436e-13       3.7139756       1.2629381        1.2629381      -24.079985      -24.079985
             12      -9.9529986      0.29308491      0.43267041      -13.092876      0.41546152       1.9637442       2.7081356   8.0746579e-14       2.6029242       2.5693877        2.5693877      -25.044773      -25.044773
             16      -9.8699544      0.48142109      0.70549891      -12.987131      0.46059293       3.0298497       5.0757347   1.0300746e-13       2.8879717      0.99136879       0.99136879      -21.722646      -21.722646
              4      -9.8213912      0.45017489       0.8105427      -13.005601       0.4641374       2.8195181       6.4646155   9.8718657e-14       2.9116381      0.99911791       0.99911791      -21.641018      -21.641018
              3       -10.94354      0.49963424      0.79279486      -13.001002      0.39705942       3.1596155       6.2057583   9.9769459e-14       2.4949361      0.95022522       0.95022522       -23.78753       -23.78753
              3      -10.993681      0.48308368      0.74889933      -12.993956      0.40139954        3.041471       5.6091794   1.0140143e-13       2.5199942        1.002058         1.002058      -23.991478      -23.991478
              5      -11.185491        1.024767       1.1293869      -12.859633      0.88525132       10.586856         13.4706   1.3815505e-13       7.6780568      0.21112983       0.21112983      -22.793242      -22.793242
              2       -11.08049       1.0209193       1.1309448      -12.857409      0.88718039       10.493474       13.519007   1.3886452e-13       7.7122373       0.2058293        0.2058293      -22.572639      -22.572639
             19      -11.725929       1.0185321       1.1669479      -12.862775      0.94972548       10.435951       14.687501   1.3715911e-13       8.9068774      0.26182592       0.26182592      -23.975511      -23.975511
              7      -11.889081        1.018721       1.1665709      -12.863163      0.95068254       10.440493       14.674756   1.3703687e-13       8.9265274      0.26323621       0.26323621      -24.304635      -24.304635
              7      -11.827775       1.0355291       1.2232846      -12.888082      0.50902477       10.852483        16.72186   1.2939519e-13       3.2286783      0.24089222       0.24089222      -24.137335      -24.137335
             11      -12.076656       1.0097942       1.1066418      -12.914891      0.56246733       10.228081       12.783264   1.2164909e-13       3.6514666      0.21649819       0.21649819      -24.586309      -24.586309
              7      -11.945499       1.0973701       1.0814473      -12.925811      0.44190601       12.513251       12.062778   1.1862841e-13       2.7663429      0.43713566       0.43713566       -24.76527       -24.76527
             13      -12.019877      0.81774915       1.2803365      -12.869287      0.46725219       6.5727808       19.069375   1.3511803e-13       2.9325956      0.11459987       0.11459987      -24.268953      -24.268953
             11      -11.290143      0.55014109       1.0697356      -12.935391      0.56078684       3.5492868       11.741824   1.1604021e-13       3.6373646      0.35673236       0.35673236      -23.293751      -23.293751
              4      -10.026669      0.58138513       1.0312955      -12.930932      0.66135927        3.814039       10.747203     1.17238e-13       4.5852104      0.28955052       0.28955052      -20.632439      -20.632439
              1      -11.242755      0.72898281      0.99167109      -12.933765      0.66551596       5.3577545        9.810047   1.1647561e-13       4.6293067      0.17264483       0.17264483      -22.830799      -22.830799
             10      -11.886543      0.48815742       1.0866955      -12.925053      0.58392768        3.077212       12.209432   1.1883577e-13       3.8364336       0.4303149        0.4303149      -24.633716      -24.633716
             10      -11.830412      0.35401364       1.2753767      -12.884307      0.43291303       2.2595067       18.852839   1.3052476e-13        2.709649      0.78594951       0.78594951      -25.232723      -25.232723
             12      -10.843279      0.33872599       1.2199111      -12.891536      0.41455485       2.1813532       16.592474   1.2837016e-13       2.5974958      0.83019417       0.83019417      -23.346947      -23.346947
              7      -10.911929      0.30237786       1.3405271      -12.855589      0.36646729       2.0062168       21.904185   1.3944745e-13       2.3252374       1.0054627        1.0054627      -23.834784      -23.834784
              3      -9.7178882      0.18255425       1.3567139      -12.841105      0.29892379       1.5224893       22.735993   1.4417659e-13       1.9903241       1.4953473        1.4953473      -22.426471      -22.426471
              1      -9.8363178       1.3194782        1.380639      -12.810945        0.213225       20.867872       24.023652   1.5454506e-13       1.6338982       1.2172879        1.2172879      -22.107211      -22.107211
             11      -10.231297       1.3151879       1.3110992      -12.851551      0.24327523       20.662739        20.46912    1.407503e-13        1.750956       1.1136595        1.1136595      -22.689913      -22.689913
              9      -11.262365       1.4063181        1.356126      -12.854337      0.42393614       25.486964       22.705236   1.3985015e-13       2.6542152       1.2548104        1.2548104      -25.034351      -25.034351
              1      -10.539862       1.1742798       1.6402454      -12.759451      0.32853048       14.937566       43.676253        1.74e-13       2.1307401        1.082382         1.082382      -23.244489      -23.244489
              6      -9.8956486       1.1623492       1.5817766      -12.763172      0.25095429       14.532798       38.174784    1.725155e-13       1.7821912       1.0478775        1.0478775      -21.887052      -21.887052
             10      -9.7291998       1.0810302       1.5712299      -12.762953      0.24283161       12.051196       37.258885   1.7260249e-13       1.7491683      0.89012763       0.89012763      -21.238655      -21.238655
              8      -9.4262259       1.0247336       1.3018312      -12.789075     0.047277529       10.586042       20.036931   1.6252694e-13       1.1150068      0.81755945       0.81755945      -20.487571      -20.487571
             24      -9.8139012       1.0253474       1.5313223      -12.650243    0.0083971203       10.601013       33.987739   2.2374697e-13       1.0195232       1.4820097        1.4820097      -22.591822      -22.591822
             11      -8.6219973       1.5041516       1.3939984      -12.725665     0.011592132       31.926521        24.77413    1.880766e-13       1.0270513       2.3797013        2.3797013      -22.003397      -22.003397
             38      -8.7806521       1.4833325       1.3795675      -12.737974    0.0088219601        30.43214       23.964449   1.8282093e-13        1.020521       2.2591374        2.2591374      -22.079579      -22.079579
              1      -8.3038249       1.5424321       1.3422559      -12.749159    0.0060707074       34.868409       21.991552   1.7817277e-13       1.0140765       2.4631916        2.4631916      -21.534033      -21.534033
              3      -7.8166257       1.5486006       1.6182441      -12.747609      0.19116117       35.367192       41.518733   1.7880982e-13       1.5529632       2.4916317        2.4916317      -20.616515      -20.616515
              3      -10.520148       1.3210923       1.5188994      -12.774452       0.2821217       20.945573       33.029303   1.6809229e-13       1.9147924       1.3124517        1.3124517      -23.665199      -23.665199
             13      -11.008035       1.0160742       1.4744376      -12.809708      0.24944805       10.377056       29.815189   1.5498586e-13       1.7760208      0.61101285       0.61101285      -23.238097      -23.238097
             14      -11.242705         1.07116       1.4807054      -12.807609      0.29673415       11.780398       30.248605   1.5573658e-13       1.9803144       0.6362211        0.6362211      -23.757852      -23.757852
              8      -11.316751       1.0868534        1.477961      -12.811472      0.29536653       12.213872       30.058066   1.5435775e-13       1.9740881      0.65849927       0.65849927        -23.9505        -23.9505
             42      -9.6003515       1.4502655       1.4194922       -12.80847      0.25548183       28.201066       26.271945    1.554281e-13       1.8008678       1.6494707        1.6494707      -22.499644      -22.499644
              2      -10.267286       1.3489686       1.4037776      -12.815463       0.1704972       22.334108       25.338307   1.5294567e-13       1.4808027       1.3970248        1.3970248      -23.328621      -23.328621
             11      -10.307052       1.3241229       1.4370801       -12.80701      0.19181385       21.092247       27.357733   1.5595167e-13       1.5552988       1.3214056        1.3214056      -23.256916      -23.256916
             19      -10.430206        1.116303        1.367912      -12.796384       0.1671985       13.070825       23.329852   1.5981438e-13       1.4695978      0.78548586       0.78548586      -22.431383      -22.431383
              1      -10.678863       1.1490067        1.395822      -12.787009      0.14855074       14.093106       24.878377   1.6330185e-13       1.4078317      0.91246292       0.91246292      -23.182651      -23.182651
             15      -10.992818       1.1113476       1.3824955      -12.778864      0.15550217       12.922532       24.126563   1.6639323e-13       1.4305471      0.82403117       0.82403117      -23.633699      -23.633699
              4      -10.683149       1.0153803       1.3783683      -12.785474      0.20500855        10.36049       23.898373   1.6388018e-13        1.603277      0.58872874       0.58872874      -22.543756      -22.543756
              1      -11.358862       1.0362003       1.4987242       -12.79051      0.29064608       10.869269       31.530018   1.6199077e-13       1.9527475      0.62574501       0.62574501      -23.969215      -23.969215
             17      -10.904594       1.1695975       1.5272175      -12.775291      0.28008715       14.777382       33.668016   1.6776805e-13       1.9058431      0.92785756       0.92785756      -23.664903      -23.664903
              1      -10.480681       1.1537399       1.5234865      -12.776016      0.22033033        14.24754        33.38001   1.6748816e-13       1.6608497      0.96939529       0.96939529      -22.900153      -22.900153
              2      -9.1501709       1.3584109       1.6285261      -12.776031      0.25411771       22.825007       42.513427   1.6748216e-13       1.7952201       1.6368783        1.6368783      -21.574098      -21.574098
              8      -7.1408392        1.477859       1.7100827      -12.727853      0.21499418       30.051005       51.295902   1.8713156e-13       1.6405678       2.3680532        2.3680532      -19.017785      -19.017785
              8      -7.8890114       1.5176369       1.9076532      -12.686682      0.12387896       32.933422       80.845008    2.057395e-13       1.3300837       3.2638732        3.2638732      -22.305769      -22.305769
             12      -7.9074981       1.4928536       1.9151557      -12.685442      0.13350255       31.106676       82.253742   2.0632776e-13       1.3598861       3.1675163        3.1675163      -22.150029      -22.150029
              6      -7.6182561       1.1752872       1.7691606      -12.735746      0.22446955       14.972255       58.770662   1.8376147e-13       1.6767548        1.519566         1.519566      -18.275644      -18.275644
             44      -11.648214       1.0312347       1.5335802      -12.845875      0.55374734         10.7457       34.164903   1.4260187e-13       3.5788817      0.44742112       0.44742112       -24.19127       -24.19127
             11      -11.734722        1.140818       1.4837894      -12.861426      0.53034106       13.829866       30.464175   1.3758587e-13       3.3911036      0.58349087       0.58349087      -24.636427      -24.636427
             15      -11.728493       1.1427723       1.4995368      -12.860805      0.52754784       13.892239       31.589065   1.3778277e-13       3.3693633      0.60819128       0.60819128      -24.673368      -24.673368
              2      -11.671968       1.1804692       1.4779365      -12.868451      0.53244696       15.151973       30.056369   1.3537821e-13       3.4075871      0.66584406       0.66584406      -24.675625      -24.675625
             10      -10.345643       1.0631268       1.4786056      -12.884871      0.52594392       11.564499       30.102709   1.3035552e-13       3.3569426      0.46959259       0.46959259      -21.630471      -21.630471
             10      -11.169983       1.1254288       1.4802571      -12.899405      0.65887002       13.348387       30.217397   1.2606508e-13       4.5590045      0.56908517       0.56908517      -23.478136      -23.478136
              7      -10.716684       1.0781902       1.4887079      -12.904398      0.70207508       11.972647       30.811146   1.2462405e-13       5.0358766       0.5076202        0.5076202      -22.448607      -22.448607
              4      -11.841194       1.2864075       1.3247616      -12.885953      0.66175644       19.337818       21.123291   1.3003104e-13       4.5894056      0.78078669       0.78078669      -25.243962      -25.243962
              3      -11.844359       1.2861349       1.3252597      -12.886082      0.66323137       19.325685       21.147532   1.2999234e-13       4.6050184      0.78051717       0.78051717      -25.249753      -25.249753
              5      -8.7935921       1.3397952       1.3619805      -12.889647      0.50152628         21.8673       23.013382    1.289298e-13       3.1734107       1.0217628        1.0217628       -19.63071       -19.63071
             50      -11.626444       1.3252342        1.290398      -12.886681      0.63639572        21.14629       19.516325   1.2981338e-13       4.3290811      0.87745007       0.87745007      -25.007789      -25.007789
              3         -8.5401       1.4804458        1.367444      -12.872688      0.71522916       30.230534       23.304728   1.3406387e-13       5.1907386       1.4713679        1.4713679      -20.022936      -20.022936
             20      -10.150973       1.6731739       1.3303908      -12.889998      0.68858126       47.116593       21.398868   1.2882551e-13       4.8818144        2.354758         2.354758      -25.011461      -25.011461
             10      -9.9086346       1.6758801       1.3309962      -12.891545      0.68739408       47.411108       21.428717   1.2836749e-13       4.8684877       2.3716826        2.3716826      -24.560634      -24.560634
             11      -9.7098847       1.4859794       1.3883653       -12.86918      0.59259562        30.61818       24.454866   1.3515129e-13       3.9137729       1.5140232        1.5140232      -22.447816      -22.447816
              1      -9.9218328        1.616597       1.4417361      -12.857642      0.52805368        41.36157       27.652608   1.3879006e-13         3.37329       2.1642755        2.1642755      -24.172217      -24.172217
              4      -10.046987       1.3615664       1.4756919      -12.769684      0.18038503       22.991449       29.901428   1.6994804e-13       1.5149037       1.5367675        1.5367675      -23.167509      -23.167509
             28      -9.3255639       1.4626253       1.4021129      -12.776505       0.1430498       29.015184       25.241367   1.6729948e-13        1.390112       1.8764599        1.8764599      -22.404048      -22.404048
             40      -9.9718628       1.3787568       1.1059905      -12.879931     0.017634934       23.919758       12.764109   1.3184663e-13       1.0414416       1.6799314        1.6799314      -23.303588      -23.303588
             15      -10.005362       1.3793917       1.1060035      -12.879136     0.015932632       23.954754       12.764491   1.3208826e-13       1.0373675       1.6846739        1.6846739      -23.380071      -23.380071
             29      -11.288687      0.63287512       1.1978337      -12.877419      0.27742476       4.2941293       15.770074   1.3261153e-13       1.8941953      0.36874894       0.36874894      -23.314873      -23.314873
              8       -9.431422      0.69588084        1.073872      -12.907109      0.64742914       4.9645609       11.854194   1.2384863e-13        4.440472      0.10716675       0.10716675      -19.077177      -19.077177
              3      -9.4776667      0.40282625      0.98636556      -12.918869      0.57787099       2.5282863       9.6909323   1.2053996e-13       3.7833018      0.63518858       0.63518858      -20.225711      -20.225711
              1      -10.538764      0.20520891      0.63606332      -12.996311       0.7865287       1.6040168       4.3257689   1.0085298e-13       6.1168623       1.8692109        1.8692109      -24.815951      -24.815951
             13      -10.720639      0.26532604      0.62440218      -13.014576      0.76301591       1.8421545       4.2111643   9.6699468e-14       5.7944992       1.7504795        1.7504795      -24.942237      -24.942237
              2      -10.017343      0.27971368      0.59926902      -13.018476      0.75963528       1.9042049       3.9743766   9.5835065e-14       5.7495688       1.7644749        1.7644749      -23.563635      -23.563635
             13      -10.394861      0.29825243      0.60317188      -13.015143      0.76574117       1.9872497        4.010254   9.6573188e-14       5.8309749       1.6855851        1.6855851      -24.160892      -24.160892
              3      -9.3944901      0.30235417      0.58503178       -13.01946      0.72702063       2.0061074       3.8461992   9.5618131e-14       5.3336023       1.7157515        1.7157515      -22.220483      -22.220483
              7      -9.2068076      0.35001555       0.6254731      -13.029944      0.80436561       2.2388013       4.2215613   9.3337449e-14       6.3733183        1.579242         1.579242      -21.572099      -21.572099
             24      -9.4423884      0.70474536      0.58021491      -13.006857      0.72758573       5.0669353       3.8037758   9.8433557e-14       5.3405469       0.9201856        0.9201856      -20.725148      -20.725148
             26      -6.4276697       1.5116741      0.61173963      -12.942704      0.73627886       32.484343       4.0901537   1.1410275e-13       5.4485239       2.0841208        2.0841208      -17.023581      -17.023581
              7      -9.7871951       1.3363708      0.62923972       -12.99999      0.64459022       21.695558        4.258334   1.0000233e-13         4.41154       1.5988142        1.5988142      -22.772019      -22.772019
             25      -9.8058702       1.2532203       0.6174768      -13.002891      0.64473885       17.915144       4.1445444   9.9336471e-14         4.41305       1.3880674        1.3880674      -22.387875      -22.387875
              3      -10.436173       1.5525613      0.84420291      -12.942552      0.58376821       35.691209        6.985587   1.1414275e-13       3.8350251       1.9520167        1.9520167       -24.77638       -24.77638
             46      -10.456066       1.5300068      0.89587677      -12.941912      0.56318999       33.884944        7.868225   1.1431092e-13       3.6575477       1.8124791        1.8124791      -24.537089      -24.537089
              8      -10.533238       1.3356336      0.97814468      -12.913366      0.73391646       21.658759       9.5092153   1.2207691e-13       5.4189665      0.94911638       0.94911638      -22.964709      -22.964709
              4      -11.932369      0.58583629       0.9723156      -12.948654      0.50268462       3.8533308       9.3824358   1.1255017e-13        3.181886      0.40062359       0.40062359      -24.665984      -24.665984
              2      -11.791483       0.6852136      0.75505651      -13.003582      0.74163928       4.8441055       5.6892695   9.9178692e-14       5.5161909      0.65056428       0.65056428      -24.884094      -24.884094
              9      -9.8139051      0.28679995      0.59038401      -13.018032      0.75981729       1.9355302        3.893893   9.5932946e-14       5.7519789       1.7559304        1.7559304      -23.139671      -23.139671
              1      -7.1449572      0.10476614       0.6572335      -13.041965      0.54403137       1.2728175       4.5418575   9.0789418e-14       3.4997045        2.447376         2.447376      -19.184666      -19.184666
             28      -6.0575681      0.40271509      0.45832947        -13.1148      0.45682292       2.5276392       2.8729593   7.6771483e-14       2.8630103       2.3182658        2.3182658      -16.751668      -16.751668
             11      -8.5627274      0.43663304      0.15944894      -13.148974      0.25170327       2.7329585       1.4436069   7.0962029e-14       1.7852674        3.532291         3.532291      -24.190037      -24.190037
              1      -10.699208      0.64523919      0.40420586      -13.106056      0.48888791       4.4181371       2.5363306   7.8332852e-14       3.0823923       1.9456342        1.9456342      -25.289684      -25.289684
              5      -10.058552      0.59960607      0.34911483      -13.115838       0.5689343       3.9774623       2.2341629   7.6588282e-14       3.7062465       2.1693321        2.1693321      -24.455768      -24.455768
              9      -9.9153237      0.55185613       0.3147402      -13.121054      0.58478637       3.5633307        2.064145    7.567384e-14       3.8440264       2.3623858        2.3623858      -24.555419      -24.555419
              4      -9.6779531      0.52905913      0.31005955      -13.119935       0.5735866       3.3811087       2.0420179   7.5869078e-14       3.7461624       2.4079749        2.4079749      -24.171856      -24.171856
              9      -9.1254839      0.52324897      0.30324505      -13.122334      0.58218696       3.3361761       2.0102268   7.5451166e-14       3.8210873       2.4515406        2.4515406      -23.154049      -23.154049
              1      -10.351878      0.45749553      0.48255365      -13.068244      0.44194374       2.8674478       3.0377614   8.5458598e-14       2.7665832       1.8513508        1.8513508      -24.406457      -24.406457
              3      -7.6654257      0.46040151      0.47880532      -13.064959      0.45456867       2.8866991       3.0116557   8.6107496e-14       2.8481881       1.8253779        1.8253779      -18.981607      -18.981607
              4      -7.6708786       1.5271635      0.67545237      -12.996134      0.27125458       33.663828       4.7364437   1.0089416e-13       1.8674741       2.4791498        2.4791498      -20.300057      -20.300057
              3       -10.22727       1.5197145       1.1254299      -12.925907      0.40886694       33.091348        13.34842   1.1860231e-13       2.5636984       1.7307124        1.7307124      -23.915965      -23.915965
             14      -10.240752       1.5182172       1.1246655      -12.925944      0.40958804       32.977458       13.324947   1.1859206e-13       2.5679587       1.7237791        1.7237791      -23.929061      -23.929061
              8      -9.8722971       1.6073879       1.1153096      -12.929594      0.43110734       40.493742       13.040961   1.1759972e-13       2.6984063       2.1206154        2.1206154      -23.985825      -23.985825
              8       -11.72897       1.2652403       1.1597763      -12.903654       0.5283875       18.417908       14.446955    1.248378e-13       3.3758839       0.7136658        0.7136658      -24.885272      -24.885272
              5      -11.049247       1.4637502       1.0524887      -12.934638      0.52873742       29.090436       11.284665   1.1624173e-13        3.378605       1.4528735        1.4528735      -25.004241      -25.004241
             12      -10.632771         1.22823        1.193482      -12.901838      0.82193478       16.913363       15.612844   1.2536101e-13        6.636434      0.62626781       0.62626781      -22.518078      -22.518078
             13      -11.439732       1.2415206       1.1962128      -12.898933      0.81242139       17.438961       15.711325   1.2620223e-13        6.492641      0.65113209       0.65113209      -24.181728      -24.181728
              9      -11.405001       1.2581591       1.2197454      -12.890296      0.80474328       18.120037       16.586142   1.2873711e-13       6.3788631      0.68436368       0.68436368      -24.178729      -24.178729
             37      -11.698246       1.3344236       1.1227676      -12.922864      0.63217829       21.598499       13.266842   1.1943633e-13       4.2872449      0.92654244       0.92654244      -25.249577      -25.249577
              6      -10.842456       1.3235271       1.0425751      -12.937044      0.33958855       21.063333       11.029991   1.1559961e-13       2.1856899       1.1118105        1.1118105      -23.908533      -23.908533
             15      -11.494359       1.3169212       1.0830299       -12.93056      0.36365603        20.74537       12.106815   1.1733846e-13       2.3102343       1.0417517        1.0417517      -25.072221      -25.072221
             10      -11.411898       1.3081023       1.0907127      -12.929298      0.37466275       20.328359       12.322894   1.1767993e-13       2.3695329       1.0002592        1.0002592      -24.824314      -24.824314
             12      -11.632653       1.3038374       1.0516638       -12.93617      0.39643161       20.129703       11.263252   1.1583231e-13        2.491332      0.99191676       0.99191676       -25.24914       -25.24914
              7      -11.853699       1.1446664       1.0631069      -12.934991      0.43728639       13.952963       11.563967   1.1614714e-13       2.7370731      0.55543409       0.55543409      -24.818265      -24.818265
             43      -11.303362       1.1412013      0.95297373      -12.918558      0.63120846       13.842079       8.9737451   1.2062627e-13       4.2776817      0.46673911       0.46673911      -23.540203      -23.540203
              3      -11.018147       1.1290561      0.94265214      -12.921018      0.63670565       13.460343       8.7629865   1.1994501e-13       4.3321716      0.45406977       0.45406977      -22.944433      -22.944433
             14       -9.244186       1.3969272       0.8175602      -12.930247      0.71032332       24.941766       6.5699218   1.1742294e-13       5.1324333        1.312828         1.312828      -21.114028      -21.114028
              8      -9.0220011       1.4163787      0.90196132      -12.904873      0.76972599       26.084274       7.9792361   1.2448799e-13       5.8847225       1.2647602        1.2647602      -20.573523      -20.573523
              5      -10.247989       1.5299764      0.97224449      -12.900661      0.74825096       33.882576       9.3808995   1.2570095e-13       5.6008115       1.6607778        1.6607778      -23.817534      -23.817534
              8      -7.8654357       1.5860524      0.51723858      -13.021433    -0.075965644       38.552488       3.2903234   9.5184766e-14       0.8395264       3.7850507        3.7850507      -23.300973      -23.300973
              7      -8.0413821       1.5821982      0.55154357      -13.021439    -0.053772309        38.21186       3.5607672   9.5183437e-14        0.883543       3.6450545        3.6450545      -23.372873      -23.372873
              3      -9.8420836      0.60042923       1.0465481      -12.935769      0.30855829       3.9850083       11.131356   1.1593945e-13       2.0349713      0.48239246       0.48239246      -20.648952      -20.648952
              1      -10.599377      0.28110242      0.71741889      -12.974089      0.25302049       1.9103037       5.2169766   1.0614771e-13       1.7906903       1.6562817        1.6562817      -24.511318      -24.511318
              2      -10.452035      0.28199069      0.72022082      -12.972689      0.25341186       1.9142149       5.2507437   1.0649055e-13       1.7923048       1.6440605        1.6440605      -24.192192      -24.192192
             18      -10.455625      0.68230535      0.58430228      -12.984719    -0.045936645       4.8117755       3.8397441   1.0358132e-13      0.89962881       1.6608126        1.6608126      -24.232875      -24.232875
              5      -10.458043      0.68273599       0.5881469      -12.984408    -0.047862611       4.8165491       3.8738866   1.0365534e-13      0.89564806       1.6567081        1.6567081      -24.229502      -24.229502
             12      -10.529421      0.41712196      0.83618222      -12.926446      0.02852937        2.612895       6.8577591    1.184552e-13        1.067897       1.3780044        1.3780044      -23.814851      -23.814851
             50      -9.5055747       0.5478637      0.88875398      -12.917183   -0.0073944165       3.5307234        7.740232   1.2100894e-13      0.98311785       1.1270495        1.1270495      -21.265248      -21.265248
             12      -10.199355      0.48209045      0.87281762      -12.921275   0.00027827123       3.0345231       7.4613536   1.1987391e-13       1.0006409       1.2503667        1.2503667      -22.899444      -22.899444
              2      -10.923541      0.47581127      0.88207642      -12.924731     0.041765275       2.9909646       7.6221313   1.1892374e-13       1.1009441        1.176061         1.176061      -24.199203      -24.199203
             17      -11.816384      0.62296579       1.1152893        -12.8522      0.13228356       4.1972592       13.040352    1.405399e-13       1.3560745      0.56399722       0.56399722      -24.760763      -24.760763
              2        -11.9498      0.54857947       1.0773836      -12.925802      0.37268536       3.5365473       11.950432   1.1863091e-13       2.3587687      0.45673614       0.45673614      -24.813072      -24.813072
             19      -11.376128      0.87198371       0.9450288      -12.934062      0.52261607       7.4470403       8.8110731   1.1639608e-13       3.3313178      0.22303094       0.22303094      -23.198317      -23.198317
              3      -11.812028       1.1900851       1.0504674      -12.893674      0.77211018       15.491203       11.232266   1.2773972e-13       5.9171173      0.49868795       0.49868795      -24.621432      -24.621432
             16      -11.749535       1.1913329       1.0492835      -12.893641      0.77089125       15.535775       11.201689    1.277493e-13       5.9005331      0.50137483       0.50137483       -24.50182       -24.50182
             31      -11.571664       1.1412786       1.0214796      -12.887783      0.82377267       13.844541        10.50702   1.2948439e-13       6.6645783      0.41508306       0.41508306      -23.973493      -23.973493
              1      -8.6931201       1.3394245      0.96154643      -12.883966      0.88377351       21.848646        9.152641    1.306272e-13       7.6519745      0.98652811       0.98652811      -19.359296      -19.359296
              5      -10.299489       1.3847346       1.0944177      -12.850506      0.91090648       24.251276       12.428471   1.4108913e-13       8.1452887       1.0813398        1.0813398      -22.761658      -22.761658
              2      -12.356262      0.89411355       1.1167267      -12.909072      0.46184253        7.836345       13.083582   1.2329008e-13       2.8962932      0.15647853       0.15647853      -25.025482      -25.025482
             21      -11.379342       1.1994576       1.0331261      -12.928743      0.24330064       15.829151       10.792599   1.1783035e-13       1.7510584      0.87314871       0.87314871      -24.504981      -24.504981
              1      -11.384165       1.1992068       1.0340719      -12.928583      0.24406098       15.820013        10.81613    1.178736e-13       1.7541268      0.87083166       0.87083166      -24.509994      -24.509994
              6      -12.028236      0.69499104      0.99402012      -12.923026      0.34219821       4.9543997       9.8632519   1.1939157e-13       2.1988632      0.33780835       0.33780835      -24.732089      -24.732089
              9      -11.044349       1.2341779      0.71310599      -12.988161      0.55979215       17.146594       5.1654241   1.0276359e-13       3.6290433       1.1465328        1.1465328      -24.381763      -24.381763
              9      -10.858945       1.3140173       0.7400694      -12.982261      0.56979462       20.607119        5.496287   1.0416916e-13       3.7135957       1.3074453        1.3074453      -24.332781      -24.332781
              7      -10.439683       1.1887454       1.2392434       -12.88561      0.26572306       15.443487       17.347761   1.3013362e-13       1.8438393       0.7440865        0.7440865      -22.367538      -22.367538
              3      -8.7051123       1.5956788      0.45468228      -13.061685      0.55990618       39.416567       2.8489333   8.6759065e-14       3.6299963       3.2948241        3.2948241      -23.999873      -23.999873
              6      -10.613652       1.1465523      0.62490579      -12.983051      0.62209873       14.013683       4.2160504   1.0397975e-13       4.1888878       1.0473004        1.0473004      -23.321904      -23.321904
              8       -10.73677       1.1695425      0.60374813      -12.991234      0.62974923        14.77551       4.0155785    1.020389e-13       4.2633327       1.1630912        1.1630912      -23.799722      -23.799722
             14      -10.831519       1.2373257       0.6829238      -12.977253      0.56549523       17.271328       4.8186324   1.0537722e-13       3.6770136       1.1552745        1.1552745      -23.973587      -23.973587
              8      -11.977523       1.0095586      0.99682325      -12.931181       0.6631706       10.222536       9.9271194   1.1717062e-13       4.6043741       0.2625347        0.2625347      -24.480116      -24.480116
             35      -12.288588      0.91252451       1.0731922      -12.915418      0.62750228       8.1756917       11.835654   1.2150169e-13       4.2413321      0.11750746       0.11750746      -24.812191      -24.812191
             22      -12.092822      0.69006418       1.2271047      -12.886919      0.77293916        4.898512       16.869595   1.2974219e-13       5.9284226      0.10936106       0.10936106      -24.404366      -24.404366
             24      -11.924311      0.68333827        1.224016      -12.887423      0.77441744       4.8232333       16.750045   1.2959173e-13       5.9486366      0.11456354       0.11456354      -24.077748      -24.077748
             14      -11.173206      0.84628113       1.4024762      -12.879384      0.74691494       7.0190951       25.262494   1.3201268e-13       5.5836083      0.16752203       0.16752203      -22.681457      -22.681457
              8      -10.833581      0.65307485       1.3595625      -12.866122      0.69693328       4.4985738        22.88561   1.3610624e-13       4.9766062      0.17676246       0.17676246      -22.020687      -22.020687
              8      -10.654863      0.41054141       1.4024716       -12.86358      0.57052174       2.5736022       25.262224   1.3690537e-13       3.7198185      0.63601138       0.63601138      -22.581748      -22.581748
              8      -10.330686      0.54420544       1.5535876       -12.82373      0.46396864       3.5011074       35.775653   1.5006179e-13       2.9105069      0.58622856       0.58622856       -21.83383       -21.83383
              2      -9.6183351      0.54563779       1.5599939      -12.822571      0.45682986       3.5126736       36.307293   1.5046285e-13       2.8630561      0.59838735       0.59838735      -20.433445      -20.433445
             16      -10.642012      0.76554494       1.7180704      -12.779936      0.58665361       5.8283408       52.248089   1.6598311e-13       3.8605893      0.63566653       0.63566653      -22.555358      -22.555358
             15      -10.117416       1.5372101       1.6050871      -12.857427      0.59007544       34.451659       40.279778   1.3885869e-13       3.8911273       2.0007303        2.0007303      -24.236293      -24.236293
              2      -10.283377       1.5045119       1.5969729      -12.858041      0.58823259        31.95302       39.534199   1.3866251e-13        3.874651       1.8480202        1.8480202      -24.262794      -24.262794
             53      -9.8270925       1.4313034       1.5624463       -12.87051      0.58415424       26.996246       36.512899   1.3473791e-13       3.8384354       1.5157995        1.5157995      -22.685784      -22.685784
             11      -10.881775       1.4103591       1.5163566       -12.87907      0.59702345       25.725222        32.83648   1.3210825e-13       3.9538796       1.3793133        1.3793133      -24.522176      -24.522176
              8      -10.791705      0.63999003       1.0057734       -12.93833      0.32104365       4.3650582       10.133824   1.1525768e-13        2.094323      0.44256488       0.44256488      -22.468539      -22.468539
             12       -11.79703      0.63332608       1.0290632      -12.935541      0.29330803       4.2985906       10.692104   1.1600024e-13       1.9647533      0.46637308       0.46637308      -24.526805      -24.526805
             16      -11.914461       0.6306709       1.0223843      -12.936887      0.29298724       4.2723901       10.528932   1.1564134e-13       1.9633026       0.4754067        0.4754067      -24.779736      -24.779736
             19      -11.920615      0.63166131       1.0219453      -12.936882      0.29329484       4.2821444       10.518294   1.1564251e-13       1.9646936      0.47409213       0.47409213      -24.789414      -24.789414
              8      -11.454294      0.66273329       1.0100753      -12.933915      0.26902653       4.5997401       10.234705   1.1643528e-13       1.8579179      0.47026964       0.47026964      -23.849127      -23.849127
             20      -11.300732      0.66925528       1.0144183      -12.932577      0.26389146       4.6693377       10.337566   1.1679458e-13       1.8360794      0.46616504       0.46616504      -23.533794      -23.533794
             11      -9.4956044      0.70921415        1.009409      -12.927599      0.41343115        5.119342       10.219014    1.181412e-13       2.5907836      0.26594614       0.26594614      -19.523101      -19.523101
              6      -9.2893813      0.62303189       1.0758195      -12.898319      0.37753076        4.197898        11.90747   1.2638068e-13       2.3852327      0.29361105       0.29361105      -19.165985      -19.165985
             30      -11.193725      0.68437322       1.0101061       -12.91299      0.31821585       4.8347411        10.23543   1.2218283e-13       2.0807306      0.34298249       0.34298249      -23.073415      -23.073415
              1      -11.992619      0.69235972       1.0262106      -12.909608      0.30917636       4.9244725       10.622106   1.2313784e-13       2.0378695      0.33479758       0.33479758      -24.654833      -24.654833
             24      -12.343468      0.69439462       1.0888908      -12.931461      0.40315699       4.9476004       12.271307   1.1709511e-13       2.5302124      0.27453412       0.27453412      -25.236005      -25.236005
              4      -10.303261       0.6590148       1.1983372      -12.886342      0.77634906       4.5605245       15.788368   1.2991454e-13       5.9751535      0.12621189       0.12621189      -20.858945      -20.858945
             12      -11.366264      0.68151733       1.2127614      -12.882707      0.78839424       4.8030524       16.321549   1.3100645e-13       6.1431941      0.11056245       0.11056245      -22.953654      -22.953654
             13      -11.160808      0.75215689       1.2511035      -12.875954      0.80300509        5.651411       17.828036   1.3305958e-13       6.3533838     0.082261108      0.082261108      -22.486137      -22.486137
             24      -11.345476      0.73489221       1.2382319      -12.879908      0.80093318       5.4311552       17.307402   1.3185353e-13       6.3231455     0.087948578      0.087948578      -22.866849      -22.866849
             11      -11.592479      0.72589919       1.1821712      -12.891579      0.70592293       5.3198475       15.211472   1.2835741e-13       5.0806928     0.065676425      0.065676425      -23.316311      -23.316311
             21      -12.080558      0.74599966       1.0477299       -12.91993       0.5895799       5.5718531       11.161687   1.2024587e-13         3.88669      0.12177874       0.12177874      -24.404674      -24.404674
              5      -12.399944      0.75344384       1.0584705      -12.918966      0.60116742       5.6681827       11.441172   1.2051291e-13       3.9917876      0.11160935       0.11160935      -25.023106      -25.023106
             24      -12.250472      0.66231255      0.86281382        -12.9575      0.59952015       4.5952861       7.2914487   1.1028087e-13       3.9766755      0.38105135       0.38105135      -25.263047      -25.263047
             20      -12.072971      0.45297464       1.1551338      -12.904499        0.396964       2.8377533       14.293342   1.2459502e-13        2.494388      0.56637612       0.56637612      -25.278694      -25.278694
              5      -12.395349      0.77973839        1.150109      -12.895479      0.37422335       6.0219672       14.128923   1.2721002e-13       2.3671368       0.1860246        0.1860246      -25.162747      -25.162747
              6      -12.006424      0.39721068       1.0995362      -12.924423      0.58297408       2.4958052       12.575817   1.1900837e-13        3.828019      0.63030968       0.63030968      -25.273466      -25.273466
              1      -10.736905      0.32935759       1.0957494      -12.915194      0.54452005       2.1348019       12.466639    1.215643e-13       3.5036446      0.80625493       0.80625493      -23.086319      -23.086319
              1      -10.926369      0.33743127       1.0942893      -12.914697      0.54203697       2.1748598       12.424796   1.2170342e-13       3.4836697      0.78301256       0.78301256      -23.418763      -23.418763
             10      -11.745492       0.3292961       1.0660426      -12.921155      0.53905864       2.1344997       11.642403   1.1990702e-13       3.4598609      0.82606571       0.82606571      -25.143116      -25.143116
             29      -11.776749      0.31517666       1.2831102      -12.887542       0.7009828       2.0662205       19.191556    1.295561e-13        5.023227      0.81873004       0.81873004      -25.190958      -25.190958
              5       -11.91463      0.37362341       1.3191255      -12.882509      0.69063422        2.363869       20.850933    1.310662e-13       4.9049459      0.66802948       0.66802948      -25.165319      -25.165319
              6      -10.544848     0.029711553       1.2768832      -12.894815      0.98250843       1.0708079       18.918349   1.2740468e-13       9.6052446       2.0878344        2.0878344      -25.265366      -25.265366
              3       -10.05122    -0.013887804       1.3320026      -12.882602      0.92079785      0.96852803       21.478434   1.3103831e-13       8.3329323       2.2585966        2.2585966      -24.619634      -24.619634
              8      -10.324537      0.47371685       1.1924288      -12.890026      0.52742205       2.9765752       15.575027    1.288172e-13       3.3683875      0.41720797       0.41720797      -21.483489      -21.483489
              3      -10.373772      0.13150592      0.67050198      -12.994341      0.56407201       1.3536485       4.6827609   1.0131148e-13       3.6649834       2.0867307        2.0867307      -24.921005      -24.921005
              5      -10.207243      0.10641527      0.72865475      -12.981378      0.55055544       1.2776599       5.3537089   1.0438123e-13       3.5526747        2.061774         2.061774      -24.538034      -24.538034
              2      -9.9291676     0.037842748      0.72419892      -12.980471       0.5466117       1.0910452        5.299061    1.045994e-13       3.5205596       2.3721724        2.3721724       -24.60268       -24.60268
              3      -10.232471      0.16012933      0.63505271      -13.029934      0.45462047       1.4458703       4.3157145   9.3339514e-14       2.8485278       2.2447096        2.2447096      -24.954362      -24.954362
              5      -10.242334      0.25194775      0.86089329      -12.916953     0.035852943       1.7862727       7.2592757   1.2107281e-13       1.0860578       1.7933893        1.7933893      -24.071447      -24.071447
              4      -6.8064708      0.39418037      0.82549591      -12.940508      0.36931769       2.4784512       6.6910752   1.1468105e-13       2.3405487      0.96160746       0.96160746      -15.536156      -15.536156
              2      -8.2580502      0.36872149      0.71930374       -12.97477      0.36392673       2.3373379       5.2396677   1.0598148e-13       2.3116748       1.2690446        1.2690446       -19.05419       -19.05419
              7      -8.6984483      0.68782058      0.74771786      -12.975021      0.27858366       4.8732712       5.5939407    1.059202e-13       1.8992567      0.78305701       0.78305701      -18.963011      -18.963011
              1      -7.7965577      0.69704114      0.75554517      -12.972611      0.27368629       4.9778424       5.6956746   1.0650978e-13       1.8779598      0.76416139       0.76416139      -17.121438      -17.121438
              1      -10.802687      0.47567041       1.4502226      -12.879375       1.0628301       2.9899946        28.19828    1.320155e-13       11.556602      0.79730926       0.79730926      -23.199992      -23.199992
              2      -10.744482        0.207722        1.465703      -12.887028      0.99880602       1.6133255       29.221533   1.2970969e-13       9.9725452       1.5103815        1.5103815      -24.509728      -24.509728
              2      -10.175697      0.20644735       1.4692933      -12.884542      0.99944044       1.6085974       29.464108   1.3045418e-13       9.9871239       1.5163672        1.5163672      -23.384129      -23.384129
              2      -10.885494      0.37135687       1.5515951      -12.867754      0.78214416       2.3515643       35.611894   1.3559578e-13       6.0554184      0.92798723       0.92798723      -23.626963      -23.626963
              6      -11.373875      0.46665437       1.5149242      -12.866579      0.79196924       2.9285617       32.728356   1.3596304e-13        6.193972      0.65284093       0.65284093      -24.053432      -24.053432
              7       -11.75462      0.57772114       1.4776049      -12.864006       0.7959234       3.7819967       30.033425   1.3677106e-13       6.2506243      0.40992836       0.40992836      -24.329096      -24.329096
              6      -12.432553      0.74993351        1.185664      -12.895845      0.66595945       5.6225524       15.334302   1.2710263e-13       4.6340365     0.060501745      0.060501745      -24.986109      -24.986109
             16      -11.755293      0.79967333        1.180474      -12.891864      0.66491632       6.3048293        15.15214   1.2827328e-13       4.6229194     0.041927208      0.041927208      -23.594441      -23.594441
              5      -11.332093      0.70345914        1.169666       -12.88792      0.47490068       5.0519511       14.779711   1.2944335e-13          2.9847      0.12888187       0.12888187       -22.92195       -22.92195
              2      -11.212579      0.50486326       1.0363626      -12.915794       0.9870117       3.1978881       10.873332   1.2139652e-13       9.7053611      0.54182002       0.54182002      -23.508797      -23.508797
             10      -9.7680499       1.4582904       1.1741947      -12.859713      0.94678199       28.727006       14.934637   1.3812971e-13        8.846714       1.3935825        1.3935825      -22.323265      -22.323265
              2      -9.4796054       1.6270429       1.1562855      -12.859175      0.91269781       42.368486       14.331298   1.3830078e-13       8.1789548        2.107545         2.107545      -23.174301      -23.174301
              2       -9.735649       1.4025067       1.1779169      -12.885059      0.16228001       25.264265       15.063188   1.3029908e-13       1.4530482       1.5035415        1.5035415      -22.478381      -22.478381
              1       -11.59946      0.78359015       1.0321476       -12.92668      0.35391548       6.0756137       10.768312   1.1839132e-13       2.2589961      0.28185301       0.28185301      -23.762626      -23.762626
             12      -11.807012      0.85994497      0.76311914      -12.987664       0.2876472       7.2434417       5.7958767   1.0288109e-13       1.9393098      0.76111682       0.76111682      -25.136258      -25.136258
              4      -10.160359       1.0437743      0.72702507      -12.996381      0.57834669       11.060488       5.3336569   1.0083676e-13       3.7874481      0.77698124       0.77698124      -21.874681      -21.874681
              5      -11.344674       1.0440337      0.79237303      -12.982839       0.5427009       11.067098       6.1997337   1.0403065e-13       3.4889995      0.65529176       0.65529176      -23.999932      -23.999932
             36      -11.520907      0.87465538      0.65489835      -13.003987       0.5164577       7.4929939        4.517502   9.9086244e-14       3.2844125       0.7882195        0.7882195      -24.618253      -24.618253
              3      -11.284039      0.86033398      0.64486984      -13.006072      0.50226872       7.2499328       4.4143812   9.8611647e-14       3.1788404      0.81586929       0.81586929      -24.199816      -24.199816
             12      -11.015444      0.88090218      0.62906263      -13.005973      0.49752159       7.6015503       4.2565979   9.8633983e-14       3.1442827      0.85172125       0.85172125      -23.734331      -23.734331
              8      -9.0080234      0.86835327      0.19463115      -13.142043      0.19594657       7.3850472        1.565421   7.2103688e-14       1.5701696       3.0318803        3.0318803      -24.079808      -24.079808
             12      -8.8965257       1.0298821      0.90327507      -12.953112      0.31957609       10.712286       8.0034101   1.1140063e-13       2.0872578      0.60189157       0.60189157      -18.996835      -18.996835
              7      -8.4752269       1.4025538      0.50252837      -13.044691      0.53414231        25.26701       3.1807415   9.0221385e-14       3.4209152       2.3033451        2.3033451      -21.557144      -21.557144
              9      -11.409678       1.1011218      0.66590611      -13.008663      0.49619996       12.621815       4.6334674   9.8025106e-14       3.1347287        1.043835         1.043835      -24.907025      -24.907025
              4      -10.709897       1.1054108      0.67358875      -13.004132      0.50137142       12.747082       4.7161624   9.9053022e-14       3.1722793       1.0169662        1.0169662      -23.453727      -23.453727
              9      -11.068461       1.1968339      0.78486235      -12.983206       0.5287186        15.73381       6.0934373   1.0394261e-13       3.3784586      0.95699274       0.95699274      -24.050907      -24.050907
              5      -11.223427      0.97043822      0.47353455      -13.052217      0.48175688       9.3419646        2.975326   8.8671274e-14       3.0321933       1.4533735        1.4533735      -25.353601      -25.353601
              7      -11.282056       1.0259058       0.5654667      -13.045587      0.46507263       10.614652        3.676772   9.0035251e-14       2.9179149       1.3011631        1.3011631      -25.166438      -25.166438
             11      -10.749893       1.2162912      0.50220223      -13.024467      0.60747455       16.454746       3.1783537   9.4521983e-14       4.0501821       1.6182907        1.6182907      -24.736367      -24.736367
              4      -10.682483       1.2298683       0.4716928      -13.024361      0.57217674       16.977287        2.962735   9.4545169e-14       3.7340209       1.7269981        1.7269981      -24.818962      -24.818962
              4      -10.708209       1.2276867        0.472036      -13.024347      0.56969936        16.89222       2.9650772   9.4548098e-14       3.7127812       1.7214418        1.7214418      -24.859301      -24.859301
              1      -8.9869008       1.0376135      0.46987845      -13.038691     0.095914731       10.904694       2.9503834    9.147632e-14       1.2471386       1.9441461        1.9441461      -21.862094      -21.862094
              6      -10.944382       1.1543557      0.85871919      -12.947491      0.28876242       14.267757       7.2230261   1.1285188e-13       1.9442962      0.86962086       0.86962086      -23.628005      -23.628005
              4      -11.186843       1.1461781      0.84183441      -12.949718      0.30161938       14.001615       6.9475936   1.1227466e-13       2.0027161      0.85956188       0.85956188       -24.09281       -24.09281
             14      -11.683697      0.68637784      0.74913784       -13.01455      0.32240994       4.8571089       5.6122607   9.6705224e-14        2.100922      0.89079452       0.89079452      -25.148984      -25.148984
              2      -11.715957      0.68657884      0.75322786      -13.012701      0.29596005       4.8593574       5.6653646   9.7117904e-14       1.9767878      0.90794951       0.90794951      -25.247814      -25.247814
              8      -11.831689       0.9155124      0.76752183      -12.983918      0.28075741       8.2321334       5.8549317   1.0377254e-13       1.9087867      0.77565694       0.77565694      -25.214692      -25.214692
              5      -11.493058      0.97262684      0.76374245       -12.98297      0.25534621       9.3891621       5.8042011   1.0399914e-13       1.8003055      0.85564191       0.85564191        -24.6974        -24.6974
             11      -11.437159        1.016401      0.85507274      -12.946782      0.27492967       10.384869       7.1626337   1.1303623e-13       1.8833441       0.6594812        0.6594812       -24.19328       -24.19328
             15      -11.396372       1.0147335      0.85277913      -12.947239      0.27444178       10.345072       7.1249059   1.1291753e-13       1.8812295      0.66148162       0.66148162      -24.115707      -24.115707
             26      -11.268943      0.59921282        1.309103      -12.802162      0.13298193       3.9738623        20.37525   1.5770233e-13       1.3582569      0.64954076       0.64954076      -23.836968      -23.836968
             43      -11.279872      0.59607548       1.3100031      -12.801915      0.13282576       3.9452587       20.417525     1.57792e-13       1.3577686        0.654577         0.654577      -23.868899      -23.868899
              5      -11.241467      0.59411728       1.2923504      -12.807604      0.10227827       3.9275098       19.604259   1.5573839e-13        1.265547      0.69814018       0.69814018      -23.879215      -23.879215
              3      -11.338359      0.62414709       1.3106822      -12.805905      0.12124675       4.2086914       20.449479   1.5634887e-13       1.3220465      0.63930777       0.63930777      -23.955333      -23.955333
              2      -11.109814      0.69210598        1.354229      -12.797866      0.19955297       4.9215962       22.606276   1.5927006e-13       1.5832627       0.4833395        0.4833395      -23.186307      -23.186307
              9      -10.632389      0.89530534       1.6773841      -12.712704       0.2235642        7.857879       47.575579    1.937741e-13        1.673263       1.0068395        1.0068395      -23.278458      -23.278458
              3        -10.2695       0.8898417       1.6860251      -12.709484      0.21825609       7.7596422        48.53166   1.9521625e-13       1.6529362       1.0372858        1.0372858      -22.613572      -22.613572
             10       -10.41238      0.89509003       1.6894391      -12.707874        0.220206       7.8539843        48.91467   1.9594138e-13       1.6603743       1.0481508        1.0481508      -22.921063      -22.921063
             10      -10.403978      0.89471707       1.6876584      -12.708205      0.22070301       7.8472424       48.714512   1.9579196e-13       1.6622755       1.0428379        1.0428379      -22.893632      -22.893632
             23      -10.437151      0.89552401       1.6990807       -12.70601      0.23027314       7.8618365       50.012741   1.9678431e-13        1.699312       1.0581383        1.0581383      -22.990579      -22.990579
             12      -10.451371      0.84922623       1.7193464      -12.703267      0.24860447       7.0668558       52.401829   1.9803106e-13       1.7725744       1.0642968        1.0642968      -23.031335      -23.031335
              2       -10.46248      0.85719188       1.7077883      -12.703718      0.24070762       7.1976691       51.025621   1.9782533e-13       1.7406346       1.0523422        1.0523422      -23.029645      -23.029645
             12      -10.693672      0.82604291        1.661458      -12.714233      0.22127747        6.699508       45.862534   1.9309339e-13       1.6644757       0.9552709        0.9552709      -23.297885      -23.297885
              7      -10.219227      0.97395741       1.7214228      -12.691156      0.16590368       9.4179723       52.652962   2.0363096e-13       1.4652228       1.3052796        1.3052796      -23.049013      -23.049013
             92      -10.171913      0.97454055       1.7222136      -12.690936      0.16622469       9.4306267       52.748928   2.0373426e-13       1.4663063       1.3076695        1.3076695      -22.959165      -22.959165
             30      -10.198018      0.98547833       1.6679763      -12.705039       0.1454923       9.6711547       46.556073   1.9722458e-13       1.3979521       1.2035129        1.2035129      -22.803062      -22.803062
              3      -9.6685316       1.1072296        1.724379      -12.721878      0.26897635        12.80058       53.012587   1.8972406e-13       1.8577033       1.2582981        1.2582981      -21.853659      -21.853659
              5      -8.5781135       1.3334468       1.8509751      -12.689455     0.092039494       21.549979       70.953709   2.0443039e-13       1.2360598       2.4809847        2.4809847      -22.118196      -22.118196
              6      -10.527359      0.63282002       1.5528587       -12.83423      0.53796588       4.2935845       35.715662   1.4647711e-13       3.4511662       0.4268564        0.4268564      -21.908431      -21.908431
              1      -10.668924        1.228535      0.88400149      -12.934927      0.70007601       16.925246       7.6559924   1.1616446e-13       5.0127496      0.75143964       0.75143964      -22.840727      -22.840727
              1       -10.46045       1.1669078      0.89285981      -12.921503      0.72124335       14.686143       7.8137553   1.1981098e-13       5.2631209      0.57006103       0.57006103      -22.061022      -22.061022
             12      -10.804253       1.2575533       1.0383356      -12.892197      0.85586676        18.09478       10.922841   1.2817477e-13        7.175741      0.70759246       0.70759246      -23.023692      -23.023692
              5      -11.871281       1.2262438       1.0395399      -12.892095      0.83545371       16.836189       10.953173     1.28205e-13       6.8462651      0.61375178       0.61375178      -24.970066      -24.970066
             13      -11.594426       1.1594406       1.0726528      -12.886045      0.83310518       14.435793       11.820962    1.300034e-13       6.8093425      0.44166633       0.44166633      -24.072184      -24.072184
              5      -10.752675       1.1884384       1.0557041      -12.885511      0.81241578       15.432577       11.368525   1.3016354e-13       6.4925572      0.49735603       0.49735603      -22.500062      -22.500062
              1      -11.840653       1.0656577       1.1456619      -12.866077      0.94831338        11.63209       13.984983   1.3612023e-13        8.877964      0.32687543       0.32687543      -24.335058      -24.335058
             41      -11.609367       1.0617205       1.1455365      -12.866422      0.94702491       11.527113       13.980945   1.3601215e-13       8.8516638      0.32002214       0.32002214      -23.858778      -23.858778
              2      -11.531235       1.0761317       1.0629714      -12.867963      0.88510111       11.916032       11.560361   1.3553037e-13       7.6754016      0.29872871       0.29872871      -23.659927      -23.659927
             42      -11.741933       1.0138386       0.9858113      -12.877193      0.84593227       10.323776       9.6785724   1.3268038e-13       7.0134592       0.2215676        0.2215676         -23.927         -23.927
              9      -11.700608       1.2995434       1.0862773      -12.932845      0.52862216       19.931655       12.197681   1.1672267e-13       3.3777085      0.87600134       0.87600134      -25.153219      -25.153219
              3      -11.708971       1.3018989       1.0772614      -12.933049      0.53403096       20.040056       11.947071   1.1666773e-13       3.4200382      0.88230721       0.88230721      -25.182557      -25.182557
              2      -11.253545      0.35537759      0.82838685      -12.952335      0.23391338       2.2666141       6.7357638   1.1160028e-13       1.7136155       1.2567357        1.2567357      -25.020561      -25.020561
             10      -11.460027      0.25785798       1.1330486      -12.906398      0.36078705       1.8107478       13.584654   1.2405135e-13        2.295023       1.1395406        1.1395406      -25.199135      -25.199135
              3      -11.521165      0.27060262       1.1402955      -12.902799      0.36992873       1.8646727       13.813238   1.2508368e-13       2.3438442       1.0819505        1.0819505      -25.206232      -25.206232
              3      -11.402423      0.26751855       1.1534252      -12.900275      0.38625896        1.851478       14.237221   1.2581284e-13       2.4336547       1.0732015        1.0732015       -24.95125       -24.95125
              6      -11.828681      0.64225416       1.0135487      -12.919853      0.31352544       4.3878741       10.316888   1.2026721e-13       2.0583794      0.39971718       0.39971718      -24.456796      -24.456796
              2      -12.063708      0.49163011      0.99006296       -12.93975       0.4364621       3.1019166       9.7737891   1.1488135e-13        2.731883      0.56440858       0.56440858      -25.256234      -25.256234
              6      -11.964993      0.54668409       1.0603721      -12.925491      0.52189446       3.5211465       11.491378   1.1871589e-13       3.3257872      0.35498063       0.35498063      -24.639947      -24.639947
              8      -11.536943      0.40744881       1.0084765      -12.931857      0.75287415       2.5553407       10.197095   1.1698835e-13       5.6607523      0.64433201       0.64433201      -24.362551      -24.362551
             31      -11.773692      0.74440364       1.0110883      -12.914791       0.6896958       5.5514143       10.258604   1.2167704e-13       4.8943587      0.11333838       0.11333838      -23.774062      -23.774062
              8      -12.276289       0.9557489       1.1214379      -12.898204      0.69386244       9.0312715       13.226286    1.264143e-13       4.9415414      0.11044214       0.11044214      -24.773462      -24.773462
              7      -10.987605       1.2720574      0.89806862      -12.905663       0.7515563       18.709293       7.9080357   1.2426161e-13       5.6436009      0.79868967       0.79868967      -23.572589      -23.572589
             34      -12.502076      0.87629944        1.183815      -12.880137      0.73170528        7.521413       15.269156   1.3178396e-13       5.3914463     0.044554052      0.044554052       -25.09326       -25.09326
              9      -12.470883       0.9560514       1.1590185      -12.898589      0.68137988       9.0375644       14.421768   1.2630234e-13       4.8015326      0.11309905       0.11309905      -25.167965      -25.167965
              6      -12.472606      0.96292916       1.1596654      -12.895862      0.68986032       9.1818281       14.443267   1.2709774e-13       4.8962132      0.11511914       0.11511914       -25.17545       -25.17545
              2      -12.471589      0.69866205       1.3179963      -12.880352      0.74925867       4.9964559       20.796792   1.3171879e-13       5.6138224      0.13428306       0.13428306      -25.211744      -25.211744
              9      -12.132312      0.68815479       1.3425967      -12.874353      0.75080532       4.8770229       22.008819   1.3355107e-13       5.6338506      0.15233272       0.15233272       -24.56929       -24.56929
              2      -10.152363      0.46973407       1.4331166      -12.834599      0.45666902       2.9494027       27.109196   1.4635268e-13        2.861996      0.57489115       0.57489115      -21.454508      -21.454508
              2      -10.379481      0.44233534       1.4291231      -12.838068      0.46449914       2.7690789       26.861059   1.4518832e-13       2.9140644       0.6250929        0.6250929      -22.009147      -22.009147
              1      -10.982234      0.66667665       1.4263397      -12.826789      0.38994359       4.6416955       26.689457   1.4900844e-13       2.4543901      0.33065386       0.33065386      -22.625775      -22.625775
              4      -11.946775      0.79630421       1.2845926      -12.884526      0.51016933       6.2561076       19.257177   1.3045908e-13       3.2371985      0.11148187       0.11148187      -24.116515      -24.116515
              1      -12.542841        0.766513       1.2793451      -12.883533      0.55232661        5.841347       19.025897   1.3075767e-13       3.5671931     0.093766475      0.093766475      -25.273214      -25.273214
             11       -11.35713      0.62409256      0.83916569      -12.986148      0.46467325       4.2081631       6.9050319   1.0324104e-13       2.9152329      0.60210962       0.60210962       -23.91848       -23.91848
              2      -12.084889      0.88372246       1.0150844      -12.933041      0.42637012        7.651075       10.353433   1.1666997e-13       2.6691324      0.25178517       0.25178517      -24.673348      -24.673348
              2      -12.205881      0.86569492       1.1688535      -12.884113      0.60424048       7.3399807       14.752088   1.3058312e-13       4.0201335     0.043259273      0.043259273       -24.49828       -24.49828
              7      -11.664052      0.74507145       1.4974458      -12.832023      0.50942885       5.5599572       31.437342   1.4722347e-13       3.2316837      0.27997124       0.27997124      -23.888046      -23.888046
              1      -12.107877      0.64593941       1.1441808      -12.906367      0.41734705       4.4252663       13.937368   1.2406034e-13       2.6142496      0.24656129       0.24656129      -24.708877      -24.708877
             11      -12.014187      0.79478915       1.0719821      -12.936625      0.58290103       6.2343209        11.80272   1.1571117e-13       3.8273751      0.14784973       0.14784973      -24.324074      -24.324074
             12      -9.7584757      0.38176349       1.6469492      -12.817241       0.5617527       2.4085934       44.355674   1.5232058e-13        3.645463       1.0331263        1.0331263      -21.583204      -21.583204
              3      -8.4281208      0.31868627       1.1457661      -12.864932      0.21034674       2.0829856       13.988337   1.3647981e-13       1.6231055       1.0748415        1.0748415      -19.005925      -19.005925
              5       -11.38039      0.36288633       1.1490206      -12.885995      0.23721347       2.3061435       14.093556   1.3001837e-13       1.7266864      0.93626009       0.93626009        -24.6333        -24.6333
             12      -11.560069      0.53414008      0.78098701      -13.005315      0.34659206       3.4208976       6.0393057   9.8783607e-14       2.2212225      0.96944153       0.96944153      -25.059022      -25.059022
              4      -11.387814      0.53939779      0.78096439      -13.005798      0.35398688       3.4625638       6.0389911   9.8673768e-14       2.2593675      0.95520491       0.95520491      -24.686038      -24.686038
              7      -11.557763      0.52362691      0.80539544      -13.005867      0.37322358       3.3390806       6.3884491   9.8658234e-14       2.3616937      0.93560518       0.93560518      -24.986737      -24.986737
              7      -11.403339      0.93723088      0.81765704      -12.951787      0.33400485       8.6542787        6.571387   1.1174101e-13       2.1577685      0.56180227       0.56180227      -23.930283      -23.930283
             12        -10.9167       1.1304644      0.80141932      -12.962947      0.33623417        13.50406       6.3302275   1.0890619e-13       2.1688732      0.87238406       0.87238406      -23.578168      -23.578168
              1      -10.494407        1.230533      0.89952725         -12.952       0.2332438       17.003292       7.9346404   1.1168632e-13       1.7109755       1.0982999        1.0982999      -23.185414      -23.185414
              3      -9.0044381       1.2077619      0.95596902      -12.909427    0.0029855541       16.134736       9.0358501   1.2318944e-13       1.0068982       1.3085237        1.3085237      -20.625924      -20.625924
             49      -7.9120076       1.3403052      0.59394791      -12.983674     -0.14117473       21.892996       3.9259784   1.0383071e-13      0.72247907       2.6715351        2.6715351      -21.167085      -21.167085
             13      -8.7239815       1.3238841      0.59938879      -12.991649     -0.11276842       21.080655       3.9754728   1.0194139e-13      0.77131465       2.5676726        2.5676726      -22.583308      -22.583308
              5      -6.9783539       1.5566245      0.47495086      -13.026699    -0.097714091       36.026698       2.9850448   9.4037523e-14       0.7985202       3.8191076        3.8191076      -21.594923      -21.594923
              3      -7.5081048       1.5443133      0.47566704      -13.025004    -0.079797796        35.01977       2.9899714   9.4405244e-14      0.83215112       3.7102496        3.7102496      -22.436709      -22.436709
              6       -7.099716       1.6182052      0.26684802      -13.086611     0.065494572       41.515018       1.8486216   8.1919763e-14        1.162772       4.6136686        4.6136686      -23.426769      -23.426769
              2      -6.7291606       1.4734835      0.74199193      -12.996731      0.10592559        29.74976       5.5206718   1.0075559e-13       1.2762201       2.4215186        2.4215186      -18.301358      -18.301358
             11      -9.8676203       1.0543651      0.75525569      -12.960142        0.256788       11.333528       5.6918794   1.0961203e-13       1.8062922      0.88406772       0.88406772      -21.503376      -21.503376
              4      -10.275094       1.0751171      0.66026918      -12.960009      0.10735277       11.888227       4.5737158   1.0964564e-13       1.2804209       1.2863898        1.2863898      -23.122968      -23.122968
              1      -9.9672188       1.2830028      0.73655368      -13.004025      0.33590092       19.186809       5.4519728   9.9077447e-14       2.1672096       1.4719802        1.4719802      -22.878398      -22.878398
              4      -10.769072       1.4182896      0.96512611      -12.939128      0.40450067       26.199293       9.2283937   1.1504614e-13       2.5380529       1.4067591        1.4067591      -24.351661      -24.351661
              1      -9.3411068       1.5663212       1.0162008      -12.925936      0.31844845       36.840133       10.380083   1.1859435e-13       2.0818453        2.045175         2.045175      -22.772564      -22.772564
              1      -8.5504515       1.6932886      0.91000495      -12.947036      0.37483203       49.350166       8.1283978   1.1297034e-13       2.3704567        2.728479         2.728479      -22.557861      -22.557861
              7       -8.231901       1.6974303      0.92841517      -12.943932      0.39073088       49.823046       8.4803772   1.1378063e-13       2.4588435       2.7141551        2.7141551      -21.892112      -21.892112
              4      -8.0926411       1.2618637       0.7516689      -13.027459      0.41684292       18.275267       5.6450643   9.3873166e-14       2.6112167       1.4238311        1.4238311      -19.032944      -19.032944
              4      -9.6732436         1.18836      0.69079475      -13.033945      0.34198459       15.429791       4.9067592   9.2481439e-14       2.1977819       1.4256619        1.4256619      -22.197811      -22.197811
             22      -9.9325155       1.1563813      0.68199597      -13.040367      0.35201709       14.334459       4.8083489    9.112404e-14       2.2491431       1.3911305        1.3911305      -22.647292      -22.647292
              5      -9.8154787       1.1621422       0.6822774      -13.039919      0.34810224       14.525871       4.8114658   9.1218047e-14       2.2289598       1.4045693        1.4045693      -22.440096      -22.440096
              4      -9.9648033       1.1994971      0.68539237      -13.037909      0.41328496       15.830589       4.8460999   9.1641249e-14       2.5899117        1.412186         1.412186      -22.753979      -22.753979
             12      -10.529087       1.2229445      0.78591836      -13.009397      0.34865586       16.708769       6.1082719   9.7859508e-14        2.231803       1.2604675        1.2604675       -23.57911       -23.57911
              7      -7.0996771       1.2981686      0.73353757      -13.017158      0.22618811       19.868662       5.4142409   9.6126297e-14       1.6834031       1.7163844        1.7163844      -17.632123      -17.632123
              2       -7.262902       1.5656112      0.53790014      -13.052571       0.2053954       36.779957       3.4506439    8.859907e-14       1.6047057        3.254609         3.254609      -21.035022      -21.035022
              2      -8.5875205       1.4676457      0.42540081      -13.066821      0.11013348        29.35254       2.6631818   8.5739153e-14       1.2886455       3.3220944        3.3220944       -23.81923       -23.81923
              3      -9.0692065       1.3024159      0.57992426      -13.020492    0.0082937077       20.063923        3.801231   9.5391191e-14       1.0192805       2.3796252        2.3796252      -22.897663      -22.897663
              3      -9.1912711       1.1424799       1.1165933        -12.9403      0.56223757       13.882892       13.079565   1.1473596e-13       3.6495353      0.49138138       0.49138138      -19.365305      -19.365305
             15      -12.341454        0.751235          1.1311      -12.885799      0.83791475       5.6394272       13.523839   1.3007708e-13       6.8851712     0.084121996      0.084121996      -24.851151      -24.851151
              1      -12.184165      0.74257611       1.1374987      -12.889013      0.87404718       5.5281028       13.724568   1.2911817e-13       7.4825078      0.11470262       0.11470262      -24.597736      -24.597736
              6      -12.319803      0.91197162       1.2258531       -12.88504      0.78278171       8.1652901       16.821052   1.3030465e-13       6.0643145     0.096252164      0.096252164       -24.83211       -24.83211
              7      -11.374901      0.75334073       1.3513261      -12.886353      0.84480092       5.6668371       22.455676   1.2991142e-13       6.9952127      0.17924156       0.17924156      -23.108286      -23.108286
             12      -11.610421      0.46119039       1.1280918      -12.903381       1.0037708       2.8919474       13.430487    1.249164e-13       10.087204      0.60891578       0.60891578      -24.438675      -24.438675
             17      -12.286508      0.55929683       1.2318834      -12.905603      0.77484741       3.6249067       17.056244   1.2427866e-13       5.9545289      0.29103944       0.29103944      -25.155094      -25.155094
              1      -11.447673       1.2621959       1.1621282      -12.904848      0.72426498       18.289252       14.525403   1.2449504e-13       5.2998671      0.68147136       0.68147136      -24.258289      -24.258289
              1      -11.581764       1.3064756       1.2347515      -12.890514      0.58462056       20.252359       17.169257   1.2867251e-13       3.8425591      0.80860979       0.80860979      -24.780747      -24.780747
             27      -11.830304       1.2971622       1.1644043      -12.902654      0.54685677       19.822673       14.601729   1.2512543e-13       3.5225468      0.79533237       0.79533237      -25.251273      -25.251273
              9      -11.535144       1.1543979       1.5095717       -12.83806      0.44649769       14.269143       32.327465   1.4519104e-13       2.7957458      0.67940785       0.67940785      -24.429105      -24.429105
              6      -11.737296       1.1439008       1.4739721      -12.851361      0.51173447       13.928385       29.783249   1.4081165e-13        3.248886      0.57885648       0.57885648      -24.632305      -24.632305
              2      -12.463854      0.78436872       1.1940793      -12.893402      0.50635462       6.0865153       15.634332   1.2781964e-13       3.2088884     0.091702106      0.091702106      -25.111112      -25.111112
              4      -12.221822      0.73249739       1.2293191       -12.88779      0.61657636       5.4012887       16.955833   1.2948215e-13       4.1359603     0.072220328      0.072220328      -24.588084      -24.588084
              6      -10.817599      0.34808673       1.3011648      -12.879949      0.89267908       2.2288802       20.006208   1.3184113e-13       7.8105044      0.80372367       0.80372367      -23.242644      -23.242644
              3      -10.200026       0.2894389       1.1116828      -12.905366      0.79776583       1.9473271       12.932511   1.2434666e-13       6.2771981       0.9089406        0.9089406      -22.217933      -22.217933
              4      -11.602634      0.60115915       1.0963289       -12.86487      0.98364366       3.9917116       12.483284   1.3649912e-13       9.6303852      0.29709082       0.29709082       -23.79945       -23.79945
              3      -11.536662      0.49648981      0.91450409       -12.92143      0.18661248       3.1368216       8.2130429   1.1983123e-13       1.5367827      0.84203403       0.84203403      -24.757392      -24.757392
             25      -11.282683      0.48036805      0.87345579      -12.949323      0.19455342       3.0225121       7.4723256    1.123769e-13       1.5651408      0.96695388       0.96695388      -24.499274      -24.499274
             20      -11.081688      0.46470312      0.86606316      -12.945679      0.17079822       2.9154334        7.346207   1.1332375e-13       1.4818295       1.0321641        1.0321641      -24.227704      -24.227704
             19      -8.3605751      0.41257832      0.81194144      -12.948205      0.19451806       2.5857011       6.4854698    1.126666e-13       1.5650134       1.1718194        1.1718194      -19.064789      -19.064789
              1      -6.8911047       0.5972635      0.80400418        -12.9434      0.15288472       3.9560657       6.3680165   1.1391991e-13       1.4219513      0.89168916       0.89168916      -15.565588      -15.565588
              4      -9.0082191      0.61417296       1.2731936      -12.833725      0.11951487       4.1131349       18.758305   1.4664762e-13        1.316785      0.62858425       0.62858425      -19.273607      -19.273607
             21      -11.045201      0.59511572       1.2911844      -12.823948      0.13832026       3.9365495       19.551693   1.4998642e-13       1.3750556      0.62842304       0.62842304      -23.347247      -23.347247
             11      -10.140781       1.0710426       1.0866905      -12.877652      0.12102828       11.777216       12.209292    1.325404e-13       1.3213817       0.7076231        0.7076231      -21.696809      -21.696809
             16      -11.785073       1.0048527       1.1113932      -12.899906      0.23736816       10.112364       12.923888   1.2591971e-13       1.7273015      0.46416286       0.46416286      -24.498471      -24.498471
              2      -11.816666       1.0110458       1.1112495      -12.904394      0.24743589         10.2576       12.919614   1.2462535e-13       1.7678112      0.46591343       0.46591343      -24.565159      -24.565159
              3      -9.9545096    -0.056365216      0.84631336      -12.955738      0.46422538      0.87828362        7.019616   1.1072905e-13        2.912228       2.6571262        2.6571262      -25.223272      -25.223272
             13      -11.527801      0.47432801      0.72566615      -13.008371       0.6978521       2.9807669       5.3169938    9.809095e-14       4.9871463      0.99710123       0.99710123      -25.049805      -25.049805
             47       -11.58337      0.51973245      0.71462132      -13.021511      0.79382062       3.3092719       5.1834788   9.5167529e-14        6.220433       1.0102928        1.0102928      -25.187326      -25.187326
             12      -11.398293      0.61657236      0.70521905      -13.023954      0.69817913       4.1359222       5.0724649   9.4633713e-14        4.990903      0.86868266       0.86868266      -24.533952      -24.533952
              6       -11.43856      0.41129247      0.70471631      -13.012596      0.71199771       2.5780568       5.0665964   9.7141314e-14       5.1522592       1.1870589        1.1870589      -25.251237      -25.251237
              2      -11.983829      0.65601251      0.96682901      -12.947958      0.66383343       4.5291063       9.2646499   1.1273068e-13       4.6114068        0.276444         0.276444      -24.520546      -24.520546
              8      -12.239636      0.56210082       1.0455132      -12.934029      0.72981989       3.6483863       11.104863   1.1640475e-13       5.3680912      0.32757673       0.32757673      -25.134426      -25.134426
              6      -10.812186       0.8128211       1.6182242       -12.71905      0.26239211       6.4986194       41.516829   1.9096329e-13       1.8297515      0.80803059       0.80803059      -23.240432      -23.240432
             23      -10.879074      0.74051625       1.5002253      -12.753445      0.30225895       5.5019451       31.639189   1.7642296e-13       2.0056675      0.52234573       0.52234573      -22.802839      -22.802839
             21      -10.554885        1.059887       1.6809157      -12.739528      0.28161597        11.47855       47.964035   1.8216778e-13        1.912564       1.0375145        1.0375145      -23.184798      -23.184798
              4      -10.971442      0.84143277       1.7467537      -12.755649      0.41131364       6.9411714       55.815354   1.7552975e-13       2.5781824      0.82195754       0.82195754      -23.586799      -23.586799
              8      -11.131941      0.93701496       1.4786231      -12.772968      0.28163826       8.6499771       30.103926   1.6866777e-13       1.9126621      0.52434788       0.52434788      -23.312578      -23.312578
              3       -11.30797      0.94499189       1.4801226      -12.773331      0.29151781       8.8103242       30.208041   1.6852681e-13        1.956671      0.51975971       0.51975971      -23.655459      -23.655459
              7      -11.316715      0.94688237       1.4796764      -12.773799      0.29118881       8.8487591       30.177023    1.683453e-13       1.9551893      0.52057942       0.52057942       -23.67459       -23.67459
             12      -11.252221       1.1751286       1.4806771      -12.809912       0.3406355       14.966789       30.246637    1.549131e-13       2.1909653      0.78155627       0.78155627      -24.067554      -24.067554
             17      -11.215222       1.1147515       1.5136914      -12.791717      0.31744552       13.024213       32.635585   1.6154115e-13       2.0770432      0.73842395       0.73842395      -23.907291      -23.907291
              6      -12.362516      0.90791748       1.0273872      -12.918737      0.53629842       8.0894219       10.650922   1.2057647e-13        3.437941       0.1586683        0.1586683      -25.042369      -25.042369
              1      -11.305578      0.84340062       1.0237041      -12.907103      0.36351086       6.9726942       10.560977   1.2385032e-13       2.3094622       0.2326316        0.2326316      -23.076418      -23.076418
              9      -11.837853      0.60432761      0.84324032      -12.980466      0.52309934       4.0209402        6.970121   1.0460058e-13       3.3350269      0.56708462       0.56708462      -24.809874      -24.809874
             15      -11.925917      0.68924737      0.84414885       -12.97258      0.56137264       4.8893077       6.9847176   1.0651731e-13       3.6422743      0.43764673       0.43764673      -24.727127      -24.727127
              2      -11.660922      0.68008688      0.83278094      -12.969991      0.58509279       4.7872585       6.8042607   1.0715408e-13       3.8467396      0.43929129       0.43929129      -24.200426      -24.200426
              5      -9.2449527      0.70338744      0.78331991      -12.981936      0.58038471       5.0511171       6.0718342   1.0424712e-13       3.8052633      0.52016314       0.52016314      -19.530232      -19.530232
             11      -9.3293799      0.35460833       1.2189612      -12.892799       1.2357511       2.2626029       16.556221    1.279973e-13       17.208822        1.207516         1.207516      -21.073792      -21.073792
              6      -9.5842487      0.36964046      0.61995322      -13.007167      0.77138754       2.3422889       4.1682448   9.8363247e-14       5.9072797       1.4166581        1.4166581      -22.001814      -22.001814
             23      -10.103158       0.3127004      0.63232059      -13.004027      0.67243156       2.0544728       4.2886499   9.9076938e-14       4.7036127       1.5263406        1.5263406      -23.258997      -23.258997
              1      -10.246732      0.20358862       1.4074326      -12.884474      0.94097633       1.5980436       25.552454   1.3047447e-13        8.729238       1.4017232        1.4017232       -23.29691       -23.29691
              3      -10.512197       0.1880124         1.37766      -12.889395      0.89182858       1.5417445       23.859427   1.2900454e-13       7.7952236       1.3994143        1.3994143      -23.823223      -23.823223
              3      -10.900543      0.17512327        1.390359       -12.88457      0.89244734       1.4966604       24.567387   1.3044583e-13       7.8063378       1.4532049        1.4532049      -24.707496      -24.707496
              2      -11.493437      0.35647244       1.2431601      -12.911545       0.8655023       2.2723354        17.50492   1.2259003e-13        7.336726      0.78527817       0.78527817       -24.55743       -24.55743
             11      -11.543453      0.31201336       1.2783088        -12.8929      0.92772181       2.0512253       18.980552   1.2796762e-13       8.4668489      0.94203986       0.94203986      -24.970986      -24.970986
              7      -11.527042      0.32972416       1.3144016      -12.885514      0.92495808       2.1366046       20.625361   1.3016239e-13       8.4131393      0.89764468       0.89764468      -24.849374      -24.849374
             17      -11.397308      0.21165528       1.1849085      -12.892701      0.98867961       1.6280033       15.307648   1.2802632e-13       9.7427063       1.2968052        1.2968052      -25.388226      -25.388226
              6      -11.288348      0.22943663       1.1609755      -12.889632      0.96568382       1.6960421         14.4869   1.2893429e-13        9.240252       1.2010424        1.2010424      -24.978781      -24.978781
             39      -11.867705      0.44504051       1.2024276      -12.896587      0.79136445       2.7863811       15.937773   1.2688585e-13       6.1853525      0.48427977       0.48427977       -24.70397       -24.70397
              2      -11.906093      0.45772822       1.1953484      -12.898169      0.77498648       2.8689846       15.680085   1.2642456e-13        5.956436      0.45140567       0.45140567      -24.714997      -24.714997
             13      -11.283919      0.17664252       1.2080077      -12.900463      0.68070328       1.5019052       16.143871   1.2575834e-13        4.794058       1.2795505        1.2795505      -25.126938      -25.126938
              9      -11.346127      0.18406547       1.2296281      -12.896615      0.70125298       1.5277964       16.967899   1.2687775e-13       5.0263529       1.2532962        1.2532962      -25.198846      -25.198846
              6      -10.625654      0.25733012       1.2772127       -12.88323      0.70871247       1.8085483       18.932707   1.3084899e-13       5.1134318      0.99363788       0.99363788      -23.238584      -23.238584
              4      -10.939748      0.23849789       1.3493658      -12.886656      0.71093835       1.7318006       22.354543   1.2982083e-13       5.1397069       1.1107052        1.1107052      -24.100906      -24.100906
             17      -10.554413      0.37591745       1.0398005      -12.937953      0.36302796       2.3763886       10.959747    1.153577e-13       2.3068957      0.86928583       0.86928583      -22.847398      -22.847398
              7      -11.795163      0.36893299       1.0203435      -12.936593      0.39414045       2.3384764       10.479572   1.1571956e-13       2.4782234      0.86092412       0.86092412      -25.312175      -25.312175
              2      -10.434462      0.48746489      0.88026019      -12.946263      0.58944676        3.072309       7.5903218    1.131715e-13       3.8854986      0.58386461       0.58386461      -22.036653      -22.036653
              3        -10.6288      0.07416349       1.0000661      -12.939209      0.68255273       1.1862152       10.001523    1.150247e-13       4.8145171       1.8043511        1.8043511      -24.866303      -24.866303
             31      -11.254807      0.20199845       1.2613747      -12.887774      0.48275141        1.592203       18.254699   1.2948694e-13       3.0391449       1.2395796        1.2395796      -24.988773      -24.988773
              2      -11.345922      0.19318685       1.2575602      -12.890435      0.48515855       1.5602236       18.095069   1.2869595e-13       3.0560366       1.2730854        1.2730854      -25.238015      -25.238015
              1      -10.911613       0.2670055       1.1323617      -12.914375      0.73767608        1.849292       13.563186   1.2179373e-13       5.4660812      0.98009521       0.98009521      -23.783416      -23.783416
              8      -12.102937       1.1485762       1.0921483      -12.932371      0.46699237       14.079141       12.363695    1.168502e-13       2.9308418       0.5313857        0.5313857      -25.268645      -25.268645
              6      -12.097006       1.1508121       1.1066478      -12.931692      0.46394002       14.151815       12.783442   1.1703289e-13       2.9103151       0.5351669        0.5351669      -25.264346      -25.264346
              4      -11.990033       1.1530604       1.1054328      -12.934324      0.45915037       14.225266        12.74773   1.1632587e-13       2.8783949      0.54989123       0.54989123      -25.079848      -25.079848
             14      -11.611203       1.1750731       1.1283114      -12.927237      0.52164204       14.964874       13.437281   1.1823961e-13       3.3238548      0.54250228       0.54250228       -24.30741       -24.30741
             39      -11.955239        1.239939        1.263853      -12.892006      0.55187479       17.375569        18.35917   1.2823128e-13       3.5634838      0.64859682       0.64859682      -25.207672      -25.207672
             12      -10.966511       1.2524286      0.74606319      -13.016016      0.47821024       17.882515       5.5726683   9.6379312e-14       3.0075319       1.3076318        1.3076318      -24.548286      -24.548286
              6      -10.501626       1.6364169       1.2244066      -12.892886      0.67966891       43.292923       16.765117   1.2797175e-13       4.7826535       2.1144002        2.1144002      -25.232053      -25.232053
              2      -9.2803048       1.5343624       1.2794376      -12.878514      0.69375635       34.226496       19.029949   1.3227744e-13       4.9403344       1.6415096        1.6415096      -21.843629      -21.843629
             30      -8.9521797       1.5582074       1.2657575      -12.880416      0.72169111       36.158248       18.439857   1.3169931e-13       5.2685501       1.7464409        1.7464409      -21.397241      -21.397241
              2      -10.362038       1.5435777       1.2789304      -12.895852      0.74669762       34.960505       19.007737   1.2710068e-13       5.5808149       1.7166849        1.7166849      -24.157445      -24.157445
              8      -10.703195       1.4739498       1.2717313      -12.897362      0.73654482       29.781722       18.695249   1.2665952e-13       5.4518616       1.4194091        1.4194091      -24.245209      -24.245209
              6      -10.016649       1.4150649       1.1801815      -12.896752       0.8543578       26.005483       15.141938   1.2683755e-13       7.1508522       1.2087108        1.2087108      -22.450719      -22.450719
              6      -10.514432       1.4131073       1.1714496      -12.899163      0.83929958       25.888526       14.840535   1.2613538e-13       6.9071609       1.1953789        1.1953789      -23.419622      -23.419622
             23      -9.4068598       1.1515035       1.3643714      -12.851859      0.51710405       14.174361        23.14043   1.4065046e-13       3.2893043      0.47957048       0.47957048      -19.772861      -19.772861
              4      -9.2059233       1.1056228        1.289045      -12.870927      0.51160802       12.753305       19.455618    1.346086e-13       3.2479401      0.35765626       0.35765626      -19.127159      -19.127159
             13      -9.3741107        1.383489       1.4824419      -12.824451      0.39329152       24.181819       30.369799   1.4981267e-13       2.4733839       1.3192389        1.3192389      -21.386699      -21.386699
              1      -10.915099       1.2616079       1.4471692      -12.842226      0.35101216       18.264504       28.000718   1.4380513e-13       2.2439448      0.94504863       0.94504863      -23.720295      -23.720295
              2      -11.680909        1.218883        1.298581      -12.858008      0.33101387       16.553241       19.887538   1.3867308e-13        2.142959       0.7363076        0.7363076      -24.834433      -24.834433
              3      -10.388088       1.4306045       1.1457887      -12.904539      0.29053437       26.952835       13.989065   1.2458361e-13       1.9522453          1.4503           1.4503      -23.676776      -23.676776
             10      -10.518566       1.5535416       1.0778226      -12.923022      0.34132973       35.771869       11.962517    1.193928e-13       2.1944704       1.9396133        1.9396133      -24.916359      -24.916359
             23      -10.304441       1.5508996      0.79353553       -12.98636      0.45174804       35.554911       6.2163511   1.0319057e-13       2.8297498       2.2080472        2.2080472      -25.024977      -25.024977
              2       -10.48464       1.3240459       1.2902637      -12.894628      0.70568473       21.088512       19.510287   1.2745951e-13       5.0779069        0.886929         0.886929      -22.743138      -22.743138
              3      -10.844748     0.057856163       1.2885406      -12.888519      0.59440873       1.1424999       19.433032     1.29265e-13       3.9301464       1.8014874        1.8014874       -25.29247       -25.29247
             14      -10.918894     0.075605092       1.2715528      -12.891726      0.59021647       1.1901593       18.687571   1.2831387e-13       3.8923911       1.7183941        1.7183941      -25.274577      -25.274577
              4      -10.547684      0.07392951       1.1293787      -12.919077      0.59038976       1.1855763       13.470345   1.2048216e-13       3.8939445       1.7396273        1.7396273      -24.574622      -24.574622
              6      -9.9244479      0.29134646      0.97569568      -12.948171      0.57106754       1.9558992       9.4557434   1.1267548e-13       3.7244963       1.0312121        1.0312121       -21.91132       -21.91132
              5       -8.718414      0.90586135      0.85317275      -12.925382      0.66090801       8.0512136       7.1313664   1.1874566e-13       4.5804486      0.25290865       0.25290865      -17.942645      -17.942645
              2      -11.517288      0.92951688       0.9250913      -12.935991      0.62238248       8.5019174       8.4157204   1.1588008e-13       4.1916255      0.24109474       0.24109474      -23.516766      -23.516766
              1      -12.246054      0.93174035      0.92360356      -12.937942      0.64581214       8.5455565       8.3869405   1.1536076e-13       4.4239696      0.24637059       0.24637059       -24.98485       -24.98485
             11      -12.041444      0.94063837      0.92941456      -12.936714      0.63889548       8.7224476       8.4999146    1.156874e-13       4.3540708      0.24648896       0.24648896      -24.575866      -24.575866
              9      -11.653779       1.0731783       1.2496873       -12.88907      0.61726533       11.835273       17.769994   1.2910114e-13       4.1425269      0.27139968       0.27139968      -23.850357      -23.850357
              2       -11.85326       1.1667526       1.0593584      -12.934944      0.45063928       14.680898       11.464587   1.1615976e-13       2.8225347      0.59235968       0.59235968       -24.89124       -24.89124
              7      -12.023286       1.1893744       1.0957102      -12.934837      0.45332713       15.465873       12.465515   1.1618848e-13       2.8400575       0.6349726        0.6349726      -25.316517      -25.316517
              2      -11.516428       1.2379973       1.0376137      -12.933323      0.44874999       17.298056         10.9047   1.1659413e-13       2.8102826      0.76336165       0.76336165       -24.55958       -24.55958
              4      -12.063619       1.0821534       1.2030835      -12.897742      0.82242462       12.082406        15.96186   1.2654892e-13       6.6439235      0.31788062       0.31788062      -24.762999      -24.762999
              1      -9.9464677       1.2260419       1.3055258      -12.879496      0.81560978       16.828365       20.208113    1.319786e-13       6.5404824        0.632011         0.632011      -21.156957      -21.156957
             21       -9.587734       1.0908367       1.1307824       -12.90336      0.60257977       12.326413       13.513952   1.2492232e-13       4.0047902      0.29912033       0.29912033      -19.773709      -19.773709
              3      -8.7446662       1.5070762      0.72627119      -12.992628      0.45090417       32.142248       5.3244064   1.0171188e-13       2.8242567       2.1266039        2.1266039       -21.74254       -21.74254
             13      -9.3936718       1.6224295       1.3329908      -12.867063      0.40847585       41.920792       21.527362   1.3581174e-13       2.5613909       2.1792465        2.1792465      -23.145837      -23.145837
              5       -9.919441       1.6797444       1.3286503      -12.859541      0.44584474       47.834848       21.313282   1.3818438e-13       2.7915457        2.430911         2.430911      -24.700704      -24.700704
              8       -10.83835       1.4872993       1.1053982      -12.914914      0.34877925       30.711375       12.746713   1.2164266e-13       2.2324372       1.6267534        1.6267534      -24.930208      -24.930208
              3      -11.532742       1.1759008       1.5153427      -12.853097      0.56130424       14.993423       32.759906   1.4024994e-13       3.6417006      0.67944606       0.67944606      -24.424376      -24.424376
              6      -11.261041       1.1757198        1.532087      -12.844297      0.53037401       14.987174       34.047641   1.4312084e-13       3.3913609      0.70947575       0.70947575      -23.941033      -23.941033
             18      -10.761946      0.68753845       1.4771037      -12.863354      0.76946841       4.8701064       29.998791   1.3697655e-13       5.8812333      0.28042289       0.28042289      -22.084737      -22.084737
              2      -10.937454      0.68597027       1.4679307      -12.864935      0.76884251       4.8525528       29.371807   1.3647879e-13       5.8727634      0.27179504       0.27179504      -22.418498      -22.418498
              4       -10.46171       1.3205658       1.3837439      -12.871708      0.64633626       20.920199       24.196019   1.3436679e-13       4.4293119       0.9120472        0.9120472      -22.747514      -22.747514
              3       -11.30046       1.3874551       1.3296936      -12.875965      0.65974895       24.403669       21.364544   1.3305628e-13       4.5682404       1.0920716        1.0920716      -24.785062      -24.785062
              8      -10.673439       1.5802816       1.3123352       -12.88314      0.64320975         38.0436       20.527459   1.3087589e-13       4.3975395       1.8745207        1.8745207      -25.095919      -25.095919
             11      -10.915729       1.4726359       1.1995677      -12.889173      0.84474814       29.691759       15.833164   1.2907063e-13       6.9943626       1.4154523        1.4154523      -24.662362      -24.662362
              3      -8.7406034       1.4243149       1.2580752      -12.931633      0.93142346        26.56531       18.116537   1.1704893e-13       8.5393233       1.4001233        1.4001233      -20.281453      -20.281453
              2       -10.78296      0.11132175       1.1741933      -12.891269      0.42877668       1.2921762       14.934589    1.284492e-13        2.683964       1.6117633        1.6117633      -24.789446      -24.789446
              4      -10.449009     0.069578553       1.1557977      -12.902843      0.45489397        1.173758       14.315209   1.2507115e-13       2.8503223       1.7915708        1.7915708       -24.48116       -24.48116
              1      -10.655232      0.15168459       1.1516535      -12.884557      0.23604656       1.4180273       14.179258   1.3044959e-13       1.7220532       1.6428939        1.6428939      -24.596252      -24.596252
             11      -10.716988      0.14885965       1.1523502      -12.884272      0.23616323       1.4088334       14.202024   1.3053525e-13       1.7225158       1.6536791        1.6536791      -24.741334      -24.741334
              2       -11.18515      0.49768913      0.82319917      -12.953185      0.71877498       3.1454959       6.6557833    1.113819e-13       5.2332921      0.63185228       0.63185228      -23.634004      -23.634004
             48      -10.428009      0.01546611       1.1030356       -12.87463       1.0416928       1.0362537       12.677557   1.3346572e-13       11.007605       2.1516849        2.1516849      -25.159388      -25.159388
             12      -10.572365      0.12451774       1.1417964      -12.916175       0.9111482       1.3320414       13.861059   1.2129009e-13       8.1498235        1.602697         1.602697      -24.350124      -24.350124
              2      -11.987389      0.39697915        1.152475      -12.914062      0.82506865       2.4944749       14.206103    1.218815e-13       6.6844957      0.63690534       0.63690534      -25.248588      -25.248588
              6      -11.875741      0.39487854       1.1571185      -12.913007      0.82185333       2.4824387        14.35881   1.2217786e-13       6.6351895      0.63885079       0.63885079      -25.029183      -25.029183
              4      -9.9796303      0.42150188       1.2567553      -12.889409      0.79963836       2.6393798       18.061562   1.2900026e-13       6.3043216      0.55005829       0.55005829      -21.059377      -21.059377
              4      -12.164736      0.44972695       1.2873203      -12.888918      0.76769564       2.8166115       19.378508   1.2914628e-13       5.8572754      0.48911992       0.48911992      -25.307711      -25.307711
              7      -12.042235      0.38470356       1.2102723      -12.898459      0.75907065       2.4249543       16.228271   1.2634006e-13       5.7420986      0.62302839       0.62302839      -25.330526      -25.330526
              2      -11.315089      0.23022686       1.1686333      -12.909782      0.85358731        1.699131        14.74461   1.2308855e-13        7.138177        1.147397         1.147397      -24.924971      -24.924971
             16      -11.565863      0.28140893       1.1692686      -12.913271      0.77755521       1.9116524       14.766194   1.2210362e-13       5.9917711      0.94647172       0.94647172       -25.02467       -25.02467
             17      -11.531276        0.280773       1.1678944      -12.911697      0.77253284       1.9088553       14.719545   1.2254722e-13       5.9228788      0.94322567       0.94322567      -24.949002      -24.949002
              2      -11.503003      0.30030442        1.220966      -12.907094      0.84667565       1.9966614       16.632825   1.2385299e-13       7.0254743      0.92009089       0.92009089      -24.846188      -24.846188
              7      -11.230902      0.27547085       1.2725721      -12.882032      0.99577701       1.8856924        18.73148    1.312104e-13       9.9032333       1.1019902        1.1019902      -24.665784      -24.665784
              8      -11.065533      0.25643535       1.2900562      -12.879663       1.1362047        1.804826        19.50097   1.3192805e-13       13.683735       1.3530321        1.3530321       -24.83713       -24.83713
             10      -10.469687      0.45990761       1.3086132      -12.860441       1.0922626        2.883418       20.352286   1.3789828e-13        12.36695      0.72291208       0.72291208      -22.385198      -22.385198
              7      -10.539747        0.352326       1.2072341       -12.89944       1.2774494       2.2507435        16.11514   1.2605508e-13       18.943028       1.3012991        1.3012991      -23.682092      -23.682092
             26       -10.03263      0.35224266       1.1998498      -12.903751       1.2766744       2.2503116       15.843453   1.2481003e-13       18.909256        1.305818         1.305818      -22.676895      -22.676895
              2      -11.318983      0.41274139       1.2447851      -12.880106       0.9519078       2.5866721        17.57054   1.3179353e-13       8.9517471      0.65519653       0.65519653       -23.94836       -23.94836
              6      -11.378737       0.4639152       1.2279261      -12.907457      0.74086665       2.9101488       16.901533   1.2374935e-13       5.5063859      0.45583541       0.45583541      -23.669145      -23.669145
              3      -11.969875      0.45241125       1.2276628      -12.904773      0.74672444       2.8340744        16.89129   1.2451653e-13       5.5811595      0.47649421       0.47649421      -24.892739      -24.892739
              7       -11.99101      0.76327327       1.3271985      -12.863424      0.53924849       5.7979341       21.242153   1.3695431e-13       3.4613737      0.10644638       0.10644638      -24.194913      -24.194913
              4      -12.272238      0.68519255       1.1748557      -12.911193      0.72717878       4.8438707       14.957385   1.2268938e-13       5.3355449      0.12949929       0.12949929      -24.803474      -24.803474
             23      -12.482218      0.68887384       1.1627186      -12.912348      0.72100073       4.8851043       14.545164   1.2236345e-13       5.2601815      0.12601177       0.12601177       -25.21646       -25.21646
             24      -10.511409      0.89840163        1.323603      -12.922866      0.88320898       7.9141017       21.067013   1.1943558e-13       7.6420342      0.26587191       0.26587191      -21.554563      -21.554563
             22      -10.359121      0.91874169       1.2993279      -12.933361       0.9025188       8.2935734       19.921767   1.1658406e-13       7.9894853       0.3020403        0.3020403      -21.322322      -21.322322
             18      -10.875906      0.84589039        1.310475      -12.903044      0.74980677       7.0127829       20.439724   1.2501329e-13       5.6209118      0.13128439       0.13128439      -22.014381      -22.014381
             53      -10.812863      0.70454173       1.6164563       -12.86377      0.74472438       5.0645602       41.348171   1.3684535e-13       5.5555157      0.46582067       0.46582067      -22.557367      -22.557367
              5      -11.368567      0.67242793       1.5895592      -12.861574      0.75771323       4.7035734       38.865044   1.3753897e-13       5.7241794      0.44656187       0.44656187      -23.630258      -23.630258
              4      -10.539086      0.88611128        1.370883      -12.903178      0.76513338       7.6932754       23.489999   1.2497456e-13       5.8228203      0.19502185       0.19502185      -21.468216      -21.468216
              2      -11.988532      0.96270506       1.3599072      -12.893957      0.74030692       9.1770914       22.903781   1.2765649e-13       5.4992938      0.21514206       0.21514206      -24.407349      -24.407349
              4      -11.450256      0.78702986       1.3636322       -12.88035      0.78265025        6.123925       23.101073   1.3171938e-13        6.062479      0.14303377       0.14303377      -23.186579      -23.186579
              2      -10.956484      0.94941423       1.4389555       -12.85788      0.57624484       8.9004964       27.476124   1.3871383e-13       3.7691623       0.2401607        0.2401607      -22.393289      -22.393289
              3       -10.60663      0.45642868       1.6593273      -12.846793      0.67844772       2.8604126       45.638076   1.4230076e-13        4.769224      0.86589034       0.86589034       -22.94504       -22.94504
             12      -11.415551      0.59666092       1.3648788      -12.891359      0.81855739       3.9505805       23.167481   1.2842246e-13       6.5850244      0.31279323       0.31279323      -23.456689      -23.456689
              3      -9.4916596      0.82410622       1.2431205       -12.89521       0.5112912       6.6696988       17.503321   1.2728886e-13       3.2455717      0.10701564       0.10701564       -19.19735       -19.19735
              3      -9.3975743      0.34560183      0.72397871      -12.974158      0.52796459       2.2161637       5.2963748   1.0613086e-13       3.3725981       1.2054489        1.2054489      -21.206046      -21.206046
             10      -11.311134      0.37803941       0.7173855      -13.003952       0.7750916        2.388028       5.2165755   9.9094146e-14        5.957878       1.2304692        1.2304692      -25.083207      -25.083207
              2      -8.1584035      0.65715908      0.67912999      -13.006539      0.58777167       4.5410792       4.7767222   9.8505567e-14        3.870541      0.79392674       0.79392674       -17.90466       -17.90466
              1      -7.0725146      0.34927825       1.3764271      -12.810746      0.21617084       2.2350037       23.791792   1.5461577e-13       1.6450187       1.0723662        1.0723662      -16.289762      -16.289762
              6      -11.495808      0.55241099       1.5140683       -12.77158      0.36425265       3.5678862       32.663917   1.6920758e-13       2.3134102      0.63329482       0.63329482      -24.258206      -24.258206
             23      -11.401823      0.54282808       1.5223564      -12.769386      0.36134771       3.4900214       33.293264   1.7006451e-13       2.2979877      0.66560545       0.66560545      -24.134857      -24.134857
              8      -10.998845      0.44572608       1.4826605      -12.766863      0.32733303       2.7907831       30.385091   1.7105541e-13       2.1248732      0.83863346       0.83863346      -23.674956      -23.674956
             23      -9.8541256      0.52165439       1.3742007       -12.77834      0.29213525       3.3239493       23.670132   1.6659407e-13       1.9594548      0.60041015       0.60041015      -20.909071      -20.909071
              1      -9.0745019      0.16079915       1.5453701      -12.816265       0.4356881        1.448102       35.105088   1.5266335e-13       2.7270186       1.6575173        1.6575173      -21.464038      -21.464038
             16      -8.9885305      0.14580625       1.5414805      -12.814919      0.43251314       1.3989631       34.792085   1.5313746e-13       2.7071551       1.7141763        1.7141763      -21.405414      -21.405414
              5      -9.6525307      0.52592324       1.8844593      -12.701534      0.34486292       3.3567828       76.640677   1.9882264e-13       2.2123963       1.5808604        1.5808604      -22.466782      -22.466782
              5      -9.1879494       0.4583144       1.8481698      -12.714999      0.34157667       2.8728596       70.496859   1.9275311e-13       2.1957186       1.5841044        1.5841044      -21.544108      -21.544108
             11      -9.1902334      0.45961401       1.8481017      -12.715114       0.3406787       2.8814694       70.485811   1.9270193e-13       2.1911832       1.5818204        1.5818204      -21.544108      -21.544108
              3       -8.816582      0.34580969        1.690092      -12.752371      0.49453552       2.2172246       48.988264   1.7685968e-13       3.1227378       1.3041685        1.3041685      -20.241501      -20.241501
             10      -9.9909014      0.36244008       1.6747035      -12.757073      0.46958501       2.3037751       47.282838   1.7495534e-13       2.9483905       1.2357386        1.2357386       -22.45328       -22.45328
              1      -9.5314755     0.090362854       1.6051123      -12.785136      0.56959401       1.2312971       40.282114   1.6400778e-13       3.7118807       1.9886048        1.9886048      -23.040161      -23.040161
              4      -9.1930054     0.066695323       1.6961934      -12.775477      0.56989224       1.1659913       49.681347   1.6769616e-13       3.7144305       2.2694238        2.2694238      -22.924858      -22.924858
              3      -9.2356783      0.20652678       1.7434844      -12.768754      0.54254481       1.6088916       55.396762   1.7031228e-13       3.4877457       1.8152471        1.8152471      -22.101851      -22.101851
              1      -9.6587244      0.17863815       1.7641095      -12.757711      0.52684764       1.5088225       58.091088   1.7469835e-13       3.3639353       1.9874262        1.9874262      -23.292301      -23.292301
              1      -9.7839268       1.0621509       1.4199396      -12.764319      0.12208962       11.538541       26.299022   1.7206059e-13       1.3246149        0.854169         0.854169      -21.276192      -21.276192
             44      -8.4695518       1.1101756       1.4423647       -12.74803     0.058576138       12.887707       27.692662   1.7863631e-13       1.1443955       1.1040197        1.1040197      -19.147143      -19.147143
              7      -8.9652288      0.92577398       1.8683381      -12.668422      0.28072237       8.4289598       73.847899   2.1457437e-13       1.9086327       1.5180657        1.5180657      -20.966589      -20.966589
              9      -9.7371371      0.89371359       1.8885526      -12.663294      0.30367586       7.8291316       77.366435   2.1712307e-13       2.0122219        1.543033         1.543033       -22.56034       -22.56034
             10      -9.6676106       0.8630125       1.8882681      -12.661036      0.26675401        7.294785       77.315781   2.1825481e-13       1.8482215        1.584535         1.584535      -22.504291      -22.504291
             14      -9.7441405      0.87977553       1.8935476      -12.660369      0.27585063        7.581856       78.261389    2.185904e-13       1.8873421       1.5955096        1.5955096        -22.6793        -22.6793
              4      -10.077661      0.84289121       1.8947331      -12.703496      0.34457806       6.9645203        78.47532   1.9792637e-13       2.2109456       1.3599999        1.3599999      -22.875322      -22.875322
             20        -11.6765       0.7527184       1.1850351      -12.863108      0.24905851       5.6587226       15.312111   1.3705421e-13       1.7744285      0.30176636       0.30176636      -23.956532      -23.956532
              4      -12.053958      0.88650517       1.2368231      -12.860077      0.26282117        7.700256        17.25135   1.3801398e-13       1.8315601      0.30364675       0.30364675       -24.71521       -24.71521
             50       -11.86697      0.85710443       1.1400742      -12.877239      0.26186346         7.19622       13.806203   1.3266632e-13       1.8275256      0.28961874       0.28961874      -24.313178      -24.313178
              8       -11.90824      0.78691703       1.1888774       -12.86691      0.28984442       6.1223342       15.448183   1.3585954e-13       1.9491462      0.24492587       0.24492587      -24.306332      -24.306332
              6      -11.599687       0.5336103       1.2671452      -12.896413      0.68206788       3.4167272       18.498871   1.2693653e-13       4.8091451      0.31266093       0.31266093      -23.824696      -23.824696
              3      -11.717863      0.59396033       1.2776969      -12.882704      0.74086303       3.9260907       18.953826   1.3100756e-13         5.50634      0.21507114       0.21507114      -23.865869      -23.865869
             16      -6.7476423      0.20692628      0.62207195      -12.985754      0.63911287       1.6103722       4.1886295   1.0333465e-13       4.3562508       1.8229995        1.8229995      -17.141284      -17.141284
              7      -10.189415       0.1409382      0.65953521      -12.975055      0.57499346       1.3833695       4.5659927   1.0591187e-13       3.7583174       1.9881253        1.9881253       -24.35508       -24.35508
             10      -8.0061243     0.020952586      0.73997297      -12.960845      0.75214949       1.0494279       5.4950667   1.0943473e-13       5.6513147       2.3500167        2.3500167      -20.712282      -20.712282
             25      -10.616028       1.0555264      0.78187437      -12.963894        0.589784       11.363874        6.051658   1.0866919e-13        3.888517      0.60097297       0.60097297      -22.434001      -22.434001
              3      -11.829808      0.73723925       1.3755479      -12.867826       0.6750792       5.4605859       23.743673   1.3557336e-13       4.7323756      0.13181099       0.13181099      -23.923238      -23.923238
              3      -12.203237       0.7847985       1.3181231      -12.876529      0.67416979       6.0925415       20.802863   1.3288356e-13       4.7224763     0.082672133      0.082672133      -24.571819      -24.571819
              1      -12.539431      0.76212151       1.2979219      -12.874541      0.57997144       5.7825781       19.857377   1.3349307e-13        3.801644     0.084903828      0.084903828       -25.24867       -25.24867
              4      -12.567055      0.72522202       1.2243807      -12.891395      0.57897151       5.3115591       16.764116   1.2841192e-13        3.792901     0.088195898      0.088195898      -25.310503      -25.310503
              5      -12.294225      0.71276935       1.2194472      -12.892782      0.57854212       5.1614218        16.57476   1.2800232e-13       3.7891528     0.095766333      0.095766333      -24.779983      -24.779983
             11      -11.883902      0.71479567       1.2049919      -12.896404      0.56978692         5.18556       16.032156   1.2693935e-13       3.7135298     0.098750204      0.098750204      -23.965305      -23.965305
             24      -12.512147      0.71872586       1.1521491      -12.915955      0.57698662       5.2327003       14.195446   1.2135146e-13       3.7756056      0.12188404       0.12188404      -25.268063      -25.268063
             11      -12.313488      0.65370276       1.0467643      -12.931758      0.46407325       4.5050826       11.136899   1.1701504e-13       2.9112081      0.27022449       0.27022449      -25.167426      -25.167426
              5      -12.391682       0.6478084       1.0462677      -12.930448      0.46549333       4.4443516       11.124173   1.1736874e-13       2.9207429      0.27178712       0.27178712      -25.326937      -25.326937
              9      -10.102324      0.60792937       1.0179435      -12.936291      0.50355922       4.0544259       10.421819   1.1580011e-13       3.1883003      0.31704372       0.31704372      -20.838736      -20.838736
              7      -10.961828      0.52052187        0.815309      -12.978041        0.376325       3.3152926       6.5359542   1.0518616e-13       2.3786196      0.81616091       0.81616091      -23.555977      -23.555977
              5      -12.195591      0.71059022       1.0741688      -12.913428      0.34751169       5.1355885       11.862297   1.2205961e-13        2.225931      0.27669226       0.27669226      -24.944566      -24.944566
              1      -12.162045      0.71146481       1.3368935      -12.853203      0.44328231       5.1459411       21.721684   1.4021571e-13       2.7751235      0.18347531       0.18347531       -24.69104       -24.69104
              7      -12.230261      0.70800066       1.3413325      -12.852091      0.43145848       5.1050578       21.944842   1.4057533e-13       2.7005889      0.19705022       0.19705022      -24.854622      -24.854622
              1      -11.859898      0.55434826       1.2049271      -12.885547      0.43619539       3.5838371       16.029763   1.3015273e-13       2.7302058      0.32428293       0.32428293      -24.368363      -24.368363
             16      -11.638199      0.55400215       1.2050533      -12.885397      0.43668842       3.5809821       16.034421   1.3019768e-13        2.733307      0.32426781       0.32426781      -23.924934      -23.924934
              6      -10.904209       1.0053366       1.1242027      -12.902379      0.40725076       10.123638       13.310755   1.2520486e-13       2.5541757      0.27816799       0.27816799      -22.364754      -22.364754
             10      -12.024917      0.98369694       1.2000866      -12.885659      0.46570589       9.6315667       15.852092   1.3011895e-13       2.9221728      0.19326867       0.19326867       -24.43637       -24.43637
              3      -12.215189      0.98395207       1.2935884      -12.870701      0.41280554       9.6372266        19.66022    1.346788e-13       2.5870543      0.25427301       0.25427301      -24.938924      -24.938924
              9      -12.350965      0.96059479       1.2849842      -12.872264      0.41071904       9.1326075       19.274548    1.341948e-13        2.574655      0.23001323       0.23001323      -25.161956      -25.161956
             23      -11.711715       1.0627224       1.1196773      -12.898237      0.24806533       11.553736       13.172777   1.2640454e-13       1.7703753      0.52416276       0.52416276      -24.471755      -24.471755
              7      -11.089125      0.95033417       1.1184275      -12.889511      0.28042932       8.9193698       13.134923   1.2897002e-13       1.9073453      0.33446105       0.33446105      -22.847171      -22.847171
             10      -12.123877      0.94015882       1.1033538      -12.897971      0.26883555       8.7128216       12.686849   1.2648197e-13       1.8571011      0.35550867       0.35550867      -24.958772      -24.958772
             15      -12.039569       1.0041596       1.1630234      -12.886401      0.28153438       10.096238       14.555374   1.2989686e-13       1.9122047      0.38550265       0.38550265      -24.850143      -24.850143
              3      -10.298792       1.0173936       1.1354137      -12.890685      0.27778503       10.408631       13.658836   1.2862204e-13       1.8957673       0.4100471        0.4100471      -21.417678      -21.417678
             15      -11.812386      0.95351165       1.2827268      -12.870998      0.34734712       8.9848669       19.174619   1.3458666e-13       2.2250876      0.28061553       0.28061553      -24.186004      -24.186004
             18      -7.5804968        0.646773       1.5808155      -12.778552      0.59652605       4.4337683       38.090395   1.6651308e-13       3.9493538      0.46064304       0.46064304       -16.08228       -16.08228
             35      -9.5537558      0.66210526       1.6786419      -12.815779      0.58035868       4.5930932       47.713567   1.5283443e-13       3.8050352      0.59678422       0.59678422       -20.30108       -20.30108
             11      -9.3196046      0.86344132        1.511009      -12.827225      0.40650361       7.3019915       32.434636   1.4885903e-13       2.5497853      0.36271776       0.36271776      -19.364645      -19.364645
              7      -12.280563      0.61306539       1.3668206      -12.862176      0.51584232       4.1026587         23.2713   1.3734864e-13       3.2797619      0.25833182       0.25833182       -25.07779       -25.07779
              2       -12.22793      0.62475448       1.2709739      -12.882766      0.41277962       4.2145818       18.662676   1.3098868e-13       2.5868999      0.27123045       0.27123045      -24.998321      -24.998321
              6      -12.422353      0.78699564       1.2633162      -12.878207      0.44494925       6.1234425       18.336489     1.32371e-13       2.7857956      0.13318655       0.13318655       -25.11108       -25.11108
              8      -11.791608      0.46010425        1.194491      -12.909694      0.77802597       2.8847239       15.649158    1.231136e-13       5.9982695      0.46903661       0.46903661      -24.521289      -24.521289
              6      -11.597795       1.0037027       1.1387734      -12.906898      0.73630837       10.085622       13.764911   1.2390887e-13       5.4488941      0.18259284       0.18259284      -23.560776      -23.560776
              6      -11.289428      0.94522488      0.99936606       -12.92819      0.56994047       8.8150521       9.9854137   1.1798032e-13       3.7148431      0.20482781       0.20482781      -22.988512      -22.988512
             16      -12.029317      0.85884919       1.0525405      -12.895826      0.62031202       7.2251886       11.286012   1.2710847e-13       4.1716899     0.060519062      0.060519062      -24.179673      -24.179673
             11      -11.755552      0.31562684       1.0627867      -12.935965      0.56209049       2.0683634       11.555446   1.1588697e-13       3.6482996      0.89505537       0.89505537      -25.301215      -25.301215
              9      -11.462706       1.0487075       1.1864852      -12.890864      0.56264028       11.186841       15.363323   1.2856883e-13        3.652921      0.22993912       0.22993912       -23.38529       -23.38529
              4      -11.625532       1.1906695          1.2666      -12.891385      0.75848177       15.512059       18.475661   1.2841469e-13       5.7343179      0.52006621       0.52006621      -24.291196      -24.291196
              6      -11.277378       1.2190333       1.2196292      -12.888831      0.71063949        16.55897       16.581705   1.2917212e-13       5.1361711      0.55345014       0.55345014      -23.661656      -23.661656
             23      -10.704714       1.2355314       1.2332751      -12.885476      0.74052653       17.200116       17.110988   1.3017388e-13       5.5020753      0.60051543       0.60051543      -22.610458      -22.610458
             32      -11.266089      0.75491355      0.88947852      -12.935735      0.71850324       5.6873971       7.7531559   1.1594854e-13       5.2300187      0.23443326       0.23443326      -23.001046      -23.001046
             12      -11.414737      0.74477882      0.87484691      -12.937844      0.72055274       5.5562121       7.4962991   1.1538675e-13       5.2547583      0.25617514       0.25617514      -23.341825      -23.341825
             10      -10.691382      0.32430753      0.75883723      -12.972469      0.81524198       2.1101218       5.7390133   1.0654447e-13       6.5349456       1.2187758        1.2187758      -23.820317      -23.820317
             12      -10.281558      0.37031364       0.6903178      -13.022212      0.46398811       2.3459224       4.9013735   9.5014138e-14       2.9106374       1.4208343        1.4208343      -23.404784      -23.404784
              1      -8.1870289     -0.37648606       1.0590258      -12.933563      0.43723092      0.42025602        11.45581   1.1652976e-13       2.7367235       4.4775299        4.4775299      -25.329117      -25.329117
              4      -7.5532953     -0.27507709        1.182462      -12.903841      0.41870197      0.53079021       15.221658   1.2478392e-13       2.6224183       3.7284558        3.7284558      -22.563502      -22.563502
              5      -7.1411629     -0.45477772       1.1673263      -12.914368       0.5095283      0.35093144       14.700305   1.2179577e-13       3.2324239        4.963827         4.963827       -24.20998       -24.20998
             11      -7.4981715     -0.43198952       1.3529843      -12.877865      0.60591215      0.36983711       22.541579   1.3247525e-13       4.0356375       4.7831627        4.7831627      -24.562668      -24.562668
              4      -7.7099193     -0.42376558       1.3475626      -12.876679      0.62798721      0.37690719       22.261921    1.328376e-13       4.2460706       4.7121643        4.7121643      -24.844167      -24.844167
             10      -6.3509391     -0.33287295       1.2825871       -12.87093      0.30735335      0.46465118       19.168453   1.3460786e-13       2.0293332       4.2174862        4.2174862       -21.13685       -21.13685
              6      -8.1134121      -0.3190415       1.0883161      -12.901786      0.25083033      0.47968761        12.25508     1.25376e-13       1.7816825       4.1961903        4.1961903      -24.619205      -24.619205
