#        weight    minuslogpost         logphi0          loggst           logV0           logQ0            phi0             gst              V0              Q0   minuslogprior minuslogprior__0            chi2       chi2__stb
              2      -3.6121015         1.25418       1.2874241      -12.899934      0.91934657       17.954775       19.383137   1.2591153e-13       8.3051326      0.79316813       0.79316813      -8.8105392      -8.8105392
             15      -3.5763507       1.2555695       1.2848704      -12.901269      0.91867476       18.012314       19.269498   1.2552526e-13       8.2922953      0.79731642       0.79731642      -8.7473343      -8.7473343
             17      -10.021809        1.246545        1.250633       -12.91829      0.97824228       17.641886       17.808733   1.2070072e-13       9.5113525        0.845017         0.845017      -21.733652      -21.733652
             18      -9.9893735       1.2479119       1.2472882      -12.918245       0.9872873       17.697498       17.672103   1.2071335e-13       9.7115221      0.85631041       0.85631041      -21.691368      -21.691368
             24      -8.9295762       1.3268783        1.371777      -12.922685      0.82733773       21.226494       23.538406    1.194854e-13       6.7195119       1.0499952        1.0499952      -19.959143      -19.959143
             43      -9.1072576       1.3295156       1.3734572      -12.916528      0.78990369       21.355787       23.629647   1.2119157e-13       6.1645828       1.0285776        1.0285776       -20.27167       -20.27167
              3      -7.5234789       1.3566079       1.4090283      -12.914138      0.75971244       22.730445       25.646513   1.2186012e-13       5.7505905       1.1330737        1.1330737      -17.313105      -17.313105
             45      -8.5886451       1.3681989        1.829412      -12.771868      0.35139193       23.345271        67.51682   1.6909557e-13       2.2459078       1.9789508        1.9789508      -21.135192      -21.135192
              3      -10.429201        1.327959      0.99766228      -12.909399      0.67193642       21.279384       9.9463166   1.2319733e-13       4.6982533      0.90075884       0.90075884       -22.65992       -22.65992
              5      -11.703702       1.3164171       1.0507719      -12.923811       0.5652865       20.721304       11.240145   1.1917614e-13       3.6752467      0.89624275       0.89624275       -25.19989       -25.19989
             60      -11.208591       1.1548793      0.93256619      -12.898426      0.76179399       14.284968       8.5618218   1.2634949e-13       5.7782188      0.47891469       0.47891469      -23.375012      -23.375012
              8       -9.791289       1.1379818       1.0578069      -12.855898      0.88042359       13.739845       11.423702    1.393484e-13       7.5931782      0.39646137       0.39646137      -20.375501      -20.375501
             37      -10.596737       1.2270039      0.85878158      -12.898484      0.83069883       16.865683        7.224064   1.2633274e-13       6.7717175      0.73046007       0.73046007      -22.654395      -22.654395
              7      -10.590621       1.2004391       1.0518502      -12.761689       1.0921436       15.864966       11.268087   1.7310553e-13       12.363563      0.78841073       0.78841073      -22.758063      -22.758063
             12      -11.630637       1.1345715      0.73906354      -13.007608      0.51225519       13.632373       5.4835719   9.8263557e-14       3.2527838      0.98753956       0.98753956      -25.236354      -25.236354
              2       -10.98049       1.3744166       0.8103237      -12.963057      0.35834497       23.681902       6.4613565    1.088787e-13       2.2821541       1.4908557        1.4908557      -24.942692      -24.942692
             12      -10.875266       1.2135299       1.4904453      -12.771014      0.23488093       16.350457        30.93466   1.6942839e-13       1.7174374        1.045488         1.045488      -23.841508      -23.841508
              5      -10.995159       1.1978169       1.4931114      -12.779017      0.23819834       15.769462       31.125147   1.6633475e-13       1.7306065      0.99721826       0.99721826      -23.984755      -23.984755
             10      -9.8040544       1.1261509       1.3969105      -12.767102     0.086734445       13.370599       24.940808   1.7096152e-13       1.2210528       1.0017759        1.0017759      -21.611661      -21.611661
              1      -6.7787313       1.2971066       1.2386395      -12.803795     -0.04207973       19.820134       17.323653   1.5711054e-13      0.90765388       1.5444364        1.5444364      -16.646335      -16.646335
             14      -9.8075664       1.2290093       1.1414191      -12.852567    -0.079821579        16.94374       13.849021   1.4042145e-13      0.83210555       1.4286754        1.4286754      -22.472484      -22.472484
             24      -9.9363108       1.2388861       1.1126833      -12.863041    -0.029531417       17.333492       12.962337   1.3707508e-13      0.93426178       1.3433752        1.3433752      -22.559372      -22.559372
             16       -11.99575      0.64560987       1.0328156      -12.926027      0.34461017       4.4219097       10.784887   1.1856945e-13       2.2111091      0.37011813       0.37011813      -24.731736      -24.731736
              9      -12.027017      0.66238429       1.0169667      -12.927146      0.31358117       4.5960452       10.398405    1.182645e-13       2.0586436       0.3963359        0.3963359      -24.846705      -24.846705
              2      -9.8055702      0.52168922      0.63079464      -13.034929      0.59397513       3.3242159       4.2736076   9.2272208e-14       3.9262245       1.1843236        1.1843236      -21.979788      -21.979788
             10      -9.1831336       0.3241296      0.50276583      -13.084568      0.19458203       2.1092575       3.1824811   8.2306081e-14        1.565244       2.5260389        2.5260389      -23.418345      -23.418345
              4      -8.8602409      0.38743303       0.3309145      -13.128739      0.26776958       2.4402428       2.1424688   7.4346654e-14       1.8525485       2.9615956        2.9615956      -23.643673      -23.643673
             13       -9.756355      0.26177632      0.51135034      -13.072131      0.29182272       1.8271589       3.2460137   8.4697205e-14       1.9580453       2.4933589        2.4933589      -24.499428      -24.499428
              3      -8.9516929      0.17227674      0.32457905      -13.121623      0.29760749       1.4868828       2.1114415   7.5574866e-14       1.9843007       3.5810065        3.5810065      -25.065399      -25.065399
             13      -9.5437961      0.63164211      0.16678221      -13.145598      0.36771883       4.2819551       1.4681898   7.1515718e-14       2.3319478       3.0206116        3.0206116      -25.128815      -25.128815
             10      -8.3167687      0.65415815       2.1582571      -12.635268      0.37706315        4.509809       143.96506   2.3159666e-13       2.3826659       2.4728805        2.4728805      -21.579298      -21.579298
             23      -8.8064807      0.66054422        1.942993      -12.736659      0.46472662       4.5766133       87.698677    1.833753e-13       2.9155911       1.3717184        1.3717184      -20.356398      -20.356398
              4      -7.4536181    -0.046239016       1.8007733      -12.709329      0.29911488      0.89900267       63.208184   1.9528614e-13          1.9912       3.3775943        3.3775943      -21.662425      -21.662425
              8      -8.1513264    -0.066727459       1.7311481      -12.713303      0.28945334      0.85757585       53.845338   1.9350719e-13       1.9473918       3.3315877        3.3315877      -22.965828      -22.965828
             12      -7.8984905    -0.069144583       1.7538484        -12.7025      0.26696774      0.85281615       56.734649   1.9838112e-13       1.8491313       3.4516578        3.4516578      -22.700297      -22.700297
              5      -8.6812447      0.11794053        1.317972      -12.833347      0.20284474       1.3120202       20.795628   1.4677546e-13       1.5953087       1.8525569        1.8525569      -21.067603      -21.067603
             11      -8.9734704     -0.19654238       1.3273769      -12.886576      0.67130021      0.63600074       21.250881   1.2984458e-13       4.6913757       3.1683618        3.1683618      -24.283664      -24.283664
             70      -9.7819619      0.21396202        1.784587      -12.774056      0.59781542       1.6366734       60.895748   1.6824563e-13       3.9610965       1.8547714        1.8547714      -23.273467      -23.273467
              3       -9.595596      0.28944852        1.628051      -12.811682      0.48282153       1.9473702       42.466947    1.542829e-13       3.0396356       1.3035656        1.3035656      -21.798323      -21.798323
             33      -9.8720362      0.10053504       1.6050186      -12.833005      0.59935306       1.2604773       40.273427   1.4689083e-13       3.9751458       1.9183614        1.9183614      -23.580795      -23.580795
             13       -9.056549      0.49791999       1.9151199      -12.686472      0.30348672       3.1471684       82.246977   2.0583896e-13       2.0113457       1.8069751        1.8069751      -21.727048      -21.727048
              9      -9.0771119        0.429494       1.8905518      -12.690637      0.30683847       2.6884007       77.723398   2.0387477e-13       2.0269287       1.8670448        1.8670448      -21.888313      -21.888313
              7      -7.8791317      0.25293858       1.9438429       -12.67074       0.3820944       1.7903526        87.87047   2.1343201e-13       2.4104293       2.5036704        2.5036704      -20.765604      -20.765604
             14      -11.311632       1.0314609       0.8575949      -12.938794      0.59174341       10.751297       7.2043516   1.1513474e-13       3.9061004      0.41231898       0.41231898      -23.447903      -23.447903
             41      -12.455313      0.96201353       1.1274959      -12.900804      0.73143396       9.1624903       13.412072   1.2565982e-13       5.3880791       0.1262409        0.1262409      -25.163107      -25.163107
              1      -9.4307262       1.5938819       1.3620275      -12.859529      0.51191898       39.253814       23.015874   1.3818818e-13       3.2502666       1.9875269        1.9875269      -22.836506      -22.836506
              1      -9.3529882        1.588592       1.3871174      -12.854332      0.51112183       38.778587       24.384696   1.3985192e-13       3.2443062       1.9808758        1.9808758      -22.667728      -22.667728
              1       -8.652284       1.3424408      0.39141828      -13.060051    0.0036295235       22.000916       2.4627384   8.7086044e-14       1.0083923       3.1287881        3.1287881      -23.562144      -23.562144
              8      -9.1977304       1.1009599      0.55950424      -13.022032     0.057403358       12.617109       3.6266382   9.5053484e-14       1.1413093       1.8484542        1.8484542      -22.092369      -22.092369
              8      -10.000569         1.06477        0.559873      -12.992095     -0.05324094       11.608338       3.6297189   1.0183677e-13       0.8846247       1.8972961        1.8972961      -23.795731      -23.795731
             10      -9.4782391       1.0741125      0.58122103       -12.98693    -0.057886251       11.860759       3.8125981   1.0305525e-13      0.87521298       1.8620904        1.8620904      -22.680659      -22.680659
             35      -10.656163      0.68552479      0.83718303      -12.896315     -0.03829278       4.8475778       6.8735806    1.269654e-13      0.91560303       1.0395348        1.0395348      -23.391395      -23.391395
             19      -10.615542       0.4434186       0.7992496      -12.926421     0.047615741       2.7759945       6.2986808   1.1846205e-13       1.1158755       1.3167871        1.3167871      -23.864659      -23.864659
              1       -10.69813      0.54136884      0.88122598      -12.946463      0.40707145       3.4783145         7.60722   1.1311931e-13       2.5531213      0.58763478       0.58763478       -22.57153       -22.57153
              1      -12.038373      0.68140794       0.9995449      -12.925237        0.266767       4.8018428       9.9895265   1.1878545e-13       1.8482768      0.43995438       0.43995438      -24.956655      -24.956655
             65      -11.955344      0.64599466       1.0709652      -12.911254       0.2700779       4.4258293       11.775117   1.2267205e-13       1.8624212      0.41492769       0.41492769      -24.740542      -24.740542
             38      -12.247796      0.70602754       1.0394947       -12.90852      0.26890844       5.0819167       10.952033   1.2344683e-13       1.8574128       0.3689719        0.3689719      -25.233536      -25.233536
             11      -12.362876      0.74361874       1.0411484      -12.916145      0.71761466       5.5413903       10.993814   1.2129826e-13       5.2193288      0.11007237       0.11007237      -24.945896      -24.945896
              1      -9.4466227      0.33917288       1.4318071      -12.872267      0.94508384        2.183599       27.027579   1.3419384e-13       8.8121897      0.97258114       0.97258114      -20.838408      -20.838408
             28      -8.9318757      0.33488665       1.4270909       -12.87364      0.94137441       2.1621541       26.735658   1.3377029e-13       8.7372429      0.97811653       0.97811653      -19.819985      -19.819985
             11      -9.0292006      0.63879807       1.2542297      -12.858317      0.34477464       4.3530943        17.95683   1.3857434e-13       2.2119466      0.28503142       0.28503142      -18.628464      -18.628464
              8      -9.9568041       0.4423285       1.5764523      -12.782495      0.51079883       2.7690353        37.70963   1.6500819e-13       3.2418941      0.81069862       0.81069862      -21.535005      -21.535005
             13       -10.24934      0.46892218         1.49362      -12.803832      0.51152106       2.9438941       31.161621   1.5709704e-13       3.2472899      0.61912734       0.61912734      -21.736936      -21.736936
              5      -11.402843      0.32853785       1.1925945      -12.898492      0.95869187       2.1307762       15.580972    1.263305e-13       9.0926793      0.89647169       0.89647169       -24.59863       -24.59863
              4      -10.937175      0.13428931       1.1364498      -12.898941      0.97447462       1.3623519       13.691462    1.261999e-13       9.4291952       1.5846039        1.5846039      -25.043557      -25.043557
             15      -11.054388      0.16116535       1.1558773      -12.888956      0.98337257       1.4493235       14.317834   1.2913497e-13       9.6243758       1.4710381        1.4710381      -25.050852      -25.050852
             28      -10.599136      0.26844108      0.98078365      -12.885958       1.1005211       1.8554151       9.5671735   1.3002961e-13        12.60437       1.2540755        1.2540755      -23.706423      -23.706423
             63      -10.953427      0.28139695       1.0062549      -12.862932       1.1596651       1.9115997       10.145067    1.371096e-13       14.443257       1.2625284        1.2625284      -24.431911      -24.431911
             37      -10.843648      0.27623724       1.0821577      -12.852451       1.1706569        1.889023       12.082525   1.4045894e-13       14.813473       1.2686913        1.2686913      -24.224679      -24.224679
              1      -10.145236      0.24539421       1.0258834      -12.889315       1.1664936         1.75952       10.614105   1.2902832e-13       14.672144       1.4180392        1.4180392       -23.12655       -23.12655
              4       -10.86657      0.45848382       1.3641209      -12.863794       0.7249173       2.8739805       23.127085   1.3683784e-13       5.3078336      0.48240324       0.48240324      -22.697947      -22.697947
             13      -10.166804      0.42899172       1.0051186      -12.935245      0.75462904       2.6852933       10.118558   1.1607941e-13       5.6836724      0.60381284       0.60381284      -21.541234      -21.541234
             25      -9.4572141      0.45147344      0.68951775      -12.979638      0.74827162       2.8279612       4.8923526   1.0480009e-13       5.6010779      0.98918219       0.98918219      -20.892793      -20.892793
             18      -11.420404      0.59141575      0.70502643      -13.036076      0.65381688       3.9031546       5.0702157   9.2028839e-14       4.5062666        0.958807         0.958807      -24.758422      -24.758422
              9      -12.029858      0.59424651      0.83952184      -12.955549      0.61899634       3.9286786       6.9106968   1.1077726e-13       4.1590711      0.46794129       0.46794129      -24.995598      -24.995598
             21      -11.641635      0.56548783      0.82552887      -12.965074      0.64177503       3.6769509       6.6915831   1.0837432e-13       4.3830359      0.55009557       0.55009557      -24.383461      -24.383461
              4      -7.6432847      0.60237434      0.79716985      -12.964044      0.62308326       4.0028963       6.2685898   1.0863147e-13       4.1983947      0.52832977       0.52832977      -16.343229      -16.343229
              2      -9.3087757      0.66881697      0.96306982      -12.915789       0.7401875       4.6646275       9.1848024   1.2139787e-13       5.4977818      0.19298728       0.19298728      -19.003526      -19.003526
              4      -11.685011      0.67378966      0.97033485      -12.918962      0.72662196       4.7183446       9.3397413    1.205141e-13       5.3287084      0.18908214       0.18908214      -23.748186      -23.748186
             17       -11.11384      0.70496949      0.84561046      -12.949644      0.78216797        5.069551       7.0082641   1.1229394e-13       6.0557504      0.35340794       0.35340794      -22.934495      -22.934495
              7      -12.210171       0.8023113         1.40952       -12.85018      0.52772969       6.3432423       25.675567   1.4119521e-13       3.3707745      0.16471986       0.16471986      -24.749783      -24.749783
             28      -11.373086      0.91027398        1.487465      -12.799414      0.39279858       8.1334347       30.723095   1.5870325e-13       2.4705781      0.37315824       0.37315824      -23.492489      -23.492489
              3      -12.234371      0.72240649       1.0128118       -12.93363      0.37939167       5.2772357       10.299396   1.1651186e-13       2.3954751       0.3024054        0.3024054      -25.073553      -25.073553
              9      -12.306611      0.71586336       1.0318312      -12.929644      0.38000334       5.1983242       10.760468   1.1758615e-13       2.3988514      0.28883967       0.28883967        -25.1909        -25.1909
              4      -12.149282      0.70816903       1.0169632      -12.939225      0.36316662       5.1070373        10.39832   1.1502034e-13       2.3076324      0.33973791       0.33973791      -24.978039      -24.978039
              2      -8.7837622      0.53176292       1.3867272      -12.877331      0.58378871       3.4022241       24.362798   1.3263845e-13       3.8352061      0.38330972       0.38330972      -18.334144      -18.334144
              2      -11.215084      0.50916615       1.4622412      -12.855182      0.62931279       3.2297295       28.989532   1.3957838e-13       4.2590505      0.47075079       0.47075079       -23.37167       -23.37167
             32      -11.808372      0.72619524       1.2419954      -12.912027      0.92856814       5.3234753       17.458035   1.2245413e-13       8.4833648       0.2301856        0.2301856      -24.077115      -24.077115
              3      -11.617381      0.95446614       1.1279301      -12.924932      0.42730765       9.0046356       13.425489   1.1886892e-13       2.6749006      0.25793862       0.25793862      -23.750638      -23.750638
              1      -11.602912       0.9546836       1.1277713      -12.925028      0.42724206       9.0091454       13.420581   1.1884265e-13       2.6744967      0.25840495       0.25840495      -23.722633      -23.722633
             12      -12.175355      0.95558164       1.1166115      -12.922548      0.46542229       9.0277941       13.080113   1.1952316e-13       2.9202652      0.22574334       0.22574334      -24.802197      -24.802197
              5      -12.467808       0.7307633       1.1775825      -12.892663      0.48272099       5.3797649       15.051593   1.2803744e-13        3.038932      0.11744898       0.11744898      -25.170515      -25.170515
             46      -11.691178      0.51082558       1.3734116      -12.896176        1.051719       3.2420939       23.627165   1.2700595e-13       11.264683      0.66421632       0.66421632      -24.710789      -24.710789
              3      -10.059049      0.45250795       1.4319693      -12.863478      0.99109813       2.8347055       27.037675   1.3693741e-13       9.7971134      0.72424596       0.72424596       -21.56659       -21.56659
              3      -10.190582        0.488831       1.3898361      -12.867806      0.97165769       3.0819884       24.537826   1.3557947e-13       9.3682331      0.59192438       0.59192438      -21.565013      -21.565013
             37      -10.401404      0.51840702       1.6190398      -12.862775      0.86344918       3.2991876       41.594869    1.371591e-13       7.3021237      0.74641256       0.74641256      -22.295632      -22.295632
             20      -9.6590273      0.52132134       1.1685805      -12.891796      0.60100627       3.3214012       14.742816   1.2829329e-13       3.9903066      0.30010575       0.30010575      -19.918266      -19.918266
              1      -12.101415      0.50723686       1.1570428      -12.914595      0.54027021       3.2154137        14.35631   1.2173208e-13       3.4695265      0.38568888       0.38568888      -24.974209      -24.974209
              8      -11.657774      0.54847289       1.4785222      -12.843592      0.49700489       3.5356795       30.096931   1.4335343e-13        3.140544      0.46151009       0.46151009      -24.238568      -24.238568
              4      -10.833584      0.55338261       1.5532602      -12.820636      0.48755867       3.5758773       35.748698   1.5113455e-13       3.0729724      0.55665097       0.55665097      -22.780471      -22.780471
              1       -11.51576      0.58183767       1.3783591      -12.861676      0.62453689       3.8180154       23.897864   1.3750668e-13       4.2124706      0.27364977       0.27364977      -23.578819      -23.578819
              2      -12.344485      0.66787911       1.1505001      -12.907266      0.43430676       4.6545651        14.14165   1.2380371e-13       2.7183587      0.21511687       0.21511687      -25.119204      -25.119204
              1      -11.213225      0.67427559       1.1633951      -12.903919      0.40460765       4.7236269        14.56784   1.2476165e-13       2.5386782       0.2288343        0.2288343      -22.884119      -22.884119
              5      -12.384306      0.68425257       1.1445698      -12.910899      0.39673619       4.8333981       13.949858    1.227726e-13       2.4930799      0.23938209       0.23938209      -25.247376      -25.247376
             47      -12.188137      0.71525338       1.3049646      -12.863175      0.46283164       5.1910281       20.182018   1.3703302e-13       2.9028971      0.15358528       0.15358528      -24.683445      -24.683445
             18      -12.356923      0.70521546       1.2996771      -12.869049      0.46460279       5.0724229       19.937792   1.3519187e-13       2.9147599      0.16103415       0.16103415      -25.035914      -25.035914
             20       -12.40134      0.69800457       1.2661294      -12.878745      0.48794592       4.9888974       18.455654   1.3220707e-13       3.0757138      0.14395668       0.14395668      -25.090592      -25.090592
             62      -12.414308      0.69193502       1.2641666      -12.878302      0.49171353       4.9196592       18.372428   1.3234214e-13       3.1025124      0.14448779       0.14448779      -25.117592      -25.117592
              5       -11.41953      0.67465278       1.1478973      -12.913265      0.48465084       4.7277312        14.05715   1.2210554e-13        3.052466      0.18728788       0.18728788      -23.213636      -23.213636
             18      -12.071856      0.43999125       1.1159545      -12.918586      0.56382635       2.7541732       13.060339   1.2061853e-13       3.6629109      0.52048698       0.52048698      -25.184685      -25.184685
             18      -12.091647      0.44699494       1.3322738      -12.875984      0.70018794       2.7989487       21.491851   1.3305042e-13       5.0140417      0.49195037       0.49195037      -25.167195      -25.167195
              8      -12.020464      0.39498773       1.2525996      -12.893448      0.70615985       2.4830629       17.889556   1.2780629e-13       5.0834652      0.59326978       0.59326978      -25.227468      -25.227468
             12      -11.942865       0.3552207       1.2525473      -12.894509      0.74988336       2.2657955       17.887404    1.274945e-13       5.6219032      0.70832862       0.70832862      -25.302388      -25.302388
              5      -11.519068      0.40044312       1.2817186      -12.882991       0.7971482       2.5144507       19.130159   1.3092076e-13       6.2682773      0.60322171       0.60322171      -24.244579      -24.244579
             14      -10.648203      0.36744276       1.2975685      -12.876085      0.89538253       2.3304659       19.841225   1.3301954e-13       7.8592759      0.74555922       0.74555922      -22.787525      -22.787525
              1      -10.915018      0.16940292       1.1488453      -12.906226      0.95826207       1.4770763       14.087867   1.2410068e-13       9.0836851       1.4434709        1.4434709      -24.716978      -24.716978
              7      -11.179864      0.14807419        1.232665      -12.904132      0.82813751       1.4062877       17.086967   1.2470046e-13       6.7318977       1.4483071        1.4483071      -25.256343      -25.256343
              6      -11.168977      0.14939483       1.2144781      -12.905723       0.8522954       1.4105706       16.386195   1.2424447e-13       7.1169743       1.4531907        1.4531907      -25.244335      -25.244335
              9      -10.977212      0.13959311       1.2082907      -12.907712      0.86577514       1.3790916       16.154394   1.2367674e-13       7.3413367       1.5030307        1.5030307      -24.960485      -24.960485
             15      -10.281412     0.081212198         1.19417      -12.901578      0.99298694       1.2056249       15.637597   1.2543586e-13       9.8398152       1.8428254        1.8428254      -24.248475      -24.248475
              9      -9.6394224      0.34035856       1.3265109      -12.868355      0.69908969       2.1895686       21.208547   1.3540822e-13       5.0013781      0.74802523       0.74802523      -20.774895      -20.774895
             21      -9.9070335      0.26386385       1.4090476      -12.862654      0.76290422       1.8359627       25.647654   1.3719754e-13       5.7930092       1.0609171        1.0609171      -21.935901      -21.935901
             18      -9.7215716      0.10467331        1.497784      -12.809417      0.41228269       1.2725455        31.46183   1.5508966e-13       2.5839416       1.8425795        1.8425795      -23.128302      -23.128302
              1      -9.3738866      0.10694257       1.5033184      -12.808414      0.41301772       1.2792121       31.865326   1.5544833e-13       2.5883185       1.8399021        1.8399021      -22.427577      -22.427577
              6      -8.7428972     0.063607486       1.5066296      -12.794835      0.51115576       1.1577305       32.109205   1.6038532e-13       3.2445596       1.9761945        1.9761945      -21.438184      -21.438184
             12       -8.848612      0.05807318       1.5019373      -12.795843      0.52000675       1.1430709       31.764156   1.6001381e-13       3.3113626       1.9900077        1.9900077      -21.677239      -21.677239
              3      -11.931486      0.37370772       1.3104344      -12.886565      0.59159922        2.364328        20.43781   1.2984796e-13       3.9048038      0.67642493       0.67642493      -25.215821      -25.215821
              4      -11.768578      0.34084025       1.3058896      -12.888794      0.63005507       2.1919985       20.225052   1.2918321e-13       4.2663361      0.75985244       0.75985244      -25.056861      -25.056861
             13      -10.844136       1.1316836      0.77301634      -12.958333      0.24631842       13.542023       5.9294763   1.1006952e-13       1.7632684       1.0024329        1.0024329      -23.693139      -23.693139
             34      -10.142653      0.91709756       0.7176218      -13.020354      0.35880158       8.2622353       5.2194146   9.5421394e-14       2.2845548      0.90781819       0.90781819      -22.100943      -22.100943
             15      -10.441392      0.92074197      0.70971127       -13.02237      0.35151441       8.3318602       5.1252053   9.4979564e-14       2.2465413      0.93815598       0.93815598      -22.759096      -22.759096
              5      -9.1120893      0.87457911      0.96935085      -12.924803      0.57158476       7.4916781       9.3186039   1.1890405e-13       3.7289345       0.1679146        0.1679146      -18.560008      -18.560008
              8      -9.2763652     0.046385441       1.6808305      -12.868347      0.84740697       1.1127188       47.954629   1.3541066e-13       7.0373147       2.3624655        2.3624655      -23.277661      -23.277661
              1      -8.9430504     0.010756113       1.6589922      -12.866655      0.86566555       1.0250761       45.602878   1.3593916e-13       7.3394843       2.4992183        2.4992183      -22.884538      -22.884538
              3      -8.4213875     0.012224887       1.6653639      -12.862264      0.88584789       1.0285488       46.276864   1.3732064e-13       7.6886111       2.5134557        2.5134557      -21.869686      -21.869686
             10      -7.6436374    -0.012602325       1.6942127      -12.862482      0.88687299      0.97139905       49.455279   1.3725185e-13       7.7067806       2.6915199        2.6915199      -20.670315      -20.670315
              1      -4.2886752      -0.2957771       1.1145455      -12.920853       1.3519701      0.50608434       13.018036   1.1999041e-13       22.488999       4.5550251        4.5550251      -17.687401      -17.687401
             18       -6.036948     -0.28273654       1.2134866       -12.86964       1.3808822      0.52151099       16.348828   1.3500803e-13       24.037108        4.462359         4.462359      -20.998614      -20.998614
              6      -6.7733795     -0.21623041       1.5511739      -12.875053      0.76133289      0.60781245       35.577372   1.3333593e-13       5.7720873        3.533125         3.533125      -20.613009      -20.613009
             11      -7.8099912       -0.322079       1.2244852      -12.907975      0.73944251      0.47634433        16.76815   1.2360195e-13        5.488359       3.9709942        3.9709942      -23.561971      -23.561971
              3      -8.7730555      0.35978082      0.77486018      -13.011385      0.63058599       2.2897118        5.954704   9.7412641e-14       4.2715549       1.2213618        1.2213618      -19.988834      -19.988834
             17      -8.6677504       0.3588338      0.77319085      -13.011678      0.63250044       2.2847243       5.9318594   9.7346843e-14       4.2904263       1.2270215        1.2270215      -19.789544      -19.789544
             12      -9.5335777      0.34427574      0.91734351      -12.947162       0.7995491       2.2094071       8.2669158   1.1293735e-13        6.303026      0.91837889       0.91837889      -20.903913      -20.903913
              2      -9.4776722      0.70283776      0.97002975      -12.904497      0.88808617        5.044728       9.3331823   1.2459575e-13       7.7283392       0.2108636        0.2108636      -19.377072      -19.377072
             15       -8.937414      0.63875324      0.87341103      -12.946265      0.84150903       4.3526449       7.4715556   1.1317098e-13       6.9423904      0.40197744       0.40197744      -18.678783      -18.678783
              7      -9.3432093      0.43960854      0.97374582      -12.896153       1.0344347       2.7517472        9.413385   1.2701266e-13       10.825169       0.7150504        0.7150504      -20.116519      -20.116519
              2        -9.88816      0.43765569      0.96704428      -12.897158       1.0365844       2.7394015       9.2692433   1.2671908e-13       10.878886      0.72720731       0.72720731      -21.230735      -21.230735
              8      -9.7382007      0.35058906       1.5655518      -12.796766       0.4439394       2.2417597       36.774929   1.5967399e-13       2.7793255          1.0531           1.0531      -21.582601      -21.582601
             33      -10.391817      0.44270757        1.693698      -12.765395      0.50112853       2.7714533       49.396711   1.7163467e-13       3.1705056       1.0429829        1.0429829        -22.8696        -22.8696
             16      -10.230949      0.48690263       1.6035232      -12.795015      0.46829037        3.068334       40.134998   1.6031891e-13       2.9396144      0.77488233       0.77488233      -22.011663      -22.011663
             15      -10.610278        0.413638       1.5104993      -12.818049      0.47442085       2.5920179       32.396587   1.5203768e-13       2.9814041      0.78117251       0.78117251      -22.782902      -22.782902
              7      -9.2586786       0.1378731        1.749679      -12.754859      0.58194527       1.3736405        56.19258   1.7584954e-13       3.8189614       2.1010472        2.1010472      -22.719452      -22.719452
              5      -11.427457      0.36262392       1.1322493      -12.919156       0.6111944       2.3047505       13.559675    1.204602e-13        4.085022       0.7011568        0.7011568      -24.257228      -24.257228
              9      -11.747444      0.36056317        1.123804      -12.921277      0.61538177       2.2938402       13.298542   1.1987355e-13       4.1245993      0.71064214       0.71064214      -24.916171      -24.916171
             12       -11.65163       0.5908165      0.71266382      -13.017626      0.80632729       3.8977727       5.1601678   9.6022725e-14       6.4021713      0.89042283       0.89042283      -25.084107      -25.084107
             52       -11.63226      0.58897028       0.7124405      -13.018535      0.80660427        3.881238        5.157515   9.5821941e-14       6.4062557      0.89753429       0.89753429      -25.059589      -25.059589
              4      -9.9061832       1.0706218      0.59185837      -13.032104      0.20948959       11.765809       3.9071345   9.2874336e-14       1.6199051        1.521864         1.521864      -22.856094      -22.856094
              2      -10.788504       1.0681842      0.59910075       -13.03042      0.21251984       11.699955       3.9728371     9.32352e-14       1.6312474       1.4921588        1.4921588      -24.561327      -24.561327
              3      -11.202828       1.0082256      0.60278847      -13.042061      0.29970271       10.191207       4.0067151   9.0769297e-14        1.993897       1.3454009        1.3454009      -25.096457      -25.096457
              5       -11.04745       1.0102949      0.61331399      -13.036793      0.30633839       10.239881       4.1050079   9.1877024e-14       2.0245961       1.2943969        1.2943969      -24.683694      -24.683694
             19      -10.994207       1.0244141      0.57829245      -13.047433      0.31065297       10.578256       3.7869751   8.9653482e-14       2.0448101       1.4254796        1.4254796      -24.839373      -24.839373
              6      -10.329047       1.0257125      0.57415865       -13.04067      0.43460995        10.60993       3.7511001     9.10605e-14       2.7202571       1.2803607        1.2803607      -23.218815      -23.218815
             11      -10.430197       0.9721612      0.78016108      -12.977183      0.53043533       9.3791006       6.0278311   1.0539419e-13       3.3918398       0.5679525        0.5679525      -21.996299      -21.996299
             16      -10.420901       0.9676503      0.78341148      -12.975729      0.58239588       9.2821867       6.0731147   1.0574782e-13       3.8229259      0.53571835       0.53571835       -21.91324       -21.91324
             13      -9.5755345       0.9468902      0.61489077      -12.972504      0.64831915       8.8489186       4.1199389   1.0653579e-13       4.4495813      0.73872339       0.73872339      -20.628516      -20.628516
             14      -10.064864      0.94227807      0.62408903      -12.970322      0.65010261       8.7554418       4.2081288   1.0707244e-13       4.4678914      0.71139069       0.71139069      -21.552509      -21.552509
             37      -10.012725      0.91230045      0.69754982      -12.906713      0.71940956       8.1714749       4.9836762   1.2396146e-13       5.2409445      0.40488676       0.40488676      -20.835224      -20.835224
             14      -9.8992104      0.90986345      0.69207305      -12.909439      0.73164418         8.12575        4.921223   1.2318581e-13       5.3906878      0.41915823       0.41915823      -20.636737      -20.636737
             44      -11.741119      0.70608713       0.8509677      -12.954555      0.33260946        5.082614         7.09525   1.1103119e-13       2.1508467      0.52418847       0.52418847      -24.530614      -24.530614
             29      -11.323589       0.8175007      0.61155333      -13.032969      0.39592986       6.5690218       4.0883995   9.2689668e-14       2.4884554       1.0660761        1.0660761       -24.77933       -24.77933
             29      -10.352009      0.84173927      0.62477772      -13.038606      0.41223513       6.9460718       4.2148072    9.149436e-14       2.5836586       1.0604409        1.0604409      -22.824901      -22.824901
              2      -10.568555      0.83824477      0.60897045      -13.042088      0.44501942       6.8904054       4.0641568   9.0763579e-14       2.7862457       1.0796558        1.0796558      -23.296422      -23.296422
             20      -11.605335      0.43962038      0.99329928      -12.942417      0.65980362       2.7518223       9.8468943   1.1417817e-13       4.5688155      0.59198608       0.59198608      -24.394643      -24.394643
             10      -12.073473      0.44208912       1.0499624      -12.931519      0.71564556       2.7675095       11.219213   1.1707961e-13       5.1957178      0.54151263       0.54151263      -25.229972      -25.229972
              4      -11.568206      0.26856831        1.143731      -12.908347      0.76150225       1.8559587       13.922943   1.2349609e-13       5.7743386      0.96948407       0.96948407      -25.075381      -25.075381
              3      -11.112193      0.29504024       1.1854765      -12.899542      0.74447589       1.9726055       15.327683    1.260253e-13       5.5523379      0.86971207       0.86971207       -23.96381       -23.96381
             15      -11.308011      0.26660629       1.2030621      -12.906806      0.75041225       1.8475929       15.961075   1.2393488e-13       5.6287538      0.98043324       0.98043324      -24.576889      -24.576889
             14      -10.371992      0.46791179       1.0055121      -12.916976      0.87957254        2.937053       10.127729   1.2106644e-13       7.5783131      0.53472533       0.53472533      -21.813435      -21.813435
             19      -11.498334      0.45300881       1.0038397      -12.919358      0.88908889       2.8379766       10.088805   1.2040438e-13       7.7462034      0.57899096       0.57899096       -24.15465       -24.15465
             43         -11.502      0.45361251       1.0038049      -12.919254      0.88904754       2.8419243       10.087996   1.2043303e-13       7.7454658      0.57743628       0.57743628      -24.158872      -24.158872
             22      -12.442352      0.94467664       1.3200898      -12.879529      0.66712306       8.8039312       20.897283   1.3196864e-13       4.6464692      0.13966854       0.13966854      -25.164041      -25.164041
             18      -12.560962       0.8658778       1.2092999      -12.881425      0.50912029       7.3430723       16.191977   1.3139387e-13       3.2293885     0.083486795      0.083486795      -25.288898      -25.288898
              4      -12.550002      0.87692523       1.1216091       -12.90995      0.54328662       7.5322588       13.231499   1.2304108e-13       3.4937081      0.10670415       0.10670415      -25.313412      -25.313412
             14      -12.527859      0.88237342       1.1218329      -12.911208      0.53838207       7.6273455       13.238321   1.2268526e-13       3.4544751      0.11357344       0.11357344      -25.282866      -25.282866
             11      -10.198898       1.2777674      0.66208603      -13.003681      0.25076533       18.956901       4.5928899   9.9155911e-14       1.7814159       1.6672122        1.6672122      -23.732221      -23.732221
             19      -10.172714       1.3656046       1.1320293      -12.861621   -0.0057290239       23.206231        13.55281   1.3752407e-13      0.98689506       1.6653261        1.6653261      -23.676081      -23.676081
             16      -10.152392      0.55970813      0.91923299      -12.892037       1.0638606       3.6283412       8.3029609   1.2822207e-13       11.584056       0.5513572        0.5513572      -21.407498      -21.407498
              1      -10.460925      0.56244939      0.88219673      -12.907452       1.0188623       3.6513157       7.6242431    1.237507e-13        10.44389      0.54820133       0.54820133      -22.018253      -22.018253
             40      -12.406518      0.94091409       1.3295888      -12.883925      0.70251004       8.7279869       21.359388   1.3063977e-13       5.0409227      0.15127603       0.15127603      -25.115589      -25.115589
              5      -10.369224      0.94800994       1.0110782      -12.928877      0.40380002       8.8717631       10.258367   1.1779389e-13       2.5339616      0.30197711       0.30197711      -21.342402      -21.342402
             17      -11.304311      0.95144777       1.0551694        -12.9072      0.34352187       8.9422698       11.354535   1.2382255e-13       2.2055752      0.30088814       0.30088814      -23.210398      -23.210398
              7      -11.619525      0.95927185         1.00586      -12.933548      0.26832762       9.1048301       10.135846   1.1653374e-13       1.8549304      0.47180793       0.47180793      -24.182665      -24.182665
             87      -12.160794      0.89768059       1.1499333      -12.893252      0.46657061       7.9009732       14.123206   1.2786391e-13       2.9279969      0.12769513       0.12769513      -24.576978      -24.576978
              1      -11.689745       0.9215659       1.1896412      -12.878135      0.32224086       8.3476822       15.475377   1.3239305e-13       2.1001043      0.25496592       0.25496592      -23.889421      -23.889421
             18      -12.034818      0.89445954       1.2220626      -12.873934      0.41529028       7.8425906       16.674875   1.3367992e-13       2.6018981      0.15287965       0.15287965      -24.375395      -24.375395
             19       -12.06506      0.92338306       1.1470947      -12.910613      0.37654187       8.3826833       14.031195    1.228534e-13       2.3798077      0.24706463       0.24706463       -24.62425       -24.62425
             49      -12.063227      0.92339449        1.147195      -12.910565      0.37657707        8.382904       14.034436   1.2286684e-13       2.3800006      0.24695055       0.24695055      -24.620354      -24.620354
              3      -11.562615      0.90823017       1.1312888       -12.91478      0.38777944       8.0952481       13.529719   1.2168014e-13       2.4421899      0.23479205       0.23479205      -23.594815      -23.594815
              3       -9.704089       1.5996054       1.0067434      -12.929019      0.25137064       39.774565       10.156484   1.1775533e-13       1.7839005       2.2951426        2.2951426      -23.998463      -23.998463
             14      -6.7275866       1.7827675       1.4512339      -12.760298       0.1380634       60.641158       28.264017   1.7366069e-13       1.3742426       3.5289652        3.5289652      -20.513104      -20.513104
             15      -6.7357262       1.7491183       1.4619217      -12.752169      0.11329106       56.120081       28.968212   1.7694206e-13       1.2980489       3.4041373        3.4041373      -20.279727      -20.279727
             12      -7.9182249       1.7689799       1.4014093      -12.794213      0.14008859       58.746211        25.20051   1.6061527e-13       1.3806659       3.3541668        3.3541668      -22.544783      -22.544783
             20      -7.9328098       1.7483637       1.3851884      -12.793692      0.16838144       56.022656       24.276628   1.6080819e-13       1.4736062       3.1740161        3.1740161      -22.213652      -22.213652
             10       -8.385473       1.7284328       1.7429075      -12.813914      0.38714833       53.509729       55.323224   1.5349206e-13       2.4386436       3.3194719        3.3194719       -23.40989       -23.40989
              6      -7.3863037       1.6497906       1.7441567      -12.833731      0.45493855        44.64683       55.482585   1.4664542e-13       2.8506149       2.8499172        2.8499172      -20.472442      -20.472442
              8      -7.1388669       1.9569067       1.6521909      -12.834597      0.49091068       90.553803       44.894268   1.4635329e-13       3.0967824       4.4866638        4.4866638      -23.251061      -23.251061
              7      -6.8752958       1.9532486       1.6615824      -12.832222      0.49500427       89.794268       45.875665   1.4715615e-13       3.1261101       4.4758548        4.4758548      -22.702301      -22.702301
             14     0.098229946       1.9812806       1.5145843      -12.881513      0.49470732       95.781263       32.702752   1.3136729e-13       3.1239734       4.4736747        4.4736747      -8.7508895      -8.7508895
             15      -7.6238152       1.9377988       1.5227758      -12.862069      0.53743819       86.656024       33.325433   1.3738227e-13       3.4469755       4.1400924        4.1400924      -23.527815      -23.527815
              6      -8.9459978       1.3158955       1.1371196      -12.899258       0.2157829       20.696431       13.712592   1.2610774e-13       1.6435499       1.1510082        1.1510082      -20.194012      -20.194012
             10      -10.249313       1.3148103       1.1286473      -12.907189      0.22250368       20.644782       13.447678   1.2382586e-13        1.669182       1.1524249        1.1524249      -22.803475      -22.803475
              9      -9.9693906      0.74552616       1.5434285       -12.81956      0.52483282       5.5657816       34.948499   1.5150949e-13       3.3483652      0.33509822       0.33509822      -20.608978      -20.608978
             11      -10.853816      0.77549614       1.7011369      -12.776654      0.48166771       5.9634302       50.250101   1.6724217e-13       3.0315707      0.64827672       0.64827672      -23.004184      -23.004184
             16      -10.815797      0.77110136       1.7047467      -12.774343      0.48794627       5.9033884       50.669504   1.6813437e-13       3.0757163      0.65548897       0.65548897      -22.942572      -22.942572
              4      -10.781969      0.72862169       1.6845812      -12.778117      0.52645432       5.3533013       48.370565   1.6667996e-13       3.3608902       0.6069119        0.6069119      -22.777761      -22.777761
              1        -11.0587      0.79121917       1.6395434      -12.800858      0.48611799       6.1832837       43.605709   1.5817654e-13       3.0627954      0.50577693       0.50577693      -23.128954      -23.128954
              5       -11.51266      0.48704762       1.5129784      -12.850121      0.60784389       3.0693585       32.582051   1.4121427e-13        4.053628       0.5766111        0.5766111      -24.178541      -24.178541
              3      -10.777632      0.45432452       1.5269182      -12.844817      0.59402227       2.8465874       33.644822   1.4294975e-13       3.9266507      0.66317202       0.66317202      -22.881607      -22.881607
              3      -10.865197      0.38301184       1.3394185      -12.858353       0.4791738       2.4155267       21.848345   1.3856285e-13        3.014212      0.68869197       0.68869197      -23.107778      -23.107778
             10      -10.313086      0.37232272        1.323753      -12.862659      0.50479348       2.3567999       21.074292   1.3719574e-13       3.1973743      0.69436128       0.69436128      -22.014895      -22.014895
              4      -11.144777      0.35286457        1.325696      -12.867658      0.50840976       2.2535363       21.168789   1.3562575e-13       3.2241093      0.75139025       0.75139025      -23.792335      -23.792335
             26      -12.525651      0.75843623       1.0927604      -12.917202      0.57387162       5.7337166       12.381133   1.2100352e-13       3.7486217      0.10782332       0.10782332       -25.26695       -25.26695
             34      -12.138098       0.5710586       1.1803101      -12.899756      0.53468931       3.7244196       15.146424   1.2596316e-13       3.4252266       0.2577604        0.2577604      -24.791717      -24.791717
              5      -12.300026      0.58965205       1.1973267      -12.897951      0.52730804       3.8873357       15.751673   1.2648777e-13       3.3675034      0.23590639       0.23590639      -25.071866      -25.071866
             71      -10.725636      0.37438176       1.2263311      -12.801112     0.073221407       2.3680003       16.839574   1.5808393e-13       1.1836448       1.1586664        1.1586664      -23.768604      -23.768604
              7      -10.361823        0.386668       1.2696315      -12.794504     0.094466242       2.4359479       18.605078   1.6050761e-13        1.242986       1.1095428        1.1095428      -22.942731      -22.942731
              3      -11.174922      0.80778114       1.4700359      -12.759659      0.26944093       6.4236393       29.514533   1.7391667e-13       1.8596916      0.50018045       0.50018045      -23.350206      -23.350206
             10      -9.4089579      0.82970161       1.6517195      -12.749105      0.36970455       6.7561862       44.845569   1.7819471e-13       2.3426346      0.68018553       0.68018553      -20.178287      -20.178287
              1      -11.264401       1.0685072       1.2824973      -12.876218      0.32141062       11.708659       19.164493   1.3297872e-13       2.0960933      0.45370653       0.45370653      -23.436215      -23.436215
              1      -11.000407       1.0458822      0.74362721      -12.985609      0.50860532       11.114303       5.5414984   1.0336924e-13       3.2255615      0.74333287       0.74333287       -23.48748       -23.48748
              6       -11.00188       1.0068926      0.72760261      -12.989713      0.45162966       10.159975       5.3407544   1.0239688e-13       2.8289786      0.76458897       0.76458897      -23.532937      -23.532937
              7       -11.08625        0.429665      0.76337835      -12.968594      0.60004003       2.6894595        5.799337   1.0749938e-13       3.9814387      0.89542304       0.89542304      -23.963346      -23.963346
              8      -11.304732      0.42927059      0.90031445      -12.952476      0.79648455       2.6870181       7.9490357   1.1156405e-13        6.258706      0.72745248       0.72745248      -24.064369      -24.064369
              8      -11.254782      0.55510103      0.65196682      -13.039519      0.72869902       3.5900544       4.4871111   9.1302115e-14       5.3542546       1.1148795        1.1148795      -24.739323      -24.739323
             12      -11.813138       1.2221668       1.0721416      -12.928822      0.46150884       16.678878       11.807055   1.1780875e-13       2.8940687      0.69517632       0.69517632      -25.016628      -25.016628
             11      -11.736787       1.1083673       1.1168863      -12.916588      0.42291387       12.834156       13.088392   1.2117468e-13        2.647975      0.44716755       0.44716755      -24.367909      -24.367909
             20      -6.8333478       1.5454763       1.2305079         -12.848      0.16710862       35.113677       17.002308   1.4190582e-13       1.4692937       2.0465427        2.0465427      -17.759781      -17.759781
              6      -7.2256583       1.9060518       1.5437411      -12.786015      0.29031999       80.547451       34.973665   1.6367606e-13       1.9512818       4.1622048        4.1622048      -22.775726      -22.775726
              1      -6.0592162       1.1811094       1.9681666      -12.574563    -0.050419009       15.174326       92.932289   2.6634012e-13      0.89039147       3.2178574        3.2178574      -18.554147      -18.554147
             45      -6.5469266       1.2281777       2.0293511      -12.552905     -0.13720584       16.911329       106.99196   2.7995943e-13      0.72911186       3.8648018        3.8648018      -20.823457      -20.823457
             11       -6.676143       1.2148795       1.9677122       -12.57074     -0.11326382       16.401345       92.835101   2.6869531e-13      0.77043532       3.4718477        3.4718477      -20.295981      -20.295981
              4      -6.7891142        1.201069       1.9753375      -12.569481     -0.12310056       15.887991       94.479484    2.694755e-13      0.75318115       3.4938376        3.4938376      -20.565904      -20.565904
             54      -6.9322993       1.1980972       1.9788268      -12.565624     -0.11073873       15.779645       95.241635   2.7187903e-13      0.77492785       3.4893173        3.4893173      -20.843233      -20.843233
              9      -7.5980995       1.1240676       1.9660524      -12.572179     0.014541295       13.306614        92.48097   2.6780633e-13       1.0340494       2.9633949        2.9633949      -21.122989      -21.122989
             12      -7.9575559       1.1514206        1.944141      -12.589577    0.0073334761       14.171656       87.930799      2.5729e-13       1.0170293       2.8684007        2.8684007      -21.651913      -21.651913
              3      -8.3734429       1.0960254       1.8355907      -12.639342      0.06713956       12.474565       68.484254    2.294341e-13       1.1671846       2.1035729        2.1035729      -20.954031      -20.954031
             23      -8.3741698       1.0958093       1.8355327      -12.639417     0.067078538       12.468358        68.47511   2.2939464e-13       1.1670206       2.1028459        2.1028459      -20.954031      -20.954031
             18      -8.4424474       1.0936776       1.8395585      -12.637351     0.051297862       12.407308         69.1128   2.3048826e-13       1.1253766       2.1495684        2.1495684      -21.184032      -21.184032
              7       -6.983788       1.2537195       2.3196985      -12.666692      0.26785213        17.93575       208.78463   2.1543113e-13       1.8529006       3.6030253        3.6030253      -21.173627      -21.173627
             31      -6.2645632       1.0417204       2.1859841       -12.70897      0.32778933       11.008304       153.45607   1.9544752e-13        2.127107       2.4406994        2.4406994      -17.410525      -17.410525
             25      -4.0142822      0.15172752       1.9877231      -12.734038      0.50154422       1.4181675       97.212728   1.8448538e-13       3.1735418       2.7301139        2.7301139      -13.488792      -13.488792
              3      -7.4715808      0.10664857       2.0103778      -12.737565      0.44203604       1.2783464       102.41837   1.8299304e-13       2.7671713       3.0146876        3.0146876      -20.972537      -20.972537
             11      -7.3041343      0.11549306       1.9688927      -12.737459      0.42251496       1.3046471       93.087778    1.830379e-13       2.6455438       2.8685896        2.8685896      -20.345448      -20.345448
             12      -9.7240337        0.409929       1.5595551      -12.784565      0.53309759       2.5699756       36.270631   1.6422353e-13       3.4126959      0.84746782       0.84746782      -21.143003      -21.143003
              3      -10.043123      0.40881598       1.5617078      -12.788348      0.50682236       2.5633976       36.450861   1.6279915e-13       3.2123464      0.86259178       0.86259178       -21.81143       -21.81143
              2      -10.237633       0.3773205       1.5148493      -12.800685      0.50725804       2.3840782       32.722715   1.5823971e-13       3.2155705      0.86574671       0.86574671       -22.20676       -22.20676
              5      -9.9247587      0.38913049       1.5872722      -12.777446       0.3883865       2.4497992       38.660925   1.6693765e-13        2.445606       1.0472641        1.0472641      -21.944046      -21.944046
             15      -9.9768541      0.73960568       1.5354966       -12.81783      0.53085849       5.4904214       34.315997   1.5211435e-13       3.3951463      0.32364365       0.32364365      -20.600995      -20.600995
             38      -12.330283      0.71300335       1.2850479      -12.886907      0.83940107       5.1642035       19.277374   1.2974577e-13       6.9087753      0.15101251       0.15101251       -24.96259       -24.96259
              5      -12.199265      0.68628514        1.268325      -12.887519      0.82575448       4.8560723       18.549191   1.2956299e-13       6.6950601      0.15363942       0.15363942      -24.705808      -24.705808
             13      -11.135656      0.82494966       1.3312958      -12.875859      0.84383044       6.6826645       21.443509    1.330888e-13       6.9795986      0.13988805       0.13988805      -22.551088      -22.551088
             15      -10.205095      0.79504108       1.3260712      -12.876473      0.84595726       6.2379384       21.187086   1.3290067e-13       7.0138627      0.13832162       0.13832162      -20.686832      -20.686832
              8      -11.905437       1.1169799       1.1626615      -12.893523      0.83919381       13.091215       14.543251   1.2778427e-13        6.905479      0.37171695       0.37171695      -24.554308      -24.554308
              4      -11.024622      0.91322438       1.0283196      -12.940017      0.34830642       8.1888776       10.673814   1.1481094e-13        2.230008      0.35276157       0.35276157      -22.754767      -22.754767
              8      -11.793819      0.61158453       1.1691789      -12.889585      0.40972757       4.0886932       14.763145   1.2894825e-13       2.5687839      0.26439835       0.26439835      -24.116436      -24.116436
              2      -10.751556      0.69829939       1.6954576      -12.772545      0.52872854       4.9922852       49.597252    1.688321e-13       3.3785359      0.65162847       0.65162847      -22.806369      -22.806369
              9      -10.634348       0.4520905       1.7321417      -12.784672       0.5958787       2.8319821       53.968667   1.6418287e-13       3.9434714        1.040841         1.040841      -23.350377      -23.350377
              7      -9.6206414      0.17577898       1.6783128      -12.771576      0.51549307       1.4989218       47.677427   1.6920929e-13       3.2771255       1.8067997        1.8067997      -22.854882      -22.854882
              1      -10.052371      0.20863987       1.5404328      -12.796204      0.40106886       1.6167388       34.708259   1.5988082e-13       2.5180762       1.5062793        1.5062793        -23.1173        -23.1173
              4      -9.5899485      0.19168639       1.5388906       -12.79701      0.40261027       1.5548425       34.585224   1.5958411e-13       2.5270292       1.5647705        1.5647705      -22.309438      -22.309438
              8      -8.8774864      0.05089541       1.5919507      -12.799351      0.47370939       1.1243342        39.07965   1.5872627e-13        2.976524       2.1781232        2.1781232      -22.111219      -22.111219
              1      -11.087145      0.35629491       1.1640955      -12.898625       0.8106564       2.2714068        14.59135   1.2629189e-13       6.4663081      0.70804675       0.70804675      -23.590383      -23.590383
             18      -10.572543      0.96804825       1.2019978      -12.909029       1.0412397       9.2906961       15.922006   1.2330214e-13       10.996125      0.37907532       0.37907532      -21.903236      -21.903236
              4      -11.974725      0.92583043       1.2437617      -12.880109      0.86658093       8.4300554       17.529183   1.3179271e-13       7.3549704      0.14823551       0.14823551      -24.245921      -24.245921
              4      -12.079317      0.94409042       1.2040095       -12.88128      0.74507014       8.7920554        15.99593   1.3143781e-13       5.5599405     0.094855752      0.094855752      -24.348345      -24.348345
              2      -12.157203      0.92735825       1.2006465      -12.876746      0.72726167       8.4597641       15.872543   1.3281704e-13       5.3365634     0.071462905      0.071462905      -24.457331      -24.457331
             10      -12.391485      0.59470906       1.2851428      -12.885532      0.60750029       3.9328652       19.281586   1.3015715e-13       4.0504221      0.21947361       0.21947361      -25.221918      -25.221918
             11       -12.37442      0.71022816       1.0640378      -12.925423      0.41830655       5.1313089       11.588783   1.1873453e-13       2.6200317       0.2402604        0.2402604      -25.229361      -25.229361
              2      -11.043815      0.91937965       1.0207729      -12.924128      0.52399077       8.3057653       10.489937   1.1908916e-13       3.3418794      0.18595608       0.18595608      -22.459543      -22.459543
              1      -12.287423      0.86643096       1.0565626      -12.917073      0.60060887        7.352431        11.39102   1.2103959e-13       3.9866569      0.10717479       0.10717479      -24.789195      -24.789195
             11      -12.244514      0.88955271       1.0914083      -12.907552      0.58971351       7.7544805       12.342647   1.2372226e-13       3.8878859     0.093566595      0.093566595      -24.676161      -24.676161
              8      -12.531136      0.87627042       1.0690003      -12.914594      0.59245133       7.5209105       11.721963   1.2173245e-13       3.9124727      0.10477559       0.10477559      -25.271823      -25.271823
              3      -12.135304      0.84050704       1.0771093      -12.905403      0.68003544       6.9263916       11.942887   1.2433603e-13       4.7866915     0.065460083      0.065460083      -24.401528      -24.401528
             16      -11.511905      0.36336463       1.4005848      -12.860117      0.61148976       2.3086847       25.152709   1.3800136e-13       4.0878011      0.74179034       0.74179034       -24.50739       -24.50739
              5      -11.371246      0.32577955       1.4518867      -12.855537      0.59581385       2.1172861       28.306537   1.3946427e-13       3.9428826      0.90125443       0.90125443      -24.545001      -24.545001
              6      -10.167928      0.47945675       1.0447766      -12.921189      0.76727977       3.0161765       11.086043   1.1989763e-13       5.8516692      0.45097257       0.45097257      -21.237801      -21.237801
             33      -12.147279      0.50875905       1.0393982      -12.922152      0.75046205       3.2267034       10.949598   1.1963207e-13       5.6293992      0.39355601       0.39355601       -25.08167       -25.08167
              2      -11.946924      0.74742585      0.83177223      -12.951729       0.5703481       5.5901808       6.7884751   1.1175593e-13       3.7183315      0.34554937       0.34554937      -24.584946      -24.584946
              6      -10.838889       0.7629953      0.71848793      -12.972915      0.60483962       5.7942243       5.2298343    1.064352e-13       4.0256834      0.53557056       0.53557056       -22.74892       -22.74892
             20      -11.282258      0.77225247      0.74215331      -12.978149      0.62683915       5.9190564       5.5227236    1.051601e-13       4.2348609      0.51655682       0.51655682       -23.59763       -23.59763
              8      -11.166952      0.74645202      0.77349081       -12.97863      0.63009771       5.5776597       5.9359579   1.0504361e-13        4.266755      0.48688614       0.48688614      -23.307676      -23.307676
              1      -11.276734      0.74773094      0.77490728      -12.977867      0.63249059       5.5941092       5.9553499   1.0522848e-13       4.2903289      0.48161555       0.48161555      -23.516699      -23.516699
              8      -11.079891      0.74998039      0.75248164      -12.981643      0.64080034       5.6231593       5.6556385   1.0431739e-13       4.3732101      0.52144919       0.52144919      -23.202681      -23.202681
             21      -11.271085      0.71727143      0.76150033      -12.964869      0.78712306       5.2152056       5.7743131   1.0842549e-13       6.1252392      0.48781031       0.48781031       -23.51779       -23.51779
             11      -11.369744      0.48561252      0.66283498       -13.01973      0.79567226       3.0592327       4.6008172   9.5558608e-14       6.2470108       1.1431714        1.1431714      -25.025831      -25.025831
             20      -11.624142      0.61292496      0.71809131      -13.018968      0.66860863       4.1013324       5.2250603   9.5726395e-14       4.6623903      0.82994864       0.82994864       -24.90818       -24.90818
              6       -9.466871      0.47118082      0.73913316      -13.031025      0.59222792       2.9592443        5.484451   9.3105414e-14       3.9104606       1.0990934        1.0990934      -21.131929      -21.131929
             12       -9.142442      0.59163159      0.38007288       -13.09984      0.59906756       3.9050949       2.3992355   7.9462116e-14       3.9725334       1.9826657        1.9826657      -22.250215      -22.250215
              2      -9.3540246       0.5127781      0.43597877      -13.102529      0.44469267       3.2567026       2.7288444   7.8971547e-14       2.7841503       2.0601898        2.0601898      -22.828429      -22.828429
             11      -8.4782653       0.5741903      0.46370003      -13.106423      0.47105063       3.7513734       2.9087074   7.8266746e-14       2.9583574        1.905043         1.905043      -20.766617      -20.766617
              4      -9.1298864      0.72617505      0.25504975      -13.093985      0.64175221       5.3232277        1.799077   8.0540712e-14       4.3828056       2.1592973        2.1592973      -22.578367      -22.578367
              3      -9.1036779      0.28358332      0.71804746      -12.977333      0.45542663       1.9212475       5.2245328   1.0535787e-13       2.8538203       1.4527057        1.4527057      -21.112767      -21.112767
              3      -11.078714       0.2807388      0.83399199      -12.954753      0.36488648       1.9087049       6.8232611   1.1098054e-13        2.316789       1.3240087        1.3240087      -24.805446      -24.805446
              3      -10.507039      0.29188066      0.83611111      -12.950113      0.36668895       1.9583065       6.8566362   1.1217253e-13       2.3264244       1.2706488        1.2706488      -23.555375      -23.555375
              4      -9.9693078       1.0926485      0.56520789      -13.026921      0.48970503       12.377945       3.6745815   9.3989495e-14       3.0881973       1.2920461        1.2920461      -22.522708      -22.522708
              3      -7.7986741         1.80786      0.81428902      -12.966312      0.27683342       64.248056        6.520622   1.0806577e-13       1.8916179       3.6339786        3.6339786      -22.865306      -22.865306
             15      -11.694436       1.1565353       1.3689204      -12.880098      0.70571052       14.339544       23.384086   1.3179582e-13       5.0782084      0.48704908       0.48704908       -24.36297       -24.36297
              3      -11.262235      0.98806235       1.1084432      -12.860335       1.0468417       9.7288689       12.836399     1.37932e-13       11.138885      0.32524856       0.32524856      -23.174967      -23.174967
              7      -11.085304      0.82898764      0.58303918      -12.993726      0.63058353       6.7450884       3.8285928   1.0145507e-13       4.2715307      0.82309124       0.82309124       -23.81679       -23.81679
              8      -11.572262      0.88675981      0.68155579      -12.984244      0.56493907       7.7047723       4.8034778   1.0369452e-13       3.6723077      0.65179622       0.65179622      -24.448116      -24.448116
              2      -10.106464      0.82721319       0.7024977      -12.982621       0.6186197       6.7175853       5.0407795   1.0408279e-13       4.1554657      0.58495792       0.58495792      -21.382844      -21.382844
             27      -10.060118      0.85306506      0.73982822      -13.018639      0.48087811       7.1295983       5.4932355   9.5798957e-14        3.026064      0.74276662       0.74276662       -21.60577       -21.60577
              8      -10.688898        1.268424      0.66049559      -13.011325      0.41806582       18.553423       4.5761009   9.7426072e-14       2.6185799       1.4955988        1.4955988      -24.368993      -24.368993
              3      -9.7718554       1.5526832      0.76919866      -12.981656      0.26514914        35.70123       5.8775815   1.0431425e-13       1.8414042       2.4142925        2.4142925      -24.372296      -24.372296
             13      -9.9985795       1.5524244      0.76878951      -12.981967      0.26424172       35.679964       5.8720468    1.042396e-13       1.8375608       2.4159859        2.4159859      -24.829131      -24.829131
             18      -10.243968       1.5254462      0.79764778      -12.976862      0.28233263        33.53098       6.2754919   1.0547222e-13       1.9157226       2.2217183        2.2217183      -24.931372      -24.931372
              4      -10.215222       1.5386434      0.79945058      -12.976257      0.27607522       34.565545       6.3015963   1.0561928e-13       1.8883184       2.2829424        2.2829424      -24.996329      -24.996329
             21      -10.749604       1.0187814      0.83318159      -12.923444     0.043150952       10.441945       6.8105407   1.1927669e-13       1.1044624       1.0052539        1.0052539      -23.509717      -23.509717
             15      -10.318021      0.40872552       1.0924264      -12.864188     0.099198553       2.5628638       12.371614   1.3671362e-13       1.2566043       1.0165246        1.0165246      -22.669092      -22.669092
              3      -11.542877      0.39252518      0.99067672      -12.909431      0.25562301       2.4690233       9.7876115   1.2318816e-13       1.8014533      0.90199792       0.90199792      -24.889751      -24.889751
              5      -10.796528      0.38334634      0.98416437      -12.911727      0.27355173       2.4173879       9.6419387   1.2253862e-13        1.877378      0.90964769       0.90964769      -23.412351      -23.412351
             20      -11.049776      0.56804466      0.81838081       -12.95208      0.15205092       3.6986621       6.5823476   1.1166562e-13       1.4192239      0.94366751       0.94366751      -23.986888      -23.986888
              7      -10.274596      0.73562582      0.72523342      -12.941371    0.0019735763       5.4403372       5.3116985    1.144535e-13       1.0045547       1.1513065        1.1513065      -22.851804      -22.851804
              6      -9.3563457      0.76754552      0.73799332      -12.951261     0.030096907       5.8552511       5.4700755   1.1187657e-13       1.0717584       1.0919157        1.0919157      -20.896523      -20.896523
             12      -10.617357       1.0635638      0.44028215      -13.082156      0.28796005        11.57614       2.7560187    8.276449e-14       1.9407073       1.9972617        1.9972617      -25.229237      -25.229237
              2      -9.6603984      0.64232402      0.41481845      -13.125692      0.36649663         4.38858       2.5990728   7.4870035e-14       2.3253945       2.1550741        2.1550741      -23.630945      -23.630945
              7      -8.6466675       0.6038145      0.40650434      -13.128517      0.35877343       4.0161923       2.5497896   7.4384556e-14       2.2844067       2.2472186        2.2472186      -21.787772      -21.787772
              7      -10.012145      0.49592535      0.52468749      -13.089515      0.48168209       3.1327472       3.3472449   8.1373895e-14       3.0316711       1.7870904        1.7870904       -23.59847       -23.59847
             40      -10.387638      0.36587308      0.60316028      -13.042353      0.44526764       2.3220581       4.0101469   9.0708202e-14       2.7878387       1.6877043        1.6877043      -24.150684      -24.150684
              2      -11.185283      0.69041733      0.77770445      -12.970481       0.7080961       4.9024969       5.9938304   1.0703324e-13       5.1061797      0.48434795       0.48434795      -23.339262      -23.339262
             18      -11.238369       1.0236769         0.59482      -12.992813      0.58763824       10.560315       3.9338699   1.0166868e-13        3.869352      0.94175562       0.94175562      -24.360249      -24.360249
              7      -9.5308756      0.29237013      0.83974459      -12.947888      0.95338184       1.9605148       6.9142423   1.1274873e-13       8.9821818        1.244042         1.244042      -21.549835      -21.549835
              9      -9.7005942       0.2426907      0.93660581      -12.937656      0.99275077       1.7486009       8.6418318   1.1543674e-13       9.8344656       1.3400066        1.3400066      -22.081202      -22.081202
             21      -9.4477098      0.15284281      0.95956849      -12.923182       1.0266831       1.4218141       9.1110513   1.1934867e-13       10.633668       1.6605294        1.6605294      -22.216478      -22.216478
              3      -8.3588543     -0.24067134       1.0776432      -12.888219       1.0316278       0.5745511       11.957577   1.2935444e-13       10.755431       3.5904615        3.5904615      -23.898632      -23.898632
             11      -8.0921902      -0.2401089       1.0815894      -12.887553       1.0365151      0.57529567       12.066725   1.2955285e-13       10.877149       3.5911467        3.5911467      -23.366674      -23.366674
              1       -9.110365    -0.097449693       1.0093104      -12.929899       0.9180711      0.79900649       10.216694   1.1751708e-13       8.2807773       2.7309283        2.7309283      -23.682587      -23.682587
              1      -9.4003639     -0.17005053       1.1428737      -12.917152       0.9418077      0.67600431       13.895483   1.2101737e-13       8.7459643       3.1150918        3.1150918      -25.030911      -25.030911
              1      -9.0590577     -0.21533764       1.1945466      -12.895728      0.98371313       0.6090632       15.651161   1.2713711e-13       9.6319258       3.3966566        3.3966566      -24.911429      -24.911429
              8      -8.9432906      -0.2080322       1.1981015      -12.895539      0.99295417      0.61939515       15.779801    1.271924e-13       9.8390727       3.3617391        3.3617391       -24.61006       -24.61006
              3      -9.6467685    -0.025365623       1.1966519      -12.871975       1.0005187      0.94326643       15.727219   1.3428411e-13       10.011951        2.312013         2.312013      -23.917563      -23.917563
              7      -9.3614117      0.50207293       1.4226011      -12.839293      0.36505624       3.1774076       26.460689   1.4477941e-13       2.3176948      0.57820004       0.57820004      -19.879223      -19.879223
             36      -11.992194       1.0360912       1.4013944      -12.854627      0.48157953       10.866538       25.199645   1.3975686e-13       3.0309553      0.33704396       0.33704396      -24.658475      -24.658475
             13      -11.174181      0.90020648        1.495905      -12.895748      0.69228084       7.9470598       31.326001   1.2713111e-13       4.9235782      0.30863721       0.30863721      -22.965636      -22.965636
             34      -11.436345       1.3938182       1.0355479       -12.93673      0.65460571       24.763854       10.852952   1.1568308e-13        4.514459       1.1706102        1.1706102      -25.213911      -25.213911
             15      -11.083011       1.4227354       1.1927664      -12.885865      0.86110436        26.46887       15.587139   1.3005727e-13       7.2628046       1.2265674        1.2265674      -24.619157      -24.619157
              2      -11.466964        1.367417       1.1120128      -12.885719      0.84153026        23.30328        12.94234   1.3010106e-13       6.9427298       1.0106289        1.0106289      -24.955186      -24.955186
              7      -10.654551        1.359494       1.1218703      -12.874473       1.1488941       22.882001        13.23946   1.3351421e-13       14.089451       1.2964572        1.2964572      -23.902017      -23.902017
             19      -10.511853       1.3653394        1.120073      -12.873629       1.1366095       23.192062       13.184782   1.3377383e-13       13.696498       1.2959632        1.2959632      -23.615632      -23.615632
              8      -10.709763       1.3917911       1.1277386      -12.872174       1.1368497       24.648532        13.41957   1.3422282e-13       13.704075       1.3854664        1.3854664      -24.190458      -24.190458
             83      -9.9803399       1.4780927       1.1418422       -12.87595       1.1495719       30.067181       13.862522   1.3306065e-13       14.111458       1.7356908        1.7356908      -23.432061      -23.432061
              3      -9.2575096       1.6279781      0.65174149      -12.972233      0.60024949       42.459815       4.4847836   1.0660229e-13       3.9833593       2.6438608        2.6438608      -23.802741      -23.802741
             18       -8.990677       1.5006601      0.59847582      -12.968643      0.67033665       31.670875       3.9671244   1.0748733e-13       4.6809785       2.1350072        2.1350072      -22.251368      -22.251368
              8      -10.116184       1.0363147      0.87349815      -12.932531     0.092271776       10.872132       7.4730544   1.1680695e-13       1.2367211      0.91770402       0.91770402      -22.067775      -22.067775
              5      -11.614598      0.40670507       1.0186329      -12.912981       0.2442275       2.5509684       10.438376   1.2218529e-13       1.7547995      0.87842363       0.87842363      -24.986044      -24.986044
              2      -11.167534      0.33512886       1.0308819      -12.928314      0.40543392       2.1633603       10.736973   1.1794675e-13       2.5435127      0.92006912       0.92006912      -24.175207      -24.175207
              6      -11.466414      0.32208392       1.0441707      -12.923456       0.3635973       2.0993455       11.070589   1.1927361e-13       2.3099219      0.98110647       0.98110647       -24.89504       -24.89504
              9      -11.598165      0.36933508      0.98880622      -12.932664      0.34341232       2.3406424       9.7455471   1.1677126e-13       2.2050189      0.91146104       0.91146104      -25.019252      -25.019252
             10      -10.445134       0.4616703      0.67099858      -13.000639      0.63736655       2.8951449       4.6881185   9.9852978e-14       4.3387692       1.0694803        1.0694803      -23.029228      -23.029228
             12      -10.390402      0.41736173       0.7538364      -12.974049      0.66264615        2.614338       5.6733085   1.0615769e-13       4.5988172      0.94780618       0.94780618      -22.676415      -22.676415
             10      -11.018049       0.4691128      0.72904137      -12.983294      0.61501703       2.9451865        5.358477   1.0392153e-13       4.1211368      0.90364436       0.90364436      -23.843387      -23.843387
             23      -11.077619      0.47631716      0.72409918       -12.98346      0.62878461       2.9944507       5.2978442   1.0388182e-13       4.2538739      0.89418006       0.89418006      -23.943598      -23.943598
              2      -11.209452       0.4629171      0.72918701       -12.98483      0.63741205       2.9034684       5.3602742   1.0355463e-13       4.3392238      0.91918952       0.91918952      -24.257282      -24.257282
             14      -10.091843      0.07834195      0.84525795      -12.947668      0.63184742       1.1976832        7.002578   1.1280607e-13       4.2839799       1.9169454        1.9169454      -24.017578      -24.017578
              2      -11.379942      0.35898796       1.0389616      -12.924835      0.50501971       2.2855355       10.938597   1.1889539e-13       3.1990403      0.77342924       0.77342924      -24.306742      -24.306742
             19      -11.612594      0.28950991       1.0507183      -12.922714       0.4470631       1.9476455       11.238757   1.1947746e-13        2.799388       1.0058982        1.0058982      -25.236985      -25.236985
              6      -11.640813      0.28537262       1.0613789      -12.918057      0.43424168       1.9291794       11.518049   1.2076551e-13       2.7179513       1.0154406        1.0154406      -25.312506      -25.312506
              7      -11.641082      0.58466329       1.0669285      -12.905073      0.33583455       3.8429373       11.666177   1.2443069e-13       2.1668785      0.39779728       0.39779728      -24.077759      -24.077759
              2      -11.751724      0.64829773       1.2195072      -12.851421       0.2168462       4.4493619       16.577048   1.4079231e-13       1.6475788      0.41765961       0.41765961      -24.338768      -24.338768
              2        -11.4119      0.64124216       1.1987545      -12.850945      0.21213652       4.3776614       15.803544   1.4094672e-13       1.6298083      0.42509062       0.42509062      -23.673981      -23.673981
              2      -11.421194      0.64722483       1.2187427      -12.853691      0.16962836       4.4383835       16.547894   1.4005824e-13       1.4778432      0.49286668       0.49286668      -23.828121      -23.828121
             10      -10.370101      0.54983747       1.1959007      -12.880736      0.27059489       3.5468063       15.700038   1.3160239e-13       1.8646395      0.49154561       0.49154561      -21.723294      -21.723294
             15      -8.6078354      0.22616344       1.1906224      -12.886502      0.50924861       1.6833074       15.510379   1.2986663e-13       3.2303428       1.1100978        1.1100978      -19.435866      -19.435866
              1      -11.879982      0.35224279       1.1853104      -12.902025      0.67631495       2.2503123        15.32182   1.2530685e-13       4.7458603       0.6962646        0.6962646      -25.152494      -25.152494
              4      -11.618517      0.75572175       1.0272893      -12.923676      0.40631745       5.6979908       10.648521   1.1921318e-13       2.5486926      0.23407449       0.23407449      -23.705184      -23.705184
             13      -11.674889      0.87901075       1.4090374      -12.838349      0.43564611       7.5685162       25.647049   1.4509456e-13        2.726755       0.2282291        0.2282291      -23.806235      -23.806235
              8      -11.731394      0.88881158       1.4079651      -12.841267      0.44617132       7.7412587       25.583805    1.441228e-13       2.7936456      0.22476431       0.22476431      -23.912316      -23.912316
              3      -12.177363      0.84690242       1.3896644      -12.846582      0.48618006       7.0291437       24.528127   1.4236997e-13       3.0632332      0.16906881       0.16906881      -24.692863      -24.692863
              2      -11.651817      0.84859155       1.3911672       -12.84416      0.48931791       7.0565359       24.613152   1.4316607e-13       3.0854457      0.16780548       0.16780548      -23.639245      -23.639245
             23      -12.003167      0.55937103      0.94516297       -12.92921      0.28797241       3.6255261       8.8137955   1.1770363e-13       1.9407626       0.5910948        0.5910948      -25.188523      -25.188523
             24      -11.926848      0.63064258       1.0037011      -12.930679       0.3608797       4.2721115       10.085586   1.1730629e-13       2.2955127      0.39086476       0.39086476      -24.635425      -24.635425
              4      -11.991302      0.64563591      0.99261275      -12.931791      0.35953964       4.4221748       9.8313409   1.1700626e-13       2.2884406      0.38404405       0.38404405      -24.750692      -24.750692
             18      -12.152463      0.63705327       1.0061421       -12.92974      0.34284765       4.3356406       10.142431   1.1755999e-13       2.2021538      0.39919606       0.39919606      -25.103318      -25.103318
              2      -12.137167      0.79991221       1.0997474      -12.890978      0.31929797       6.3082981       12.581934   1.2853526e-13       2.0859215      0.23271073       0.23271073      -24.739756      -24.739756
              8      -10.479441      0.51182904       1.7022273      -12.763402       0.5938203       3.2495935        50.37642   1.7242414e-13        3.924825       0.8870592        0.8870592      -22.733001      -22.733001
             29      -10.253677      0.50000066       1.7271656      -12.756821      0.59176923       3.1622825       53.353825   1.7505694e-13       3.9063328      0.97046139       0.97046139      -22.448277      -22.448277
             21      -10.415404      0.50602579       1.6619717      -12.769749      0.46098574       3.2064597       45.916806   1.6992267e-13        2.890585      0.87184523       0.87184523      -22.574499      -22.574499
              8        -11.8585      0.77360525        1.378955      -12.830885      0.37556221       5.9375222       23.930677   1.4760976e-13       2.3744455      0.23975031       0.23975031      -24.196501      -24.196501
             23      -12.018398      0.90905319       1.3024172      -12.851967      0.39089379       8.1106039       20.063987   1.4061553e-13        2.459766      0.20090322       0.20090322      -24.438603      -24.438603
              5      -11.048942      0.75857551       1.1523945      -12.920489      0.43830138       5.7355558       14.203472   1.2009127e-13       2.7434774      0.18689363       0.18689363      -22.471672      -22.471672
              4      -10.571458      0.55651326      0.55181787       -13.08064      0.52731884       3.6017474       3.5630168    8.305381e-14       3.3675871        1.548956         1.548956      -24.240828      -24.240828
             20      -10.350773      0.58087318      0.54865258      -13.088918      0.47896033       3.8095456       3.5371427   8.1485779e-14       3.0127308       1.5969095        1.5969095      -23.895366      -23.895366
             29       -8.957618      0.75880431      0.14749318      -13.170591      0.46929872       5.7385783       1.4044076    6.751631e-14       2.9464476       3.1124917        3.1124917      -24.140219      -24.140219
              2      -8.9824359      0.65615349      0.42786493      -13.075856      0.57103313       4.5305767       2.6783352   8.3973889e-14       3.7242011       1.6485094        1.6485094      -21.261891      -21.261891
              2      -8.2493139       0.3212878      0.31705287      -13.097803      0.39646521       2.0955007       2.0751661   7.9835763e-14       2.4915248       2.8279301        2.8279301      -22.154488      -22.154488
             12      -7.9166803      0.40524271      0.45391672       -13.05402      0.87254357       2.5423931       2.8439157   8.8303862e-14       7.4566468       1.9401225        1.9401225      -19.713606      -19.713606
              4      -4.3286656      0.63470636       1.0256929      -12.895571      0.76273162       4.3122742       10.609452   1.2718289e-13       5.7907074      0.16561724       0.16561724      -8.9885658      -8.9885658
              1      -7.9726418      0.62546091      0.98429727      -12.909916      0.73948512       4.2214428       9.6448898   1.2305069e-13       5.4888975      0.21266072       0.21266072      -16.370605      -16.370605
              2      -8.0591101      0.63599232      0.99624198      -12.910643      0.73946499       4.3250618       9.9138416   1.2284479e-13       5.4886431       0.1973132        0.1973132      -16.512847      -16.512847
             22       -11.06269      0.32218639       1.0355755      -12.923403      0.86707569       2.0998409       10.853641   1.1928811e-13       7.3633542      0.89705356       0.89705356      -23.919486      -23.919486
              1      -11.756612       1.1641319       1.0156341      -12.899791      0.76636001       14.592575       10.366546   1.2595313e-13       5.8392896      0.46040035       0.46040035      -24.434025      -24.434025
             25      -11.270908       1.1589426      0.99352383      -12.901637      0.73496497       14.419249       9.8519869   1.2541899e-13       5.4320651      0.45313053       0.45313053      -23.448076      -23.448076
             10      -10.399392       1.2660782       1.0011879      -12.897608      0.81665119       18.453476       10.027389   1.2658791e-13       6.5561849      0.73130437       0.73130437      -22.261394      -22.261394
             36      -11.387775      0.76310145      0.99450735      -12.923875      0.67322155       5.7956407       9.8743235    1.191586e-13       4.7121765      0.13341154       0.13341154      -23.042374      -23.042374
              4      -11.285126      0.76277122      0.99452654      -12.923916      0.67325781       5.7912355       9.8747598   1.1914715e-13       4.7125699      0.13359881       0.13359881      -22.837449      -22.837449
              4      -11.832345      0.81520789      0.95188049      -12.930291      0.66385314       6.5344327       8.9511841   1.1741094e-13       4.6116161      0.16382584       0.16382584      -23.992341      -23.992341
             11      -12.128735        0.751816      0.86837484      -12.951357      0.59405505       5.6469768       7.3854139   1.1185184e-13       3.9269471      0.30214085       0.30214085      -24.861752      -24.861752
              7      -11.938805      0.72507054      0.89584559      -12.946951      0.63494003       5.3097068       7.8676602   1.1299233e-13       4.3145949      0.27113619       0.27113619      -24.419883      -24.419883
              6      -12.379873      0.90417704       1.0003149      -12.936598      0.59295613       8.0200494       10.007254   1.1571825e-13       3.9170231      0.19141924       0.19141924      -25.142585      -25.142585
             17      -12.214743      0.89955636       1.0004042      -12.936177      0.59344145       7.9351723       10.009311   1.1583058e-13       3.9214028      0.18760211       0.18760211      -24.804691      -24.804691
             16      -11.289414      0.88096335       1.0057185      -12.943526      0.52774539       7.6026212       10.132544   1.1388701e-13       3.3708963      0.21971177       0.21971177      -23.018251      -23.018251
              9      -12.330975      0.71490142        1.121113      -12.920709      0.59900484       5.1868229       13.216396   1.2003037e-13       3.9719598      0.12729065       0.12729065      -24.916531      -24.916531
              1      -12.387232      0.74658777       1.1330011      -12.917559      0.62551516       5.5794035        13.58317   1.2090397e-13       4.2219702      0.10026829       0.10026829      -24.975001      -24.975001
              4      -11.602615      0.74795289       1.1238291      -12.920051      0.63195744       5.5969688        13.29931   1.2021234e-13       4.2850653      0.10428713       0.10428713      -23.413804      -23.413804
              9      -10.072229       1.4210567       1.4032365      -12.842687      0.41652626       26.366758       25.306756   1.4365234e-13       2.6093135       1.3497668        1.3497668      -22.843992      -22.843992
              9      -10.788572       1.2741496       1.2936223      -12.876053      0.36575289       18.799641       19.661754   1.3302919e-13       2.3214156        0.860918         0.860918      -23.298981      -23.298981
              6       -11.48234       1.2613186       1.2756314      -12.878436      0.37387394       18.252343       18.863894   1.3230139e-13        2.365233       0.8104885        0.8104885      -24.585657      -24.585657
              6      -10.787633       1.2327375       1.2975712       -12.87253      0.35543266       17.089821       19.841348   1.3411265e-13       2.2669015      0.75870483       0.75870483      -23.092676      -23.092676
             14      -11.794475        1.224299       1.2907812      -12.874604      0.36437251       16.760966       19.533553   1.3347394e-13       2.3140488       0.7268315        0.7268315      -25.042612      -25.042612
              2      -9.1758896       1.4934388       1.3649735      -12.857104      0.38672151       31.148621        23.17253   1.3896195e-13       2.4362481       1.6323004        1.6323004       -21.61638       -21.61638
             11      -9.5179031       1.6263059      0.77551609      -12.957291      0.57404256        42.29664       5.9637042   1.1033396e-13       3.7500975       2.4192759        2.4192759      -23.874358      -23.874358
              3      -9.5598696       1.5342636       1.2677273      -12.874536      0.35439734        34.21871       18.523682   1.3349481e-13       2.2615039       1.7887179        1.7887179      -22.697175      -22.697175
              2      -6.5944566     0.080488625        1.464817      -12.874939       1.0572219       1.2036179       29.161982   1.3337077e-13       11.408324       2.0743434        2.0743434        -17.3376        -17.3376
              3      -8.4956454    -0.067948568       1.3931862       -12.91115      0.82971394      0.85516798       24.727841   1.2270166e-13        6.756378       2.5756003        2.5756003      -22.142491      -22.142491
              9      -8.2968665    -0.068655903       1.3990221      -12.910401      0.82359101       0.8537763        25.06237   1.2291321e-13       6.6617911       2.5801791        2.5801791      -21.754091      -21.754091
             15      -9.2171195      0.35525741       1.5981761      -12.898267       0.9326773        2.265987        39.64388   1.2639587e-13       8.5640126       1.1795793        1.1795793      -20.793398      -20.793398
              1      -9.0054499      0.63467866      0.58537167      -13.061781      0.49625776       4.3119991       3.8492106    8.673999e-14       3.1351459       1.2880475        1.2880475      -20.586995      -20.586995
              4      -9.0763667      0.61979645      0.58511386      -13.061927      0.49010376       4.1667404       3.8469263   8.6710682e-14       3.0910338        1.309382         1.309382      -20.771497      -20.771497
              1      -7.3517623      0.67866859      0.49246494      -13.097465      0.54597342       4.7716501        3.107885   7.9897906e-14       3.5153893       1.6266953        1.6266953      -17.956915      -17.956915
             14      -8.7638285       1.7407477       1.2321908      -12.886197      0.79304063       55.048774       17.068319   1.2995796e-13       6.2092712       2.6855025        2.6855025      -22.898662      -22.898662
              2      -8.5276945       1.5834754       1.1184931      -12.905603      0.76964099       38.324402       13.136906   1.2427887e-13        5.883571       1.8796082        1.8796082      -20.814605      -20.814605
             20      -10.585917       1.5914262       1.1226146      -12.902373      0.75339707       39.032487        13.26217   1.2520657e-13       5.6675723       1.9058428        1.9058428       -24.98352       -24.98352
              3      -10.884219       1.2711167       1.2293083      -12.904167      0.75625311       18.668813        16.95541   1.2469035e-13       5.7049667      0.72957953       0.72957953      -23.227597      -23.227597
              1       -12.00586       1.1115898       1.0663121      -12.895283      0.75768977       12.929741       11.649629   1.2726728e-13       5.7238701      0.33222065       0.33222065      -24.676161      -24.676161
              2      -11.323244       1.1861968       1.0526007      -12.892521      0.75662258       15.353124       11.287577   1.2807922e-13       5.7098222      0.48257179       0.48257179      -23.611631      -23.611631
              4       -10.54852      0.60722032       1.1695471      -12.893098      0.73221507       4.0478119       14.775667   1.2790939e-13       5.3977787      0.17374038       0.17374038       -21.44452       -21.44452
              5       -10.82242      0.36900519      0.78962241      -12.975655      0.41894172       2.3388652       6.1605914   1.0576581e-13       2.6238664       1.1334992        1.1334992      -23.911839      -23.911839
              3      -11.099697      0.36997286       0.7908132      -12.978103      0.44972099       2.3440823       6.1775064   1.0517124e-13       2.8165728       1.1150966        1.1150966      -24.429587      -24.429587
             10      -10.836729      0.21784805      0.75021465      -13.005586      0.62863522       1.6513839       5.6261933   9.8722102e-14       4.2524109       1.6743909        1.6743909      -25.022239      -25.022239
             37      -9.5006705      0.24038184      0.60817728      -13.037552      0.54625008       1.7393294        4.056741   9.1716547e-14       3.5176294       1.9827699        1.9827699      -22.966881      -22.966881
              3      -10.992962      0.25070449      0.69610633      -13.011426      0.62930393       1.7811664       4.9671392    9.740342e-14       4.2589636        1.659384         1.659384      -25.304692      -25.304692
              1       -11.12767      0.25660613      0.70220171      -13.003103       0.6121646       1.8055359       5.0373452   9.9287978e-14        4.094158       1.5969503        1.5969503      -25.449241      -25.449241
              9      -8.5567552      0.28267103      0.84316415      -12.969065      0.62176173        1.917216       6.9688987   1.0738281e-13       4.1856386       1.2100714        1.2100714      -19.533653      -19.533653
              8      -11.004718      0.35535162        1.052192      -12.865583      0.10191491       2.2664786       11.276958   1.3627539e-13       1.2644886       1.1579258        1.1579258      -24.325287      -24.325287
             13      -10.545215      0.33921701       1.0133835      -12.869779      0.11032415       2.1838209       10.312963   1.3496488e-13       1.2892114       1.2038171        1.2038171      -23.498065      -23.498065
             11      -9.8544026       1.2104622       1.1297452      -12.859866     0.046493785       16.235371       13.481715   1.3808101e-13       1.1129965       1.1064957        1.1064957      -21.921797      -21.921797
             16      -10.104138       1.2627342       1.0989164      -12.871956    -0.016918407       18.311934       12.557881   1.3428999e-13      0.96179296       1.3882255        1.3882255      -22.984727      -22.984727
              1      -9.9012458       1.2502294       1.1238734      -12.871582    -0.029690155       17.792191       13.300667   1.3440593e-13      0.93392036        1.382052         1.382052      -22.566596      -22.566596
              7      -11.340848       0.7869899       1.1139963      -12.872862      0.19162241       6.1233615       13.001586   1.3401011e-13       1.5546134      0.37990828       0.37990828      -23.441512      -23.441512
              8       -11.94845      0.93931557       1.1393364      -12.890554      0.25948399       8.6959206       13.782765   1.2866085e-13       1.8175401      0.35487375       0.35487375      -24.606647      -24.606647
              1      -11.735327      0.98572322       1.2441415      -12.868688      0.22766827       9.6766096       17.544521   1.3530431e-13       1.6891502       0.4381486        0.4381486      -24.346952      -24.346952
              1      -11.604462      0.98443279       1.2452562      -12.865865      0.22522777       9.6478998       17.589608   1.3618676e-13       1.6796847      0.43789951       0.43789951      -24.084723      -24.084723
             37      -12.098804      0.93210758       1.3189946      -12.845172      0.35692366       8.5527855       20.844651   1.4283293e-13       2.2746975      0.25560383       0.25560383      -24.708815      -24.708815
              3      -11.267192       0.9097451        1.349097      -12.841229      0.38045326       8.1235358        22.34071   1.4413564e-13       2.4013378      0.23818066       0.23818066      -23.010745      -23.010745
              1      -11.845858      0.90322522       1.3473946      -12.843791       0.3706441       8.0024915       22.253307   1.4328782e-13       2.3477081      0.24350148       0.24350148      -24.178719      -24.178719
             22      -10.820116      0.72765689      0.89093281      -12.902948    -0.025382031        5.341422       7.7791619   1.2504083e-13      0.94323079      0.94803045       0.94803045      -23.536292      -23.536292
              2      -11.061414       0.6902101       1.1214826      -12.838013     0.062193105       4.9001582       13.227648   1.4520678e-13       1.1539662      0.62438462       0.62438462      -23.371598      -23.371598
              1      -9.7777165       0.4119022        1.071257      -12.914297      0.71127841       2.5816787        11.78303   1.2181568e-13       5.1437329      0.56608199       0.56608199      -20.687597      -20.687597
             18      -9.8026072      0.43515649       1.0233797      -12.931994      0.68793601       2.7236825       10.553091   1.1695143e-13       4.8745667      0.56295433       0.56295433      -20.731123      -20.731123
              2      -12.226348      0.50832229       1.1144436      -12.925212      0.64409202         3.22346       13.014981    1.187923e-13       4.4064822      0.38011601       0.38011601      -25.212928      -25.212928
             14      -11.928001      0.64514357       1.4441263      -12.847986      0.56540971       4.4171645       27.805216   1.4191045e-13       3.6762896      0.26790043       0.26790043      -24.391803      -24.391803
              6      -12.006244      0.64772439       1.4026602       -12.83366      0.41540494       4.4434919       25.273198   1.4666944e-13       2.6025851      0.30329948       0.30329948      -24.619088      -24.619088
             26      -11.328197       1.3655869       0.8854219      -12.947557      0.50793271       23.205284       7.6810732   1.1283484e-13       3.2205697        1.227977         1.227977      -25.112348      -25.112348
             44      -11.530282       1.3256417      0.86419013      -12.950732      0.50325999       21.166143       7.3145924   1.1201296e-13       3.1861043       1.1287799        1.1287799      -25.318125      -25.318125
              3      -10.782406       1.2886071        1.017387      -12.916951      0.19229134       19.436009       10.408472   1.2107358e-13       1.5570098       1.1586104        1.1586104      -23.882034      -23.882034
             15      -10.885797       1.2680959      0.96861406      -12.941434      0.28727939       18.539409       9.3028081   1.1443687e-13       1.9376681       1.0510034        1.0510034      -23.873602      -23.873602
             16      -11.382606        1.219551      0.97503141      -12.939896      0.28393102        16.57872       9.4412917   1.1484292e-13       1.9227863      0.92063978       0.92063978      -24.606491      -24.606491
              2      -10.860542       1.2551782       1.0125126      -12.940387      0.32783191       17.996094       10.292303   1.1471304e-13       2.1273155      0.94575022       0.94575022      -23.612584      -23.612584
             14      -9.8897831       1.4191798       1.1124984      -12.894523      0.30681051       26.253054       12.956819   1.2749027e-13       2.0267982       1.3694899        1.3694899      -22.518546      -22.518546
              4      -9.8263598        1.234742      0.73771963      -12.999714      0.40602317       17.168882       5.4666293   1.0006589e-13       2.5469661       1.2538256        1.2538256      -22.160371      -22.160371
              2      -9.9547556       1.2122867      0.73498403      -13.001269      0.42336791       16.303721       5.4323035   9.9708177e-14       2.6507448       1.1937173        1.1937173      -22.296946      -22.296946
              1      -10.630823       1.1078292       1.0192698      -12.931209      0.39897695       12.818262       10.453693   1.1716308e-13       2.5059762      0.51855409       0.51855409      -22.298754      -22.298754
              8      -11.209605       1.2707147       1.4024531      -12.879701      0.54317368       18.651542       25.261151   1.3191653e-13       3.4927997      0.81782271       0.81782271      -24.054856      -24.054856
              3      -11.567169       1.2919741       1.4081226      -12.872774      0.59764542       19.587276       25.593081   1.3403725e-13       3.9595463      0.85799925       0.85799925      -24.850336      -24.850336
             14      -11.588581       1.3236788       1.3971087      -12.878038       0.5937906       21.070692       24.952193   1.3242246e-13       3.9245566      0.94980476       0.94980476      -25.076772      -25.076772
              4      -11.587339       1.3242256       1.3965097      -12.878119      0.59373888        21.09724       24.917799   1.3239785e-13       3.9240893      0.95104711       0.95104711      -25.076772      -25.076772
             17      -11.590867       0.9738041       1.1648198      -12.867386      0.91991312       9.4146483       14.615704   1.3571077e-13        8.315974      0.19000525       0.19000525      -23.561745      -23.561745
             25      -12.027689      0.96850412       1.1668611      -12.865428      0.91414067       9.3004533       14.684566     1.36324e-13       8.2061731      0.17856381       0.17856381      -24.412505      -24.412505
             57      -12.182409       1.0237376       1.1124718      -12.866899      0.95214326       10.561793       12.956027   1.3586301e-13       8.9566017      0.27106317       0.27106317      -24.906945      -24.906945
              2      -11.139454       0.4794871      0.86429993      -12.947895      0.82622045       3.0163873        7.316442   1.1274698e-13       6.7022473      0.64885201       0.64885201      -23.576611      -23.576611
              6      -10.860193       0.5415834      0.76770024      -12.971377      0.79018456       3.4800333       5.8573374   1.0681284e-13       6.1685708       0.6965756        0.6965756      -23.113537      -23.113537
              5      -11.375993      0.76326278      0.61902402      -13.029044      0.61817557        5.797794       4.1593362   9.3531191e-14       4.1512183      0.92424267       0.92424267      -24.600471      -24.600471
              5      -11.385729      0.76129769      0.61885351        -13.0287      0.61974326       5.7716195       4.1577034   9.3605113e-14       4.1662301      0.92319021       0.92319021      -24.617839      -24.617839
             41      -11.223426       1.1660368      0.62823538      -13.002077      0.59368248       14.656719       4.2484977   9.9522943e-14       3.9235797        1.164251         1.164251      -24.775354      -24.775354
             54      -11.960666      0.55405452       1.2263924      -12.887322        1.058837       3.5814139       16.841952   1.2962164e-13       11.450831      0.49570194       0.49570194      -24.912735      -24.912735
             10      -12.003845      0.50142317       1.1880684      -12.880669       1.0316913       3.1726573       15.419431   1.3162276e-13       10.757003      0.53166801       0.53166801      -25.071027      -25.071027
             65       -11.83871      0.54516257       1.1284725      -12.867841       1.0944923        3.508832       13.442267   1.3556847e-13       12.430607      0.51347537       0.51347537      -24.704372      -24.704372
              6      -11.611278      0.69657951       1.2533305      -12.908771      0.82489946        4.972554       17.919691   1.2337549e-13       6.6818921      0.17585507       0.17585507      -23.574266      -23.574266
             10      -11.520572      0.69695489       1.2529422      -12.908592       0.8239892       4.9768538       17.903677    1.234264e-13       6.6679019      0.17459583       0.17459583      -23.390336      -23.390336
             28      -12.481943      0.92658071       1.3264861      -12.877798      0.63694351       8.4446317       21.207334   1.3249581e-13       4.3345449       0.1298143        0.1298143      -25.223514      -25.223514
              3      -11.283068      0.87379576       1.3308694      -12.889554       0.6925863       7.4781773       21.422462   1.2895739e-13       4.9270424      0.12051171       0.12051171      -22.807159      -22.807159
             21      -11.719113      0.45441679        1.457267      -12.852277      0.58778869       2.8471923       28.659391   1.4051526e-13       3.8706926      0.57989402       0.57989402      -24.598015      -24.598015
              2      -10.361843      0.39991856       1.5142763        -12.8467      0.63861516       2.5114155       32.679571    1.423311e-13       4.3512612      0.76550313       0.76550313      -22.254691      -22.254691
              4      -11.110626      0.32888479       1.4014398      -12.871188      0.70786833       2.1324791       25.202276   1.3452777e-13       5.1035025      0.84775519       0.84775519      -23.916762      -23.916762
              6      -11.043621      0.76464294      0.84964834      -12.952829      0.47086289       5.8162483       7.0737277   1.1147345e-13       2.9570787      0.37363186       0.37363186      -22.834506      -22.834506
              1      -11.489535      0.66853308       0.8739917      -12.958719      0.51596293       4.6615793        7.481552   1.0997178e-13       3.2806729      0.39970404       0.39970404      -23.778478      -23.778478
             10      -10.863333      0.71403562       1.3369211      -12.850398       0.3675865       5.1764928       21.723063   1.4112425e-13       2.3312374      0.24477167       0.24477167       -22.21621       -22.21621
              6      -11.795082       1.1202446        1.231885      -12.878493      0.28682054       13.189995       17.056309   1.3228383e-13       1.9356219      0.56236269       0.56236269       -24.71489       -24.71489
              6      -11.081584       1.2723847       1.0900804      -12.939081      0.40629929         18.7234       12.304966   1.1505858e-13        2.548586      0.89395313       0.89395313      -23.951074      -23.951074
              6      -10.707314      0.12552877       1.0272708      -12.934653       0.4084711        1.335146       10.648067   1.1623777e-13       2.5613628       1.6704144        1.6704144      -24.755457      -24.755457
             30      -10.710493       0.6868874       1.8104562      -12.793355       0.5995769       4.8628111       64.633273   1.6093304e-13       3.9771951      0.86488124       0.86488124      -23.150749      -23.150749
              1      -12.015532      0.49864061       1.2695128      -12.880456      0.47971313       3.1523949       18.599992   1.3168719e-13       3.0179576      0.40912456       0.40912456      -24.849314      -24.849314
              8      -12.413985      0.71472963       1.2702473      -12.886395       0.4917994       5.1847716       18.631477   1.2989881e-13       3.1031259      0.14381129       0.14381129      -25.115593      -25.115593
             32      -11.879442      0.61698665       1.1377071      -12.925359      0.45152512       4.1398695       13.731157     1.18752e-13       2.8282977      0.29298056       0.29298056      -24.344846      -24.344846
             13      -11.994542      0.62499218       1.1358785      -12.924772      0.46480322       4.2168891       13.673464   1.1891261e-13       2.9161054      0.27321935       0.27321935      -24.535523      -24.535523
             26      -11.409366      0.23899061       1.1831207      -12.901433       0.6085811       1.7337665       15.244764   1.2547787e-13       4.0605149       1.0530698        1.0530698      -24.924872      -24.924872
              7       -10.28375      0.26554472        1.116562      -12.907279      0.47694465       1.8430823       13.078623   1.2380012e-13       2.9987803       1.0214399        1.0214399      -22.610381      -22.610381
             13      -10.446382      0.19498762       1.4707729      -12.820935      0.41355707       1.5667064       29.564659   1.5103073e-13        2.591535       1.4442275        1.4442275      -23.781218      -23.781218
              3       -9.712325      0.15595674       1.5070881      -12.785986      0.36959998       1.4320452       32.143124   1.6368687e-13       2.3420706       1.6974502        1.6974502       -22.81955       -22.81955
             54      -9.7683738      0.66105448       1.6755768      -12.775731      0.39913952       4.5819936       47.378009   1.6759816e-13       2.5069145      0.72470872       0.72470872      -20.986165      -20.986165
              1      -10.408697      0.64984984       1.5619549      -12.793888      0.46577297       4.4652918       36.471605   1.6073553e-13       2.9226242      0.47239185       0.47239185      -21.762178      -21.762178
             21      -10.562309      0.66441513       1.5242007      -12.810534      0.43481463       4.6175875        33.43495   1.5469129e-13       2.7215394      0.41696178       0.41696178      -21.958541      -21.958541
             14      -9.5826987      0.67578031       1.5514166      -12.799397      0.42497889       4.7400214       35.597263   1.5870938e-13       2.6605958      0.45918747       0.45918747      -20.083772      -20.083772
              7      -9.2239032      0.90053942        1.201383      -12.903993      0.68017822       7.9531546       15.899484    1.247404e-13       4.7882654     0.092257305      0.092257305      -18.632321      -18.632321
             14      -10.180022       1.0853211       1.1513709      -12.914305      0.74816414       12.170854       14.170033   1.2181349e-13        5.599692      0.31689857       0.31689857      -20.993841      -20.993841
              1      -10.715039      0.96683081       0.5058014      -13.014756      0.56878859       9.2646882       3.2048034   9.6659374e-14       3.7050032       1.1524648        1.1524648      -23.735007      -23.735007
              3      -9.9462736      0.10347383      0.62932639      -13.011526      0.47763371       1.2690357       4.2591839   9.7380907e-14        3.003542       2.3854554        2.3854554      -24.663458      -24.663458
             26      -9.6552293      0.27235066      0.68279128      -13.031258      0.40250897       1.8721932       4.8171623   9.3055588e-14       2.5264399       1.8126326        1.8126326      -22.935724      -22.935724
              5      -9.0904025     0.058849192      0.83259839      -12.944172      0.42412456       1.1451152       6.8014012   1.1371775e-13        2.655367       2.1010427        2.1010427       -22.38289       -22.38289
              4      -9.4346443    -0.080479375      0.65352969      -12.989261      0.58752436      0.83084618       4.5032877   1.0250348e-13       3.8683376       3.0925242        3.0925242      -25.054337      -25.054337
             30      -11.739561      0.64846386      0.89321161      -12.918973      0.84866873       4.4510643       7.8200875   1.2051114e-13         7.05779      0.30968609       0.30968609      -24.098495      -24.098495
             10      -11.145797       0.3338557      0.87151004       -12.94952      0.78340227       2.1570276       7.4389226   1.1232588e-13       6.0729859      0.98422376       0.98422376      -24.260041      -24.260041
              4      -10.770439      0.46969545      0.69301716      -13.035397      0.40534616       2.9491404       4.9319329   9.2172807e-14       2.5429989       1.2908665        1.2908665      -24.122611      -24.122611
             16       -10.02211       0.4658407      0.69685384      -13.035831      0.41054802         2.92308        4.975696   9.2080718e-14       2.5736413       1.2910423        1.2910423      -22.626305      -22.626305
             12      -10.862563      0.10102992       1.1473114      -12.898807      0.36535201       1.2619145       14.038198   1.2623879e-13       2.3192737       1.7204515        1.7204515       -25.16603       -25.16603
              4      -10.080903       1.2896876      0.58047718      -13.005113      0.58104802       19.484427       3.8060736   9.8829569e-14       3.8110796       1.5767984        1.5767984      -23.315402      -23.315402
              6      -10.274432       1.2579487      0.69817142      -12.991497      0.26179473        18.11126       4.9908144   1.0197726e-13       1.8272364       1.4926949        1.4926949      -23.534253      -23.534253
             10       -11.46913       1.2188688       0.7861297      -13.000657      0.51917908         16.5527       6.1112451   9.9848742e-14       3.3050579       1.0826606        1.0826606      -25.103582      -25.103582
              9      -11.832544       1.2586996       1.0548811      -12.935952      0.46504167       18.142605          11.347   1.1589059e-13       2.9177069       0.8093892        0.8093892      -25.283866      -25.283866
              4      -11.780385       1.2361562       1.0520897      -12.932769       0.4665701        17.22488       11.274302   1.1674314e-13       2.9279935      0.74122451       0.74122451      -25.043219      -25.043219
              6      -11.865171       1.2388236       1.0535862      -12.934231      0.45858115          17.331       11.313219   1.1635067e-13       2.8746247      0.75689034       0.75689034      -25.244123      -25.244123
             13      -12.372602        1.031452       1.0978839      -12.934921      0.55445562       10.751079       12.528061   1.1616609e-13       3.5847231       0.2953361        0.2953361      -25.335876      -25.335876
              2      -9.8724737       1.2710229        1.100927      -12.905692      0.34877393        18.66478       12.616156   1.2425333e-13       2.2324099      0.86555006       0.86555006      -21.476048      -21.476048
              4      -8.8235582       1.1595671       1.0580726      -12.929504      0.20715733       14.439995       11.430695   1.1762411e-13       1.6112292      0.83181131       0.83181131      -19.310739      -19.310739
             21      -10.209293       1.1316916        1.155148      -12.900861      0.25540055       13.542274        14.29381   1.2564321e-13       1.8005308      0.64024687       0.64024687       -21.69908       -21.69908
              1      -11.223734       1.1381728       1.1282754      -12.900483      0.21315545       13.745887       13.436169   1.2575253e-13       1.6336366      0.70989303       0.70989303      -23.867254      -23.867254
              6      -11.113858       1.0258212       1.4573378       -12.84217      0.45691132       10.612586       28.664065   1.4382358e-13       2.8635932        0.391623         0.391623      -23.010963      -23.010963
              8      -11.500011       1.0093289       1.4602675      -12.841681      0.43653154       10.217129       28.858085   1.4398562e-13       2.7323199      0.38889829       0.38889829      -23.777819      -23.777819
             12       -12.11902       1.1054112        1.385696      -12.874695       0.5439981       12.747095       24.305018   1.3344598e-13       3.4994363      0.41880045       0.41880045      -25.075642      -25.075642
              3      -11.753439       1.2756367        1.380122      -12.885486      0.65414183       18.864128        23.99507    1.301709e-13       4.5096395      0.79383482       0.79383482      -25.094547      -25.094547
              1      -11.747518       1.1798489       1.4084733      -12.885238      0.61590918       15.130346       25.613758   1.3024532e-13       4.1296113      0.58296983       0.58296983      -24.660976      -24.660976
             24      -11.731102       1.1358336       1.4084141      -12.888588      0.67592122       13.672047       25.610266   1.2924435e-13       4.7415597      0.49135333       0.49135333       -24.44491       -24.44491
              7      -11.805776       1.2462797       1.3687119      -12.887508      0.67285138        17.63111       23.372861    1.295662e-13       4.7081618      0.70678164       0.70678164      -25.025115      -25.025115
              1      -11.766709       1.2473202        1.389073      -12.882938      0.68236075       17.673402       24.494751    1.309369e-13       4.8123893      0.72127512       0.72127512      -24.975969      -24.975969
             27      -11.438534       1.2772101       1.3953768      -12.886336      0.66170889       18.932591       24.852887   1.2991628e-13       4.5889031      0.81325612       0.81325612      -24.503579      -24.503579
              4      -10.448128       1.3776556       1.5298313      -12.870546      0.60968771       23.859185       33.871257   1.3472679e-13       4.0708745       1.2698577        1.2698577      -23.435972      -23.435972
              5      -10.443771       1.4005892        1.538746      -12.868637       0.6051704       25.152968       34.573714   1.3532029e-13       4.0287508       1.3614926        1.3614926      -23.610528      -23.610528
             10      -10.406019        1.408245       1.5428995      -12.867967      0.60280574       25.600296       34.905955   1.3552917e-13       4.0068745       1.3947371        1.3947371      -23.601512      -23.601512
             10      -10.707375         1.41509        1.541524      -12.866275      0.59771642       26.006985       34.795572   1.3605837e-13       3.9601936       1.4169971        1.4169971      -24.248744      -24.248744
             12      -8.9825328      0.79077976       1.1030794      -12.887572      0.37495897       6.1770308       12.678838   1.2954709e-13       2.3711497      0.17002883       0.17002883      -18.305123      -18.305123
              2      -12.035551      0.59524688        1.094745      -12.901679      0.34690127       3.9377385       12.437842   1.2540675e-13       2.2228045      0.36170669       0.36170669      -24.794515      -24.794515
             15      -12.247508      0.59570338       1.1182857      -12.894505      0.35767938       3.9418798       13.130634   1.2749553e-13       2.2786592      0.33631125       0.33631125      -25.167638      -25.167638
              5      -10.733622      0.36977167       1.3140937      -12.826335      0.15679521       2.3429966       20.610745   1.4916421e-13       1.4348127       1.0589916        1.0589916      -23.585228      -23.585228
              4      -10.798614      0.25675297       1.4069537      -12.794583      0.26660217       1.8061465       25.524293   1.6047864e-13       1.8475754       1.3234665        1.3234665      -24.244161      -24.244161
              3      -10.777001      0.25993685       1.3771749      -12.801247      0.26501556       1.8194363       23.832792   1.5803487e-13        1.840838       1.2828537        1.2828537       -24.11971       -24.11971
             12      -10.577085      0.19708571       1.3352793      -12.785047      0.17461043       1.5742935         21.6411   1.6404122e-13       1.4948941       1.6142539        1.6142539      -24.382678      -24.382678
             10      -10.536132      0.19383615       1.3332247      -12.788224      0.17175742        1.562558       21.538957   1.6284567e-13       1.4851059       1.6265243        1.6265243      -24.325313      -24.325313
              1      -10.793508      0.38642533       1.2342497      -12.835317      0.14513451       2.4345872       17.149429   1.4611091e-13       1.3968009      0.99422327       0.99422327      -23.575462      -23.575462
              4      -10.597273      0.36993337       1.1872127      -12.841766      0.13781556       2.3438692       15.389082   1.4395742e-13       1.3734586       1.0374735        1.0374735      -23.269492      -23.269492
              8      -10.764514      0.26494272       1.2168354      -12.852465       0.1578155       1.8405292       16.475379   1.4045437e-13       1.4381875       1.3308252        1.3308252      -24.190678      -24.190678
             25      -10.455372      0.20369213       1.2158428      -12.851647      0.17524588       1.5984245       16.437765    1.407191e-13        1.497083       1.5150253        1.5150253      -23.940795      -23.940795
             22      -10.706628      0.30899652       1.1509972       -12.84164      0.13315786       2.0370258       14.157847    1.439993e-13       1.3588073       1.2131366        1.2131366      -23.839529      -23.839529
              6      -6.9712997       0.4456994       1.2327681      -12.821739      0.13264796       2.7906116       17.091024   1.5075142e-13       1.3572128      0.87243369       0.87243369      -15.687467      -15.687467
              2      -10.402094      0.42449759       1.2285302      -12.759777    -0.097122043       2.6576488       16.925059   1.7386944e-13      0.79960952       1.4553835        1.4553835      -23.714955      -23.714955
              2       -9.688573      0.36114925       1.4663965      -12.865425      0.60502331       2.2969379       29.268235   1.3632499e-13       4.0273865      0.82460475       0.82460475      -21.026356      -21.026356
             10       -10.03103      0.37743392       1.4452456      -12.867895      0.61524962       2.3847009       27.876972   1.3555185e-13       4.1233445      0.75733087       0.75733087      -21.576722      -21.576722
              9      -9.2823963      0.16318463       1.6396398      -12.799457      0.51329272        1.456078       43.615391   1.5868749e-13       3.2605639       1.7589844        1.7589844      -22.082761      -22.082761
              7      -9.5380984      0.18039581       1.6319749       -12.80123      0.52092518       1.5149413        42.85238   1.5804119e-13       3.3183728       1.6741458        1.6741458      -22.424488      -22.424488
              4      -10.120868      0.26932632       1.5734466      -12.802215       0.5567616       1.8592009       37.449549   1.5768298e-13       3.6038076       1.2465854        1.2465854      -22.734906      -22.734906
              1      -8.9479322      0.11514721       1.6693698      -12.757003      0.41301826       1.3036086       46.705687   1.7498336e-13       2.5883218        2.122665         2.122665      -22.141194      -22.141194
             23      -8.9694755      0.67676681       2.0125318      -12.659653      0.38189635       4.7508007        102.9276   2.1895094e-13       2.4093303       1.8618857        1.8618857      -21.662722      -21.662722
              1      -8.6157386      0.64796252       2.0565078       -12.65229      0.38360348        4.445929       113.89582   2.2269471e-13       2.4188196       2.0540234        2.0540234      -21.339524      -21.339524
              6       -7.583693      0.66775461       2.0645315      -12.658485      0.38895313        4.653231       116.01963   2.1954093e-13       2.4487989       2.0315928        2.0315928      -19.230572      -19.230572
              2      -9.1522851      0.43631238       1.7559824      -12.837356      0.62194155       2.7309414       57.014111   1.4542666e-13        4.187372       1.1045018        1.1045018      -20.513574      -20.513574
              4      -10.227622      0.49166288       1.6973455      -12.843853      0.60783249       3.1021507       49.813326   1.4326735e-13       4.0535216      0.87121046       0.87121046      -22.197665      -22.197665
              4      -10.455404      0.48214167        1.687346      -12.843221      0.61300504        3.034881       48.679491   1.4347604e-13       4.1020886       0.8689706        0.8689706      -22.648749      -22.648749
              1      -11.352545      0.28122405       1.3510201      -12.878099      0.61151393       1.9108388       22.439855   1.3240407e-13       4.0880286      0.96003701       0.96003701      -24.625165      -24.625165
              3      -11.510536      0.32778459       1.3299674      -12.882213      0.66881748       2.1270838       21.378018   1.3115563e-13        4.664633      0.80189681       0.80189681      -24.624865      -24.624865
             25      -11.517643      0.26974981       1.3187948      -12.891995      0.71108468       1.8610147       20.835063    1.282344e-13       5.1414389      0.99137677       0.99137677      -25.018039      -25.018039
              4      -11.300937      0.27057676       1.3193832      -12.891878      0.71108118       1.8645617       20.863308   1.2826922e-13       5.1413975      0.98888466       0.98888466      -24.579644      -24.579644
              8      -11.360906      0.92135837       1.2984641      -12.896911      0.75637241        8.343694       19.882184   1.2679114e-13        5.706534      0.14759668       0.14759668      -23.017005      -23.017005
              5      -11.767177      0.87385495       1.3245362      -12.886098      0.79807739       7.4791966       21.112333   1.2998757e-13       6.2817029      0.13740254       0.13740254       -23.80916       -23.80916
             16      -11.821151      0.86479585       1.3322269      -12.884468      0.80443538       7.3248013       21.489531   1.3047631e-13       6.3743423      0.14009745       0.14009745      -23.922497      -23.922497
              7      -12.152099      0.84344956       1.2973654      -12.893892      0.80257022         6.97348        19.83195   1.2767555e-13       6.3470251      0.12499144       0.12499144      -24.554181      -24.554181
             14      -11.579968        1.008933       1.0352744      -12.918447      0.68789229       10.207819        10.84612   1.2065726e-13       4.8740759      0.21808154       0.21808154        -23.5961        -23.5961
             51      -11.875623       1.0413592       1.1165816      -12.841764       1.0250378       10.999151       13.079211   1.4395822e-13       10.593459      0.35285023       0.35285023      -24.456946      -24.456946
             11      -10.512187        1.013567       1.1059684      -12.850179       1.1049396       10.317323       12.763461   1.4119562e-13       12.733259      0.42432546       0.42432546      -21.873025      -21.873025
             14      -10.786695      0.99785792       1.0872916      -12.847565          1.1759       9.9507981       12.226203   1.4204785e-13       14.993397      0.51496334       0.51496334      -22.603317      -22.603317
              7      -11.636623      0.96219939       1.0772934      -12.851213       1.1488172       9.1664124       11.947951   1.4085969e-13       14.086959      0.43844646       0.43844646      -24.150139      -24.150139
             45      -11.764958      0.94178688       1.0761321      -12.849871       1.1514439        8.745545       11.916045   1.4129583e-13       14.172417      0.42452524       0.42452524      -24.378966      -24.378966
             10      -11.387182      0.94338382       1.0743175      -12.850096       1.1533839       8.7777624       11.866359   1.4122257e-13       14.235865      0.42927231       0.42927231      -23.632909      -23.632909
             15      -10.974836      0.93651595       1.0739426      -12.849043       1.1494418       8.6400439        11.85612   1.4156528e-13       14.107233      0.41715644       0.41715644      -22.783985      -22.783985
              7      -11.467423      0.93149643       1.1276575      -12.863513       1.0832276       8.5407582       13.417064    1.369264e-13       12.112328      0.32405191       0.32405191       -23.58295       -23.58295
             13      -10.247362       1.0019675      0.38410796      -13.059535      0.63636087       10.045407       2.4216309   8.7189614e-14       4.3287337       1.6851411        1.6851411      -23.865007      -23.865007
             11      -8.9736536       1.5967931      0.43970672        -13.0756      0.32806728       39.517829       2.7523694   8.4023271e-14       2.1284687       3.5848258        3.5848258      -25.116959      -25.116959
             10      -9.3887359       1.6305323      0.56315776      -13.023318      0.56075112        42.71027       3.6572762    9.477251e-14       3.6370655         3.03548          3.03548      -24.848432      -24.848432
             11      -9.1394193       1.6683936      0.55431093      -13.020484      0.63094836       46.600824        3.583529   9.5392854e-14       4.2751205       3.2146047        3.2146047      -24.708048      -24.708048
             10      -8.6820655       1.6537327       0.5474376       -13.02354      0.64219809       45.053928        3.527261   9.4724056e-14       4.3873076       3.1660264        3.1660264      -23.696184      -23.696184
             13      -9.0992736       1.6914222      0.55207033      -13.019576      0.61150741       49.138539       3.5650886   9.5592593e-14       4.0879673       3.3386056        3.3386056      -24.875758      -24.875758
             21      -9.7991274       1.4669383      0.70103893      -12.985874      0.22621877       29.304769       5.0238762    1.033062e-13       1.6835219       2.2120042        2.2120042      -24.022263      -24.022263
              3      -10.479661       1.1447953      0.95133958      -12.931296      0.24975502       13.957104       8.9400424   1.1713973e-13       1.7772766      0.78755668       0.78755668      -22.534435      -22.534435
              8      -10.740261       1.1876137      0.99185701       -12.92458      0.25410078       15.403298       9.8142477   1.1896533e-13       1.7951501      0.83624282       0.83624282      -23.153008      -23.153008
              9      -8.8891051       1.2384949       1.2404139      -12.904899      0.59683177       17.317886       17.394576   1.2448044e-13        3.952135      0.64333385       0.64333385      -19.064878      -19.064878
             39      -10.481805      0.93915305       0.6383178       -12.96283      0.59470437       8.6926671       4.3482829   1.0893559e-13       3.9328228      0.66777014       0.66777014      -22.299151      -22.299151
             15      -9.2644446      0.85864271       0.5064326       -13.02154       0.3015717       7.2217543       3.2094647   9.5161111e-14       2.0024962       1.3182774        1.3182774      -21.165444      -21.165444
              7       -9.543285      0.46756634       0.4245902      -13.074902     0.085256502       2.9347178       2.6582156   8.4158414e-14       1.2169045       2.4713979        2.4713979      -24.029366      -24.029366
             11       -11.43543      0.88650172      0.62215008      -13.009038      0.44335442       7.7001949       4.1893832   9.7940431e-14       2.7755843      0.91412959       0.91412959      -24.699119      -24.699119
             26      -11.647064      0.85566548      0.63293964      -13.009558      0.50710117       7.1724162       4.2947673   9.7823287e-14       3.2144092      0.84700387       0.84700387      -24.988136      -24.988136
             12      -11.625535       0.7244704      0.68623892      -13.029874      0.37978446       5.3023746       4.8555554   9.3352443e-14       2.3976427      0.96689595       0.96689595      -25.184862      -25.184862
              2      -11.503732      0.65627816      0.70881082      -13.014584      0.53184802       4.5318775         5.11459   9.6697698e-14       3.4028908      0.80664836       0.80664836      -24.620761      -24.620761
             11       -11.37752      0.70407091      0.80025693      -13.001256      0.54937705       5.0590726       6.3133073   9.9711161e-14       3.5430481      0.58810151       0.58810151      -23.931243      -23.931243
             32      -12.221647      0.63326155       1.0589339      -12.953958      0.68997249       4.2979519       11.453386   1.1118383e-13        4.897478      0.28407574       0.28407574      -25.011446      -25.011446
             10      -11.111024      0.80367438       1.3466142      -12.886735      0.60399888       6.3631825       22.213355   1.2979705e-13       4.0178978      0.12192808       0.12192808      -22.465903      -22.465903
             46      -10.328069       1.0983963       1.7564213      -12.779401      0.37075701       12.542851       57.071765   1.6618765e-13       2.3483186       1.0936195        1.0936195      -22.843376      -22.843376
             23      -10.202789       1.1009517       1.7532803      -12.780295      0.36223721       12.616872        56.66049   1.6584608e-13       2.3026992       1.0986236        1.0986236      -22.602825      -22.602825
             20      -10.261375       1.0552363       1.7870826      -12.774295      0.37483561       11.356285       61.246685    1.681533e-13       2.3704763       1.0948287        1.0948287      -22.712407      -22.712407
              8      -10.462246      0.68022069       1.6441176      -12.821136      0.55681079       4.7887338       44.067413   1.5096081e-13       3.6042159      0.52412319       0.52412319      -21.972739      -21.972739
             14      -10.564423      0.90899071       1.6431644      -12.815744       0.4352677       8.1094371       43.970808   1.5284685e-13       2.7243801      0.56845634       0.56845634      -22.265758      -22.265758
             65      -11.587752      0.91019832       1.5952742      -12.828357      0.43555627       8.1320178       39.379867   1.4847155e-13        2.726191      0.48609554       0.48609554      -24.147696      -24.147696
              7      -9.5923176      0.98501191       1.5172065      -12.829716      0.43967778       9.6607737       32.900801   1.4800754e-13        2.752186      0.42807104       0.42807104      -20.040777      -20.040777
              3      -9.9147721      0.91846809       1.6045565      -12.818932      0.44586856       8.2883501       40.230598   1.5172873e-13       2.7916988      0.49918387       0.49918387      -20.827912      -20.827912
              4      -11.995238      0.58338507      0.99590207        -12.9287      0.29118397       3.8316433       9.9060854   1.1784195e-13       1.9551675      0.52490125       0.52490125      -25.040279      -25.040279
             34      -12.008635      0.58206719      0.98034019      -12.932631      0.27938545       3.8200336       9.5574095   1.1678022e-13       1.9027663      0.55845502       0.55845502      -25.134179      -25.134179
              4      -10.438402      0.77355219      0.73405445      -12.991301      0.29042038       5.9367969       5.4206885   1.0202322e-13       1.9517329      0.80621678       0.80621678      -22.489238      -22.489238
             14       -9.082745      0.30933213      0.39011649      -13.104857      0.26836291       2.0386005       2.4553674   7.8549403e-14       1.8550811       2.8576179        2.8576179      -23.880726      -23.880726
             14      -7.7935578      0.35232731      0.32188741      -13.133755      0.17029868       2.2507503       2.0983958   7.3492918e-14        1.480126       3.2589308        3.2589308      -22.104977      -22.104977
             23       -11.85786       1.0307836      0.78869092       -12.99317      0.37214256       10.734543       6.1473922    1.015852e-13       2.3558225      0.79845118       0.79845118      -25.312623      -25.312623
             19      -11.714633       1.0110113      0.76326598      -12.993843       0.4405363       10.256785       5.7978368    1.014277e-13       2.7576319      0.74803341       0.74803341      -24.925334      -24.925334
             42      -11.394982       1.0462155      0.78402265      -12.985018        0.471556       11.122836       6.0816672   1.0350989e-13       2.9618018      0.71341894       0.71341894      -24.216802      -24.216802
              1      -9.4126111       1.0532171       0.7792213      -12.981146      0.47162309        11.30361       6.0148015   1.0443697e-13       2.9622594      0.71439909       0.71439909       -20.25402       -20.25402
              7      -9.9065731      0.98060016      0.77847708      -12.969021      0.58997095       9.5631322       6.0045031   1.0739372e-13       3.8901912      0.52853747       0.52853747      -20.870221      -20.870221
             11      -11.749801       1.0356423      0.79553873      -12.970948      0.53680287       10.855312       6.2450904    1.069183e-13       3.4419366       0.5992995        0.5992995      -24.698202      -24.698202
             16      -11.163096       1.0233164      0.71701717      -12.990462      0.50669155       10.551554       5.2121532   1.0222054e-13       3.2113789      0.76850274       0.76850274      -23.863198      -23.863198
              3      -11.387433      0.98658784      0.79168321      -12.980639      0.50318133       9.6958936        6.189894   1.0455881e-13       3.1855273      0.59551456       0.59551456      -23.965896      -23.965896
              2      -11.534983       1.0457982      0.69658703      -13.009038      0.49556907       11.112152       4.9726402   9.7940317e-14       3.1301782       0.9117631        0.9117631      -24.893492      -24.893492
             43      -11.743308       1.0535287      0.69840731      -13.008223      0.49455873       11.311722       4.9935259   9.8124446e-14       3.1229047      0.91724326       0.91724326      -25.321102      -25.321102
              3      -9.2858617       1.5091834      0.69682185      -12.996607      0.18999879       32.298578       4.9753295   1.0078424e-13       1.5488123       2.4879048        2.4879048      -23.547533      -23.547533
              5      -9.4129867       1.6269722       1.0821087      -12.916309      0.14646079       42.361584       12.081162   1.2125269e-13       1.4010731       2.5383219        2.5383219      -23.902617      -23.902617
              3       -8.918605       1.7335307       1.1196065      -12.893921      0.21188404       54.141549       13.170628   1.2766719e-13        1.628861       2.9484998        2.9484998       -23.73421       -23.73421
              8      -8.9396632       1.6015482        1.444977      -12.839933      0.33915669       39.952892       27.859739   1.4456616e-13       2.1835175        2.229056         2.229056      -22.337438      -22.337438
              1      -8.0418965       1.6244049       1.4931234      -12.752521      0.21008044       42.111904       31.126004   1.7679865e-13       1.6221105       2.6223558        2.6223558      -21.328505      -21.328505
             20      -7.4533113       1.8336399        1.517932       -12.74712      0.15557098       68.177318       32.955809   1.7901113e-13       1.4307738       3.9116946        3.9116946      -22.730012      -22.730012
              4      -7.9492017       1.8583957       1.3736781      -12.789849      0.14218167       72.176474       23.641668   1.6223738e-13        1.387336       3.8704129        3.8704129      -23.639229      -23.639229
              5      -7.9103871       1.8576275       1.3688236       -12.79028      0.13876021        72.04893       23.378875   1.6207642e-13       1.3764493       3.8668848        3.8668848      -23.554544      -23.554544
              9      -10.089381       1.5309927       1.2175605      -12.885853      0.77784256       33.961953       16.502907   1.3006088e-13       5.9957368       1.6283129        1.6283129      -23.435388      -23.435388
             15      -11.507781      0.91503227         1.09069      -12.837176       1.1334984       8.2230376       12.322249   1.4548693e-13       13.598733      0.37028288       0.37028288      -23.756129      -23.756129
             48      -11.944557      0.91204975        1.078849      -12.840092        1.124206       8.1667592       11.990824   1.4451339e-13       13.310857      0.35692969       0.35692969      -24.602974      -24.602974
             22       -11.50342      0.96078778       1.1024995      -12.828265       1.0869655       9.1366668       12.661918   1.4850281e-13       12.217027      0.33573962       0.33573962      -23.678318      -23.678318
              6      -11.762949      0.96435747       1.0919999      -12.831633       1.0859893       9.2120752        12.35947   1.4735563e-13       12.189595      0.33894227       0.33894227      -24.203783      -24.203783
              3      -11.665307      0.77768508       1.0804227      -12.843235      0.95305463       5.9935631       12.034351   1.4347115e-13       8.9754169      0.12407435       0.12407435      -23.578763      -23.578763
             13      -11.731843       1.0418133       1.2149923      -12.887117      0.71255632       11.010659       16.405606    1.296831e-13       5.1588906      0.20750222       0.20750222      -23.878689      -23.878689
             13      -10.456674       1.3798177      0.73510387      -13.008856      0.53876188       23.978262       5.4338028   9.7981529e-14       3.4574976       1.6472653        1.6472653      -24.207878      -24.207878
             21      -10.262706       1.4516087       0.7842399      -13.007958      0.48314619        28.28842       6.0847102   9.8184181e-14       3.0419088        1.873102         1.873102      -24.271616      -24.271616
              3      -11.244506       1.2887561      0.71309848      -13.008832      0.47532222       19.442677       5.1653348   9.7987002e-14       2.9875984       1.4223649        1.4223649      -25.333743      -25.333743
              1       -11.10572       1.1063506      0.59046787      -13.033774      0.53533051       12.774697       3.8946449   9.2517849e-14       3.4302874       1.2794789        1.2794789      -24.770398      -24.770398
              6      -11.116708        1.154745      0.56583298      -13.025624      0.54910785       14.280553       3.6798742   9.4270592e-14       3.5408526       1.3732548        1.3732548      -24.979926      -24.979926
              1      -10.072958     0.034287613      0.97264197      -12.925995      0.29712019       1.0821504       9.3894892   1.1857832e-13       1.9820755       2.1884959        2.1884959      -24.522909      -24.522909
              1      -10.802189      0.19520048       1.1105185      -12.891574       0.3136981       1.5674745       12.897886   1.2835901e-13       2.0591979       1.3851121        1.3851121      -24.374602      -24.374602
              1      -9.7067742      0.18483785       1.0787952      -12.914803      0.63637146       1.5305159       11.989337   1.2167387e-13       4.3288392       1.2680472        1.2680472      -21.949643      -21.949643
              9      -11.183475      0.53267855      0.89604988      -12.973142      0.47238024       3.4094046        7.871362   1.0637944e-13       2.9674284      0.62795554       0.62795554      -23.622862      -23.622862
              2      -11.990993      0.66564558      0.84352526      -12.962669      0.48424395       4.6306887       6.9746956   1.0897599e-13       3.0496075      0.45980199       0.45980199       -24.90159       -24.90159
              7       -12.00195      0.65727167      0.85123226       -12.95963      0.49125607       4.5422567       7.0995734   1.0974118e-13       3.0992461      0.44610549       0.44610549      -24.896112      -24.896112
              9      -11.887781      0.82043171      0.88747516      -12.943761      0.65566967       6.6135054       7.7174738   1.1382534e-13       4.5255323      0.24493884       0.24493884      -24.265439      -24.265439
              6      -11.929089      0.81300673      0.88615761      -12.944086      0.65438826       6.5013976       7.6940961    1.137403e-13       4.5121991      0.24672158       0.24672158       -24.35162       -24.35162
              5      -9.7154914      0.83266828      0.84925545      -12.950649      0.65104154       6.8024957       7.0673313   1.1203424e-13       4.4775613      0.29963325       0.29963325      -20.030249      -20.030249
              5      -10.976242      0.81482433      0.88752665      -12.947765      0.49354801       6.5286642       7.7183887   1.1278066e-13       3.1156453      0.30544361       0.30544361      -22.563371      -22.563371
              3      -12.295099      0.70999254       1.3275748       -12.87999      0.82538991       5.1285257       21.260567   1.3182881e-13       6.6894422      0.16273185       0.16273185      -24.915662      -24.915662
              1      -12.103286      0.69047511       1.3168966      -12.881492      0.84970696       4.9031492       20.744194   1.3137355e-13       7.0746825      0.18384171       0.18384171      -24.574255      -24.574255
              5      -12.376624      0.72890202       1.2591405      -12.893417      0.83115384       5.3567579        18.16103   1.2781525e-13       6.7788159      0.13457827       0.13457827      -25.022404      -25.022404
             40      -11.723253       0.3797266        1.211657      -12.897171      0.96874675       2.3973233       16.280096   1.2671519e-13       9.3056507      0.76782321       0.76782321      -24.982151      -24.982151
              6       -11.23999      0.49192216       1.1930191      -12.891093       0.9365406       3.1040032       15.596211   1.2850105e-13       8.6405344      0.46826105       0.46826105      -23.416503      -23.416503
             12      -10.380478      0.51660774       1.4155618      -12.893116      0.87137876       3.2855474       26.035251   1.2790391e-13       7.4366743      0.51607296       0.51607296      -21.793102      -21.793102
              8      -11.218126       0.5132502        1.424666       -12.89121      0.88663408       3.2602447       26.586796   1.2846666e-13       7.7025422      0.53885078       0.53885078      -23.513954      -23.513954
             16      -10.819805      0.60310036        1.456086      -12.938659      0.95330677       4.0095936       28.581565   1.1517035e-13       8.9806292      0.59311247       0.59311247      -22.825835      -22.825835
              1      -11.263736      0.66062191      0.91419026      -12.945462      0.74332855       4.5774321       8.2071102    1.133804e-13       5.5376888      0.30674466       0.30674466      -23.140961      -23.140961
             12      -9.2719859      0.26006337       1.1413944      -12.852684       1.2065826       1.8199664       13.848235   1.4038335e-13       16.090985       1.3809453        1.3809453      -21.305862      -21.305862
              8      -5.5405972       0.2393925      0.70440127      -12.976739      0.84138485       1.7353716       5.0629223   1.0550199e-13       6.9404057       1.5920934        1.5920934      -14.265381      -14.265381
              6      -6.9113282       0.2910784      0.87610507      -12.914154        1.040748       1.9546923       7.5180476   1.2185561e-13       10.983684       1.2230424        1.2230424      -16.268741      -16.268741
              3      -8.6419102      0.31841882      0.71041815       -12.94536      0.99340166       2.0817033       5.1335542   1.1340707e-13       9.8492159       1.3504529        1.3504529      -19.984726      -19.984726
             21      -8.9264615       0.2988371      0.72202442      -12.944058      0.97833124       1.9899268       5.2725951   1.1374746e-13       9.5133011       1.3744507        1.3744507      -20.601824      -20.601824
              8      -12.026433      0.56387157       1.0627603      -12.830748       1.1776254       3.6632923       11.554744   1.4765614e-13       15.053082      0.59500744       0.59500744      -25.242882      -25.242882
              4      -11.799871      0.49028972       1.0316605      -12.836285       1.2407023       3.0923577        10.75624   1.4578577e-13       17.406132      0.84135852       0.84135852      -25.282459      -25.282459
              9      -11.591782      0.49056941       1.0180211      -12.839241       1.2482529       3.0943498       10.423681   1.4479691e-13       17.711398      0.86039092       0.86039092      -24.904346      -24.904346
             41      -11.684162      0.45710744       1.0106658      -12.843217        1.248496       2.8648867       10.248631   1.4347708e-13       17.721318      0.93329364       0.93329364       -25.23491       -25.23491
             13      -11.767411      0.67112856        1.063691       -12.81615       1.2095192       4.6895219       11.579533   1.5270372e-13       16.200157      0.52438769       0.52438769      -24.583597      -24.583597
              1      -11.508557      0.72278216       1.0636448       -12.83108       1.0927445       5.2818025         11.5783   1.4754341e-13       12.380679      0.30478858       0.30478858      -23.626691      -23.626691
              3      -10.056627      0.62295226       1.1072813       -12.83459       1.1420055       4.1971284       12.802102   1.4635571e-13       13.867735      0.45556231       0.45556231      -21.024378      -21.024378
             12      -9.2047663       1.0826759      0.89540882      -12.841435      0.90201633       12.096951       7.8597516   1.4406709e-13       7.9802469      0.38427865       0.38427865       -19.17809       -19.17809
             37       -9.997791       1.1071826      0.90925917      -12.831509       0.9183186       12.799194       8.1144514   1.4739795e-13       8.2854976       0.4260085        0.4260085      -20.847599      -20.847599
              2      -11.006813      0.87401617       0.8672781      -12.889522      0.84304572       7.4819736       7.3667868   1.2896688e-13       6.9669986      0.20398391       0.20398391      -22.421594      -22.421594
             33      -11.208557      0.89081219       0.8640864      -12.884803       0.8686846       7.7770017       7.3128455   1.3037588e-13       7.3906834      0.22266296       0.22266296      -22.862439      -22.862439
              5      -11.182938      0.89107827      0.86434732      -12.884714      0.86888134       7.7817679       7.3172403   1.3040251e-13       7.3940323      0.22256276       0.22256276      -22.811003      -22.811003
              6      -10.239688       1.2841541      0.80067509      -12.999651      0.37095435        19.23774       6.3193891   1.0008028e-13       2.3493858       1.3432936        1.3432936      -23.165964      -23.165964
             35      -10.509268       1.3442316      0.76299699      -12.999154      0.36891541       22.091826       5.7942467   1.0019504e-13       2.3383818       1.5697603        1.5697603      -24.158056      -24.158056
              9      -10.023918       1.5266314      0.69132907      -13.016904      0.32549089        33.62261       4.9127999   9.6182391e-14       2.1158793       2.4781517        2.4781517      -25.004139      -25.004139
              3      -10.250147       1.4951876      0.77239919       -12.98791      0.31569064       31.274297       5.9210563   1.0282303e-13       2.0686673       2.1246162        2.1246162      -24.749527      -24.749527
              4      -10.317717       1.4007602      0.79541323      -12.978297      0.37754276       25.162871       6.2432859   1.0512426e-13       2.3852986       1.6334253        1.6334253      -23.902284      -23.902284
             26      -10.388883       1.0843182      0.94216853      -12.919935      0.51384785       12.142783       8.7532338   1.2024438e-13       3.2647344      0.40894501       0.40894501      -21.595656      -21.595656
             22      -12.507749       0.8678034       1.1822499      -12.885555      0.47905204       7.3757026       15.214229   1.3015038e-13       3.0133671     0.099959592      0.099959592      -25.215417      -25.215417
              2      -11.316235      0.94762053       1.2042692      -12.878767      0.51196667       8.8638119       16.005498    1.322004e-13       3.2506235       0.1243134        0.1243134      -22.881096      -22.881096
             15      -12.195081      0.92901298       1.2180124      -12.880993       0.5346968       8.4920585        16.52009   1.3152464e-13       3.4252857      0.10651671       0.10651671      -24.603196      -24.603196
             17      -12.354818      0.91863648        1.220778      -12.881927      0.53747813       8.2915644       16.625627   1.3124214e-13       3.4472924        0.100455         0.100455      -24.910547      -24.910547
              1      -12.351255      0.91158754        1.220297      -12.882637      0.51329804       8.1580721        16.60722   1.3102752e-13       3.2606039      0.10803973       0.10803973       -24.91859       -24.91859
             18      -12.436701      0.89586766       1.2192828      -12.877633      0.51600861       7.8680599       16.568484    1.325461e-13        3.281018     0.090907934      0.090907934      -25.055218      -25.055218
              5      -11.952935      0.68496503       1.3756819      -12.868621       0.7027296       4.8413338       23.750998   1.3532528e-13       5.0434719      0.16621748       0.16621748      -24.238305      -24.238305
              9      -11.759426       1.1017451       1.4410938      -12.868225      0.54771794       12.639943       27.611744   1.3544884e-13       3.5295386      0.45932658       0.45932658      -24.437504      -24.437504
              7      -11.717621       1.0930779       1.5542996      -12.852303      0.57092723       12.390188       35.834359   1.4050655e-13       3.7232931      0.56925403       0.56925403      -24.573751      -24.573751
             16      -11.639575       1.0232748       1.5000606      -12.866349      0.58148248       10.550542       31.627188   1.3603525e-13        3.814894      0.39769953       0.39769953      -24.074548      -24.074548
             16      -10.844361       1.0239311        1.575358      -12.755118      0.31812691       10.566499       37.614739   1.7574455e-13       2.0803045      0.73068079       0.73068079      -23.150084      -23.150084
              5      -12.250649      0.91116781       1.1887958      -12.880144      0.72265173       8.1501914       15.445279   1.3178196e-13       5.2802165     0.061366533      0.061366533      -24.624032      -24.624032
              4      -11.251428       1.2216256       1.1283361      -12.907154      0.42596314       16.658105       13.438045   1.2383587e-13       2.6666323      0.66745084       0.66745084      -23.837758      -23.837758
              6       -11.00943       1.2234563       1.4807917      -12.796643      0.32886319       16.728473       30.254619   1.5971917e-13       2.1323731      0.91469227       0.91469227      -23.848245      -23.848245
             13      -10.903868       1.2385554       1.4867323      -12.795961      0.33002231         17.3203       30.671311   1.5997023e-13       2.1380719      0.95961663       0.95961663       -23.72697       -23.72697
             11      -11.204984       1.2142955       1.4919002        -12.7999       0.3291598       16.379304       31.038462   1.5852567e-13       2.1338299      0.90367223       0.90367223      -24.217313      -24.217313
              5       -11.25682       1.2013749       1.4971472      -12.799926      0.33342851       15.899185       31.415733    1.585165e-13       2.1549069      0.87473771       0.87473771      -24.263115      -24.263115
             23      -11.077325       1.0975757       1.5365374      -12.792822      0.31576823       12.519175       34.398333   1.6113042e-13       2.0690369      0.74058861       0.74058861      -23.635828      -23.635828
              3      -11.204601      0.99702909       1.5769939      -12.773109      0.32827918       9.9318258        37.75669   1.6861284e-13       2.1295075      0.66329542       0.66329542      -23.735793      -23.735793
              9      -10.880169       1.0048737       1.5850129      -12.770812      0.33473651       10.112853       38.460317   1.6950697e-13       2.1614068      0.68082263       0.68082263      -23.121983      -23.121983
              3      -10.697374      0.94470913       1.5012482      -12.771709      0.29888226       8.8045899       31.713797   1.6915749e-13       1.9901337       0.5394897        0.5394897      -22.473728      -22.473728
             20      -11.408345      0.74857719       1.3391517      -12.790348      0.24408379       5.6050203       21.834926   1.6205126e-13       1.7542189      0.38159647       0.38159647      -23.579882      -23.579882
              7      -11.933562      0.92363967       1.1454727      -12.903398      0.61754015       8.3876379       13.978891   1.2491149e-13        4.145149     0.098990404      0.098990404      -24.065106      -24.065106
              9      -12.207432      0.75324349       1.3175126      -12.869408      0.56868928       5.6655684       20.773642   1.3508024e-13       3.7041561     0.097989068      0.097989068      -24.610843      -24.610843
              6      -12.301142      0.63020692       1.3649246      -12.864975      0.54242591       4.2678281       23.169925   1.3646603e-13        3.486791      0.22771734       0.22771734      -25.057719      -25.057719
             10      -11.833952      0.63555747       1.2986217       -12.85079      0.34104249       4.3207334         19.8894   1.4099706e-13       2.1930195      0.31076887       0.31076887      -24.289441      -24.289441
             14      -12.021166      0.62973306       1.2982033      -12.851246       0.3442229       4.2631741       19.870249   1.4084898e-13       2.2091383      0.31371443       0.31371443      -24.669762      -24.669762
             20      -12.039809      0.72938008       1.4346292      -12.846457      0.55332577       5.3626577       27.203778   1.4241098e-13       3.5754093      0.19793691       0.19793691      -24.475493      -24.475493
             12      -11.040614      0.75878704       1.4175614      -12.852798      0.51847987       5.7383501       26.155404   1.4034655e-13       3.2997411        0.186856         0.186856       -22.45494       -22.45494
             12      -11.362685      0.98064469       1.2877744      -12.875493       0.6958124       9.5641128        19.39878   1.3320073e-13       4.9637786      0.14846547       0.14846547      -23.022301      -23.022301
              4      -10.734202        1.053518       1.1082814      -12.896747      0.27064003       11.311442       12.831617   1.2683905e-13       1.8648334      0.47809139       0.47809139      -22.424587      -22.424587
             22      -10.839137       1.2380717       1.4911101      -12.820272      0.30447578       17.301019       30.982048   1.5126128e-13       2.0159315      0.98333243       0.98333243      -23.644939      -23.644939
              8      -11.704637      0.40613577       1.2968093      -12.854841      0.33255614       2.5476266       19.806573   1.3968806e-13       2.1505826      0.72387016       0.72387016      -24.857015      -24.857015
              7      -11.111341       0.3842038       1.2249168      -12.867538      0.29671524       2.4221654       16.784823   1.3566309e-13       1.9802282      0.79661637       0.79661637      -23.815916      -23.815916
              2      -11.304955      0.30254463       1.1039615       -12.89223      0.31750508       2.0069873       12.704615   1.2816528e-13        2.077328       1.0174103        1.0174103       -24.64473       -24.64473
              7       -10.86723      0.23174876      0.79926218      -12.980572      0.38685993       1.7050957       6.2988633   1.0457507e-13       2.4370247       1.5919854        1.5919854      -24.918432      -24.918432
              8      -10.628203      0.16568583      0.74348943      -13.000761      0.36179165        1.464488       5.5397406   9.9824902e-14        2.300338       2.0075084        2.0075084      -25.271424      -25.271424
              8      -10.717845      0.19734255      0.74418112      -13.007277      0.37711347       1.5752249       5.5485706   9.8338424e-14        2.382942       1.8992532        1.8992532      -25.234197      -25.234197
              4      -9.6723965      0.54945671       0.6690362      -13.021142      0.21990978        3.543698       4.6669828   9.5248521e-14       1.6592422       1.3266289        1.3266289      -21.998051      -21.998051
              3      -10.023391    -0.033462112       1.0196719      -12.921716      0.86697435      0.92584415       10.463378   1.1975227e-13       7.3616361       2.3310668        2.3310668      -24.708915      -24.708915
             29      -10.126517    -0.024460349       1.0338107      -12.920682      0.86829354      0.94523469       10.809626   1.2003789e-13       7.3840314       2.2792715        2.2792715      -24.811577      -24.811577
              2      -11.534407      0.24321204       1.2524564      -12.894134      0.70500068       1.7507013       17.883662   1.2760442e-13        5.069915       1.0454304        1.0454304      -25.159675      -25.159675
              4      -11.194947      0.20152115       1.2582068      -12.894134      0.67899311       1.5904541        18.12203   1.2760452e-13       4.7752169       1.1943688        1.1943688      -24.778633      -24.778633
              7      -10.966202       0.1600236      0.90470571      -12.951736      0.55603837       1.4455183       8.0298182   1.1175419e-13       3.5978112       1.5556017        1.5556017      -25.043608      -25.043608
              7      -10.487851       0.1618292      0.90086604      -12.955521       0.5135202       1.4515406       7.9591381   1.1078459e-13       3.2622722       1.5814592        1.5814592       -24.13862       -24.13862
              6      -11.062348      0.19743734      0.90994895      -12.952377      0.52277958       1.5755687       8.1273497   1.1158951e-13       3.3325723       1.4246319        1.4246319       -24.97396       -24.97396
             19      -10.857824      0.89248618      0.76087321       -12.88526      0.86078529        7.807036       5.7659811    1.302387e-13       7.2574707      0.32840922       0.32840922      -22.372465      -22.372465
             22      -10.670632      0.92340567      0.80306185      -12.890573      0.82708427       8.3831197       6.3542142   1.2865515e-13       6.7155914      0.28613173       0.28613173      -21.913528      -21.913528
              5      -11.013607      0.61796502      0.75713366      -12.963434       0.1803067       4.1492063       5.7165455   1.0878421e-13       1.5146305      0.93799464       0.93799464      -23.903203      -23.903203
             25      -12.201086      0.59954331       1.0961116        -12.9015      0.30017662       3.9768876       12.477041   1.2545844e-13       1.9960739      0.40804424       0.40804424      -25.218261      -25.218261
             20      -12.038101      0.59330085       1.0633005      -12.900197      0.27549041       3.9201334       11.569126   1.2583545e-13       1.8857773      0.44891119       0.44891119      -24.974024      -24.974024
             11      -12.017624      0.58632495       1.0570031      -12.902069      0.28297011       3.8576689       11.402578   1.2529414e-13       1.9185367      0.45351426       0.45351426      -24.942277      -24.942277
              9      -11.505286      0.57477625        1.042261      -12.921395      0.44384991       3.7564382       11.022015   1.1984075e-13       2.7787528      0.35409659       0.35409659      -23.718766      -23.718766
              2      -11.924534      0.95501954       0.8386446      -12.947472      0.48552942        9.016117       6.8967518   1.1285699e-13       3.0586474      0.41511917       0.41511917      -24.679307      -24.679307
             31      -11.942784      0.95284944      0.83813333       -12.94752      0.48885399       8.9711773       6.8886375    1.128444e-13       3.0821516      0.41192949       0.41192949      -24.709427      -24.709427
             22      -12.299327      0.91838321      0.86365127      -12.945911      0.48769726       8.2867304       7.3055222   1.1326322e-13       3.0739533       0.3582959        0.3582959      -25.315246      -25.315246
              8      -12.111158       0.9663946      0.93974261       -12.94014      0.39411009       9.2553874       8.7044756   1.1477846e-13       2.4780501       0.3918956        0.3918956      -25.006107      -25.006107
             31      -10.184065      0.47230837      0.58793283      -13.015155      0.79023191       2.9669373       3.8719775   9.6570705e-14       6.1692434       1.2740548        1.2740548      -22.916239      -22.916239
              4      -10.585947      0.32182141      0.67890918      -13.017409      0.79634914       2.0980769       4.7742942   9.6070653e-14       6.2567549        1.511034         1.511034      -24.193962      -24.193962
              1      -11.307105       0.4159894       1.1297694      -12.899849      0.92660325         2.60609       13.482467   1.2593645e-13       8.4450699      0.62957552       0.62957552      -23.873361      -23.873361
              2      -11.567336      0.37653399       1.1276417      -12.901585      0.93731247       2.3797646       13.416576   1.2543395e-13       8.6559047      0.74077555       0.74077555      -24.616223      -24.616223
              2      -11.497154      0.29367854      0.90163844      -12.953023      0.46699741       1.9664302       7.9733061   1.1142345e-13       2.9308758       1.1352321        1.1352321      -25.264772      -25.264772
             15      -11.206081      0.20911836      0.96761838      -12.942025      0.46583985       1.6185211       9.2815045   1.1428114e-13       2.9230743       1.3474844        1.3474844      -25.107132      -25.107132
              3      -11.555998      0.28997225       1.0831502      -12.928424      0.56453611         1.94972       12.110169   1.1791694e-13        3.668902      0.95029239       0.95029239       -25.01258       -25.01258
              3      -8.8757245      0.36518399       1.1474973      -12.902322      0.64774278       2.3183766        14.04421   1.2522116e-13         4.44368      0.65604669       0.65604669      -19.063542      -19.063542
              4      -9.4170473      0.39796539       1.1513524      -12.899472      0.67241269       2.5001461        14.16943   1.2604577e-13       4.7034084      0.56552725       0.56552725      -19.965149      -19.965149
             22       -11.60059      0.26935654       1.1540303       -12.90959      0.81232616       1.8593303        14.25707    1.231431e-13       6.4912174      0.99008549       0.99008549      -25.181352      -25.181352
              8      -11.182917      0.12746034       1.2060934      -12.899022      0.66538281       1.3410975       16.072868   1.2617633e-13       4.6278877       1.4720125        1.4720125      -25.309858      -25.309858
             13      -10.590007      0.28435762       1.3557318      -12.886765       0.6001087       1.9246759       22.684633   1.2978825e-13       3.9820683      0.96805679       0.96805679      -23.116127      -23.116127
             13      -12.260831      0.53683599       1.3151079      -12.889967      0.78057621       3.4421992       20.658931   1.2883487e-13       6.0335958       0.3451488        0.3451488      -25.211959      -25.211959
             18       -11.89915      0.42429014       1.3542979      -12.893165      0.95500101       2.6563796       22.609864   1.2788962e-13       9.0157324      0.71728964       0.71728964       -25.23288       -25.23288
             36       -11.79327      0.42033287       1.3191369      -12.897166      0.96950431       2.6322848        20.85148   1.2671681e-13       9.3218973      0.72111945       0.72111945       -25.02878       -25.02878
              5      -11.111658      0.34953471       1.3368123      -12.902168        1.007702       2.2363239       21.717624   1.2526564e-13       10.178927      0.96484094       0.96484094      -24.152997      -24.152997
              3      -11.118933      0.35105751       1.2373766      -12.908185       1.0311409       2.2441791        17.27335   1.2354213e-13        10.74338      0.94214069       0.94214069      -24.122147      -24.122147
              4       -11.26675      0.42928226       1.2160829      -12.914143      0.97870234       2.6870903       16.446855   1.2185886e-13       9.5214336      0.69024159       0.69024159      -23.913983      -23.913983
              4      -11.224456      0.23365166       1.2236158       -12.91237      0.98108721       1.7125831       16.734619   1.2235728e-13       9.5738631       1.2584684        1.2584684      -24.965849      -24.965849
              7      -11.317095      0.27882637       1.1417467      -12.913308      0.87953573       1.9003184       13.859472   1.2209333e-13       7.5776707       1.0048531        1.0048531      -24.643897      -24.643897
              2      -11.688534      0.31156232       1.1735882      -12.910531      0.91862141       2.0490961       14.913795   1.2287642e-13       8.2912768      0.93044634       0.93044634       -25.23796       -25.23796
             13      -11.502418      0.26802055       1.2349211      -12.893779      0.93333967       1.8536193       17.175963   1.2770889e-13        8.577084       1.0665487        1.0665487      -25.137933      -25.137933
             61      -7.8159188       1.2359816       1.5195611      -12.942365      0.74681076       17.217956       33.079662    1.141918e-13       5.5822689      0.97610916       0.97610916      -17.584056      -17.584056
             11      -5.4751196       1.4045518       1.3759221      -12.971755       1.0354994       25.383516       23.764138   1.0671972e-13       10.851739       1.6362491        1.6362491      -14.222737      -14.222737
              6       -9.719371       1.7822698       1.1184295      -12.913246      0.68815984       60.571708       13.134984   1.2211072e-13       4.8770795       2.9263816        2.9263816      -25.291505      -25.291505
              5      -9.6743148       1.7802428       1.1414445      -12.916216      0.67982514       60.289651       13.849831   1.2127865e-13       4.7843742       2.9211778        2.9211778      -25.190985      -25.190985
              3      -9.3364006       1.4112217       1.1465485      -12.905761      0.53010343       25.776366       14.013561    1.242336e-13       3.3892486       1.1805775        1.1805775      -21.033956      -21.033956
              1      -11.216443       1.3944808        1.442257      -12.871632      0.55655559       24.801665       27.685796   1.3439045e-13       3.6020986       1.2342478        1.2342478      -24.901381      -24.901381
              5      -11.239048      0.97561031       1.2369032      -12.900884      0.68138352       9.4538849       17.254531   1.2563661e-13       4.8015728      0.15618186       0.15618186      -22.790459      -22.790459
              2      -12.486738      0.93705832       1.1834593       -12.88566      0.74322049       8.6508409       15.256653   1.3011887e-13       5.5363112      0.08988792       0.08988792      -25.153251      -25.153251
             33      -11.448068       0.9985798       1.4997427      -12.778438      0.28239314       9.9673521        31.60405    1.665565e-13       1.9159896      0.60204006       0.60204006      -24.100217      -24.100217
              5      -11.407188      0.69867145       1.4711639        -12.7915      0.35927329       4.9965639       29.591291   1.6162183e-13       2.2870375      0.39883888       0.39883888      -23.612053      -23.612053
             13      -12.036993      0.48631756        1.213299      -12.896194      0.51232483       3.0642032       16.341765   1.2700065e-13       3.2533053      0.41524272       0.41524272      -24.904471      -24.904471
              1      -11.694312      0.56227877       1.1716349      -12.913972      0.48692302       3.6498815       14.846869   1.2190681e-13        3.068478      0.32140751       0.32140751      -24.031438      -24.031438
              1       -11.79852      0.58760254       1.1855142      -12.909964      0.54768429       3.8690339       15.329015   1.2303713e-13       3.5292651      0.24991329       0.24991329      -24.096866      -24.096866
              1       -11.30203      0.71378893       1.1097636      -12.906468      0.46188278       5.1735533       12.875486    1.240315e-13       2.8965617      0.15917166       0.15917166      -22.922403      -22.922403
              9      -12.382003      0.80288738       1.0522283      -12.931877      0.47893834        6.351662       11.277901   1.1698319e-13       3.0125783      0.18510193       0.18510193       -25.13421       -25.13421
              2      -11.762254      0.78531157       1.0102399      -12.943587      0.46885172       6.0997435       10.238585   1.1387092e-13       2.9434165      0.23783581       0.23783581       -24.00018       -24.00018
              1       -11.87478      0.81479126       1.0549092      -12.931454      0.59600277       6.5281671       11.347736   1.1709716e-13       3.9445982       0.1335936        0.1335936      -24.016748      -24.016748
             16      -11.222642        1.028928      0.77219587      -12.944946      0.57555907       10.688778        5.918285    1.135151e-13       3.7632154      0.52039088       0.52039088      -23.486067      -23.486067
              3      -11.285402        1.040969      0.73685692      -12.950663      0.63555743       10.989273       5.4557809   1.1203067e-13        4.320733      0.58583071       0.58583071      -23.742466      -23.742466
              2      -10.297063        1.072643      0.71511512      -12.954178      0.60095706       11.820694       5.1893758   1.1112765e-13       3.9898545      0.67869122       0.67869122      -21.951509      -21.951509
              3      -11.240239       1.0519045      0.69585734      -12.955427      0.60533424       11.269496       4.9642923    1.108086e-13       4.0302709      0.67764503       0.67764503      -23.835768      -23.835768
             12      -10.689524      0.72382502      0.98594447      -12.891452       0.7849381       5.2945008       9.6815405   1.2839484e-13       6.0945002      0.11122741       0.11122741      -21.601502      -21.601502
              3      -10.435488      0.73635558      0.98633482      -12.889759      0.79386398       5.4494864       9.6902464   1.2889633e-13       6.2210542      0.10577963       0.10577963      -21.082536      -21.082536
              7      -11.638775      0.72247426      0.94302376      -12.918107      0.38159121       5.2780593       8.7704881   1.2075165e-13       2.4076381      0.29700819       0.29700819      -23.871566      -23.871566
              3      -9.3693534      0.65727314      0.84101426      -12.946946      0.40749475        4.542272       6.9344857   1.1299361e-13        2.555611      0.47626181       0.47626181       -19.69123       -19.69123
              3      -9.8569839      0.65851154      0.85608526      -12.945949       0.4315898       4.5552429       7.1793522   1.1325327e-13       2.7014056      0.43865426       0.43865426      -20.591276      -20.591276
              3      -10.086832     0.035851043      0.75420832       -12.97813      0.69958528       1.0860531        5.678169    1.051646e-13       5.0070887       2.3112199        2.3112199      -24.796104      -24.796104
             16      -10.298077      0.28209511      0.66420582      -13.002308        0.572715       1.9146752       4.6153626   9.9469877e-14       3.7386516       1.5769262        1.5769262      -23.750007      -23.750007
              1      -10.241024      0.40185376      0.92030428      -12.942164      0.93320078       2.5226312       8.3234674    1.142447e-13       8.5743416      0.83588673       0.83588673      -22.153822      -22.153822
             37      -11.193002      0.55311024       1.5089246      -12.831435      0.51773799       3.5736354        32.27934   1.4742282e-13       3.2941092       0.4786595        0.4786595      -23.343322      -23.343322
              1      -11.248242      0.50916102       1.3021885      -12.874239      0.62617021       3.2296913       20.053421   1.3358592e-13        4.228343       0.3455697        0.3455697      -23.187624      -23.187624
              5       -8.937121       1.2021067      0.95110317      -12.922197     0.079043098       15.926001       8.9351772   1.1961985e-13       1.1996183       1.1705936        1.1705936      -20.215429      -20.215429
             10      -12.156805      0.59028971       1.3580245      -12.867065      0.49656661       3.8930476       22.804705   1.3581088e-13       3.1373763      0.29464009       0.29464009       -24.90289       -24.90289
             20       -12.21748      0.58398681       1.3505905      -12.868964       0.4897349       3.8369559       22.417671   1.3521842e-13       3.0884097      0.30304864       0.30304864      -25.041057      -25.041057
             13      -11.878526      0.64356345        1.464059      -12.846261      0.52702455       4.4011224       29.111128   1.4247526e-13       3.3653059       0.3065912        0.3065912      -24.370234      -24.370234
              1      -9.1133548      0.65739712       1.4677503      -12.842389      0.53241693       4.5435689       29.359608   1.4375088e-13       3.4073514      0.29331433       0.29331433      -18.813338      -18.813338
             14      -10.737348      0.60994118       1.6177946      -12.815893      0.59047622        4.073251       41.475783   1.5279413e-13       3.8947198      0.53892918       0.53892918      -22.552554      -22.552554
             34      -8.8875539      0.67939702       1.5833613      -12.840542      0.54823595       4.7796602        38.31434   1.4436364e-13        3.533751      0.42787272       0.42787272      -18.630853      -18.630853
              4      -11.311323      0.38696091       1.4812716      -12.861247      0.70439916       2.4375914       30.288069   1.3764266e-13       5.0628978      0.76638422       0.76638422      -24.155414      -24.155414
              3      -12.319502       0.6228699       1.3108661      -12.868823      0.43372786       4.1963326       20.458138   1.3526225e-13       2.7147376      0.26300356       0.26300356      -25.165011      -25.165011
              2      -12.327842      0.67541919       1.2928479      -12.875446      0.45457835       4.7360818       19.626726   1.3321524e-13       2.8482516      0.19270888       0.19270888      -25.041103      -25.041103
              4      -10.232872       0.4732713       1.7052729      -12.778892      0.54175815        2.973523       50.730934    1.663828e-13       3.4814339      0.96442776       0.96442776        -22.3946        -22.3946
              2      -9.5518167      0.31779146       1.6851007      -12.789656      0.56734267       2.0786983       48.428467   1.6230954e-13       3.6926885       1.2951633        1.2951633       -21.69396       -21.69396
             35      -8.5259118      0.14256237       1.7586504      -12.713732       0.3267704       1.3885527       57.365452   1.9331612e-13       2.1221222       2.3678781        2.3678781       -21.78758       -21.78758
             17      -9.1138369      0.29083493       1.8570585      -12.698793       0.3568798       1.9535968       71.954591   2.0008167e-13       2.2744678       2.0781077        2.0781077      -22.383889      -22.383889
             15      -8.1544742      0.53241305       1.7001812      -12.711441      0.32065914        3.407321       50.139634    1.943384e-13       2.0924695       1.1428644        1.1428644      -18.594677      -18.594677
             12      -8.1201601      0.52201533       1.6936543       -12.71345      0.32773916        3.326713       49.391734   1.9344159e-13       2.1268613       1.1344595        1.1344595      -18.509239      -18.509239
              8      -10.377637      0.57873929       1.7137387      -12.762331      0.49038178       3.7908735       51.729549   1.7284987e-13       3.0930133      0.84672754       0.84672754       -22.44873       -22.44873
             11      -11.160445      0.93464962       1.5233095      -12.773934      0.32625298        8.602994       33.366413    1.682929e-13       2.1195955      0.52694863       0.52694863      -23.374786      -23.374786
             13      -11.198358      0.93469461       1.5260233      -12.773595      0.32914512       8.6038852       33.575561   1.6842446e-13       2.1337578      0.52796344       0.52796344      -23.452642      -23.452642
              8      -10.907102       0.9528754      0.76995857      -12.943376     0.065710421       8.9717135       5.8878749   1.1392636e-13       1.1633501       1.0117729        1.0117729      -23.837749      -23.837749
              2      -9.0438837      0.92033103       0.3274054      -13.121804      0.31941463         8.32398       2.1252274   7.5543306e-14       2.0864819       2.3522786        2.3522786      -22.792325      -22.792325
              1      -9.0190449      0.92640082      0.32905491      -13.121967      0.32385185       8.4411344       2.1333146    7.551489e-14        2.107909       2.3480721        2.3480721      -22.734234      -22.734234
              4      -6.3409597      0.86908318      0.41999896      -13.098381      0.38180813       7.3974694       2.6302617    7.972945e-14        2.408841       1.8643242        1.8643242      -16.410568      -16.410568
              4      -10.503066      0.79396574      0.62297688      -13.045209      0.34608339        6.222512       4.1973664   9.0113822e-14       2.2186224       1.1579834        1.1579834      -23.322099      -23.322099
              7      -11.593696      0.68333412      0.66900285      -13.035241      0.45857535       4.8231872       4.6666244   9.2205882e-14       2.8745863      0.98273043       0.98273043      -25.152853      -25.152853
              3       -12.15358      0.59507825       0.9151006      -12.948195      0.48385277       3.9362099       8.2243313   1.1266905e-13       3.0468619       0.4324473        0.4324473      -25.172055      -25.172055
             15      -11.579301      0.71917718      0.95716815       -12.93977      0.52348837       5.2381409       9.0608334   1.1487608e-13       3.3380157      0.24513068       0.24513068      -23.648864      -23.648864
              2      -11.935079       1.0451368       1.2997826      -12.856393      0.34156339       11.095242        19.94264   1.3918971e-13       2.1956514      0.38736399       0.38736399      -24.644885      -24.644885
             12      -10.640427       1.0869614       1.3186586      -12.854647      0.27763832        12.21691       20.828529   1.3975036e-13        1.895127      0.53726358       0.53726358      -22.355382      -22.355382
             10      -11.114227       1.0476206       1.3530992      -12.855212      0.38240368       11.158881       22.547539   1.3956872e-13       2.4121465       0.3870724        0.3870724        -23.0026        -23.0026
              3      -11.211149      0.36320331       1.1088245      -12.933796      0.45246373       2.3078273       12.847673   1.1646727e-13       2.8344169      0.80547026       0.80547026      -24.033238      -24.033238
             13      -11.136193      0.38398916       1.1131215       -12.93082      0.43788727       2.4209686       12.975422   1.1726818e-13       2.7408626      0.75327405       0.75327405      -23.778934      -23.778934
              7      -11.855118      0.65115321       1.1611209      -12.879719      0.31470866       4.4787127       14.491752   1.3191114e-13       2.0639951      0.30053816       0.30053816      -24.311313      -24.311313
              3       -11.55925       0.4832098       1.2766738      -12.865539      0.34332572       3.0423544       18.909228   1.3628892e-13       2.2045793      0.53923937       0.53923937      -24.196978      -24.196978
             17      -11.611357      0.47949923       1.2943038      -12.858383       0.3359535       3.0164715       19.692634   1.3855347e-13        2.167472      0.55811771       0.55811771      -24.338949      -24.338949
             10      -11.297499      0.64712856       1.5202107      -12.840794      0.53458674       4.4373998       33.129182   1.4428011e-13       3.4244177      0.36886094       0.36886094      -23.332719      -23.332719
             10      -10.066018      0.75215479       1.4368018      -12.842056      0.40444478       5.6513836       27.340206   1.4386135e-13       2.5377263      0.28008491       0.28008491      -20.692205      -20.692205
             10      -7.0081331      0.78167968       1.4639766      -12.838415      0.37730836       6.0489456       29.105602   1.4507251e-13       2.3840116      0.32610062       0.32610062      -14.668467      -14.668467
             22      -11.075404      0.65489442       1.4273609      -12.855166      0.52546119       4.5174611       26.752283   1.3958334e-13       3.3532134      0.26077535       0.26077535      -22.672358      -22.672358
              4      -8.2751805        1.057837       1.5792108       -12.73455      0.13091076       11.424496       37.949917   1.8426794e-13       1.3517948       1.0931851        1.0931851      -18.736731      -18.736731
             10      -10.201349        1.140014        1.550557      -12.748787      0.16528949       13.804288       35.526875   1.7832516e-13       1.4631522       1.1059816        1.1059816      -22.614661      -22.614661
              4      -10.380409       1.0535267       1.5886285      -12.746117      0.21822161       11.311669       38.781852   1.7942491e-13        1.652805      0.93831374       0.93831374      -22.637445      -22.637445
             18      -10.069682       1.0561223        1.588378      -12.746097      0.21664102       11.379477       38.759489   1.7943346e-13       1.6468006      0.94409029       0.94409029      -22.027545      -22.027545
             17      -10.539297      0.73376364       1.7129062      -12.844569      0.64128623       5.4170599       51.630481   1.4303119e-13       4.3781056      0.60791159       0.60791159      -22.294417      -22.294417
             31      -11.526349      0.88374454       1.6335421      -12.836315      0.49074797        7.651464       43.007289   1.4577579e-13       3.0956224      0.50195658       0.50195658      -24.056611      -24.056611
              1        -10.7555      0.99346435       1.5766857      -12.859054      0.56764315       9.8506379       37.729907   1.3833949e-13       3.6952442      0.46969243       0.46969243      -22.450385      -22.450385
             14      -11.715264      0.51288435       1.1735942      -12.885136      0.99869979       3.2574995       14.914001   1.3027596e-13       9.9701064      0.47656762       0.47656762      -24.383663      -24.383663
             15      -11.615673      0.46488785       1.1312432       -12.90252       1.0027941       2.9166737       13.528299   1.2516405e-13       10.064545      0.59856155       0.59856155      -24.428469      -24.428469
              2      -11.168054      0.25373682       1.2444686       -12.88419       1.0846662       1.7936464       17.557738    1.305599e-13       12.152517       1.2711394        1.2711394      -24.878387      -24.878387
              2      -11.159631      0.23601526       1.2288531      -12.884658       1.0809947       1.7219291       16.937646   1.3041925e-13       12.050211       1.3212675        1.3212675      -24.961796      -24.961796
             13      -10.476899    -0.016013181       1.2749863      -12.897399       0.7881694      0.96379977       18.835898   1.2664881e-13       6.1400145       2.1759793        2.1759793      -25.305757      -25.305757
              1      -10.512713      0.19303704       1.4678239      -12.894646      0.94001138       1.5596855       29.364585   1.2745422e-13       8.7098642       1.5214688        1.5214688      -24.068364      -24.068364
             10      -9.5125245      0.28158471       1.5781674      -12.868166      0.77898089       1.9124263       37.858846    1.354672e-13       6.0114728        1.230704         1.230704      -21.486457      -21.486457
              6      -10.978836       0.5696065       1.5955896      -12.853968      0.66745735       3.7119875       39.408472    1.399691e-13       4.6500471      0.55527938       0.55527938      -23.068231      -23.068231
             21      -11.801453      0.37952448       1.3050473        -12.8804      0.77940705       2.3962078       20.185863   1.3170437e-13       6.0173747      0.65981258       0.65981258      -24.922531      -24.922531
              1      -12.235347      0.49745104        1.089583      -12.930616      0.62697313        3.143772        12.29088    1.173233e-13       4.2361675      0.41709991       0.41709991      -25.304894      -25.304894
             16      -11.323566      0.27041633       1.1180288      -12.932362      0.51201093       1.8638731       13.122868    1.168526e-13       3.2509548       1.0427095        1.0427095      -24.732551      -24.732551
             17      -12.168746      0.51888321       1.3096065      -12.879869      0.56237625       3.3028071       20.398887   1.3186542e-13       3.6507009      0.35514951       0.35514951       -25.04779       -25.04779
              2      -10.975409      0.73208783       1.0963986      -12.907394      0.51533931       5.3961974       12.485289   1.2376723e-13       3.2759655       0.1208934        0.1208934      -22.192604      -22.192604
              2      -11.822332      0.67798296        1.017401      -12.928717      0.36294592        4.764123       10.408807   1.1783736e-13       2.3064599      0.33385782       0.33385782      -24.312379      -24.312379
              8      -11.446313      0.75300518       1.0091595      -12.904896      0.24744946       5.6624605       10.213146   1.2448128e-13       1.7678665      0.37737067       0.37737067      -23.647368      -23.647368
             26      -11.569783      0.70322401       1.0800512      -12.890965      0.26508608       5.0492167       12.024063   1.2853905e-13       1.8411369      0.33576933       0.33576933      -23.811105      -23.811105
              3      -11.505368      0.69949011       1.0757124      -12.891858      0.27618869       5.0059916       11.904534   1.2827496e-13       1.8888118      0.32596168       0.32596168      -23.662658      -23.662658
              4      -11.764403       0.9970947       1.0263638      -12.917568      0.34754353       9.9333262       10.625853   1.2090153e-13       2.2260942        0.371359         0.371359      -24.271525      -24.271525
              4      -11.574725       1.0237838       1.0824599      -12.915091      0.26221965       10.562915       12.090936   1.2159324e-13        1.829025      0.48605259       0.48605259      -24.121555      -24.121555
              4      -11.952976       1.1747965       1.0551551      -12.929228      0.39735066       14.955348       11.354162    1.176988e-13       2.4966098      0.63835615       0.63835615      -25.182665      -25.182665
             12      -12.034865       1.1309733       1.0741671      -12.933878      0.36499797       13.519893       11.862251   1.1644532e-13       2.3173838      0.58620391       0.58620391      -25.242138      -25.242138
              5      -9.7739397       1.0968918      0.95294787      -12.943471      0.30281171       12.499475       8.9732107   1.1390144e-13       2.0082219      0.66216091       0.66216091      -20.872201      -20.872201
             12      -9.3855232       1.3630029       1.0764287      -12.913638      0.12853051       23.067623       11.924185   1.2200058e-13       1.3444062       1.4731569        1.4731569       -21.71736       -21.71736
             14      -11.355164      0.93689827      0.74063577      -12.982861        0.192821       8.6476533       5.5034595   1.0402542e-13       1.5589098       0.9437106        0.9437106       -24.59775       -24.59775
             15      -11.361599      0.38017544      0.90404257       -12.94861      0.28461831       2.3998022       8.0175666   1.1256153e-13       1.9258316       1.0455395        1.0455395      -24.814278      -24.814278
              9      -11.381504       0.3796486      0.98562079       -12.93027      0.32215825       2.3968928       9.6743277   1.1741687e-13       2.0997048      0.90276449       0.90276449      -24.568536      -24.568536
             25      -11.239666      0.36372451      0.84161783      -12.957609      0.39532239       2.3105986       6.9441298   1.1025312e-13       2.4849771       1.0519393        1.0519393       -24.58321       -24.58321
             10      -11.629734      0.81737158       1.0040486      -12.942344      0.54625005        6.567069       10.093658   1.1419735e-13       3.5176292      0.19449974       0.19449974      -23.648467      -23.648467
              3      -12.289724      0.79478004       1.1099877      -12.925705      0.56518864       6.2341901       12.882129   1.1865747e-13       3.6744186      0.12156662       0.12156662      -24.822581      -24.822581
             16      -12.105798       0.7958019       1.1053295      -12.927027       0.5659891       6.2488759       12.744697   1.1829684e-13       3.6811973      0.12462655       0.12462655      -24.460848      -24.460848
             31      -12.070273      0.89602796       1.0722258      -12.905063      0.31609272       7.8709645       11.809346   1.2443346e-13       2.0705833      0.28579476       0.28579476      -24.712136      -24.712136
              9      -12.326729      0.79452027       1.1040002      -12.915374       0.4042123       6.2304623       12.705748     1.21514e-13       2.5363682      0.19410521       0.19410521      -25.041668      -25.041668
              7      -12.148067       0.7920449       1.0776712       -12.91845      0.43062531       6.1950512       11.958349   1.2065618e-13        2.695413      0.18234311       0.18234311       -24.66082       -24.66082
              3      -12.309262      0.78804561       1.0456155      -12.925743      0.43242267       6.1382646       11.107479   1.1864693e-13       2.7065912      0.20496413       0.20496413      -25.028452      -25.028452
             12      -10.713714      0.40614487       1.1404979      -12.907085      0.67643854         2.54768       13.819679   1.2385529e-13        4.747211      0.55875987       0.55875987      -22.544948      -22.544948
              5       -11.97911      0.71600927       1.1409321      -12.923204      0.44115959        5.200071       13.833499   1.1934278e-13       2.7615925      0.20902817       0.20902817      -24.376276      -24.376276
              9      -11.830953      0.67906947      0.83763379      -12.973226      0.42693442       4.7760566       6.8807185   1.0635884e-13       2.6726028       0.5299701        0.5299701      -24.721847      -24.721847
             24      -11.588169      0.78310222       0.8393333      -12.944718      0.25707551       6.0687915       6.9076973   1.1357483e-13       1.8074884      0.56653919       0.56653919      -24.309417      -24.309417
             19       -9.580133       0.9002758      0.86564467      -12.940845      0.28012272       7.9483283       7.3391315    1.145922e-13       1.9059992      0.52312826       0.52312826      -20.206522      -20.206522
             11      -9.7855035       1.1408475       1.0184401      -12.933045      0.15132867       13.830807       10.433743   1.1666892e-13       1.4168657      0.90243139       0.90243139       -21.37587       -21.37587
              5      -9.6662666       1.2024931       1.0218559      -12.890748     0.053357646       15.940175        10.51613    1.286033e-13       1.1307267       1.1276505        1.1276505      -21.587834      -21.587834
             14      -11.019253      0.79267298       1.1619633      -12.824734     0.070760822        6.204017       14.519888   1.4971511e-13       1.1769576      0.56536234       0.56536234      -23.169231      -23.169231
              1      -11.504578      0.76811818       1.4916784      -12.798062      0.40328135       5.8629768       31.022615   1.5919798e-13       2.5309371      0.34594091       0.34594091      -23.701037      -23.701037
              1      -11.111076       1.1294281       1.4732401      -12.805073      0.28696593       13.471877       29.733094    1.566486e-13       1.9362701      0.74201614       0.74201614      -23.706185      -23.706185
             32      -10.085066       1.1350188       1.5575392      -12.811044      0.40690282       13.646423       36.102664   1.5450995e-13       2.5521301      0.73959216       0.73959216      -21.649317      -21.649317
             14      -11.191079      0.71870924       1.5282202      -12.837322      0.52730663          5.2325       33.745836   1.4543805e-13       3.3674925      0.32660216       0.32660216      -23.035362      -23.035362
             16      -8.9162702      0.53663135       1.8210423      -12.727157       0.4147043       3.4405775       66.228105   1.8743184e-13       2.5983898       1.2700454        1.2700454      -20.372631      -20.372631
              3      -10.288514      0.57058152       1.6275906      -12.768213      0.56967658       3.7203305       42.421944    1.705247e-13       3.7125865       0.6516558        0.6516558       -21.88034       -21.88034
             19      -9.9769492      0.62510173       1.6397637      -12.766451      0.54383857       4.2179529       43.627842   1.7121769e-13       3.4981511      0.61462778       0.61462778      -21.183154      -21.183154
              2        -11.8205      0.39187478       1.1101198      -12.932403      0.57857726       2.4653284       12.886049   1.1684154e-13       3.7894594      0.66420018       0.66420018        -24.9694        -24.9694
              1      -11.657525       0.3203121       1.0916058      -12.929341       0.7301917       2.0907981        12.34826   1.1766822e-13       5.3726889      0.84780482       0.84780482      -25.010659      -25.010659
              1      -12.326207      0.58190191        1.315734       -12.88291      0.70999197       3.8185802       20.688736   1.3094524e-13       5.1285191      0.24883631       0.24883631      -25.150088      -25.150088
             21      -11.967367       0.5371341         1.35824      -12.886399       1.0735152       3.4445628       22.816028   1.2989752e-13       11.844457       0.6182271        0.6182271      -25.171187      -25.171187
              1      -11.855276      0.51194879       1.3862777      -12.878667       1.0724498       3.2504896       24.337595   1.3223077e-13       11.815439      0.67397698       0.67397698      -25.058506      -25.058506
             15      -11.870845       0.5224414       1.3383499       -12.87468       1.0632222       3.3299783        21.79465   1.3345031e-13        11.56704       0.5986017        0.5986017      -24.938892      -24.938892
             14      -12.141822      0.54181757       1.3226397      -12.881203       1.0198868       3.4819103       21.020339   1.3146091e-13       10.468557      0.51023798       0.51023798       -25.30412       -25.30412
             12      -12.294814      0.60658754       1.2607088      -12.893802      0.85390476       4.0419183        18.22673   1.2770209e-13       7.1433966       0.2548071        0.2548071      -25.099243      -25.099243
              1      -12.391638      0.63164692       1.3009525       -12.88377      0.83097592       4.2820025       19.996433    1.306862e-13       6.7760394      0.21949437       0.21949437      -25.222265      -25.222265
              3       -12.13943      0.60616169       1.3575696      -12.888126      0.87324237        4.037957       22.780834   1.2938202e-13       7.4686544      0.32136231       0.32136231      -24.921585      -24.921585
              4      -10.728282      0.57719178       1.3048457      -12.904972        1.064682       3.7773896       20.176493    1.244595e-13       11.605985      0.53807631       0.53807631      -22.532718      -22.532718
              1      -11.561633      0.40498495       1.2672284      -12.875873       1.0261185       2.5408846       18.502416   1.3308435e-13       10.619854      0.75661815       0.75661815      -24.636503      -24.636503
              2      -12.118205      0.58646797       1.0844952      -12.907761      0.82019708       3.8589395       12.147733   1.2366282e-13       6.6099334      0.25632281       0.25632281      -24.749055      -24.749055
             56      -12.272044       0.8467705       1.1504395      -12.874116      0.90218507       7.0270088       14.139678   1.3362382e-13       7.9833483      0.10535558       0.10535558      -24.754799      -24.754799
             27      -11.196642      0.83683318       1.1419172      -12.874795      0.91168563       6.8680457       13.864916   1.3341519e-13       8.1599149      0.11095756       0.11095756      -22.615199      -22.615199
              7      -11.797991      0.72710719       1.1771128      -12.883347      0.92202398       5.3346655       15.035323   1.3081371e-13       8.3564915      0.15440022       0.15440022      -23.904782      -23.904782
              1      -8.2163686      0.65934098      0.97937504      -12.939673      0.85420563       4.5639511       9.5361932   1.1490172e-13       7.1483471      0.29984603       0.29984603      -17.032429      -17.032429
             13      -12.136421      0.68750619       1.0241247      -12.930603      0.75059049       4.8697447        10.57121   1.1732666e-13       5.6310643      0.18882219       0.18882219      -24.650486      -24.650486
             11      -12.273532         1.00614       1.3904364      -12.873326       0.5574242       10.142384       24.571765   1.3386707e-13       3.6093101      0.26958874       0.26958874      -25.086242      -25.086242
             17      -11.974504      0.65822529       1.2718577      -12.898169      0.72540216       4.5522415       18.700692   1.2642453e-13       5.3137628        0.161168         0.161168      -24.271344      -24.271344
              8       -12.38908      0.67886393       1.2894358      -12.890248      0.68440596       4.7737968       19.473132   1.2875127e-13       4.8351055      0.13495484       0.13495484       -25.04807       -25.04807
             24      -11.920798      0.58205408       1.2723992      -12.901404      0.73100028       3.8199183       18.724023   1.2548608e-13       5.3827013      0.25623236       0.25623236       -24.35406       -24.35406
              2      -11.112516      0.56814806       1.2717106      -12.904226      0.72711737       3.6995429       18.694359   1.2467345e-13       5.3347906      0.28019856       0.28019856      -22.785429      -22.785429
              7       -12.46985      0.67641386       1.1947095      -12.896436      0.62710119       4.7469412       15.657034   1.2692987e-13       4.2374168      0.10984386       0.10984386      -25.159388      -25.159388
              5      -11.936665      0.68029465       1.2163609      -12.888072      0.62707782       4.7895494       16.457389   1.2939801e-13       4.2371888      0.09953911       0.09953911      -24.072408      -24.072408
              2      -12.486006       0.6735816       1.1991364      -12.893779      0.62394468       4.7160848       15.817447   1.2770873e-13       4.2067304      0.10929455       0.10929455      -25.190602      -25.190602
              8      -11.599539       1.0486733       1.1166362      -12.899473      0.33409849       11.185961       13.080857   1.2604542e-13       2.1582338      0.40016355       0.40016355      -23.999406      -23.999406
              1      -11.893422       1.0268957       1.1326727      -12.900341      0.35589901       10.638875         13.5729   1.2579367e-13       2.2693371      0.34920041       0.34920041      -24.485245      -24.485245
              3      -9.3052701      0.25126375       1.6361848      -12.763069       0.5761938       1.7834615       43.269788   1.7255645e-13       3.7687194        1.444162         1.444162      -21.498864      -21.498864
             11      -7.2771509     -0.31511734       1.3220088      -12.907014      0.82508367      0.48404156       20.989823   1.2387562e-13       6.6847269       4.0045446        4.0045446      -22.563391      -22.563391
              7       -9.462928      0.56280394       1.4528786      -12.950363      0.92434243       3.6542978        28.37126   1.1210804e-13       8.4012215       0.6529879        0.6529879      -20.231832      -20.231832
              2      -10.342503      0.51047803       1.4895745      -12.937112      0.90425101       3.2395003       30.872693   1.1558139e-13       8.0214155      0.73012172       0.73012172      -22.145248      -22.145248
             16      -8.5512063      0.33733306      0.41393969        -13.0761      0.60007644       2.1743681       2.5938192   8.3926638e-14       3.9817725       2.2812658        2.2812658      -21.664944      -21.664944
             11      -9.0660865      0.32421143      0.46241022      -13.068645      0.59329971        2.109655       2.9000816   8.5379716e-14       3.9201231       2.1630535        2.1630535       -22.45828       -22.45828
             22      -8.9482043      0.31157968      0.45591651      -13.074174      0.59791265        2.049178       2.8570412   8.4299789e-14       3.9619834       2.2470128        2.2470128      -22.390434      -22.390434
              3      -9.3816607       0.4395914      0.37393834       -13.09459       0.5068438       2.7516386       2.3655838   8.0428421e-14       3.2125049       2.2700323        2.2700323      -23.303386      -23.303386
              7      -11.049004      0.99597168       1.0764087      -12.892018      0.20200628       9.9076733       11.923637   1.2822769e-13       1.5922318      0.49533927       0.49533927      -23.088687      -23.088687
             15      -12.373822      0.98308602       1.0189942      -12.918209       0.6324961       9.6180277       10.447063   1.2072323e-13       4.2903834      0.19527145       0.19527145      -25.138187      -25.138187
              5      -11.388552      0.96046469       1.0802959       -12.89208      0.71582782        9.129872       12.030839   1.2820932e-13       5.1978988      0.10977569       0.10977569      -22.996655      -22.996655
              5      -12.197126      0.87607339      0.97265943      -12.903563      0.71029239       7.5174993       9.3898668   1.2486407e-13       5.1320678      0.10920056       0.10920056      -24.612653      -24.612653
              1      -12.045723      0.86780936      0.97487994      -12.905647      0.72109449       7.3758039       9.4379993   1.2426612e-13       5.2613173      0.11070033       0.11070033      -24.312846      -24.312846
              1      -12.448375      0.92791711       1.0313835      -12.920085      0.65561603       8.4706573       10.749381   1.2020282e-13       4.5249734      0.14548055       0.14548055      -25.187711      -25.187711
              1      -12.423662      0.85260058        1.007297      -12.928564      0.66605661       7.1219772        10.16944   1.1787884e-13       4.6350733       0.1377698        0.1377698      -25.122863      -25.122863
              5      -10.918328      0.85154378       1.0169921      -12.927768      0.68872149       7.1046679       10.399012   1.1809527e-13        4.883391       0.1326215        0.1326215      -22.101899      -22.101899
              6      -10.999013      0.96139907       1.0060236      -12.921628      0.36375065        9.149536       10.139664   1.1977661e-13       2.3107377      0.33512921       0.33512921      -22.668284      -22.668284
              1      -12.120665      0.83187628       1.1352147      -12.890535      0.33177372       6.7901017       13.652579   1.2866644e-13       2.1467117      0.21866213       0.21866213      -24.678655      -24.678655
              2      -12.154389      0.56682933       1.3449808      -12.895821      0.89886422       3.6883263       22.129967   1.2710977e-13       7.9225361      0.39532229       0.39532229      -25.099422      -25.099422
              4      -11.701644       0.6114686       1.2201064      -12.904145      0.70439209        4.087602       16.599937   1.2469672e-13       5.0628153       0.1963898        0.1963898      -23.796067      -23.796067
             19      -12.213822      0.62837816       1.2514831      -12.905535      0.90835909       4.2498946       17.843624   1.2429814e-13       8.0976516      0.28383373       0.28383373      -24.995311      -24.995311
              6       -11.65997      0.67221529       1.2249161      -12.891124      0.79046015        4.701271       16.784796    1.284921e-13       6.1724866      0.13553309       0.13553309      -23.591007      -23.591007
              8      -10.638732      0.68135449       1.2186441      -12.889293      0.78704715       4.8012519       16.544136   1.2903481e-13       6.1241688      0.12173247       0.12173247      -21.520929      -21.520929
              3      -11.733488      0.70159517       1.2303865      -12.889185      0.75625402       5.0303149       16.997556   1.2906693e-13       5.7049786      0.10073179       0.10073179      -23.668439      -23.668439
              6      -11.742947      0.72156451       1.0981966      -12.911222      0.65383861       5.2670144       12.537085   1.2268108e-13        4.506492     0.096334167      0.096334167      -23.678562      -23.678562
              9      -11.882532      0.49651659        1.125399      -12.928313      0.65751247        3.137015       13.347473   1.1794695e-13       4.5447758      0.40892988       0.40892988      -24.582923      -24.582923
             11      -11.334822       1.3980324       1.1520862      -12.881698      0.89396809       25.005322       14.193392   1.3131128e-13       7.8337208       1.1463924        1.1463924      -24.962429      -24.962429
              1       -8.962445       1.3755062       1.1022062      -12.885772      0.90857689       23.741394        12.65337   1.3008525e-13       8.1017136       1.0837523        1.0837523      -20.092395      -20.092395
             17      -11.045685       1.3500168       1.0980102      -12.886731      0.89121297       22.388077       12.531707   1.2979816e-13       7.7841818      0.98736129       0.98736129      -24.066092      -24.066092
             20      -11.762303        1.242474       1.1673361      -12.877307      0.94478104       17.477285       14.700635   1.3264573e-13       8.8060478      0.70551556       0.70551556      -24.935637      -24.935637
              7      -11.829721      0.61481363        1.111513      -12.879835      0.98018114       4.1192072       12.927454   1.3187581e-13       9.5539098      0.29295469       0.29295469      -24.245352      -24.245352
              8      -12.300949      0.94045099       1.1418962      -12.881561      0.89209202       8.7186851       13.864243   1.3135276e-13       7.7999536      0.15328916       0.15328916      -24.908476      -24.908476
             22      -12.412257      0.93755534       1.1882377      -12.875767      0.87681214       8.6607467       15.425444   1.3311673e-13       7.5302976      0.13987275       0.13987275       -25.10426       -25.10426
              6      -11.783726      0.96121468        1.189088      -12.873611      0.89647839       9.1456521       15.455675   1.3377933e-13       7.8791322      0.17127581       0.17127581      -23.910003      -23.910003
             19      -11.978336      0.95619112       1.1516224      -12.871318       1.0697732       9.0404724       14.178242   1.3448767e-13       11.742841      0.33550755       0.33550755      -24.627688      -24.627688
             40       -10.49572      0.97669456       1.1664983       -12.86374       1.0742957       9.4775168       14.672302   1.3685477e-13       11.865765      0.35492022       0.35492022       -21.70128       -21.70128
             27      -11.869737       1.0796799       1.1237825      -12.867372       1.0962118       12.013785       13.297883   1.3571512e-13        12.47992      0.51979914       0.51979914      -24.779071      -24.779071
              6      -10.877636      0.32470728       1.1731492      -12.897949      0.80207033        2.112065       14.898728   1.2648837e-13       6.3397236      0.79430581       0.79430581      -23.343883      -23.343883
              6      -12.250725      0.67895478        1.114289      -12.898361      0.86181783       4.7747956        13.01035   1.2636846e-13        7.274746      0.16029962       0.16029962      -24.822048      -24.822048
              2      -12.337923      0.71004742       1.1445571      -12.892725      0.86160277       5.1291738        13.94945    1.280192e-13       7.2711444      0.12962541       0.12962541      -24.935097      -24.935097
             12      -12.018537      0.47671363       1.2774904       -12.88441       1.0305413       2.9971856       18.944818   1.3049375e-13       10.728557       0.6179874        0.6179874      -25.273049      -25.273049
             20      -12.019599      0.47878059       1.2823832      -12.883852       1.0320663       3.0114842       19.159459   1.3066168e-13       10.766295      0.61751035       0.61751035      -25.274219      -25.274219
             10      -11.368389      0.52119407       1.2273041      -12.909933       1.0969608        3.320428       16.877345   1.2304592e-13       12.501462      0.64113978       0.64113978      -24.019057      -24.019057
              9      -11.964332      0.48969106       1.3282878      -12.884549       1.0319017       3.0880979       21.295497   1.3045207e-13       10.762217       0.6258768        0.6258768      -25.180418      -25.180418
             35      -11.856984      0.52811467       1.2818157      -12.879619      0.94307692       3.3737638       19.134439   1.3194126e-13       8.7715616      0.42717162       0.42717162      -24.568312      -24.568312
             15      -12.520504        0.815998       1.2239707      -12.879525      0.77982324       6.5463316       16.748298    1.319698e-13       6.0231439     0.056181917      0.056181917      -25.153372      -25.153372
              5      -11.928488       1.2360896        1.123197       -12.91776      0.49244544       17.222238       13.279968   1.2084806e-13       3.1077454      0.68102004       0.68102004      -25.219016      -25.219016
              6      -12.140403       1.1244635       1.0474885      -12.913882      0.71786086        13.31875       11.155485    1.219321e-13       5.2222885      0.38669681       0.38669681      -25.054199      -25.054199
             44      -12.572726      0.91817029       1.2246546      -12.887113      0.74075447       8.2826688       16.774692   1.2968432e-13       5.5049638     0.089920631      0.089920631      -25.325294      -25.325294
              8      -11.754059       1.2417738      0.94534937      -12.937261      0.65212439        17.44913       8.8175793    1.155417e-13       4.4887393      0.74686756       0.74686756      -25.001853      -25.001853
              6      -9.3014677       1.0567063      0.93286037      -12.925428       0.7333036       11.394788       8.5676234   1.1873316e-13       5.4113248      0.35276358       0.35276358      -19.308463      -19.308463
              1      -9.9121233       1.3868977      0.65680706      -12.992971      0.19681604       24.372365       4.5373999   1.0163166e-13       1.5733163       2.0528431        2.0528431      -23.929933      -23.929933
              5      -10.285351        1.270247      0.69575261      -12.960312     0.079383278       18.631465       4.9630953   1.0956909e-13       1.2005584       1.7121541        1.7121541      -23.995009      -23.995009
              7      -10.687055       0.9254334       1.1953779      -12.856928      0.25504819       8.4223522        15.68115   1.3901819e-13       1.7990705      0.32020167       0.32020167      -22.014512      -22.014512
              4      -10.463175      0.92864251       1.1861373       -12.86144      0.27829898       8.4848176       15.351023   1.3758143e-13       1.8980121      0.29359973       0.29359973      -21.513549      -21.513549
              6      -10.975206       1.2048494       1.2012385      -12.902258      0.51938704       16.026894       15.894195   1.2523956e-13       3.3066409      0.56902767       0.56902767      -23.088467      -23.088467
              6      -11.906242       1.2345245        1.199898      -12.891209      0.47308261       17.160283       15.845211    1.284669e-13       2.9722313      0.64877432       0.64877432      -25.110033      -25.110033
              5      -11.903129       1.2365698       1.1977361       -12.89153      0.47902761       17.241292       15.766531    1.283719e-13       3.0131976      0.65024476       0.65024476      -25.106748      -25.106748
              2      -11.268211       1.3429282       1.1259398         -12.903      0.33403826        22.02562       13.364103   1.2502584e-13       2.1579345       1.0909677        1.0909677      -24.718358      -24.718358
             10      -11.579228       1.2249916       1.0545407      -12.921468      0.31713722       16.787717       11.338111   1.1982082e-13       2.0755692      0.81883017       0.81883017      -24.796117      -24.796117
              1      -11.778436      0.88178325        1.170635      -12.890507      0.83471288       7.6169877       14.812725   1.2867467e-13       6.8345965     0.097924261      0.097924261      -23.752721      -23.752721
             10      -12.299517      0.64916087       1.3408918      -12.860639      0.45348275       4.4582136       21.922587   1.3783542e-13       2.8410754      0.23412746       0.23412746      -25.067289      -25.067289
             36       -12.10207      0.59517101       1.3032448      -12.879272      0.52817212       3.9370507       20.102258   1.3204694e-13       3.3742101      0.24683733       0.24683733      -24.697815      -24.697815
              1      -11.211573      0.66987448       1.4087012       -12.86622      0.62463842       4.6759998       25.627204   1.3607565e-13       4.2134556      0.20781235       0.20781235      -22.838771      -22.838771
              1      -12.227248      0.66828677       1.3900179      -12.870007      0.64503744       4.6589362       24.548098   1.3489425e-13       4.4160852      0.19302216       0.19302216      -24.840541      -24.840541
             15      -12.399504      0.71377048       1.0767326      -12.937182      0.68734356       5.1733336       11.932531   1.1556291e-13       4.8679214      0.16525249       0.16525249      -25.129512      -25.129512
              2      -10.757783      0.28102615      0.72683225      -12.976437      0.60553415       1.9099683       5.3312893   1.0557555e-13       4.0321265       1.3785122        1.3785122      -24.272591      -24.272591
              1      -10.249974      0.40856065      0.64433709      -13.003679      0.50943253        2.561891       4.4089695   9.9156418e-14       3.2317111       1.2847794        1.2847794      -23.069506      -23.069506
              3       -10.13515      0.35141967      0.65099156      -13.019903      0.58926804       2.2460513        4.477046   9.5520595e-14          3.8839       1.4646603        1.4646603       -23.19962       -23.19962
              7      -9.9047996      0.25819634      0.61489642      -13.029061      0.56500679       1.8121591       4.1199925   9.3527534e-14       3.6728804       1.8613027        1.8613027      -23.532205      -23.532205
              4      -9.6700528      0.34976718      0.64630809      -13.027166      0.72152362       2.2375213       4.4290245   9.3936467e-14       5.2665185       1.5060466        1.5060466      -22.352199      -22.352199
              4       -11.56562       0.7860584      0.63943785      -13.011322      0.54326436       6.1102418       4.3595117   9.7426671e-14       3.4935291      0.82310434       0.82310434       -24.77745       -24.77745
              6      -6.3851912      0.61480997      0.74807525      -12.974793      0.82628767       4.1191724       5.5985459   1.0597575e-13       6.7032848      0.64661965       0.64661965      -14.063622      -14.063622
              1      -10.845279      0.56063179      0.80890393      -12.962126      0.77320532       3.6360663       6.4402679   1.0911237e-13        5.932057      0.58186376       0.58186376      -22.854285      -22.854285
              4      -10.577708      0.44815142      0.85125213      -12.949885       0.8617341       2.8064119       7.0998984   1.1223164e-13       7.2733436      0.75265275       0.75265275      -22.660721      -22.660721
              9      -10.664747      0.43112764      0.87786584      -12.941274      0.86778719       2.6985324       7.5485901   1.1447898e-13       7.3754273      0.74641773       0.74641773      -22.822329      -22.822329
              5      -10.348763      0.42711555       0.8237808      -12.949238      0.86824675       2.6737177        6.664703   1.1239891e-13       7.3832359       0.8291042        0.8291042      -22.355735      -22.355735
              3      -9.8587681      0.41200293      0.86328156       -12.93994      0.87846801       2.5822776       7.2993059    1.148312e-13       7.5590638      0.80740355       0.80740355      -21.332343      -21.332343
              1      -11.570882       0.6423135       1.2387353      -12.897726      0.61847097       4.3884737       17.327477   1.2655339e-13       4.1540428      0.15911837       0.15911837      -23.460002      -23.460002
             20      -9.2021856       1.0371286      0.99783721      -12.891093      0.15352005       10.892526       9.9503237   1.2850128e-13        1.424033      0.64485447       0.64485447       -19.69408       -19.69408
              9      -6.3882152      0.92975828       1.2658904      -12.841776      0.12611106       8.5066445       18.445497   1.4395401e-13       1.3369373      0.54114817       0.54114817      -13.858727      -13.858727
              3      -9.8767714      0.89982148       1.0227223      -12.907121      0.34336183       7.9400178       10.537129   1.2384504e-13       2.2047626      0.27426292       0.27426292      -20.302069      -20.302069
              3      -12.202322      0.87251916      0.97523733      -12.918976      0.36091225       7.4562276       9.4457693   1.2051022e-13       2.2956847      0.28875036       0.28875036      -24.982144      -24.982144
              1      -11.752872      0.50859006       1.0039396      -12.926065      0.84984466       3.2254481       10.091126   1.1855916e-13       7.0769261      0.45800604       0.45800604      -24.421757      -24.421757
              2        -11.8292      0.41873374       1.0798791      -12.909834      0.82252115       2.6226102       12.019299   1.2307402e-13       6.6454004      0.57492241       0.57492241      -24.808245      -24.808245
              5      -10.216577      0.41599472       1.0720266      -12.904377      0.81465662       2.6061219        11.80393   1.2463013e-13       6.5261435      0.56804071       0.56804071      -21.569236      -21.569236
             13      -10.503656      0.40680677       1.0683641      -12.905691      0.80089451       2.5515658       11.704804   1.2425354e-13       6.3225826      0.58712808       0.58712808      -22.181569      -22.181569
             12        -10.9081      0.31574888       1.0077135      -12.915781       1.0409861       2.0689447       10.179197   1.2140006e-13       10.989706       1.0702823        1.0702823      -23.956765      -23.956765
              4      -10.259249      0.35355514      0.99459156       -12.91594       1.0172583       2.2571225       9.8762382   1.2135563e-13       10.405388      0.93929158       0.93929158      -22.397082      -22.397082
              1       -8.926986      0.19181901      0.94729912      -12.921423      0.95476392       1.5553173       8.8572544   1.1983327e-13       9.0108118       1.4374929        1.4374929      -20.728958      -20.728958
              1       -10.89483      0.21496128       1.1363265      -12.931877      0.65485652       1.6404435       13.687574   1.1698317e-13       4.5170669       1.1931194        1.1931194        -24.1759        -24.1759
              1      -11.569882      0.57150751      0.96045629      -12.931471      0.32803845       3.7282713       9.1296954   1.1709243e-13       2.1283275      0.52306921       0.52306921      -24.185903      -24.185903
             19      -11.689206      0.54876295      0.95859066      -12.934077      0.33302992       3.5380417       9.0905605   1.1639206e-13       2.1529301      0.55984758       0.55984758      -24.498106      -24.498106
             13      -12.002074      0.76522904      0.97089543      -12.936842      0.26648172       5.8241029       9.3518047   1.1565341e-13       1.8470631      0.43874843       0.43874843      -24.881644      -24.881644
              6      -10.988259      0.64725845      0.82531884      -12.957153      0.43830872       4.4387272       6.6883476   1.1036887e-13       2.7435237      0.50792002       0.50792002      -22.992358      -22.992358
              4       -11.85054      0.68916383      0.87183132      -12.953173      0.41872102       4.8883673       7.4444278   1.1138508e-13       2.6225333      0.43107886       0.43107886      -24.563237      -24.563237
              4      -12.083846       0.6745334      0.87085278      -12.954434      0.42013117       4.7264319       7.4276731   1.1106213e-13       2.6310626      0.44609416       0.44609416       -25.05988       -25.05988
              2      -10.862051       1.1201128       1.0653389      -12.891438      0.13431414       13.185992       11.623554   1.2839911e-13       1.3624298      0.79166229       0.79166229      -23.307426      -23.307426
              6      -9.8560155      0.30393651      0.48700486       -13.06369      0.12977507       2.0134299       3.0690564   8.6359492e-14       1.3482644        2.602581         2.602581      -24.917193      -24.917193
             12      -9.8555153      0.30465857      0.48714466      -13.063658      0.12934239       2.0167802       3.0700444   8.6365751e-14       1.3469218        2.600643         2.600643      -24.912317      -24.912317
              2      -9.0484041      0.29160303      0.54634996      -13.085587      0.29330405        1.957055       3.5184384   8.2113275e-14       1.9647353       2.4058759        2.4058759       -22.90856       -22.90856
              3      -10.387025       0.1479965      0.79501174       -12.99644      0.36520381       1.4060362       6.2375169    1.008231e-13       2.3184825       1.9938609        1.9938609      -24.761772      -24.761772
              4       -10.59049      0.22248783      0.76560071      -12.995848      0.36018593        1.669121       5.8290894   1.0096056e-13       2.2918486       1.7490931        1.7490931      -24.679166      -24.679166
             15      -10.208988      0.02361829      0.97879351       -12.94239      0.47409021       1.0558891       9.5234325    1.141853e-13       2.9791352       2.1163108        2.1163108      -24.650598      -24.650598
             12       -10.36877      0.10400292       1.0660723      -12.904379      0.34058216       1.2705827       11.643198   1.2462944e-13       2.1906962       1.7472575        1.7472575      -24.232055      -24.232055
              3      -9.2507724      0.50847572       1.1236229      -12.890514      0.18285002       3.2245991       13.292996    1.286725e-13       1.5235265      0.69246135       0.69246135      -19.886468      -19.886468
             21      -9.0575724    -0.091641956       1.2984504      -12.878395       0.4648015      0.80976321       19.881555    1.323138e-13       2.9160939       2.5994767        2.5994767      -23.314098      -23.314098
             18      -9.5129253    -0.016017824       1.3431605      -12.890553      0.69872512      0.96378947       22.037408   1.2866115e-13       4.9971815       2.1867923        2.1867923      -23.399435      -23.399435
              4       -9.666529      0.13955512       1.3804999       -12.85596      0.51339859       1.3789709       24.015956   1.3932838e-13       3.2613589       1.5103812        1.5103812       -22.35382       -22.35382
              6      -10.192861       0.1222181       1.3748081        -12.8563      0.50127991       1.3250068        23.70326   1.3921939e-13        3.171611       1.5832031        1.5832031      -23.552127      -23.552127
              1      -10.969084      0.14475459       1.3747063      -12.857706      0.48274982       1.3955795       23.697704   1.3876951e-13       3.0391338       1.5025141        1.5025141      -24.943197      -24.943197
              2      -11.387821      0.39599972      0.88947135      -12.955968      0.55999692       2.4888557        7.753028   1.1067063e-13       3.6307548      0.81880451       0.81880451      -24.413252      -24.413252
             15      -11.366752      0.33499887       1.0395484      -12.918418      0.66146499       2.1627129       10.953386   1.2066516e-13       4.5863267      0.78260856       0.78260856      -24.298721      -24.298721
              2      -10.631228      0.34715853       1.0468241      -12.916795      0.65996292       2.2241216       11.138432    1.211171e-13       4.5704917      0.74256176       0.74256176       -22.74758       -22.74758
             15      -11.607042      0.41256886       1.0151003       -12.92599      0.83927807       2.5856448       10.353811   1.1857947e-13       6.9068189      0.65085778       0.65085778        -24.5158        -24.5158
             11      -10.887372      0.22061768      0.84196434      -12.951283      0.63812941        1.661949       6.9496726   1.1187093e-13       4.3463972       1.3613594        1.3613594      -24.497462      -24.497462
             12      -10.279238      0.25073027      0.81714897      -12.962791      0.66284949       1.7812721       6.5637038   1.0894536e-13       4.6009709       1.3165141        1.3165141      -23.191505      -23.191505
              6      -9.8846586      0.25460528      0.81866256      -12.962169      0.66386782       1.7972367       6.5866193   1.0910149e-13       4.6117719        1.299798         1.299798      -22.368913      -22.368913
              4      -10.118848    -0.012112586        1.225168      -12.895911      0.54795031      0.97249508       16.794535   1.2708338e-13       3.5314276       2.1316695        2.1316695      -24.501035      -24.501035
              4      -10.247374    0.0086927863       1.2115456       -12.89896      0.53337942       1.0202175       16.275921   1.2619443e-13       3.4149113       2.0362356        2.0362356      -24.567219      -24.567219
              5      -11.567847      0.49573337      0.73899474      -13.011592      0.48296372       3.1313626       5.4827032   9.7366182e-14        3.040631       1.0055526        1.0055526      -25.146798      -25.146798
              8      -11.977303      0.49291812      0.87784259      -12.954709      0.53664359       3.1111298       7.5481859   1.1099184e-13       3.4406745      0.61871193       0.61871193      -25.192029      -25.192029
              1       -12.08974      0.50560635      0.87730415      -12.955259       0.5337055       3.2033645       7.5388334   1.1085128e-13       3.4174762      0.59823784       0.59823784      -25.375955      -25.375955
             14      -12.049352      0.50664234      0.87726349      -12.954699      0.53368878       3.2110151       7.5381277   1.1099445e-13       3.4173447      0.59462335       0.59462335       -25.28795       -25.28795
              4      -12.342227      0.71557149       1.0392517      -12.920302      0.57404908       5.1948318       10.945905   1.2014296e-13       3.7501538       0.1439808        0.1439808      -24.972416      -24.972416
              1      -11.142501      0.70657144       1.0636719      -12.916123      0.54664146       5.0882851       11.579022   1.2130443e-13       3.5208008      0.14384624       0.14384624      -22.572694      -22.572694
             23      -12.183515      0.71294408       1.0733799      -12.917194      0.56074986       5.1634988       11.840768   1.2100576e-13       3.6370549      0.13531911       0.13531911      -24.637668      -24.637668
             25      -12.529509      0.71307446       1.0966575      -12.927049      0.59421927       5.1650491       12.492735   1.1829077e-13       3.9284323      0.14550477       0.14550477      -25.350027      -25.350027
              7      -12.528161      0.71166512       1.0964079      -12.927181      0.59526618       5.1483151       12.485556   1.1825498e-13       3.9379135      0.14643869       0.14643869      -25.349198      -25.349198
              2      -12.292233      0.70966499        1.076882      -12.934988      0.58471247       5.1246593       11.936638    1.161481e-13       3.8433724      0.17247608       0.17247608      -24.929418      -24.929418
              1      -12.376914      0.70057801       1.0451477      -12.931797      0.53146327       5.0185471       11.095521   1.1700455e-13       3.3998775      0.19552451       0.19552451      -25.144878      -25.144878
             29      -11.922768      0.60430692       1.2156047      -12.890355      0.52512962       4.0207486       16.428758   1.2871982e-13       3.3506543      0.21072441       0.21072441      -24.266985      -24.266985
              3      -12.014258      0.47068957       1.1874975      -12.905746      0.64272653       2.9558989       15.399178   1.2423793e-13       4.3926493      0.41868661       0.41868661      -24.865889      -24.865889
              8      -11.774159      0.49043735       1.1503849      -12.910493      0.58005203       3.0934091       14.137899   1.2288739e-13       3.8023495      0.39407865       0.39407865      -24.336475      -24.336475
              7      -11.525173      0.53097873       1.2258983      -12.909103      0.79203264       3.3960864       16.822802   1.2328117e-13       6.1948763      0.34769813       0.34769813      -23.745743      -23.745743
             13      -11.931145       0.7170809       1.1522863      -12.914078      0.58966104       5.2129181       14.199932   1.2187713e-13       3.8874162      0.11528556       0.11528556      -24.092862      -24.092862
             14       -12.26034       0.7451925      0.94546794      -12.941738      0.57888762       5.5615071       8.8199868   1.1435692e-13       3.7921685      0.22398184       0.22398184      -24.968644      -24.968644
              1      -12.553733      0.72841978       1.0689237      -12.929251      0.58271224        5.350813       11.719895   1.1769254e-13       3.8257117      0.14916768       0.14916768      -25.405802      -25.405802
              1      -12.495067      0.77437124       1.0390993       -12.93182      0.56072856       5.9480039       10.942065   1.1699835e-13       3.6368766      0.15282305       0.15282305      -25.295781      -25.295781
             22      -12.512075      0.76945514        1.064077      -12.917113      0.60220799       5.8810537       11.589829   1.2102843e-13       4.0013633      0.10130461       0.10130461       -25.22676       -25.22676
             26       -11.24703      0.31895098       1.4309072      -12.875343      0.82988695       2.0842556       26.971632   1.3324675e-13       6.7590701      0.95183202       0.95183202      -24.397723      -24.397723
              5      -11.782944      0.45703211       1.3189543      -12.907128      0.97125762       2.8643898       20.842717   1.2384308e-13        9.359607      0.65858102       0.65858102       -24.88305       -24.88305
             13       -11.54792      0.51641591       1.3282931      -12.901742      0.87345314       3.2840965       21.295757    1.253886e-13         7.47228      0.45746527       0.45746527       -24.01077       -24.01077
             12      -11.680154      0.48171946       1.4181695      -12.891933      0.97172673        3.031932       26.192052   1.2825277e-13       9.3697224      0.66537752       0.66537752      -24.691062      -24.691062
              6      -11.027016       1.3125434       1.2659873        -12.9013      0.88238603       20.537303       18.449616    1.255164e-13       7.6275671      0.92274718       0.92274718      -23.899527      -23.899527
             54      -11.173918       1.3124361       1.2616969      -12.901626      0.88116306       20.532231        18.26825   1.2542208e-13        7.606118      0.92006044       0.92006044      -24.187957      -24.187957
              2      -9.7912329       1.2109411        1.339111        -12.8954      0.70685823       16.253283        21.83288     1.27233e-13       5.0916463      0.60890529       0.60890529      -20.800276      -20.800276
              4      -10.668605       1.1977786       1.3495377       -12.89513      0.71691547       15.768072       22.363394   1.2731215e-13       5.2109328       0.5866117        0.5866117      -22.510434      -22.510434
             11      -11.345409        1.215485       1.3545369      -12.894586      0.73634343       16.424229       22.622305   1.2747169e-13       5.4493341      0.63572113       0.63572113      -23.962261      -23.962261
             23      -11.736702       1.2019869       1.3634049      -12.891732      0.71412766       15.921608       23.088986   1.2831223e-13         5.17759      0.60171957       0.60171957      -24.676844      -24.676844
              5      -11.873024       1.2428273       1.3593555      -12.885016      0.64824471       17.491511       22.874706   1.3031181e-13       4.4488187      0.68683267       0.68683267      -25.119714      -25.119714
              7       -11.58811       1.0060325       1.0756244      -12.937838      0.59415165       10.139872       11.902122   1.1538825e-13       3.9278206      0.26173853       0.26173853      -23.699698      -23.699698
              5      -11.966907       1.1273525       1.0640875      -12.939193      0.49497949       13.407645       11.590108   1.1502891e-13       3.1259317       0.4946725        0.4946725      -24.923159      -24.923159
              4      -11.633703      0.77939567       1.1392418      -12.908544      0.50602127        6.017217       13.779766   1.2344015e-13       3.2064264      0.11170866       0.11170866      -23.490824      -23.490824
              2      -11.903297      0.77453117       1.1345051      -12.910566      0.49780742       5.9501946        13.63029   1.2286662e-13       3.1463528       0.1209846        0.1209846      -24.048563      -24.048563
              6        -12.1239      0.68113372       1.0354595      -12.942091       0.6145684       4.7988118       10.850744    1.142638e-13       4.1168819      0.21432021       0.21432021       -24.67644       -24.67644
             19      -11.501257       1.3723046        1.149162      -12.870469      0.96278982       23.567015       14.098145   1.3475084e-13       9.1788827       1.1013568        1.1013568      -25.205228      -25.205228
              5      -10.768926          1.5701       1.2635957      -12.892036      0.69622843       37.162076       18.348295   1.2822244e-13       4.9685358       1.8131827        1.8131827      -25.164218      -25.164218
             14      -11.222202       1.3202984       1.2059387      -12.898955      0.91540983       20.907322       16.067145   1.2619579e-13       8.2301894      0.94325031       0.94325031      -24.330904      -24.330904
              9      -10.050093        1.320203       1.2451135      -12.893898      0.96787539       20.902729       17.583831   1.2767378e-13       9.2869988      0.99511765       0.99511765      -22.090422      -22.090422
              3      -9.8382865      0.90449825       1.1776302      -12.916354       1.0497154       8.0259833       15.053248   1.2124015e-13       11.212833       0.3510087        0.3510087       -20.37859       -20.37859
              7      -9.5845144      0.92016684       1.1912769      -12.902976       1.0002765       8.3208336       15.533771   1.2503286e-13       10.006369      0.27897862       0.27897862      -19.726986      -19.726986
              2      -9.9409722       1.5407145       1.3664131       -12.87487      0.67765222       34.730778       23.249472   1.3339199e-13       4.7604962       1.7243661        1.7243661      -23.330677      -23.330677
              3       -8.240653       1.7795555      0.82496304      -12.945777      0.43926774        60.19432       6.6828704   1.1329816e-13       2.7495887       3.2266271        3.2266271       -22.93456       -22.93456
             24      -9.4918759       1.7031501      0.79080448      -12.955786      0.57232922        50.48358       6.1773824   1.1071684e-13       3.7353321       2.7937984        2.7937984      -24.571349      -24.571349
              1      -9.1212947       1.6936507      0.79020496      -12.958943      0.54894647       49.391328       6.1688606   1.0991507e-13       3.5395371       2.7617051        2.7617051         -23.766         -23.766
              3      -7.9541623       1.6812811      0.77692045      -12.961515      0.54871487       48.004405       5.9830199   1.0926587e-13         3.53765       2.7200068        2.7200068      -21.348338      -21.348338
             12      -10.091974       1.4191651      0.90929901      -12.869758      0.87690563       26.252164       8.1151959   1.3497161e-13       7.5319188       1.2712054        1.2712054      -22.726359      -22.726359
             13      -10.985656       1.1335011        1.017836       -12.84735      0.89008472       13.598817        10.41924   1.4211823e-13       7.7639855      0.40040057       0.40040057      -22.772113      -22.772113
             13      -11.553462      0.85252528      0.87256935      -12.943708      0.63317423       7.1207425       7.4570894   1.1383925e-13       4.2970878      0.26376858       0.26376858      -23.634461      -23.634461
             15      -8.9928291       1.7206369      0.85835208      -12.911377      0.73394826       52.557768       7.2169231   1.2263746e-13       5.4193632       2.6968841        2.6968841      -23.379426      -23.379426
             25      -9.5122408       1.6243312      0.86944153      -12.909444      0.73355425       42.104758       7.4035758   1.2318461e-13       5.4144488       2.1816518        2.1816518      -23.387785      -23.387785
             41      -9.9336751       1.5589195      0.94241817      -12.897357      0.72377782        36.21759       8.7582668     1.26661e-13       5.2939255        1.794521         1.794521      -23.456392      -23.456392
              4       -8.879741       1.3443355      0.79669261      -12.939552      0.70258783       22.097109       6.2617051   1.1493383e-13       5.0418258       1.1810016        1.1810016      -20.121485      -20.121485
              8      -8.6688642       1.4911332      0.80925189      -12.959267      0.57125059       30.983693         6.44543   1.0983304e-13       3.7260664       1.7775756        1.7775756       -20.89288       -20.89288
             11      -5.4692804       1.7746242      0.58384143      -12.952329      0.74176104       59.514694       3.8356717   1.1160177e-13       5.5177376       3.4861815        3.4861815      -17.910924      -17.910924
             10      -4.4539658       1.7958509      0.60255466      -12.947143      0.76591833       62.495814       4.0045587   1.1294229e-13       5.8333539       3.5684849        3.5684849      -16.044901      -16.044901
              4      -5.4332023        1.318306      0.51692045      -13.026239      0.14343642       20.811626        3.287914   9.4137135e-14       1.3913501       2.3185614        2.3185614      -15.503527      -15.503527
              5      -8.7298051       1.1464682       0.2979165      -13.083594       0.5585918       14.010968       1.9857131   8.2490877e-14       3.6190268       2.3058435        2.3058435      -22.071297      -22.071297
              6       -9.788673      0.84726919      0.31741186      -13.074338      0.54114314       7.0350824       2.0768822   8.4267867e-14       3.4765073       1.8657101        1.8657101      -23.308766      -23.308766
              2      -12.319505      0.72153442       1.2667652      -12.888988      0.74432227       5.2666496        18.48269   1.2912543e-13       5.5503743      0.10122408       0.10122408      -24.841458      -24.841458
              4      -12.198927      0.75985272       1.2611525      -12.891421       0.8103302       5.7524482       18.245361   1.2840403e-13       6.4614532      0.10948803       0.10948803       -24.61683       -24.61683
              1      -11.193579      0.67624235       1.3131036      -12.910168      0.85080783        4.745067        20.56381   1.2297924e-13       7.0926385      0.24170248       0.24170248      -22.870562      -22.870562
              7      -11.245742      0.59704189       1.1927172      -12.914352      0.74086026       3.9540476       15.585372   1.2180032e-13        5.506305      0.23348485       0.23348485      -22.958454      -22.958454
              1      -11.857017      0.78579929        1.435984      -12.875719      0.73399632       6.1065974       27.288771   1.3313155e-13        5.419963      0.19237939       0.19237939      -24.098793      -24.098793
              5      -11.857417      0.89414205       1.3040632      -12.884787      0.64638255       7.8368594       20.140174   1.3038072e-13        4.429784      0.10399778       0.10399778       -23.92283       -23.92283
              8      -10.303903       1.1543153       1.8078214      -12.798666      0.41219199       14.266429        64.24235   1.5897678e-13        2.583402       1.2632568        1.2632568       -23.13432       -23.13432
              3      -5.5615212       1.2563446       1.3484577      -12.878537      0.38558015       18.044489        22.30785    1.322704e-13       2.4298538      0.83406033       0.83406033      -12.791163      -12.791163
              1      -8.8242747        1.482897       1.5786046      -12.870151      0.58240257       30.401638       37.896983    1.348494e-13       3.8229848       1.7423175        1.7423175      -21.133184      -21.133184
              1      -8.9248098       1.4808249       1.5809612      -12.869619      0.58224856       30.256931       38.103178   1.3501475e-13       3.8216293       1.7371023        1.7371023      -21.323824      -21.323824
             31       -7.601474       1.7019904       1.6554869      -12.836594      0.43473744        50.34895       45.236283   1.4568215e-13       2.7210557        2.961683         2.961683      -21.126314      -21.126314
             30       -10.15032       1.6435303      0.96874369      -12.928557      0.70221635        44.00786       9.3055853   1.1788074e-13        5.037515       2.2463267        2.2463267      -24.793293      -24.793293
             21      -10.973866       1.4716834      0.99144701      -12.937387      0.67616225       29.626712       9.8049867   1.1550836e-13        4.744192       1.4810283        1.4810283      -24.909788      -24.909788
              8      -10.998916       1.4647655      0.99416744      -12.937271      0.67786669       29.158521        9.866598   1.1553898e-13       4.7628476       1.4520959        1.4520959      -24.902024      -24.902024
              7      -7.9681322        1.720448       1.4457646      -12.872218      0.64966245       52.534905       27.910305   1.3420907e-13       4.4633655       2.6896945        2.6896945      -21.315653      -21.315653
              1      -7.6693863       1.6624948       1.4301399      -12.863933      0.62010835       45.972148       26.924022   1.3679396e-13       4.1697339       2.3588772        2.3588772      -20.056527      -20.056527
              3       -9.916795       1.5492042       1.2037844      -12.898247       0.5695384        35.41638        15.98764   1.2640171e-13       3.7114054        1.720298         1.720298      -23.274186      -23.274186
              2      -9.1246479       1.5473324       1.2307136      -12.884072      0.61430746       35.264066       17.010366   1.3059531e-13        4.114409       1.6873143        1.6873143      -21.623924      -21.623924
              3      -10.997718       1.5059337       1.2337438      -12.889013      0.40237401       32.057803       17.129466   1.2911811e-13       2.5256549       1.6267028        1.6267028      -25.248843      -25.248843
              8      -10.983848       1.4749539       1.2762398      -12.879782      0.42667791       29.850657       18.890343   1.3189196e-13       2.6710247       1.4859027        1.4859027      -24.939502      -24.939502
              2      -11.340707       1.4233011        1.310191      -12.872139      0.46809286       26.503368       20.426362    1.342334e-13       2.9382779       1.2677683        1.2677683       -25.21695       -25.21695
              8      -11.296867       1.3786834       1.2855457      -12.887878      0.48682465       23.915719       19.299483   1.2945586e-13       3.0677831        1.102881         1.102881      -24.799497      -24.799497
             10      -11.478442      0.96365693       1.4099086      -12.889617      0.70603923       9.1972275       25.698551   1.2893852e-13       5.0820535      0.24828133       0.24828133      -23.453446      -23.453446
             18      -11.450216      0.96414912       1.4112075      -12.889609      0.70463686       9.2076567       25.775525   1.2894102e-13       5.0656696      0.24984558       0.24984558      -23.400123      -23.400123
              1      -11.698168      0.67514769       1.3879782      -12.902686      0.78789434       4.7331219       24.433078   1.2511635e-13        6.136127       0.2560998        0.2560998      -23.908535      -23.908535
              2      -11.429572      0.67650109       1.3961891      -12.886665      0.81674717       4.7478948       24.899411   1.2981804e-13       6.5576339      0.24847245       0.24847245      -23.356089      -23.356089
              3      -11.528889      0.69537598       1.5044101      -12.863983      0.73864338        4.958793       31.945533   1.3677812e-13       5.4782694      0.30142123       0.30142123      -23.660619      -23.660619
             11      -11.185188      0.91493926      0.67705961      -12.993314      0.53795464       8.2212765       4.7540048   1.0155137e-13       3.4510769      0.71973377       0.71973377      -23.809844      -23.809844
              2      -10.665169      0.95042803      0.60904106      -13.016327      0.56443692       8.9212976       4.0648175   9.6310374e-14       3.6680642       0.9465956        0.9465956      -23.223528      -23.223528
              4      -11.031872      0.96556506      0.65564311      -13.001791      0.58346541       9.2377257       4.5252556   9.9588371e-14       3.8323522      0.81190508       0.81190508      -23.687555      -23.687555
              7      -12.372775      0.98328601       1.0969431      -12.900153      0.74897064       9.6224577       12.500953   1.2584823e-13       5.6101005      0.15086224       0.15086224      -25.047274      -25.047274
              1      -11.539223       1.0025517       1.0948416      -12.895574      0.77963958       10.058927       12.440607   1.2718208e-13       6.0205973      0.17383384       0.17383384      -23.426113      -23.426113
             16      -11.328202      0.99498839       1.0962855      -12.894888      0.77899427       9.8852667       12.482038   1.2738306e-13       6.0116581       0.1637372        0.1637372      -22.983878      -22.983878
             12       -9.300162      0.26484407      0.78141409       -13.00036      0.73441978       1.8401112       6.0452476   9.9917088e-14       5.4252503       1.4569526        1.4569526      -21.514229      -21.514229
              9      -8.4031564      0.27558134      0.76885715      -13.004965      0.72939193       1.8861722       5.8729614   9.8863354e-14       5.3628041       1.4553268        1.4553268      -19.716966      -19.716966
              6      -8.3048777     0.021115473      0.76885267      -12.960879      0.51351517       1.0498215       5.8729008   1.0942602e-13       3.2622345       2.3401848        2.3401848      -21.290125      -21.290125
              8      -9.4152677      0.91036508       1.3002681      -12.857981      0.53200677       8.1351409       19.964944   1.3868169e-13       3.4041349      0.10995088       0.10995088      -19.050437      -19.050437
              5      -11.402434       1.1039826       1.1254721      -12.915948      0.49394088       12.705232       13.349717   1.2135334e-13        3.118465      0.38957145       0.38957145       -23.58401       -23.58401
              3      -12.438691      0.86735772       1.1880903        -12.8891      0.44602719       7.3681375       15.420211   1.2909225e-13       2.7927187      0.12846299       0.12846299      -25.134309      -25.134309
              1      -12.057155      0.87088614      0.94700685       -12.92918      0.36487155       7.4282437       8.8512957   1.1771173e-13       2.3167094      0.32395793       0.32395793      -24.762225      -24.762225
              4      -10.618962      0.27943926      0.90330022       -12.95585      0.55369065       1.9030021       8.0038735   1.1070055e-13       3.5784145       1.1434735        1.1434735      -23.524871      -23.524871
             17      -9.0948323      0.94912068      0.73409178      -12.950149      0.14519616       8.8944824       5.4211545   1.1216338e-13       1.3969992       0.9284009        0.9284009      -20.046466      -20.046466
             28      -12.126258      0.73901925       1.0684039       -12.91963      0.44236865       5.4830126       11.705877   1.2032882e-13       2.7692913      0.19226606       0.19226606      -24.637049      -24.637049
              6      -12.425963      0.74454585       1.0766243      -12.917072      0.43762688       5.5532324       11.929558   1.2103987e-13       2.7392198      0.18637548       0.18637548      -25.224677      -25.224677
              1      -12.222839      0.78134504       1.0426611      -12.926803      0.38560233       6.0442864       11.032173   1.1835794e-13        2.429978      0.24880284       0.24880284      -24.943284      -24.943284
             12      -12.108896       0.8452262      0.89331532      -12.954138      0.45254187       7.0020659       7.8219552   1.1113786e-13       2.8349269      0.34958201       0.34958201      -24.916955      -24.916955
             20      -12.237553      0.70353597      0.97536934      -12.933693      0.33456226       5.0528449       9.4486409   1.1649499e-13       2.1605398      0.37538108       0.37538108      -25.225868      -25.225868
             16       -12.08592      0.70211524       0.9710476      -12.936301      0.34830371       5.0363424        9.355082   1.1579744e-13       2.2299941      0.37079056       0.37079056      -24.913421      -24.913421
              6      -9.8978122      0.66733648      0.96401237      -12.938328      0.52108835       4.6487531        9.204758   1.1525821e-13       3.3196198      0.27545464       0.27545464      -20.346534      -20.346534
              4      -11.414505      0.72683079        1.019454      -12.930133      0.56529494       5.3312714       10.458128   1.1745391e-13       3.6753181      0.17051222       0.17051222      -23.170035      -23.170035
              6      -11.748317      0.97034774      0.98004471       -12.92137      0.65620687       9.3400186        9.550909   1.1984765e-13       4.5311337      0.20411556       0.20411556      -23.904864      -23.904864
