#        weight    minuslogpost         logphi0          loggst           logV0           logQ0            phi0             gst              V0              Q0   minuslogprior minuslogprior__0            chi2       chi2__stb
             11       3.9541637     -0.25455492    -0.085419976      -13.283875      0.33298455      0.55647426       0.8214479   5.2014538e-14       2.1527051       8.6171314        8.6171314      -9.3259355      -9.3259355
              7      -1.8269187    -0.023945884     -0.28236081      -13.387891      0.27506724      0.94635508      0.52196237   4.0936384e-14       1.8839407       9.5166908        9.5166908      -22.687219      -22.687219
             17      -5.4493655    -0.097707116   -0.0066624136      -13.192454    -0.021916371      0.79853303       0.9847763   6.4201578e-14      0.95078786       7.0524467        7.0524467      -25.003624      -25.003624
              3      -5.3320021     -0.09474288   -0.0055671284      -13.195647    -0.021975586      0.80400198      0.98726302   6.3731299e-14      0.95065823       7.0603075        7.0603075      -24.784619      -24.784619
             17      -5.3262254    -0.098825734    0.0099765857      -13.195748   -0.0059735485      0.79647888       1.0232378    6.371654e-14      0.98633956       6.9883662        6.9883662      -24.629183      -24.629183
              2      -2.1274512     -0.32663699     -0.15082268      -13.283425      0.46557225      0.47137116        0.706606   5.2068522e-14       2.9212737       9.2546804        9.2546804      -22.764263      -22.764263
              6      -5.8816354       -0.111587      0.02020128      -13.205891      0.45739013      0.77341574        1.047614   6.2245675e-14        2.866752       6.4450471        6.4450471      -24.653365      -24.653365
              4      -5.5321547     -0.13830725    -0.011538273      -13.209995      0.42544003      0.72726511      0.97378197   6.1660154e-14       2.6634223       6.7791364        6.7791364      -24.622582      -24.622582
             23       -5.665747     -0.08162244    -0.049294644      -13.201186      0.37764205      0.82866226      0.89269963   6.2923681e-14       2.3858441       6.5740795        6.5740795      -24.479653      -24.479653
              6       -8.553536   -0.0052899806      0.62719288      -12.978891      0.73558568      0.98789325       4.2383116   1.0498062e-13       5.4398344       2.7053921        2.7053921      -22.517856      -22.517856
             11      -9.8243348     0.098936841      0.69738698       -12.97471      0.79129604       1.2558473        4.981808   1.0599606e-13       6.1843782       2.1155428        2.1155428      -23.879755      -23.879755
              9      -9.4155681      0.11274258      0.68408259      -12.971373      0.79424808       1.2964106       4.8315067    1.068136e-13       6.2265586       2.0657215        2.0657215      -22.962579      -22.962579
              1      -7.8497267     0.066151487      0.83341156      -12.939193      0.69022298       1.1645322       6.8141479   1.1502889e-13       4.9003035       1.9574698        1.9574698      -19.614393      -19.614393
             12      -11.835239      0.51247435       1.3762907      -12.867266      0.60651759       3.2544256       23.784319   1.3574824e-13       4.0412674      0.39081814       0.39081814      -24.452115      -24.452115
             19      -11.872235      0.55412938       1.2858524      -12.876399      0.57354603       3.5820314       19.313118    1.329233e-13       3.7458125      0.27416554       0.27416554      -24.292802      -24.292802
              7      -12.240758      0.54831242       1.2709536      -12.890241       0.5690701       3.5343734       18.661803   1.2875344e-13       3.7074055      0.29602381       0.29602381      -25.073564      -25.073564
             13      -11.572442      0.56118813       1.2504635      -12.886045      0.54359999       3.6407271       17.801783    1.300035e-13         3.49623      0.26910316       0.26910316       -23.68309       -23.68309
              4      -12.044249      0.76075666       1.4597832      -12.867164      0.64478779       5.7644339       28.825924   1.3577996e-13       4.4135473      0.20904621       0.20904621       -24.50659       -24.50659
             28      -11.976544      0.75425498       1.4577569      -12.866771       0.6493028       5.6787791       28.691743   1.3590298e-13       4.4596708      0.20809297       0.20809297      -24.369275      -24.369275
             10      -11.900996      0.75433374       1.4227164      -12.882549      0.74811817       5.6798092       26.467714   1.3105428e-13       5.5990993      0.19834462       0.19834462      -24.198681      -24.198681
             12      -11.192324      0.77540334       1.4075847      -12.881962      0.76514575       5.9621561       25.561405   1.3123162e-13        5.822986      0.18126791       0.18126791      -22.747184      -22.747184
              9       -11.52975      0.59252391       1.4015692      -12.890281      0.92281258       3.9131267        25.20979   1.2874162e-13       8.3716792      0.41837986       0.41837986      -23.896259      -23.896259
              7      -10.655791      0.20058438       1.2822391      -12.893861       1.0381895       1.5870272       19.153099   1.2768478e-13       10.919168       1.4325735        1.4325735      -24.176729      -24.176729
             37      -11.648848      0.36509588       1.2162129       -12.88829       1.0274036       2.3179063        16.45178   1.2933326e-13       10.651323      0.85663053       0.85663053      -25.010957      -25.010957
             33      -11.840497      0.47792956       1.2000715      -12.884153       1.0394567       3.0055888       15.851541   1.3057113e-13       10.951075      0.59441324       0.59441324      -24.869821      -24.869821
              2      -11.784679      0.69905485      0.99385482      -12.746689       1.1936239       5.0009769       9.8594984   1.7918884e-13       15.617945      0.56973659       0.56973659      -24.708831      -24.708831
             11      -10.345077      0.76976292       1.0445936      -12.736413       1.1902108       5.8852229       11.081374    1.834794e-13       15.495686      0.53395541       0.53395541      -21.758065      -21.758065
             24       -11.77309      0.77549615       1.0291715      -12.737126       1.1984917       5.9634303        10.69477   1.8317834e-13       15.793984      0.54974808       0.54974808      -24.645676      -24.645676
              7      -11.780507      0.80949349       1.0112259      -12.719609       1.1994426       6.4490165       10.261857   1.9071748e-13       15.828605      0.59421707       0.59421707      -24.749448      -24.749448
              8      -11.185107      0.79324014       1.0011687      -12.751825       1.1055274       6.2121243       10.026947   1.7708211e-13       12.750506      0.38237532       0.38237532      -23.134964      -23.134964
             10      -11.127642      0.79524034       1.0213924      -12.763385       1.0735476       6.2408011       10.504912   1.7243069e-13       11.845341      0.31210536       0.31210536      -22.879495      -22.879495
             25      -10.562476      0.88354729       1.0696241      -12.797289      0.97084051       7.6479896       11.738811    1.594817e-13       9.3506222      0.16030864       0.16030864       -21.44557       -21.44557
             13       -9.716601        1.079829      0.97420297      -12.726559       1.2316509        12.01791       9.4232989   1.8768995e-13       17.047115      0.86929602       0.86929602      -21.171794      -21.171794
             15      -9.8465479       1.0913794      0.98715623       -12.72164       1.2232831       12.341826       9.7085915    1.898277e-13       16.721802      0.87885307       0.87885307      -21.450802      -21.450802
             52      -9.9981605         1.07975      0.96905276      -12.733928       1.1793034       12.015726         9.31221   1.8453219e-13       15.111354       0.7635815        0.7635815      -21.523484      -21.523484
              8      -8.6951799       1.6958217      0.91555978      -12.692274       1.3835148       49.638852       8.2330315   2.0310746e-13       24.183258       3.4627704        3.4627704      -24.315901      -24.315901
              1      -8.6743634        1.705034      0.92265574      -12.686845       1.3847606       50.703039       8.3686565   2.0566237e-13       24.252729       3.5278496        3.5278496      -24.404426      -24.404426
             14      -8.1310375       1.7145337       0.8347412      -12.639428       1.2644671       51.824327       6.8350422   2.2938849e-13       18.385146       3.5790756        3.5790756      -23.420226      -23.420226
              4      -7.9878272        1.702111      0.90470034      -12.666178        1.190338       50.362931       8.0297189   2.1568601e-13       15.500225       3.2063054        3.2063054      -22.388265      -22.388265
             12      -7.8570798       1.6943007      0.92718269      -12.658076       1.1975569       49.465305       8.4563449   2.1974733e-13       15.760023       3.1925079        3.1925079      -22.099175      -22.099175
             15      -7.9047734       1.6742854      0.94304645      -12.649083       1.2352182       47.237334       8.7709462   2.2434516e-13       17.187716       3.1808128        3.1808128      -22.171172      -22.171172
             23      -9.7189563       1.5499491      0.93359701      -12.703092       1.3321827       35.477178       8.5821681   1.9811088e-13       21.487344        2.586749         2.586749      -24.611411      -24.611411
             16       -9.651009       1.5456291      0.95891645       -12.69012       1.3409691       35.126032       9.0973825   2.0411741e-13        21.92649        2.611251         2.611251       -24.52452       -24.52452
              3      -9.5059213       1.4778761      0.92793702      -12.777089       1.4109895       30.052185       8.4710456   1.6707496e-13       25.762587       2.3146322        2.3146322      -23.641107      -23.641107
             50       -8.628075       1.4283714       1.0377965      -12.766271       1.2805427       26.814606        10.90929   1.7128878e-13       19.078432       1.7965765        1.7965765      -20.849303      -20.849303
              2        -8.79899        1.511092       0.9922188      -12.774225       1.3288256       32.440835       9.8224269   1.6818021e-13       21.321887       2.2320761        2.2320761      -22.062132      -22.062132
             13      -9.5299381       1.5645559       1.0025726      -12.784419       1.2365075        36.69069       10.059413   1.6427851e-13        17.23882       2.2668022        2.2668022       -23.59348       -23.59348
              7      -9.4426105       1.6978288      0.99654786      -12.755437       1.2379651       49.868781       9.9208265   1.7561544e-13       17.296773       2.9706812        2.9706812      -24.826583      -24.826583
             32      -8.8501733       1.7286471      0.99587597      -12.742157       1.2858516       53.536142       9.9054902   1.8106848e-13       19.313083       3.2557052        3.2557052      -24.211757      -24.211757
              4      -7.9788879       1.7189848      0.98212413      -12.742127       1.3002068       52.358213       9.5967489   1.8108093e-13       19.962129       3.2378802        3.2378802      -22.433536      -22.433536
             16      -8.9744235        1.720498      0.99054831      -12.737804       1.3037316       52.540958        9.784718   1.8289253e-13       20.124801       3.2583496        3.2583496      -24.465546      -24.465546
              6      -8.1542682       1.7266008       1.0093902      -12.726005       1.3085374       53.284492       10.218572   1.8792969e-13       20.348733       3.3204034        3.3204034      -22.949343      -22.949343
              1      -5.5801608       1.5771592       2.1334852      -12.794014      0.50971685       37.771066       135.98319   1.6068884e-13       3.2338275       3.5694689        3.5694689      -18.299259      -18.299259
             17      -5.3963814       1.5985855       2.0797872      -12.816685      0.50387836       39.681264       120.16753   1.5251572e-13       3.1906441       3.4806486        3.4806486       -17.75406       -17.75406
             50      -7.9923569      0.80933541       1.7439198      -12.883248      0.64881101       6.4466696       55.452333   1.3084331e-13       4.4546236      0.69029343       0.69029343      -17.365301      -17.365301
             12      -9.8813693      0.80293672       1.7007451      -12.889448      0.69086453       6.3523837       50.204782    1.289889e-13       4.9075477      0.61063459       0.61063459      -20.984008      -20.984008
             81       -8.732676      0.80073053        1.739444      -12.889938      0.66672477       6.3201957       54.883776   1.2884347e-13       4.6422099      0.69036151       0.69036151      -18.846075      -18.846075
             13      -8.9747912      0.45990474       1.6769313      -12.918256      0.86804984        2.883399       47.526004   1.2071013e-13       7.3798892       1.0553387        1.0553387       -20.06026       -20.06026
              1      -10.648628      0.42819285        1.559588      -12.863873      0.75952295       2.6803583       36.273381   1.3681283e-13        5.748082      0.78727981       0.78727981      -22.871815      -22.871815
             26      -12.112652      0.50812383       1.3306858      -12.882785      0.95909581       3.2219873       21.413407   1.3098293e-13       9.1011403      0.51274586       0.51274586      -25.250796      -25.250796
              7      -11.241667      0.50877033       1.3714735      -12.865123      0.98265153       3.2267872       23.521961   1.3641974e-13         9.60841      0.54628369       0.54628369      -23.575901      -23.575901
             13      -11.981761      0.56977421       1.3844557      -12.900225      0.90500048       3.7134212       24.235709   1.2582737e-13       8.0352701       0.4364884        0.4364884      -24.836499      -24.836499
             18      -12.112831      0.47217677       1.2797488      -12.892584      0.91276868       2.9660384       19.043587   1.2806072e-13       8.1802896      0.52451911       0.52451911      -25.274701      -25.274701
             83      -12.051921      0.44144596       1.2872747      -12.897605      0.89732078       2.7634141        19.37647   1.2658871e-13       7.8944301      0.59104559       0.59104559      -25.285933      -25.285933
             57      -11.805481      0.36286059       1.2846086      -12.899271      0.93668211       2.3060068       19.257887    1.261041e-13       8.6433502      0.81855973       0.81855973      -25.248081      -25.248081
             15      -11.225236       0.2727872       1.3161617      -12.909341      0.95364258        1.874076       20.709123   1.2321372e-13        8.987576       1.1409878        1.1409878      -24.732447      -24.732447
             15      -10.288078      0.17941672       1.3963369      -12.899401       0.7898289       1.5115298       24.907887    1.260663e-13       6.1635213       1.4083699        1.4083699      -23.392895      -23.392895
             22      -10.502785      0.19954981       1.4978237      -12.872132      0.86761493       1.5832511       31.464706   1.3423571e-13       7.3725026       1.4474564        1.4474564      -23.900484      -23.900484
              7      -10.999973      0.11890631        1.219815      -12.900638      0.94796095       1.3149411         16.5888    1.257078e-13       8.8707625       1.6424204        1.6424204      -25.284788      -25.284788
              6      -10.142999      0.15503287       1.5307939      -12.873012      0.87386199       1.4290021       33.946416   1.3396409e-13       7.4793178       1.6676775        1.6676775      -23.621352      -23.621352
             30      -10.104858      0.16966221       1.5590025      -12.874207       0.8541382       1.4779584       36.224506   1.3359583e-13       7.1472373       1.6402518        1.6402518      -23.490219      -23.490219
              8       -8.848045      0.14574136       1.5510849       -12.88597      0.84769918       1.3987541       35.570085   1.3002586e-13       7.0420513       1.7346203        1.7346203      -21.165331      -21.165331
             28      -10.286579      0.16848771       1.4193917        -12.8974      0.97553997       1.4739668       26.265866   1.2664839e-13       9.4523538       1.5994481        1.5994481      -23.772053      -23.772053
              2      -11.331708      0.21309741       1.2354423      -12.906399      0.93653276       1.6334183        17.19659   1.2405112e-13       8.6403783       1.2816316        1.2816316      -25.226678      -25.226678
             25      -10.151269     0.048221034         1.28969      -12.871693       1.1797943       1.1174318       19.484531   1.3437152e-13       15.128446       2.2414992        2.2414992      -24.785537      -24.785537
             25      -10.037176     0.042775042       1.2644989      -12.877296       1.1493766       1.1035069       18.386495   1.3264896e-13       14.105116       2.2106777        2.2106777      -24.495707      -24.495707
             38      -10.818021      0.13226452        1.378467      -12.883672       1.0502208       1.3560151       23.903804   1.3071591e-13       11.225891       1.7671691        1.7671691       -25.17038       -25.17038
             43      -11.417714       0.2829225       1.3655169      -12.891781       0.9449539       1.9183264       23.201544   1.2829774e-13       8.8095536       1.1058572        1.1058572      -25.047143      -25.047143
             14      -11.382869      0.23248937       1.2614973        -12.8944      0.98824234       1.7080059       18.259853    1.275265e-13       9.7329018       1.2519537        1.2519537      -25.269645      -25.269645
              5      -11.337594      0.39205711       1.2814042      -12.882839       1.1100527       2.4663637       19.116318   1.3096676e-13       12.884059      0.91469946       0.91469946      -24.504588      -24.504588
              5      -11.264132      0.37102299       1.2862694      -12.885616       1.0996064       2.3497572       19.331671   1.3013194e-13        12.57785      0.96112576       0.96112576      -24.450515      -24.450515
             14      -10.572816      0.30479168       1.3003091      -12.888256       1.1985935       2.0173984       19.966829   1.2934343e-13       15.797688       1.3177129        1.3177129      -23.781057      -23.781057
              9      -10.711372      0.27216558       1.3098647      -12.890216       1.2025079       1.8713955       20.411018    1.287609e-13       15.940718       1.4366089        1.4366089      -24.295961      -24.295961
             15      -10.097804      0.26476632       1.3108401      -12.890552       1.2083634       1.8397818       20.456914   1.2866138e-13       16.157101       1.4722737        1.4722737      -23.140155      -23.140155
              9      -10.641719      0.24442742       1.2653667      -12.899619       1.1717503       1.7556075       18.423271   1.2600294e-13       14.850816       1.4675814        1.4675814      -24.218601      -24.218601
             10      -12.010189      0.56983837       1.3772725       -12.88053       0.7684848       3.7139699       23.838145   1.3166491e-13       5.8679283      0.32406038       0.32406038      -24.668499      -24.668499
             23      -12.058028      0.57013993        1.376937      -12.880542      0.76984452       3.7165495        23.81974   1.3166111e-13       5.8863289      0.32379037       0.32379037      -24.763636      -24.763636
              2      -12.056789      0.57014215       1.3769196      -12.880613      0.77003286       3.7165686       23.818786   1.3163986e-13       5.8888821      0.32392798       0.32392798      -24.761435      -24.761435
             31      -11.620761      0.57618155       1.3644008      -12.884716      0.76354262        3.768613       23.141994   1.3040199e-13       5.8015311       0.3080896        0.3080896      -23.857701      -23.857701
             10      -12.446449      0.74993244       1.2843814      -12.885419      0.57274091       5.6225385       19.247815   1.3019089e-13       3.7388747     0.097547374      0.097547374      -25.087993      -25.087993
             14      -12.377587      0.73956499       1.2836409      -12.887338        0.567967        5.489907       19.215024     1.29617e-13       3.6980008      0.10562703       0.10562703      -24.966429      -24.966429
             11      -12.081453      0.64083963       1.2036372      -12.899554      0.60485689       4.3736057       15.982225   1.2602178e-13       4.0258435      0.15423316       0.15423316      -24.471372      -24.471372
              6      -12.319904      0.63698281       1.2139326      -12.894441      0.59910137       4.3349372       16.365624   1.2751432e-13       3.9728427      0.15375612       0.15375612       -24.94732       -24.94732
              9      -12.287955      0.63803175       1.2114657      -12.895664      0.59863412       4.3454199       16.272928   1.2715564e-13       3.9685707      0.15403867       0.15403867      -24.883987      -24.883987
             15      -12.364477      0.91470017      0.97906255      -12.920778      0.66747662       8.2167519        9.529334   1.2001128e-13       4.6502534      0.15878219       0.15878219      -25.046518      -25.046518
              7      -12.117208      0.90106643      0.91774307      -12.934965      0.68400241       7.9628115        8.274525   1.1615423e-13       4.8306149      0.22254213       0.22254213      -24.679501      -24.679501
             20      -11.522943      0.99584551       1.2000835      -12.892147      0.44323066       9.9047955       15.851978    1.281898e-13       2.7747935      0.23194628       0.23194628       -23.50978       -23.50978
             11       -11.05653      0.58935981      0.75800109      -13.029847      0.64973139       3.8847208       5.7279747   9.3358274e-14        4.464074      0.85987147       0.85987147      -23.832803      -23.832803
              8      -11.110422      0.69626005      0.77386207      -12.989167      0.67956084       4.9688976       5.9410345   1.0252581e-13       4.7814634      0.55167603       0.55167603      -23.324195      -23.324195
              6      -10.622675      0.54166537       1.0512988      -12.912974        0.919165       3.4806902        11.25379   1.2218724e-13       8.3016612      0.40487238       0.40487238      -22.055094      -22.055094
             14      -10.185315      0.55164479        1.047406      -12.912619      0.91068097       3.5615971       11.153367   1.2228714e-13       8.1410603      0.38231646       0.38231646      -21.135264      -21.135264
              4      -10.995054      0.53961099       1.0521677      -12.908402      0.91174409       3.4642641       11.276328   1.2348036e-13       8.1610135      0.39264679       0.39264679      -22.775401      -22.775401
              4      -11.530009      0.51027893       1.2652568      -12.894108       1.0928838       3.2380155       18.418607    1.276121e-13       12.384651      0.64207661       0.64207661      -24.344171      -24.344171
             23      -11.944701      0.55213514       1.2716124       -12.88242       1.1189818       3.5656207       18.690133   1.3109311e-13       13.151698      0.59395149       0.59395149      -25.077304      -25.077304
             31      -11.735082        0.559852       1.2842877      -12.875241       1.1094298       3.6295434       19.243663   1.3327808e-13       12.865592      0.56575093       0.56575093      -24.601666      -24.601666
             44      -11.824288       0.5597046       1.2838709      -12.875311       1.1098234       3.6283118       19.225203   1.3325659e-13       12.877258      0.56639109       0.56639109      -24.781358      -24.781358
              1      -11.384402      0.62645361       1.1624307      -12.912219      0.92166708       4.2311031       14.535525   1.2239994e-13       8.3496271      0.28373661       0.28373661      -23.336277      -23.336277
              1      -9.9662964      0.67389138       1.1537119      -12.900608      0.93381675       4.7194499       14.246623    1.257164e-13       8.5865114      0.22408948       0.22408948      -20.380772      -20.380772
             12       -9.625808      0.59912413       1.3798159      -12.911478      0.83653816       3.9730509        23.97816   1.2260896e-13       6.8633819      0.36877414       0.36877414      -19.989164      -19.989164
             14      -10.996965      0.61605506       1.3610415      -12.898905        0.824823       4.1309987       22.963682   1.2621048e-13       6.6807159      0.30144858       0.30144858      -22.596827      -22.596827
              8      -9.4787595       0.5880065       1.3319605       -12.90947       0.7777897       3.8726344       21.476351   1.2317702e-13       5.9950071      0.31397787       0.31397787      -19.585475      -19.585475
             47      -11.873608      0.56584889       1.0818584      -12.883324      0.99524885       3.6800091       12.074201   1.3082048e-13        9.891197      0.38113556       0.38113556      -24.509487      -24.509487
             27      -11.996606      0.43319257       1.3020136      -12.885362      0.95202435       2.7113936        20.04535   1.3020821e-13       8.9541498       0.6446497        0.6446497      -25.282512      -25.282512
             16      -9.9928656      0.21461586        1.325994      -12.870777      0.80568624       1.6391393       21.183316   1.3465529e-13       6.3927281       1.1850265        1.1850265      -22.355784      -22.355784
             14      -10.029142       0.1482335       1.4070373       -12.86505      0.78023244       1.4068037       25.529205   1.3644265e-13       6.0288217       1.4897942        1.4897942      -23.037873      -23.037873
             12      -11.067506      0.15981347       1.3926804      -12.875219      0.76348419       1.4448191       24.699061   1.3328484e-13       5.8007506       1.4354135        1.4354135      -25.005839      -25.005839
              3      -11.010771      0.15471107       1.3912039      -12.876559      0.76184691       1.4279437        24.61523    1.328744e-13        5.778923       1.4553307        1.4553307      -24.932203      -24.932203
              3      -11.376293      0.28430666        1.274277      -12.897162      0.71329456       1.9244501       18.805159   1.2671801e-13       5.1676675        0.926453         0.926453      -24.605493      -24.605493
              1      -10.241805      0.27972649       1.2509218      -12.906688      0.70058972       1.9042611       17.820578   1.2396876e-13       5.0186825      0.94568309       0.94568309      -22.374976      -22.374976
             19      -10.108176      0.44232962       1.3233605      -12.881868      0.49890557       2.7690425       21.055256   1.3125977e-13       3.1543187      0.54828735       0.54828735      -21.312927      -21.312927
             12      -10.368299      0.25893718      0.81429057      -12.953417      0.65197343       1.8152531       6.5206452   1.1132244e-13       4.4871794       1.2623804        1.2623804      -23.261359      -23.261359
              1      -10.768654      0.26359618      0.80721916      -12.962245      0.64340903       1.8348315       6.4153324   1.0908253e-13       4.3995579       1.2831055        1.2831055      -24.103519      -24.103519
              7      -10.753629      0.26255149       1.0847596      -12.898069      0.99759106       1.8304231        12.15513   1.2645363e-13       9.9446857       1.1339159        1.1339159      -23.775091      -23.775091
             33      -11.175634      0.35012483       1.0847868      -12.884899       1.0074062       2.2393647       12.155892   1.3034707e-13       10.171996      0.85646166       0.85646166      -24.064191      -24.064191
              5      -9.0694586       0.5523547      0.88053595      -12.874125       1.0839479       3.5674238       7.5951429   1.3362123e-13       12.132432      0.59359919       0.59359919      -19.326116      -19.326116
             16      -12.000102      0.65731879       1.1777682      -12.893146      0.88293082       4.5427495       15.058031   1.2789499e-13       7.6371413      0.18968896       0.18968896      -24.379581      -24.379581
              4      -11.921946        1.012438       1.1124601      -12.915554      0.40712735       10.290537       12.955677   1.2146369e-13         2.55345      0.31340522       0.31340522      -24.470702      -24.470702
              9      -12.222857         1.01484        1.090255      -12.922102      0.40443853       10.347609       12.309913   1.1964607e-13       2.5376898      0.33485579       0.33485579      -25.115425      -25.115425
              2       -11.59777      0.76949353      0.99571904      -12.928601      0.38854393       5.8815735       9.9019114   1.1786878e-13       2.4464928      0.26947758       0.26947758      -23.734495      -23.734495
             29      -12.247171      0.80841171       1.0830755      -12.901593      0.31183701       6.4329727       12.108087   1.2543152e-13       2.0503925      0.26075346       0.26075346      -25.015849      -25.015849
             39      -11.998035      0.75700407       1.0108046      -12.920627      0.32656609       5.7148399       10.251906   1.2005297e-13       2.1211242      0.31050015       0.31050015       -24.61707       -24.61707
             39       -12.08566      0.75856389      0.96275796      -12.926201      0.26398547       5.7354023       9.1782093    1.185221e-13       1.8364769      0.42111689       0.42111689      -25.013554      -25.013554
             21      -11.808156      0.61419261       1.3084998       -12.83848      0.24512992        4.113321       20.346975   1.4505081e-13       1.7584496      0.45209108       0.45209108      -24.520494      -24.520494
             15      -10.309158      0.65406396       1.3442087      -12.803716      0.27296022        4.508831       22.090659   1.5713917e-13       1.8748228      0.40076585       0.40076585      -21.419847      -21.419847
             12      -11.550256       0.5555326       1.1635938      -12.865423      0.15492834       3.5936237       14.574506   1.3632535e-13       1.4286582      0.62963454       0.62963454      -24.359782      -24.359782
             42      -11.173353      0.56258657       1.2642632      -12.840646      0.16545768       3.6524692       18.376515   1.4432906e-13       1.4637189      0.61699519       0.61699519      -23.580697      -23.580697
             26      -11.303432      0.55846913       1.2444457      -12.845406      0.17307645       3.6180047       17.556813   1.4275588e-13       1.4896233      0.60384996       0.60384996      -23.814564      -23.814564
             39      -11.400295      0.37913504       1.3099665       -12.83972       0.2505809       2.3940601       20.415804   1.4463726e-13       1.7806596      0.89260438       0.89260438      -24.585798      -24.585798
             34      -11.156173      0.41175315       1.4647836      -12.791562      0.32803001       2.5807928       29.159737   1.6159873e-13       2.1282861      0.86771719       0.86771719       -24.04778       -24.04778
              5      -10.880464      0.53177288       1.4174859      -12.780077      0.31194846       3.4023022       26.150857   1.6592938e-13       2.0509188      0.59847096       0.59847096       -22.95787       -22.95787
              9      -10.875241      0.52057436       1.4124126      -12.785143      0.31293017       3.3156934       25.847149   1.6400496e-13       2.0555601      0.60636922       0.60636922      -22.963219      -22.963219
             11      -10.984354       0.5503909       1.4684466      -12.767094      0.30715285        3.551329       29.406722   1.7096445e-13       2.0283965       0.6460285        0.6460285      -23.260766      -23.260766
             71      -9.9077297      0.53397515       1.3712915      -12.827692      0.37300284       3.4195988       23.512104   1.4869902e-13       2.3604937      0.46286985       0.46286985      -20.741199      -20.741199
              5       -11.33205      0.29010151      0.94660676      -12.914943      0.25168046       1.9503004       8.8431453   1.2163467e-13       1.7851736        1.232631         1.232631      -25.129361      -25.129361
             14      -10.982754      0.28465075       1.1088277      -12.928013      0.40603245       1.9259755       12.847768   1.1802851e-13       2.5470206       1.0580676        1.0580676      -24.081643      -24.081643
             11      -10.180081      0.22347405       1.0286297      -12.923567      0.43234134       1.6729157       10.681438   1.1924299e-13       2.7060844       1.2462987        1.2462987       -22.85276       -22.85276
             14      -11.357185      0.42069381       1.0594226       -12.91518      0.39644945       2.6344734       11.466281   1.2156822e-13       2.4914344      0.66600209       0.66600209      -24.046375      -24.046375
              3      -12.300042      0.60825902        1.042931      -12.937533      0.43460721       4.0575046       11.039033   1.1546944e-13       2.7202399      0.35680187       0.35680187      -25.313688      -25.313688
             15      -12.315777      0.59777985       1.0356192      -12.938017      0.44463798       3.9607721       10.854735   1.1534068e-13       2.7837997      0.36588569       0.36588569      -25.363326      -25.363326
             32       -12.31925      0.66017284       1.0488954      -12.920492      0.43750552       4.5727014       11.191682   1.2009021e-13       2.7384544      0.25509907       0.25509907      -25.148698      -25.148698
             61      -12.295198      0.67100941        1.048843      -12.918859      0.39326135       4.6882354       11.190333    1.205426e-13        2.473212      0.27821446       0.27821446      -25.146825      -25.146825
              2      -10.540678      0.63812271       1.0489417      -12.914321      0.45414088       4.3463302       11.192877   1.2180903e-13        2.845384      0.25096378       0.25096378      -21.583284      -21.583284
              2      -11.321716      0.53926217      0.84894421      -12.959064      0.42660787       3.4614828       7.0622683   1.0988433e-13        2.670594      0.64208774       0.64208774      -23.927607      -23.927607
              2      -11.532786      0.53824144      0.84800281      -12.959867      0.42622539       3.4533567       7.0469763   1.0968139e-13        2.668243      0.64753644       0.64753644      -24.360644      -24.360644
             11      -11.561071      0.42213281       1.2344798      -12.865334      0.23207573        2.643217       17.158519   1.3635352e-13       1.7063799      0.78933966       0.78933966      -24.700821      -24.700821
             21      -11.454952      0.43541749       1.2356406      -12.858597      0.20403565       2.7253199       17.204443   1.3848498e-13       1.5996893      0.79413918       0.79413918      -24.498183      -24.498183
              9       -11.77388      0.47396417       1.2675252      -12.866821      0.29154539       2.9782707       18.515063   1.3588739e-13       1.9567953      0.61334925       0.61334925      -24.774459      -24.774459
             14      -11.865661      0.54506481        1.321505      -12.845413      0.34476569       3.5080422       20.965489    1.427537e-13        2.211901      0.43943212       0.43943212      -24.610187      -24.610187
              7      -11.897426        0.594619       1.2684737      -12.866682      0.29202331       3.9320497       18.555544    1.359309e-13       1.9589498      0.41131063       0.41131063      -24.617474      -24.617474
             12      -11.909136      0.59345407       1.2679411      -12.866826      0.29273552       3.9215167       18.532801    1.358858e-13        1.962165      0.41184328       0.41184328      -24.641958      -24.641958
             31      -12.101318      0.72733785       1.2178516      -12.869625       0.3036678       5.3374995       16.513975   1.3501279e-13       2.0121845      0.25869889       0.25869889      -24.720034      -24.720034
             51      -10.809127      0.95972677      0.69217073      -12.951873      0.66300834       9.1143725         4.92233   1.1171889e-13       4.6026541      0.55725835       0.55725835      -22.732772      -22.732772
             10      -11.581342      0.91312946       0.8112352      -12.968131      0.51621765       8.1870881       6.4749318   1.0761397e-13       3.2825977      0.46093437       0.46093437      -24.084552      -24.084552
              4      -10.413925      0.50586121       1.1388054      -12.874779        1.116812       3.2052449       13.765926   1.3342014e-13       13.086154      0.62125893       0.62125893      -22.070368      -22.070368
             10      -10.223895      0.29760846       1.0716705      -12.918582      0.88702951       1.9843052       11.794254   1.2061962e-13       7.7095585      0.96564467       0.96564467       -22.37908       -22.37908
             44      -11.199729      0.24535256       1.0463773      -12.884699        1.056142       1.7593513       11.126981   1.3040693e-13       11.379993       1.2461651        1.2461651      -24.891787      -24.891787
             21      -11.364883       0.2483066       1.0515102      -12.881657       1.0558697       1.7713591       11.259268   1.3132354e-13        11.37286       1.2302314        1.2302314      -25.190228      -25.190228
              1      -10.927492      0.12695768       1.0904176      -12.892468      0.99981809       1.3395461       12.314522   1.2809498e-13       9.9958123       1.6312434        1.6312434       -25.11747       -25.11747
              1      -11.436922      0.26530094       1.1768764      -12.895823      0.92997049        1.842048       15.027142   1.2710932e-13       8.5108021        1.059044         1.059044      -24.991932      -24.991932
             15      -11.472874      0.23250235       1.2150442      -12.897826      0.89778866        1.708057       16.407569   1.2652433e-13       7.9029396        1.158035         1.158035      -25.261817      -25.261817
              9      -11.231313      0.25557592       1.1137158       -12.92954       0.6968998        1.801258        12.99319   1.1761438e-13       4.9762226       1.0466334        1.0466334      -24.555893      -24.555893
             11       -11.45616      0.32560944       1.1342012      -12.908534      0.43284272       2.1164569       13.620755   1.2344297e-13       2.7092103      0.86765514       0.86765514      -24.647631      -24.647631
             13      -11.501376      0.32560707       1.1333662       -12.90802      0.43122058       2.1164454       13.594593   1.2358907e-13         2.69911      0.86784258       0.86784258      -24.738437      -24.738437
              5      -10.295145      0.30122386        1.136455      -12.933212      0.46910807        2.000893       13.691626   1.1662395e-13       2.9451544      0.97227494       0.97227494       -22.53484       -22.53484
              8      -9.8814299     0.038857117        1.499506        -12.8317      0.55903999       1.0935965       31.586828   1.4733283e-13       3.6227636       2.0496324        2.0496324      -23.862125      -23.862125
              7      -10.467629      0.68615893       0.3780418      -13.120809       0.3910943       4.8546612       2.3880411   7.5716552e-14       2.4609019       2.1497094        2.1497094      -25.234677      -25.234677
              6      -11.181248      0.54795836      0.71974919      -13.035223      0.37930555       3.5314931       5.2450447   9.2209707e-14       2.3950002       1.1323288        1.1323288      -24.627153      -24.627153
              4      -11.843167      0.62300305      0.84939593      -12.973698      0.44141135       4.1976193       7.0696177   1.0624335e-13       2.7631938      0.56365218       0.56365218      -24.813639      -24.813639
              5      -11.636653      0.75037598      0.77327999      -12.971698      0.24160088       5.6282837        5.933077   1.0673388e-13       1.7442185        0.753894         0.753894      -24.781094      -24.781094
              1      -11.466881       0.7668226       0.7571625      -12.973962      0.20042977       5.8455126       5.7169251    1.061789e-13       1.5864623      0.83623849       0.83623849       -24.60624       -24.60624
              6      -11.483589      0.76184372      0.76444394      -12.972597      0.19743352       5.7788806       5.8135838   1.0651321e-13       1.5755548      0.82835549       0.82835549      -24.623889      -24.623889
              6      -11.308289      0.74032187      0.77377284      -12.968052       0.2260492        5.499483        5.939814   1.0763356e-13       1.6828647      0.76659394       0.76659394      -24.149766      -24.149766
             16      -11.753112      0.82131186      0.96423648      -12.917988      0.26221384        6.626922        9.209509   1.2078483e-13       1.8290005      0.39552449       0.39552449      -24.297274      -24.297274
              2      -12.111293      0.75208774      0.98033961      -12.939031      0.46323464       5.6505112       9.5573965    1.150719e-13       2.9055921      0.25020426       0.25020426      -24.722995      -24.722995
             24      -12.386244      0.74798755      0.97876107      -12.940692      0.46090995       5.5974155       9.5227213   1.1463267e-13       2.8900805       0.2586121        0.2586121      -25.289712      -25.289712
              1      -12.141764      0.89002766       1.0465234      -12.921906      0.39031089       7.7629655       11.130724   1.1969996e-13       2.4564667      0.24803258       0.24803258      -24.779594      -24.779594
             10      -11.883855      0.90654076       1.0318534       -12.93334      0.35716103       8.0638189        10.76102   1.1658956e-13       2.2759412      0.32071117       0.32071117      -24.409133      -24.409133
              5      -8.1137905       1.3372854       0.4297122      -13.087924       0.1657157       21.741293       2.6897518   8.1672458e-14       1.4645888       2.8776401        2.8776401      -21.982861      -21.982861
              5      -9.3612627       1.2027856      0.31364193      -13.105863       0.2353142       15.950914       2.0589316   7.8367743e-14       1.7191517       2.8143244        2.8143244      -24.351174      -24.351174
              6      -9.8376618       1.0652467      0.32256781      -13.109376      0.30755993       11.621086       2.1016859   7.7736243e-14       2.0302986       2.4518549        2.4518549      -24.579033      -24.579033
              1      -10.664277      0.99417072      0.52160987      -13.035209      0.56719122       9.8666728       3.3236085   9.2212758e-14       3.6914009        1.246019         1.246019      -23.820593      -23.820593
              2      -11.155988      0.95900805      0.50560655      -13.039534      0.57841881       9.0993014       3.2033659   9.1298933e-14       3.7880771       1.2627605        1.2627605      -24.837496      -24.837496
              4      -9.2080236      0.94545924      0.34464326       -13.10382      0.41790422       8.8198103       2.2112776   7.8737139e-14       2.6176057       2.1044642        2.1044642      -22.624975      -22.624975
             13      -10.487915      0.93888343       0.3595822      -13.093213      0.43245831       8.6872722       2.2886648   8.0683996e-14       2.7068134       1.9788031        1.9788031      -24.933436      -24.933436
             71       -10.34624      0.26881213      0.90072695      -12.877606       1.2146425        1.857001       7.9565895   1.3255432e-13         16.3924        1.472778         1.472778      -23.638035      -23.638035
              4      -10.522634      0.27216073      0.90172762      -12.878867         1.20314       1.8713746       7.9749435   1.3217001e-13       15.963938       1.4424534        1.4424534      -23.930174      -23.930174
              4      -8.9321153     -0.16813341       1.0891909      -12.867345       1.0466295      0.67899502       12.279789   1.3572339e-13       11.133444       3.1354683        3.1354683      -24.135167      -24.135167
              1        -8.83171     -0.16223894       1.1068552      -12.859321       1.0445904      0.68827351       12.789548   1.3825444e-13       11.081291       3.0894054        3.0894054      -23.842231      -23.842231
              3      -7.8780305    -0.053327786       0.9861021      -12.867344        1.121896      0.88444782       9.6850551   1.3572391e-13       13.240245       2.6272961        2.6272961      -21.010653      -21.010653
              1      -10.862291      0.34163899       1.2180754      -12.879379      0.94014506       2.1960337       16.522485   1.3201436e-13       8.7125455      0.81986466       0.81986466      -23.364312      -23.364312
              2       -11.03968      0.53754984      0.91193043      -12.952104      0.77575998       3.4478618       8.1645158    1.116595e-13       5.9670542      0.49538657       0.49538657      -23.070133      -23.070133
              6      -11.859838      0.76343429       1.3366708      -12.889574      0.82948336       5.8000841       21.710547   1.2895136e-13       6.7527919      0.16122298       0.16122298      -24.042122      -24.042122
             21      -12.081605      0.83684625       1.2685288      -12.902724       0.8125995       6.8682525       18.557899   1.2510526e-13       6.4953042      0.12785584       0.12785584      -24.418923      -24.418923
             20      -11.929076       1.2337915       1.1488148      -12.900042      0.73905366       17.131345       14.086879    1.258803e-13       5.4834471      0.59900743       0.59900743      -25.056166      -25.056166
              8      -12.367734      0.94686047       1.0892529      -12.926863      0.42722399       8.8483128       12.281543   1.1834146e-13       2.6743854      0.25787433       0.25787433      -25.251217      -25.251217
              6      -10.588759      0.92149255      0.72382537      -12.998244      0.39793979       8.3462722       5.2945051   1.0040511e-13       2.4999988      0.76766341       0.76766341      -22.712844      -22.712844
             23      -10.837556       1.1102767       1.0282146       -12.90802      0.17955299       12.890705       10.671234   1.2358919e-13       1.5120042      0.73757164       0.73757164      -23.150254      -23.150254
             15      -11.349441       1.1673127      0.97304555      -12.931984      0.21671041       14.699842       9.3982189   1.1695434e-13       1.6470637      0.87116128       0.87116128      -24.441205      -24.441205
              1      -10.653658       1.3081026      0.98916545      -12.924628      0.17184499       20.328371       9.7536114   1.1895207e-13       1.4854054       1.2773704        1.2773704      -23.862057      -23.862057
             65      -10.504984       1.2513719       1.6969191       -12.82013      0.40322251       17.839059       49.764434    1.513107e-13       2.5305942       1.2520542        1.2520542      -23.514077      -23.514077
              4      -10.523363       1.2581723       1.6939136      -12.820326      0.40476845       18.120589       49.421239   1.5124259e-13       2.5396183       1.2630083        1.2630083      -23.572743      -23.572743
              7      -10.455232       1.2472079        1.696989      -12.818873      0.40844611       17.668836       49.772448   1.5174931e-13       2.5612154       1.2368707        1.2368707      -23.384206      -23.384206
              7      -9.4271885       1.2810381       1.4667387      -12.838388      0.46270284       19.100207       29.291301    1.450816e-13       2.9020363      0.92546014       0.92546014      -20.705297      -20.705297
              4      -11.509314       1.0791791       1.1689015      -12.903465      0.43212123        11.99994       14.753717   1.2489201e-13       2.7047133      0.36727988       0.36727988      -23.753188      -23.753188
              1      -11.688154       1.0745958       1.1828019      -12.905694      0.45129367       11.873966       15.233578    1.242528e-13       2.8267908       0.3527001        0.3527001      -24.081708      -24.081708
             31      -11.828732        1.089723       1.1432327      -12.913711      0.40092367       12.294842       13.906977   1.2198003e-13       2.5172345      0.42764324       0.42764324      -24.512751      -24.512751
              9      -10.737479      0.17378774       1.1794113      -12.867355      0.21744889        1.492065       15.115109    1.357203e-13       1.6498668       1.5661857        1.5661857      -24.607328      -24.607328
              8      -11.326426       0.1889623       1.0645433      -12.930013      0.54452523       1.5451203       11.602279   1.1748624e-13       3.5036864       1.3135584        1.3135584      -25.279968      -25.279968
              2       -10.82093      0.15107938       1.1620227      -12.914272      0.47678196       1.4160526       14.521875   1.2182259e-13       2.9976571       1.4557821        1.4557821      -24.553425      -24.553425
              1      -10.660295     0.019188495       1.1928494      -12.894044      0.52209017       1.0451738       15.590116   1.2763082e-13       3.3272863       1.9771503        1.9771503      -25.274891      -25.274891
             10      -10.055311    0.0048857623       1.3779612      -12.879464      0.87701712       1.0113134       23.875978   1.3198859e-13       7.5338527       2.1659303        2.1659303      -24.442483      -24.442483
             26      -10.846426      0.29133578       1.2094559      -12.862255       1.1804948       1.9558511       16.197794   1.3732348e-13       15.152867       1.2554335        1.2554335      -24.203719      -24.203719
              2       -10.40623      0.27192012       1.2164156      -12.858426       1.1720458       1.8703381        16.45946   1.3853966e-13       14.860923       1.3025279        1.3025279      -23.417515      -23.417515
             12      -11.609665      0.42633536       1.1500674      -12.905385       0.8241464       2.6689188       14.127567   1.2434111e-13       6.6703159      0.54768779       0.54768779      -24.314706      -24.314706
             22      -11.068589      0.31388428       1.1876428      -12.915646       0.7637692       2.0600809       15.404329   1.2143794e-13       5.8045586      0.84984006       0.84984006      -23.836858      -23.836858
              2      -10.646596        0.205158       1.0844013       -12.93817      0.66722945       1.6038288       12.145105   1.1530023e-13       4.6476075        1.246907         1.246907      -23.787006      -23.787006
              7      -10.973724      0.12987654       1.1250939       -12.92452      0.65664054       1.3485795       13.338099   1.1898162e-13       4.5356605       1.5028423        1.5028423      -24.953132      -24.953132
              5      -11.105236      0.15843681       1.1089883      -12.930749      0.60965998       1.4402464        12.85252   1.1728725e-13       4.0706145       1.4085772        1.4085772      -25.027626      -25.027626
             13      -7.8552048     -0.37260885       1.4145544      -12.872946      0.82655716       0.4240247       25.974931   1.3398443e-13       6.7074457        4.432143         4.432143      -24.574696      -24.574696
              2      -6.8278174     -0.25417253       1.0222614      -12.926443      0.53054065      0.55696444       10.525951   1.1845601e-13       3.3926624       3.5812547        3.5812547      -20.818144      -20.818144
              1      -7.6545364     -0.20575711       1.1107284      -12.906196      0.25080544      0.62264842       12.904121   1.2410929e-13       1.7815805       3.4680291        3.4680291      -22.245131      -22.245131
              9      -8.0043445      0.52139643     0.054741156      -13.105926     -0.20108043       3.3219755       1.1343345   7.8356398e-14       0.6293896       4.3614196        4.3614196      -24.731528      -24.731528
             33      -8.0368899      0.64083694    0.0035080697      -13.109229     -0.21636634       4.3735787       1.0081103   7.7762651e-14      0.60762224       4.4535841        4.4535841      -24.980948      -24.980948
             22        -8.20878        0.823185    -0.027950657      -13.201665      0.34363075        6.655566      0.93766853    6.285428e-14       2.2061282       4.1199467        4.1199467      -24.657453      -24.657453
              4      -6.7683343       0.8844286    -0.070912808      -13.219734      0.34395239       7.6635254      0.84935098   6.0292826e-14       2.2077627       4.4751083        4.4751083      -22.486885      -22.486885
              2      -5.8867015      0.90890464     -0.19614995      -13.273701      0.40134306       8.1078301      0.63657568   5.3247412e-14       2.5196665       5.5174925        5.5174925      -22.808388      -22.808388
             20      -5.8870445      0.50366068     -0.16442923      -13.270377      0.54364885       3.1890453      0.68481106   5.3656532e-14       3.4966234       5.5061953        5.5061953       -22.78648       -22.78648
             17      -6.8361581       0.5307067     -0.13288794      -13.294814      0.45807564       3.3939599      0.73639709   5.0720822e-14       2.8712806       5.6348517        5.6348517       -24.94202       -24.94202
             22      -6.2785778      0.66897144     -0.18993066      -13.312873      0.51566537        4.666287      0.64575732   4.8654891e-14       3.2784259       5.8828876        5.8828876      -24.322931      -24.322931
             13      -6.7341502      0.53523649     -0.15388827      -13.306654      0.50621017       3.4295449      0.70163578   4.9356704e-14       3.2078213       5.8242758        5.8242758      -25.116852      -25.116852
              1      -6.5916883      0.51872751     -0.17490903      -13.306914      0.51061731       3.3016232      0.66848393   4.9327127e-14       3.2405395       5.9461637        5.9461637      -25.075704      -25.075704
              3      -6.6956068      0.60720897     -0.18438915      -13.310157      0.48610659       4.0477061      0.65404986   4.8960161e-14        3.062715       5.9069416        5.9069416      -25.205097      -25.205097
              5      -5.8987235      0.56018704     -0.25083957      -13.338847      0.41864846       3.6323446      0.56125527   4.5830372e-14       2.6220952       6.6676041        6.6676041      -25.132655      -25.132655
              2      -3.4330745       0.3244349     -0.17510149       -13.29267      0.49345489       2.1107408      0.66818775   5.0971747e-14       3.1149773       6.2516257        6.2516257        -19.3694        -19.3694
              1       -4.126394      0.32353003     -0.16459793      -13.291313      0.50326628       2.1063475      0.68454511   5.1131359e-14       3.1861505       6.1871132        6.1871132      -20.627014      -20.627014
              1      -3.8931622      0.32224372     -0.16392765      -13.291321      0.50191872       2.1001181      0.68560243   5.1130435e-14       3.1762796       6.1887603        6.1887603      -20.163845      -20.163845
              8      -4.4887388       0.3009462     -0.19110389      -13.319209      0.50040566       1.9996141      0.64401519   4.7950261e-14       3.1652328       6.6958534        6.6958534      -22.369184      -22.369184
              2       -1.708374     0.070825873     -0.34719281      -13.377308      0.71582263       1.1771339      0.44958021   4.1946124e-14       5.1978367       8.9969036        8.9969036      -21.410555      -21.410555
             10      -1.2122486     0.092507509     -0.35480385      -13.377841      0.72544284       1.2373926      0.44176993    4.189469e-14       5.3142605       8.9485248        8.9485248      -20.321547      -20.321547
              1      -4.8956345       0.2618257     -0.25647203      -13.361201      0.47386461       1.8273667      0.55402322   4.3530997e-14        2.977588       7.6567744        7.6567744      -25.104818      -25.104818
             10      -4.8940645       0.2620379     -0.25677442      -13.361262      0.47375694       1.8282598      0.55363761   4.3524947e-14       2.9768499       7.6583444        7.6583444      -25.104818      -25.104818
             27       -4.650468      0.25831393     -0.26760151      -13.364562      0.47066355       1.8126499      0.54000588   4.3195465e-14       2.9557218       7.7666713        7.7666713      -24.834279      -24.834279
              1       -5.113772      0.29418796     0.082607928      -13.166424      0.41972524       1.9687382       1.2095057   6.8167301e-14       2.6286045       4.1374088        4.1374088      -18.502361      -18.502361
              2       -8.289301      0.32299471      0.10170547      -13.167388      0.29888638       2.1037528       1.2638789   6.8016164e-14       1.9901526       4.1116128        4.1116128      -24.801828      -24.801828
              2      -8.1641249      0.28786736       0.1183756      -13.165503      0.25209484       1.9402932       1.3133353   6.8311969e-14       1.7868777       4.2053609        4.2053609      -24.738972      -24.738972
              1      -7.1608818      0.23740468    0.0047870774      -13.208987      0.23184759       1.7274468       1.0110836   6.1803434e-14       1.7054838       5.1913422        5.1913422      -24.704448      -24.704448
             13      -7.0322253      0.25003388    -0.055976536      -13.209372      0.24886262       1.7784182      0.87907001   6.1748761e-14       1.7736284       5.3672722        5.3672722      -24.798995      -24.798995
             13       -6.675162      0.14712681     0.068384932      -13.168947      0.22765614       1.4032234       1.1705364   6.7772487e-14        1.689103       4.9489379        4.9489379        -23.2482        -23.2482
              7      -7.2726551      0.36582271      0.11204964      -13.160491     0.051903915       2.3217888       1.2943438   6.9104974e-14       1.1269481       4.2944485        4.2944485      -23.134207      -23.134207
             11      -7.3740809       0.3244977      0.10325834      -13.140258   -0.0020798153        2.111046       1.2684061   7.2400617e-14       0.9952225       4.3966226        4.3966226      -23.541407      -23.541407
              1      -8.1132925      0.38507762      0.15028245      -13.134787    -0.041106147       2.4270439       1.4134565   7.3318349e-14      0.90969091       4.1155428        4.1155428      -24.457671      -24.457671
             12      -7.9841586      0.70949434     -0.01145137      -13.119509      -0.2110505       5.1226459      0.97397684   7.5943564e-14      0.61510534       4.5110384        4.5110384      -24.990394      -24.990394
              9      -7.9834333      0.70837087    -0.012338814      -13.119171     -0.21138197       5.1094113      0.97198863   7.6002742e-14      0.61463605       4.5137483        4.5137483      -24.994363      -24.994363
              4      -7.4556601      0.88408182       0.0177408      -13.110985     -0.21310939       7.6574086       1.0416955   7.7448939e-14      0.61219617       4.3305305        4.3305305      -23.572381      -23.572381
              4      -10.011964      0.45379083      0.48625061      -13.083545      0.24714811       2.8430914       3.0637308   8.2500182e-14       1.7666402       2.1480554        2.1480554      -24.320039      -24.320039
              2      -10.715011      0.68540899      0.43356508      -13.094352      0.34414967       4.8462855       2.7137203   8.0472507e-14       2.2087658       1.8806312        1.8806312      -25.191284      -25.191284
              5      -10.728052      0.68595464      0.43402133      -13.094378      0.34645416       4.8523782       2.7165727   8.0467733e-14       2.2205173       1.8768892        1.8768892      -25.209882      -25.209882
              2      -10.567216      0.20853927      0.79379949      -12.966335      0.76668909       1.6163644       6.2201304   1.0805997e-13       5.8437158       1.5177598        1.5177598      -24.169951      -24.169951
             10      -10.683228      0.36739132      0.91717274      -12.937888      0.77257881       2.3301899       8.2636657   1.1537505e-13       5.9235057      0.81840065       0.81840065      -23.003257      -23.003257
              2      -11.392429       0.3986043       1.0412431      -12.939554      0.47821835       2.5038269       10.996212   1.1493324e-13        3.007588      0.72251402       0.72251402      -24.229886      -24.229886
              5      -11.099603           1.275       1.1889391      -12.905167      0.70040873       18.836492       15.450379   1.2440355e-13       5.0165914      0.71908894       0.71908894      -23.637385      -23.637385
              1      -8.7172407      0.53445652       1.5948244      -12.877825      0.81147851       3.4233911       39.339102   1.3248758e-13       6.4785604      0.66606964       0.66606964      -18.766621      -18.766621
              5      -9.3126649      0.23302235       1.7069267      -12.773544      0.48872111       1.7101033       50.924488     1.68444e-13       3.0812087       1.6651349        1.6651349        -21.9556        -21.9556
             15       -8.582172      0.66140744       1.7700653       -12.71425      0.33690367        4.585719       58.893222   1.9308579e-13       2.1722193       1.0980349        1.0980349      -19.360414      -19.360414
              3      -7.9632504       0.7182333       1.6612549      -12.747639      0.37234515       5.2267689       45.841089   1.7879735e-13       2.3569217      0.72283957       0.72283957       -17.37218       -17.37218
              1        -9.47854      0.75007534       1.6844369      -12.750641      0.38640852       5.6243889       48.354504    1.775658e-13       2.4344929      0.73339307       0.73339307      -20.423866      -20.423866
             12      -10.228545      0.56446187       1.6183234      -12.786018      0.41876426       3.6682749       41.526315   1.6367491e-13       2.6227945      0.70958263       0.70958263      -21.876256      -21.876256
             16      -10.648339      0.72519384       1.6527975      -12.770459      0.46879714       5.3112145       44.957019   1.6964497e-13       2.9430466      0.58999504       0.58999504      -22.476668      -22.476668
             11      -10.392482      0.50435203      0.89820195      -12.927393      0.12349265       3.1941259       7.9104639   1.1819727e-13       1.3289011      0.95879148       0.95879148      -22.702547      -22.702547
              8      -11.085733       0.5493264      0.95934972      -12.910621        0.254847       3.5426349       9.1064628   1.2285097e-13       1.7982373      0.59885784       0.59885784      -23.369181      -23.369181
              1      -11.349814      0.48924241      0.98295908      -12.915111      0.26900511       3.0849094       9.6152169   1.2158761e-13       1.8578263      0.68343063       0.68343063      -24.066489      -24.066489
              6       -10.31799      0.49877468      0.86045095      -12.953289        0.199931       3.1533682       7.2518857   1.1135527e-13       1.5846414      0.94631402       0.94631402      -22.528607      -22.528607
              7      -11.305061      0.50132475      0.85796861       -12.95194      0.19940392       3.1719384       7.2105537   1.1170168e-13       1.5827194      0.94042771       0.94042771      -24.490977      -24.490977
              4      -11.165646      0.51056104        0.861133      -12.951335      0.20230073       3.2401196       7.2632836   1.1185752e-13       1.5933116       0.9143187        0.9143187       -24.15993       -24.15993
              6      -9.8727781     0.025193635        1.063494      -12.940138       0.6105135       1.0597261       11.574281   1.1477885e-13       4.0786224       2.0178393        2.0178393      -23.781235      -23.781235
              7      -8.8527648     -0.25932121       1.3584146      -12.851936      0.43629206      0.55040047         22.8252   1.4062561e-13       2.7308136       3.6365794        3.6365794      -24.978689      -24.978689
              1      -11.472447      0.24393589       1.3171768      -12.884207        0.822737       1.7536216       20.757586   1.3055472e-13        6.648704       1.1009132        1.1009132      -25.146721      -25.146721
             12      -11.550569       0.2454752       1.3268446      -12.883792       0.7797554       1.7598482        21.22485   1.3067962e-13       6.0222032       1.0830928        1.0830928      -25.267324      -25.267324
             10      -11.748835      0.32591124       1.3390462      -12.877227      0.70766124       2.1179282       21.829622   1.3267001e-13       5.1010695       0.8100684        0.8100684      -25.117807      -25.117807
              2       -11.98646      0.66840279       1.2626718      -12.885398      0.57906345       4.6601811       18.309304   1.3019723e-13        3.793704      0.13441778       0.13441778      -24.241755      -24.241755
             10      -11.791855      0.48286194       1.2274148      -12.890663       0.6096539       3.0399185       16.881647   1.2862857e-13       4.0705576       0.3839712        0.3839712      -24.351653      -24.351653
              5      -10.710489       1.2586315       1.2129865      -12.885489      0.58211147       18.139759       16.330011   1.3017009e-13       3.8204232      0.65764078       0.65764078       -22.73626       -22.73626
             15      -12.162906      0.78229157       1.1125443      -12.924125      0.66221025       6.0574742       12.958188   1.1908988e-13       4.5942037      0.10230326       0.10230326      -24.530418      -24.530418
              1      -10.570081      0.52154074       1.3810029      -12.895935      0.76726576       3.3230796       24.043791   1.2707651e-13       5.8514805      0.42781747       0.42781747      -21.995797      -21.995797
              6      -11.768337       0.3955309       1.3848333      -12.879179      0.77043347       2.4861705       24.256787   1.3207519e-13       5.8943167      0.67558018       0.67558018      -24.887835      -24.887835
             14      -11.064262      0.24642186        1.453085      -12.872988      0.78381134       1.7636884       28.384744   1.3397151e-13       6.0787089       1.1842915        1.1842915      -24.497106      -24.497106
              6      -11.206237      0.40232054       1.4410108      -12.887738       0.9231531        2.525344       27.606464   1.2949773e-13       8.3782459      0.81598343       0.81598343      -24.044442      -24.044442
              3      -10.854188      0.44105045       1.4392107      -12.894835      0.91358852       2.7608985       27.492279   1.2739879e-13       8.1957466      0.72637557       0.72637557      -23.161126      -23.161126
             11       -10.53184      0.45246776       1.4863952      -12.872916      0.75171079       2.8344432        30.64751   1.3399369e-13       5.6456089      0.63893075       0.63893075      -22.341541      -22.341541
             10      -11.361985       0.4346798       1.5027757      -12.868504      0.78043199       2.7206947       31.825532   1.3536187e-13       6.0315925      0.70380371       0.70380371      -24.131577      -24.131577
              2      -11.217866      0.63835334       1.4532477      -12.849229      0.60105064       4.3486389       28.395382    1.415047e-13       3.9907143      0.27602388       0.27602388       -22.98778       -22.98778
              1      -11.771971      0.90810258       1.5493627      -12.853621      0.58785213       8.0928702       35.429314   1.4008095e-13       3.8712581      0.34604256       0.34604256      -24.236027      -24.236027
              6      -11.509759      0.91150976       1.5023257      -12.862946      0.53245681       8.1566112       31.792571   1.3710527e-13       3.4076643      0.30947984       0.30947984      -23.638478      -23.638478
             15       -10.38697      0.93425329       1.6355034      -12.847584      0.55239235       8.5951466       43.201957   1.4204159e-13       3.5677331      0.51061862       0.51061862      -21.795176      -21.795176
             13      -10.388785      0.65161778       1.6305753      -12.785424      0.45374909       4.4835063       42.714501   1.6389906e-13       2.8428182      0.59806741       0.59806741      -21.973706      -21.973706
             26      -9.9934766      0.25941119       1.3178846      -12.888726      0.50394942       1.8172354       20.791442   1.2920346e-13       3.1911661       1.0604266        1.0604266      -22.107806      -22.107806
              1       -10.65951      0.22263843       1.3535753      -12.873027      0.49185425       1.6696999       22.572276   1.3395926e-13       3.1035179       1.1990856        1.1990856      -23.717192      -23.717192
              1      -10.690907      0.23188478       1.3180334       -12.87601      0.48651814       1.7056298       20.798566   1.3304238e-13       3.0656187       1.1468488        1.1468488      -23.675512      -23.675512
             24      -11.405062      0.24759663       1.3216243      -12.874199      0.48971174       1.7684657        20.97125   1.3359839e-13       3.0882449       1.0910097        1.0910097      -24.992143      -24.992143
             18      -10.397763      0.44422229       1.2604742      -12.872989       0.2804686       2.7811364       18.216891   1.3397118e-13       1.9075178      0.69355601       0.69355601      -22.182638      -22.182638
              5      -11.195839      0.41596322       1.2641449      -12.872769      0.32723088       2.6059328       18.371513   1.3403889e-13       2.1243735       0.7047784        0.7047784      -23.801236      -23.801236
             29      -11.695118      0.39907709       1.2789812      -12.868778      0.33454652       2.5065542        19.00996   1.3527635e-13       2.1604614      0.74123605       0.74123605      -24.872707      -24.872707
              3      -11.915733      0.49748418       1.2932873      -12.856957      0.35647564       3.1440119       19.646595   1.3900911e-13       2.2723522      0.49986195       0.49986195       -24.83119       -24.83119
             27      -10.731584      0.49501641       1.2915469       -12.85899      0.37844895       3.1261975       19.568021   1.3835979e-13        2.390281      0.48367355       0.48367355      -22.430516      -22.430516
              6      -11.736596      0.53343833       1.1874819      -12.873324      0.30456908       3.4153745       15.398624   1.3386779e-13       2.0163647      0.46489952       0.46489952       -24.40299       -24.40299
              3      -10.968818       0.5217962       1.1875179      -12.868315      0.28683263       3.3250348       15.399901    1.354206e-13       1.9356758      0.50080253       0.50080253      -22.939242      -22.939242
              7      -10.634081      0.52754372       1.0189735      -12.899991      0.18201695       3.3693313       10.446564   1.2589509e-13       1.5206069      0.69377144       0.69377144      -22.655705      -22.655705
              7      -10.503029       1.0126601       1.1766827      -12.779854     0.033797721       10.295801       15.020441   1.6601466e-13       1.0809304      0.78784888       0.78784888      -22.581756      -22.581756
             34       -9.333463      0.94881188       1.2811385      -12.739202    -0.023850679       8.8881603       19.104624   1.8230494e-13      0.94656256      0.94901249       0.94901249      -20.564951      -20.564951
             15      -9.2916869      0.73247433       1.2370568       -12.76942     0.024685174       5.4010019       17.260637   1.7005122e-13       1.0584861      0.73296867       0.73296867      -20.049311      -20.049311
             81      -10.675224       0.8818494       1.3038443      -12.740452    -0.071320862        7.618148       20.130023   1.8178067e-13      0.84855332       1.0281327        1.0281327      -23.406713      -23.406713
              3      -10.680095      0.97808743       1.2980436      -12.743061    -0.071046139       9.5079619       19.862942   1.8069183e-13      0.84909026       1.0878727        1.0878727      -23.535935      -23.535935
             10      -8.1499699       1.0046895       1.1454381      -12.767863     -0.17151431       10.108565       13.977778   1.7066219e-13      0.67372969       1.2806388        1.2806388      -18.861217      -18.861217
             40      -7.2143726      0.75324542        2.123286      -12.621672       0.1568883       5.6655936       132.82688   2.3896163e-13       1.4351203       2.6370382        2.6370382      -19.702822      -19.702822
              3      -6.7076366      0.55450034       1.7160317      -12.690326      0.16969644       3.5850923       52.003399   2.0402065e-13       1.4780749       1.4093347        1.4093347      -16.233943      -16.233943
              1      -9.3280101        0.712811        1.910785      -12.644998      0.26939277       5.1619168         81.4301   2.2646541e-13       1.8594854       1.7282949        1.7282949       -22.11261       -22.11261
             20       -8.220381      0.65032393       1.9246318      -12.635901      0.32968629       4.4701689       84.068219   2.3125928e-13       2.1364183       1.7830152        1.7830152      -20.006793      -20.006793
             32      -8.7819014      0.70676285       1.9521773      -12.639587       0.3315553       5.0905282       89.573044    2.293047e-13       2.1456323       1.7966645        1.7966645      -21.157132      -21.157132
             11      -9.4560848      0.65756209       1.8591466      -12.653716      0.29421581       4.5452951        72.30139   2.2196477e-13       1.9688644       1.5669227        1.5669227      -22.046015      -22.046015
             35      -8.6970097      0.78183784       1.9243932      -12.639653      0.22207541       6.0511488        84.02204   2.2927011e-13       1.6675367       1.8273029        1.8273029      -21.048625      -21.048625
              2      -9.5676798       0.8962971       1.5291188      -12.726167      0.23181371       7.8758439       33.815735   1.8785963e-13       1.7053507       0.7157516        0.7157516      -20.566863      -20.566863
              2      -8.6253867       1.1562667        1.528562       -12.73003     0.061690881       14.330676       33.772402   1.8619586e-13       1.1526326       1.3325986        1.3325986      -19.915971      -19.915971
             21      -9.2688692       1.3595918       1.3028052      -12.826002    -0.032842607       22.887157       20.081917   1.4927881e-13      0.92716578       1.7464098        1.7464098      -22.030558      -22.030558
              4      -9.6964045       1.4924777       1.1578539      -12.852146    -0.032648878        31.07976       14.383145   1.4055741e-13      0.92757946       2.1942355        2.1942355       -23.78128       -23.78128
              6      -9.3985066       1.3952492       1.2065379      -12.842771    0.0027256402       24.845586       16.089328   1.4362471e-13       1.0062958       1.7489983        1.7489983       -22.29501       -22.29501
             14      -8.5010549          1.5085       1.2195354      -12.836158    -0.013231347       32.247796       16.578125   1.4582827e-13      0.96999312       2.2243626        2.2243626      -21.450835      -21.450835
              5      -10.224296      0.56941235       1.0398502      -12.888431       1.0478982       3.7103284          10.961   1.2929116e-13       11.166015      0.45258318       0.45258318      -21.353758      -21.353758
              9      -11.073058       0.5538984      0.96632567      -12.909223       1.0055572       3.5801267       9.2539186   1.2324721e-13       10.128782      0.49310554       0.49310554      -23.132327      -23.132327
             10      -11.033451      0.56636854      0.96101329      -12.912072       1.0150164        3.684415       9.1414121   1.2244131e-13       10.351812       0.4934555        0.4934555      -23.053814      -23.053814
              5      -11.166451      0.53218286      0.82954118      -12.978499      0.66048601       3.4055155       6.7536908   1.0507538e-13           4.576      0.64504731       0.64504731      -23.622997      -23.622997
             12      -11.500333      0.45948008      0.65644088      -13.013553      0.51643129       2.8805809       4.5335758   9.6927505e-14       3.2842128       1.1891158        1.1891158      -25.378897      -25.378897
             22      -11.438399       0.4667253      0.65825663      -13.012473      0.52069767         2.92904       4.5525699   9.7168808e-14       3.3166349       1.1640528        1.1640528      -25.204903      -25.204903
              2      -10.903566      0.46380624      0.66093655      -13.005294      0.51398983       2.9094188       4.5807495   9.8788509e-14       3.2658018       1.1375533        1.1375533      -24.082238      -24.082238
              1      -8.8264845      0.64181833      0.77664341      -12.973758      0.59588385        4.383473       5.9792046   1.0622879e-13       3.9435182      0.54550846       0.54550846      -18.743986      -18.743986
              8      -10.530453      0.22592783       1.0962996      -12.916638      0.67825237       1.6823945       12.482443   1.2116084e-13       4.7670792       1.1182065        1.1182065      -23.297318      -23.297318
              4      -11.628493      0.29634377       1.0719692      -12.931768      0.59597145       1.9785352       11.802369   1.1701251e-13       3.9443137      0.93148035       0.93148035      -25.119946      -25.119946
              1      -11.364515      0.20417545        1.060207        -12.9327      0.49978454       1.6002044       11.487011   1.1676172e-13       3.1607092       1.2859904        1.2859904      -25.301011      -25.301011
              4      -11.128492      0.16143683        1.051812      -12.931434      0.50086119       1.4502298       11.267097   1.1710238e-13       3.1685546       1.4462897        1.4462897      -25.149563      -25.149563
              7      -10.713115      0.10379917         1.02936      -12.938568      0.52167986       1.2699867       10.699414   1.1519461e-13       3.3241443       1.6970054        1.6970054      -24.820242      -24.820242
              3       -11.11044      0.13774754       1.0459382      -12.930677      0.51325033       1.3732435       11.115735   1.1730675e-13       3.2602457        1.534031         1.534031      -25.288941      -25.288941
              3       -11.13372      0.14065818       1.0526724      -12.929351      0.50725544       1.3824779       11.289439   1.1766548e-13       3.2155513       1.5202936        1.5202936      -25.308028      -25.308028
              5       -10.74727     0.078219693       1.0983376      -12.919263      0.49518313       1.1973461       12.541158   1.2043052e-13       3.1273978       1.7604593        1.7604593      -25.015459      -25.015459
             10       -10.68575     0.044298302       1.0869355      -12.922606      0.50291567       1.1073841       12.216183   1.1950728e-13       3.1835793       1.9187146        1.9187146      -25.208928      -25.208928
             10      -10.705219     0.050386432       1.1202717      -12.917627        0.464503       1.1230173       13.190817   1.2088523e-13       2.9140903       1.9003016        1.9003016      -25.211042      -25.211042
              8      -11.994696      0.49445817      0.88907144      -12.954105      0.44706796       3.1221817       7.7458921   1.1114633e-13       2.7994193      0.65601115       0.65601115      -25.301415      -25.301415
              3       -12.01591      0.50122313      0.88149766      -12.955417      0.43830085       3.1711964       7.6119804   1.1081111e-13        2.743474       0.6598369        0.6598369      -25.351494      -25.351494
              1      -9.7353341      0.20381275      0.54795757      -13.046744     0.079130498       1.5988685       3.5314867   8.9795833e-14       1.1998598       2.8127148        2.8127148      -25.096098      -25.096098
              1      -9.1188655     0.028551028       0.5869866      -13.021589      0.14059434       1.0679503       3.8635506   9.5150438e-14       1.3822746       3.2368763        3.2368763      -24.711484      -24.711484
             29       -8.697457    -0.076034219      0.57987971      -13.046188      0.24937545      0.83939385       3.8008411   8.9910754e-14       1.7757239       3.7334293        3.7334293      -24.861773      -24.861773
              1      -7.5286894     -0.18185881      0.71448855       -12.98948      0.24146665      0.65787168       5.1818944   1.0245193e-13       1.7436795       3.8643897        3.8643897      -22.786158      -22.786158
              1      -11.322754      0.26629671       1.1075231       -12.92066      0.42201379       1.8462764       12.809231   1.2004382e-13       2.6424927       1.0868153        1.0868153      -24.819139      -24.819139
              4      -9.4542227      0.41077491        0.922332      -12.903852       1.0773294       2.5749862       8.3624204   1.2478089e-13       11.948941      0.88079871       0.88079871      -20.670043      -20.670043
              9      -10.276264      0.44616549       1.0741047      -12.878061       1.0163843       2.7936081       11.860547   1.3241562e-13        10.38447      0.61909608       0.61909608       -21.79072       -21.79072
              4      -11.285197      0.58465909       1.5052868      -12.878853      0.90176943          3.8429       32.010085    1.321742e-13       7.9757114      0.51444229       0.51444229      -23.599279      -23.599279
              9      -9.0896301      0.68539245       1.5047629      -12.868083      0.84534047       4.8461008       31.971491   1.3549307e-13       7.0039085      0.35629625       0.35629625      -18.891853      -18.891853
              7      -9.2962531        1.235226      0.99652405      -12.915226      0.60225734       17.188027       9.9202826   1.2155535e-13       4.0018181      0.65669617       0.65669617      -19.905898      -19.905898
              4      -8.9892218       1.2509867        1.194806       -12.86642      0.92962391       17.823243       15.660512   1.3601274e-13       8.5040128      0.70808216       0.70808216      -19.394608      -19.394608
              7      -7.9771766       1.2312927       1.1677024      -12.862004      0.88349824       17.033062       14.713039   1.3740297e-13       7.6471259      0.61127058       0.61127058      -17.176894      -17.176894
              3        -8.10364       1.3019224       1.1963474       -12.86214      0.99135079       20.041139       15.716194   1.3735985e-13       9.8028146      0.90646611       0.90646611      -18.020212      -18.020212
              6      -10.827578       1.2872728       1.1859459       -12.86584      0.97208945       19.376387       15.344259   1.3619464e-13       9.3775513      0.84494171       0.84494171       -23.34504       -23.34504
              4      -11.600435       1.2204337       1.1096762       -12.88707        0.887079        16.61245       12.872893   1.2969692e-13        7.710437      0.61284325       0.61284325      -24.426556      -24.426556
              9      -11.647336       1.2452052       1.1894308      -12.901752      0.72747514       17.587544       15.467881   1.2538572e-13        5.339187      0.63596698       0.63596698      -24.566607      -24.566607
              4      -11.423866       1.1965339       1.1481053        -12.8862      0.79827538       15.722944       14.063884   1.2995716e-13       6.2845672      0.50472172       0.50472172      -23.857175      -23.857175
              3      -9.6243901       1.0781515       1.1976494      -12.878848      0.76056342       11.971581       15.763384   1.3217586e-13       5.7618695       0.2562887        0.2562887      -19.761358      -19.761358
             18      -10.783187       1.3273514       1.1034572      -12.920243      0.27009252       21.249631       12.689872   1.2015925e-13       1.8624839       1.1540169        1.1540169      -23.874408      -23.874408
              3      -10.865631       1.4189375        1.134088      -12.912377      0.32275524       26.238406       13.617207   1.2235547e-13       2.1025931       1.3840889        1.3840889       -24.49944       -24.49944
              9      -10.518266       1.4436536       1.0996012      -12.921284      0.33328004        27.77497       12.577698   1.1987149e-13       2.1541703       1.4851916        1.4851916      -24.006914      -24.006914
             14      -10.865966       1.3955119       1.0739533      -12.934612      0.35175074       24.860615       11.856413   1.1624866e-13       2.2477641       1.3244862        1.3244862      -24.380905      -24.380905
              6      -8.8800369       1.7788342      0.80607179      -12.970703      0.32282727       60.094423       6.3984059   1.0697864e-13       2.1029419       3.4304723        3.4304723      -24.621018      -24.621018
             11      -8.5927226       1.7729829      0.79881965      -12.972681       0.3164556       59.290201       6.2924482   1.0649248e-13       2.0723142       3.4184562        3.4184562      -24.022358      -24.022358
              2      -8.6540733       1.7737047      0.79849448      -12.972789      0.31634297       59.388825       6.2877386   1.0646604e-13       2.0717768       3.4235248        3.4235248      -24.155196      -24.155196
              8      -8.8886154       1.7071427      0.73961445      -12.990394      0.19157597        50.94983       5.4905322   1.0223641e-13       1.5544472       3.3548647        3.3548647       -24.48696       -24.48696
              6       -8.318555       1.7801031       0.7236144      -12.992249      0.19904281       60.270266       5.2919338   1.0180064e-13       1.5814039       3.7833996        3.7833996      -24.203909      -24.203909
             36      -8.3829846       1.6531919      0.71057907       -12.95653     0.054922588        44.99786       5.1354567   1.1052747e-13       1.1348085        3.232524         3.232524      -23.231017      -23.231017
              4      -8.2031859      0.69010096       1.2743892      -12.902621      0.59296741       4.8989269       18.810015   1.2513498e-13       3.9171248      0.14792003       0.14792003      -16.702212      -16.702212
              8      -11.460212      0.41900063       1.2406532      -12.883266      0.42982267       2.6242223       17.404167   1.3083812e-13        2.690436      0.60374308       0.60374308      -24.127911      -24.127911
              2      -10.918208      0.91622891       0.5650198      -13.037907      0.18949189       8.2457262       3.6729905   9.1641608e-14       1.5470056       1.4613507        1.4613507      -24.759118      -24.759118
              3      -11.086346      0.83993049      0.50800153      -13.049856       0.2292765       6.9172025       3.2210801     8.91547e-14       1.6954169       1.5482285        1.5482285      -25.269149      -25.269149
              1      -11.453634      0.67106117       0.6893437      -13.021725      0.45201867       4.6887942       4.8903923   9.5120596e-14       2.8315137      0.90042689       0.90042689      -24.708122      -24.708122
             13      -11.006085      0.60491263      0.80837142      -13.008302      0.31893747       4.0263603        6.432376     9.81066e-14       2.0841908      0.87861943       0.87861943      -23.769408      -23.769408
              2      -11.626735      0.50012757      0.71965876      -13.015575      0.44528997       3.1632067       5.2439527   9.6477316e-14       2.7879821       1.0662102        1.0662102       -25.38589       -25.38589
              5      -11.595729       0.5067617      0.74064661       -13.01308      0.41532172       3.2118976       5.5035968   9.7033145e-14       2.6020864       1.0375469        1.0375469      -25.266551      -25.266551
              8      -12.378401      0.65053978       1.0963749      -12.920171      0.50973665       4.4723912       12.484606   1.2017925e-13       3.2339749      0.20994038       0.20994038      -25.176683      -25.176683
             11      -12.446333      0.73439685       1.0665744      -12.926121      0.43986143       5.4249639       11.656668   1.1854388e-13       2.7533501      0.21176409       0.21176409      -25.316194      -25.316194
              4      -12.197591      0.81489918       1.1766152      -12.903036      0.65004482       6.5297895       15.018106   1.2501545e-13        4.467297     0.060748058      0.060748058      -24.516678      -24.516678
              3       -11.29679      0.97043637       1.1299471       -12.90161      0.63415773       9.3419248       13.487985    1.254268e-13         4.30683      0.13095529       0.13095529      -22.855491      -22.855491
              7      -11.389285      0.97175164       1.1300487      -12.902672      0.63486513         9.37026       13.491142   1.2512046e-13       4.3138509      0.13412031       0.13412031      -23.046811      -23.046811
              6      -10.429396      0.89920662       1.0724919      -12.919632      0.67956668       7.9287846       11.816583   1.2032835e-13       4.7815277      0.11691815       0.11691815      -21.092628      -21.092628
              6      -11.740081      0.92894641       1.0628382      -12.916352      0.70167299       8.4907569       11.556815   1.2124046e-13       5.0312163      0.13152114       0.13152114      -23.743204      -23.743204
             25      -11.809316       0.9305547        1.065275       -12.91661      0.70046374       8.5222585       11.621844   1.2116863e-13       5.0172269       0.1326347        0.1326347      -23.883902      -23.883902
             23      -12.308674      0.92943692       1.1171284      -12.906895      0.59798495       8.5003523       13.095691   1.2390955e-13        3.962643      0.11255842       0.11255842      -24.842464      -24.842464
              5       -12.21633       0.5383876       1.1111283      -12.920093      0.51803517       3.4545191       12.916008   1.2020061e-13       3.2963641       0.3515353        0.3515353       -25.13573       -25.13573
             11       -12.25181      0.55290607       1.1214797      -12.917995      0.50653497       3.5719557       13.227558   1.2078288e-13       3.2102213      0.32917695       0.32917695      -25.161974      -25.161974
              3      -12.345856      0.55964468       1.0766226      -12.919086      0.52616392       3.6278112        11.92951   1.2047966e-13       3.3586436      0.31492092       0.31492092      -25.321553      -25.321553
             29       -12.31311      0.73811305       1.0470417      -12.917516      0.39338254       5.4715838       11.144015   1.2091619e-13       2.4739023      0.23237507       0.23237507      -25.090969      -25.090969
              2      -10.467188       1.2057986       1.6683812      -12.769818      0.33785845       16.061962       46.599496   1.6989573e-13       2.1770001       1.1810811        1.1810811      -23.296538      -23.296538
              7      -11.382761       1.2046673       1.5691731      -12.833261      0.43605289       16.020175       37.082849   1.4680454e-13       2.7293101       0.8835523        0.8835523      -24.532628      -24.532628
             44      -11.296284       1.1882839       1.5389143      -12.837179      0.45361686       15.427084        34.58711   1.4548602e-13       2.8419528      0.78856855       0.78856855      -24.169705      -24.169705
             13      -10.620562       1.2789661       1.4151723      -12.840086      0.33878732       19.009297       26.011911   1.4451536e-13       2.1816613      0.97110086       0.97110086      -23.183325      -23.183325
             22      -10.108451       1.4406344       1.4546396      -12.823632      0.26786689       27.582548       28.486535    1.500957e-13       1.8529636       1.6312084        1.6312084      -23.479319      -23.479319
             17      -11.161883      0.46285684       1.2856835      -12.845081      0.17550802       2.9030655        19.30561   1.4286287e-13       1.4979869      0.79380281       0.79380281      -23.911371      -23.911371
             85      -11.067612      0.60732282       1.3293577      -12.768359      0.12836555       4.0487673       21.348025    1.704671e-13       1.3438957      0.69323262       0.69323262      -23.521689      -23.521689
              3      -10.060951        0.339907      0.95642621      -12.845781     0.081090663       2.1872932       9.0453674   1.4263279e-13       1.2052875       1.2638982        1.2638982      -22.649697      -22.649697
              4      -9.5795259      0.37349554      0.95561988      -12.840444      0.05014299       2.3631731        9.028589    1.443963e-13       1.1223879       1.2304151        1.2304151      -21.619882      -21.619882
             31      -10.540745       0.3668859      0.92286577      -12.852755   0.00058477211       2.3274797       8.3727046   1.4036046e-13       1.0013474       1.3784512        1.3784512      -23.838393      -23.838393
              7      -9.9342215      0.21509221      0.86000356       -12.91516     0.045964991       1.6409382        7.244419   1.2157366e-13       1.1116421       1.8982812        1.8982812      -23.665005      -23.665005
             21      -10.085863      0.26044427      0.89792466      -12.901283    0.0013475982       1.8215633       7.9054147   1.2552108e-13       1.0031078       1.7754348        1.7754348      -23.722596      -23.722596
             10      -11.072363      0.81185903      0.51975325      -13.044298      0.58236978       6.4842392       3.3094304   9.0303024e-14       3.8226962       1.1906641        1.1906641      -24.526054      -24.526054
             10       -10.38436        0.777937      0.59478345       -13.02389      0.36489433       5.9970408       3.9335389   9.4647665e-14       2.3168309       1.0838502        1.0838502      -22.936421      -22.936421
              4       -10.49792      0.77207865      0.59609067      -13.025744      0.35595774       5.9166878       3.9453966     9.42446e-14        2.269644       1.1005768        1.1005768      -23.196993      -23.196993
              3      -8.2557903      0.61960142      0.74432452      -12.973407      0.26732748       4.1648697        5.550403   1.0631474e-13       1.8506636      0.86097097       0.86097097      -18.233523      -18.233523
             10      -10.479123      0.59237507       0.5696903      -13.050673      0.22820833       3.9117858       3.7127038   8.8987167e-14        1.691252       1.5727592        1.5727592      -24.103765      -24.103765
              8       -11.46509      0.50698064      0.66531908      -13.020544      0.46512912       3.2135173       4.6272086   9.5379715e-14       2.9182945       1.1427064        1.1427064      -25.215593      -25.215593
              2      -11.370338      0.49918445      0.66151257      -13.021928      0.37158591       3.1563449       4.5868292   9.5076277e-14       2.3528049       1.2456235        1.2456235      -25.231924      -25.231924
             16        -11.1325      0.82662305       1.0822498      -12.909952      0.35671054       6.7084633       12.085087   1.2304036e-13       2.2735816      0.22908585       0.22908585      -22.723171      -22.723171
              1      -11.474475      0.57816616       0.9663687      -12.941431      0.60124852        3.785874       9.2548355   1.1443757e-13        3.992533      0.35638951       0.35638951      -23.661728      -23.661728
              8      -12.506938       0.8229658       1.2359981      -12.885385      0.85201207       6.6522076       17.218612   1.3020119e-13       7.1123328      0.10390799       0.10390799      -25.221692      -25.221692
              8      -11.629081      0.50291108        1.459698      -12.884713      0.94625445       3.1835456       28.820266   1.3040283e-13       8.8359744      0.63486395       0.63486395      -24.527891      -24.527891
             24      -11.220814      0.50078094       1.4497116      -12.892948      0.89832246       3.1679692       28.165119   1.2795336e-13       7.9126591      0.60033626       0.60033626        -23.6423        -23.6423
              2      -11.807303      0.64774693       1.3647577      -12.898112      0.88904387       4.4437225        23.16102   1.2644098e-13       7.7454003      0.30833258       0.30833258       -24.23127       -24.23127
             15      -12.207721      0.67150834       1.3515203      -12.893381      0.85017247       4.6936245       22.465717   1.2782588e-13       7.0822698       0.2422472        0.2422472      -24.899937      -24.899937
             11      -11.173995      0.48406295       1.3244108      -12.873904      0.83001402       3.0483368       21.106235   1.3368909e-13       6.7610479      0.44751145       0.44751145      -23.243014      -23.243014
              1      -11.611433      0.36761757       1.3018193      -12.899254      0.81858033       2.3314042       20.036383   1.2610897e-13       6.5853722      0.73532449       0.73532449      -24.693515      -24.693515
              4      -11.356217      0.24751356       1.1312206      -12.898369      0.95355685       1.7681274       13.527596   1.2636627e-13       8.9858021       1.1388619        1.1388619      -24.990159      -24.990159
              8       -10.95931      0.26704857       1.1584464      -12.880539       1.0192353       1.8494755       14.402783   1.3166217e-13       10.452863       1.1161988        1.1161988      -24.151018      -24.151018
             10      -10.970249      0.51553457       1.2586502      -12.916753       1.0542576       3.2774386       18.140538    1.211286e-13       11.330723      0.62213255       0.62213255      -23.184763      -23.184763
              1      -7.9271809      0.06608177       1.3388728      -12.934629       1.0302387       1.1643452       21.820909   1.1624407e-13       10.721083       2.0982147        2.0982147      -20.050791      -20.050791
             11      -5.2079022   -0.0031168954       1.3012564      -12.928157       1.1327313      0.99284878       20.010428   1.1798927e-13       13.574732       2.5198535        2.5198535      -15.455511      -15.455511
              4      -10.190844     0.037577995       1.4062751      -12.871931      0.79440521       1.0903803       25.484438   1.3429777e-13       6.2288118       1.9820018        1.9820018      -24.345691      -24.345691
              6      -10.398242     0.071052018       1.3994591      -12.873951        0.785801        1.177747       25.087601   1.3367472e-13       6.1066215       1.8212132        1.8212132       -24.43891       -24.43891
              1      -10.070585       1.3479345       1.1805294      -12.903602      0.42569316       22.280992       15.154075   1.2485285e-13       2.6649751       1.0285005        1.0285005      -22.198171      -22.198171
              7      -10.112347       1.1591354      0.83572607      -12.941584     0.041908234       14.425649       6.8505599   1.1439736e-13       1.1013066       1.2878038        1.2878038      -22.800302      -22.800302
             15       -10.57984       1.1629427      0.82190699      -12.942706     0.023090407       14.552672       6.6360093   1.1410228e-13       1.0546064       1.3517623        1.3517623      -23.863205      -23.863205
             55      -11.512975      0.84529244      0.73608427      -12.986681      0.28227336        7.003134       5.4460832   1.0311433e-13       1.9154612       0.7947829        0.7947829      -24.615516      -24.615516
              4      -11.546512      0.75444515      0.87713754      -12.948022      0.35479626       5.6812664       7.5359419   1.1271394e-13       2.2635821      0.43432804       0.43432804      -23.961679      -23.961679
              9      -12.124012      0.61888337      0.90901689      -12.946547      0.53518098       4.1579893        8.109926   1.1309739e-13       3.4291066      0.37618152       0.37618152      -25.000386      -25.000386
              4      -12.129753      0.63847589      0.91568495       -12.94413      0.53691865       4.3498661       8.2354048   1.1372871e-13       3.4428544      0.34209421       0.34209421      -24.943694      -24.943694
             13      -11.392021      0.62031886      0.94807931      -12.940702      0.52243113       4.1717556       8.8731804   1.1462986e-13       3.3298995      0.33786406       0.33786406      -23.459771      -23.459771
             11      -11.876197      0.86070356       1.1219183      -12.900167      0.47441512        7.256105       13.240924   1.2584415e-13       2.9813648      0.11786709       0.11786709      -23.988128      -23.988128
              5      -10.383462      0.89980046       1.0939177      -12.904596      0.48067836       7.9396335       12.414171   1.2456736e-13       3.0246725      0.13980501       0.13980501      -21.046533      -21.046533
              1      -9.7717658      0.90832626       1.0897194      -12.904406      0.48034489       8.0970396       12.294741   1.2462173e-13       3.0223509      0.14485767       0.14485767      -19.833247      -19.833247
             21      -10.978599      0.64530841        0.882974      -12.922315     0.040353184       4.4188414       7.6379006   1.1958732e-13       1.0973703      0.91592043       0.91592043       -23.78904       -23.78904
             15      -11.009397      0.64524207      0.88361353      -12.922996     0.047995816       4.4181664       7.6491562   1.1939985e-13       1.1168525      0.90155611       0.90155611      -23.821905      -23.821905
              8      -11.009835      0.64551782      0.88376138      -12.922974     0.047991148       4.4209726       7.6517606   1.1940589e-13       1.1168405      0.90111732       0.90111732      -23.821905      -23.821905
             26      -9.9545071      0.64431962        0.879124      -12.923739     0.092480924       4.4087921       7.5704902   1.1919591e-13       1.2373168      0.82144949       0.82144949      -21.551913      -21.551913
              8      -10.067075      0.98312941        1.110045      -12.882677       0.2074057       9.6189887       12.883832   1.3101559e-13       1.6121509      0.45618281       0.45618281      -21.046515      -21.046515
             36      -11.080799       1.0415244       1.2067048      -12.843912      0.11967406       11.003338       16.095511   1.4324793e-13       1.3172678      0.64792619       0.64792619       -23.45745       -23.45745
             12      -10.076897         1.06619       1.3261135      -12.817565      0.14419099       11.646356        21.18915   1.5220705e-13       1.3937696      0.69741048       0.69741048      -21.548615      -21.548615
             50      -10.672339        1.073094       1.3434932      -12.814724      0.13557084       11.832977       22.054295   1.5320613e-13       1.3663779      0.73637857       0.73637857      -22.817436      -22.817436
             14      -10.585778       1.0281402       1.2589649      -12.848158      0.16807486       10.669406       18.153689   1.4185411e-13       1.4725663      0.56961475       0.56961475      -22.310785      -22.310785
              3      -11.238289       1.0258753       1.2626045      -12.847685      0.16628476       10.613908       18.306466   1.4200884e-13       1.4665091      0.57106326       0.57106326      -23.618705      -23.618705
              1      -11.159736       1.0282195       1.2623911      -12.847455      0.16727272       10.671353       18.297472   1.4208389e-13        1.469849      0.57228431       0.57228431      -23.464041      -23.464041
              3      -10.957777      0.88182374        1.230597      -12.871268      0.42872602       7.6176978       17.005798   1.3450289e-13       2.6836509      0.13629275       0.13629275       -22.18814       -22.18814
              9      -9.0755538      0.77884984       1.1424343      -12.902144       1.2435199       6.0096591       13.881432   1.2527271e-13       17.519429      0.59608129       0.59608129       -19.34327       -19.34327
             12      -8.4097839      0.78984072       1.1256756      -12.903416       1.2146054       6.1636891       13.355974   1.2490613e-13       16.390998      0.54313334       0.54313334      -17.905834      -17.905834
              3      -9.7065558   -0.0052748522       1.3422537      -12.870432      0.98337921      0.98792767       21.991442   1.3476216e-13       9.6245228       2.2662987        2.2662987      -23.945709      -23.945709
              7      -9.4185438   -0.0031608886       1.3637999       -12.86525      0.99430014      0.99274821       23.109999   1.3637967e-13       9.8696133       2.2791454        2.2791454      -23.395378      -23.395378
              5      -9.1704565     0.089075525       1.2361013      -12.886397       0.7798721       1.2276527       17.222701   1.2989824e-13       6.0238216        1.645264         1.645264      -21.631441      -21.631441
              1      -9.6297272      0.08428378       1.2372002      -12.887006      0.77033291        1.214182       17.266338   1.2971618e-13       5.8929521       1.6642532        1.6642532      -22.587961      -22.587961
              7      -10.852026      0.31206491        1.021315      -12.936565       0.6432234       2.0514688        10.50304   1.1572721e-13       4.3976777       0.9013636        0.9013636      -23.506779      -23.506779
             33      -11.251675      0.16651441       1.0853401      -12.926678      0.60014355       1.4672848       12.171388   1.1839201e-13       3.9823878       1.3706529        1.3706529      -25.244656      -25.244656
             63      -11.287484      0.17286071       1.0752494      -12.930179      0.60497748       1.4888835       11.891849   1.1744132e-13       4.0269615       1.3551161        1.3551161      -25.285199      -25.285199
             16       -11.57634      0.25766404       1.0546698      -12.921252      0.60037088       1.8099394       11.341483   1.1988035e-13        3.984473       1.0331307        1.0331307      -25.218942      -25.218942
             16      -11.945049      0.51120007       1.0001654      -12.931718      0.35891937       3.2448907       10.003808   1.1702587e-13       2.2851745      0.57024424       0.57024424      -25.030587      -25.030587
             18      -12.091849      0.83862028       1.0901294      -12.903287      0.40809814       6.8963656       12.306354    1.249434e-13       2.5591641      0.16894542       0.16894542      -24.521588      -24.521588
             11      -12.091707      0.83840765       1.0899298      -12.903335      0.40802165       6.8929901       12.300699   1.2492946e-13       2.5587134      0.16908683       0.16908683      -24.521588      -24.521588
              5      -10.634714       1.1943252       1.4206306      -12.876115      0.52525832       15.643187       26.340897   1.3301036e-13       3.3516473      0.64462576       0.64462576       -22.55868       -22.55868
             21       -9.132126       1.1036291       1.5633411      -12.844714      0.48471833       12.694895       36.588205   1.4298354e-13       3.0529404      0.63614859       0.63614859      -19.536549      -19.536549
             13      -7.2927849      0.78643052       1.7786697      -12.768729      0.40755999       6.1154795       60.071667   1.7032198e-13       2.5559949      0.87495038       0.87495038      -16.335471      -16.335471
              9      -8.5866789      0.76285797        1.792851       -12.73199      0.40255169       5.7923924       62.065613   1.8535759e-13       2.5266884      0.98228975       0.98228975      -19.137937      -19.137937
              9      -8.0838634       1.2393998      0.79114447      -12.995396      0.56552827        17.35401       6.1822203   1.0106577e-13       3.6772933        1.088078         1.088078      -18.343883      -18.343883
             18      -10.888196       1.4472783      0.98436318      -12.937916      0.51232932       28.007755       9.6463536   1.1536772e-13        3.253339        1.429276         1.429276      -24.634944      -24.634944
              9      -10.849309      0.78335886      0.99663766      -12.927767      0.41097031       6.0723789       9.9228782   1.1809543e-13        2.576145      0.24456228       0.24456228      -22.187742      -22.187742
             18      -11.674588      0.62582878      0.81946988      -12.973448      0.34079019       4.2250201       6.5988747   1.0630455e-13       2.1917459      0.67960096       0.67960096      -24.708379      -24.708379
             13      -10.717665      0.75020664      0.77204772      -12.990116      0.32891887       5.6260895       5.9162664    1.023019e-13       2.1326465      0.71558679       0.71558679      -22.866503      -22.866503
              1      -10.818474       0.8086746      0.70425222      -13.020028       0.3541189        6.436868       5.0611851   9.5493005e-14       2.2600544      0.89588359       0.89588359      -23.428715      -23.428715
             19       -10.87764      0.49219273      0.70925684      -13.020362      0.72383887       3.1059376       5.1198453   9.5419688e-14       5.2946697       1.0424986        1.0424986      -23.840278      -23.840278
              5      -11.629773      0.43441653      0.73253678      -12.998834      0.77786861       2.7190458       5.4017787   1.0026892e-13       5.9960965        1.051284         1.051284      -25.362115      -25.362115
              5      -11.194213      0.39070498      0.73504124      -13.004922      0.74776453       2.4586968       5.4330192   9.8873017e-14       5.5945419       1.1697287        1.1697287      -24.727884      -24.727884
              6      -11.153322      0.40244097      0.62769052      -13.023342      0.55942287       2.5260443       4.2431709   9.4767257e-14       3.6259588       1.3946292        1.3946292      -25.095903      -25.095903
              2      -11.384288      0.26687767       1.1117536      -12.933041      0.63034251       1.8487478       12.934618   1.1666996e-13       4.2691608       1.0189761        1.0189761      -24.806528      -24.806528
              3      -11.249733      0.24696703      0.82683453      -12.953782      0.36790095       1.7659038       6.7117308   1.1122911e-13       2.3329259       1.4368627        1.4368627       -25.37319       -25.37319
              9      -10.505366       0.2221946      0.84614829      -12.954331      0.33380282       1.6679944       7.0169485   1.1108839e-13        2.156765        1.541163         1.541163      -24.093057      -24.093057
              9      -11.707658       0.3281036       1.0443261      -12.921215      0.41550811       2.1286467       11.074551   1.1989049e-13       2.6032035      0.91116206       0.91116206       -25.23764       -25.23764
              1      -11.748822      0.38239454       1.0450222      -12.921757      0.38771504       2.4120957       11.092315     1.19741e-13       2.4418278      0.78675707       0.78675707      -25.071158      -25.071158
              4      -11.467565      0.37948779       1.0152034      -12.930074      0.38561889       2.3960054       10.356271   1.1746986e-13       2.4300706      0.82564561       0.82564561      -24.586421      -24.586421
             20      -11.331911      0.62726642       0.9073749      -12.942405      0.67931924       4.2390293       8.0793217   1.1418125e-13       4.7788042      0.32757598       0.32757598      -23.318975      -23.318975
              2      -10.766087      0.65608507       1.0504751      -12.898092      0.81772905       4.5298631       11.232467   1.2644681e-13       6.5724766      0.16341717       0.16341717      -21.859008      -21.859008
              5      -9.5323703      0.67345074      0.78782996       -12.94508      0.80379574       4.7146639       6.1352174   1.1348018e-13        6.364961      0.43238964       0.43238964       -19.92952       -19.92952
             13      -8.7157723       0.7675655      0.27831424      -13.110137      0.54188909       5.8555204       1.8980788   7.7600179e-14       3.4824837       2.2068768        2.2068768      -21.845298      -21.845298
             10      -8.4123651      0.58517666      0.10812762      -13.146277      0.55197785       3.8474825       1.2827075   7.1404084e-14       3.5643296       3.1562369        3.1562369      -23.137204      -23.137204
              8      -8.1328965      0.57390472     0.065872248      -13.152902      0.52084281       3.7489074       1.1637836   7.0323023e-14       3.3177435       3.3869307        3.3869307      -23.039655      -23.039655
              6      -8.4341119      0.56295426     0.064088299      -13.153056      0.54352218       3.6555629        1.159013   7.0298133e-14       3.4956036       3.4006566        3.4006566      -23.669537      -23.669537
              1      -8.0804089      0.48714242      0.15480814      -13.149328      0.24083891       3.0700286       1.4282629   7.0904281e-14       1.7411609       3.4587233        3.4587233      -23.078264      -23.078264
              4       -8.681352      0.90102466      0.27217997      -13.131431       0.1884082       7.9620456       1.8714575   7.3887119e-14       1.5431502       2.7423987        2.7423987      -22.847501      -22.847501
              8      -9.6288157      0.88552014      0.25495033      -13.137262      0.20537048       7.6828108       1.7986652   7.2901809e-14       1.6046136        2.802658         2.802658      -24.862947      -24.862947
              3      -9.3855701       1.2335052      0.34019332      -13.087512      0.14144845       17.120056       2.1887357   8.1750134e-14       1.3849958       2.8444469        2.8444469      -24.460034      -24.460034
             14      -9.8089532       1.1821286      0.32890257      -13.089302      0.16238431       15.209977       2.1325665   8.1413812e-14       1.4533972       2.7279073        2.7279073      -25.073721      -25.073721
             11       -10.40264       1.0209169      0.36144962      -13.089338      0.23795186       10.493417        2.298527   8.1407015e-14       1.7296246       2.2434041        2.2434041      -25.292089      -25.292089
              1      -9.3750791       1.0618529      0.45728402       -13.07923      0.28114299       11.530627       2.8660517   8.3324022e-14       1.9104822       1.9459772        1.9459772      -22.642112      -22.642112
             25        -10.7178      0.98677973      0.54357854      -13.065958      0.20350708       9.7001787       3.4960573   8.5909743e-14       1.5977436       1.6940023        1.6940023      -24.823604      -24.823604
              5      -10.799918      0.70607801       0.4820528      -13.074408      0.21532591       5.0825073         3.03426    8.425431e-14       1.6418214       1.7944844        1.7944844      -25.188805      -25.188805
             10      -10.422845      0.95720501      0.32211709      -13.090542      0.43374631       9.0616027       2.0995059   8.1181755e-14       2.7148529       2.0763182        2.0763182      -24.998327      -24.998327
              4      -9.9947898      0.98529794      0.29656186      -13.101809      0.44408344       9.6671385        1.979529   7.9102596e-14       2.7802474       2.2402721        2.2402721      -24.470124      -24.470124
             15      -10.232719       1.1076133       0.3218981      -13.099415      0.34828661       12.811893       2.0984474   7.9539886e-14       2.2299063       2.4125044        2.4125044      -25.290447      -25.290447
              4      -5.0438078       2.2182709      0.76151894      -12.949044  -0.00064971522       165.29925       5.7745605   1.1244908e-13      0.99850509       7.0990821        7.0990821       -24.28578       -24.28578
             11      -9.6504371       1.4349252       1.5194868      -12.788001      0.26057887       27.222323       33.074009   1.6292913e-13        1.822128       1.7169718        1.7169718      -22.734818      -22.734818
             18      -9.8659881       1.4442394        1.538926       -12.78028      0.26866354       27.812461       34.588044   1.6585187e-13       1.8563657       1.7765501        1.7765501      -23.285076      -23.285076
              1      -9.8159495       1.2031739       1.3914707      -12.819084      0.15121296       15.965184       24.630358    1.516756e-13       1.4164882       1.0067035        1.0067035      -21.645306      -21.645306
              9      -10.528683       1.2073449       1.3700792      -12.820077      0.16397802       16.119251       23.446565   1.5132944e-13       1.4587404      0.97621515       0.97621515      -23.009797      -23.009797
              2      -11.888867       0.8097379       1.3559635       -12.87544      0.61922799       6.4526469       22.696741   1.3321719e-13       4.1612901      0.11117098       0.11117098      -24.000075      -24.000075
              3      -11.885894      0.34447295       1.0528249      -12.917882      0.73286526       2.2104106       11.293404    1.208141e-13       5.4058658      0.75783228       0.75783228      -25.287454      -25.287454
             16       -11.70491      0.34723136       1.0515382      -12.918244      0.73992901       2.2244946       11.259994   1.2071364e-13       5.4945105      0.75276195       0.75276195      -24.915343      -24.915343
              3      -11.613367       0.3235142       1.0940108      -12.913654      0.76061185       2.1062708       12.416831   1.2199599e-13       5.7625121      0.80947246       0.80947246       -24.84568       -24.84568
             20      -11.315042      0.24798099       1.1341342      -12.900643      0.97995797       1.7700315       13.618654   1.2570631e-13       9.5490017       1.1671264        1.1671264      -24.964337      -24.964337
             12      -11.338548      0.24761682       1.1358129      -12.900264      0.97644215       1.7685479       13.671398   1.2581611e-13       9.4720101       1.1642122        1.1642122       -25.00552       -25.00552
              5      -11.802055      0.48818733      0.87409578      -12.953315      0.58082466       3.0774239       7.4833453   1.1134869e-13       3.8091201      0.61103186       0.61103186      -24.826173      -24.826173
              7      -9.4657806      0.41722471       1.0345322       -12.93846      0.75592225       2.6135133       10.827601   1.1522321e-13       5.7006221      0.63019202       0.63019202      -20.191945      -20.191945
              2      -12.145236      0.56912851       1.0595062      -12.927952      0.67413402       3.7079042       11.468488     1.18045e-13       4.7220874      0.29224475       0.29224475      -24.874961      -24.874961
              5       -12.19618      0.58258794       1.0494094      -12.928236      0.67614868       3.8246169       11.204937   1.1796807e-13       4.7440437      0.27616259       0.27616259      -24.944686      -24.944686
             16      -12.075736       0.4870355       1.0929923      -12.925912      0.54242796       3.0692728       12.387745   1.1860097e-13       3.4868074      0.44804044       0.44804044      -25.047553      -25.047553
              2      -11.369136      0.39702757        1.200935      -12.903197      0.55909563       2.4947531       15.883089   1.2496914e-13       3.6232277       0.6033411        0.6033411      -23.944954      -23.944954
              3      -11.784788      0.59165407       1.3272037      -12.841399      0.30853951        3.905297       21.242406   1.4407923e-13       2.0348833      0.41351101       0.41351101      -24.396597      -24.396597
             63      -11.328933      0.59893477       1.3719754      -12.823967      0.30894373       3.9713189       23.549159   1.4997995e-13       2.0367782      0.43546488       0.43546488      -23.528796      -23.528796
             12      -11.639304      0.60443602       1.3660339      -12.824106       0.3034795        4.021944       23.229183   1.4993194e-13       2.0113123      0.42986156       0.42986156      -24.138332      -24.138332
              8      -11.040083      0.59653003       1.3962108      -12.782125      0.29794027         3.94939       24.900659   1.6514863e-13       1.9858218      0.49532888       0.49532888      -23.070824      -23.070824
              4      -11.328482      0.66267302       1.5049771      -12.827698      0.52807754       4.5991018       31.987266   1.4869704e-13       3.3734753      0.33361094       0.33361094      -23.324186      -23.324186
             11      -11.845793      0.59425447       1.4713223      -12.839045       0.4733092       3.9287507       29.602084    1.448622e-13       2.9737825      0.39871967       0.39871967      -24.489025      -24.489025
              7      -12.383035      0.60937523       1.3417211      -12.870881       0.5427432       4.0679465       21.964486   1.3462281e-13       3.4893393      0.23921706       0.23921706      -25.244505      -25.244505
              7      -12.215698      0.60690053       1.2469975      -12.890679      0.51615833       4.0448324       17.660277    1.286236e-13       3.2821493        0.224238         0.224238      -24.879872      -24.879872
              1      -10.959887       0.5595457       1.2440917      -12.899604      0.55079214       3.6269845       17.542508   1.2600729e-13       3.5546115      0.28807722       0.28807722      -22.495928      -22.495928
              1      -11.502691      0.40643374       1.1110266      -12.931288      0.43004918       2.5493751       12.912983   1.1714194e-13       2.6918396      0.70408534       0.70408534      -24.413553      -24.413553
              4      -10.354914      0.84975846       1.0483487      -12.903217      0.22972966       7.0755215       11.177604   1.2496347e-13       1.6971869      0.38090045       0.38090045      -21.471629      -21.471629
              8      -8.9512789      0.66671927        1.270026      -12.848481      0.29673617        4.642151       18.621988   1.4174872e-13       1.9803236      0.31350398       0.31350398      -18.529566      -18.529566
             15      -9.0727461      0.38311396       1.0575793      -12.894531       0.3666187       2.4160947       11.417717   1.2748793e-13       2.3260482      0.74752908       0.74752908       -19.64055       -19.64055
             10      -10.035028      0.15188331       1.4621058      -12.825818      0.35563067       1.4186763       28.980495   1.4934207e-13       2.2679353       1.6532367        1.6532367       -23.37653       -23.37653
             11       -10.07381      0.15205717       1.4619708      -12.825862      0.35589372       1.4192443       28.971486   1.4932704e-13       2.2693095       1.6521198        1.6521198      -23.451859      -23.451859
              1      -10.014253      0.15881309       1.5355652      -12.805445      0.56731078       1.4414948       34.321416   1.5651477e-13       3.6924173       1.5835784        1.5835784      -23.195663      -23.195663
              3      -10.201066     0.094154651       1.5176884      -12.832895      0.57619209       1.2420945       32.937328   1.4692829e-13       3.7687045       1.8196694        1.8196694      -24.041471      -24.041471
             29      -10.293081      0.11502255       1.4926565        -12.8289      0.57876478       1.3032345       31.092561    1.482861e-13        3.791096       1.6961678        1.6961678      -23.978498      -23.978498
              4      -12.052935      0.53974587       1.1697556      -12.907486      0.61119678       3.4653401       14.782764   1.2374125e-13       4.0850444      0.29512872       0.29512872      -24.696127      -24.696127
             10       -11.72017      0.35242243       1.1633305      -12.907089      0.84030347       2.2512433       14.565672   1.2385435e-13       6.9231456      0.74963785       0.74963785      -24.939616      -24.939616
              8      -11.391093      0.21567198       1.1577602      -12.908094      0.88387574       1.6431302       14.380044   1.2356813e-13       7.6537759       1.2139303        1.2139303      -25.210048      -25.210048
             16      -11.704059      0.30261604       1.1971795      -12.904116      0.88589659       2.0073174       15.746334   1.2470502e-13       7.6894732      0.92530852       0.92530852      -25.258736      -25.258736
              4      -11.559632      0.65624118       1.5343777      -12.860947       0.7234369       4.5314916         34.2277   1.3773783e-13       5.2897713       0.3685917        0.3685917      -23.856447      -23.856447
             10      -12.238251      0.59342745       1.3538032      -12.874689      0.81557719       3.9212763       22.584122   1.3344764e-13       6.5399916      0.28325301       0.28325301      -25.043009      -25.043009
              1      -12.249949      0.59037687       1.3482278      -12.875516      0.78135575        3.893829       22.296045   1.3319375e-13       6.0444355      0.26933777       0.26933777      -25.038574      -25.038574
             25      -11.305828      0.49284948       1.5465474      -12.861712      0.77033601       3.1106381       35.200385   1.3749539e-13       5.8929941       0.6323912        0.6323912      -23.876438      -23.876438
             18      -11.303306      0.49134399         1.54624      -12.861751      0.76984727       3.0998737       35.175475   1.3748311e-13       5.8863661      0.63471509       0.63471509      -23.876041      -23.876041
              7      -10.369308      0.45108812       1.4904153       -12.86463      0.73138075       2.8254532       30.932517    1.365745e-13        5.387419      0.63341079       0.63341079      -22.005437      -22.005437
              8      -10.770831      0.41657259        1.454938      -12.896081      0.93616336       2.6095919       28.506114   1.2703364e-13       8.6330321      0.82153716       0.82153716      -23.184736      -23.184736
              2      -10.940488      0.39365142       1.4634626      -12.894918      0.97379086       2.4754344       29.071178   1.2737424e-13       9.4143612      0.92085691       0.92085691      -23.722689      -23.722689
              2      -10.464477      0.43338984       1.4509766      -12.905869      0.97973737       2.7126255       28.247278    1.242026e-13       9.5441525      0.83674442       0.83674442      -22.602442      -22.602442
              2      -10.801267        0.431346       1.4717453      -12.900531       1.0075601       2.6998896        29.63093   1.2573868e-13       10.175602        0.885198         0.885198       -23.37293       -23.37293
             15      -11.153937      0.44970331         1.45504      -12.899857       1.0173315       2.8164582       28.512809   1.2593399e-13       10.407142      0.83415921       0.83415921      -23.976193      -23.976193
             12      -11.518042      0.27139682       1.1140647      -12.936908      0.52632179       1.8680858       13.003633   1.1563583e-13       3.3598647       1.0446032        1.0446032       -25.12529       -25.12529
              7      -11.086939      0.24046172       1.1447403      -12.926178      0.51036864       1.7396494       13.955336   1.1852825e-13       3.2386845       1.1296409        1.1296409      -24.433159      -24.433159
             22      -11.180542      0.31703961       1.1753285      -12.892906      0.48311575       2.0751028       14.973677   1.2796596e-13       3.0416956      0.83510389       0.83510389      -24.031292      -24.031292
              4      -11.459626      0.34580928       1.1812471      -12.894495      0.63308964       2.2172225       15.179137   1.2749841e-13       4.2962509      0.70196317       0.70196317      -24.323178      -24.323178
              3       -11.42771       0.3474308       1.1763955      -12.895074      0.64361586       2.2255164       15.010511   1.2732859e-13       4.4016536      0.69640326       0.69640326      -24.248226      -24.248226
              3      -11.912697      0.34413339       1.1561623      -12.910001      0.68833051        2.208683       14.327233    1.230265e-13       4.8789966       0.7300123        0.7300123      -25.285418      -25.285418
              4      -11.409118      0.34188476       1.1695027      -12.895838      0.68127461       2.1972768       14.774156   1.2710491e-13       4.8003688      0.71142725       0.71142725      -24.241091      -24.241091
              7      -10.911884      0.37692442       1.1312224      -12.929944      0.59673377       2.3819049       13.527651   1.1750501e-13       3.9512433      0.69174456       0.69174456      -23.207257      -23.207257
              4      -10.624778     0.018540367       1.1848331      -12.902208      0.61235729       1.0436151       15.304993   1.2525421e-13       4.0959749       1.9631574        1.9631574      -25.175872      -25.175872
              1        -10.6544     0.030619645       1.2146899      -12.893701      0.58216518       1.0730492       16.394187    1.277319e-13       3.8208957        1.905888         1.905888      -25.120577      -25.120577
              7      -10.684649      0.23308731       1.2558437      -12.899761       1.0931497       1.7103591        18.02369   1.2596195e-13       12.392237       1.3836921        1.3836921      -24.136682      -24.136682
              1      -10.468082      0.23706826       1.2548508       -12.89854       1.0834496       1.7261092        17.98253   1.2631635e-13       12.118521       1.3539378        1.3539378       -23.64404       -23.64404
              8      -10.934643      0.21434261       1.2437626      -12.899169       1.0663043       1.6381083       17.529219   1.2613353e-13       11.649419       1.4078453        1.4078453      -24.684977      -24.684977
              5      -11.135021      0.29704439       1.2884787      -12.885496       1.1375426       1.9817296       19.430264   1.3016791e-13       13.725957       1.2310995        1.2310995      -24.732241      -24.732241
             12      -11.085288      0.31449433       1.3004128      -12.885068        1.162662       2.0629768       19.971599    1.302963e-13       14.543267       1.2237225        1.2237225      -24.618021      -24.618021
             33      -10.962968      0.46227543       1.2513763      -12.899652       1.2200258       2.8991817       17.839237    1.259936e-13       16.596854      0.94136767       0.94136767      -23.808672      -23.808672
              9      -11.062276      0.46682278       1.2327772      -12.906377         1.19904       2.9296975       17.091382   1.2405743e-13       15.813937      0.89970593       0.89970593      -23.923964      -23.923964
             16      -11.250966      0.35459269       1.0747949      -12.861722       1.1108826       2.2625213        11.87941    1.374923e-13       12.908703      0.95027501       0.95027501      -24.402482      -24.402482
             11        -10.8213      0.34135351       1.0791316      -12.861644       1.1260775       2.1945906       11.998629    1.375168e-13        13.36834       1.0088776        1.0088776      -23.660356      -23.660356
              7      -11.095013      0.78118068       1.2686801      -12.904252      0.71566297       6.0419994       18.564367   1.2466595e-13       5.1959262      0.10113034       0.10113034      -22.392287      -22.392287
             12       -11.61927      0.63223541       1.2964398      -12.877866      0.75739769       4.2878088       19.789726   1.3247513e-13       5.7200219      0.17794403       0.17794403      -23.594429      -23.594429
             36      -12.262904      0.70644951       1.3842442      -12.874242      0.73047291       5.0868568        24.22391   1.3358502e-13       5.3761689      0.16954445       0.16954445      -24.864898      -24.864898
              3      -11.682648      0.72743773       1.4114638      -12.868478      0.71371235       5.3387272       25.790739   1.3536989e-13       5.1726411      0.17414834       0.17414834      -23.713593      -23.713593
              6      -11.927393      0.74243918       1.4199061      -12.864598      0.68930215       5.5263601       26.296996   1.3658472e-13       4.8899245      0.16925763       0.16925763      -24.193301      -24.193301
             12      -11.234568        0.292753       1.4047492      -12.871435      0.77246559       1.9622439        25.39506   1.3445132e-13       5.9219617      0.97566481       0.97566481      -24.420466      -24.420466
              7      -11.911124      0.44114027       1.3051604      -12.889657      0.69232915       2.7614696        20.19112   1.2892666e-13        4.924126      0.50475404       0.50475404      -24.831756      -24.831756
              3      -11.870958       0.7313305       1.4777062      -12.862415      0.65595047       5.3867957       30.040433   1.3727302e-13       4.5284593      0.23685462       0.23685462      -24.215625      -24.215625
              5      -11.699837      0.33766398       1.2425344      -12.882961       1.0148342       2.1760255       17.479719   1.3093008e-13       10.347471      0.92045741       0.92045741      -25.240588      -25.240588
              8       -11.91981      0.59151398       1.4504481      -12.860961      0.69503099       3.9040375       28.212926    1.377334e-13       4.9548555      0.33079892       0.33079892      -24.501217      -24.501217
              1      -11.394514      0.57830795       1.4038756      -12.881359      0.78045396       3.7871103       25.344023   1.3141367e-13       6.0318976      0.34186411       0.34186411      -23.472757      -23.472757
              6        -11.0927      0.12923755       1.2229627       -12.89586      0.80960239       1.3465967       16.709471   1.2709852e-13       6.4506338       1.4972858        1.4972858      -25.179971      -25.179971
              7      -9.4503052     0.031891729       1.2878765      -12.868805      0.98931849       1.0761969       19.403341   1.3526789e-13       9.7570492       2.0552113        2.0552113      -23.011033      -23.011033
              9      -8.6767486    -0.054882433      0.98877005      -12.941767       0.7451591      0.88128741       9.7447354   1.1434926e-13       5.5610795       2.4507123        2.4507123      -22.254922      -22.254922
             10      -9.6911894     0.011442496      0.75374615      -13.003035      0.32206083       1.0266975       5.6721297   9.9303548e-14       2.0992339         2.71963          2.71963      -24.821639      -24.821639
              3      -10.611339      0.31077102      0.66521944      -12.982595      0.57016889       2.0453659       4.6261472   1.0408898e-13       3.7167974       1.4078411        1.4078411       -24.03836       -24.03836
              1       -11.11929      0.46019705      0.77106457      -12.984724      0.72993276       2.8853403       5.9028884   1.0357997e-13       5.3694866      0.87595509       0.87595509      -23.990489      -23.990489
              2      -11.520927      0.43565512       0.7428744      -12.990419      0.76148587       2.7268115       5.5319009   1.0223071e-13       5.7741209      0.99522766       0.99522766      -25.032309      -25.032309
              4      -12.016367      0.59150559      0.94603577      -12.952303       0.5668207       3.9039621       8.8315263   1.1160838e-13        3.688253      0.39080497       0.39080497      -24.814344      -24.814344
              6       -11.68517      0.57066024      0.93052827      -12.950014      0.65499925       3.7210049       8.5217398    1.121982e-13       4.5185516      0.40623868       0.40623868      -24.182817      -24.182817
              5      -11.751215      0.57410493      0.93051346      -12.948825      0.65174526       3.7506361       8.5214491   1.1250592e-13       4.4848225      0.39788517       0.39788517        -24.2982        -24.2982
              2      -11.708522      0.52428819      0.95686072      -12.944711      0.54175698       3.3441688       9.0544218   1.1357651e-13       3.4814245      0.47411697       0.47411697      -24.365277      -24.365277
             16      -11.063927      0.44715161      0.95170537      -12.951434       0.5647087       2.7999586       8.9475756   1.1183192e-13       3.6703603      0.63999975       0.63999975      -23.407853      -23.407853
             15      -12.037232      0.44968631        1.283647      -12.876673      0.53536121        2.816348       19.215292   1.3283936e-13       3.4305299      0.48246953       0.48246953      -25.039404      -25.039404
             14      -10.390925      0.23395449       1.2050477      -12.891586      0.87785909       1.7137777       16.034214   1.2835546e-13       7.5484727       1.1251938        1.1251938      -23.032238      -23.032238
              2      -11.466922      0.29741402       1.2023857      -12.893954      0.91769906        1.983417       15.936234   1.2765727e-13       8.2736864      0.94893223       0.94893223      -24.831708      -24.831708
              2       -11.68956      0.28646723       1.1918807      -12.897991      0.92185873       1.9340479       15.555382   1.2647613e-13       8.3533124      0.99080309       0.99080309      -25.360726      -25.360726
             44      -11.689961      0.29824486       1.1711052      -12.895639      0.94843003        1.987215       14.828773   1.2716303e-13        8.880349      0.96859459       0.96859459      -25.317111      -25.317111
              4       -11.73442      0.30800929       1.0528979      -12.927362      0.56508663       2.0324005       11.295303    1.182056e-13       3.6735557      0.89715075       0.89715075      -25.263141      -25.263141
             16       -11.36078      0.37788091       1.4253455      -12.888872        1.035394       2.3871566       26.628429   1.2916008e-13       10.849106      0.97676142       0.97676142      -24.675083      -24.675083
              9      -11.656252       0.5066053       1.4502137      -12.870516      0.86028125       3.2107412       28.197704   1.3473607e-13       7.2490525      0.53335003       0.53335003      -24.379205      -24.379205
              2      -7.6693977       0.4256291        1.112121      -12.929138      0.88096775        2.664582       12.945566   1.1772319e-13       7.6026981      0.63469215       0.63469215       -16.60818       -16.60818
              8       -11.35436      0.32307077       1.1315124      -12.908228      0.88708243       2.1041213       13.536686   1.2352988e-13       7.7104981       0.8627356        0.8627356      -24.434192      -24.434192
              7      -10.944846      0.37273055       1.2750438      -12.888333      0.88346536       2.3590141       18.838391   1.2932045e-13        7.646547      0.72689566       0.72689566      -23.343484      -23.343484
              5      -11.062266      0.10400812       1.2403718      -12.892608      0.58502097       1.2705979       17.392893   1.2805353e-13       3.8461035       1.5828809        1.5828809      -25.290293      -25.290293
              3      -9.8286433    0.0018213006       1.2533537      -12.894136      0.55448841       1.0042025       17.920647   1.2760387e-13       3.5849938       2.0689532        2.0689532      -23.795193      -23.795193
              5      -10.394088     -0.02075827       1.2905393      -12.880694      0.55315592      0.95332664       19.522673   1.3161529e-13       3.5740113       2.1805874        2.1805874       -25.14935       -25.14935
              7      -10.569414    0.0079808853       1.2566297      -12.891197       0.5104852       1.0185466       18.056338   1.2847028e-13       3.2395538       2.0550574        2.0550574      -25.248942      -25.248942
              5      -9.9001877      0.14612699       1.1296543      -12.910537      0.51942611       1.3999966       13.478895   1.2287498e-13       3.3069384       1.4414361        1.4414361      -22.683248      -22.683248
              3        -9.90429      0.44504273       1.4632997      -12.871593      0.71074121       2.7863953       29.060271   1.3440238e-13       5.1373744      0.61713683       0.61713683      -21.042854      -21.042854
              4      -11.130812       0.6961475       1.5330137      -12.826254       0.5011905       4.9676101       34.120364   1.4919222e-13       3.1709581      0.35867774       0.35867774      -22.978979      -22.978979
              2      -9.2915627     0.076433891       1.6225427      -12.809244      0.59026438       1.1924327       41.931719   1.5515153e-13       3.8928205       2.0575457        2.0575457      -22.698217      -22.698217
              8      -9.0056768       0.1019526       1.6836743      -12.790245      0.53735991       1.2645983       48.269668   1.6208957e-13       3.4463542       2.0873525        2.0873525      -22.186059      -22.186059
              2      -8.7281223      0.10197706       1.6793735      -12.791623      0.53684103       1.2646695        47.79401   1.6157614e-13       3.4422391       2.0780636        2.0780636      -21.612372      -21.612372
              4      -9.5180699      0.94479081       1.2330301      -12.827574      0.12157793       8.8062458       17.101339   1.4873945e-13       1.3230551      0.54274771       0.54274771      -20.121635      -20.121635
              6      -10.071514      0.67264933       0.9853152      -12.844617     0.028878249       4.7059719       9.6675227   1.4301538e-13       1.0687552      0.73969958       0.73969958      -21.622427      -21.622427
             21      -10.546498      0.91629693        1.126105      -12.788715   -0.0033601924       8.2470178       13.369186   1.6266144e-13      0.99229273      0.76344391       0.76344391      -22.619883      -22.619883
              8       -10.38438      0.88844336       1.2392927      -12.793136     0.091010786        7.734698       17.349728     1.61014e-13       1.2331355      0.57701829       0.57701829      -21.922796      -21.922796
             10      -10.729635      0.89449851        1.238374      -12.802247     0.092788827       7.8432943       17.313065   1.5767125e-13       1.2381944      0.57034588       0.57034588      -22.599961      -22.599961
              3      -10.621945      0.89480087        1.245507      -12.796904      0.10064684       7.8487568       17.599769   1.5962305e-13       1.2608019      0.56209666       0.56209666      -22.368083      -22.368083
              4       -11.14186      0.89922676       1.3252701      -12.775138      0.14735811       7.9291523       21.148037   1.6782695e-13       1.4039709      0.54709327       0.54709327      -23.377907      -23.377907
             34      -11.071616      0.91117677       1.2959686      -12.779824     0.078662575       8.1503596       19.768266   1.6602614e-13       1.1985677      0.65345379       0.65345379       -23.45014       -23.45014
              3      -11.252981      0.88880679       1.2731317      -12.785779     0.088154824       7.7411733       18.755631   1.6376485e-13       1.2250528      0.60453778       0.60453778      -23.715038      -23.715038
             17      -11.966883      0.87575786       1.3694436      -12.788586      0.25428999       7.5120394       23.412274   1.6270974e-13       1.7959324       0.3943736        0.3943736      -24.722514      -24.722514
              3      -12.158701      0.75409317       1.1352122      -12.888464      0.26399546       5.6766638         13.6525   1.2928137e-13       1.8365192      0.30550623       0.30550623      -24.928415      -24.928415
              1      -11.407619       0.7584084         1.24133      -12.864727      0.24108486       5.7333493        17.43131   1.3654411e-13       1.7421472      0.33022383       0.33022383      -23.475686      -23.475686
              6      -11.438211      0.76131121       1.2392911      -12.863209      0.24051093       5.7717992       17.349664   1.3702208e-13       1.7398465      0.32786278       0.32786278      -23.532147      -23.532147
              6      -8.4235496      0.33334192       1.5330467      -12.752608      0.26323898       2.1544773       34.122959   1.7676333e-13        1.833323       1.2918205        1.2918205       -19.43074       -19.43074
             19      -9.9274874      0.44273508       1.4963041      -12.691429      0.06557248       2.7716289       31.354805   2.0350317e-13       1.1629806       1.4366636        1.4366636      -22.728302      -22.728302
             28      -10.184745      0.69103061        1.124978      -12.789395    -0.038428172       4.9094248       13.334539   1.6240718e-13      0.91531763      0.85143679       0.85143679      -22.072363      -22.072363
             18      -10.288997      0.73087644       1.0472526      -12.789102     0.015270446       5.3811666       11.149428   1.6251681e-13        1.035787      0.71815446       0.71815446      -22.014303      -22.014303
              2      -10.548007      0.85688812       1.1344668      -12.787162     0.033360524       7.1926366       13.629087   1.6324434e-13       1.0798428      0.65997564       0.65997564      -22.415964      -22.415964
             20      -11.261571      0.57391598      0.76247557      -12.972702      0.19528452       3.7490047       5.7872944   1.0648738e-13       1.5677778      0.99702354       0.99702354      -24.517189      -24.517189
              8      -11.459998      0.54407152      0.76903591      -12.985889      0.25626906        3.500028       5.8753793   1.0330258e-13       1.8041351      0.99555152       0.99555152      -24.911099      -24.911099
             22      -11.519481      0.54588572      0.77194935      -12.983771      0.25350028       3.5146794       5.9149265   1.0380761e-13       1.7926697       0.9847338        0.9847338       -25.00843       -25.00843
             14      -11.528132      0.56409424      0.75026726      -12.987688      0.22714207        3.665171       5.6268749    1.028755e-13       1.6871048       1.0350996        1.0350996      -25.126463      -25.126463
              4      -11.802895      0.74014162      0.83977042      -12.954459      0.51443255       5.4972011       6.9146535   1.1105562e-13       3.2691327      0.37188215       0.37188215      -24.349554      -24.349554
              2      -11.536647      0.74425587      0.83227439       -12.96112      0.49746136       5.5495257       6.7963289   1.0936548e-13       3.1438467      0.40764549       0.40764549      -23.888584      -23.888584
              5      -11.103248      0.53707554       0.8618279       -12.94913      0.29696384       3.4440983       7.2749147   1.1242672e-13        1.981362      0.73227485       0.73227485      -23.671045      -23.671045
              1      -11.319314      0.52420177      0.84985088      -12.950993      0.21163728       3.3435034       7.0770274    1.119456e-13       1.6279358       0.8853624        0.8853624      -24.409354      -24.409354
             11      -10.975455      0.51699218       0.7002786      -12.997236      0.19263683       3.2884571       5.0150885   1.0063846e-13       1.5582489       1.2697519        1.2697519      -24.490413      -24.490413
              2      -10.933931      0.40686302      0.81906676      -12.956888      0.36043933       2.5518963       6.5927524   1.1043636e-13       2.2931863      0.99406505       0.99406505      -23.855992      -23.855992
              8      -8.4135056      0.33894436      0.71437249      -12.975193      0.41744173       2.1824503       5.1805097   1.0587826e-13       2.6148196       1.3114385        1.3114385      -19.449888      -19.449888
              6      -9.5640357      0.24983685      0.71462501      -12.981095      0.40328634       1.7776115       5.1835227   1.0444915e-13       2.5309662       1.6228326        1.6228326      -22.373737      -22.373737
              5      -9.8753622      0.24659085      0.70417484      -12.982558      0.39409724       1.7643748       5.0602834   1.0409786e-13       2.4779768       1.6621899        1.6621899      -23.075104      -23.075104
              4       -10.17728     0.095927662      0.66984524      -12.997341       0.5255968       1.2471758       4.6756849   1.0061417e-13       3.3542606       2.2653624        2.2653624      -24.885285      -24.885285
              1      -10.135237      0.04725502      0.72592454      -12.985625      0.40414367        1.114949       5.3201581    1.033654e-13       2.5359674       2.4348359        2.4348359      -25.140145      -25.140145
              3      -9.9592579      0.21969346      0.62636585       -13.01861      0.25460335       1.6584159       4.2302482   9.5805312e-14       1.7972287       2.1854806        2.1854806      -24.289477      -24.289477
             20      -10.639833      0.80039668      0.73245854      -13.002359      0.24970324       6.3153391       5.4008055   9.9458387e-14       1.7770647      0.90266141       0.90266141      -23.084988      -23.084988
             15      -10.925108       1.1655535      0.54139546      -13.042764      0.60046319        14.64042       3.4785276   9.0622565e-14       3.9853199       1.5140482        1.5140482      -24.878312      -24.878312
             17       -12.16483       0.8833929        1.423928      -12.876072       0.6609141       7.6452713       26.541653   1.3302351e-13       4.5805128      0.18686487       0.18686487       -24.70339       -24.70339
              8      -12.444892      0.90441211       1.1496079      -12.907867      0.49089213       8.0243916       14.112629    1.236326e-13       3.0966501      0.14286659       0.14286659      -25.175518      -25.175518
              2      -12.594102      0.88256956       1.2109969       -12.88254       0.6242125       7.6307911       16.255373   1.3105687e-13       4.2093254     0.054026522      0.054026522      -25.296257      -25.296257
              8      -11.228157       0.8052437       1.3282194      -12.862232      0.57040401       6.3862174       21.292143   1.3733072e-13       3.7188102     0.087842141      0.087842141      -22.631997      -22.631997
             26      -10.930954      0.61258614       1.0863066      -12.942655      0.58573403       4.0981339       12.198504    1.141157e-13       3.8524236      0.27980825       0.27980825      -22.421525      -22.421525
              3       -9.151948      0.79624683      0.83968486      -12.976435      0.61474395        6.255281       6.9132913   1.0557585e-13       4.1185462      0.39773225       0.39773225      -19.099361      -19.099361
              5      -11.113817       0.5757705      0.68513876      -13.024572      0.59994971       3.7650479       4.8432709   9.4499275e-14       3.9806107       0.9599811        0.9599811      -24.147596      -24.147596
              8      -11.354895      0.50766062      0.69370183       -13.02875      0.66231705       3.2185527       4.9397142   9.3594521e-14       4.5953336       1.0708854        1.0708854      -24.851561      -24.851561
              6      -9.7712309      0.60351624      0.74241178      -13.005958       0.6992567        4.013435       5.5260114   9.8637451e-14       5.0033018      0.75200552       0.75200552      -21.046473      -21.046473
             23      -10.328286      0.13290504      0.73073387      -12.995491      0.68957719       1.3580165       5.3794004   1.0104364e-13       4.8930222       1.9819671        1.9819671      -24.620506      -24.620506
             12      -11.145538      0.14548678       1.1741914      -12.911967      0.79074387       1.3979344       14.934526   1.2247099e-13       6.1765203       1.4404708        1.4404708      -25.172019      -25.172019
             15      -8.8474869      0.89005117      0.70656519      -12.965065      0.19655725       7.7633859       5.0882119   1.0837646e-13       1.5723791      0.89190948       0.89190948      -19.478793      -19.478793
              5      -8.5848275      0.64599695      0.58990107      -13.031265      0.17212703       4.4258527       3.8895653   9.3053938e-14       1.4863704       1.4579139        1.4579139      -20.085483      -20.085483
             14      -9.1821192      0.64140198      0.59351543      -13.031104      0.17398827       4.3792726       3.9220708   9.3088454e-14       1.4927541       1.4521987        1.4521987      -21.268636      -21.268636
              2      -8.9081612      0.18469279       1.0003564      -12.957898       0.3157604       1.5300048       10.008209   1.1017984e-13       2.0689996       1.6055671        1.6055671      -21.027457      -21.027457
             11      -8.3843533    -0.097371146      0.79976383      -12.965696       0.4497654      0.79915101       6.3061433   1.0821901e-13       2.8168609       2.9671052        2.9671052      -22.702917      -22.702917
              1      -10.057627      0.06180484      0.86797321      -12.951268      0.46768887        1.152935       7.3785872   1.1187483e-13       2.9355459       2.0441839        2.0441839      -24.203622      -24.203622
             27      -9.9976026       0.1589391      0.64684949      -13.033146      0.50032046       1.4419132       4.4345494   9.2651909e-14        3.164612       2.2175364        2.2175364      -24.430278      -24.430278
              4       -9.567367     0.048006015      0.61061555      -13.044538      0.44979556       1.1168787       4.0795809   9.0253136e-14       2.8170565       2.8432241        2.8432241      -24.821182      -24.821182
              3      -9.4663577     0.011979922      0.61791823      -13.042253      0.48819727       1.0279688       4.1487593   9.0729177e-14       3.0774944       2.9637726        2.9637726      -24.860261      -24.860261
              9      -9.3686339    0.0084738084      0.62044208      -13.044777      0.48734474       1.0197033       4.1729394   9.0203501e-14       3.0714592        2.990103         2.990103      -24.717474      -24.717474
              3       -8.828043      0.12005287      0.73508049      -13.013716      0.59448541       1.3184172       5.4335103   9.6891126e-14       3.9308404       2.1157755        2.1157755      -21.887637      -21.887637
             36      -10.189427     0.039802243      0.75089998       -12.99788       0.5467323        1.095979       5.6350786   1.0048938e-13       3.5215373       2.3963217        2.3963217      -25.171498      -25.171498
             18      -9.9515769     0.044148936      0.74214587      -13.005843      0.54539926       1.1070034        5.522629   9.8663565e-14       3.5107448       2.4216561        2.4216561      -24.746466      -24.746466
              1      -9.4912693     0.080656873      0.77034601      -13.002789      0.55246545       1.2040842       5.8931299    9.935982e-14       3.5683336       2.2053013        2.2053013      -23.393141      -23.393141
              9      -10.276404      0.22549776      0.67182953      -13.019148      0.47196028       1.6807292        4.697097   9.5686702e-14       2.9645602       1.8783111        1.8783111       -24.30943       -24.30943
              8      -10.593939       0.1668868        0.715115      -12.996913      0.47283354       1.4685435       5.1893743    1.007133e-13       2.9705273       1.9344666        1.9344666      -25.056811      -25.056811
             12      -9.2915669     -0.03460255       0.6894253      -13.013725      0.35561921      0.92341612       4.8913113   9.6889085e-14       2.2678755       3.0478282        3.0478282       -24.67879       -24.67879
              4      -10.144675      0.10338999       0.7001106       -13.00897      0.35187435       1.2687907       5.0131488    9.795586e-14        2.248404       2.3670836        2.3670836      -25.023518      -25.023518
             18      -8.9127827     -0.13361161      0.68369608      -12.998654      0.30426444      0.73517104       4.8272087   1.0031047e-13       2.0149508       3.5830099        3.5830099      -24.991585      -24.991585
             13      -9.9323324     0.043619658      0.93412498      -12.937502      0.35585278       1.1056551       8.5926076   1.1547772e-13       2.2690955       2.1313424        2.1313424       -24.12735       -24.12735
              8      -10.619407     0.083955055       1.0346106      -12.926778      0.39095777       1.2132633       10.829555    1.183647e-13       2.4601284       1.8409182        1.8409182       -24.92065       -24.92065
             12      -10.896034      0.13294114       1.0873317      -12.915486      0.37183323       1.3581294       12.227333   1.2148248e-13       2.3541451       1.6138718        1.6138718      -25.019811      -25.019811
             29      -11.246912      0.70251724       1.4044068      -12.852281      0.61878911       5.0410063       25.375042   1.4051383e-13        4.157087      0.16835098       0.16835098      -22.830526      -22.830526
             10      -11.543355       0.6395069      0.92881858      -12.905607      0.89347797       4.3602049       8.4882581   1.2427772e-13       7.8248851      0.29469574       0.29469574      -23.676102      -23.676102
              6      -11.686034       0.6413206      0.93008024      -12.905534      0.89672851       4.3784521       8.5129531   1.2429853e-13       7.8836712      0.29425851       0.29425851      -23.960586      -23.960586
             35      -11.710465       0.6549844      0.90774459      -12.909146      0.87844972       4.5183971       8.0862021    1.232691e-13       7.5587455      0.29037008       0.29037008       -24.00167       -24.00167
             12      -11.502506      0.62468585       1.1348267      -12.866095       1.1573763       4.2139158       13.640387   1.3611469e-13       14.367337      0.49698481       0.49698481      -23.998982      -23.998982
             21      -11.433476      0.61715311       1.1290206       -12.86919       1.1682793       4.1414566       13.459243    1.351481e-13       14.732595      0.52614519       0.52614519      -23.919242      -23.919242
             25      -9.7184931      0.31672148       1.2035245      -12.858479       1.1892088       2.0735832       15.978075   1.3852284e-13       15.459975       1.1873402        1.1873402      -21.811667      -21.811667
              5      -9.7153112      0.39870577       1.2356172      -12.857654       1.1843924        2.504412       17.203515   1.3878618e-13       15.289467      0.96484246       0.96484246      -21.360307      -21.360307
             11      -8.8056242     -0.30687465       1.2325749      -12.894735      0.74003505      0.49331617       17.083424   1.2742811e-13       5.4958523       3.8464444        3.8464444      -25.304137      -25.304137
              1      -8.7742317     -0.31112094       1.2289074      -12.897453       0.7417783       0.4885163       16.939766   1.2663292e-13       5.5179569       3.8788552        3.8788552      -25.306174      -25.306174
             14        -10.2874    -0.042330403       1.1066921      -12.923387      0.59608536      0.90713014       12.784745   1.1929234e-13       3.9453484       2.3071581        2.3071581      -25.189117      -25.189117
              3      -9.4233486      0.12471184       1.2679602       -12.90528      0.68758206       1.3326369       18.533617   1.2437137e-13       4.8705955       1.5203208        1.5203208      -21.887339      -21.887339
              7      -11.196277      0.15607542       1.2552588       -12.89377      0.76131626       1.4324366        17.99943   1.2771161e-13       5.7718663       1.3800394        1.3800394      -25.152633      -25.152633
              2        -8.59779     0.091924558      0.66741849      -13.005706      0.23014712       1.2357328       4.6496311   9.8694824e-14       1.6988191       2.6005595        2.6005595      -22.396699      -22.396699
              8      -9.4159081     0.075056099       1.3701495      -12.870891       1.0805754       1.1886558       23.450358   1.3461974e-13       12.038583       2.0276893        2.0276893      -22.887195      -22.887195
              6      -9.3368428    -0.020412905        1.453219      -12.865911      0.83026117      0.95408506       28.393506   1.3617238e-13       6.7648968       2.3235788        2.3235788      -23.320843      -23.320843
              8      -9.7750163    -0.028837363       1.4528047      -12.870944      0.84241147      0.93575604       28.366433   1.3460329e-13       6.9568313       2.3775679        2.3775679      -24.305168      -24.305168
             13      -9.4942202    -0.086640469       1.4252944      -12.875658      0.82908404      0.81914264       26.625293   1.3315032e-13       6.7465856       2.6491665        2.6491665      -24.286773      -24.286773
              7      -9.7441752        0.172601      0.74358206      -13.012225      0.44268187       1.4879934       5.5409223   9.7224281e-14       2.7712893        1.960532         1.960532      -23.409414      -23.409414
              4      -9.7696238      0.01501843      0.71863875      -13.001676      0.37985842       1.0351861       5.2316508   9.9614826e-14        2.398051       2.6834234        2.6834234      -24.906094      -24.906094
              5      -9.6579412    -0.027230358      0.64129297      -13.015387      0.50009035        0.939225       4.3781735   9.6519066e-14       3.1629356        2.980394         2.980394      -25.276671      -25.276671
              1      -9.0739093     -0.15178493      0.71410474       -13.00333      0.61614609      0.70504213       5.1773168   9.9236283e-14       4.1318646       3.4527377        3.4527377      -25.053294      -25.053294
              2      -9.3158404     -0.11691164      0.71361435      -12.990746       0.6812423       0.7639912        5.171474   1.0215367e-13       4.8000118       3.1982359        3.1982359      -25.028153      -25.028153
              1       -9.277224      0.25321843      0.80405168      -12.983225      0.63055617       1.7915067        6.368713   1.0393806e-13       4.2712615       1.3967828        1.3967828      -21.348014      -21.348014
              7      -11.147526      0.27479594      0.68494553      -13.011093      0.63150994       1.8827642       4.8411165   9.7478006e-14       4.2806521       1.5943017        1.5943017      -25.483656      -25.483656
             37      -10.789378      0.19887608      0.76051345      -12.982087      0.59158397       1.5807969       5.7612066   1.0421086e-13       3.9046667       1.6424387        1.6424387      -24.863634      -24.863634
              7       -10.67232      0.47837247      0.62504698      -13.024766      0.49865181       3.0086556       4.2174212   9.4456924e-14       3.1524762       1.2632774        1.2632774      -23.871194      -23.871194
              1      -9.4014094      0.39006026      0.57491419       -13.02918       0.5419223       2.4550495       3.7576316   9.3501818e-14         3.48275       1.5546926        1.5546926      -21.912204      -21.912204
              9      -8.8844336      0.39004793      0.60634582      -13.014857      0.52392822       2.4549798       4.0396694   9.6636987e-14       3.3413981       1.4377464        1.4377464       -20.64436       -20.64436
              8      -9.8999231      0.27676279      0.60518973      -13.035114      0.55162205       1.8913103         4.02893   9.2233013e-14       3.5614107       1.8521504        1.8521504      -23.504147      -23.504147
              7      -9.3854015      0.36780885      0.61176404      -13.037811      0.43154457       2.3324312       4.0903836   9.1661991e-14       2.7011243       1.6541651        1.6541651      -22.079133      -22.079133
              2      -9.2341622      0.36207111      0.61062522      -13.038124      0.43219051       2.3018187       4.0796718    9.159597e-14       2.7051447       1.6727288        1.6727288      -21.813782      -21.813782
              2      -9.9870957      0.33385283      0.65138438      -13.033375       0.4808873       2.1570133       4.4810973    9.260301e-14        3.026128       1.6256555        1.6256555      -23.225502      -23.225502
              2      -10.792289      0.52476907      0.64465382      -13.029768      0.55864462       3.3478737       4.4121861   9.3375391e-14        3.619467       1.1408411        1.1408411       -23.86626       -23.86626
              1      -10.044812      0.52614418      0.62653307      -13.035669      0.56538384       3.3584909       4.2318773   9.2115119e-14       3.6760706       1.1957288        1.1957288      -22.481082      -22.481082
              1        -11.2633      0.59901171        0.748784      -13.036171      0.54015013       3.9720226         5.60769   9.2008666e-14       3.4685674      0.91636766       0.91636766      -24.359335      -24.359335
             37      -11.404496       1.2205519      0.76145144       -13.00039      0.53461175       16.616973       5.7736632   9.9910135e-14        3.424615       1.1080402        1.1080402      -25.025072      -25.025072
             10      -11.681427        1.297773       1.0871443      -12.895635      0.74980553        19.85057       12.222056   1.2716422e-13       5.6208957      0.77040978       0.77040978      -24.903674      -24.903674
             15       -11.44896       1.3767134       1.0357065      -12.906343      0.73472501       23.807478       10.856918   1.2406733e-13       5.4290646       1.0478221        1.0478221      -24.993564      -24.993564
              8      -11.139295       1.2423749       1.0690816      -12.906879      0.74921886       17.473298       11.724157   1.2391422e-13       5.6133079      0.63978698       0.63978698      -23.558164      -23.558164
             14      -11.404135        1.252699       1.0740578      -12.902383      0.73394005       17.893654       11.859267   1.2520364e-13       5.4192608      0.65392693       0.65392693      -24.116124      -24.116124
             22      -11.280571       1.1968694       1.1432422      -12.892378      0.72463275       15.735096       13.907279   1.2812141e-13       5.3043571      0.49220354       0.49220354       -23.54555       -23.54555
              9      -11.735101       1.2300554       1.1721408       -12.90137      0.72564537       16.984603       14.864174   1.2549604e-13       5.3167393      0.59228863       0.59228863      -24.654779      -24.654779
             13      -12.591472      0.82077973       1.2843104      -12.875808       0.6514917       6.6188072       19.244669    1.331044e-13       4.4822048     0.059394958      0.059394958      -25.301734      -25.301734
              9      -9.7698546      0.94034023       1.3034308      -12.840679      0.31367266       8.7164618       20.110866   1.4431821e-13       2.0590773      0.29648444       0.29648444      -20.132678      -20.132678
              2      -6.6507935      0.90357372       1.1936367      -12.882772      0.27399621       8.0089157       15.618406   1.3098683e-13       1.8793004      0.30910038       0.30910038      -13.919788      -13.919788
              5      -12.277967      0.92706884       1.2691802      -12.896865      0.82250409       8.4541285       18.585756   1.2680447e-13       6.6451393      0.16116821       0.16116821       -24.87827       -24.87827
             16      -11.765659      0.57300994       1.3894077       -12.89693      0.95940854       3.7411915       24.513636   1.2678558e-13       9.1076964       0.4772982        0.4772982      -24.485914      -24.485914
              1      -11.826045      0.58680032       1.3972357      -12.893031      0.94986006       3.8618938       24.959492   1.2792905e-13       8.9096381      0.44990975       0.44990975       -24.55191       -24.55191
              3      -11.516891      0.62893944       1.3564923      -12.905454      0.97963542       4.2553907       22.724394   1.2432153e-13       9.5419124      0.41320467       0.41320467      -23.860191      -23.860191
              1      -12.224712       1.1015979       1.3572868      -12.878492      0.67677998       12.635658       22.766002   1.3228435e-13       4.7509447      0.36746732       0.36746732      -25.184359      -25.184359
              1      -10.205789      0.73990091       1.4581503      -12.882884      0.72538246       5.4941551       28.717745   1.3095317e-13       5.3135217      0.23821497       0.23821497      -20.888008      -20.888008
             10      -10.892102      0.96365953       1.6268004      -12.885814      0.61963413       9.1972827       42.344827   1.3007273e-13       4.1651834      0.54030811       0.54030811       -22.86482       -22.86482
              2      -7.9585692      0.90746614       1.6553683      -12.880871      0.65199358       8.0810193       45.223927    1.315616e-13       4.4873875      0.53879574       0.53879574       -16.99473       -16.99473
             14      -9.3088221        1.029868       1.5343659      -12.931342      0.70726285       10.711938       34.226772   1.1712725e-13       5.0963923      0.55861637       0.55861637      -19.734877      -19.734877
              7      -4.6734427      0.59321651       1.4537117      -12.948503      0.88117019       3.9193722       28.425733   1.1258927e-13        7.606243       0.5725728        0.5725728      -10.492031      -10.492031
              6       -9.947059      0.63117206         1.41891      -12.946971      0.92299545       4.2773231       26.236745   1.1298706e-13       8.3752051      0.51658349       0.51658349      -20.927285      -20.927285
              9      -9.9449607      0.55680658        1.447827      -12.940251      0.98892167       3.6041809       28.043164   1.1474907e-13       9.7481379      0.68786389       0.68786389      -21.265649      -21.265649
              6      -9.8810324      0.50090726       1.4707311      -12.939648      0.96170734       3.1688907       29.561818   1.1490839e-13       9.1560328      0.78095715       0.78095715      -21.323979      -21.323979
             17      -12.143452      0.63341403        1.247135      -12.902492      0.91781041       4.2994611       17.665869   1.2517225e-13       8.2758082      0.27819889       0.27819889      -24.843301      -24.843301
              2      -12.254411      0.72674338       1.3063175      -12.879049      0.60071264       5.3301985       20.244987   1.3211476e-13       3.9876097      0.10475583       0.10475583      -24.718333      -24.718333
              3      -12.397659      0.94911515       1.0148574      -12.938413      0.50024078       8.8943692       10.348024   1.1523559e-13       3.1640313      0.25863291       0.25863291      -25.312584      -25.312584
             15      -12.398805      0.94874399       1.0146434      -12.938494       0.5016571       8.8867711       10.342925   1.1521417e-13       3.1743667      0.25785218       0.25785218      -25.313315      -25.313315
              1      -11.041476       1.1675702       1.2152701      -12.883573      0.40325642       14.708562       16.416103   1.3074572e-13       2.5307918      0.53627049       0.53627049      -23.155492      -23.155492
             13      -11.508803       1.2401252       1.1839259      -12.890285      0.40564449       17.383018       15.273054   1.2874042e-13       2.5447463      0.70796338       0.70796338      -24.433534      -24.433534
              5      -12.070469       1.0234126       1.1812703      -12.896258      0.44552788       10.553891        15.17995   1.2698192e-13       2.7895097      0.26567379       0.26567379      -24.672286      -24.672286
             10      -12.183046       1.0361108       1.1811353      -12.899881      0.46583794       10.867028       15.175229   1.2592691e-13       2.9230614      0.27476957       0.27476957      -24.915631      -24.915631
              1      -12.112626       1.0224208       1.1588432      -12.897618      0.47232577       10.529815       14.415949   1.2658491e-13       2.9670562      0.24473897       0.24473897       -24.71473       -24.71473
              5      -12.393272      0.81091498       1.1936674      -12.899144      0.61834943       6.4701595       15.619509   1.2614087e-13       4.1528804     0.060838928      0.060838928      -24.908222      -24.908222
             12       -12.54317       0.8672326       1.1404736      -12.907093      0.61763151       7.3660151       13.818904   1.2385304e-13       4.1460211     0.076935214      0.076935214      -25.240211      -25.240211
             11      -12.430246      0.84654303       1.0310337      -12.928481      0.42956222       7.0233294       10.740728   1.1790135e-13        2.688823      0.22021807       0.22021807      -25.300928      -25.300928
              7      -12.270728       0.8448663       1.0252129      -12.933075      0.41057496       6.9962659       10.597731   1.1666087e-13       2.5738009      0.24867652       0.24867652      -25.038809      -25.038809
             18      -12.349287      0.81048372        1.013677      -12.938454      0.43209853       6.4637376       10.319937   1.1522489e-13       2.7045719      0.24626058       0.24626058      -25.191095      -25.191095
              2      -11.460563      0.49855241        1.082341      -12.916988      0.59571031       3.1517547       12.087625   1.2106327e-13       3.9419427      0.38933223       0.38933223       -23.69979       -23.69979
             21      -12.224028        0.493606       1.0976331       -12.91864      0.52193432       3.1160613        12.52083   1.2060348e-13       3.3260925      0.42697714       0.42697714       -25.30201       -25.30201
             12      -11.466758      0.43740924       1.3473106      -12.871973      0.74827592       2.7378474       22.249007   1.3428483e-13       5.6011335        0.528733         0.528733      -23.990982      -23.990982
              9      -11.485241      0.37728456       1.2929134      -12.892042      0.76475254       2.3838809       19.629688    1.282207e-13       5.8177163      0.67038591       0.67038591      -24.311253      -24.311253
              5      -11.735023      0.32497338       1.2866696      -12.889826      0.71836543       2.1133595       19.349494   1.2887651e-13       5.2283593      0.79752698       0.79752698      -25.065099      -25.065099
             24      -10.510694      0.58263671       1.4152945      -12.849502      0.61198038       3.8250464       26.019234   1.4141581e-13       4.0924217      0.30063914       0.30063914      -21.622666      -21.622666
              4      -10.624961      0.63282268       1.3858538      -12.875009      0.63826518       4.2936108       24.313855   1.3334939e-13       4.3477561       0.2298835        0.2298835       -21.70969       -21.70969
             22      -12.097938      0.79270691       1.4657449      -12.865758      0.58322135       6.2045018       29.224354   1.3622021e-13       3.8301991      0.21881316       0.21881316      -24.633503      -24.633503
              8      -11.422275      0.82407133       1.4588434      -12.865917      0.63863311        6.669163       28.763611   1.3617055e-13       4.3514411      0.20010708       0.20010708      -23.244764      -23.244764
              1      -11.212851      0.55088109      0.75972562      -13.025049      0.32898206       3.5553396        5.750765   9.4395375e-14       2.1329568       1.0767147        1.0767147      -24.579131      -24.579131
              3      -11.045909      0.57261442      0.74301189      -13.035487      0.37660646       3.7377859       5.5336526   9.2153844e-14       2.3801617       1.0677128        1.0677128      -24.227243      -24.227243
             19      -10.713397      0.57032102      0.74645364       -13.03878      0.37378421       3.7180996       5.5776806   9.1457608e-14       2.3647444       1.0860136        1.0860136      -23.598822      -23.598822
              9      -10.925079      0.65492413      0.71707828      -13.027964      0.56056861       4.5177701       5.2128867   9.3763884e-14       3.6355374      0.84790054       0.84790054      -23.545958      -23.545958
              7       -10.78552      0.62382426      0.79803142      -13.016138       0.4964769       4.2055642        6.281038   9.6352268e-14       3.1367283      0.75234183       0.75234183      -23.075724      -23.075724
             18      -10.768891      0.61117892      0.80053216      -13.018822      0.52726429       4.0848764       6.3173096   9.5758666e-14       3.3671641      0.76112667       0.76112667      -23.060034      -23.060034
              3      -10.006664      0.61435118      0.81832899      -13.012141       0.5414485       4.1148232       6.5815623   9.7243253e-14       3.4789525        0.701631         0.701631       -21.41659       -21.41659
              5      -10.122174       0.5393064      0.81450288      -13.016279      0.57605665       3.4618353       6.5238337    9.632109e-14       3.7675294      0.81833126       0.81833126       -21.88101       -21.88101
              3      -10.045708      0.24636012       1.0687206      -12.892069       0.9894022       1.7634377       11.714414   1.2821277e-13         9.75893       1.1720375        1.1720375      -22.435492      -22.435492
             27      -10.438644      0.24377856      0.88762188      -12.941337      0.85623588       1.7529865       7.7200814   1.1446253e-13       7.1818425       1.2675318        1.2675318      -23.412351      -23.412351
              4      -12.033738      0.52622322       1.2870883       -12.89427      0.99413065       3.3591022       19.368156   1.2756451e-13       9.8657623      0.50512262       0.50512262       -25.07772       -25.07772
              4      -12.216005      0.52439359       1.2886273      -12.893002      0.95926198       3.3449805       19.436916   1.2793753e-13       9.1046233      0.47204657       0.47204657      -25.376103      -25.376103
              1      -12.140314      0.58727623       1.3422078      -12.892464      0.96649589        3.866128       21.989118    1.280961e-13       9.2575461      0.41697404       0.41697404      -25.114577      -25.114577
              7      -11.722051       0.4836793       1.4618872      -12.871382      0.80040982       3.0456451       28.965912   1.3446779e-13       6.3155302      0.55987909       0.55987909       -24.56386       -24.56386
             25      -8.6478729      0.78952482       1.9964596      -12.740565      0.48319681       6.1592073       99.188116   1.8173369e-13       3.0422634       1.4409596        1.4409596      -20.177665      -20.177665
             11      -11.252294       0.2134318       1.0957046      -12.893804      0.98311967       1.6346764       12.465353   1.2770148e-13       9.6187729       1.2804376        1.2804376      -25.065464      -25.065464
              9      -11.123638      0.18951627       1.0778372        -12.8931      0.98917957       1.5470925       11.962919   1.2790877e-13       9.7539285       1.3757428        1.3757428      -24.998762      -24.998762
              1      -10.687979      0.25506075       1.1119013      -12.881166       1.0569535       1.7991225       12.939016   1.3147232e-13       11.401276       1.2000022        1.2000022      -23.775962      -23.775962
             14      -9.8503791      0.20468509      0.98347698      -12.891198       1.0994639       1.6020833       9.6266898   1.2847018e-13       12.573725       1.4806578        1.4806578      -22.662074      -22.662074
              4      -9.5094986      0.86058013       1.0516711      -12.846087       1.2503508        7.254043       11.263442   1.4253204e-13       17.797166      0.55445326       0.55445326      -20.127904      -20.127904
             14      -10.642786       0.9722538       1.0847313      -12.865208      0.95131353       9.3811008       12.154338   1.3639293e-13       8.9395063      0.21256294       0.21256294      -21.710698      -21.710698
             33      -11.538281        1.063396        1.257722      -12.913543      0.87642873        11.57167        18.10181   1.2202736e-13       7.5236526      0.37127209       0.37127209      -23.819105      -23.819105
              6      -11.503812       1.1227468       1.2308209      -12.897143      0.93771399       13.266207       17.014566   1.2672333e-13       8.6639111      0.47709045       0.47709045      -23.961804      -23.961804
             22      -10.220239       1.0186141       1.2414036      -12.902456      0.92904465       10.437923       17.434263   1.2518264e-13       8.4926778      0.31992611       0.31992611      -21.080331      -21.080331
             11      -11.521748       1.0648146       1.2299848      -12.913867      0.87964752       11.609529       16.981843    1.219363e-13       7.5796216      0.36459824       0.36459824      -23.772692      -23.772692
              3      -10.495615        1.081804       1.2603199      -12.886072      0.81816695        12.07269       18.210417   1.2999543e-13        6.579107      0.31827542       0.31827542       -21.62778       -21.62778
             18      -11.895249      0.72829805       1.3070004      -12.904523      0.83733183       5.3493135       20.276845   1.2458822e-13       6.8759361       0.1846374        0.1846374      -24.159773      -24.159773
             12      -12.189837      0.70183997       1.3184151       -12.89407      0.77366103       5.0331511       20.816856   1.2762345e-13       5.9382849      0.16036283       0.16036283        -24.7004        -24.7004
              1      -11.425959      0.35991734       1.3372136      -12.897144      0.98158644       2.2904317         21.7377   1.2672321e-13       9.5848748      0.89974322       0.89974322      -24.651405      -24.651405
              3      -10.947898      0.42177742       1.4135321      -12.891339       1.0434595       2.6410548       25.913857   1.2842845e-13       11.052474      0.86915245       0.86915245      -23.634101      -23.634101
             11      -10.680162      0.20021547       1.2299693      -12.915871      0.90161868       1.5856797       16.981237   1.2137501e-13       7.9729434       1.3176212        1.3176212      -23.995567      -23.995567
              9      -11.355328      0.21389626       1.2346035      -12.912656      0.91255632       1.6364256       17.163405   1.2227692e-13       8.1762907       1.2710861        1.2710861      -25.252829      -25.252829
             13      -10.795199      0.17922053       1.2673827      -12.895418       1.0012589       1.5108471       18.508988   1.2722783e-13       10.029029       1.4652376        1.4652376      -24.520873      -24.520873
              2      -11.796133      0.43777865       1.3610394      -12.875583      0.99671011       2.7401772       22.963572   1.3317326e-13       9.9245336       0.7085165        0.7085165      -25.009299      -25.009299
              5      -9.6982389      0.33642824       1.5873945      -12.866416      0.78291389       2.1698427       38.671806   1.3601399e-13       6.0661605       1.0786242        1.0786242      -21.553726      -21.553726
              3      -10.004952      0.39381969       1.1226577       -12.93258      0.40586226       2.4763937       13.263487   1.1679381e-13       2.5460226      0.75823071       0.75823071      -21.526366      -21.526366
             11      -9.2978892      0.40971737       1.1475263       -12.92209      0.38823151       2.5687235       14.045149   1.1964937e-13       2.4447334       0.7099182        0.7099182      -20.015615      -20.015615
              6      -9.2545712       1.1058886       1.0875369      -12.912786       0.3798638       12.761114       12.233112   1.2224028e-13       2.3980807      0.47373389       0.47373389       -19.45661       -19.45661
             11      -9.6839057       1.1122511           1.095      -12.911819      0.38318521       12.949444       12.445146   1.2251258e-13       2.4164912      0.47932099       0.47932099      -20.326453      -20.326453
              2      -11.051617       1.0438031       1.1033401      -12.918516      0.26565905       11.061221       12.686451   1.2063788e-13       1.8435675      0.51403299       0.51403299        -23.1313        -23.1313
             10      -11.193363       1.1660567       1.2070062      -12.877828      0.17893894       14.657393       16.106688   1.3248653e-13       1.5098679      0.79767438       0.79767438      -23.982075      -23.982075
             18      -11.600734       1.3798098       1.1788612      -12.898415      0.62334793       23.977823       15.095978   1.2635297e-13        4.200954       1.0330443        1.0330443      -25.267557      -25.267557
              2        -11.1295       1.4639114       1.0805225      -12.933199      0.45756223       29.101231       12.037116   1.1662764e-13       2.8678883       1.4849735        1.4849735      -25.228947      -25.228947
              4      -10.669611      0.67231801      0.90217027      -12.909298     0.016054304       4.7023831       7.9830761   1.2322587e-13       1.0376582      0.89822489       0.89822489      -23.135672      -23.135672
             17      -12.177975      0.74581355      0.95805546      -12.920003      0.30266267       5.5694659       9.0793647   1.2022548e-13       2.0075329      0.36528033       0.36528033       -25.08651       -25.08651
              5      -11.668437      0.87781453       1.0447077       -12.90025      0.23466917       7.5476982       11.084285   1.2582022e-13       1.7166003      0.37831011       0.37831011      -24.093494      -24.093494
              7      -11.775576      0.36695028        1.266537      -12.879339      0.39889617       2.3278248       18.472983   1.3202654e-13       2.5055102      0.76725825       0.76725825      -25.085669      -25.085669
              7      -10.899699      0.39494971       1.2826974      -12.877313      0.37080395       2.4828456       19.173324   1.3264377e-13       2.3485724      0.72629211       0.72629211      -23.251982      -23.251982
              1      -11.535132      0.52055248       1.3272838      -12.866294      0.50090787       3.3155263       21.246326   1.3605237e-13       3.1688951      0.37576652       0.37576652      -23.821798      -23.821798
              1      -11.942007        0.679953       1.3035711      -12.883043      0.55727704        4.785783       20.117366   1.3090518e-13       3.6080874      0.15140094       0.15140094      -24.186816      -24.186816
              7      -12.432526      0.86237606       1.1836136      -12.879886      0.41976279       7.2841027       15.262077   1.3186042e-13       2.6288318      0.13274796       0.13274796      -25.130548      -25.130548
             15      -11.948235      0.60373307       1.3179134      -12.891968      0.60502276       4.0154394       20.792822   1.2824253e-13       4.0273814      0.23862911       0.23862911      -24.373728      -24.373728
             14      -12.393454      0.63936536       1.2674764      -12.890792      0.61255254       4.3587841       18.512983   1.2859029e-13       4.0978168      0.16470149       0.16470149      -25.116311      -25.116311
             26      -9.5486474      0.61057403       1.1926464      -12.889887      0.65252828       4.0791909       15.582832   1.2885852e-13       4.4929158      0.16295386       0.16295386      -19.423203      -19.423203
              8      -8.3796971      0.11405992      0.90745872      -12.953699      0.42242578        1.300349       8.0808812   1.1125012e-13       2.6450007       1.8244421        1.8244421      -20.408278      -20.408278
              1      -9.8417361      0.33101221       1.0933806      -12.913577      0.55655892       2.1429508       12.398827   1.2201782e-13       3.6021261      0.79359739       0.79359739      -21.270667      -21.270667
             14       -11.46642      0.41791841       1.1237242      -12.904962      0.41431427       2.6176912       13.296098   1.2446238e-13       2.5960573       0.6300183        0.6300183      -24.192876      -24.192876
              2      -11.598464      0.58151436        1.365295      -12.808762      0.27827938       3.8151741       23.189694   1.5532378e-13       1.8979265      0.49342117       0.49342117      -24.183771      -24.183771
              5       -11.22756      0.54519309        1.241804      -12.813604     0.082560455       3.5090786       17.450343   1.5360157e-13       1.2093735      0.77896109       0.77896109      -24.013043      -24.013043
              1      -11.221291      0.54621787       1.2421821      -12.813456     0.081277602       3.5173685       17.465544   1.5365411e-13       1.2058064      0.77996056       0.77996056      -24.002503      -24.002503
              5      -11.196761      0.58919054       1.2863861      -12.811778     0.097552654        3.883207       19.336867   1.5424891e-13        1.251851      0.70843692       0.70843692      -23.810397      -23.810397
             19        -11.2331      0.89853662       0.9098533      -12.899411      0.10243751        7.916562       8.1255599   1.2606342e-13       1.2660111       0.6677108        0.6677108      -23.801622      -23.801622
             14      -12.567863       0.8761761       1.2821564      -12.876232      0.66338777       7.5192772       19.149453   1.3297432e-13       4.6066771     0.070847784      0.070847784      -25.277421      -25.277421
              3      -11.819243       1.0278713       1.2083489      -12.893779      0.52759116       10.662802       16.156562   1.2770896e-13       3.3696994      0.22578586       0.22578586      -24.090057      -24.090057
              2      -11.862474       1.0285583       1.2083327      -12.893475      0.52757719       10.679681       16.155957   1.2779827e-13        3.369591      0.22618883       0.22618883      -24.177326      -24.177326
             17      -12.300191      0.98426241       1.2714801      -12.884549      0.50892842       9.6441157       18.684442   1.3045218e-13       3.2279621      0.19509633       0.19509633      -24.990575      -24.990575
              1      -12.355093      0.85558974        1.160822      -12.897184      0.58299374       7.1711654       14.481781   1.2671136e-13       3.8281923     0.064747096      0.064747096       -24.83968       -24.83968
              4       -11.47793      0.98087736       1.0229321      -12.930315       0.5079962       9.5692381        10.54222    1.174047e-13       3.2210406      0.25999114       0.25999114      -23.475842      -23.475842
              6      -10.224153       0.8111605      0.93933255      -12.934636      0.56673263       6.4738183       8.6962606   1.1624213e-13       3.6875051      0.19912835       0.19912835      -20.846564      -20.846564
              3      -9.7364579      0.87924137       1.0072958      -12.930502      0.70013422       7.5725364       10.169412   1.1735397e-13       5.0134215      0.15315658       0.15315658      -19.779229      -19.779229
              4      -10.077482       0.9332295       1.0193598      -12.939641      0.67779046       8.5749087        10.45586   1.1491019e-13       4.7620117       0.2023588        0.2023588      -20.559682      -20.559682
              2      -11.636278      0.95448619       1.1853648       -12.88826      0.63499031       9.0050513       15.323742   1.2934226e-13       4.3150945      0.10088452       0.10088452      -23.474325      -23.474325
              1      -10.589828     0.057302139       1.2467401      -12.883106       1.0488785       1.1410433       17.649814   1.3088627e-13       11.191247       2.0023532        2.0023532      -25.184362      -25.184362
              2      -9.6080705     -0.15363969       1.1318444      -12.918483      0.66679985       0.7020375        13.54704   1.2064701e-13       4.6430125       2.8988737        2.8988737      -25.013888      -25.013888
             35      -11.787459      0.37095003       1.1074413      -12.905961      0.35008369       2.3493625        12.80682    1.241765e-13       2.2391526      0.81017273       0.81017273      -25.195263      -25.195263
             11       -9.936715      0.34377269      0.99816612      -12.916459      0.36310964       2.2068494       9.9578624   1.2121075e-13       2.3073296      0.91872389       0.91872389      -21.710878      -21.710878
              5      -11.597862      0.43123327        0.722908      -12.997515      0.73505094       2.6991888       5.2833332   1.0057377e-13       5.4331406       1.0537514        1.0537514      -25.303226      -25.303226
             16      -10.770628      0.19372135      0.86284397      -12.950871      0.71037603        1.562145       7.2919548   1.1197714e-13       5.1330564       1.4405225        1.4405225        -24.4223        -24.4223
              2      -8.9664246      0.34310406      0.98223457      -12.941217      0.80155217       2.2034544       9.5991896   1.1449418e-13       6.3321642      0.86744099       0.86744099      -19.667731      -19.667731
             21      -11.533486      0.26420393       1.1058652      -12.926574      0.70610079       1.8374009       12.760427   1.1842017e-13       5.0827739       1.0118675        1.0118675      -25.090707      -25.090707
             20      -11.686817      0.28168828       1.0973701      -12.926992      0.68192316       1.9128825       12.513248   1.1830621e-13       4.8075428      0.95453088       0.95453088      -25.282696      -25.282696
              1      -11.701608      0.28681339       1.1000469      -12.926855      0.68512344       1.9355901       12.590613   1.1834364e-13          4.8431      0.93783897       0.93783897      -25.278895      -25.278895
              3      -12.146532      0.67715277       1.3020332      -12.890046      0.68329606       4.7550246       20.046253   1.2881146e-13       4.8227645      0.14353044       0.14353044      -24.580126      -24.580126
              5      -11.830948        0.696675       1.2177914      -12.914111      0.86280087       4.9736475       16.511686   1.2186768e-13       7.2912312      0.19454076       0.19454076      -24.050978      -24.050978
              6      -11.589334      0.76460143       1.2868088      -12.904565      0.88737969       5.8156924       19.355697   1.2457616e-13       7.7157774      0.18999041       0.18999041      -23.558648      -23.558648
              7      -11.711379      0.77361581       1.3484061      -12.881021      0.84343874       5.9376667       22.305199   1.3151623e-13       6.9733063      0.16281894       0.16281894      -23.748397      -23.748397
             39      -11.936054      0.69824614       1.3166403      -12.896248      0.77836405       4.9916732       20.731959   1.2698486e-13       6.0029407      0.16689698       0.16689698      -24.205902      -24.205902
              7      -11.532722      0.32477264       1.1189461      -12.907671       0.9699666       2.1123829       13.150617   1.2368855e-13       9.3318252      0.92670139       0.92670139      -24.918847      -24.918847
              5      -11.942871      0.63737905       1.2432668      -12.903715      0.96499375       4.3388941       17.509219   1.2482025e-13       9.2255815      0.31661248       0.31661248      -24.518968      -24.518968
              3      -11.117651      0.44446959       1.3039843      -12.895927      0.76775295       2.7827205       20.136515   1.2707873e-13       5.8580483      0.52206335       0.52206335      -23.279429      -23.279429
              1      -11.288304      0.29075729       1.3467613      -12.904538      0.89084091       1.9532475       22.220883   1.2458379e-13       7.7775159       1.0442551        1.0442551      -24.665119      -24.665119
              9      -11.214955       0.2969767       1.3170023      -12.910891      0.89055269       1.9814207       20.749247   1.2277477e-13       7.7723561        1.015624         1.015624      -24.461157      -24.461157
              2      -10.552611      0.57462292       1.4875486       -12.87509      0.96293301       3.7551123       30.729013   1.3332457e-13       9.1819096      0.55350137       0.55350137      -22.212224      -22.212224
              6      -9.9139352      0.59461162       1.4943968      -12.871525      0.91929675       3.9319829       31.217402   1.3442351e-13       8.3041799      0.49193554       0.49193554      -20.811741      -20.811741
              2      -8.3689612    -0.051304399       1.3295868      -12.867521       1.0645012      0.88857809       21.359287   1.3566853e-13       11.601154       2.5813034        2.5813034      -21.900529      -21.900529
              1      -8.7809449      -0.1709885       1.3165431      -12.896319       1.0199504      0.67454589       20.727316   1.2696398e-13       10.470091        3.224392         3.224392      -24.010674      -24.010674
              2      -8.7070858     -0.22134013       1.3829814      -12.878811       1.0591069      0.60070309       24.153576    1.321872e-13        11.45795       3.6042075        3.6042075      -24.622587      -24.622587
              4      -7.2250235    -0.012855067        1.567065      -12.807156      0.42087182       0.9708339       36.903284   1.5589907e-13       2.6355534       2.4779242        2.4779242      -19.405895      -19.405895
              1       -9.388161     0.058122597       1.5433573      -12.810973      0.51196635        1.143201       34.942769   1.5453504e-13       3.2506211       2.0432105        2.0432105      -22.862743      -22.862743
              1      -9.2742752    -0.068787924       1.5245712      -12.830385       0.5739424       0.8535168        33.46349   1.4777981e-13       3.7492327       2.6155889        2.6155889      -23.779728      -23.779728
             11      -8.1659379     0.039532693       1.5917048      -12.850657      0.71693279        1.095299        39.05753   1.4104008e-13       5.2111406       2.1731783        2.1731783      -20.678232      -20.678232
              4      -10.036764       0.7819169       1.7333926      -12.808141      0.52389997       6.0522505       54.124343   1.5554623e-13       3.3411808       0.6660419        0.6660419      -21.405611      -21.405611
             28      -9.8794211      0.79224667       1.7155876       -12.80678       0.4824303         6.19793       51.950246   1.5603411e-13       3.0368987      0.65038831       0.65038831      -21.059619      -21.059619
              2      -10.159607      0.94869398       1.8131418      -12.747231      0.35793238       8.8857477       65.034203   1.7896526e-13       2.2799871       1.0907807        1.0907807      -22.500775      -22.500775
             11      -9.4671413      0.79279994       1.7212602      -12.676024      0.20141169       6.2058309       52.633252   2.1085124e-13       1.5900533       1.2209554        1.2209554      -21.376193      -21.376193
              4      -9.6275761     0.064154951       1.2975902      -12.814599      0.14456919       1.1591909       19.842218   1.5325006e-13       1.3949839       2.1675374        2.1675374      -23.590227      -23.590227
             13      -8.9097045     -0.10689083       1.0555238      -12.844927     0.055850105      0.78182431       11.363806   1.4291348e-13       1.1372347       3.1490086        3.1490086      -24.117426      -24.117426
             10       -8.583217      0.59766613       1.2069564      -12.794418     0.088320381        3.959735       16.104841   1.6053953e-13       1.2255199      0.68920282       0.68920282       -18.54484       -18.54484
              9      -10.001971      0.63988353       1.0284199      -12.825391     0.005283999       4.3639879       10.676278   1.4948884e-13       1.0122412      0.79872958       0.79872958      -21.601401      -21.601401
             16      -10.134347      0.67044311      0.99557069      -12.835302    0.0074824142       4.6821261       9.8985297   1.4611619e-13       1.0173782      0.77880328       0.77880328        -21.8263        -21.8263
              6      -11.610757      0.59065993      0.83051682      -12.974054      0.48030954       3.8963677       6.7688801   1.0615626e-13       3.0221049       0.5968614        0.5968614      -24.415236      -24.415236
              1      -12.267405      0.87517562      0.82851092      -12.951012      0.48364805       7.5019751       6.7376884    1.119406e-13        3.045426      0.38656945       0.38656945      -25.307949      -25.307949
              3      -11.029178      0.98891033       1.1127668      -12.912863      0.50756645       9.7478835        12.96483    1.222185e-13       3.2178549      0.21189541       0.21189541      -22.482147      -22.482147
             33      -10.983215      0.98882358       1.1123649       -12.91292      0.50863145       9.7459366       12.952838   1.2220247e-13       3.2257556      0.21138019       0.21138019       -22.38919       -22.38919
              1      -12.530655       0.8735956       1.1022142      -12.916131      0.56437622       7.4747316       12.653604   1.2130227e-13       3.6675515      0.11123402       0.11123402      -25.283778      -25.283778
              2      -12.489305      0.89673758        1.091424      -12.923126      0.55822111       7.8838359       12.343093   1.1936413e-13       3.6159391      0.14050215       0.14050215      -25.259614      -25.259614
             13      -12.508839       0.8959634       1.0944352      -12.922786      0.56058964       7.8697946       12.428973   1.1945766e-13       3.6357134       0.1381804        0.1381804      -25.294039      -25.294039
              5      -12.495054      0.89137895       1.0897355      -12.934232      0.52909452       7.7871573       12.295196   1.1635049e-13       3.3813842       0.1773708        0.1773708      -25.344849      -25.344849
              4       -11.85207       1.2475797       1.0734592       -12.89229       0.7915403       17.683968        11.84293   1.2814753e-13       6.1878575      0.64069047       0.64069047      -24.985522      -24.985522
              2      -11.157159        1.231037       1.0803238       -12.89087      0.77463722       17.023036       12.031612   1.2856705e-13       5.9516478       0.5882326        0.5882326      -23.490783      -23.490783
              4      -11.973775       1.1544797       1.1073022      -12.888512       0.8403839        14.27183       12.802717   1.2926708e-13        6.924428      0.43531977       0.43531977      -24.818189      -24.818189
              8      -11.960595       1.2024255        1.098863      -12.886613      0.84198161       15.937694       12.556337   1.2983361e-13       6.9499489      0.54034675       0.54034675      -25.001884      -25.001884
              7      -12.220458      0.97458989       1.0680256      -12.842762      0.97871203        9.431698       11.695683   1.4362748e-13       9.5216459      0.22820491       0.22820491      -24.897326      -24.897326
              1      -12.235171      0.97366151       1.0693563      -12.842605      0.98024997       9.4115578       11.731574   1.4367948e-13       9.5554241      0.22854347       0.22854347      -24.927429      -24.927429
             13      -11.753462      0.75868611       1.0217075      -12.923983      0.72552094       5.7370167       10.512535   1.1912887e-13       5.3152162      0.12984057       0.12984057      -23.766605      -23.766605
             15       -12.37906      0.78571518       1.0118607      -12.922008      0.69000985       6.1054148       10.276867   1.1967178e-13       4.8978993       0.1177636        0.1177636      -24.993647      -24.993647
              7      -12.286585      0.88474798      0.89630972      -12.943982      0.43034586       7.6691631       7.8760728   1.1376739e-13       2.6936791      0.34628461       0.34628461       -25.26574       -25.26574
             14      -12.268732      0.85654494      0.96098795      -12.938057      0.49964662       7.1869552       9.1408788   1.1533025e-13       3.1597056      0.23121536       0.23121536      -24.999894      -24.999894
             11      -11.752225      0.77909358       1.1593518      -12.900081      0.81190465       6.0130329        14.43284   1.2586903e-13       6.4849204     0.088784575      0.088784575      -23.682019      -23.682019
              9       -12.44986       0.8090994       1.1709427      -12.884889       0.8020428       6.4431672       14.823226   1.3035002e-13       6.3393219     0.058405391      0.058405391      -25.016531      -25.016531
              3      -11.116765      0.86516218       1.0928413      -12.891268      0.78297285       7.3309825       12.383439    1.284495e-13        6.066984     0.066186215      0.066186215      -22.365902      -22.365902
              7       -10.07767      0.41282803       1.5348512      -12.809895      0.43579873       2.5871882        34.26504   1.5491925e-13       2.7277133      0.84559532       0.84559532       -21.84653       -21.84653
              6      -10.220294       1.0775259       1.1825382      -12.784439     0.025377958       11.954349        15.22433   1.6427119e-13        1.060176      0.89359243       0.89359243      -22.227773      -22.227773
             16      -10.066255       1.0811678       1.2040057      -12.791989  -0.00010654637       12.055017       15.995792   1.6143994e-13       0.9997547      0.95255263       0.95255263      -22.037615      -22.037615
              6      -8.5819369      0.92702516      0.51752956      -13.018723     0.051816589       8.4532781       3.2925286   9.5780458e-14       1.1267215       1.7147299        1.7147299      -20.593334      -20.593334
              1      -7.1700026      0.82511721      0.69624195      -13.012551      0.25052017       6.6852433       4.9686905   9.7151438e-14       1.7804106      0.99694832       0.99694832      -16.333902      -16.333902
             35      -10.354014       1.3706515       1.3199582      -12.837139       0.1884822        23.47748        20.89095   1.4549919e-13       1.5434132       1.3716958        1.3716958      -23.451419      -23.451419
              8      -9.8477907       1.4466361       1.3548045      -12.824209      0.13107119       27.966369       22.636251   1.4989645e-13       1.3522942       1.7651416        1.7651416      -23.225865      -23.225865
             27      -9.8919592        1.442192       1.3413861      -12.826452       0.1316968        27.68165       21.947553    1.491242e-13       1.3542436       1.7365833        1.7365833      -23.257085      -23.257085
              3      -8.1246503       1.7916186       1.0913437      -12.915057      0.48343627        61.88973       12.340812   1.2160265e-13       3.0439413       3.0415155        3.0415155      -22.332332      -22.332332
             27      -11.096774        1.377435       1.2881586      -12.897032      0.79796457        23.84707        19.41595   1.2675584e-13       6.2800712       1.0891493        1.0891493      -24.371846      -24.371846
             11      -11.086476       1.3670678       1.2881157       -12.89647      0.80778431       23.284547       19.414028   1.2691984e-13        6.423686       1.0573064        1.0573064      -24.287565      -24.287565
              5      -10.265058       1.3308003       1.3124413       -12.89201      0.78363015       21.419055       20.532473   1.2823006e-13       6.0761733      0.93695229       0.93695229      -22.404021      -22.404021
             15       -11.15588       1.4576509       1.2836812      -12.888086      0.69537212       28.684741       19.216807   1.2939399e-13        4.958749       1.3398317        1.3398317      -24.991423      -24.991423
              4      -11.132846       1.4014759       1.2719393       -12.88714       0.6537184       25.204373       18.704207   1.2967612e-13       4.5052449       1.1211721        1.1211721      -24.508037      -24.508037
              2      -9.4401026       1.3168999       1.3856933      -12.873639      0.71730873       20.744355       24.304868   1.3377063e-13       5.2156535      0.90800461       0.90800461      -20.696214      -20.696214
              5      -11.521706       1.2755036       1.3576553      -12.881465      0.71700491       18.858344       22.785331   1.3138163e-13        5.212006      0.77227902       0.77227902       -24.58797       -24.58797
              1      -10.843211       1.2684994       1.3705254      -12.877916      0.71152302       18.556641       23.470663   1.3245989e-13       5.1466309      0.75803609       0.75803609      -23.202494      -23.202494
              5      -10.830207       1.2117407       1.3589728      -12.879764      0.73921621       16.283235       22.854557   1.3189747e-13       5.4854999       0.6087301        0.6087301      -22.877875      -22.877875
             10      -10.029586      0.60468454         1.48498      -12.873318      0.73279441       4.0242462       30.547803   1.3386946e-13        5.404984      0.37320477       0.37320477      -20.805582      -20.805582
             23      -10.379584      0.95630911       1.3481652       -12.93573      0.87919822       9.0429288       22.292832   1.1594983e-13        7.571784       0.3541359        0.3541359       -21.46744       -21.46744
             13      -9.7887773      0.98444288        1.305364      -12.942868      0.91763364        9.648124       20.200586   1.1405956e-13       8.2724403      0.39931953       0.39931953      -20.376194      -20.376194
             29      -10.107407       1.0356689       1.3786053      -12.933365      0.84962133       10.855977       23.911418   1.1658281e-13       7.0732878        0.443106         0.443106      -21.101025      -21.101025
             21      -10.130784      0.99323192       1.3664916      -12.934383      0.85334251       9.8453673       23.253674   1.1630987e-13       7.1341545      0.38533232       0.38533232      -21.032232      -21.032232
              1      -12.155289      0.85184004       1.1776799      -12.882211       0.5929053       7.1095161        15.05497   1.3115628e-13       3.9165647      0.04075236       0.04075236      -24.392083      -24.392083
             13        -10.3562      0.98575997       1.0091938      -12.910829      0.73889338       9.6774284       10.213952   1.2279228e-13       5.4814238      0.19198887       0.19198887      -21.096378      -21.096378
              8      -11.403569      0.81355149      0.83236046       -12.96219      0.39775598       6.5095578        6.797676   1.0909641e-13       2.4989409      0.46904385       0.46904385      -23.745225      -23.745225
              5       -11.40874      0.85057974        1.147994      -12.870823      0.25628433       7.0889145       14.060282   1.3464093e-13       1.8041986      0.28842149       0.28842149      -23.394322      -23.394322
              2      -10.889511      0.90640056       1.0308545       -12.87691      0.14748366        8.061216       10.736296   1.3276689e-13       1.4043768      0.49585014       0.49585014      -22.770722      -22.770722
              2      -11.095748      0.87295717       1.0878661      -12.860851      0.11678381       7.4637514       12.242387   1.3776825e-13       1.3085304      0.50448165       0.50448165      -23.200459      -23.200459
             13      -11.410409      0.82307562        1.139443      -12.864369      0.17321667       6.6538901        13.78615   1.3665664e-13       1.4901043      0.39927946       0.39927946      -23.619376      -23.619376
              2       -10.75701      0.67821832       1.0533289      -12.886057       0.1931635       4.7667055       11.306519   1.2999993e-13       1.5601397      0.45407215       0.45407215      -22.422165      -22.422165
              3      -10.557597      0.74833661       1.1456333      -12.865236      0.21614938       5.6019162       13.984061    1.363842e-13       1.6449374      0.34592997       0.34592997      -21.807054      -21.807054
             29      -11.474171       1.2114479      0.85935084      -12.951661      0.32099892       16.272262       7.2335392   1.1177353e-13       2.0941072      0.97175831       0.97175831      -24.891858      -24.891858
              6      -12.122668      0.91904794        1.088522      -12.919081      0.43973233       8.2994237       12.260889   1.2048108e-13       2.7525317      0.20963598       0.20963598      -24.664609      -24.664609
              7      -12.413923      0.74237694       1.0751953      -12.926435      0.43265829       5.5255682       11.890369   1.1845824e-13       2.7080601      0.21297267       0.21297267      -25.253792      -25.253792
              8      -11.231621      0.67035507       1.0820142      -12.915018      0.54785322       4.6811771       12.078534   1.2161343e-13       3.5306382      0.16477792       0.16477792      -22.792798      -22.792798
              4      -10.216647       1.0689799       0.6767593      -12.979071      0.59127035       11.721411       4.7507185   1.0493717e-13        3.901848      0.81569953       0.81569953      -22.064692      -22.064692
             27      -8.8883824      0.29659489      0.53478267       -13.08745      0.21188991       1.9796795        3.425963   8.1761728e-14       1.6288831       2.5349882        2.5349882      -22.846741      -22.846741
             15      -9.5707072       0.2680045       1.8024216      -12.711691      0.32312027       1.8535508        63.44854   1.9422679e-13       2.1043611       2.0174354        2.0174354      -23.176285      -23.176285
             15      -9.4130971      0.60607666       1.6969955      -12.775815      0.40400658       4.0371665       49.773198   1.6756548e-13        2.535167      0.82098281       0.82098281       -20.46816       -20.46816
             18      -10.969126       0.7351624       1.5765809      -12.826179      0.52613695       5.4345351       37.720796   1.4921792e-13        3.358435      0.38865693       0.38865693      -22.715565      -22.715565
             10      -11.310895      0.65873655        1.533042      -12.846006      0.62568443       4.5576036       34.122592   1.4255864e-13       4.2236161      0.35199301       0.35199301      -23.325776      -23.325776
             14      -11.144443      0.64271098       1.4164425      -12.859888      0.58219279        4.392492       26.088104   1.3807415e-13       3.8211386      0.24407686       0.24407686      -22.777039      -22.777039
              5      -9.6444425       1.5895764      0.97123971      -12.919394      0.15872083       38.866583       9.3592213   1.2039442e-13       1.4411886       2.3802985        2.3802985      -24.049482      -24.049482
             10      -9.9361954       1.4967139      0.97399084      -12.914942      0.14025993       31.384408       9.4186974   1.2163487e-13       1.3812107       1.9893002        1.9893002      -23.850991      -23.850991
              3      -7.8121861        1.537096       0.9869272       -12.90554       0.1572636       34.442609       9.7034731    1.242969e-13        1.436361       2.1073955        2.1073955      -19.839163      -19.839163
              3      -8.4929417       1.6553217      0.97844258      -12.905642     0.082979377       45.219073       9.5157403   1.2426765e-13       1.2105406       2.8049923        2.8049923      -22.595868      -22.595868
             11      -9.2601339       1.5563983       1.0033006       -12.92859      0.19247753        36.00794       10.076289   1.1787191e-13       1.5576774       2.1805913        2.1805913       -22.88145       -22.88145
             34      -10.745216       1.3317858      0.96218199      -12.918685      0.19795387       21.467712       9.1660452   1.2059109e-13       1.5774437       1.3088674        1.3088674      -24.108167      -24.108167
              8      -10.401524       1.3709928      0.95645404       -12.92673      0.22684819       23.495939       9.0459469    1.183778e-13       1.6859636       1.4161314        1.4161314      -23.635311      -23.635311
              3      -8.4325368      0.72501503       1.3006206      -12.842347      0.17910908       5.3090282       19.981154   1.4376487e-13       1.5104595      0.45171072       0.45171072      -17.768495      -17.768495
              1      -8.4175378      0.48639413       1.7902817       -12.71611      0.37776955       3.0647435       61.699507    1.922603e-13       2.3865446       1.3484979        1.3484979      -19.532072      -19.532072
              4      -9.5507271      0.42149607       1.7864099      -12.712825      0.28424979       2.6393445       61.151887   1.9372014e-13       1.9241981       1.5908185        1.5908185      -22.283091      -22.283091
             17      -10.828663      0.96396168       1.4421146      -12.756299      0.17543976       9.2036835       27.676719   1.7526734e-13       1.4977515      0.68022174       0.68022174       -23.01777       -23.01777
              7      -10.865289      0.96658078       1.4400801      -12.756545      0.17206938       9.2593559       27.547366    1.751682e-13        1.486173      0.68543841       0.68543841      -23.101455      -23.101455
              1      -11.060388       1.1021999       1.5498104      -12.780623      0.33718511       12.653187       35.465849    1.657206e-13       2.1736274      0.75526477       0.75526477      -23.631306      -23.631306
              3      -12.152012      0.55206365      0.90818382      -12.952875      0.53039773       3.5650337       8.0943843    1.114616e-13       3.3915461      0.48889605       0.48889605      -25.281816      -25.281816
             10      -11.942176      0.67752142       1.2434043      -12.886801      0.59507113       4.7590626       17.514766   1.2977739e-13       3.9361454      0.11590132       0.11590132      -24.116154      -24.116154
             14      -11.279036      0.59272374       1.2589131      -12.882838       0.6068304       3.9149277       18.151523   1.3096709e-13       4.0441793      0.20474753       0.20474753      -22.967568      -22.967568
              5      -10.508906      0.58124806       1.2513515      -12.883481      0.59186109       3.8128355        17.83822   1.3077322e-13        3.907159      0.22102866       0.22102866       -21.45987       -21.45987
             10      -9.8951578      0.21994725       1.2545225      -12.878309      0.93168562       1.6593853       17.968942   1.3233982e-13       8.5444796       1.2155443        1.2155443      -22.221404      -22.221404
             32      -11.706496      0.52236406       1.4217292      -12.889469      0.99252051       3.3293853       26.407616   1.2898267e-13       9.8292529      0.61050677       0.61050677      -24.634006      -24.634006
             10      -11.419581      0.48013013       1.4164492      -12.888103      0.98589695       3.0208567       26.088504   1.2938885e-13       9.6804814      0.67514887       0.67514887       -24.18946       -24.18946
              7      -11.140609      0.37732452       1.4207402      -12.887531      0.92317217       2.3841003       26.347548   1.2955951e-13       8.3786138      0.85771521       0.85771521      -23.996649      -23.996649
             24      -11.439057      0.34483444       1.3908552      -12.896132      0.92349879       2.2122512       24.595475   1.2701893e-13       8.3849174      0.93086487       0.93086487      -24.739843      -24.739843
              3      -10.688341      0.36494652       1.3024178      -12.914888      0.87989448       2.3171093       20.064014   1.2164987e-13       7.5839329      0.80984288       0.80984288      -22.996367      -22.996367
             19      -10.989099      0.37208852       1.3241221      -12.909703      0.88793398       2.3555294       21.092208   1.2311111e-13       7.7256314      0.79989108       0.79989108      -23.577979      -23.577979
              2      -11.375287      0.40749391       1.4060548      -12.893724      0.87784849       2.5556061       25.471517   1.2772503e-13       7.5482884      0.74207725       0.74207725      -24.234728      -24.234728
              1      -10.274326      0.34241087       1.4187317       -12.89102      0.86499782       2.1999402        26.22598   1.2852267e-13       7.3282085      0.91342439       0.91342439        -22.3755        -22.3755
              5      -10.962401      0.32767865       1.4375502      -12.881332      0.90037266       2.1265649       27.387361   1.3142198e-13       7.9501013       0.9861687        0.9861687       -23.89714       -23.89714
              5      -10.819483      0.30964565       1.4055325      -12.886164      0.91616139       2.0400727       25.440903   1.2996801e-13       8.2444443       1.0258993        1.0258993      -23.690765      -23.690765
             12      -11.391004      0.26969181       1.3931644      -12.883541      0.86816687       1.8607662       24.726601   1.3075529e-13       7.3818781       1.1011597        1.1011597      -24.984327      -24.984327
             11      -11.352899      0.28925523       1.3946484      -12.882644      0.86581967       1.9465037       24.811236   1.3102542e-13       7.3420895       1.0369337        1.0369337      -24.779666      -24.779666
             11      -11.327966      0.31825888        1.419021      -12.875301      0.84911178       2.0809368       26.243457   1.3325963e-13       7.0649938      0.95214902       0.95214902      -24.560231      -24.560231
             16      -11.405253      0.35552544       1.4233371      -12.872074      0.82758785       2.2673859       26.505566   1.3425368e-13        6.723383      0.83410331       0.83410331      -24.478713      -24.478713
              2      -11.137164      0.28522974       0.7322713      -12.997498      0.50890887       1.9285448       5.3984776   1.0057788e-13       3.2278167       1.4743192        1.4743192      -25.222966      -25.222966
              2      -11.132938      0.29062025      0.72954254      -13.005643      0.52733523       1.9526313       5.3646641   9.8709028e-14       3.3677142       1.4864257        1.4864257      -25.238728      -25.238728
              6      -11.156891      0.30278941      0.72454833      -13.006173      0.53092133       2.0081188        5.303326   9.8588637e-14       3.3956376       1.4560352        1.4560352      -25.225853      -25.225853
              3       -11.41977      0.62018047      0.81470778      -12.981598      0.30966576       4.1704265       6.5269124   1.0432836e-13       2.0401672      0.75547029       0.75547029      -24.350481      -24.350481
              3      -11.897647       1.0665323      0.91421458      -12.940943      0.31910895       11.655537       8.2075697   1.1456629e-13       2.0850139      0.61138202       0.61138202      -25.018058      -25.018058
              1       -11.95672       1.0563281       1.0578053       -12.92122      0.34413846       11.384871        11.42366   1.1988916e-13       2.2087088      0.45190825       0.45190825      -24.817256      -24.817256
              6      -12.039993       1.0324307       1.0404096      -12.936486      0.40598045       10.775333       10.975129   1.1574802e-13       2.5467156      0.40161292       0.40161292      -24.883212      -24.883212
              2      -12.514377      0.90062616        1.090857       -12.92414      0.57256008       7.9547431       12.326988   1.1908591e-13       3.7373182      0.14023823       0.14023823       -25.30923       -25.30923
              4       -10.31539       1.3717202       1.1746308       -12.85458     0.053789486       23.535323       14.949641    1.397718e-13       1.1318516       1.5604459        1.5604459      -23.751672      -23.751672
              3      -10.116657     0.031176377      0.69981198      -13.007083      0.45936723       1.0744257        5.009703   9.8382403e-14       2.8798325       2.5921399        2.5921399      -25.417593      -25.417593
              4      -10.092539      0.03202567      0.68390195      -13.008105      0.45262588       1.0765288       4.8294975   9.8151155e-14       2.8354754       2.6207046        2.6207046      -25.426488      -25.426488
              1      -9.3294498     0.078131204      0.67302024      -13.022434      0.45505293       1.1971021       4.7099928    9.496547e-14       2.8513658        2.490246         2.490246      -23.639392      -23.639392
              1      -8.3792063     -0.21302877       1.3248188      -12.911565      0.87234297      0.61230983       21.126072   1.2258444e-13       7.4532033       3.3801859        3.3801859      -23.518784      -23.518784
              4      -9.7166595       0.1616387        1.422072      -12.899334      0.84629316       1.4509041       26.428471   1.2608584e-13       7.0192896       1.5301657        1.5301657       -22.49365       -22.49365
              4      -10.385517      0.21292135       1.4480032      -12.899766      0.88108841       1.6327562        28.05454   1.2596037e-13       7.6048108       1.3877905        1.3877905      -23.546614      -23.546614
             40      -10.419335      0.17425417       1.4393921      -12.899684      0.89432464       1.4936683       27.503764   1.2598426e-13       7.8401549        1.531842         1.531842      -23.902355      -23.902355
              3      -9.4882139      0.06036485       1.4754917       -12.88734      0.86126355       1.1491186       29.887644   1.2961637e-13       7.2654673       2.0082189        2.0082189      -22.992866      -22.992866
              4      -9.4448611      0.33909908       1.2913055      -12.882535       1.2298219       2.1832279       19.557148   1.3105847e-13       16.975475       1.2580912        1.2580912      -21.405905      -21.405905
             21      -9.5918211       0.3371663       1.2867755       -12.88363       1.2311228       2.1735333       19.354211   1.3072828e-13       17.026397       1.2649043        1.2649043      -21.713451      -21.713451
              2      -10.741772      0.26568787       1.2817017      -12.898639       1.2083141       1.8436899       19.129416   1.2628775e-13       16.155265       1.4650827        1.4650827       -24.41371       -24.41371
              7      -11.173148      0.25651084       1.2559096      -12.892193       1.0569751       1.8051398       18.026423   1.2817603e-13       11.401844       1.2427555        1.2427555      -24.831807      -24.831807
             42      -12.049822      0.63100815       1.2291711       -12.88072       1.0333883       4.2757091       16.950055   1.3160741e-13       10.799119      0.35443291       0.35443291       -24.80851       -24.80851
             25      -11.409569      0.35163171       1.1702286      -12.898294      0.75086373       2.2471482       14.798871   1.2638803e-13       5.6346083      0.69936403       0.69936403      -24.217867      -24.217867
              8      -10.596705      0.35162091        1.090453      -12.919759      0.75589967       2.2470923       12.315527   1.2029304e-13       5.7003257      0.74144153       0.74144153      -22.676293      -22.676293
             31      -11.781287      0.65341763       1.2604073       -12.90053      0.90252416       4.5021258       18.214082   1.2573897e-13       7.9895838      0.24835146       0.24835146      -24.059277      -24.059277
             13      -11.694326       0.4689711       1.2995184      -12.912007      0.90002096       2.9442257       19.930508   1.2245954e-13       7.9436657      0.56872864       0.56872864      -24.526109      -24.526109
              4      -11.210907      0.33988056       1.3279437       -12.91413      0.89737858         2.18716       21.278632   1.2186256e-13       7.8954807      0.90730069       0.90730069      -24.236415      -24.236415
              6      -12.277709      0.55724475       1.1595745      -12.916068      0.90081918       3.6078191       14.440242   1.2131988e-13       7.9582793       0.3667448        0.3667448      -25.288907      -25.288907
             44      -12.463294      0.82948295       1.3501321      -12.874509       0.7536309       6.7527854       22.394024   1.3350292e-13       5.6706247       0.1145428        0.1145428      -25.155673      -25.155673
              2      -12.043163      0.82259111        1.352893      -12.873535      0.75665045        6.646471       22.536838   1.3380268e-13       5.7101885      0.11581662       0.11581662       -24.31796       -24.31796
             20      -11.458753      0.63549161      0.84448997      -12.985327       0.4516603       4.3200782        6.990206   1.0343637e-13       2.8291782      0.59023465       0.59023465      -24.097975      -24.097975
              2      -10.595987      0.64771635      0.84111259      -12.988368       0.4368683       4.4434096       6.9360561   1.0271459e-13       2.7344394      0.60349809       0.60349809      -22.398971      -22.398971
              3      -9.4684855      0.73903955      0.72330257      -13.001049      0.38360817        5.483269       5.2881354   9.9758649e-14       2.4188457      0.77182202       0.77182202      -20.480615      -20.480615
             13      -10.883463      0.90228039      0.77719184      -12.985592      0.43730169       7.9851006       5.9867599   1.0337328e-13       2.7371695      0.60540401       0.60540401      -22.977735      -22.977735
             16      -10.154006      0.97761069      0.73705236      -12.995274      0.22119969       9.4975303       5.4582367   1.0109415e-13       1.6641777      0.99066237       0.99066237      -22.289337      -22.289337
              9      -10.738423      0.94912292      0.73944362       -12.99145      0.21838633       8.8945282        5.488373   1.0198822e-13        1.653432      0.94996199       0.94996199      -23.376771      -23.376771
              2      -11.545247      0.64113287      0.75080186       -12.98407      0.21367911       4.3765598       5.6338056   1.0373606e-13       1.6356075      0.94302869       0.94302869      -24.976551      -24.976551
              9      -11.596724      0.50556537      0.72169023      -13.016276      0.52761268       3.2030622       5.2685394   9.6321635e-14       3.3698664       1.0079206        1.0079206      -25.209289      -25.209289
              7       -11.62248      0.50516723      0.78816461      -12.999686      0.32360671       3.2001271       6.1399468   1.0007239e-13       2.1067195       1.0131042        1.0131042      -25.271168      -25.271168
             14      -10.506809      0.98064104       1.1565234       -12.88178      0.19864105       9.5640325        14.33915   1.3128643e-13       1.5799416       0.4676364        0.4676364       -21.94889       -21.94889
             13      -11.791751       1.0451449        1.233911      -12.889991      0.37878257       11.095448       17.136062    1.288277e-13       2.3921179        0.355972         0.355972      -24.295445      -24.295445
              6       -10.23881      0.76338987       1.0238675      -12.946169      0.52520433       5.7994909       10.564951   1.1319608e-13       3.3512307       0.2139455        0.2139455      -20.905511      -20.905511
              8      -9.8003118      0.70446694       1.0149784      -12.953004      0.64013219        5.063688       10.350907   1.1142836e-13       4.3664872      0.23306775       0.23306775      -20.066759      -20.066759
              4      -8.8672192      0.72049505       1.0093982      -12.953181      0.65732138       5.2540603        10.21876   1.1138297e-13       4.5427766      0.22507692       0.22507692      -18.184592      -18.184592
              6      -9.8487801      0.73140232       1.3003327      -12.851947       0.4469591       5.3876866       19.967916   1.4062175e-13       2.7987177      0.14432133       0.14432133      -19.986203      -19.986203
             14      -11.409542      0.48217092       1.4265236      -12.844273       0.4768418       3.0350855       26.700757   1.4312872e-13       2.9980702      0.53289641       0.53289641      -23.884877      -23.884877
              2      -12.255998      0.55575906       1.1246253      -12.922754      0.59887789        3.595498       13.323713   1.1946648e-13       3.9707989      0.30107571       0.30107571      -25.114147      -25.114147
              1      -12.296526      0.56816508       1.1177956       -12.92443      0.60153784       3.6996878       13.115824   1.1900627e-13       3.9951937      0.28576902       0.28576902       -25.16459       -25.16459
              4      -12.280984      0.53662238       1.1129495      -12.925416      0.64247344       3.4405065       12.970285   1.1873649e-13       4.3900901      0.33141941       0.33141941      -25.224807      -25.224807
              1      -12.265673      0.54458235       1.0921467      -12.925803      0.68966226       3.5041473       12.363649    1.186308e-13       4.8939808      0.32036923       0.32036923      -25.172084      -25.172084
              3      -12.444637       0.6033909       1.1869894      -12.904925      0.71144976       4.0122769       15.381171   1.2447295e-13       5.1457627      0.19931437       0.19931437      -25.287902      -25.287902
              2      -11.367345      0.69249882       1.4519927      -12.776008      0.24658178       4.9260501       28.313443   1.6749107e-13        1.764338      0.52968534       0.52968534       -23.79406       -23.79406
              6      -11.415089        0.695576       1.4430317      -12.776511      0.28532162       4.9610774       27.735225   1.6729743e-13       1.9289529      0.46621745       0.46621745      -23.762612      -23.762612
             10      -11.458951      0.74471832       1.4545696      -12.773808       0.2716588       5.5554381       28.481939   1.6834179e-13       1.8692131      0.47274901       0.47274901      -23.863401      -23.863401
             21      -11.290076      0.98527892       1.3826807      -12.860916      0.46137244       9.6667152       24.136854   1.3774766e-13       2.8931599      0.27615703       0.27615703      -23.132466      -23.132466
              4      -11.406097      0.98437718         1.36142      -12.867216      0.45895614       9.6466647       22.983702   1.3576387e-13       2.8771078      0.26440376       0.26440376      -23.341002      -23.341002
              2      -12.330532      0.89677061       1.3560658      -12.850739      0.48347729       7.8844356       22.702088   1.4101344e-13       3.0442288      0.16227072       0.16227072      -24.985605      -24.985605
             14      -12.138784      0.92845876       1.0366023      -12.923835      0.67231483       8.4812284       10.879334   1.1916952e-13       4.7023487      0.15281752       0.15281752      -24.583204      -24.583204
             10      -10.961134        1.138637      0.97049342      -12.901133      0.73123676       13.760588       9.3431522   1.2556457e-13        5.385633      0.42094466       0.42094466      -22.764158      -22.764158
              1      -11.537628      0.75302803      0.85431431      -12.965813      0.50902309       5.6627583       7.1501362   1.0818993e-13       3.2286658      0.39271374       0.39271374      -23.860684      -23.860684
              2      -11.865487      0.78278439      0.83167755      -12.973166       0.4888765       6.0643518       6.7869954   1.0637362e-13       3.0823113      0.44309961       0.44309961      -24.617173      -24.617173
             13      -9.4354176      0.56024233      0.77058579      -13.023657      0.67248506       3.6328071       5.8963844   9.4698402e-14       4.7041923      0.85560455       0.85560455      -20.582044      -20.582044
              6      -11.745897      0.64711441       1.1498234      -12.903134      0.91853759       4.4372553       14.119632   1.2498735e-13       8.2896767       0.2398555        0.2398555      -23.971505      -23.971505
              8      -11.853567      0.67230189        1.180969      -12.883234      0.95645566       4.7022086       15.169421   1.3084754e-13       9.0459808      0.22228397       0.22228397      -24.151702      -24.151702
             14      -12.411066       0.6635769       1.1941806      -12.878322      0.96062599       4.6086837       15.637978   1.3233609e-13       9.1332636      0.23022367       0.23022367      -25.282579      -25.282579
             31      -11.796573      0.68557899       1.0960252      -12.875586      0.88734967       4.8481829       12.474558   1.3317242e-13       7.7152441      0.13939524       0.13939524      -23.871937      -23.871937
              3      -11.802031      0.68557307       1.0974707      -12.875311      0.88845721       4.8481168       12.516148   1.3325667e-13       7.7349446      0.13974034       0.13974034      -23.883543      -23.883543
              8      -12.234081      0.54342364       1.2877344      -12.899541      0.91960387       3.4948106       19.396993   1.2602574e-13       8.3100545       0.4158137        0.4158137       -25.29979       -25.29979
              3      -11.858126      0.43172728       1.2792775      -12.888092       1.0316256       2.7022609       19.022935   1.2939207e-13       10.755375      0.72266199       0.72266199      -25.161575      -25.161575
              8      -11.613011      0.42228817       1.2043399      -12.902266       1.0109593       2.6441627       16.008106   1.2523746e-13       10.255558      0.71351137       0.71351137      -24.653044      -24.653044
              2       -11.63519      0.33178796       1.1195872      -12.907862      0.94793339       2.1467821       13.170044    1.236341e-13       8.8701995      0.88574728       0.88574728      -25.041875      -25.041875
              1      -11.136123      0.45669522       1.0659875      -12.914705      0.90725436       2.8621687       11.640926   1.2170129e-13       8.0770795       0.5560635        0.5560635      -23.384372      -23.384372
              1      -11.852341      0.47609284       1.1397444      -12.868797       1.0825259       2.9929043       13.795722   1.3527053e-13       12.092773      0.62401114       0.62401114      -24.952705      -24.952705
             11      -11.838382      0.60032182      0.93045344      -12.940579      0.76070039       3.9840228       8.5202717   1.1466237e-13        5.763687      0.35239388       0.35239388      -24.381552      -24.381552
              3      -11.753194      0.58506533       1.0529058      -12.908616      0.76467555       3.8464964       11.295508   1.2341955e-13       5.8166851      0.24308854       0.24308854      -23.992564      -23.992564
             14      -10.181225      0.59821791       1.0642656      -12.904699       0.7821646       3.9647692       11.594863   1.2453763e-13       6.0557035      0.22155441       0.22155441      -20.805558      -20.805558
              1      -10.242001      0.31145937      0.91519145      -12.938616      0.56102902       2.0486104       8.2260519   1.1518181e-13       3.6393936      0.98191124       0.98191124      -22.447824      -22.447824
              4      -10.993235       0.8942392      0.65104677      -12.981591      0.19874873       7.8386126       4.4776153   1.0432988e-13       1.5803335        1.033679         1.033679      -24.053827      -24.053827
             23      -11.196587       0.8671139      0.65084994       -12.98578      0.19019991        7.364002       4.4755864   1.0332847e-13       1.5495297       1.0516739        1.0516739      -24.496523      -24.496523
              5      -11.177796      0.87767829      0.78689679      -12.952227      0.15455853       7.5453309       6.1220488   1.1162786e-13       1.4274422      0.80934588       0.80934588      -23.974283      -23.974283
             10      -10.871554      0.90538081      0.81846368      -12.941747      0.13279742       8.0423099       6.5836038   1.1435451e-13         1.35768      0.79477292       0.79477292      -23.332654      -23.332654
              1      -10.828889      0.90028634      0.79092976      -12.955002      0.22419325       7.9485213       6.1791646   1.1091707e-13       1.6756883      0.71557084       0.71557084       -23.08892       -23.08892
             17      -12.100077      0.82939147       1.4181662      -12.833493      0.42251648       6.7513632       26.191852   1.4672607e-13       2.6455531      0.23337423       0.23337423      -24.666903      -24.666903
             17      -11.697594      0.96193053       1.4188866      -12.831869      0.34804351       9.1607394       26.235332   1.4727583e-13       2.2286584      0.37005185       0.37005185      -24.135292      -24.135292
              9      -12.054485       1.1090077       1.2998538      -12.871923      0.46859693       12.853094       19.945907   1.3430036e-13       2.9416901      0.39615002       0.39615002       -24.90127       -24.90127
             15      -12.173563      0.95297456       1.2726718      -12.877833      0.49992035       8.9737623       18.735781   1.3248512e-13       3.1616978      0.16164045       0.16164045      -24.670406      -24.670406
             15      -12.061841      0.93115227       1.1573732       -12.88084      0.74248061       8.5339927       14.367234   1.3157083e-13       5.5268873     0.074118381      0.074118381      -24.271918      -24.271918
              1      -9.5565165      0.81269338      0.90586365      -12.977241        0.534932       6.4967085       8.0512563   1.0538028e-13       3.4271413      0.36777065       0.36777065      -19.848574      -19.848574
              1      -11.395945      0.56515417      0.78171314      -13.013626      0.79084927       3.6741271       6.0494117   9.6911098e-14       6.1780194       0.8130813        0.8130813      -24.418052      -24.418052
             14      -10.494984      0.15950139      0.76319752      -12.983432      0.64243531       1.4437812       5.7969228   1.0388855e-13       4.3897048       1.7861611        1.7861611       -24.56229       -24.56229
              1      -10.511579      0.38139675      0.69599983      -13.001825      0.48096083       2.4065603       4.9659213   9.9580613e-14       3.0266404       1.2811862        1.2811862       -23.58553       -23.58553
              4      -10.607794      0.49517254      0.72565584      -13.021602      0.64335397       3.1273216       5.3168675   9.5147659e-14       4.3990001       1.0157597        1.0157597      -23.247107      -23.247107
              8      -10.582981       1.0881535      0.99331434      -12.927952      0.20724168        12.25049       9.8472358   1.1804497e-13       1.6115422      0.71395883       0.71395883      -22.593879      -22.593879
             11      -11.061433       1.0658903        0.943751      -12.936423      0.19835811       11.638319       8.7851867   1.1576505e-13       1.5789127      0.73930405       0.73930405      -23.601475      -23.601475
             13      -10.995145      0.91420974      0.78790454       -12.98946      0.28565027       8.2074782       6.1362712    1.024565e-13       1.9304132      0.76617169       0.76617169      -23.522633      -23.522633
              8      -10.760608      0.74016947       0.7150588       -12.99912      0.20812475       5.4975536       5.1887028   1.0020294e-13       1.6148223      0.98695318       0.98695318      -23.495121      -23.495121
             27      -11.236711       0.5050507       1.2641887      -12.845506      0.21394417       3.1992686       18.373367   1.4272289e-13       1.6366061      0.64006268       0.64006268      -23.753548      -23.753548
              5      -11.154114      0.57356466       1.1107929      -12.871015      0.14550422       3.7459731       12.906037   1.3458146e-13       1.3979905      0.62146807       0.62146807      -23.551165      -23.551165
              5      -11.207173      0.50799482       1.1198399      -12.903891      0.30894208       3.2210304       13.177709   1.2476958e-13       2.0367704      0.54344107       0.54344107      -23.501229      -23.501229
              4      -11.518354      0.42947912       1.0618981      -12.908983      0.36108858       2.6883086       11.531827   1.2331534e-13        2.296617      0.66530396       0.66530396      -24.367317      -24.367317
              6      -11.807664      0.55964181       1.1688135      -12.876472      0.24715548       3.6277873       14.750729    1.329008e-13       1.7666702      0.49631563       0.49631563       -24.60796       -24.60796
             13      -11.971794      0.56202977       1.1718124      -12.875506      0.24595503       3.6477895       14.852938   1.3319699e-13       1.7617936      0.49367618       0.49367618       -24.93094       -24.93094
              6       -12.15063      0.65829479       1.1973407      -12.874715      0.29225343         4.55297       15.752183   1.3343982e-13       1.9599881      0.32140855       0.32140855      -24.944077      -24.944077
             13      -10.373891      0.69509099       1.1134468      -12.888946      0.33415744         4.95554       12.985144   1.2913805e-13       2.1585268      0.25263074       0.25263074      -21.253043      -21.253043
              4       -11.14012      0.65353575       1.1785163      -12.887976      0.43119175       4.5033505       15.083991   1.2942672e-13       2.6989308      0.20111726       0.20111726      -22.682475      -22.682475
              4      -11.400046      0.61443002       1.2012986      -12.882415      0.42368775       4.1155703       15.896393   1.3109476e-13       2.6526976      0.24620331       0.24620331      -23.292498      -23.292498
             12      -11.593533      0.95796996       1.0917724      -12.900191      0.33856572       9.0775773       12.352998   1.2583716e-13       2.1805484      0.29263776       0.29263776      -23.772341      -23.772341
             13      -12.201256      0.51598449       1.2714009      -12.905373      0.89477161       3.2808357       18.681033   1.2434465e-13       7.8482279      0.44506099       0.44506099      -25.292635      -25.292635
              5      -11.889475      0.37355464        1.326062       -12.87131       0.5034389       2.3634947       21.186635   1.3449012e-13       3.1874171      0.70217598       0.70217598      -25.183303      -25.183303
              1      -11.564731      0.33450267       1.2655635      -12.884568       0.4677332       2.1602433       18.431618   1.3044634e-13       2.9358455      0.81167419       0.81167419       -24.75281       -24.75281
              8      -6.8500983     -0.11685888       1.1472866      -12.922911      0.86691874      0.76408402       14.037397   1.1942316e-13       7.3606935       2.7641372        2.7641372      -19.228471      -19.228471
              4      -5.6653027     -0.13458486       1.1487684      -12.922976      0.85369214      0.73352536       14.085374    1.194053e-13       7.1399002        2.856502         2.856502      -17.043609      -17.043609
              9      -5.8002293     -0.14413091       1.1461868       -12.92251      0.86915467      0.71757796       14.001895   1.1953365e-13       7.3986872       2.9197373        2.9197373      -17.439933      -17.439933
              2      -9.0136843      -0.1720839       1.1568117      -12.905411      0.88280193      0.67284666        14.34867   1.2433363e-13        7.634875       3.0573297        3.0573297      -24.142028      -24.142028
              2      -9.5270107     -0.13298283        1.143052      -12.908097      0.90456609      0.73623621        13.90119   1.2356712e-13       8.0272372       2.8495045        2.8495045       -24.75303       -24.75303
              8      -9.5912014     -0.12798987       1.2069366      -12.901205      0.89444409      0.74474935       16.104106   1.2554375e-13       7.8423115       2.8122027        2.8122027      -24.806808      -24.806808
             10      -11.357464      0.41263842       0.9678427      -12.943882      0.52272131       2.5860589       9.2862998   1.1379369e-13       3.3321252      0.70531651       0.70531651      -24.125562      -24.125562
              2      -11.232998      0.43070998      0.90085215      -12.951181      0.48111989       2.6959385       7.9588836   1.1189715e-13       3.0277491      0.74959854       0.74959854      -23.965194      -23.965194
              4      -10.452537      0.77283753       1.0378437      -12.913324      0.41141975       5.9270355       10.910476   1.2208894e-13       2.5788124      0.19852334       0.19852334      -21.302121      -21.302121
              9      -10.364618       1.0130306       1.2967383      -12.845093      0.33035378       10.304586       19.803334    1.428588e-13       2.1397044       0.3482806        0.3482806      -21.425798      -21.425798
              5      -10.951291       1.3151405       1.0852974      -12.895217      0.16955461       20.660485       12.170192   1.2728669e-13       1.4775923       1.2148525        1.2148525      -24.332287      -24.332287
              5      -10.113785       1.5555394       1.3247278      -12.857106      0.46074895       35.936797       21.121648   1.3896146e-13       2.8890093       1.8102944        1.8102944      -23.848158      -23.848158
             18      -10.058906       1.3184689       1.0532427      -12.935284      0.51454385       20.819431       11.304275   1.1606888e-13       3.2699706      0.95182543       0.95182543      -22.021463      -22.021463
              2      -11.926092       1.1985569       1.1634574      -12.907178      0.52907658       15.796355       14.569928   1.2382886e-13       3.3812445      0.55105688       0.55105688      -24.954297      -24.954297
              1      -12.519926      0.90645395       1.2233598      -12.888924      0.51853751       8.0622071       16.724757   1.2914449e-13       3.3001791       0.1126507        0.1126507      -25.265153      -25.265153
              1      -11.928692      0.91282877       1.0004536      -12.919747      0.31651116       8.1814215        10.01045   1.2029651e-13       2.0725793      0.34640891       0.34640891      -24.550203      -24.550203
             11      -11.773249      0.89103263      0.98321871      -12.929936      0.31889143       7.7809501       9.6209667   1.1750717e-13       2.0839699      0.36375676       0.36375676      -24.274012      -24.274012
              6      -11.507414      0.58041364       1.1496869      -12.913586      0.52742197       3.8055168       14.115197   1.2201526e-13       3.3683869      0.27013684       0.27013684      -23.555103      -23.555103
              1      -9.8663459      0.58884837       1.1294338      -12.914032      0.51980861       3.8801487       13.472055   1.2188989e-13       3.3098523      0.26180954       0.26180954      -20.256311      -20.256311
              6      -11.078094      0.61438683       1.1181431      -12.912424      0.46581342        4.115161       13.126323   1.2234225e-13       2.9228964      0.25670927       0.25670927      -22.669607      -22.669607
              3      -10.969297      0.75713578      0.86209456      -12.959255      0.55769569       5.7165733       7.2793828   1.0983617e-13       3.6115672      0.34138809       0.34138809      -22.621369      -22.621369
              8      -11.749763      0.57634987      0.96993088       -12.94433      0.67586639       3.7700739       9.3310577   1.1367636e-13       4.7409611      0.35816911       0.35816911      -24.215863      -24.215863
              9      -12.197265      0.55809128       1.0413686      -12.937367      0.70416427       3.6148583        10.99939   1.1551348e-13       5.0601602       0.3395189        0.3395189      -25.073568      -25.073568
              1      -11.383443      0.50490822       1.0317959      -12.936628      0.66802547       3.1982192       10.759595   1.1571032e-13        4.656134      0.42800284       0.42800284      -23.622893      -23.622893
             34      -11.949359      0.48037275       1.0315216      -12.938954      0.68464883       3.0225448       10.752801   1.1509227e-13       4.8378102      0.48204798       0.48204798      -24.862814      -24.862814
              2      -12.045288      0.49298477       1.0508084      -12.937838      0.68559911       3.1116072       11.241089   1.1538828e-13       4.8484074      0.44907155       0.44907155      -24.988719      -24.988719
              4      -10.742177      0.47150263       1.1125947      -12.911604      0.46762189       2.9614379       12.959693   1.2257335e-13       2.9350932      0.48541778       0.48541778      -22.455189      -22.455189
              8      -12.114019      0.46341628       1.1027534      -12.922022      0.53031714       2.9068076       12.669322   1.1966789e-13       3.3909169      0.49115481       0.49115481      -25.210348      -25.210348
              8       -11.72918      0.54297638       1.1366179      -12.911671      0.43374016       3.4912132       13.696761   1.2255455e-13       2.7148145      0.37858621       0.37858621      -24.215533      -24.215533
              8      -11.889567      0.84927615       1.3715108      -12.778407      0.25014637       7.0676682       23.523979    1.665686e-13       1.7788788      0.40357383       0.40357383      -24.586281      -24.586281
              8      -11.424839      0.91808955       1.4413759       -12.76551      0.23690171       8.2811289       27.629684   1.7158934e-13       1.7254474      0.53697546       0.53697546      -23.923628      -23.923628
             11      -10.703489      0.98895824       1.4303344       -12.81118      0.29022553       9.7489589       26.936082   1.5446143e-13       1.9508574      0.47607012       0.47607012      -22.359119      -22.359119
              4      -10.106332       1.0439155       1.4079928      -12.812849       0.2861965       11.064086       25.585438   1.5386907e-13       1.9328427      0.52584931       0.52584931      -21.264363      -21.264363
              6      -9.4757536      0.76855873       1.2446752      -12.845816      0.30350263       5.8689273       17.566095   1.4262126e-13       2.0114194      0.23460463       0.23460463      -19.420717      -19.420717
              1      -10.987068      0.86886975       1.2216023      -12.863384      0.36321596       7.3938349       16.657211   1.3696703e-13       2.3078945      0.17791228       0.17791228       -22.32996       -22.32996
              3      -10.256059      0.49305014      0.73854951      -12.985214      0.41055167       3.1120756       5.4770854   1.0346319e-13        2.573663      0.95373443       0.95373443      -22.419588      -22.419588
              2      -10.560781      0.56998125      0.82215037      -12.946665     0.098675703       3.7151919       6.6397293   1.1306687e-13       1.2550924       1.0149821        1.0149821      -23.151526      -23.151526
              2      -6.1477131     0.017512518      0.90227188      -12.911561      0.12981048       1.0411481       7.9849442   1.2258544e-13       1.3483743       2.5272405        2.5272405      -17.349907      -17.349907
              2      -8.2410079     -0.10034815      0.79920275      -12.963837      0.23401803      0.79369173       6.2980014   1.0868329e-13       1.7140285       3.2066273        3.2066273       -22.89527       -22.89527
              2      -10.731125      0.25063432      0.72386727      -12.984562      0.26402914       1.7808786       5.2950159    1.036187e-13       1.8366616       1.7718802        1.7718802      -25.006011      -25.006011
              2      -11.620952      0.31077383       1.0697613      -12.906503      0.32962375       2.0453792        11.74252   1.2402145e-13       2.1361107       1.0082127        1.0082127       -25.25833       -25.25833
              2      -11.462894      0.29586695       1.0744053      -12.900334      0.28024685       1.9763641       11.868759    1.257959e-13       1.9065441       1.0998568        1.0998568      -25.125501      -25.125501
              6      -10.932814      0.15543074       1.1146868      -12.894825      0.35842925       1.4303118       13.022274   1.2740155e-13        2.282597       1.4948379        1.4948379      -24.855305      -24.855305
              2       -10.93899      0.15546076       1.1147855       -12.89478      0.35856746       1.4304107       13.025233   1.2741472e-13       2.2833235       1.4945026        1.4945026      -24.866986      -24.866986
              4      -11.298661      0.21159205       1.0461009       -12.91783      0.41645835       1.6277663       11.119901   1.2082867e-13       2.6089055       1.2833206        1.2833206      -25.163963      -25.163963
             11       -11.69772      0.78216155      0.85392742      -12.955026      0.39731758       6.0556609       7.1437693   1.1091097e-13       2.4964196      0.42840887       0.42840887      -24.252258      -24.252258
             50      -10.650248        1.422909      0.83589099      -12.943007       0.6526998       26.479453       6.8531619    1.140231e-13       4.4946906        1.419946         1.419946      -24.140389      -24.140389
              7      -10.270173       1.3893482      0.83797347      -12.939582        0.690951       24.510273       6.8861023   1.1492596e-13        4.908525       1.2881534        1.2881534      -23.116653      -23.116653
              5      -11.038041      0.95780678      0.61748744      -13.024471      0.36100224       9.0741672       4.1446459   9.4521209e-14       2.2961605       1.1121267        1.1121267      -24.300336      -24.300336
              8      -11.522011      0.93491282      0.63985778      -13.021098      0.39316204       8.6082093        4.363729   9.5258197e-14       2.4726465        1.009172         1.009172      -25.062365      -25.062365
             36      -11.534691      0.99176641      0.77017624      -13.004534      0.39035002       9.8122003       5.8908266   9.8961489e-14       2.4566881      0.80331906       0.80331906       -24.67602       -24.67602
             15      -11.816999        1.040228      0.77977856      -12.997677      0.36624592       10.970539       6.0225242   1.0053631e-13       2.3240524      0.84570834       0.84570834      -25.325414      -25.325414
              3      -11.064294       1.0104265      0.77302673      -13.004314      0.34656296       10.242985       5.9296182   9.9011506e-14       2.2210737      0.86303526       0.86303526      -23.854659      -23.854659
              1      -9.7682579       1.0834178      0.66983993      -13.027279       0.3331125       12.117634       4.6756278   9.3911964e-14       2.1533395       1.2280278        1.2280278      -21.992571      -21.992571
             17      -11.293634       1.0022527      0.60238451      -13.043109      0.31472274       10.052005         4.00299   9.0550504e-14        2.064062       1.3269531        1.3269531      -25.241175      -25.241175
              2      -11.360273       1.0180582      0.63009284      -13.035155      0.32431519       10.424572       4.2667072   9.2224256e-14       2.1101591       1.2462596        1.2462596      -25.213066      -25.213066
              5      -11.567201      0.76564074      0.66934547      -13.015184      0.32331278       5.8296267       4.6703075   9.6564175e-14       2.1052941      0.96476654       0.96476654      -25.063935      -25.063935
             11      -10.206884       0.7759859      0.64897912      -13.023162      0.30247991       5.9701591       4.4563483   9.4806417e-14       2.0066883       1.0557316        1.0557316      -22.525232      -22.525232
              2      -10.470232      0.74724944      0.59545727      -13.034274      0.21565684       5.5879105       3.9396466   9.2411591e-14       1.6430729       1.3256881        1.3256881       -23.59184       -23.59184
              6      -11.249167      0.73468928      0.61485744       -13.02905      0.21677891        5.428618       4.1196227   9.3529828e-14       1.6473236       1.2691202        1.2691202      -25.036575      -25.036575
              4      -10.205042      0.85388097      0.59028245      -13.037783      0.24372945       7.1430053       3.8929825   9.1667777e-14       1.7527882       1.3060668        1.3060668      -23.022217      -23.022217
              5      -9.3290995      0.84741727      0.69830582       -13.00949      0.28172481       7.0374815       4.9923592   9.7838615e-14       1.9130433      0.94292356       0.94292356      -20.544046      -20.544046
              3      -8.0843703      0.84412303      0.12849821       -13.11934     -0.14182892       6.9843024       1.3443062   7.5973097e-14      0.72139161       3.7810702        3.7810702      -23.730881      -23.730881
              2      -8.6397406       0.7166479      0.14691811      -13.118366     -0.14879958       5.2077233       1.4025492   7.6143671e-14       0.7099053       3.7540384        3.7540384      -24.787558      -24.787558
              1      -8.4531401      0.89892334      0.11396051      -13.131798     -0.10746828       7.9236145       1.3000513   7.3824669e-14      0.78078547       3.8521541        3.8521541      -24.610589      -24.610589
             20      -8.4581926      0.89781191      0.11452154       -13.13187     -0.10595438       7.9033626       1.3017319   7.3812555e-14      0.78351195       3.8463365        3.8463365      -24.609058      -24.609058
             24      -8.4074434      0.89855304      0.11231121      -13.132208     -0.10528117       7.9168613       1.2951236   7.3755075e-14      0.78472742       3.8551723        3.8551723      -24.525231      -24.525231
              3      -8.2831158      0.79616502     0.091383185      -13.141396    0.0063642331       6.2541028       1.2341933   7.2211069e-14       1.0147621       3.7140802        3.7140802      -23.994392      -23.994392
              9       -10.08094       1.6094228      0.80897721      -12.975048      0.32312594       40.683925       6.4413546   1.0591369e-13       2.1043886       2.5382403        2.5382403      -25.238361      -25.238361
             10        -9.75612        1.625374      0.79388072      -12.981273      0.30885201       42.205979       6.2212939   1.0440646e-13       2.0363481       2.6717302        2.6717302      -24.855701      -24.855701
             10      -9.7406158        1.571323      0.75386725      -12.987488      0.24678614       37.266877       5.6737115   1.0292293e-13       1.7651684       2.5647215        2.5647215      -24.610675      -24.610675
              3      -8.0365565       1.5985404      0.79058769       -12.97825      0.22377425       39.677145       6.1742994   1.0513573e-13       1.6740724       2.6454717        2.6454717      -21.364056      -21.364056
             19      -9.8007165       1.5789727      0.64252214      -13.038064      0.35499181       37.929111       4.3905825   9.1608515e-14       2.2646016       2.8601324        2.8601324      -25.321698      -25.321698
             13      -9.8997378       1.5085992      0.63672674        -13.0343      0.51201185       32.255157        4.332382   9.2406022e-14       3.2509617       2.4193151        2.4193151      -24.638106      -24.638106
             13      -11.315251       1.2506371      0.75266581      -13.010997        0.442373         17.8089       5.6580374    9.749956e-14       2.7693191        1.295962         1.295962      -25.222425      -25.222425
             11       -11.36889      0.79502437      0.84815715      -12.954648      0.35102537       6.2376984        7.049481   1.1100734e-13        2.244013      0.47506216       0.47506216      -23.687905      -23.687905
             16      -11.142186      0.86955174       0.5657828       -13.00564      0.55212959       7.4054548       3.6794491   9.8709647e-14       3.5655751      0.93426118       0.93426118      -24.152895      -24.152895
             13      -10.922682      0.88041241      0.51055931      -13.030415      0.50854584       7.5929827       3.2401067   9.3236232e-14       3.2251197       1.1830994        1.1830994      -24.211563      -24.211563
              9      -10.628166       0.8734717      0.48498412      -13.034929      0.51220616       7.4725993       3.0548094   9.2272253e-14       3.2524166       1.2556675        1.2556675      -23.767667      -23.767667
             10      -10.603018       0.8576204      0.49649472      -13.023955      0.52267407       7.2047746        3.136857   9.4633558e-14       3.3317627       1.1666463        1.1666463      -23.539328      -23.539328
             10       -10.27246      0.89916891       0.5799433      -13.007719      0.50652695       7.9280961       3.8013976   9.8238278e-14        3.210162      0.95032799       0.95032799      -22.445577      -22.445577
             13      -9.8950874       1.1000508      0.62276348      -12.979877      0.57352358       12.590726       4.1953044   1.0474244e-13       3.7456188      0.96236273       0.96236273        -21.7149        -21.7149
              2      -9.3554663       1.0047662       0.5055458      -13.020716      0.14959769        10.11035       3.2029179   9.5341959e-14       1.4112296       1.6414848        1.6414848      -21.993902      -21.993902
              4      -11.030262      0.89928734      0.63085986      -13.005768      0.18698703       7.9302585       4.2742494   9.8680684e-14       1.5381087       1.1854847        1.1854847      -24.431493      -24.431493
              3      -10.805832      0.93817778      0.68018937      -12.972354      0.16472398       8.6731683       4.7883884   1.0657272e-13       1.4612482       1.0361872        1.0361872      -23.684038      -23.684038
              1      -10.842279      0.67631721      0.67984908      -13.016015      0.40902547        4.745885        4.784638   9.6379556e-14       2.5646345       0.9169575        0.9169575      -23.518473      -23.518473
              2       -10.11597      0.46345014      0.65886591      -12.980645      0.64146608       2.9070342       4.5589613   1.0455745e-13        4.379919       1.0049825        1.0049825      -22.241905      -22.241905
              1      -10.131485      0.31584513      0.81431298      -12.976893      0.57167654       2.0694033       6.5209817   1.0546478e-13       3.7297227       1.1757683        1.1757683      -22.614508      -22.614508
              9      -10.393939      0.18407229      0.82458352       -12.96192      0.51712212       1.5278203        6.677033   1.0916402e-13       3.2894411       1.5820451        1.5820451      -23.951969      -23.951969
              5      -9.4719526    -0.011244313      0.69445951      -12.988265      0.26145943      0.97444131       4.9483397   1.0273894e-13       1.8258262       2.9253545        2.9253545      -24.794614      -24.794614
              2      -8.2130171    -0.056442509      0.56713872      -13.023612      0.16455008      0.87812732       3.6909548   9.4708375e-14       1.4606632       3.6671428        3.6671428       -23.76032       -23.76032
             20      -10.833401      0.28630799      0.70098265        -12.9969      0.27684925       1.9333389       5.0232252   1.0071636e-13       1.8916869       1.7194485        1.7194485      -25.105698      -25.105698
              4      -9.7325373      0.31376755      0.63829728      -13.008132       0.3013891       2.0595273       4.3480775   9.8145064e-14       2.0016544       1.7493631        1.7493631      -22.963801      -22.963801
              4      -11.641692      0.61319699         0.92872      -12.928331      0.21923548       4.1039021       8.4863316   1.1794209e-13        1.656668      0.61880593       0.61880593      -24.520996      -24.520996
              2      -12.064546      0.61254035       1.0562261      -12.902373      0.28646175       4.0977018       11.382196   1.2520641e-13       1.9340235       0.4163732        0.4163732      -24.961839      -24.961839
              7      -12.315956      0.73238093       1.0124946         -12.918      0.35999279       5.3998405       10.291878    1.207814e-13       2.2908296      0.27850236       0.27850236      -25.188918      -25.188918
              5      -12.330988      0.72346439       1.0257425        -12.9177      0.36304185       5.2901062       10.610663   1.2086475e-13       2.3069695      0.27464892       0.27464892      -25.211274      -25.211274
              2      -11.509119      0.77899958      0.84933479      -12.957017      0.41583768       6.0117315       7.0686225   1.1040361e-13       2.6051797      0.42375202       0.42375202      -23.865742      -23.865742
              9      -11.641417      0.77709911      0.84651467      -12.961519      0.43093416       5.9854818       7.0228707   1.0926491e-13       2.6973305      0.42926231       0.42926231      -24.141359      -24.141359
              5      -11.847247      0.88790773      0.91203643      -12.938866      0.38364781       7.7251644       8.1665088   1.1511545e-13       2.4190665      0.36136243       0.36136243      -24.417219      -24.417219
             14        -12.2933      0.76306575      0.97225473      -12.918586      0.35197946       5.7951643       9.3811208   1.2061861e-13       2.2489482      0.29395254       0.29395254      -25.174505      -25.174505
              3      -12.170206      0.71857809      0.94043984      -12.931984       0.3302781       5.2309201       8.7184611   1.1695417e-13       2.1393316      0.38609375       0.38609375        -25.1126        -25.1126
             16      -11.501212      0.56428703      0.86661748      -12.952453      0.25341992       3.6667984       7.3555894   1.1156997e-13        1.792338        0.750875         0.750875      -24.504173      -24.504173
              6      -11.144683      0.87551975       1.2076308      -12.886588      0.39092035       7.5079219       16.129867   1.2984103e-13       2.4599164      0.17753391       0.17753391      -22.644435      -22.644435
             11      -11.027068      0.91427246       1.2248486       -12.88718      0.36412135       8.2086636       16.782187    1.296643e-13       2.3127109      0.22901535       0.22901535      -22.512167      -22.512167
              8      -11.929847      0.97268697       1.0300504      -12.935689      0.32858307       9.3904621       10.716438   1.1596087e-13       2.1309981      0.40904909       0.40904909      -24.677792      -24.677792
             19      -11.719097       1.0658943       1.1262357      -12.915224      0.34181059       11.638427       13.373212   1.2155585e-13       2.1969015      0.44866465       0.44866465      -24.335523      -24.335523
              1      -11.827289       1.0951069       1.1221705      -12.916014      0.30989339        12.44821       13.248614   1.2133494e-13       2.0412368      0.53341702       0.53341702      -24.721412      -24.721412
              4      -10.815139      0.77707326      0.85812917       -12.91077     0.031600294       5.9851255       7.2132198   1.2280892e-13       1.0754749      0.85041332       0.85041332      -23.331104      -23.331104
              2      -10.866476      0.77253399       0.8602477      -12.910395         0.03051       5.9228944       7.2484926     1.22915e-13       1.0727783      0.85099149       0.85099149      -23.434936      -23.434936
              1      -8.8582825      0.43668546      0.41406707      -13.078489      0.16837895       2.7332884         2.59458   8.3466335e-14       1.4735977       2.4390783        2.4390783      -22.594722      -22.594722
             25      -10.493211       0.8032157      0.75827044      -12.975855      0.18287681       6.3564656       5.7315282     1.05717e-13       1.5236205      0.86312927       0.86312927       -22.71268       -22.71268
              6      -10.336526      0.46442255      0.81162404      -12.913789    -0.031650822       2.9135505       6.4807316   1.2195824e-13      0.92971359        1.399375         1.399375      -23.471802      -23.471802
             13      -9.5343918      0.66986468      0.75851836      -12.931375     0.018442004       4.6758942        5.734801   1.1711831e-13       1.0433788       1.0890824        1.0890824      -21.246948      -21.246948
              5      -10.215184      0.72711761      0.82480575      -12.923285    0.0089280655       5.3347935       6.6804505   1.1932045e-13       1.0207704      0.97557425       0.97557425      -22.381516      -22.381516
              1      -9.4963537       1.4938277       1.1450642      -12.868732     0.044158685       31.176528       13.965749   1.3529069e-13       1.1070282       2.0471779        2.0471779      -23.087063      -23.087063
              8      -9.5575633       1.6075994      0.71530959      -13.015903      0.30842894       40.513462       5.1917001   9.6404416e-14       2.0343653       2.8286208        2.8286208      -24.772368      -24.772368
              6      -9.5954828        1.609457      0.72296378        -13.0149      0.31495679       40.687123       5.2840118   9.6627248e-14       2.0651747       2.8148735        2.8148735      -24.820713      -24.820713
              3      -8.4812696       1.6880094      0.66200087       -13.00615      0.27938681       48.753901       4.5919894    9.859391e-14       1.9027723       3.3062676        3.3062676      -23.575075      -23.575075
              2      -7.3842599       1.6197497      0.65752588      -13.005615       0.3094788       41.662917       4.5449162   9.8715359e-14       2.0392891       2.9267791        2.9267791      -20.622078      -20.622078
              4      -7.5192322       2.0178822       1.2429198      -12.891036      0.40941534       104.20348       17.495235   1.2851795e-13       2.5669378       4.5696183        4.5696183      -24.177701      -24.177701
              4      -8.1777406       1.7635902      0.78564873       -12.94613     0.028319917        58.02167       6.1044807    1.132062e-13       1.0673821       3.7578199        3.7578199      -23.871121      -23.871121
             42      -7.7316019       1.8083573      0.63882649      -12.971872      0.12954071       64.321667       4.3533791   1.0669117e-13        1.347537       4.1164801        4.1164801      -23.696164      -23.696164
             11      -11.774942      0.48585024       1.2075696      -12.870933      0.27383559       3.0609077       16.127596   1.3460668e-13       1.8786055      0.59202576       0.59202576      -24.733935      -24.733935
              3      -5.7886584      0.59357179       1.2157893       -12.87002      0.39829329       3.9225798       16.435743   1.3488996e-13       2.5020345      0.28263648       0.28263648       -12.14259       -12.14259
             11      -4.0931041      0.62118083       1.2230907      -12.866494      0.38565065       4.1800437       16.714396    1.359897e-13       2.4302483      0.25880909       0.25880909      -8.7038263      -8.7038263
              9      -10.212748       0.6432316       1.2178466        -12.8752      0.40624137       4.3977608       16.513782   1.3329082e-13       2.5482461      0.22456463       0.22456463      -20.874626      -20.874626
              1      -12.156036      0.51529282        1.068257       -12.93318      0.41290852       3.2756148       11.701918   1.1663274e-13       2.5876678       0.4968836        0.4968836      -25.305839      -25.305839
              4      -12.324493      0.56754427       1.0965364      -12.935812      0.52789417        3.694403       12.489253   1.1592788e-13       3.3720513        0.341076         0.341076      -25.331139      -25.331139
              3       -11.26013      0.44890936      0.64935745      -13.024411      0.59217639        2.811314        4.460232   9.4534197e-14       3.9099967       1.2457929        1.2457929      -25.011846      -25.011846
              4      -11.417265      0.94606875       0.6375646      -13.017454      0.29062885        8.832197       4.3407482   9.6060738e-14         1.95267       1.1134541        1.1134541      -25.061438      -25.061438
              2       -10.05467      0.95324476      0.70149574      -13.003923      0.29080428        8.979347       5.0291634   9.9100803e-14       1.9534589      0.95991671       0.95991671      -22.029173      -22.029173
              1      -10.605919       1.4462637      0.68598151      -13.013737      0.52788352       27.942399       4.8526784   9.6886444e-14       3.3719686       1.9848107        1.9848107      -25.181459      -25.181459
              6      -11.122331      0.19971883       1.2319266      -12.904256       1.0036396       1.5838674       17.057939   1.2466496e-13       10.084156       1.3909952        1.3909952      -25.026653      -25.026653
             28      -10.947101      0.18879368       1.1898459      -12.915086      0.96830339       1.5445205       15.482672   1.2159438e-13       9.2961556       1.4041226        1.4041226      -24.702446      -24.702446
              9      -11.134431      0.19182915       1.1831244      -12.915823      0.97797844       1.5553536       15.244893   1.2138836e-13       9.5055761       1.4024229        1.4024229      -25.073709      -25.073709
              3      -10.693593      0.16777393       1.1822747      -12.901477      0.89793713       1.4715463       15.215098   1.2546521e-13       7.9056418         1.39489          1.39489      -24.176967      -24.176967
              7      -11.279167      0.20600316       1.1573384      -12.906234      0.85943911       1.6069529       14.366082   1.2409821e-13       7.2350096       1.2290837        1.2290837      -25.016501      -25.016501
              2      -10.766215      0.21617916       1.1765529      -12.901425      0.87996208       1.6450502       15.015953   1.2548021e-13       7.5851134       1.1996143        1.1996143      -23.931659      -23.931659
             12      -10.888539      0.27956187        1.167236       -12.90019       0.8568636       1.9035394       14.697249   1.2583738e-13       7.1922305      0.96493745       0.96493745      -23.706953      -23.706953
              2      -10.692318      0.20049296       1.1321738      -12.906101      0.80914496       1.5866932       13.557319   1.2413628e-13       6.4438432       1.2197585        1.2197585      -23.824152      -23.824152
             24      -12.229906      0.77178683      0.93620061      -12.941159      0.61272544       5.9127134       8.6337726   1.1450932e-13       4.0994486      0.21172114       0.21172114      -24.883254      -24.883254
              3       -8.810043    -0.072961614       0.6965461      -12.972768      0.68098888      0.84535356       4.9721715   1.0647124e-13       4.7972116       2.9144161        2.9144161      -23.448918      -23.448918
              6      -9.1911579    -0.059029973      0.64358642       -12.98443      0.65297677      0.87291112       4.4013553   1.0365013e-13        4.497558       2.9656038        2.9656038      -24.313523      -24.313523
             13      -9.2783148    -0.043994236      0.64571948      -12.982841      0.64493845      0.90366147       4.4230258   1.0403019e-13       4.4150787       2.8781854        2.8781854         -24.313         -24.313
             25      -8.7479006    -0.049814542      0.62639996      -12.988166      0.62322954      0.89163161       4.2305804   1.0276237e-13        4.199809       2.9634107        2.9634107      -23.422623      -23.422623
              3      -8.7492277    -0.071839942      0.81728933      -12.966027       0.4678403      0.84753972       6.5658254   1.0813658e-13       2.9365696       2.7989316        2.7989316      -23.096319      -23.096319
              5      -8.3620076     -0.12736637       1.1008885       -12.90974      0.72134246      0.74581932       12.615036   1.2310046e-13       5.2643222        2.734208         2.734208      -22.192431      -22.192431
              2      -9.0355988      0.65927634        1.323403      -12.915905      0.77051595       4.5632718       21.057314    1.213653e-13       5.8954363       0.2382032        0.2382032      -18.547604      -18.547604
              6      -12.021838       1.1825616       1.0032791      -12.919975      0.66019187       15.225149       10.075791   1.2023332e-13       4.5729017      0.53090342       0.53090342      -25.105484      -25.105484
             10      -11.277435       1.3346429       1.0102568      -12.934172      0.63564419       21.609409       10.238983    1.163666e-13       4.3215962      0.97589422       0.97589422      -24.506657      -24.506657
             11      -11.304029       1.3216447      0.99075459      -12.938247      0.63632476       20.972232       9.7893664   1.1527971e-13       4.3283738      0.95412722       0.95412722      -24.516312      -24.516312
             12      -10.365892       1.6392534       1.1094131      -12.934524      0.53009244       43.576608       12.865097    1.162721e-13       3.3891629       2.2295852        2.2295852      -25.190953      -25.190953
             14      -10.757254       1.3696831      0.80720782       -12.98115      0.53908951       23.425191       6.4151649   1.0443598e-13       3.4601069       1.4131032        1.4131032      -24.340715      -24.340715
             10      -10.529281       1.3216121      0.70672507      -12.988514      0.54912985       20.970661       5.0900855   1.0268014e-13        3.541032       1.4075569        1.4075569      -23.873677      -23.873677
              9      -10.804121      0.74255471      0.86948827      -12.943012      0.58370866       5.5278304       7.4043727   1.1402191e-13       3.8344992      0.28296091       0.28296091      -22.174164      -22.174164
              4      -11.332309      0.85251669      0.85578573      -12.955806       0.5430369       7.1206016       7.1744023   1.1071189e-13       3.4916999      0.33813292       0.33813292      -23.340884      -23.340884
              7       -11.59654      0.90684864      0.80438203      -12.967166      0.55425783       8.0695375       6.3735593   1.0785348e-13       3.5830909      0.44483559       0.44483559      -24.082752      -24.082752
              4      -12.325644      0.86064362      0.84395137      -12.950053      0.55026984       7.2551037       6.9815422   1.1218817e-13       3.5503391      0.33088949       0.33088949      -25.313067      -25.313067
              9      -12.268737      0.50759092       1.2617919      -12.895602      0.79729942       3.2180362       18.272245   1.2717401e-13       6.2704602      0.38122693       0.38122693      -25.299928      -25.299928
              4      -11.940451      0.48974668       1.1395004      -12.919754      0.58698526       3.0884934       13.787974   1.2029444e-13       3.8635387      0.41263609       0.41263609      -24.706175      -24.706175
              5      -12.183521       0.5430972       1.1337986      -12.918538      0.57031781       3.4921847       13.608135   1.2063195e-13       3.7180721      0.31942271       0.31942271      -25.005887      -25.005887
              6      -11.825465      0.53022226       1.1530278      -12.918914      0.61260773       3.3901761       14.224197   1.2052754e-13       4.0983376      0.33260645       0.33260645      -24.316144      -24.316144
              1       -11.28445      0.45050985       1.0935817      -12.939657      0.67183039       2.8216936       12.404571   1.1490615e-13       4.6971063      0.53350423       0.53350423      -23.635909      -23.635909
              3      -11.718692      0.60096698      0.83347615      -12.969169      0.61451419       3.9899456       6.8151615   1.0735728e-13        4.116368      0.51076857       0.51076857       -24.45892       -24.45892
             12       -11.33975      0.70140146      0.75498546      -12.985576      0.78674905       5.0280717       5.6883388   1.0337705e-13       6.1199666      0.58009573       0.58009573      -23.839692      -23.839692
             24      -11.997041       1.0581729       1.1546352      -12.895741      0.33683619       11.433334       14.276943   1.2713313e-13       2.1718818      0.40656125       0.40656125      -24.807205      -24.807205
              6      -10.597039       1.1729671       1.0378223      -12.900722      0.11911451       14.892481       10.909937   1.2568356e-13       1.3155717      0.94797037       0.94797037      -23.090019      -23.090019
              2      -10.599192       1.0548039       1.0169011      -12.905993      0.17117429       11.344984       10.396834   1.2416712e-13       1.4831132      0.65979798       0.65979798       -22.51798       -22.51798
              7      -9.5638213        1.268314       1.1525574      -12.865453    -0.014027995       18.548721       14.208799   1.3631606e-13      0.96821544       1.3912134        1.3912134      -21.910069      -21.910069
              4      -9.9641954       1.3175888       1.1163472      -12.863714     -0.05550186       20.777284       13.072156   1.3686307e-13      0.88003134       1.6261572        1.6261572      -23.180705      -23.180705
              2      -10.278697       1.3195808       1.1332168      -12.865543   -0.0052866056       20.872806       13.589917   1.3628765e-13      0.98790093       1.5201916        1.5201916      -23.597778      -23.597778
              7       -8.801596       1.5401502        1.309818      -12.814786    -0.027850011       34.685682       20.408826   1.5318437e-13      0.93788586       2.4378493        2.4378493      -22.478891      -22.478891
              7      -9.1203194       1.5347981       1.3024816      -12.831412     0.022110949       34.260849       20.066958   1.4743058e-13       1.0522307       2.2999961        2.2999961      -22.840631      -22.840631
              6      -10.226198       1.3696509       1.4595567      -12.794776      0.18883312       23.423451       28.810893   1.6040735e-13       1.5446608        1.505782         1.505782       -23.46396       -23.46396
              2      -10.590491       1.2963666       1.5456908      -12.771507      0.29645823       19.786392       35.131021   1.6923621e-13       1.9790567        1.261967         1.261967      -23.704916      -23.704916
              9        -11.6701      0.46075614       1.1235846      -12.892445      0.25757674       2.8890572       13.291825    1.281018e-13       1.8095756      0.68086798       0.68086798      -24.701936      -24.701936
             11      -11.211961      0.42746083       1.0956531      -12.897803      0.23463011       2.6758442       12.463875   1.2653095e-13       1.7164459      0.79626966       0.79626966       -24.01646       -24.01646
              2      -11.437092      0.34540359      0.84815121      -12.951301      0.64076757       2.2151523       7.0493847   1.1186618e-13       4.3728801      0.95710111       0.95710111      -24.788387      -24.788387
             11      -11.006621      0.66434961      0.49307846      -13.078287      0.54118972       4.6168909       3.1122786   8.3505085e-14       3.4768802       1.5186103        1.5186103      -25.050463      -25.050463
             28      -10.832177      0.65997871      0.61081286      -13.049363      0.38000896       4.5706578       4.0814348   8.9255931e-14       2.3988824       1.2355968        1.2355968      -24.135548      -24.135548
              4      -11.082466      0.74737266      0.48868085      -13.070601      0.47291292       5.5894961       3.0809231   8.4996143e-14       2.9710702       1.4651415        1.4651415      -25.095215      -25.095215
             14      -11.287017       1.0398961      0.76406777      -13.003972       0.2889702        10.96216       5.8085505   9.9089579e-14       1.9452266      0.97613244       0.97613244      -24.526299      -24.526299
              2      -11.650221       1.1421062      0.77466954      -13.003858      0.41373784       13.870949       5.9520908   9.9115582e-14       2.5926139       1.0073346        1.0073346      -25.315112      -25.315112
              1      -10.506005       1.1539062        1.038607      -12.917285      0.38129953       14.252997       10.929669   1.2098034e-13       2.4060216      0.58434357       0.58434357      -22.180696      -22.180696
              7      -10.332397       1.2414902       1.0678654      -12.915284      0.31706398       17.437741       11.691371   1.2153912e-13       2.0752192      0.84443548       0.84443548      -22.353665      -22.353665
             30         -10.566       1.3102977       1.0260233      -12.923001      0.17379831       20.431381       10.617525   1.1939841e-13       1.4921013       1.2626486        1.2626486      -23.657297      -23.657297
             15      -11.004564       1.0603395      0.96560988      -12.943395      0.59325875       11.490514        9.238679   1.1392135e-13       3.9197534      0.38812374       0.38812374      -22.785376      -22.785376
              4      -10.417506       1.0825147      0.62005895      -13.035515      0.36775203       12.092461       4.1692597   9.2147893e-14       2.3321261       1.3128943        1.3128943        -23.4608        -23.4608
              3      -11.040676        1.260664      0.78180041      -12.997393      0.36198774        18.22485       6.0506274   1.0060203e-13       2.3013769       1.2985643        1.2985643      -24.678481      -24.678481
              5      -10.578654       1.2646497      0.79916075      -12.993798      0.34913241        18.39288       6.2973923   1.0143836e-13       2.2342533       1.2881011        1.2881011      -23.733509      -23.733509
              1      -11.321369        1.287385       1.1429033      -12.896253      0.27919794       19.381392       13.896431   1.2698333e-13        1.901945      0.97489395       0.97489395      -24.592525      -24.592525
              6      -9.8676318       1.2259046         1.15833      -12.896417      0.29761558       16.823045       14.398921   1.2693546e-13       1.9843377      0.78844982       0.78844982      -21.312163      -21.312163
              6      -11.023265       1.1082603       1.1113568      -12.907336      0.65974678       12.830995       12.922805   1.2378372e-13       4.5682176      0.33032406       0.33032406      -22.707179      -22.707179
              9      -11.561892       1.2252077      0.96820899      -12.928946      0.68691142       16.796072       9.2941353    1.177753e-13       4.8630801      0.67032154       0.67032154      -24.464426      -24.464426
             34      -11.689287       1.2233243      0.95795598      -12.930809      0.68531493       16.723389       9.0772851   1.1727099e-13        4.845236      0.67576513       0.67576513      -24.730105      -24.730105
             10       -9.834994       1.0786215        1.125868       -12.88091      0.76351701       11.984544       13.361893    1.315496e-13       5.8011889      0.25055477       0.25055477      -20.171098      -20.171098
             16      -11.840228      0.76506346       1.2256728      -12.878183      0.81969185       5.8218828       16.814067    1.323783e-13       6.6022483     0.078469551      0.078469551      -23.837396      -23.837396
              5      -12.230111      0.75845916       1.2193795      -12.884296      0.78693569       5.7340195       16.572176   1.3052821e-13       6.1225973     0.072059614      0.072059614      -24.604341      -24.604341
             10      -12.437364      0.61822714       1.2046065       -12.89546      0.68325185       4.1517113       16.017934   1.2721548e-13       4.8222736      0.16611863       0.16611863      -25.206965      -25.206965
              1      -12.249412      0.63397281       1.2419276       -12.89619      0.68841106       4.3049965        17.45531   1.2700175e-13       4.8799016      0.16321254       0.16321254      -24.825249      -24.825249
             10      -11.833897      0.69239257       1.2054441      -12.901696      0.68094818        4.924845       16.048855   1.2540198e-13       4.7967621      0.10746958       0.10746958      -23.882733      -23.882733
