#        weight    minuslogpost         logphi0          loggst           logV0           logQ0            phi0             gst              V0              Q0   minuslogprior minuslogprior__0            chi2       chi2__stb
              4       95.943447     -0.11320409       1.2190388      -13.012597      0.68977615      0.77054127       16.559177   9.7141013e-14       4.8952643       3.0023094        3.0023094       185.88227       185.88227
              5      -8.5974849      0.61426027         1.66611      -12.878051      0.80002109       4.1139619       46.356431   1.3241869e-13       6.3098799      0.67193207       0.67193207      -18.538834      -18.538834
             28      -10.264691       1.0429191      0.79800806      -12.898267      0.75791882        11.03873       6.2807002   1.2639578e-13       5.7268898      0.40080407       0.40080407       -21.33099       -21.33099
             17      -12.558093      0.81602555       1.2749264      -12.880619      0.60465125       6.5467469       18.833301   1.3163781e-13       4.0239378     0.066273977      0.066273977      -25.248735      -25.248735
             23      -12.575259      0.79977949       1.2456961      -12.890945       0.6182459       6.3063706       17.607437   1.2854495e-13       4.1518906     0.065140379      0.065140379      -25.280799      -25.280799
              2      -10.703068      0.96768448       1.2443258      -12.894406      0.55796842       9.2829173       17.551969   1.2752455e-13       3.6138358      0.15959251       0.15959251      -21.725321      -21.725321
              9      -9.8451389      0.79676959       1.1586547      -12.882608      0.47619933       6.2628151       14.409692    1.310364e-13       2.9936383     0.084386627      0.084386627      -19.859051      -19.859051
              1      -11.975862      0.77871926       1.1602804      -12.909748      0.48165864       6.0078525       14.463734   1.2309831e-13       3.0315074      0.13015958       0.13015958      -24.212044      -24.212044
             10      -12.167423      0.65759905       1.0740755       -12.92739      0.56998803        4.545682        11.85975   1.1819785e-13       3.7152499      0.19798631       0.19798631      -24.730818      -24.730818
              1       -12.33095      0.65134285       1.0255218      -12.940947      0.63953995       4.4806689       10.605272   1.1456539e-13       4.3605367      0.23695793       0.23695793      -25.135815      -25.135815
              1      -12.307791      0.65112994       1.0311519      -12.940956       0.6395403       4.4784728       10.743652   1.1456282e-13       4.3605403      0.23540297       0.23540297      -25.086389      -25.086389
              3      -12.269784      0.64250208       1.0264306      -12.943458      0.63958992       4.3903797       10.627488   1.1390471e-13       4.3610385      0.25248449       0.25248449      -25.044537      -25.044537
              3      -12.334179      0.72825134       1.0341589      -12.939451      0.45164414       5.3487382       10.818298   1.1496064e-13       2.8290729      0.24850738       0.24850738      -25.165372      -25.165372
             14      -11.812012      0.61382712       1.0890426      -12.926599      0.37795812       4.1098608       12.275595    1.184134e-13        2.387581      0.36152245       0.36152245      -24.347069      -24.347069
             23       -12.04102      0.60816817       1.1338197      -12.895813      0.37432187       4.0566559       13.608795   1.2711218e-13       2.3676738      0.30670481       0.30670481       -24.69545       -24.69545
              6      -10.844595      0.67779518       1.1517544      -12.906331      0.51616163       4.7620635       14.182551    1.240706e-13       3.2821742      0.15384227       0.15384227      -21.996874      -21.996874
              2      -11.361116      0.66334837       1.1715666      -12.909664      0.48914354       4.6062591       14.844536   1.2312198e-13       3.0842072      0.19004914       0.19004914       -23.10233       -23.10233
             14       -11.81515      0.70518945      0.74996908      -13.022035      0.41457704       5.0721192       5.6230129    9.505273e-14       2.5976285      0.82155104       0.82155104      -25.273401      -25.273401
              4      -11.321638      0.70390531      0.71952155      -13.033831      0.44117311       5.0571439       5.2422961   9.2505703e-14       2.7616785       0.8993597        0.8993597      -24.441996      -24.441996
             21        -10.3828      0.45375562      0.51066053       -13.06819      0.21201242        2.842861       3.2408619   8.5469346e-14       1.6293426       2.0537404        2.0537404       -24.87308       -24.87308
             24      -11.115313      0.76145291      0.98967506        -12.9178      0.44205017       5.7736827       9.7650632    1.208369e-13       2.7672613      0.20495191       0.20495191      -22.640531      -22.640531
             34      -12.316186      0.71262758      0.86633558      -12.957541      0.49075587       5.1597372       7.3508165   1.1027039e-13       3.0956786      0.38392743       0.38392743      -25.400226      -25.400226
              4      -11.939499      0.67349029      0.82825128      -12.960342      0.49302571       4.7150933       6.7336615    1.095615e-13       3.1119005      0.45531092       0.45531092      -24.789619      -24.789619
             11      -10.648715      0.67329609      0.82052204      -12.960362       0.4996068       4.7129853       6.6148811   1.0955653e-13       3.1594159      0.45973522       0.45973522      -22.216901      -22.216901
              6      -10.212176      0.43634581       1.2196232      -12.903078      0.49685811       2.7311516       16.581475   1.2500349e-13       3.1394828      0.54348063       0.54348063      -21.511313      -21.511313
             24      -10.465488      0.64033296       1.4745003      -12.885214      0.75484918       4.3685062       29.819497   1.3025234e-13       5.6865541      0.34062094       0.34062094      -21.612217      -21.612217
              3      -11.711109      0.65716224       1.4850507      -12.864852      0.76459755       4.5411123       30.552776   1.3650468e-13       5.8156405      0.31556031       0.31556031      -24.053339      -24.053339
             11      -9.2498585      0.63205806       1.4328732      -12.892147      0.78846466       4.2860581       27.094004   1.2818967e-13       6.1441903      0.32369013       0.32369013      -19.147097      -19.147097
             12       -10.77495      0.65422191       1.4522136      -12.884642      0.80505801       4.5104711       28.327847   1.3042411e-13       6.3834875      0.31812132       0.31812132      -22.186143      -22.186143
             28      -11.517271      0.62482572       1.4634316      -12.874216      0.86642287       4.2152731       29.069101   1.3359301e-13       7.3522941      0.38146266       0.38146266      -23.797467      -23.797467
              5      -12.083332      0.47393678       1.1293868      -12.889356       1.0267774       2.9780828       13.470596   1.2901616e-13       10.635976      0.58446609       0.58446609      -25.335596      -25.335596
             57      -12.056591      0.50544883        1.114482      -12.886315       1.0224424       3.2022027       13.016132   1.2992272e-13       10.530339      0.51358828       0.51358828      -25.140358      -25.140358
              4      -11.763475      0.50078602       1.1029363      -12.887336        1.031159       3.1680062       12.674659   1.2961764e-13       10.743827       0.5344361        0.5344361      -24.595823      -24.595823
             19      -11.527045      0.69978715      0.95123371      -12.906905      0.78382633       5.0094166       8.9378633   1.2390664e-13       6.0789187      0.17088182       0.17088182      -23.395853      -23.395853
             13      -11.795872      0.69429176      0.95086825      -12.910194      0.77126882       4.9464288       8.9303452   1.2297207e-13       5.9056652      0.17699185       0.17699185      -23.945728      -23.945728
             21      -11.001531      0.97412031       1.0995647      -12.908973      0.50455915       9.4215056       12.576642   1.2331808e-13       3.1956496      0.19088156       0.19088156      -22.384825      -22.384825
             27      -12.117266       0.9192478       1.1807681      -12.874615      0.31474965       8.3032439       15.162404    1.334705e-13       2.0641899      0.25563535       0.25563535      -24.745803      -24.745803
             36      -12.111267       0.9213024       1.1792997      -12.875047      0.31420116       8.3426188       15.111227   1.3333762e-13       2.0615846      0.25784128       0.25784128      -24.738216      -24.738216
             23      -11.460232      0.92137278       1.2193157      -12.860147      0.29022563       8.3439708       16.569742   1.3799167e-13       1.9508579      0.28194331       0.28194331      -23.484351      -23.484351
             11      -11.946478      0.91585429         1.18772      -12.871213      0.30776127       8.2386165       15.407068   1.3452004e-13       2.0312401       0.2591562        0.2591562      -24.411269      -24.411269
             25      -12.144812      0.91290563       1.1674989      -12.876731       0.3202003       8.1828695       14.706148   1.3282166e-13         2.09026      0.24553924       0.24553924      -24.780702      -24.780702
             17      -11.238835      0.89247919       1.1027615      -12.894249      0.28233033       7.8069104        12.66956   1.2757058e-13       1.9157125      0.30163138       0.30163138      -23.080932      -23.080932
              3      -11.080491      0.76086087       1.5144847      -12.835164       0.4847867       5.7658172       32.695251    1.461624e-13       3.0534211      0.31133373       0.31133373      -22.783649      -22.783649
              6      -10.948385      0.78003196        1.659471      -12.777051      0.47215467       6.0260393       45.653179   1.6708929e-13       2.9658874      0.57270188       0.57270188      -23.042173      -23.042173
              8      -10.445871      0.79437116       1.6725535       -12.77168      0.46118288       6.2283235       47.049332   1.6916878e-13       2.8918974      0.60881505       0.60881505      -22.109372      -22.109372
             13      -10.304488      0.79503626       1.6898489      -12.762622      0.46247744       6.2378691       48.960843   1.7273401e-13       2.9005305      0.65369043       0.65369043      -21.916357      -21.916357
              6      -11.000938      0.95959926       1.6244109      -12.777206      0.38126262       9.1116968       42.112492   1.6702969e-13       2.4058172       0.6448291        0.6448291      -23.291534      -23.291534
             24      -10.624813      0.96690349       1.6117829      -12.775463       0.3790641       9.2662388        40.90561   1.6770143e-13       2.3936691      0.63404646       0.63404646      -22.517719      -22.517719
              8      -10.965585        0.858467       1.6035044      -12.798792      0.43462064       7.2188331       40.133256   1.5893073e-13        2.720324      0.48536675       0.48536675      -22.901904      -22.901904
              3      -10.193544        1.020696       1.6476537      -12.774525      0.30631539       10.488081       44.427683   1.6806412e-13       2.0244889      0.83427036       0.83427036      -22.055629      -22.055629
             11      -9.5250197       0.9020681       1.8938165      -12.667757      0.25441368       7.9811982       78.309866   2.1490327e-13        1.796444       1.6066437        1.6066437      -22.263327      -22.263327
              4       -9.287711      0.73146445       1.8017149      -12.685544      0.24636448       5.3884574       63.345369   2.0627968e-13       1.7634554       1.3184865        1.3184865      -21.212395      -21.212395
             12      -9.3748282       0.7333269       1.7993451      -12.685373      0.24488416       5.4116151       63.000658   2.0636082e-13       1.7574548       1.3146686        1.3146686      -21.378994      -21.378994
              6      -8.9625431      0.56047754       1.2453003      -12.895621      0.43862993       3.6347751       17.591395   1.2716821e-13       2.7455536      0.34340821       0.34340821      -18.611903      -18.611903
             13       -8.010838       0.5625975       1.2432253      -12.896262      0.43732652       3.6525612       17.507547   1.2698083e-13        2.737326      0.34139615       0.34139615      -16.704468      -16.704468
             27      -12.104494      0.41200061       1.2318719      -12.892144      0.59380823       2.5822638       17.055791   1.2819051e-13        3.924716      0.54712337       0.54712337      -25.303235      -25.303235
              3      -12.093331       0.4167521       1.2317436      -12.892877      0.59131539       2.6106708       17.050753   1.2797425e-13       3.9022527       0.5374831        0.5374831      -25.261628      -25.261628
              5      -11.710429      0.44521506       1.3759225      -12.872513      0.63163573       2.7875012       23.764162   1.3411794e-13       4.2818922      0.52720235       0.52720235      -24.475263      -24.475263
              1      -11.977128      0.47371958       1.3886243      -12.869312      0.62054688       2.9765939       24.469457   1.3511021e-13       4.1739465      0.47602668       0.47602668      -24.906308      -24.906308
             24      -12.048532      0.46298309       1.2536415      -12.893117      0.59372587       2.9039096       17.932527   1.2790363e-13       3.9239718      0.44275704       0.44275704      -24.982579      -24.982579
             22      -12.089073      0.51300939        1.351939      -12.858169       0.4525352       3.2584375       22.487388   1.3862149e-13       2.8348834      0.43051911       0.43051911      -25.039184      -25.039184
              8       -12.05432      0.51920865        1.268343      -12.887887      0.52406696        3.305283       18.549959   1.2945328e-13       3.3424657       0.3575909        0.3575909      -24.823823      -24.823823
             14      -11.906914      0.48356602       1.2900953      -12.876146      0.56184575       3.0448508       19.502727   1.3300083e-13       3.6462442      0.40470671       0.40470671      -24.623242      -24.623242
             18      -9.9006916      0.45803728       1.2316203      -12.880337      0.59373304        2.871027       17.045915   1.3172343e-13       3.9240365      0.42506382       0.42506382      -20.651511      -20.651511
             22      -10.628877      0.74532456       1.5052086      -12.817049      0.43771691       5.5631986       32.004321   1.5238817e-13       2.7397877      0.33543784       0.33543784      -21.928629      -21.928629
             54      -10.910113       1.2955992       1.4917177      -12.815719      0.32384982       19.751461       31.025425   1.5285538e-13       2.1078991       1.1210307        1.1210307      -24.062288      -24.062288
              1      -10.822202        1.340871        1.475898      -12.804391      0.32065316       21.921535       29.915618    1.568951e-13       2.0924407       1.2476609        1.2476609      -24.139727      -24.139727
             10       -11.38071       1.3358959        1.313195      -12.854187      0.33047135       21.671847       20.568137   1.3989845e-13       2.1402837       1.0731405        1.0731405      -24.907701      -24.907701
             17      -9.6850637       1.4381167       1.3919557      -12.800159      0.18273508       27.423111       24.657876   1.5843123e-13       1.5231234       1.6862813        1.6862813       -22.74269       -22.74269
              2      -7.5043696       1.8399521       1.3765763      -12.802289       0.1896634       69.175465       23.799966   1.5765602e-13       1.5476167       3.6711477        3.6711477      -22.351035      -22.351035
             86      -7.7248528       1.8341358       1.3776417      -12.803691      0.18946809       68.255214       23.858423   1.5714794e-13       1.5469208       3.6355925        3.6355925      -22.720891      -22.720891
              5      -9.5703909       1.6406266       1.1054326      -12.911951      0.64860671       43.714609       12.747724   1.2247534e-13       4.4525285       2.1531907        2.1531907      -23.447163      -23.447163
              4      -10.740942       1.5850881       1.1052153       -12.91692      0.65531928       38.466983       12.741345   1.2108213e-13       4.5218826       1.8943789        1.8943789      -25.270643      -25.270643
             17      -10.208682       1.5673088       1.0920549      -12.928135      0.67877351       36.924001       12.361036   1.1799548e-13        4.772803       1.8393328        1.8393328      -24.096029      -24.096029
             10      -10.228476       1.5652451       1.1778088      -12.890118      0.77053305       36.748962       15.059438   1.2878997e-13       5.8956684        1.774309         1.774309      -24.005569      -24.005569
             22      -10.510464       1.5644073       1.1533974      -12.898896      0.76527048       36.678137       14.236308   1.2621296e-13       5.8246587       1.7796635        1.7796635      -24.580254      -24.580254
             52      -10.879219       1.4770048       1.2791874      -12.894605      0.84968898       29.991959       19.018986   1.2746604e-13       7.0743897       1.4770455        1.4770455      -24.712528      -24.712528
             42      -10.381014       1.4778439       1.2849296      -12.894384      0.84115783       30.049959       19.272125   1.2753108e-13       6.9367786       1.4783106        1.4783106      -23.718648      -23.718648
             32       -11.18081       1.2626404       1.5266516       -12.86281      0.54851043        18.30798        33.62417   1.3714813e-13       3.5359852      0.92141897       0.92141897      -24.204458      -24.204458
             44      -10.016276       1.2250297       1.4713569      -12.870393      0.60987015       16.789187       29.604446   1.3477418e-13       4.0725849      0.74105719       0.74105719      -21.514666      -21.514666
              4      -11.970196       1.1998306       1.3681331      -12.887767      0.63253849       15.842752       23.341733   1.2948918e-13       4.2908021        0.593001         0.593001      -25.126393      -25.126393
             32      -11.958217        1.201895       1.3692692       -12.88698      0.62730273       15.918239       23.402873   1.2972378e-13       4.2393838      0.59830138       0.59830138      -25.113037      -25.113037
             50      -11.253188       1.4353835       1.2400659      -12.891957      0.60864355       27.251064       17.380646   1.2824567e-13       4.0610987       1.2436729        1.2436729      -24.993722      -24.993722
              2      -12.288476       1.0339411        1.047245      -12.933362      0.63453782       10.812873       11.149234   1.1658365e-13        4.310601      0.28386518       0.28386518      -25.144683      -25.144683
             32      -11.803777       1.0142681        1.069091      -12.924004       0.6849179       10.333991       11.724411   1.1912313e-13       4.8408085      0.22923015       0.22923015      -24.066015      -24.066015
             19      -11.859717       1.1247808       1.1083162      -12.896204      0.80156304       13.328486       12.832647   1.2699763e-13       6.3323228       0.3693986        0.3693986      -24.458232      -24.458232
             29      -11.109154       1.1475314      0.63412457      -12.998566      0.60355244       14.045312       4.3065011   1.0033071e-13       4.0137696       1.0987013        1.0987013      -24.415711      -24.415711
              8      -8.6605059       1.8322566      0.78593636      -13.008433      0.40305893       67.960506       6.1085251   9.8076932e-14       2.5296412       3.8432727        3.8432727      -25.007557      -25.007557
             17      -6.8635916       1.5808888       1.9269261      -12.723141      0.31552431       38.096827       84.513512   1.8917313e-13       2.0678751       3.2148243        3.2148243      -20.156832      -20.156832
              8      -7.1649183       1.3716106       1.6694168      -12.828976      0.49714487       23.529386       46.710745    1.482601e-13       3.1415564       1.4960223        1.4960223      -17.321881      -17.321881
              3      -7.0013199      0.96644581       1.5948189      -12.782174      0.30223893       9.2564787       39.338596   1.6512986e-13       2.0055751      0.67986847       0.67986847      -15.362377      -15.362377
             12      -6.2926258      0.84532895         1.59898      -12.746719      0.28457945       7.0037227       39.717323   1.7917652e-13       1.9256593      0.68997408       0.68997408        -13.9652        -13.9652
             13      -8.5383756      0.64667832       1.4061401      -12.839905      0.49286528       4.4328019        25.47652   1.4457567e-13       3.1107512      0.25566729       0.25566729      -17.588086      -17.588086
              1      -12.240035      0.64944925       1.2999745      -12.885765      0.56555689       4.4611749       19.951454   1.3008737e-13       3.6775356      0.17715595       0.17715595      -24.834382      -24.834382
              9      -12.239016      0.59246107       1.2703296      -12.889484      0.58268666       3.9125605       18.635008   1.2897815e-13       3.8254864      0.22624153       0.22624153      -24.930515      -24.930515
             11      -12.415933      0.62997346       1.2469949      -12.888601      0.45730451       4.2655345       17.660171   1.2924061e-13       2.8661869      0.22883059       0.22883059      -25.289528      -25.289528
              2      -12.041143      0.65691517       1.1775215      -12.891519      0.45823075       4.5385296       15.049478    1.283752e-13       2.8723063      0.18362073       0.18362073      -24.449528      -24.449528
             18      -12.457817      0.66619545       1.1643294      -12.899436      0.44490883       4.6365553       14.599211   1.2605625e-13       2.7855363      0.19572889       0.19572889      -25.307092      -25.307092
             16      -12.277161      0.56759127       1.2433377      -12.890526      0.49215553       3.6948028        17.51208   1.2866915e-13       3.1056716      0.28837636       0.28837636      -25.131075      -25.131075
             81      -11.136109      0.49559479      0.93559502      -12.891212      0.13427326       3.1303636       8.6217419   1.2846586e-13       1.3623016      0.85697642       0.85697642       -23.98617       -23.98617
              1      -11.002201      0.50674098       1.1193262      -12.836948     0.057047526       3.2117444       13.162131   1.4556327e-13       1.1403746      0.86992679       0.86992679      -23.744256      -23.744256
             16      -11.100567      0.50124707       1.1203659      -12.835654     0.062851216       3.1713711       13.193678   1.4599777e-13       1.1557162      0.86828526       0.86828526      -23.937704      -23.937704
              7      -11.036039      0.52440552       1.2133443      -12.810389     0.070420649       3.3450724        16.34347   1.5474301e-13       1.1760361      0.82755454       0.82755454      -23.727188      -23.727188
             15      -11.113422      0.53134364        1.209557       -12.81137     0.072105371       3.3989411       16.201565   1.5439394e-13        1.180607      0.81090471       0.81090471      -23.848654      -23.848654
             30      -10.765015      0.53540532       1.1946835      -12.818427     0.056263878       3.4308783       15.656098   1.5190517e-13       1.1383187      0.82936444       0.82936444      -23.188759      -23.188759
             15       -10.90648      0.53347777       1.2821324      -12.761132    -0.061814312       3.4156847       19.148394   1.7332754e-13      0.86733263       1.1735609        1.1735609      -24.160081      -24.160081
             31      -10.670174      0.54653083       1.2850008      -12.761508    -0.071803613       3.5199041       19.275286   1.7317783e-13      0.84761062       1.1770873        1.1770873      -23.694522      -23.694522
              6      -10.392027       0.5280894       1.2481056       -12.75929     -0.10177711       3.3735675       17.705395   1.7406447e-13      0.79108452       1.2661046        1.2661046      -23.316262      -23.316262
             10      -10.060683      0.52988366       1.2526324       -12.75843      -0.1041759        3.387534       17.890908    1.744094e-13      0.78672707       1.2724345        1.2724345      -22.666235      -22.666235
             22      -10.299626      0.51357895       1.2643747      -12.746323     -0.12193865       3.2627136       18.381235   1.7933997e-13       0.7551989       1.3726111        1.3726111      -23.344474      -23.344474
             21      -8.8940321      0.26416244       1.0197181       -12.82509   -0.0023316783       1.8372254       10.464492    1.495924e-13       0.9946455       1.6333248        1.6333248      -21.054714      -21.054714
              6      -10.540393      0.36146175       1.0488505      -12.797408     0.017143798       2.2985913       11.190526   1.5943817e-13       1.0402645       1.2988379        1.2988379      -23.678462      -23.678462
             20      -10.236074      0.34485588       1.0908709      -12.786512     -0.01100448       2.2123604       12.327382   1.6348878e-13      0.97497958       1.4068778        1.4068778      -23.285904      -23.285904
              5      -10.253778       0.3382097       1.0777237      -12.788725   -0.0025041902       2.1787615       11.959794   1.6265782e-13      0.99425048       1.4067595        1.4067595      -23.321075      -23.321075
              7      -10.286798       0.3163587       1.1657648      -12.777738    0.0046400962       2.0718518       14.647543   1.6682544e-13       1.0107415       1.4663834        1.4663834      -23.506362      -23.506362
              9      -10.170943      0.31451153       1.1646836      -12.778345   0.00055022298       2.0630585       14.611124   1.6659246e-13       1.0012677        1.479922         1.479922       -23.30173       -23.30173
              9      -10.816915       0.6414199      0.93607884      -12.892796      0.13323169       4.3794533       8.6313522   1.2799822e-13       1.3590383      0.64728982       0.64728982      -22.928409      -22.928409
             15      -11.518543      0.65483207      0.90895089      -12.955217       0.4632442       4.5168126       8.1086936   1.1086203e-13        2.905656      0.40401826       0.40401826      -23.845123      -23.845123
             43      -12.072831      0.61854671      0.96825067      -12.947563      0.51103463       4.1547674       9.2950274   1.1283321e-13       3.2436548       0.3538478        0.3538478      -24.853357      -24.853357
              2      -11.618712      0.70146338      0.94269917      -12.950912      0.58082453       5.0287886       8.7639355   1.1196638e-13       3.8091189      0.27497537       0.27497537      -23.787374      -23.787374
              4      -11.739642      0.67499915      0.94483705      -12.941025      0.62529329       4.7315033       8.8071835   1.1454468e-13       4.2198139      0.25526442       0.25526442      -23.989813      -23.989813
             20      -12.316639      0.65915319       1.0470495      -12.922666      0.55779775        4.561978       11.144214   1.1949053e-13        3.612416      0.19492987       0.19492987      -25.023138      -25.023138
              6      -11.557958      0.69470863       1.0063277      -12.938988      0.51322298       4.9511791       10.146768   1.1508313e-13       3.2600404      0.23989037       0.23989037      -23.595697      -23.595697
              1      -11.305261      0.88846433      0.97813299      -12.930901       0.6040074       7.7350715       9.5089593   1.1724623e-13       4.0179766      0.17599258       0.17599258      -22.962507      -22.962507
             10      -9.8099885      0.81558799      0.88554302      -12.901796      0.74906872       6.5401542       7.6832157   1.2537289e-13       5.6113677       0.1583523        0.1583523      -19.936682      -19.936682
             17      -11.123813       1.2254983       0.6460199       -13.02768      0.41822994       16.807312       4.4260865   9.3825355e-14       2.6195696        1.481852         1.481852      -25.211329      -25.211329
              5      -10.435642        1.159657       0.6768279      -13.004564      0.45052893       14.442985        4.751469   9.8954543e-14       2.8218175       1.1510058        1.1510058      -23.173295      -23.173295
              3      -8.2518218       1.1646739      0.69474815       -13.00216      0.44133896       14.610796       4.9516296   9.9503962e-14       2.7627333       1.1312244        1.1312244      -18.766092      -18.766092
             14      -10.874994      0.93101451      0.67675217      -13.004336       0.2907251       8.5312861       4.7506405   9.9006627e-14       1.9531028       0.9808711        0.9808711      -23.711731      -23.711731
              6      -9.4934248      0.74977295       0.7529031      -12.983365       0.3055069       5.6204741       5.6611297   1.0390471e-13       2.0207235      0.73984717       0.73984717      -20.466544      -20.466544
              4      -10.467274      0.77582735      0.77316404      -12.979639      0.31515183       5.9679799       5.9314932   1.0479997e-13       2.0661024      0.68215557       0.68215557       -22.29886       -22.29886
             11      -10.558689      0.62816532       1.2106414      -12.834379      0.15532454       4.2478123       16.242072   1.4642711e-13       1.4299622       0.5248394        0.5248394      -22.167056      -22.167056
             22      -11.088826      0.60876528       1.1953412      -12.843382      0.14559479       4.0622372       15.679825   1.4342281e-13       1.3982821      0.56250224       0.56250224      -23.302657      -23.302657
             28      -10.579953       0.8793736       1.5911678      -12.796831      0.40208795       7.5748424       39.009269   1.5965004e-13       2.5239918      0.50014818       0.50014818      -22.160201      -22.160201
             10      -11.374941      0.89624842       1.6011705      -12.796317      0.40448728       7.8749612       39.918161   1.5983893e-13       2.5379747      0.52260249       0.52260249      -23.795086      -23.795086
              2      -11.933237      0.52790318       1.0124447      -12.922796      0.83024537       3.3721212       10.290695    1.194549e-13       6.7646506      0.40176915       0.40176915      -24.670012      -24.670012
              7      -11.182842      0.71320593      0.86142511      -12.914883      0.83017011       5.1666129       7.2681706   1.2165133e-13       6.7634785       0.2659901        0.2659901      -22.897664      -22.897664
             20      -11.344965       1.1770142       1.3117104      -12.892455      0.80733301       15.031911       20.497948   1.2809874e-13       6.4170144      0.53540659       0.53540659      -23.760742      -23.760742
             31      -11.507176        1.169215       1.3081444      -12.893672      0.81276831       14.764374       20.330329   1.2774038e-13       6.4978295      0.52052352       0.52052352        -24.0554        -24.0554
             10       -12.01752       1.0272483       1.3695393      -12.875475      0.52562256       10.647517       23.417433   1.3320644e-13       3.3544596      0.29282932       0.29282932      -24.620698      -24.620698
             11      -10.710457      0.89470486      0.73045211       -13.01228      0.46099753       7.8470217       5.3759115   9.7212045e-14       2.8906635      0.75471961       0.75471961      -22.930353      -22.930353
             22      -10.913689      0.90190584      0.73125009      -13.011166      0.44948795        7.978217       5.3857983   9.7461687e-14       2.8150619        0.760425         0.760425      -23.348228      -23.348228
              8      -11.958173      0.91321729       0.7871747      -12.992911       0.4622144        8.188744       6.1259676   1.0164581e-13       2.8987743      0.61132001       0.61132001      -25.138986      -25.138986
              6      -11.503275       0.9391459      0.75196139      -13.011326      0.41013614       8.6925241       5.6488675   9.7425905e-14       2.5712017      0.78926921       0.78926921      -24.585089      -24.585089
             28       -11.83358        1.032061      0.78562307      -12.999433      0.39120448       10.766164       6.1041202   1.0013075e-13       2.4615263       0.8116358        0.8116358      -25.290431      -25.290431
              4      -11.829859       1.0339232        0.788249      -12.998942      0.39088299       10.812428         6.14114   1.0024402e-13       2.4597048      0.80936178       0.80936178      -25.278441      -25.278441
             11      -11.636254      0.92810523       1.1471811      -12.857224      0.15473083       8.4743271       14.033989   1.3892368e-13       1.4280086      0.46500373       0.46500373      -24.202515      -24.202515
             18       -11.30966       1.1041343       1.0550456      -12.935166      0.39004587        12.70967       11.351301   1.1610035e-13       2.4549682      0.51990074       0.51990074      -23.659121      -23.659121
              3      -12.091914       1.1120977       1.0585873      -12.933356      0.38292474       12.944869        11.44425   1.1658527e-13       2.4150423       0.5351957        0.5351957      -25.254219      -25.254219
              9      -11.864472       1.1126202       1.0634091      -12.927394      0.35688517       12.960454       11.572019   1.1819692e-13        2.274496      0.54532642       0.54532642      -24.819597      -24.819597
              6      -11.403359       1.1044098       1.0504641      -12.936547      0.34670491       12.717737       11.232182   1.1573176e-13       2.2217997       0.5673523        0.5673523      -23.941422      -23.941422
              4      -10.033614      0.98494582       0.4881806       -13.05509      0.28218108       9.6593038       3.0773762   8.8086716e-14       1.9150542       1.6371152        1.6371152      -23.341458      -23.341458
             30      -9.5642622        1.086632       0.6791205      -12.886742      0.86595337       12.207649       4.7766179   1.2979505e-13         7.34435      0.65592444       0.65592444      -20.440373      -20.440373
             48      -11.055993       1.2603283       1.0345849      -12.777357       1.1717311       18.210771       10.828913   1.6697162e-13       14.850159        1.044208         1.044208      -24.200402      -24.200402
             16      -10.546724       1.3963868        1.074714      -12.784274        1.031305        24.91075       11.877198   1.6433357e-13        10.74744       1.2551139        1.2551139      -23.603676      -23.603676
             20       -10.92566       1.4042932       1.0641783      -12.786081       1.0332867       25.368409       11.592532   1.6365107e-13       10.796593       1.2857653        1.2857653       -24.42285       -24.42285
             46      -8.1158073       1.6384478       0.9520116      -12.693743       1.2351272       43.495844       8.9538867   2.0242153e-13       17.184117        2.828239         2.828239      -21.888093      -21.888093
              3      -8.7956077       1.6841924       0.9547215      -12.691963       1.1689617        48.32728       9.0099316   2.0325323e-13       14.755765       2.9524072        2.9524072       -23.49603       -23.49603
             59      -8.7863204       1.6844345      0.95503398      -12.691902       1.1690566        48.35423       9.0164167   2.0328166e-13       14.758989       2.9538548        2.9538548       -23.48035       -23.48035
             16      -9.3877522       1.4715294      0.97822717      -12.770643       1.0975977       29.616205       9.5110217   1.6957294e-13        12.51981       1.6702322        1.6702322      -22.115969      -22.115969
              4      -9.8140699       1.4421479      0.99925248      -12.729006       1.1351001       27.678842       9.9828026   1.8663557e-13       13.648976       1.6754588        1.6754588      -22.979058      -22.979058
             23      -10.558896       1.4413881       1.0072733       -12.74685       1.2561621       27.630459       10.168883   1.7912229e-13       18.036907       1.8400538        1.8400538        -24.7979        -24.7979
              8      -10.503265       1.4684765       1.0010208       -12.75457       1.2243629       29.408743       10.023532   1.7596637e-13        16.76343       1.8750732        1.8750732      -24.756676      -24.756676
              7      -10.429435       1.4714764       1.0100124      -12.753514       1.2224097       29.612593       10.233221   1.7639501e-13       16.688206       1.8817204        1.8817204       -24.62231       -24.62231
             22      -10.479504       1.4922122       1.0072299      -12.751272       1.2099288       31.060766       10.167869   1.7730773e-13       16.215441       1.9484824        1.9484824      -24.855973      -24.855973
             43      -10.337458       1.5095775       1.0027266      -12.764791       1.2008384       32.327898        10.06298   1.7187339e-13       15.879559       1.9851734        1.9851734      -24.645264      -24.645264
             12      -10.353672       1.5215229       1.0135812       -12.75698       1.2140559       33.229434        10.31766   1.7499284e-13       16.370271       2.0669873        2.0669873       -24.84132       -24.84132
             74      -10.067552       1.3957698       1.1782702      -12.889537       1.0789992       24.875383       15.075449   1.2896244e-13       11.994971       1.3455675        1.3455675       -22.82624       -22.82624
              7      -10.112098       1.3951821        1.178477      -12.889471       1.0771342       24.841743       15.082628   1.2898206e-13        11.94357       1.3409416        1.3409416       -22.90608       -22.90608
             36      -11.747103       1.2405415       1.1421121      -12.859661      0.97675506        17.39969        13.87114   1.3814609e-13       9.4788372      0.70955585       0.70955585      -24.913317      -24.913317
             35       -11.76106       1.1965889       1.1207863      -12.862745      0.97450403       15.724937       13.206456   1.3716876e-13       9.4298336      0.60094886       0.60094886      -24.724018      -24.724018
             39      -12.182821       1.0864486       1.2038643      -12.891606      0.55833961       12.202493       15.990585   1.2834945e-13       3.6169259      0.29558315       0.29558315      -24.956807      -24.956807
             28      -12.346814       1.0762533       1.1903337      -12.896787      0.56031597       11.919369       15.500073   1.2682734e-13       3.6334231      0.28328557       0.28328557      -25.260198      -25.260198
             12      -12.362071       1.0863917       1.1827468      -12.899969      0.59488669       12.200897       15.231643    1.259015e-13       3.9344741      0.29358678       0.29358678      -25.311315      -25.311315
              1      -11.932291       1.1138903        1.384672      -12.848148      0.44103116       12.998413       24.247783   1.4185749e-13       2.7607759      0.46862992       0.46862992      -24.801841      -24.801841
              6      -11.929239       1.1101283       1.3857989      -12.848488      0.44221129       12.886302        24.31078   1.4174639e-13       2.7682881      0.46213401       0.46213401      -24.782745      -24.782745
             13      -11.324527       1.0955936       1.3771614      -12.866648      0.46166508       12.462168        23.83205   1.3594155e-13       2.8951101      0.42934051       0.42934051      -23.507734      -23.507734
             77      -10.422516       1.6316643       1.1035326      -12.934714      0.60821927       42.821739       12.692075    1.162213e-13       4.0571333       2.1674759        2.1674759      -25.179984      -25.179984
             33      -10.155445       1.6175177       1.1902096      -12.897509      0.45965382       41.449348       15.495642   1.2661676e-13       2.8817335       2.0890975        2.0890975      -24.489085      -24.489085
             23      -9.9362876       1.6002587       1.4169073      -12.840696      0.39763218       39.834437        26.11604   1.4431249e-13       2.4982286       2.1363011        2.1363011      -24.145177      -24.145177
             15      -8.8290078       1.5870714       1.3342857      -12.846962      0.43335195       38.643049       21.591642   1.4224535e-13       2.7123889       1.9751006        1.9751006      -21.608217      -21.608217
             37      -11.112193      0.62094064       1.5149238       -12.82785      0.47084634       4.1777326       32.728327   1.4864493e-13        2.956966       0.4209542        0.4209542      -23.066294      -23.066294
             25      -11.141195      0.61935099       1.5136729      -12.827798      0.47271197       4.1624688       32.634195   1.4866285e-13       2.9696959      0.41990264       0.41990264      -23.122196      -23.122196
              1      -12.110636      0.83641369       1.0043264      -12.914121      0.69487991        6.861415       10.100117    1.218651e-13       4.9531321      0.10347144       0.10347144      -24.428214      -24.428214
             15       -12.12296      0.87716043       1.0366239      -12.895535      0.69795552       7.5363391       10.879875   1.2719351e-13       4.9883339     0.068294063      0.068294063      -24.382509      -24.382509
             42      -12.327543      0.54120339       1.2309478      -12.896412      0.76226704       3.4769896       17.019538   1.2693681e-13       5.7845162       0.2983122        0.2983122      -25.251711      -25.251711
              5      -11.774316      0.43945802       1.2402981      -12.899537      0.67987485       2.7507937       17.389942   1.2602668e-13       4.7849218      0.49041564       0.49041564      -24.529464      -24.529464
             12      -11.984311      0.60974083       1.4675586      -12.837388       0.4394048       4.0713724       29.346656   1.4541602e-13       2.7504566      0.39743929       0.39743929      -24.763501      -24.763501
              1      -11.583746      0.77193534       1.2154459      -12.870025      0.26791132       5.9147357       16.422749   1.3488847e-13       1.8531532      0.28622905       0.28622905      -23.739949      -23.739949
              9      -11.476737      0.86056801       1.0674118      -12.932065       0.4186921       7.2538407       11.679166   1.1693255e-13       2.6223587      0.23254793       0.23254793      -23.418569      -23.418569
             13      -11.024379      0.88215541       1.1413421      -12.892398      0.33046219       7.6235177       13.846568   1.2811571e-13       2.1402386      0.23741512       0.23741512      -22.523589      -22.523589
              2      -10.767239      0.94651095       1.0537681      -12.903776      0.31930748       8.8411946       11.317958   1.2480277e-13       2.0859672      0.31697725       0.31697725      -22.168433      -22.168433
              2      -10.690833       1.5983763       1.1665827      -12.902933      0.53868123       39.662156       14.675156   1.2504515e-13       3.4568555       1.9586551        1.9586551      -25.298977      -25.298977
              1      -10.660296       1.6023127        1.159792       -12.90653      0.53204109       40.023281       14.447476   1.2401384e-13        3.404404       1.9861861        1.9861861      -25.292965      -25.292965
              7      -10.503315       1.6329787       1.1666608      -12.903797      0.52153237       42.951533       14.677794   1.2479657e-13       3.3230155       2.1362481        2.1362481      -25.279127      -25.279127
              8      -10.925052       1.4725418       1.2123812      -12.897664      0.78702475       29.685322       16.307267   1.2657165e-13        6.123853       1.4049804        1.4049804      -24.660064      -24.660064
             10      -10.762212        1.448233       1.2083657      -12.898377      0.80821262        28.06939       16.157186   1.2636395e-13       6.4300244       1.3185377        1.3185377        -24.1615        -24.1615
              4      -9.8677079       1.2500784       1.2501093      -12.909107      0.84874692       17.786003       17.787271   1.2327997e-13       7.0590607      0.73110985       0.73110985      -21.197636      -21.197636
              5      -11.224083       1.3909266       1.1888932      -12.886785      0.92311886        24.59952       15.448745   1.2978204e-13       8.3775854       1.1576902        1.1576902      -24.763546      -24.763546
              7      -11.399266       1.3841566       1.1677002      -12.873913       1.0125642       24.219022       14.712964   1.3368621e-13       10.293526       1.2000762        1.2000762      -25.198684      -25.198684
              1      -11.200617       1.4391409       1.1630714      -12.873151       1.0204555       27.487855       14.556983   1.3392121e-13       10.482274        1.407015         1.407015      -25.215264      -25.215264
             24      -11.105383       1.4432413       1.1560187      -12.874119       1.0037716       27.748617       14.322494   1.3362282e-13       10.087222       1.4041405        1.4041405      -25.019047      -25.019047
              8      -11.217682       1.4365456       1.1827109      -12.870823       1.0034985       27.324085       15.230384   1.3464099e-13       10.080881       1.3790923        1.3790923      -25.193548      -25.193548
              7      -10.810402        1.483316       1.1869716      -12.876359       1.0170697       30.430982       15.380542   1.3293557e-13       10.400872       1.5850339        1.5850339      -24.790872      -24.790872
              9      -10.830119       1.4616656       1.1875036        -12.8768       1.0216816       28.951136       15.399392   1.3280066e-13       10.511908       1.5044252        1.5044252      -24.669088      -24.669088
             24      -11.581037        0.996421        1.073273      -12.844312       1.1781418       9.9179292       11.837854   1.4311583e-13        15.07099      0.51736287       0.51736287      -24.196801      -24.196801
             26      -11.248228      0.97081018       1.1034642        -12.8387       1.0990062       9.3499692       12.690074   1.4497742e-13       12.560479      0.36387509       0.36387509      -23.224206      -23.224206
              9      -12.075115      0.57329791       1.1156869      -12.906589      0.93326259        3.743673       13.052295   1.2399689e-13        8.575562      0.34701856       0.34701856      -24.844267      -24.844267
              3      -12.008801      0.57205628       1.1251402      -12.906354      0.93826154       3.7329853        13.33952    1.240641e-13       8.6748414      0.35269285       0.35269285      -24.722987      -24.722987
              4      -9.6522413      0.64753576       1.1538821      -12.917784      0.76452849       4.4415623       14.252205   1.2084151e-13       5.8147158      0.18290431       0.18290431      -19.670291      -19.670291
             23      -12.281677      0.51406228       1.0743397      -12.928218      0.69917821       3.2663467       11.866965   1.1797278e-13       5.0023976       0.3813574        0.3813574      -25.326069      -25.326069
              1      -12.172129       0.5271967       1.0626453      -12.928058      0.69300862       3.3666402       11.551683    1.180164e-13       4.9318359      0.35944146       0.35944146      -25.063141      -25.063141
             25      -11.844253      0.52723125       1.0760622      -12.924926      0.66580072        3.366908       11.914125   1.1887058e-13       4.6323431      0.34836687       0.34836687       -24.38524       -24.38524
              5      -12.013577      0.54991993       1.0675238      -12.921501      0.67833043       3.5474798       11.682178   1.1981158e-13       4.7679361      0.30454814       0.30454814       -24.63625       -24.63625
             25       -12.09346      0.54858704        1.061006      -12.922132       0.6865578       3.5366089       11.508163   1.1963757e-13        4.859122      0.30977807       0.30977807      -24.806477      -24.806477
              2      -10.241746   -0.0016970355       1.0750912      -12.912985      0.94557831      0.99610006       11.887518   1.2218432e-13       8.8222287       2.1996405        2.1996405      -24.882772      -24.882772
             15      -10.374948      0.37541164      0.82165862      -12.871773       1.2302069       2.3736225       6.6322154   1.3434673e-13       16.990529       1.2494248        1.2494248      -23.248745      -23.248745
              4      -10.848314      0.35747465      0.83981468      -12.866783       1.2279425       2.2775853       6.9153582   1.3589919e-13       16.902172       1.2700805        1.2700805      -24.236789      -24.236789
              7        -9.66281      0.27352099      0.84310553      -12.863599       1.2248789       1.8772451       6.9679581   1.3689938e-13       16.783359       1.5097013        1.5097013      -22.345023      -22.345023
              3      -9.1673004      0.27496159      0.98248872       -12.86417       1.2524369       1.8834825       9.6048087   1.3671949e-13       17.882855       1.4571342        1.4571342      -21.248869      -21.248869
             29      -8.5228691      0.73965571        1.093561      -12.811743       1.1064117        5.491054       12.403977   1.5426128e-13       12.776493      0.31307992       0.31307992      -17.671898      -17.671898
             56      -10.345529      0.71786962       1.0888103      -12.847477       1.1790491       5.2223938       12.269032   1.4207676e-13       15.102507      0.44071194       0.44071194      -21.572482      -21.572482
              7      -11.005762       1.0062322      0.79694218      -12.970716      0.40833479       10.144536       6.2653044   1.0697549e-13        2.560559      0.64122123       0.64122123      -23.293967      -23.293967
              1      -11.744261      0.64990953      0.83989524      -12.980552      0.62931246       4.4659055       6.9166411   1.0457994e-13       4.2590473      0.48828467       0.48828467      -24.465092      -24.465092
              4      -11.758038      0.55417175      0.92719202      -12.949113       0.6128035       3.5823808       8.4565266   1.1243136e-13       4.1001855      0.43518074       0.43518074      -24.386437      -24.386437
             11      -11.470649       0.7338359       0.8337568      -12.952589      0.55281777       5.4179613        6.819567   1.1153485e-13       3.5712296      0.35804936       0.35804936      -23.657396      -23.657396
             12      -12.303136      0.62338367       1.0434333      -12.920327      0.70872912       4.2012997       11.051807   1.2013608e-13       5.1136278      0.21016642       0.21016642      -25.026606      -25.026606
              4      -11.425326      0.62197101        1.031992      -12.925537      0.70344373       4.1876561       10.764455   1.1870343e-13       5.0517719      0.22662037       0.22662037      -23.303893      -23.303893
             13      -10.167259      0.65764666       1.0705991      -12.908204      0.71896678       4.5461803       11.765196   1.2353667e-13       5.2356039      0.14447965       0.14447965      -20.623477      -20.623477
              3      -12.398157      0.61486554       1.0571677      -12.918581      0.66155046       4.1196995       11.406901   1.2061985e-13       4.5872294      0.21011427       0.21011427      -25.216542      -25.216542
             19      -11.561729      0.61250362         1.03646      -12.918566      0.64892965       4.0973552        10.87577   1.2062416e-13       4.4558407      0.21867476       0.21867476      -23.560808      -23.560808
              3      -11.531845      0.73944417       1.2180585       -12.88073      0.60575743       5.4883799       16.521845   1.3160431e-13       4.0342001     0.057031628      0.057031628      -23.177753      -23.177753
             11       -11.72222      0.66273243        1.185389      -12.893127      0.63134132       4.5997309       15.324595   1.2790073e-13       4.2789905      0.11324391       0.11324391      -23.670929      -23.670929
             12      -12.064791      0.71697805       1.1496445      -12.887564      0.85434966       5.2116837       14.113818   1.2954952e-13       7.1507181      0.11344381       0.11344381      -24.356469      -24.356469
              9      -12.387163      0.80627205       1.1365532      -12.880912      0.80394093        6.401357        13.69472   1.3154921e-13       6.3670891      0.04986492       0.04986492      -24.874057      -24.874057
              1      -10.876283      0.72060446       1.1713457      -12.911513      0.59105189       5.2553841       14.836988   1.2259913e-13       3.8998858      0.11025885       0.11025885      -21.973083      -21.973083
              3      -10.847593      0.16202202       0.9225604      -12.941979      0.45364022       1.4521852       8.3668196   1.1429326e-13       2.8421056       1.5608362        1.5608362      -24.816858      -24.816858
              6      -10.443449     0.056036353       0.9226871      -12.949423      0.46986248       1.1377225       8.3692607   1.1235089e-13       2.9502749        2.021075         2.021075      -24.929048      -24.929048
              1      -9.8958759      0.41597856      0.83317638       -12.97091      0.42924381       2.6060249       6.8104589    1.069276e-13       2.6868524       0.9433518        0.9433518      -21.678455      -21.678455
             20      -11.233168      0.55481438      0.76214918      -13.020616      0.34048923       3.5876856       5.7829465   9.5363891e-14       2.1902275       1.0340963        1.0340963      -24.534529      -24.534529
              7      -10.310516       0.3724047      0.53216357      -13.080069      0.50154909       2.3572449       3.4053642   8.3163118e-14       3.1735773       1.9830317        1.9830317      -24.587096      -24.587096
              3      -10.143421      0.35152955      0.53595522      -13.077645      0.47825745       2.2466196       3.4352252    8.362857e-14       3.0078588       2.0307835        2.0307835      -24.348409      -24.348409
              4      -9.9629475      0.36335027      0.53399909      -13.073291      0.47287534       2.3086084       3.4197873   8.4471307e-14       2.9708132        1.979554         1.979554      -23.885003      -23.885003
              4      -10.220784      0.36904397      0.53696753      -13.077995      0.45563104       2.3390741       3.4432419   8.3561181e-14       2.8551638       1.9979475        1.9979475      -24.437464      -24.437464
              4      -9.7907875      0.27338513      0.48217557      -13.071596      0.52548086        1.876658       3.0351179   8.4801637e-14       3.3533653       2.3176104        2.3176104      -24.216796      -24.216796
              1      -9.7971236       0.1236891      0.63139209      -13.035279      0.44629091       1.3295023       4.2794908   9.2197976e-14        2.794415       2.4306773        2.4306773      -24.455602      -24.455602
             18      -7.7647655     -0.18962925      0.63103653      -13.028667       0.7422932      0.64620564       4.2759886   9.3612232e-14       5.5245029       3.9258354        3.9258354      -23.381202      -23.381202
              2      -8.8295468      0.46937781      0.43512451      -13.107022       0.5051225       2.9469842        2.723482   7.8158867e-14       3.1997976       2.1383023        2.1383023      -21.935698      -21.935698
             10      -9.9190644      0.55778937      0.60320056       -13.03074      0.17414428       3.6123463       4.0105188   9.3166592e-14       1.4932904       1.5396067        1.5396067      -22.917342      -22.917342
              2      -10.448695      0.49530031       1.2228722      -12.867374      0.17863886       3.1282418       16.705991   1.3571433e-13        1.508825      0.71166624       0.71166624      -22.320722      -22.320722
              5      -10.519631       0.3979115        1.199782      -12.854965      0.20300735       2.4998359       15.840977   1.3964808e-13       1.5959061      0.87035413       0.87035413       -22.77997       -22.77997
             13      -11.129007      0.41642159       1.2031843       -12.85963      0.16160093       2.6086847       15.965566   1.3815615e-13       1.4507779      0.89514656       0.89514656      -24.048308      -24.048308
              5      -10.380063       0.7613117      0.51599787      -13.054995      0.13120962       5.7718056       3.2809368   8.8105998e-14       1.3527253       1.7199949        1.7199949      -24.200116      -24.200116
              9      -10.230867      0.92072897      0.48579339      -13.057857      0.21073989       8.3316106       3.0605071    8.752718e-14       1.6245754       1.7005528        1.7005528      -23.862839      -23.862839
              1      -10.077328      0.97689736      0.30965028      -13.092058      0.24728283       9.4819434       2.0400945   8.0898779e-14       1.7671883       2.3375872        2.3375872       -24.82983       -24.82983
             12      -9.8310997      0.99207019      0.67362364      -12.971027      0.56062018       9.8190662       4.7165412   1.0689883e-13       3.6359691      0.69870898       0.69870898      -21.059617      -21.059617
              4      -8.2241152       0.9318889      0.41160118      -13.019148     -0.06429923       8.5484801         2.57989   9.5686796e-14      0.86238416        2.213646         2.213646      -20.875523      -20.875523
             30       -8.609587      0.96684613      0.44013099      -13.014334    -0.085174522       9.2650151       2.7550596   9.6753294e-14       0.8219123       2.2030582        2.2030582       -21.62529       -21.62529
              1      -8.1660619        1.056026       0.2767214      -13.101603      0.12941008       11.376953         1.89113   7.9140163e-14       1.3471318       2.7754816        2.7754816      -21.883087      -21.883087
             18      -8.2969527       1.6881724      0.63212718       -13.02444      0.20071513       48.772206       4.2867403   9.4527866e-14       1.5875051       3.5486393        3.5486393      -23.691184      -23.691184
              1      -7.6876399       1.6838786      0.73878028      -12.990002      0.16114696       48.292374       5.4799965   1.0232872e-13       1.4492622       3.2786971        3.2786971      -21.932674      -21.932674
              5      -10.702391      0.85895878      0.82421762      -12.970398      0.40501364       7.2270121       6.6714098   1.0705367e-13       2.5410525      0.50566275       0.50566275      -22.416108      -22.416108
              5      -10.841052      0.42981199       1.1075928      -12.905377      0.84918432       2.6903699       12.811288   1.2434343e-13       7.0661739       0.5521937        0.5521937      -22.786492      -22.786492
              3      -11.121929      0.39742473       1.2490446      -12.890988      0.71704401       2.4970356       17.743718   1.2853217e-13       5.2124753      0.58315055       0.58315055      -23.410159      -23.410159
              2      -11.132305      0.39779638       1.2492347      -12.890943      0.71728394       2.4991734       17.751484   1.2854549e-13       5.2153558      0.58227299       0.58227299      -23.429156      -23.429156
             13       -11.44519      0.47924816       1.1986386      -12.905321      0.65620514       3.0147282       15.799328    1.243594e-13       4.5311155      0.40244646       0.40244646      -23.695272      -23.695272
              3      -11.110342      0.46203691       1.1926266      -12.908746      0.65710691       2.8975898       15.582123   1.2338248e-13       4.5405338      0.44301501       0.44301501      -23.106714      -23.106714
             16      -10.553414      0.19374647       1.3360365      -12.871332      0.96973211       1.5622354       21.678863   1.3448325e-13       9.3267882       1.3867555        1.3867555      -23.880339      -23.880339
             12      -10.251488      0.13076034       1.2364084      -12.863753        1.010957       1.3513267       17.234884   1.3685067e-13       10.255504       1.6125597        1.6125597      -23.728095      -23.728095
              9      -10.310963      0.15200193       1.2418305      -12.868027       1.0575866       1.4190638       17.451409   1.3551062e-13       11.417909       1.5885801        1.5885801      -23.799086      -23.799086
             10      -9.0829337     0.041104468       1.2274481      -12.866722       1.2350232       1.0992702        16.88294   1.3591819e-13       17.180001       2.3366301        2.3366301      -22.839127      -22.839127
              8      -8.0700125     -0.38827127       1.0673115      -12.936292      0.72980277      0.40900511       11.676468   1.1579981e-13       5.3678796       4.4878202        4.4878202      -25.115665      -25.115665
             13      -8.6962183     -0.29849416       1.2462334      -12.907058       0.9285773      0.50292803        17.62923   1.2386303e-13       8.4835438       3.9201386        3.9201386      -25.232714      -25.232714
              1      -8.7691539     -0.27916824       1.2490738       -12.90552      0.94713249      0.52581354       17.744912   1.2430249e-13       8.8538568       3.8062114        3.8062114       -25.15073       -25.15073
             10      -8.6006135     -0.29598111       1.2540156      -12.911777      0.96341126      0.50584666       17.947981   1.2252457e-13       9.1920264         3.94784          3.94784      -25.096907      -25.096907
              3      -9.6577093   -0.0033225092       1.1552336      -12.887876      0.33166431      0.99237883       14.296629   1.2945666e-13       2.1461709       2.2190204        2.2190204      -23.753459      -23.753459
              4      -9.0413438       1.1944246       1.3359199        -12.8617      0.52731289       15.646768       21.673044   1.3749921e-13        3.367541       0.5537248        0.5537248      -19.190137      -19.190137
              9      -9.2454028       1.1968712       1.3591766      -12.856321      0.51336164       15.735161       22.865282   1.3921261e-13       3.2610814      0.57982767       0.57982767      -19.650461      -19.650461
              4      -11.402002      0.85441746       1.1633926      -12.906015      0.60670385       7.1518346       14.567755   1.2416083e-13        4.043001     0.075405062      0.075405062      -22.954815      -22.954815
              7      -11.796925      0.77244964      0.85986731      -12.971558      0.52280715       5.9217442       7.2421466   1.0676814e-13       3.3327838      0.39499006       0.39499006       -24.38383       -24.38383
              5      -12.029448      0.93765644       1.0231703      -12.935915      0.50304651       8.6627631       10.548005   1.1590032e-13       3.1845386      0.23832502       0.23832502      -24.535546      -24.535546
              1      -12.384503      0.94022714       1.0183468      -12.939117      0.46269989       8.7141923       10.431502   1.1504899e-13       2.9020166      0.27488617       0.27488617      -25.318778      -25.318778
              8      -11.876892       1.1797352       1.0825454      -12.925634      0.46930777       15.126388       12.093315   1.1867695e-13        2.946509      0.58067808       0.58067808      -24.915141      -24.915141
              7      -12.286593       1.0823436       1.1921979       -12.89628      0.71435508       12.087698       15.566747    1.269755e-13        5.180302      0.27744825       0.27744825      -25.128082      -25.128082
              5      -12.274721       1.0728064       1.1809955      -12.899917       0.7074292       11.825143       15.170348   1.2591656e-13       5.0983448      0.26496155       0.26496155      -25.079365      -25.079365
             13      -12.257495       1.0718686       1.2453128      -12.893643      0.68893946       11.799635         17.5919   1.2774875e-13       4.8858425        0.271271         0.271271      -25.057532      -25.057532
              2      -12.227065       1.0750378       1.2453422      -12.893841      0.68358716       11.886058       17.593092   1.2769059e-13       4.8259982      0.27631593       0.27631593      -25.006762      -25.006762
              5      -12.073236       1.0793409       1.2878605       -12.88172      0.41349264       12.004412       19.402626   1.3130453e-13       2.5911505      0.39110455       0.39110455       -24.92868       -24.92868
              3      -11.905282       1.0531744       1.2852434      -12.881156      0.38376662       11.302496       19.286055   1.3147529e-13       2.4197284      0.37451877       0.37451877      -24.559601      -24.559601
              7      -12.117666       1.1213816       1.2390359      -12.888518       0.3843495       13.224571       17.339473   1.2926546e-13       2.4229782      0.47598422       0.47598422      -25.187301      -25.187301
             32      -12.066988      0.50128157       1.1568437      -12.888794       0.2910881       3.1716231       14.349729   1.2918332e-13        1.954736      0.55361755       0.55361755      -25.241211      -25.241211
             13      -11.215872      0.36695516       1.2509727      -12.867625      0.24895147       2.3278509       17.822666    1.356359e-13       1.7739912      0.91396709       0.91396709      -24.259677      -24.259677
              6      -11.839068      0.52053841       1.2767433      -12.877854      0.49347326       3.3154189       18.912256   1.3247855e-13       3.1151091      0.36151886       0.36151886      -24.401175      -24.401175
              2      -12.232671      0.69453716       1.2571899      -12.884801      0.55495704       4.9492246       18.079645   1.3037655e-13       3.5888643      0.11837758       0.11837758      -24.702098      -24.702098
              3      -12.270707      0.69504885       1.2643754      -12.883907      0.56311093       4.9550593       18.381265   1.3064497e-13       3.6568818      0.11731628       0.11731628      -24.776047      -24.776047
              1      -12.242238      0.61287459       1.2791686      -12.890394        0.529987       4.1008567       19.018165   1.2870816e-13       3.3883401      0.22574978       0.22574978      -24.935976      -24.935976
             19      -12.311233      0.60530471       1.3318676      -12.863989      0.46268121       4.0299969       21.471758   1.3677647e-13       2.9018918      0.27288659       0.27288659      -25.168239      -25.168239
              7      -12.249754      0.50803699       1.2606371      -12.888419      0.47051513       3.2213432       18.223723   1.2929466e-13       2.9547119      0.40438395       0.40438395      -25.308276      -25.308276
              1      -11.788818      0.40925013       1.2495445      -12.894306      0.60502376       2.5659614       17.764154    1.275539e-13       4.0273907      0.56210924       0.56210924      -24.701855      -24.701855
              3      -12.179792      0.61089002       1.0818846      -12.931368      0.64570955         4.08216       12.074931   1.1712025e-13       4.4229247      0.24192031       0.24192031      -24.843424      -24.843424
              7      -11.522256      0.70899104      0.98159636      -12.952426      0.65545705       5.1167128       9.5850937   1.1157681e-13       4.5233173      0.24149207       0.24149207      -23.527496      -23.527496
             12      -12.398489      0.90987729       1.0327625      -12.934632      0.58561247       8.1260088       10.783569   1.1624343e-13       3.8513454      0.17976846       0.17976846      -25.156516      -25.156516
             27      -12.104465      0.82570077       1.0692443      -12.923885      0.52659915       6.6942322        11.72855    1.191557e-13       3.3620112      0.13673072       0.13673072      -24.482391      -24.482391
              1      -11.862932      0.90035765      0.81716267      -12.956805      0.36078383       7.9498265       6.5639109   1.1045748e-13        2.295006      0.52594029       0.52594029      -24.777744      -24.777744
             11      -11.026355      0.75468821      0.74575001      -13.000149      0.33508789       5.6844468       5.5686512    9.996565e-14       2.1631563      0.78086645       0.78086645      -23.614443      -23.614443
              3      -9.8221316       1.4282924      0.82210414      -12.977224      0.40119592       26.809729       6.6390225   1.0538422e-13       2.5188129       1.6798758        1.6798758      -23.004015      -23.004015
              7      -10.141661       1.4280736      0.73483631      -13.017836      0.49021657       26.796222       5.4304561   9.5976253e-14       3.0918368        1.885289         1.885289      -24.053899      -24.053899
              9      -9.7087824      0.64759336       1.4843869      -12.917185      0.87912097       4.4421514       30.506118   1.2100834e-13       7.5704373      0.46422851       0.46422851      -20.346022      -20.346022
              9      -9.5638743      0.63216727       1.5485327      -12.907211       0.8390351       4.2871361       35.361666   1.2381939e-13        6.902956      0.52161059       0.52161059       -20.17097       -20.17097
             17       -10.97787      0.59096829       1.5488903      -12.884736      0.87419385       3.8991352       35.390794   1.3039598e-13       7.4850352      0.55509595       0.55509595      -23.065932      -23.065932
              4      -9.7246354      0.50863896       1.4839254      -12.904057      0.86132051       3.2258113       30.473715   1.2472201e-13       7.2664202      0.62056242       0.62056242      -20.690396      -20.690396
             22       -11.06813      0.52701775       1.4715041      -12.890647      0.87112328       3.3652532       29.614477   1.2863311e-13       7.4323008       0.5557951        0.5557951      -23.247851      -23.247851
              6      -11.616404      0.52785881       1.4656465      -12.891956      0.87618683       3.3717767       29.217732   1.2824614e-13       7.5194631      0.55282493       0.55282493      -24.338459      -24.338459
              2      -9.2118166      0.50519061       1.4268064      -12.891091      0.82979807       3.2002994       26.718151   1.2850161e-13       6.7576869      0.52041332       0.52041332       -19.46446       -19.46446
              2      -10.628116      0.69687217       1.4783559      -12.867538      0.76768202        4.975906       30.085405    1.356632e-13       5.8570916      0.27874191       0.27874191      -21.813716      -21.813716
              7       -10.85588      0.98340012       1.2669592      -12.908139      0.82235233       9.6249864       18.490949   1.2355506e-13       6.6428176      0.23003172       0.23003172      -22.171823      -22.171823
              8      -11.058341      0.99883027       1.2566964       -12.90845      0.81857721       9.9731022       18.059113   1.2346674e-13        6.585325      0.24059665       0.24059665      -22.597875      -22.597875
              3      -11.487121      0.99285431       1.2827365      -12.888908      0.81512464       9.8368107        19.17505    1.291494e-13       6.5331802      0.21101864       0.21101864      -23.396279      -23.396279
             13      -11.313295       1.1172198       1.0736049       -12.93011      0.34853623       13.098448       11.846905   1.1745991e-13       2.2311883      0.56726253       0.56726253      -23.761114      -23.761114
             29        -12.3378      0.95111974       1.1336762      -12.917119      0.45998898       8.9355181       13.604301   1.2102673e-13       2.8839583      0.21343869       0.21343869      -25.102477      -25.102477
              3      -10.714208        1.119005       1.0531559      -12.916592      0.34238744       13.152398       11.302016    1.211737e-13       2.1998215      0.54916276       0.54916276      -22.526742      -22.526742
              7      -12.122386       1.1878086       1.0882164      -12.924195      0.59655679       15.410211       12.252267   1.1907076e-13       3.9496334      0.53887992       0.53887992      -25.322532      -25.322532
              1      -10.739652       1.2147541       1.2136312      -12.884369      0.82670128        16.39661       16.354273   1.3050601e-13       6.7096719      0.57243765       0.57243765      -22.624179      -22.624179
              1       -10.92902       1.3335775       1.1584814      -12.897326      0.81363717       21.556461       14.403944   1.2666999e-13       6.5108421      0.90666254       0.90666254      -23.671366      -23.671366
             20      -10.729137       1.3717288       1.1981859      -12.875169       0.2090904       23.535791       15.782868   1.3330015e-13       1.6184169       1.3145577        1.3145577       -24.08739       -24.08739
              6      -10.946273       1.4141853       1.0789372      -12.920071      0.28067851       25.952867       11.993258   1.2020692e-13         1.90844       1.4363457        1.4363457      -24.765237      -24.765237
              3      -10.791225       1.4075908       1.0378873      -12.936151      0.28282622       25.561761       10.911572   1.1583749e-13       1.9179011       1.4582994        1.4582994      -24.499048      -24.499048
              3       -9.838026      0.68613431      0.81272302      -12.990491      0.65740732       4.8543861       6.4971519    1.022136e-13       4.5436756      0.52047003       0.52047003      -20.716992      -20.716992
              8      -9.8946792      0.41732983      0.84630518      -12.947359      0.45845576        2.614146       7.0194839   1.1288621e-13       2.8737948      0.83043635       0.83043635      -21.450231      -21.450231
              5       -10.24235      0.43196739      0.83537672      -12.950449      0.43825664       2.7037554       6.8450514   1.1208584e-13       2.7431947      0.83036917       0.83036917      -22.145439      -22.145439
              6      -9.7497593      0.59391352      0.79778723      -12.988172      0.25469954       3.9256676       6.2775074   1.0276086e-13       1.7976268       0.9002897        0.9002897      -21.300098      -21.300098
              2      -11.276476      0.63262552      0.76515129      -12.984957      0.24129451       4.2916621       5.8230603   1.0352454e-13       1.7429885      0.89792605       0.89792605      -24.348805      -24.348805
             10      -11.381197      0.74345669      0.80422628      -12.976155      0.26371028        5.539323        6.371274   1.0564413e-13       1.8353136      0.70732068       0.70732068      -24.177035      -24.177035
              8      -10.833058      0.78500915      0.76241603        -12.9807      0.30428363       6.0954974        5.786501   1.0454422e-13       2.0150398      0.71010034       0.71010034      -23.086316      -23.086316
             17       -10.31354       1.0635991      0.66241688      -13.015155      0.55044581       11.577081       4.5963901   9.6570598e-14        3.551778      0.99135383       0.99135383      -22.609788      -22.609788
              1      -10.681368      0.87076888       0.9237159      -12.936419      0.38180294       7.4262383       8.3891102   1.1576591e-13       2.4088122      0.34124619       0.34124619      -22.045228      -22.045228
             13      -12.317355      0.95106807       1.0732508      -12.932685      0.41707514       8.9344552       11.837249   1.1676576e-13       2.6126133      0.28629299       0.28629299      -25.207296      -25.207296
              2      -11.763907      0.72115056      0.95666288      -12.944468      0.51090687       5.2619965        9.050298   1.1364021e-13       3.2427007      0.26368966       0.26368966      -24.055194      -24.055194
              9      -11.593349       1.0998811       1.1150778      -12.915085        0.216849       12.585808       13.034002   1.2159473e-13       1.6475894      0.66213838       0.66213838      -24.510974      -24.510974
             11      -9.8751599        1.388408       1.4275074      -12.819069      0.24048998       24.457271       26.761311   1.5168088e-13       1.7397626        1.448074         1.448074      -22.646468      -22.646468
             11      -10.294422       1.4048463       1.3757828      -12.831917      0.21510645       25.400736        23.75652   1.4725948e-13        1.640992       1.4928719        1.4928719      -23.574589      -23.574589
             12      -5.8430124       1.3314759       1.3480988      -12.850404      0.23072628       21.452398       22.289421   1.4112234e-13        1.701086       1.2075136        1.2075136      -14.101052      -14.101052
              4      -7.6334205       1.3839902       1.2578158      -12.855707      0.21512255       24.209746       18.105719    1.394096e-13       1.6410528       1.3506652        1.3506652      -17.968171      -17.968171
              2      -8.9520916       1.6039614      0.66838344      -13.031422      0.42397407       40.175513       4.6599735   9.3020336e-14       2.6544471       2.8408038        2.8408038      -23.585791      -23.585791
              5      -8.9819392      0.48597303      0.54867176      -13.094663      0.36124033       3.0617733       3.5372989   8.0414996e-14       2.2974196       1.8876779        1.8876779      -21.739234      -21.739234
              4      -9.8004409      0.53942809      0.54695901      -13.069556      0.37198374       3.4628055       3.5233762   8.5200879e-14       2.3549611       1.6295003        1.6295003      -22.859882      -22.859882
              7      -10.234401      0.66479401      0.49418187      -13.072901      0.47794734       4.6216176       3.1201959   8.4547072e-14       3.0057118       1.5160698        1.5160698      -23.500942      -23.500942
              2      -9.5471285      0.41407547      0.88972441      -12.919068       1.0308121       2.5946302       7.7575469   1.2048459e-13       10.735249      0.87003152       0.87003152       -20.83432       -20.83432
              3      -10.393863      0.51858445       1.0208926      -12.927027      0.97766131       3.3005358       10.492828   1.1829673e-13       9.4986375      0.53831033       0.53831033      -21.864347      -21.864347
              1      -7.8240742      0.40177593      0.72667464      -13.026135      0.67731606       2.5221792       5.3293548   9.4159581e-14       4.7568128       1.2397962        1.2397962      -18.127741      -18.127741
              3      -11.358983      0.34415257      0.69336828      -13.008425      0.58847774       2.2087806       4.9359219    9.807877e-14       3.8768388       1.3678615        1.3678615      -25.453689      -25.453689
              8      -11.354329       0.3485425      0.68266471      -13.011526      0.58143369       2.2312205       4.8157586    9.738098e-14       3.8144655       1.3870934        1.3870934      -25.482844      -25.482844
              5      -10.838786      0.23152231      0.73431424      -13.006943      0.71257211       1.7042069       5.4239321    9.841396e-14       5.1590782       1.6532613        1.6532613      -24.984094      -24.984094
              2       -11.00173      0.24321253      0.75288685       -12.99573      0.78024999       1.7507032       5.6609178   1.0098796e-13       6.0290654       1.5585716        1.5585716      -25.120604      -25.120604
             21      -11.001227       0.2432282       0.7528084      -12.995817      0.78053568       1.7507664       5.6598954   1.0096788e-13       6.0330326       1.5590751        1.5590751      -25.120604      -25.120604
              4      -11.183259      0.33449419      0.67490445      -13.010372      0.80328361       2.1602011       4.7304718   9.7639997e-14       6.3574596       1.4512833        1.4512833      -25.269085      -25.269085
              4      -11.522111       0.4402924      0.65815008      -13.012936      0.72936661       2.7560837       4.5514532   9.7065233e-14       5.3624914       1.1943517        1.1943517      -25.432925      -25.432925
              7      -11.586994      0.43126451      0.68879319       -13.00937      0.74184403        2.699383       4.8841972   9.7865477e-14       5.5187921       1.1545724        1.1545724      -25.483134      -25.483134
             12      -11.389966      0.43350111      0.68604101      -13.008034      0.72664571       2.7133206       4.8533432   9.8167219e-14       5.3289999       1.1443845        1.1443845      -25.068702      -25.068702
              4      -11.465082      0.42616475      0.75084523      -12.992583      0.78780217       2.6678706       5.6343682   1.0172256e-13       6.1348249       1.0245662        1.0245662      -24.979297      -24.979297
              6      -12.225987      0.53502273       1.0611241      -12.932834      0.69369285       3.4278573       11.511292   1.1672548e-13       4.9396122      0.35864623       0.35864623      -25.169267      -25.169267
              8       -11.79006      0.98289306       1.0898641      -12.906891      0.32824505       9.6137552       12.298838   1.2391074e-13       2.1293402      0.34070095       0.34070095      -24.261521      -24.261521
              9      -11.687131      0.99399097       1.0662827      -12.925698      0.34483161       9.8625899       11.648841   1.1865923e-13       2.2122368      0.37937321       0.37937321      -24.133009      -24.133009
              5      -11.427531       1.0762824       1.1329351      -12.917527      0.36965953       11.920169       13.581103   1.2091289e-13       2.3423918      0.44196963       0.44196963      -23.739002      -23.739002
             22      -11.450018       1.1619184       1.0880532      -12.912658      0.21856274       14.518387       12.247661   1.2227614e-13       1.6541037      0.77616455       0.77616455      -24.452364      -24.452364
              2      -10.207039       1.1499792       1.1530319      -12.890116       0.2414865       14.124699       14.224334   1.2879051e-13       1.7437591      0.67725727       0.67725727      -21.768593      -21.768593
              6       -11.91995       1.2561126        1.146238      -12.905695      0.74347576       18.034854       14.003546   1.2425259e-13       5.5395662      0.66892584       0.66892584      -25.177751      -25.177751
             10      -11.941157       1.2519759       1.1470361      -12.905601      0.74659811       17.863884       14.029302   1.2427931e-13       5.5795363       0.6585242        0.6585242      -25.199362      -25.199362
              7      -9.9696605       1.3732235        1.233246      -12.884961      0.71512457       23.616933       17.109842    1.303285e-13       5.1894887       1.0053491        1.0053491      -21.950019      -21.950019
              5      -11.430811       1.4010736       1.1087632      -12.923123      0.66663012       25.181038        12.84586   1.1936501e-13       4.6411983       1.1495753        1.1495753      -25.160773      -25.160773
             12      -11.385387       1.4060595       1.1040514      -12.921329      0.65637449       25.471795       12.707244   1.1985897e-13       4.5328828       1.1636917        1.1636917      -25.098157      -25.098157
             10      -11.787075       1.2882884       1.1265424      -12.923368      0.60282262       19.421751        13.38266   1.1929768e-13       4.0070303      0.79308542       0.79308542      -25.160321      -25.160321
              2      -10.868025       1.1279902       1.0115565      -12.917157      0.64379386       13.427347       10.269671   1.2101603e-13        4.403458      0.40866501       0.40866501      -22.553379      -22.553379
             10      -11.142961      0.66959999       1.1949452      -12.910082      0.89868418       4.6730453       15.665532   1.2300367e-13       7.9192523      0.22517385       0.22517385      -22.736269      -22.736269
              5      -11.986898      0.53399636       1.2832624      -12.878016       1.0684254       3.4197657       19.198281   1.3242916e-13       11.706456      0.55372542       0.55372542      -25.081247      -25.081247
              3      -11.557585      0.28344645       1.2210352      -12.906886      0.87675482       1.9206421       16.635476   1.2391213e-13       7.5293039      0.99156778       0.99156778      -25.098305      -25.098305
             16      -11.772232      0.31279867       1.2600649      -12.899542      0.83615601       2.0549378       18.199729   1.2602537e-13       6.8573452      0.87795761       0.87795761      -25.300379      -25.300379
              1      -11.488031      0.22814795       1.1815872      -12.913845      0.83178524       1.6910169       15.191029   1.2194261e-13       6.7886785       1.1531897        1.1531897      -25.282441      -25.282441
             21      -11.776187      0.32254304        1.163553      -12.892527      0.98082072        2.101566       14.573136   1.2807741e-13       9.5679902      0.91997562       0.91997562      -25.392326      -25.392326
              9      -11.757429      0.32816509       1.1779406      -12.887814      0.99534913       2.1289482       15.064009   1.2947511e-13       9.8934812      0.91370354       0.91370354      -25.342266      -25.342266
              7      -11.387574      0.29537807       1.3623977      -12.884995       1.0425237       1.9741406       23.035503   1.3031816e-13       11.028685       1.1570653        1.1570653      -25.089279      -25.089279
              1        -11.4067      0.29410703       1.3574063      -12.885295       1.0389701       1.9683713       22.772267   1.3022811e-13       10.938811       1.1530524        1.1530524      -25.119505      -25.119505
              4      -10.878843      0.42618372       1.3637032      -12.872242       1.0591292       2.6679871       23.104851   1.3420171e-13       11.458538      0.80647019       0.80647019      -23.370626      -23.370626
              3      -12.020459      0.45616856       1.2733045      -12.896468      0.94285781       2.8586999       18.763096    1.269206e-13       8.7671374      0.58655279       0.58655279      -25.214024      -25.214024
             12      -10.113176      0.68607522       1.1032012      -12.913889      0.67437084       4.8537256       12.682394   1.2193008e-13       4.7246631      0.12433528       0.12433528      -20.475022      -20.475022
              5       -11.29447       0.9543854       1.2223044      -12.892218      0.95894629       9.0029617       16.684161    1.281687e-13       9.0980075      0.25360249       0.25360249      -23.096144      -23.096144
             28      -11.422668      0.96553386        1.203837      -12.901405      0.96552588        9.237062       15.989578   1.2548599e-13       9.2368922      0.27991429       0.27991429      -23.405165      -23.405165
              1      -11.111594        1.136518      0.97190348      -12.921635      0.70417199        13.69361       9.3735366   1.1977466e-13       5.0602502      0.45414251       0.45414251      -23.131473      -23.131473
             10      -11.685132       1.1172191      0.99637031      -12.921395      0.69022609       13.098427       9.9167717   1.1984095e-13       4.9003386      0.40393219       0.40393219      -24.178129      -24.178129
              2       -11.81846       1.1440119       1.0043872      -12.912717      0.69598646       13.931949       10.101531   1.2225963e-13       4.9657684      0.43367491       0.43367491      -24.504271      -24.504271
             17       -11.83747        1.143545       1.0052527      -12.912295      0.69621062       13.916981       10.121683   1.2237852e-13       4.9683321      0.43152565       0.43152565      -24.537992      -24.537992
              4      -10.430363       1.1795126      0.99813366      -12.892675       0.7344865       15.118634       9.9571181   1.2803401e-13       5.4260839      0.48005562       0.48005562      -21.820838      -21.820838
              4      -10.817519      0.47627138      0.96604605      -12.818384       1.2949492        2.994135       9.2479623   1.5192029e-13       19.721919       1.0013912        1.0013912       -23.63782       -23.63782
             19      -10.694926      0.10961138      0.96779345      -12.880113       1.2087886       1.2870973       9.2852467   1.3179135e-13       16.172926       2.0209708        2.0209708      -25.431794      -25.431794
             40      -10.675553      0.10087141      0.99628389      -12.869384       1.2041841        1.261454       9.9147984   1.3508788e-13       16.002364       2.0237762        2.0237762      -25.398659      -25.398659
             71      -10.738341       0.1190734       0.9861988      -12.869956       1.2064142       1.3154471        9.687212   1.3491009e-13       16.084746       1.9556566        1.9556566      -25.387995      -25.387995
              9      -10.741911         0.12087      0.99005426      -12.869834       1.2068887       1.3209002       9.7735932    1.349479e-13       16.102329       1.9470964        1.9470964      -25.378015      -25.378015
             15      -10.476375     0.023275048       1.0880308      -12.864235       1.0778091       1.0550549       12.247029   1.3669882e-13       11.962146       2.1505573        2.1505573      -25.253865      -25.253865
              3      -10.266353       0.2161443       1.2473952      -12.868354       1.1824864       1.6449182       17.676456   1.3540842e-13       15.222513       1.5319616        1.5319616      -23.596629      -23.596629
              2      -10.434709      0.19875673       1.2593431       -12.86986       1.1521993       1.5803625       18.169506    1.349399e-13       14.197089       1.5532203        1.5532203      -23.975859      -23.975859
             12      -11.191539      0.22891491       1.3174037       -12.88386       1.0422419       1.6940059       20.768432   1.3065924e-13       11.021531       1.3416909        1.3416909      -25.066461      -25.066461
              4      -11.008862      0.18797563       1.3273681      -12.886895       1.0222605        1.541614        21.25045   1.2974924e-13       10.525932       1.4784043        1.4784043      -24.974532      -24.974532
              4      -10.600634      0.17552715       1.3248192      -12.896111      0.99883051       1.4980529       21.126094   1.2702489e-13       9.9731078        1.512546         1.512546      -24.226361      -24.226361
             13      -11.790363      0.54825712       1.2826156      -12.885224       1.0852402       3.5339233       19.169712   1.3024948e-13       12.168588      0.56227591       0.56227591      -24.705279      -24.705279
              6      -11.755592      0.46767912       1.3169619      -12.876792       1.0993986       2.9354799       20.747317   1.3280313e-13       12.571832      0.73919644       0.73919644      -24.989578      -24.989578
             21      -10.553205      0.39154805      0.94822736       -12.91867      0.72886286       2.4634744       8.8762058   1.2059532e-13       5.3562749      0.67594075       0.67594075      -22.458291      -22.458291
              6      -11.629648      0.58147429        1.042421      -12.929195       0.6140886       3.8148221       11.026077   1.1770772e-13       4.1123361      0.28647755       0.28647755      -23.832251      -23.832251
             13      -11.163266      0.41098807       1.5045153      -12.835498       0.5415582       2.5762504       31.953271   1.4605011e-13       3.4798313       0.7455163        0.7455163      -23.817564      -23.817564
             24      -11.276912      0.99001139       1.0052344      -12.934637      0.29339306       9.7726286       10.121256   1.1624197e-13        1.965138      0.47374613       0.47374613      -23.501316      -23.501316
             14      -10.797821       1.0323857      0.99525678      -12.915848      0.72471294       10.774217       9.8913776   1.2138143e-13       5.3053365      0.26115868       0.26115868      -22.117959      -22.117959
              5      -9.8701525      0.52320662       1.0337002      -12.948561       0.6764866       3.3358508       10.806876   1.1257417e-13       4.7477365      0.42835522       0.42835522      -20.597015      -20.597015
              4      -9.0545668      0.58218376      0.77522656      -12.940645      0.88596309       3.8210591       5.9597296   1.1464484e-13       7.6906508      0.58291889       0.58291889      -19.274971      -19.274971
              2      -9.4595945       0.7083628      0.73731769      -12.981556      0.62992801       5.1093164       5.4615723   1.0433824e-13       4.2650881      0.56244527       0.56244527       -20.04408       -20.04408
             19      -11.454111        1.241727       1.3527747      -12.888852      0.58198054       17.447249       22.530699   1.2916593e-13       3.8192716      0.69571711       0.69571711      -24.299656      -24.299656
             15       -11.47096        1.241764       1.3526313       -12.88886      0.58192516       17.448738        22.52326   1.2916344e-13       3.8187846      0.69572764       0.69572764      -24.333375      -24.333375
              1      -11.541538       1.1375862       1.3902761       -12.88898      0.58389639       13.727333       24.562701   1.2912787e-13       3.8361572      0.48939747       0.48939747       -24.06187       -24.06187
             18      -11.784143       1.1730303       1.4600727      -12.872276      0.58459873       14.894651       28.845146   1.3419108e-13        3.842366      0.61364824       0.61364824      -24.795583      -24.795583
             11      -11.249531      0.88009533       1.4851651      -12.880782       0.6194349        7.587441       30.560824   1.3158866e-13       4.1632731      0.26547873       0.26547873      -23.030019      -23.030019
             21      -11.751577      0.88973007       1.4930473      -12.879722      0.62687383       7.7576479       31.120553   1.3191001e-13       4.2351991      0.27727055       0.27727055      -24.057694      -24.057694
              3      -11.666606      0.87064626       1.4929251      -12.879948      0.63237471       7.4241419       31.111794   1.3184159e-13       4.2891844      0.26875033       0.26875033      -23.870713      -23.870713
             19      -12.080043      0.90797292       1.4699904      -12.881544      0.60555618       8.0904545       29.511437   1.3135793e-13       4.0323311      0.26438426       0.26438426      -24.688855      -24.688855
             10      -9.3655917       1.0288294       1.3198062      -12.899626      0.67769577       10.686349       20.883639   1.2600093e-13       4.7609735      0.26016544       0.26016544      -19.251514      -19.251514
             11      -11.313333       1.1131532       1.1890866      -12.907685      0.63844468       12.976368       15.455626   1.2368446e-13       4.3495536      0.34905008       0.34905008      -23.324765      -23.324765
             33      -11.570518      0.82636942       1.4369782      -12.855116      0.58166224       6.7045467       27.351315   1.3959943e-13       3.8164734      0.17718269       0.17718269      -23.495401      -23.495401
              4      -11.958259      0.82473095       1.4451621      -12.854033      0.57688072          6.6793        27.87161   1.3994797e-13        3.774685      0.18665315       0.18665315      -24.289824      -24.289824
             16      -12.284797      0.80717492       1.4399941      -12.860119      0.59188529       6.4146788       27.541912   1.3800071e-13       3.9073767      0.18104263       0.18104263      -24.931678      -24.931678
             21      -12.288956      0.80275667       1.4404835      -12.859473      0.57775768       6.3497506       27.572965    1.382061e-13       3.7823149      0.18501658       0.18501658      -24.947945      -24.947945
             18      -12.248574      0.81488073       1.4514194      -12.860465      0.58891075       6.5295121       28.276095   1.3789067e-13       3.8807061       0.1948448        0.1948448      -24.886837      -24.886837
              2      -12.230651      0.83426782       1.4452283      -12.859319      0.56766928       6.8275961       27.875863   1.3825515e-13       3.6954666      0.19468846       0.19468846      -24.850679      -24.850679
             17      -10.363199      0.56814667       1.3499859      -12.860198      0.53144668        3.699531       22.386484   1.3797539e-13       3.3997476       0.2953794        0.2953794      -21.317156      -21.317156
             19      -11.108336      0.57912928      0.71579775      -13.009509      0.24401028       3.7942792       5.1975389    9.783423e-14        1.753922       1.1263311        1.1263311      -24.469335      -24.469335
              3       -8.343297      0.97141974      0.50575914      -13.035737       0.0108864       9.3631016       3.2044916   9.2100797e-14       1.0253837       1.9436307        1.9436307      -20.573855      -20.573855
             16       -8.804296       1.1154942      0.43906609      -13.041695     -0.06221982       13.046504       2.7483124    9.084588e-14      0.86652317        2.490028         2.490028      -22.588648      -22.588648
             52      -8.6610043       1.0437672      0.45225862      -13.044385    -0.055858741       11.060308       2.8330786   9.0284831e-14      0.87930847       2.3420022        2.3420022      -22.006013      -22.006013
             27      -10.583647       1.0370875      0.61603248      -12.995383     0.012199087       10.891496        4.130784   1.0106879e-13       1.0284877       1.6211043        1.6211043      -24.409503      -24.409503
              5      -10.619395       1.2994912      0.64522382      -12.977168      0.58833253        19.92926       4.4179808    1.053979e-13       3.8755428       1.3792078        1.3792078      -23.997207      -23.997207
              5      -10.595196       1.2583754      0.64277877      -12.979861      0.60902588       18.129066       4.3931777   1.0474649e-13       4.0646755       1.2721949        1.2721949      -23.734781      -23.734781
              3      -12.397041      0.86610642       1.1082057      -12.899925      0.69601947       7.3469388       12.829382   1.2591426e-13       4.9661459     0.059838991      0.059838991       -24.91376       -24.91376
              4       -10.94244      0.71402467       1.1777689      -12.875797       0.8545995       5.1763624       15.058057    1.331076e-13        7.154833      0.10343111       0.10343111      -22.091743      -22.091743
             13      -11.648818      0.72543315       1.1757913      -12.876867      0.85519832       5.3141419       14.989642   1.3277996e-13       7.1647051     0.098439976      0.098439976      -23.494516      -23.494516
              2      -11.918455      0.73535085       1.1637591      -12.878812      0.86691512       5.4368938       14.580052   1.3218667e-13       7.3606323      0.10141217       0.10141217      -24.039735      -24.039735
              1      -12.158691      0.74457748       1.1497373      -12.881372      0.85866093       5.5536368       14.116833    1.314098e-13       7.2220574     0.093868806      0.093868806      -24.505119      -24.505119
              7      -12.086697      0.74573938       1.1396891      -12.892476      0.85752198       5.5685148       13.793963   1.2809257e-13       7.2031421      0.10838625       0.10838625      -24.390167      -24.390167
              4      -11.531769      0.74596448       1.1659067      -12.895992      0.87112727       5.5714018       14.652332   1.2705981e-13       7.4323691      0.12572413       0.12572413      -23.314986      -23.314986
              5      -12.189865      0.48784079       1.2763298      -12.891452      0.58828595       3.0749693       18.894255   1.2839511e-13       3.8751271      0.40225225       0.40225225      -25.184235      -25.184235
              2      -11.462556      0.52411169       1.1432536      -12.930502      0.67184574         3.34281       13.907647    1.173541e-13       4.6972723      0.36494391       0.36494391         -23.655         -23.655
              1       -11.62696      0.53808278       1.1404686       -12.93098      0.66323808       3.4520953       13.818746   1.1722505e-13       4.6050896      0.34232602       0.34232602      -23.938572      -23.938572
              4      -12.173622       0.6708304       1.1387566       -12.90467      0.87315291       4.6863034       13.764378   1.2454614e-13       7.4671162       0.1864155        0.1864155      -24.720076      -24.720076
             16      -12.207796      0.55713276        1.232004      -12.902776      0.97140296       3.6068889        17.06098   1.2509028e-13       9.3627399      0.42026266       0.42026266      -25.256117      -25.256117
              3      -11.726348      0.58221906       1.2746464      -12.888458      0.88975683       3.8213697       18.821159   1.2928321e-13       7.7581261      0.30905042       0.30905042      -24.070797      -24.070797
             27      -10.011405       1.3088595       1.0238524      -12.784447       1.0756623       20.363832       10.564584   1.6426815e-13       11.903161       1.0365826        1.0365826      -22.095976      -22.095976
              8      -8.2957261       1.3385462       1.0211767      -12.789738       1.0672873       21.804505       10.499696   1.6227902e-13       11.675817        1.113696         1.113696      -18.818844      -18.818844
              6      -8.0485494       1.2692373       1.1034493      -12.932747      0.70795931       18.588199       12.689639   1.1674886e-13       5.1045717      0.75860762       0.75860762      -17.614314      -17.614314
              4      -7.2076954       1.0981766       1.3724913      -12.842148      0.42165617       12.536508       23.577148   1.4383068e-13       2.6403176      0.44180538       0.44180538      -15.299001      -15.299001
              8      -6.2110033       1.1466015       1.2841354      -12.855557      0.37412339       14.015271       19.236915   1.3945783e-13        2.366592      0.51936854       0.51936854      -13.460744      -13.460744
             14      -6.1328904       1.1779491        1.269763      -12.864142      0.37804164       15.064306       18.610713   1.3672821e-13       2.3880403      0.58168259       0.58168259      -13.429146      -13.429146
              7      -8.0940971       1.4911416       1.2251777      -12.879312      0.60300974       30.984291       16.794909   1.3203454e-13       4.0087571       1.4404627        1.4404627      -19.069119      -19.069119
             10      -11.366002       1.0815448       1.5480979      -12.890139      0.59905726       12.065485       35.326282   1.2878384e-13       3.9724392      0.57528357       0.57528357      -23.882571      -23.882571
             27      -11.368002      0.98176419       1.5560335      -12.890113      0.61726875       9.5887985       35.977705    1.287913e-13       4.1425594      0.45042382       0.45042382      -23.636852      -23.636852
              7       -11.30976      0.97752502       1.5775804      -12.880011      0.61475649        9.495657       37.807711   1.3182241e-13       4.1186652      0.46498136       0.46498136      -23.549482      -23.549482
              6      -11.349902      0.97928262        1.573855      -12.879364      0.61210065        9.534164       37.484785   1.3201894e-13       4.0935552      0.46055507       0.46055507      -23.620914      -23.620914
             65      -9.9885184       1.1609112       1.6731773      -12.888934      0.64664979       14.484758       47.116966   1.2914156e-13       4.4325107      0.92580241       0.92580241      -21.828642      -21.828642
              6      -9.7304314       1.1612485       1.7082356      -12.887407      0.62026942       14.496011       51.078207   1.2959654e-13       4.1712807      0.99581454       0.99581454      -21.452492      -21.452492
              8      -6.5697435       1.5862808      0.93626481      -12.875313      0.79963419       38.572768        8.635049   1.3325614e-13        6.304261       1.9149776        1.9149776      -16.969442      -16.969442
             12      -7.8942096       1.0145932    0.0054815177      -13.183197    -0.058788823       10.341729       1.0127017   6.5584811e-14      0.87339596       4.6399561        4.6399561      -25.068332      -25.068332
              6      -6.2916379       1.1347884       0.7259096      -13.012342      0.17701213       13.639185       5.3199752   9.7198057e-14       1.5031839       1.3789765        1.3789765      -15.341229      -15.341229
              7      -6.3721421      0.84626476      0.63628938      -13.037837      0.29054424       7.0188306       4.3280213   9.1656437e-14       1.9522896       1.1632963        1.1632963      -15.070877      -15.070877
             10      -11.409659      0.78389869      0.60174383      -13.044169       0.3274155       6.0799315       3.9970891   9.0329851e-14       2.1252768       1.2110531        1.2110531      -25.241424      -25.241424
              3      -10.691652      0.28171604      0.67155018      -13.021786      0.34635078       1.9130047       4.6940767   9.5107337e-14       2.2199888       1.8074082        1.8074082      -24.998121      -24.998121
             28      -10.603846      0.31788624       1.0132269      -12.933166      0.27931339        2.079152       10.309246   1.1663645e-13       1.9024506       1.1223812        1.1223812      -23.452454      -23.452454
              3       -10.07203      0.35942453       1.0131264      -12.931423      0.25637524       2.2878341       10.306862   1.1710529e-13       1.8045763       1.0291968        1.0291968      -22.202455      -22.202455
              3      -11.173447      0.37202865      0.99345344      -12.929159      0.28218162       2.3552047       9.8503904   1.1771755e-13       1.9150566      0.96403856       0.96403856      -24.274972      -24.274972
              8      -10.970466      0.36875431      0.98035959      -12.937652      0.29302551       2.3375145       9.5578364   1.1543781e-13       1.9634756       0.9874471        0.9874471      -23.915826      -23.915826
              3      -10.814929      0.38386256      0.98303378      -12.936758      0.25973517        2.420263       9.6168708   1.1567569e-13       1.8185915      0.98646281       0.98646281      -23.602784      -23.602784
              2      -9.1951982      0.41781331        1.067772      -12.914464      0.22757357       2.6170578       11.688855   1.2176883e-13       1.6887819      0.86511661       0.86511661       -20.12063       -20.12063
             15      -11.630613      0.49096759       1.3435635      -12.881373       0.6865706       3.0971882       22.057867   1.3140964e-13       4.8592652      0.41529499       0.41529499      -24.091815      -24.091815
              7      -12.067059      0.45596414       1.3495597      -12.878437      0.84949248       2.8573546       22.364525   1.3230097e-13       7.0711896      0.54057543       0.54057543      -25.215269      -25.215269
              7      -11.904083      0.49397595       1.3539355      -12.888578      0.80088084       3.1187169       22.591003   1.2924742e-13       6.3223835      0.45621982       0.45621982      -24.720606      -24.720606
              5      -11.614186      0.51723343        1.314356      -12.896418      0.81008248       3.2902843       20.623197   1.2693532e-13       6.4577686      0.40108849       0.40108849      -24.030548      -24.030548
              3      -11.988886      0.42456886       1.3014794      -12.892117       0.9668959        2.658085       20.020707   1.2819863e-13       9.2660769      0.68867961       0.68867961      -25.355131      -25.355131
             23      -11.988508      0.42351805       1.3026666      -12.892305      0.96616972       2.6516613       20.075512   1.2814311e-13       9.2505961      0.69147503       0.69147503      -25.359966      -25.359966
              1      -12.054926      0.50941476        1.225442      -12.890139       1.0089623       3.2315789       16.805135    1.287836e-13       10.208509      0.51563338       0.51563338      -25.141119      -25.141119
             12      -12.106032       0.5158751       1.2617079      -12.888517       1.0232186       3.2800095       18.268712   1.2926551e-13       10.549178      0.53293443       0.53293443      -25.277932      -25.277932
             16      -11.379612      0.62817495      0.84875278       -12.94736      0.69597531       4.2479065        7.059156   1.1288592e-13       4.9656408      0.39077004       0.39077004      -23.540764      -23.540764
              2      -11.066627      0.48913116       1.3799795      -12.873708        1.000343       3.0841193       23.987197    1.337493e-13       10.007901      0.61857206       0.61857206      -23.370397      -23.370397
             15      -11.002775      0.47359129       1.3787242        -12.8736       1.0008127       2.9757147       23.917962   1.3378263e-13       10.018731      0.64879975       0.64879975      -23.303149      -23.303149
             30      -12.057983      0.59791479       1.3187647       -12.89219      0.98446895       3.9620029       20.833618   1.2817686e-13       9.6487032       0.4035759        0.4035759      -24.923117      -24.923117
             45      -12.471728      0.73011914       1.2749252      -12.898902      0.78123596       5.3717914       18.833246   1.2621116e-13       6.0427685      0.12881989       0.12881989      -25.201097      -25.201097
              9       -12.44195      0.76524371       1.3398938      -12.884025      0.77233714       5.8242997       21.872269    1.306096e-13       5.9202103      0.13015274       0.13015274      -25.144205      -25.144205
             15      -11.936116       0.7819825       1.3252929      -12.882175      0.81051766       6.0531649       21.149148   1.3116705e-13       6.4642428      0.12850424       0.12850424      -24.129241      -24.129241
              5      -11.094827      0.78801588       1.3511627      -12.883719       0.8296611       6.1378444       22.447226   1.3070159e-13        6.755556      0.15851759       0.15851759       -22.50669       -22.50669
             28      -11.922446      0.80895748        1.326876      -12.896903      0.79959534       6.4410621       21.226382   1.2679346e-13       6.3036972       0.1450342        0.1450342       -24.13496       -24.13496
              5      -11.698904      0.73794234       1.3634561      -12.904289      0.78139427       5.4694334       23.091708    1.246555e-13       6.0449717      0.19551142       0.19551142      -23.788831      -23.788831
             33      -11.830806      0.60701409        1.243816      -12.890936       1.0045614       4.0458902       17.531376   1.2854772e-13       10.105585      0.37010222       0.37010222      -24.401817      -24.401817
             15      -12.287082      0.64792504       1.2284647      -12.894506      0.94093634       4.4455453       16.922508   1.2749519e-13       8.7284342      0.26133306       0.26133306       -25.09683       -25.09683
             12      -12.436352      0.80756084       1.2560756        -12.8939        0.813455       6.4203815       18.033316   1.2767321e-13       6.5081117      0.10469599       0.10469599      -25.082096      -25.082096
              1      -12.405505      0.80772776       1.2606985      -12.892628      0.81461253       6.4228497       18.226298   1.2804777e-13        6.525481      0.10534457       0.10534457        -25.0217        -25.0217
              4      -12.327857      0.96549801       1.2905199      -12.881305       0.6439019       9.2362996       19.521803   1.3143007e-13       4.4045537      0.14233959       0.14233959      -24.940393      -24.940393
              7      -12.197872       1.0319948       1.1921585      -12.898207      0.61022454       10.764522       15.565336   1.2641336e-13       4.0759096      0.20776729       0.20776729      -24.811278      -24.811278
             52        -11.1109      0.96499052       1.2418979      -12.899126      0.63483633       9.2255129       17.454116    1.261461e-13       4.3135648      0.14630758       0.14630758      -22.514414      -22.514414
              1      -9.0570137       1.0055919       1.3262661      -12.868782      0.72468829        10.12959       21.196594   1.3527518e-13       5.3050355      0.19693534       0.19693534      -18.507898      -18.507898
              2      -7.9578059      0.62433992       1.9978164        -12.7497      0.45774499       4.2105606       99.498461   1.7795069e-13       2.8690954       1.5478852        1.5478852      -19.011382      -19.011382
             26      -10.736075      0.66654113       1.7265815      -12.775279      0.59094916       4.6402473        53.28212   1.6777273e-13       3.8989634      0.71425113       0.71425113      -22.900653      -22.900653
              9      -9.6961187       1.1764987       1.5848056      -12.800791      0.35722526        15.01408       38.441965   1.5820102e-13       2.2762778      0.91903249       0.91903249      -21.230302      -21.230302
             12      -8.3786785        1.652786       1.5022452      -12.769408      0.21139264       44.955828       31.786681    1.700561e-13       1.6270191       2.7483644        2.7483644      -22.254086      -22.254086
              2      -9.1778679       1.6394033       1.5371124      -12.764177      0.25601973       43.591651       34.443905   1.7211673e-13       1.8030996       2.6728618        2.6728618       -23.70146       -23.70146
             12      -8.9673421       1.5988534       1.6024329      -12.746291      0.22002172       39.705749       40.034362   1.7935306e-13       1.6596699       2.6557277        2.6557277       -23.24614       -23.24614
             31      -7.7575504       1.7490716       1.4724146      -12.797095      0.19154863       56.114042       29.676629   1.5955318e-13       1.5543493       3.2312012        3.2312012      -21.977503      -21.977503
              9      -8.2299577       1.7882073       1.3931936      -12.812343      0.20377638       61.405511       24.728263   1.5404816e-13       1.5987346       3.3467138        3.3467138      -23.153343      -23.153343
              1      -9.9271908       1.2597189       1.5289899      -12.776019      0.31735282       18.185232       33.805699   1.6748678e-13       2.0765999       1.1045757        1.1045757      -22.063533      -22.063533
              7      -10.807056       1.2344048       1.4927125      -12.792516      0.30445894       17.155555        31.09657     1.61244e-13       2.0158534      0.98820163       0.98820163      -23.590515      -23.590515
             12      -10.816645       1.1807042        1.525887      -12.784461      0.29245442       15.160174       33.565024   1.6426275e-13       1.9608954      0.92523148       0.92523148      -23.483752      -23.483752
              2      -11.980741      0.86980769      0.95058806      -12.925466      0.28706961       7.4098206       8.9245857   1.1872284e-13       1.9367324      0.39886375       0.39886375       -24.75921       -24.75921
              7      -12.070156      0.77017261      0.95356582      -12.913531      0.25415335       5.8907774       8.9859876   1.2203079e-13       1.7953675       0.4072201        0.4072201      -24.954752      -24.954752
             22      -12.061559      0.80457598      0.91935202      -12.918601      0.23931521       6.3764063       8.3052368   1.2061446e-13       1.7350629      0.45537009       0.45537009      -25.033859      -25.033859
              9      -12.081403      0.80298802      0.95039047      -12.912293      0.24496458       6.3531341       8.9205262   1.2237898e-13       1.7577802      0.41410588       0.41410588      -24.991018      -24.991018
             18      -11.202945      0.67960019       1.1984739       -12.81475     0.067838482       4.7818967       15.793338   1.5319687e-13       1.1690645       0.6309018        0.6309018      -23.667694      -23.667694
              6      -11.191241      0.57909069        1.464836      -12.857375      0.55463994        3.793942       29.163255   1.3887519e-13       3.5862449      0.38110017       0.38110017      -23.144682      -23.144682
              2      -12.439491      0.61161549       1.1828855      -12.904523      0.61823424       4.0889847       15.236512   1.2458816e-13       4.1517791      0.18843778       0.18843778      -25.255859      -25.255859
              7      -12.058615      0.70558615      0.95816222      -12.941528      0.44834069       5.0767543       9.0815968   1.1441216e-13       2.8076353      0.30202476       0.30202476       -24.72128       -24.72128
              1        -12.2663      0.69552623      0.93368711      -12.949397      0.44080209       4.9605088       8.5839487   1.1235783e-13       2.7593201      0.35164737       0.35164737      -25.235894      -25.235894
             10      -10.764207       1.2007285       1.1339068      -12.888779      0.12154155       15.875539       13.611524   1.2918766e-13       1.3229443      0.97519065       0.97519065      -23.478795      -23.478795
             19       -10.85561       1.2041095       1.1302805      -12.889615      0.12621983       15.999614       13.498343   1.2893907e-13       1.3372722      0.97605804       0.97605804      -23.663336      -23.663336
              6      -10.922809       1.2234367       1.1478262      -12.876018      0.12040311       16.727719       14.054849   1.3303983e-13       1.3194809       1.0156253        1.0156253      -23.876869      -23.876869
              6      -10.827308       1.2146189       1.1580323      -12.874226      0.10450125       16.391509       14.389056   1.3359011e-13       1.2720414       1.0215811        1.0215811      -23.697777      -23.697777
              7      -11.372839       1.0305968      0.86327647      -12.952425      0.27910806       10.729929       7.2992203   1.1157719e-13       1.9015514      0.68188036       0.68188036      -24.109439      -24.109439
              2      -11.386096       1.0846216      0.92907503      -12.940986      0.26368129       12.151267        8.493272   1.1455491e-13       1.8351911       0.6981327        0.6981327      -24.168458      -24.168458
              3      -11.686803       1.0692649      0.93905949      -12.939026      0.26671345       11.729104       8.6907947   1.1507326e-13       1.8480489      0.65766969       0.65766969      -24.688946      -24.688946
             22       -12.12468      0.86025809       1.3099084      -12.893055      0.78367207        7.248666       20.413073   1.2792181e-13       6.0767597      0.12794561       0.12794561      -24.505252      -24.505252
             31       -11.56106      0.69888524       1.3696555      -12.903916      0.78465309       4.9990242       23.423702   1.2476253e-13       6.0905019      0.22312262       0.22312262      -23.568364      -23.568364
              6      -12.204509      0.60914011        1.256272      -12.903566      0.88030738       4.0657447       18.041474   1.2486294e-13       7.5911466      0.28395482       0.28395482      -24.976928      -24.976928
              6      -12.077531      0.60565969       1.2137603      -12.899126      0.89526195       4.0332922       16.359132   1.2614626e-13       7.8570941      0.27410575       0.27410575      -24.703273      -24.703273
              5      -12.403653      0.61975411         1.22081      -12.898949      0.88092996       4.1663342       16.626849   1.2619771e-13       7.6020367      0.24896895       0.24896895      -25.305244      -25.305244
             16      -12.357023      0.62572453       1.2324326       -12.90154      0.87909344       4.2240061       17.077828   1.2544689e-13       7.5699576      0.24981654       0.24981654      -25.213679      -25.213679
              9       -12.33254      0.62332149       1.2288903      -12.901845      0.88420927       4.2006983       16.939098   1.2535899e-13       7.6596561      0.25530527       0.25530527      -25.175691      -25.175691
              1      -11.612981      0.63952241        1.335042        -12.8889      0.93487514       4.3603606       21.629275   1.2915155e-13       8.6074626      0.31449471       0.31449471      -23.854951      -23.854951
              2      -11.325281      0.61585071       1.2769332      -12.912934       1.0188864       4.1290554       18.920525   1.2219849e-13       10.444469      0.43197513       0.43197513      -23.514512      -23.514512
             18      -10.953729      0.57042943       1.2909683      -12.895522       1.0999463       3.7190278       19.541967   1.2719722e-13       12.587696      0.56979905       0.56979905      -23.047056      -23.047056
              1      -10.197806      0.27019938        1.304714      -12.920685       1.1859318       1.8629422       20.170377   1.2003693e-13       15.343762       1.4701638        1.4701638       -23.33594       -23.33594
              4      -8.0028933    -0.081583416      0.36364002      -13.095613      0.29251639      0.82873672       2.3101491    8.023933e-14       1.9611752       4.4809651        4.4809651      -24.967717      -24.967717
             15      -7.9401175    -0.077085363      0.32694799      -13.106366      0.24830211      0.83736468       2.1229902   7.8276892e-14       1.7713408       4.6827907        4.6827907      -25.245816      -25.245816
             13      -7.8365184    -0.082690637      0.31528761       -13.12316      0.31095511      0.82662658       2.0667484   7.5307861e-14       2.0462331       4.7824518        4.7824518       -25.23794       -25.23794
              7      -8.2115774    -0.020096767      0.32006479      -13.113785      0.34539001      0.95477982       2.0896079   7.6951094e-14        2.215083       4.3390701        4.3390701      -25.101295      -25.101295
              2      -9.2066425      0.19329441      0.42316518      -13.084673      0.14791326       1.5606101       2.6495077   8.2286108e-14       1.4057667       3.2187313        3.2187313      -24.850748      -24.850748
              3      -9.3005552      0.19204254      0.45573551      -13.083086      0.16534216        1.556118       2.8558508   8.2587448e-14       1.4633296       3.1083303        3.1083303      -24.817771      -24.817771
             17       -9.401619      0.13958566      0.53283748      -13.070998        0.226532       1.3790679       3.4106526   8.4918436e-14       1.6847366       2.9799877        2.9799877      -24.763213      -24.763213
             11       -8.553121      0.45894966      0.76551564       -12.98579      0.19080923       2.8770649       5.8279476   1.0332617e-13       1.5517053       1.2532843        1.2532843      -19.612811      -19.612811
              8      -8.7354585      0.21087692      0.73031481      -12.976852      0.31655886       1.6250881       5.3742122   1.0547474e-13        2.072807       1.8092958        1.8092958      -21.089509      -21.089509
             10      -9.4399978      0.17491269      0.76964722      -12.968388      0.33256221       1.4959349       5.8836553   1.0755042e-13       2.1506127       1.8457201        1.8457201      -22.571436      -22.571436
             10      -8.7470415     -0.15135811      0.62801447      -13.015532      0.25627282      0.70573537       4.2463371   9.6486836e-14       1.8041507       3.9083843        3.9083843      -25.310852      -25.310852
             18      -10.013139      0.55128569      0.48421854      -13.059864   -0.0051960079       3.5586534       3.0494291   8.7123645e-14      0.98810704       2.2796641        2.2796641      -24.585606      -24.585606
              5      -10.189953      0.54597115       0.4887218      -13.059476   -0.0031122575       3.5153709       3.0812136   8.7201533e-14      0.99285938       2.2715403        2.2715403      -24.922986      -24.922986
             13      -10.348044      0.54518072      0.51449264      -13.058542     0.015637124       3.5089786        3.269585   8.7389211e-14       1.0366619       2.1723958        2.1723958       -25.04088       -25.04088
              6      -10.058513      0.13172189      0.63519933      -13.001719       0.1749696       1.3543219       4.3171718   9.9604942e-14       1.4961309       2.5508002        2.5508002      -25.218626      -25.218626
              4      -7.7454984      0.06098376      0.79267508       -12.95599      0.64146553       1.1507574        6.204047   1.1066504e-13       4.3799135       2.0735758        2.0735758      -19.638148      -19.638148
              2      -10.145013     0.098614512      0.80938415      -12.958744      0.56929798       1.2549156        6.447393   1.0996547e-13       3.7093515       1.9123239        1.9123239      -24.114674      -24.114674
              1      -10.385132       0.2040117      0.83714975      -12.949284       0.6050542       1.5996011       6.8730538   1.1238685e-13        4.027673       1.4250737        1.4250737      -23.620411      -23.620411
             23      -10.300445      0.21258045      0.81941594      -12.952996      0.60012315       1.6314751       6.5980551   1.1143043e-13       3.9822008       1.4239544        1.4239544      -23.448799      -23.448799
              7      -9.5853705      0.58912687       0.7677336      -12.991142      0.60107708       3.8826377       5.8577873   1.0206053e-13       3.9909573       0.6828867        0.6828867      -20.536514      -20.536514
              6      -10.263593       0.6156971      0.77079771      -12.992008      0.58013869       4.1275952       5.8992624   1.0185721e-13       3.8031083      0.65440505       0.65440505      -21.835996      -21.835996
              4      -11.555706      0.84009038      0.73936559      -12.965778      0.59083161       6.9197496        5.487387   1.0819861e-13       3.8979083      0.48153984       0.48153984      -24.074491      -24.074491
              3      -11.095962      0.74594152      0.88242314      -12.962943      0.46092564       5.5711072       7.6282188   1.0890733e-13        2.890185      0.38999576       0.38999576      -22.971915      -22.971915
             16      -10.336413       1.1857217      0.41741305      -13.079498      0.39959845       15.336339       2.6146469   8.3272566e-14        2.509565       2.1491919        2.1491919       -24.97121       -24.97121
             18      -10.586052       1.4139475      0.77908119      -12.980023      0.56263818        25.93866       6.0128614   1.0470728e-13       3.6529033        1.586973         1.586973       -24.34605       -24.34605
             11       -9.545437       1.4571104       1.0107465      -12.943259      0.53699247       28.649062       10.250534   1.1395696e-13       3.4434396       1.4595295        1.4595295      -22.009933      -22.009933
             20      -10.717816       1.4765904       1.0285185      -12.932781      0.60048878       29.963354       10.678703   1.1673981e-13       3.9855547       1.4816951        1.4816951      -24.399022      -24.399022
              2      -10.790264       1.4439114      0.98337698      -12.936774      0.61797759       27.791461       9.6244735   1.1567145e-13       4.1493263       1.3784564        1.3784564      -24.337441      -24.337441
              2      -11.143504       1.4437716      0.98256116      -12.936997      0.61769581       27.782519       9.6064108    1.156121e-13        4.146635       1.3789519        1.3789519      -25.044912      -25.044912
              5      -8.4124611        1.334542       1.0207394      -12.905018     0.012005968        21.60439       10.489129   1.2444645e-13       1.0280304       1.6035359        1.6035359      -20.031994      -20.031994
             10      -8.9727123       1.1786911       1.0657138      -12.880419    -0.043202134       15.090065       11.633591   1.3169849e-13      0.90531114       1.2546006        1.2546006      -20.454626      -20.454626
             26      -8.9955984       1.5277925       1.4955069      -12.748751      0.12455938       33.712618       31.297299   1.7834011e-13       1.3321692       2.3246355        2.3246355      -22.640468      -22.640468
              1      -8.7723844       1.4434444        1.580219      -12.729134      0.17521597       27.761596       38.038114   1.8658039e-13       1.4969799       2.0571393        2.0571393      -21.659047      -21.659047
              6      -9.7071936      0.42774247       1.0246496       -12.86251     0.052604543       2.6775801       10.583995   1.3724289e-13       1.1287676       1.0740379        1.0740379      -21.562463      -21.562463
              2      -11.082357      0.43991552       1.0238877      -12.856972     0.066871231        2.753693       10.565442   1.3900416e-13       1.1664637       1.0136868        1.0136868      -24.192087      -24.192087
              9       -11.07838      0.37823787      0.95684919      -12.866099     0.084348721       2.3891195       9.0541813   1.3611334e-13       1.2143635       1.1679053        1.1679053       -24.49257       -24.49257
              9      -9.3907668      0.20307066      0.56587721      -13.030426     0.042963838       1.5961388        3.680249    9.323398e-14       1.1039867       2.7686023        2.7686023      -24.318738      -24.318738
              3      -10.064595      0.41559324      0.53376448      -13.070168      0.20909754       2.6037138       3.4179404   8.5080879e-14       1.6184435       2.1089338        2.1089338      -24.347057      -24.347057
             14      -9.5427784      0.26032036      0.53071881      -13.079725      0.26756549       1.8210437       3.3940545   8.3229108e-14       1.8516781       2.5345625        2.5345625      -24.154682      -24.154682
              1      -9.4678727      0.21369695      0.52093681      -13.080708      0.27342109       1.6356748       3.3184617   8.3040875e-14       1.8768134       2.7147471        2.7147471       -24.36524       -24.36524
              6      -9.5891751      0.26331965      0.40406293      -13.095691      0.37697334       1.8336635        2.535496   8.0224859e-14       2.3821732       2.7864519        2.7864519      -24.751254      -24.751254
              6      -9.9194224      0.31880796       0.4318613      -13.094878      0.34385532       2.0835694        2.703095   8.0375174e-14       2.2072693       2.5728067        2.5728067      -24.984458      -24.984458
              5      -9.8512319      0.27017626      0.47243317      -13.076036      0.28570921        1.862843       2.9677901   8.3939032e-14       1.9306752       2.5806262        2.5806262      -24.863716      -24.863716
             13      -9.9186873       0.2534979      0.49148242      -13.079173      0.41264352       1.7926599       3.1008619   8.3334971e-14       2.5860893       2.4815682        2.4815682      -24.800511      -24.800511
              1      -10.256242      0.37528156      0.67884639       -13.03007      0.67926446       2.3729116        4.773604    9.331044e-14       4.7782014       1.3953557        1.3953557      -23.303195      -23.303195
              9      -9.3160782      0.16093842      0.59981323      -13.037432      0.73528543       1.4485664         3.97936   9.1741994e-14       5.4360748       2.2734054        2.2734054      -23.178967      -23.178967
             11       -7.150839      0.11123586      0.55443912      -13.045544      0.75755299       1.2919207       3.5845869   9.0044319e-14       5.7220677       2.6086726        2.6086726      -19.519023      -19.519023
             19      -9.0684462      0.38247044      0.38800186      -13.087862      0.58458753       2.4125173        2.443441   8.1684165e-14       3.8422669       2.2985694        2.2985694      -22.734031      -22.734031
              7      -8.3964585      0.32565079      0.65271475      -13.034375      0.79568642       2.1166585       4.4948453   9.2389957e-14       6.2472145       1.6220973        1.6220973      -20.037112      -20.037112
             19      -11.346434      0.35059427      0.70706281      -13.002973      0.70931214       2.2417866       5.0940454   9.9317804e-14       5.1204973       1.2989598        1.2989598      -25.290788      -25.290788
             13      -10.182772      0.11483502      0.74217194      -13.006834      0.58593093       1.3026718       5.5229605   9.8438751e-14       3.8541705       2.0999415        2.0999415      -24.565426      -24.565426
              1      -9.5012884     0.074891781      0.69024177      -13.016154      0.64229509       1.1882061       4.9005155   9.6348698e-14       4.3882876       2.3768114        2.3768114        -23.7562        -23.7562
              4      -9.5360394      0.10459207      0.69286992      -13.016516      0.65482798       1.2723074       4.9302611   9.6268398e-14         4.51677       2.2443399        2.2443399      -23.560759      -23.560759
             39      -9.5375838      0.30346333      0.61734535      -13.030043      0.80700773       2.0112374       4.1432902   9.3316285e-14       6.4122099       1.7311081        1.7311081      -22.537384      -22.537384
             24      -10.275341      0.41679578      0.61045622      -13.033483      0.75970916       2.6109333       4.0780845   9.2580002e-14        5.750547       1.4335412        1.4335412      -23.417764      -23.417764
              4       -9.589171      0.37780984      0.59463403       -13.02713      0.80227003        2.386766       3.9321858   9.3944131e-14       6.3426395       1.5436086        1.5436086      -22.265559      -22.265559
              2      -9.9588086       1.0434448      0.31523274      -13.097662      0.22643022       11.052101       2.0664873    7.986157e-14       1.6843418       2.4676382        2.4676382      -24.852894      -24.852894
              2      -9.9917075       0.9886799      0.30250716      -13.096688      0.20004001       9.7427129       2.0068142   8.0040993e-14       1.5850392         2.46795          2.46795      -24.919315      -24.919315
              1      -9.5882314      0.99999629      0.30553323      -13.095005      0.19029256       9.9999146        2.020846   8.0351743e-14       1.5498603       2.4760635        2.4760635       -24.12859       -24.12859
             16      -11.328072      0.89763524      0.57250769      -13.028334      0.32599645       7.9001483       3.7368674    9.368411e-14       2.1183438       1.2065293        1.2065293      -25.069203      -25.069203
              1      -11.354505      0.90757159      0.57618919      -13.027629      0.31863112       8.0829816       3.7686794   9.3836424e-14       2.0827211       1.2099636        1.2099636      -25.128938      -25.128938
             27      -10.793795      0.64518436      0.48790931      -13.079627      0.24865869       4.4175794       3.0754545   8.3247788e-14       1.7727957       1.8157712        1.8157712      -25.219131      -25.219131
             16      -10.596295      0.66058574      0.49520144      -13.077492      0.18125788       4.5770509       3.1275297   8.3658036e-14       1.5179515       1.8716128        1.8716128      -24.935815      -24.935815
              4      -9.1551994      0.86375302      0.92581698      -12.921362      0.49372718       7.3072341       8.4297944   1.1985008e-13        3.116931      0.21615763       0.21615763      -18.742714      -18.742714
              5      -10.085671      0.68166228      0.96436142      -12.952143      0.39793239       4.8046558       9.2121589   1.1164958e-13       2.4999561      0.38673889       0.38673889      -20.944819      -20.944819
              1      -10.037625      0.52972392      0.89069736      -12.940927      0.25254539       3.3862882       7.7749457   1.1457058e-13       1.7887325      0.75354548       0.75354548      -21.582341      -21.582341
              3      -10.512046      0.12778362      0.77928643      -12.976375       0.5421165       1.3420961       6.0157036   1.0559051e-13       3.4843077       1.8932318        1.8932318      -24.810556      -24.810556
             19      -11.774587      0.32857126       1.0429101      -12.933633      0.72528128       2.1309402       11.038501   1.1651094e-13       5.3122839      0.84247178       0.84247178      -25.234117      -25.234117
              8      -11.298021      0.19043021       1.0502951      -12.915781      0.79657535       1.5503516       11.227811   1.2139996e-13       6.2600146       1.2799369        1.2799369      -25.155917      -25.155917
              1      -11.223261      0.23503471        1.073661      -12.911059       0.8104724       1.7180457       11.848435   1.2272724e-13       6.4635691       1.1100494        1.1100494       -24.66662       -24.66662
             21      -10.920039      0.25015338       1.0229267      -12.918851      0.80733192       1.7789076       10.542089   1.2054503e-13       6.4169982       1.0861149        1.0861149      -24.012308      -24.012308
              3      -12.070272      0.42602617       1.1654318      -12.906158      0.71434667       2.6670194       14.636318   1.2411998e-13       5.1802016      0.51564614       0.51564614      -25.171835      -25.171835
              1      -11.544681      0.34948798       1.0569422      -12.908641      0.77607541       2.2360833       11.400981   1.2341249e-13       5.9713897      0.73544053       0.73544053      -24.560242      -24.560242
             14      -11.533759      0.33752275       1.0457509      -12.914145      0.76979747        2.175318       11.110943   1.2185829e-13       5.8856912      0.78118038       0.78118038       -24.62988       -24.62988
              1       -9.823262      0.36398329       1.0279531      -12.916396      0.73111986       2.3119758        10.66481    1.212284e-13       5.3841836      0.70718634       0.70718634      -21.060897      -21.060897
             18      -10.306314      0.13412749      0.89641123      -12.952108      0.82045795       1.3618444       7.8779138   1.1165858e-13        6.613905       1.6844611        1.6844611      -23.981551      -23.981551
              1      -9.1649327     -0.01592314       1.1933072      -12.863868       1.0849197      0.96399961        15.60656   1.3681444e-13       12.159612       2.3582474        2.3582474       -23.04636       -23.04636
             26        -9.75936     -0.11663714        1.060241      -12.856618       1.1038562      0.76447424       11.487909   1.3911762e-13       12.701534       2.9096089        2.9096089      -25.337938      -25.337938
              3      -9.0846766     -0.06901077       1.4032528      -12.893567       0.9855534      0.85307896       25.307709   1.2777109e-13       9.6728266       2.6797521        2.6797521      -23.528857      -23.528857
              4         -9.3847      0.48823076       1.5309936      -12.844231      0.57592027       3.0777317       33.962028   1.4314254e-13       3.7663464      0.60387234       0.60387234      -19.977145      -19.977145
              4      -11.376836      0.55073881       1.5246583      -12.844889      0.60889101        3.554175       33.470197    1.429258e-13       4.0634134      0.47709144       0.47709144      -23.707855      -23.707855
             15      -11.576973      0.79380499       1.4777142      -12.859203      0.53155213       6.2202091       30.040988   1.3829199e-13       3.4005733      0.24578533       0.24578533      -23.645517      -23.645517
              1      -10.151688      0.91705659       1.4155492      -12.880215       0.5377113       8.2614559       26.034497    1.317604e-13       3.4491438      0.22916387       0.22916387      -20.761705      -20.761705
             14      -10.935787      0.59734732       1.4667553      -12.859737      0.56392339       3.9568294       29.292426   1.3812192e-13       3.6637294      0.35742197       0.35742197      -22.586418      -22.586418
             11      -10.190312     0.054081907       1.2850376      -12.899117       1.0886488        1.132614        19.27692   1.2614871e-13       12.264472       2.1134352        2.1134352      -24.607494      -24.607494
             16      -10.317185      0.19674415       1.3016428      -12.899575       1.0308616       1.5730559       20.028239   1.2601574e-13       10.736472       1.4592981        1.4592981      -23.552967      -23.552967
              7      -10.236263      0.19225782       1.3004451       -12.90003       1.0338312       1.5568896       19.973083   1.2588378e-13       10.810137       1.4796102        1.4796102      -23.431747      -23.431747
             17       -10.52838      0.17189479        1.295883      -12.912159       1.0488544       1.4855757       19.764371   1.2241669e-13       11.190625       1.5960869        1.5960869      -24.248933      -24.248933
              8       -11.51672      0.33349389        1.327109       -12.90089      0.92055855       2.1552313       21.237775   1.2563482e-13        8.328342      0.91698375       0.91698375      -24.867408      -24.867408
              4      -10.983078      0.20005351       1.3934098      -12.884074       1.0538131       1.5850885       24.740573   1.3059474e-13       11.319131       1.5216476        1.5216476      -25.009452      -25.009452
              2      -12.168753      0.55112675       1.2829292      -12.890463      0.99349351       3.5573513       19.183558   1.2868756e-13       9.8512992      0.45495119       0.45495119      -25.247409      -25.247409
              3      -12.054001      0.59143921       1.3420926      -12.889065       1.0146827       3.9033654       21.983288   1.2910269e-13       10.343863      0.45652863       0.45652863      -25.021059      -25.021059
              2      -12.066515      0.59067646       1.3437595       -12.88816       1.0204368       3.8965159       22.067823   1.2937187e-13       10.481822        0.463979         0.463979      -25.060988      -25.060988
              1      -11.772267      0.55705663        1.320263      -12.892496         1.01226       3.6062566       20.905618   1.2808681e-13        10.28632      0.49264005       0.49264005      -24.529814      -24.529814
              2      -12.377673      0.81466316       1.1586958      -12.863299       1.0042546       6.5262419       14.411055   1.3699392e-13       10.098448      0.18587162       0.18587162      -25.127089      -25.127089
              5      -12.162684      0.81888321         1.16232      -12.862478      0.98545414       6.5899665       14.531818    1.372531e-13        9.670616      0.16576717       0.16576717      -24.656902      -24.656902
              1      -12.194351      0.91634395       1.1467207       -12.87307       0.9887927       8.2479108       14.019119   1.3394621e-13       9.7452435       0.2116491        0.2116491      -24.811999      -24.811999
              7      -11.813122      0.87711526       1.1809371      -12.878006      0.99267133       7.5355553       15.168306   1.3243228e-13        9.832667      0.20646621       0.20646621      -24.039176      -24.039176
             64      -11.881715      0.87546678       1.1820987      -12.877786       0.9896238       7.5070062       15.208931   1.3249952e-13       9.7639108      0.20257355       0.20257355      -24.168577      -24.168577
              4      -9.5657682      0.90113215       1.2242502      -12.868603      0.83708106       7.9640165       16.759081   1.3533081e-13       6.8719668     0.094046179      0.094046179      -19.319629      -19.319629
             10      -12.122055      0.94537446       1.2221954      -12.882838      0.61085332       8.8180886       16.679977   1.3096706e-13        4.081815     0.099388979      0.099388979      -24.442887      -24.442887
              1      -12.318542      0.94756491       1.2128943      -12.885497      0.61038898       8.8626767       16.326544   1.3016772e-13       4.0774532      0.10195282       0.10195282      -24.840991      -24.840991
             17      -12.418375      0.76600544       1.2780859      -12.896487      0.82125071       5.8345241        18.97081   1.2691502e-13        6.625989      0.13000305       0.13000305      -25.096756      -25.096756
              5      -12.444502      0.75969646       1.2763677       -12.89802      0.81512367       5.7503788       18.895905   1.2646767e-13       6.5331656      0.13057961       0.13057961      -25.150163      -25.150163
             15      -11.716075      0.83528632       1.3441276      -12.896779      0.80006132       6.8436268       22.086536   1.2682966e-13       6.3104644      0.15951712       0.15951712      -23.751184      -23.751184
              1      -10.016641      0.87774838       1.2729503      -12.913409      0.83502248       7.5465487         18.7478   1.2206487e-13       6.8394704      0.17424491       0.17424491      -20.381771      -20.381771
             14      -10.088147      0.16349489      0.68782367      -12.990346      0.52104432       1.4571186       4.8733059    1.022478e-13       3.3192833       1.9336812        1.9336812      -24.043657      -24.043657
              2      -10.276458     0.081220118      0.68715447      -13.005197      0.38909358       1.2056469       4.8658024   9.8810453e-14        2.449591       2.4299344        2.4299344      -25.412785      -25.412785
              3      -10.100036      0.10867142      0.67881498      -13.003441      0.31519867       1.2843146       4.7732588     9.92109e-14       2.0663252       2.3920164        2.3920164      -24.984106      -24.984106
              4      -9.4173606     0.035783544      0.63626914      -12.989616       0.2494365       1.0858843       4.3278195    1.024198e-13       1.7759736       2.8108262        2.8108262      -24.456374      -24.456374
              2      -10.299989       0.1003607        0.736367      -12.988703      0.37000741       1.2599714       5.4496298   1.0263542e-13       2.3442688       2.2273852        2.2273852      -25.054749      -25.054749
              2      -10.090516     0.040985549      0.69736456      -13.004611      0.38784478       1.0989693       4.9815508   9.8943902e-14       2.4425574       2.5958631        2.5958631      -25.372759      -25.372759
              5      -7.4403487      -0.1482937      0.78398308       -12.96465      0.39132413       0.7107327       6.0811131   1.0848008e-13       2.4622046       3.3158389        3.3158389      -21.512375      -21.512375
              1      -7.2610477    -0.083252713      0.84961396      -12.960521      0.63048231      0.82555742       7.0731678   1.0951647e-13       4.2705353       2.7472602        2.7472602      -20.016616      -20.016616
              4      -7.8792043    -0.077823307      0.84191825      -12.963042       0.6273577      0.83594305       6.9489351   1.0888255e-13       4.2399204       2.7339391        2.7339391      -21.226287      -21.226287
              8      -7.9284543     -0.24170398       1.0379805      -12.874027       1.1966459      0.57318659       10.913914   1.3365134e-13          15.727       3.8260269        3.8260269      -23.508962      -23.508962
             14      -8.6887973     -0.23848273       1.0107725      -12.874731        1.190811      0.57745383       10.251147   1.3343464e-13       15.517117       3.8054284        3.8054284      -24.988451      -24.988451
              3      -8.6343906     -0.26959935       1.0150835      -12.923188      0.85604617      0.53752745       10.353412   1.1934719e-13        7.178706       3.7029451        3.7029451      -24.674671      -24.674671
             13      -8.9865574      -0.2149235       1.2309184      -12.912615       1.0088462      0.60964427       17.018388   1.2228844e-13        10.20578       3.4645205        3.4645205      -24.902156      -24.902156
              2      -8.9999667     -0.21555545       1.2249954      -12.912829       1.0100865      0.60875782       16.787863   1.2222797e-13       10.234968       3.4680881        3.4680881       -24.93611       -24.93611
             11      -9.0749436     -0.12802053       1.1945576      -12.914436      0.81241026      0.74469677       15.651557   1.2177675e-13       6.4924746        2.785748         2.785748      -23.721383      -23.721383
              1      -8.3289923     0.063896369      0.90206684      -12.953751      0.80464171       1.1585009        7.981175   1.1123695e-13       6.3773715       1.9799674        1.9799674      -20.617919      -20.617919
             11      -7.6623882     0.059957369      0.94028026      -12.907893      0.82224651       1.1480409       8.7152582   1.2362524e-13       6.6411993       1.8635486        1.8635486      -19.051874      -19.051874
              7      -7.9388961      0.10556788       1.0617789      -12.847975       1.0601132       1.2751694       11.528662   1.4191402e-13       11.484528       1.7480954        1.7480954      -19.373983      -19.373983
             18      -7.9168881      0.32938142      0.91006858      -12.863221       1.1662067       2.1349191       8.1295888   1.3701841e-13       14.662455       1.1804283        1.1804283      -18.194633      -18.194633
             21      -7.2161769     0.059185892      0.96201299      -12.860016       1.4382172       1.1460034       9.1624789   1.3803326e-13       27.429453       2.7130441        2.7130441      -19.858442      -19.858442
              9      -8.5008086      0.41612041       1.0087268      -12.857825       1.3908268       2.6068762       10.202975   1.3873149e-13       24.593864       1.3375492        1.3375492      -19.676716      -19.676716
             11        -8.42554      0.43468987       1.0676833      -12.854656       1.3624694       2.7207577       11.686468    1.397476e-13       23.039306       1.2097848        1.2097848       -19.27065       -19.27065
             14      -10.029854      0.47609824      0.76288616      -13.022812      0.52062417       2.9929416       5.7927683   9.4882936e-14       3.3160736       1.0451052        1.0451052      -22.149918      -22.149918
              8      -10.433213      0.19999978       1.2062984      -12.915587      0.96260205       1.5848924       16.080457   1.2145434e-13        9.174915       1.3622984        1.3622984      -23.591022      -23.591022
             32      -11.584965      0.35383665       1.2968902      -12.913521      0.91288343       2.2585861       19.810263   1.2203352e-13       8.1824512      0.85836618       0.85836618      -24.886663      -24.886663
              2      -11.535382      0.36093639       1.3186712      -12.903979      0.92972825       2.2958123       20.829133   1.2474437e-13       8.5060563      0.84761311       0.84761311       -24.76599       -24.76599
              1      -11.364532      0.32186615       1.3267353      -12.904305       0.9503231       2.0982931       21.219506   1.2465071e-13       8.9191425      0.98295353       0.98295353       -24.69497       -24.69497
              3      -11.197584      0.34622722       1.3026764      -12.906717      0.99929639       2.2193573       20.075965   1.2396051e-13       9.9838119       0.9502501        0.9502501      -24.295669      -24.295669
              2      -11.815294      0.39739118       1.2588121      -12.907366      0.94832871       2.4968427       18.147302   1.2377526e-13       8.8782775      0.74087275       0.74087275      -25.112333      -25.112333
              2      -11.711095      0.44989056       1.2952993      -12.907285      0.90931821       2.8176728       19.737823   1.2379841e-13       8.1155548      0.60428251       0.60428251      -24.630756      -24.630756
              4      -11.422061      0.35170998        1.329135      -12.911397      0.91981894       2.2475532       21.337081   1.2263187e-13       8.3141708      0.88670906       0.88670906      -24.617539      -24.617539
              2      -11.571663      0.36519029       1.3009435      -12.911719      0.95346978       2.3184102       19.996015   1.2254092e-13       8.9840008      0.86110628       0.86110628      -24.865539      -24.865539
              1      -11.691186      0.42589888       1.3488089      -12.896692      0.96091853       2.6662378       22.325895   1.2685523e-13       9.1394178      0.72068858       0.72068858       -24.82375       -24.82375
             24       -11.68826      0.42626061       1.3495529      -12.897025      0.96219293       2.6684595       22.364176    1.267578e-13        9.166276      0.72222416       0.72222416      -24.820968      -24.820968
              4      -12.233602      0.54926114       1.3276476      -12.889573       0.9267147       3.5421027       21.264129    1.289517e-13       8.4472373      0.42137746       0.42137746      -25.309958      -25.309958
             14      -11.968691      0.56422685       1.3341965      -12.902243      0.94879542       3.6662903       21.587212   1.2524391e-13       8.8878235      0.44406093       0.44406093      -24.825504      -24.825504
              7       -11.36457      0.79669856       1.0823463      -12.933674      0.68012892       6.2617909       12.087772   1.1649997e-13       4.7877219      0.12683408       0.12683408      -22.982808      -22.982808
             16      -11.851273       1.0027776       1.4255875        -12.8914      0.64594651       10.064162        26.64327   1.2841047e-13       4.4253386      0.30620682       0.30620682       -24.31496       -24.31496
             23      -11.859588      0.99852874       1.4325808      -12.890186      0.62653939       9.9661803       27.075772    1.287699e-13       4.2319389      0.30882543       0.30882543      -24.336827      -24.336827
             19       -11.47339      0.95380012       1.4349458      -12.888832      0.60300605       8.9908369       27.223617   1.2917186e-13        4.008723      0.26869602       0.26869602      -23.484172      -23.484172
              5      -11.626553      0.84999279       1.4028529      -12.893806      0.72807671       7.0793404       25.284414    1.277008e-13       5.3465879      0.18578548       0.18578548      -23.624677      -23.624677
              8      -11.564979      0.61014163       1.3112287      -12.915107      0.91599664       4.0751315       20.475227    1.215886e-13       8.2413175      0.36360934       0.36360934      -23.857177      -23.857177
              3      -11.155872      0.28858826       1.3868075      -12.880346       1.0439202       1.9435166       24.367308   1.3172067e-13       11.064204        1.194923         1.194923       -24.70159       -24.70159
             10      -11.004797      0.36618094       1.3726639      -12.907325       1.0132284       2.3237047       23.586523   1.2378687e-13       10.309281      0.96410687       0.96410687      -23.937807      -23.937807
              4       -9.665962      0.27789095       1.4178924      -12.924463       1.0210032       1.8962297       26.175344   1.1899728e-13       10.495501       1.3138998        1.3138998      -21.959724      -21.959724
              8      -8.0716522      0.29489434       1.3729571      -12.927336       1.0008489       1.9719429       23.602449   1.1821265e-13       10.019566       1.2020346        1.2020346      -18.547374      -18.547374
             22      -10.082253      0.39439683       1.2572119      -12.943346       1.2933051       2.4796868       18.080562   1.1393416e-13       19.647401       1.3425336        1.3425336      -22.849573      -22.849573
             14      -8.2507853      0.40094594       1.1792849      -12.954631       1.2931973       2.5173636        15.11071   1.1101185e-13       19.642524       1.3333895        1.3333895      -19.168349      -19.168349
              1      -7.5385262     -0.15160546      0.56946254      -13.014111      0.78111892      0.70533354       3.7107572   9.6802938e-14       6.0411403        3.753734         3.753734       -22.58452       -22.58452
             16      -8.0540516     -0.15131394      0.57647885      -13.011738      0.79476615      0.70580716       3.7711938   9.7333449e-14       6.2339907       3.7334737        3.7334737      -23.575051      -23.575051
              1      -8.2025224     -0.20147545      0.60615739      -13.019973      0.48172253      0.62881739        4.037917   9.5505189e-14       3.0319534       4.0466421        4.0466421      -24.498329      -24.498329
              1      -9.2985099       0.4102145      0.99500878      -12.944351      0.43598774       2.5716657       9.8857308   1.1367076e-13       2.7289007      0.75268871       0.75268871      -20.102397      -20.102397
              3      -11.176885      0.35601752       1.0432123      -12.938975      0.46325789       2.2699564       11.046184    1.150867e-13       2.9057476      0.84161718       0.84161718      -24.037004      -24.037004
              4      -9.2221443      0.12012971      0.73803726      -13.009143      0.60648442       1.3186505        5.470629   9.7916743e-14       4.0409587       2.0884922        2.0884922      -22.621273      -22.621273
              2       -9.373812      0.11852448      0.72514516      -13.011425      0.60077694       1.3137855       5.3106192   9.7403531e-14       3.9882001        2.123768         2.123768       -22.99516       -22.99516
              2      -9.9980274     0.090689483      0.74204808      -13.004766       0.5658501       1.2322235       5.5213856   9.8908568e-14       3.6800193       2.2005055        2.2005055      -24.397066      -24.397066
              3      -10.335589      0.20402424        1.256575      -12.886475      0.80093965       1.5996473       18.054063   1.2987477e-13       6.3232398       1.2009964        1.2009964      -23.073172      -23.073172
              8      -10.583751      0.24591242       1.3728642      -12.866844      0.63966866       1.7616208       23.597404   1.3588013e-13       4.3618292       1.0782621        1.0782621      -23.324025      -23.324025
             20      -9.9965301      0.13478236       1.5033372      -12.827026      0.51877182       1.3638995       31.866706   1.4892715e-13       3.3019601       1.6511741        1.6511741      -23.295408      -23.295408
             15      -10.312554      0.12427716       1.4895014      -12.828835      0.56877543       1.3313038       30.867493    1.483081e-13       3.7048909       1.6565338        1.6565338      -23.938177      -23.938177
              6      -10.299735      0.17907654       1.4381622      -12.847645      0.59885517       1.5103463       27.425982   1.4202195e-13       3.9705912       1.3754667        1.3754667      -23.350403      -23.350403
              4      -9.9151735      0.12138449       1.3677515      -12.862106      0.67708967       1.3224659       23.321233   1.3737052e-13       4.7543338       1.5403908        1.5403908      -22.911129      -22.911129
              1      -10.251034       0.1678319       1.3435318      -12.886816       0.5534694       1.4717427       22.056255   1.2977295e-13        3.576592       1.3842854        1.3842854      -23.270639      -23.270639
              2      -10.632818      0.77809432       1.5850776      -12.823555      0.55757278       5.9992135       38.466051   1.5012217e-13       3.6105451      0.37508675       0.37508675       -22.01581       -22.01581
              5      -10.537986      0.69107143       1.4576362      -12.935782      0.82674012       4.9098863        28.68377   1.1593601e-13       6.7102719      0.40852924       0.40852924       -21.89303       -21.89303
             17      -10.029901      0.68476772       1.4610925      -12.936019      0.82978459       4.8391348       28.912959   1.1587263e-13       6.7574773      0.41946127       0.41946127      -20.898724      -20.898724
             28      -9.7762839      0.66709936       1.8613087      -12.810632      0.60733157       4.6462156       72.662222   1.5465648e-13       4.0488489      0.99482024       0.99482024      -21.542208      -21.542208
             11      -8.1076752       0.6642993       1.8492294      -12.813199      0.61442089       4.6163561       70.669066   1.5374512e-13       4.1154838      0.96468516       0.96468516      -18.144721      -18.144721
              2      -6.2672767       0.3777758       1.7660403      -12.895071      0.75044941       2.3865789        58.34992   1.2732936e-13       5.6292353       1.3344317        1.3344317      -15.203417      -15.203417
             20      -6.6215421      0.58076951       2.0335372       -12.86335      0.69639985       3.8086364       108.02821    1.369777e-13       4.9704974       1.5924384        1.5924384      -16.427961      -16.427961
             36      -5.6308839       0.5837635       1.9983804      -12.877943      0.68414008       3.8349835       99.627758   1.3245143e-13       4.8321463       1.4952706        1.4952706      -14.252309      -14.252309
              4       -7.609622      0.74688003       1.9240643      -12.864672      0.72160158       5.5831595       83.958432   1.3656142e-13       5.2674641       1.1264888        1.1264888      -17.472222      -17.472222
             18      -7.6085541      0.74630767       1.9243475      -12.864696       0.7218308       5.5758062         84.0132   1.3655386e-13        5.270245       1.1275567        1.1275567      -17.472222      -17.472222
             17      -8.3087268       0.7464382       1.9250766      -12.863635      0.72966291       5.5774823        84.15435   1.3688797e-13       5.3661512       1.1299946        1.1299946      -18.877443      -18.877443
              4      -10.393392      0.53681572       1.6016473      -12.866466      0.96585357       3.4420385       39.962005   1.3599853e-13       9.2438644      0.77134701       0.77134701      -22.329478      -22.329478
             14      -10.026184      0.58147294       1.6109722      -12.861854      0.93530127       3.8148102       40.829329   1.3745036e-13       8.6159122      0.68648219       0.68648219      -21.425332      -21.425332
              9      -10.281584      0.43945288        1.532198      -12.904728      0.99692204       2.7507611       34.056341   1.2452955e-13        9.929378      0.94223518       0.94223518      -22.447637      -22.447637
             17      -9.9784927      0.41124943       1.5262407      -12.907699       1.0032087       2.5778013        33.59237    1.236804e-13       10.074156       1.0121969        1.0121969      -21.981379      -21.981379
             21      -10.849069      0.54299716       1.5292139      -12.926473      0.98001522       3.4913803       33.823139    1.184477e-13       9.5502606      0.76753711       0.76753711      -23.233212      -23.233212
              6      -11.111972      0.63055168       1.4874098      -12.927087      0.98385704       4.2712174       30.719193   1.1828046e-13        9.635118      0.59862205       0.59862205      -23.421188      -23.421188
              8      -8.7847927      0.50881798       2.0146415      -12.822139      0.60415013       3.2271413       103.42879    1.506124e-13       4.0192973        1.637128         1.637128      -20.843841      -20.843841
              4      -8.0660406     0.097995602       1.3792183      -12.951799       1.1764773       1.2531285       23.945191   1.1173802e-13        15.01334       2.2464842        2.2464842       -20.62505       -20.62505
              3      -8.6902324      0.12843875       1.3963812       -12.89528         1.05933       1.3441222       24.910427   1.2726833e-13       11.463837       1.8287602        1.8287602      -21.037985      -21.037985
              1      -9.5202895      0.40150092       1.2145267      -12.882728      0.62428821       2.5205825       16.388027   1.3100028e-13       4.2100593      0.54672131       0.54672131      -20.134022      -20.134022
              4      -9.3191947      0.42589414       1.2097375      -12.880521      0.64694502       2.6662087       16.208303   1.3166762e-13       4.4355248      0.48126366       0.48126366      -19.600917      -19.600917
             11      -10.616688      0.16735416       1.3575076      -12.847226      0.45540808       1.4701247       22.777582    1.421588e-13       2.8536985       1.4092934        1.4092934      -24.051963      -24.051963
             23      -11.501999      0.71424893      0.70758707      -13.033115       0.4333304        5.179036       5.1001983   9.2658525e-14       2.7122543      0.91198734       0.91198734      -24.827973      -24.827973
              3      -11.241756      0.71598477      0.71584727      -13.032535      0.42731946       5.1997776       5.1981316   9.2782267e-14       2.6749734      0.90112956       0.90112956      -24.285771      -24.285771
              5      -11.503057      0.67329824      0.66647948       -13.04212      0.45507498       4.7130087       4.6395887   9.0757035e-14       2.8515105       1.0323262        1.0323262      -25.070767      -25.070767
              1      -11.401529      0.41493564      0.70333424      -13.014299      0.58530709       2.5997743       5.0504985   9.6761234e-14       3.8486383       1.1958791        1.1958791      -25.194815      -25.194815
             15      -11.017308      0.29308906      0.83307474      -12.952552      0.76149585        1.963763       6.8088652   1.1154442e-13       5.7742536       1.1439746        1.1439746      -24.322564      -24.322564
              8       -10.07813     0.073989805      0.62900072      -13.013599      0.78996264       1.1857409       4.2559912   9.6917267e-14       6.1654197        2.489426         2.489426      -25.135112      -25.135112
             17      -9.7625293     0.092583016      0.63950838      -13.015098      0.78771061       1.2376077       4.3602198   9.6583348e-14       6.1335316       2.3959984        2.3959984      -24.317055      -24.317055
              2      -9.9433956     0.019306004      0.68976806      -13.009354      0.77725467       1.0454566       4.8951731   9.7869206e-14        5.987626       2.6219541        2.6219541      -25.130699      -25.130699
              5      -9.4892925      0.10117966       0.8597613      -12.945661       0.8907407       1.2623496        7.240379   1.1332856e-13       7.7757216       1.8768604        1.8768604      -22.732306      -22.732306
             12        -9.35323     0.012844516       1.0318284      -12.932306      0.59635664       1.0300173       10.760399   1.1686767e-13       3.9478136       2.0669775        2.0669775      -22.840415      -22.840415
              2       -10.64727       1.0709708      0.78633587      -12.965592       0.2891215       11.775268        6.114147   1.0824511e-13       1.9459044      0.84842541       0.84842541      -22.991392      -22.991392
              4      -10.131469       1.1166206      0.74708828      -12.964505      0.23115467       13.080386       5.5858373   1.0851635e-13       1.7027648       1.0474143        1.0474143      -22.357767      -22.357767
              7      -9.7831362       1.3334151      0.99934185      -12.937004      0.22340924       21.548401       9.9848569   1.1561018e-13        1.672666       1.3034604        1.3034604      -22.173193      -22.173193
              4      -10.579626       1.3977506       1.0341524       -12.93361       0.2323897       24.989099       10.818135   1.1651725e-13        1.707614       1.4848125        1.4848125      -24.128876      -24.128876
             51      -10.394952       1.4073905        1.035287       -12.93323      0.22715472       25.549977       10.846435   1.1661912e-13        1.687154       1.5254136        1.5254136       -23.84073       -23.84073
              9       -9.314198       1.2661647       1.2312677      -12.876845      0.41816301       18.457152       17.032082    1.327867e-13       2.6191659      0.76234234       0.76234234      -20.153081      -20.153081
              5      -10.754435       1.4139325       1.0979741      -12.915826       0.7143066       25.937764       12.530663   1.2138759e-13       5.1797238       1.1835435        1.1835435      -23.875957      -23.875957
              9      -10.931643        1.396162       1.1280767      -12.908157       0.7061912       24.897858        13.43002   1.2355013e-13       5.0838321       1.1018233        1.1018233      -24.066933      -24.066933
              8      -11.407477       1.1725112      0.88779314      -12.934188      0.71361851       14.876858       7.7231263   1.1636232e-13       5.1715236      0.61627773       0.61627773      -24.047509      -24.047509
              2      -11.577116      0.76652291      0.96660731      -12.878523      0.83321665       5.8414802       9.2599215   1.3227462e-13       6.8110906      0.10738362       0.10738362         -23.369         -23.369
             13      -11.412918      0.76644019      0.96757349      -12.878237      0.83246519       5.8403677       9.2805452   1.3236181e-13       6.7993154      0.10612542       0.10612542      -23.038086      -23.038086
              3      -12.218917      0.48089061       1.2667818      -12.892901      0.70825153       3.0261511       18.483399   1.2796718e-13       5.1080076      0.40572015       0.40572015      -25.249274      -25.249274
             12      -11.698515      0.59158199       1.0381116      -12.938457      0.73363887       3.9046489       10.917209   1.1522404e-13       5.4155038       0.3004633        0.3004633      -23.997957      -23.997957
              7      -12.189029      0.68495885      0.99694543      -12.942046      0.69425546       4.8412649       9.9299127   1.1427564e-13       4.9460154      0.22158545       0.22158545      -24.821229      -24.821229
             20      -11.973969      0.99975937      0.81842505      -12.955819      0.47195122       9.9944609       6.5830181   1.1070851e-13       2.9644984      0.51410305       0.51410305      -24.976144      -24.976144
              3       -11.36171      0.89258212      0.81416887       -12.96763      0.54542668       7.8087609       6.5188182    1.077383e-13       3.5109665      0.43168832       0.43168832      -23.586796      -23.586796
              5      -11.487472      0.63158789      0.70015991      -13.010441      0.75797912       4.2814205       5.0137181   9.7624502e-14       5.7276849       0.8084654        0.8084654      -24.591875      -24.591875
             11      -11.412808      0.56283934      0.70626292      -13.029528      0.73147712       3.6545957       5.0846718   9.3427012e-14       5.3886145      0.97109633       0.97109633      -24.767809      -24.767809
              4      -11.575946      0.24723285       1.2252811      -12.905459      0.79696906        1.766985       16.798911   1.2432001e-13       6.2656923       1.0658496        1.0658496       -25.28359       -25.28359
              1      -11.725263      0.30124497       1.1881619      -12.912057      0.88713126       2.0009902       15.422753   1.2244541e-13        7.711365      0.94400901       0.94400901      -25.338545      -25.338545
              2      -11.766368      0.32625998       1.1781166      -12.913583      0.86870697       2.1196296       15.070116   1.2201598e-13        7.391064      0.85730163       0.85730163       -25.24734       -25.24734
             12      -10.919179      0.24725465       1.2081349       -12.90434      0.93370401       1.7670737       16.148601    1.246406e-13       8.5842828       1.1458121        1.1458121      -24.129982      -24.129982
             30      -10.835337      0.45717592       1.2711331        -12.9152       1.0500446       2.8653384       18.669518   1.2156261e-13       11.221338      0.73417072       0.73417072      -23.139016      -23.139016
              6      -11.161147      0.37134277       1.2226975      -12.861009       1.1385558        2.351488       16.699271   1.3771802e-13       13.758015      0.95965305       0.95965305        -24.2416        -24.2416
              8       -10.48586       1.0406453      0.61332835         -13.015       0.2372316       10.981085       4.1051435   9.6605179e-14       1.7267585       1.3178325        1.3178325      -23.607385      -23.607385
             11      -11.348617      0.39238754      0.74514449      -13.003327      0.64214049       2.4682409       5.5608923   9.9236831e-14       4.3867258        1.136091         1.136091      -24.969415      -24.969415
              8      -11.033656      0.46246197      0.75163436      -13.001589      0.67856305       2.9004272       5.6446155   9.9634866e-14       4.7704906      0.95704749       0.95704749      -23.981408      -23.981408
              3      -10.188283     0.032069421      0.68916493      -13.005745      0.78102999       1.0766373       4.8883797   9.8685836e-14       6.0399033       2.5478487        2.5478487      -25.472264      -25.472264
              1      -9.3111869    -0.010032041      0.74337953      -13.005545      0.70010856      0.97716513       5.5383389   9.8731236e-14       5.0131254       2.6560519        2.6560519      -23.934478      -23.934478
              5      -9.7952508     0.095394482      0.85198704      -12.949766      0.84266188       1.2456456       7.1119229   1.1226226e-13       6.9608437       1.8898376        1.8898376      -23.370177      -23.370177
             15      -10.446144     0.072422231       1.0174074      -12.918786      0.81499921       1.1814687       10.408961   1.2056303e-13       6.5312936       1.7893635        1.7893635      -24.471015      -24.471015
              8       -10.46059     0.057096536       1.0032177      -12.922267       0.8233237       1.1405033       10.074365   1.1960042e-13        6.657692       1.8759442        1.8759442      -24.673069      -24.673069
              7      -10.451945     0.053291733      0.99980089      -12.923863       0.8167576       1.1305551       9.9954163   1.1916178e-13       6.5577914       1.8952273        1.8952273      -24.694345      -24.694345
              1      -11.286039      0.39659222       1.0370196      -12.938819      0.54234839       2.4922535       10.889793   1.1512812e-13       3.4861686      0.69384037       0.69384037       -23.95976       -23.95976
             13      -11.473362      0.52394785      0.94789076      -12.951036      0.45260165       3.3415491       8.8693289   1.1193462e-13       2.8353172      0.54802615       0.54802615      -24.042777      -24.042777
              8      -10.247551      0.49648885       1.0104105      -12.919671      0.59749436       3.1368146       10.242607   1.2031751e-13       3.9581692      0.41721752       0.41721752      -21.329538      -21.329538
              5      -10.925325      0.64452533      0.85086148      -12.981062      0.40455738       4.4108809       7.0935148   1.0445713e-13       2.5383844      0.59548275       0.59548275      -23.041615      -23.041615
              8      -10.905078      0.69933553      0.83807791      -12.984987      0.40126345       5.0042101       6.8877584   1.0351743e-13       2.5192047      0.57924556       0.57924556      -22.968647      -22.968647
              2      -11.816774      0.70790261      0.73329851      -13.014495      0.40718713       5.1039053       5.4112613   9.6717407e-14       2.5538015      0.81281334       0.81281334      -25.259176      -25.259176
              1      -11.778274        0.712999      0.72566137      -13.018157      0.38162107       5.1641518       5.3169352   9.5905376e-14       2.4078037      0.85951225       0.85951225      -25.275573      -25.275573
              9      -11.123047       1.2943193       1.0305453      -12.928776      0.23803073       19.693337       10.728655   1.1782141e-13       1.7299387        1.131225         1.131225      -24.508543      -24.508543
             13      -11.653446       1.2188246       1.1545623      -12.893655      0.33154297       16.551013       14.274546   1.2774527e-13       2.1455714      0.72675514       0.72675514      -24.760401      -24.760401
             11      -11.589543       1.2297171       1.1321909      -12.897135      0.28549737       16.971379       13.557851   1.2672565e-13       1.9297336      0.81192185       0.81192185      -24.802929      -24.802929
              7      -9.6191679      0.97591456       1.1183665       -12.89035      0.30635391       9.4605103       13.133078   1.2872113e-13       2.0246684      0.32770499       0.32770499      -19.893746      -19.893746
              5      -10.693736       1.2267979       1.0479649      -12.901602      0.21969176       16.857685       11.167729   1.2542909e-13       1.6584094      0.91029724       0.91029724      -23.208066      -23.208066
              8      -9.7745228        1.424327      0.86279646      -12.941039     0.018255344       26.566048       7.2911572   1.1454112e-13       1.0429304       2.0805321        2.0805321       -23.71011       -23.71011
              1      -9.5440834       1.3654773       0.8812139      -12.941472     0.061569244       23.199427       7.6070085   1.1442677e-13       1.1523098       1.7698616        1.7698616       -22.62789       -22.62789
              6      -9.5081658       1.2303657      0.37787919      -13.073517      0.11138442       16.996745       2.3871471   8.4427316e-14       1.2923627       2.7051076        2.7051076      -24.426547      -24.426547
              1        -9.50884       1.2300244      0.37865306      -13.073755       0.1109704        16.98339       2.3914046   8.4381141e-14       1.2911313       2.7044334        2.7044334      -24.426547      -24.426547
              1      -10.307755      0.85116789      0.38476092      -13.074058      0.22794255       7.0985214       2.4252746   8.4322265e-14       1.6902173        1.975456         1.975456      -24.566422      -24.566422
              6      -10.997349      0.97277708      0.98193778      -12.924465      0.33364443       9.3924109       9.5926318   1.1899671e-13       2.1559785      0.39427977       0.39427977      -22.783258      -22.783258
              8      -10.430912      0.97730644      0.83357608      -12.940764      0.11262754       9.4908791       6.8167298   1.1461358e-13       1.2960673      0.86914236       0.86914236      -22.600108      -22.600108
              1      -10.654625      0.81821514      0.90346379      -12.916838      0.13241721       6.5798371       8.0068887   1.2110499e-13       1.3564919      0.63050881       0.63050881      -22.570268      -22.570268
              1      -7.8986861      0.63723271       1.1842845      -12.923327       0.7926896       4.3374323       15.285672   1.1930895e-13       6.2042544      0.22130709       0.22130709      -16.239986      -16.239986
              6      -12.477871      0.72578942       1.2503754      -12.901348       0.8018704       5.3185032       17.798173    1.255025e-13       6.3368059      0.13173416       0.13173416      -25.219211      -25.219211
             20      -12.202133      0.71078485       1.2896631      -12.890892      0.81637249       5.1378906       19.483326    1.285605e-13       6.5519789      0.14911185       0.14911185      -24.702489      -24.702489
             14      -12.117901      0.71943381       1.3619247      -12.883833      0.79628218       5.2412371       23.010427   1.3066724e-13       6.2557902      0.17539403       0.17539403      -24.586589      -24.586589
              3      -12.431378      0.75414426       1.3533748      -12.880967       0.7715418       5.6773316       22.561855   1.3153243e-13       5.9093784      0.13956831       0.13956831      -25.141892      -25.141892
              6       -11.86946      0.67127126       1.2725662      -12.911286      0.88077897       4.6910629       18.731225    1.226631e-13       7.5993942      0.24345095       0.24345095      -24.225821      -24.225821
              7      -12.149945      0.65319625       1.0670891      -12.834936       1.1064839       4.4998315        11.67049    1.462392e-13       12.778619      0.37593148       0.37593148      -25.051753      -25.051753
             32      -11.798866      0.62684363       1.0895102       -12.83642        1.116326       4.2349046       12.288821   1.4574058e-13       13.071518      0.41448387       0.41448387      -24.426699      -24.426699
              4      -10.898183      0.64129711       1.0710308      -12.844435       1.1428853       4.3782152       11.776894   1.4307557e-13       13.895857      0.44448684       0.44448684       -22.68534       -22.68534
              2      -10.507273      0.67095742        1.215662      -12.869874      0.93344411       4.6876741       16.430923   1.3493529e-13       8.5791469      0.19537189       0.19537189      -21.405291      -21.405291
              7      -8.7984428      0.14699819      0.26194884      -13.139112      0.52095596       1.4028079       1.8278849   7.2591948e-14       3.3186081       3.7986702        3.7986702      -25.194226      -25.194226
              2      -10.269336      0.70030168      0.51316369      -13.095772       0.4031739        5.015355       3.2595953   8.0209885e-14        2.530311       1.6456225        1.6456225      -23.829917      -23.829917
              9      -8.4964733      0.63107565      0.84094479      -12.948251      0.43309552       4.2763737       6.9333765   1.1265464e-13       2.7107878       0.4859658        0.4859658      -17.964878      -17.964878
              3       -6.816463      0.88943687      0.99113163      -12.843676    -0.010782123       7.7524124        9.797869   1.4332561e-13      0.97547889      0.78232243       0.78232243      -15.197571      -15.197571
              4      -8.0854418      0.89315569      0.99983508      -12.841181   -0.0089074608       7.8190806       9.9962033   1.4415138e-13      0.97969872      0.77519485       0.77519485      -17.721273      -17.721273
             14      -9.9634431      0.49463636      0.94823056      -12.851439     0.021397013       3.1234629        8.876271   1.4078638e-13       1.0505023       1.0233854        1.0233854      -21.973657      -21.973657
             27      -10.140251      0.46483534      0.95280699      -12.850179     0.022606378       2.9163211       8.9703005   1.4119556e-13       1.0534317       1.0770508        1.0770508      -22.434603      -22.434603
             11      -10.261595      0.46077778      0.95310001      -12.852482     0.025985445       2.8892011       8.9763548   1.4044863e-13         1.06166       1.0798103        1.0798103      -22.682811      -22.682811
              1      -5.2283078      0.53184342      0.80805086         -12.881   -0.0095352471       3.4028548       6.4276299   1.3152238e-13      0.97828355       1.1691937        1.1691937      -12.795003      -12.795003
             18      -7.6417585      0.49132902      0.79469663      -12.886018   -0.0060548874       3.0997668       6.2329928   1.3001143e-13      0.98615484       1.2565717        1.2565717       -17.79666       -17.79666
              5      -9.7623198      0.37782449      0.86027773      -12.883688    -0.050476286       2.3868465       7.2489937   1.3071092e-13      0.89027405       1.5459613        1.5459613      -22.616562      -22.616562
             19      -9.8922834       1.0260107       0.5778163      -12.967879    -0.089943013       10.617218       3.7828254    1.076765e-13      0.81293718       1.8066902        1.8066902      -23.397947      -23.397947
             20      -11.333704      0.88704596       1.1023794      -12.887033      0.63981995       7.7098506       12.658418   1.2970806e-13        4.363349     0.047237126      0.047237126      -22.761883      -22.761883
              1      -11.321968      0.89834987       1.2025048      -12.870566      0.85317555       7.9131586       15.940604   1.3472046e-13       7.1314124     0.097017665      0.097017665      -22.837971      -22.837971
              9      -12.213329         1.00682       1.1013969      -12.879417      0.88230719       10.158275       12.629814   1.3200262e-13       7.6261824      0.20854774       0.20854774      -24.843753      -24.843753
             15      -12.493479      0.87242123       1.1323639       -12.85708      0.92529779       7.4545465       13.563254    1.389697e-13       8.4197228      0.11345001       0.11345001      -25.213859      -25.213859
             30      -11.874339       1.0080151       1.1668102      -12.880379      0.94080755       10.186268       14.682843   1.3171069e-13        8.725846      0.26061327       0.26061327      -24.269904      -24.269904
             39      -12.349322       1.0064306       1.1939649      -12.879922      0.93469203       10.149172       15.630212   1.3184942e-13       8.6038341      0.25832545       0.25832545      -25.215295      -25.215295
             22      -12.057229      0.81102516       1.2460099      -12.875556      0.87360256       6.4718011        17.62016   1.3318163e-13       7.4748514      0.10820768       0.10820768      -24.330874      -24.330874
              1      -10.419121       0.3333022       1.3659882      -12.869349        1.036582       2.1542803       23.226736   1.3509879e-13       10.878826        1.019429         1.019429      -22.877101      -22.877101
             15      -9.6715174      0.33841045       1.3696985      -12.868245       1.0517511       2.1797689       23.426018    1.354425e-13       11.265515       1.0253159        1.0253159      -21.393667      -21.393667
              4      -9.6883282      0.33962095       1.3630026      -12.868038       1.0534557        2.185853       23.067612    1.355072e-13       11.309821       1.0181298        1.0181298      -21.412916      -21.412916
              1      -11.997183      0.41227454       1.0489686      -12.923619      0.55900948       2.5838931        11.19357   1.1922885e-13       3.6225091      0.60704084       0.60704084      -25.208448      -25.208448
              5      -10.764411      0.24890411       1.1344499      -12.914977      0.50425579       1.7737978       13.628558   1.2162517e-13       3.1934182       1.0775883        1.0775883      -23.683998      -23.683998
              6      -11.554952      0.27542368       1.1346772      -12.916733      0.45049753       1.8854876       13.635693   1.2113418e-13       2.8216136       1.0267682        1.0267682       -25.16344       -25.16344
              6      -11.383976      0.28220991       1.1129094      -12.927173      0.46271408       1.9151814       12.969088   1.1825716e-13       2.9021114       1.0205948        1.0205948      -24.809141      -24.809141
              7       -11.08025      0.36810913       1.0936494      -12.937587      0.57374525       2.3340445       12.406504   1.1545517e-13       3.7475311      0.74229273       0.74229273      -23.645086      -23.645086
              2       -9.986267    -0.068723964       1.3206758      -12.876132      0.72037028      0.85364251       20.925499   1.3300496e-13        5.252551       2.4250418        2.4250418      -24.822618      -24.822618
             23      -9.6320194      0.10425851      0.84606933      -12.938539       0.1425974       1.2713306       7.0156729   1.1520231e-13       1.3886647       2.2242155        2.2242155       -23.71247       -23.71247
              6      -9.0421837      0.11439422      0.88926687      -12.925959      0.11824759       1.3013503       7.7493784   1.1858803e-13       1.3129482       2.1538787        2.1538787      -22.392125      -22.392125
             10      -9.7736038     0.070246463      0.82623447      -12.943624      0.14499482       1.1755645       6.7024637   1.1386139e-13       1.3963517       2.4024554        2.4024554      -24.352119      -24.352119
             18      -9.6307393      0.07254889      0.81992376      -12.942971      0.14784593       1.1818133       6.6057747   1.1403247e-13       1.4055488       2.3919329        2.3919329      -24.045344      -24.045344
              9      -9.5491575    -0.059557759      0.67235216      -13.009725      0.38384869      0.87185094       4.7027529   9.7785605e-14       2.4201857       3.1577792        3.1577792      -25.413873      -25.413873
              2      -9.8758386    -0.027771177      0.69858706      -12.995786       0.5158447      0.93805612       4.9955931   1.0097493e-13       3.2797799       2.8013653        2.8013653      -25.354408      -25.354408
              6      -10.434606     0.057817903       1.4115646      -12.862778      0.70529881       1.1423992       25.796728   1.3715837e-13       5.0733966       1.8607765        1.8607765      -24.590765      -24.590765
             14      -6.4224337     -0.48080838       1.0109779      -12.936207      0.43762568      0.33051534       10.255997   1.1582256e-13       2.7392122       5.2799537        5.2799537      -23.404775      -23.404775
              8      -7.2319066     -0.47773628       1.0398384      -12.934656      0.44532874      0.33286161       10.960702   1.1623684e-13       2.7882309        5.236764         5.236764      -24.937341      -24.937341
              1      -7.2438143     -0.47602653       1.0401028      -12.934747      0.44362839      0.33417462       10.967377    1.162126e-13       2.7773358       5.2248563        5.2248563      -24.937341      -24.937341
             14      -6.9095817     -0.43597838       1.0101964      -12.943049      0.47409087      0.36645582       10.237558   1.1401199e-13       2.9791397       4.9299795        4.9299795      -23.679123      -23.679123
             17      -7.0853261     -0.42822554       1.0145047      -12.942565      0.47613704      0.37305637       10.339624    1.141392e-13        2.993209       4.8674767        4.8674767      -23.905606      -23.905606
             17      -9.8219309     -0.11915069       1.0435224      -12.937286      0.63968249      0.76006252       11.054074   1.1553506e-13       4.3619682       2.7591136        2.7591136      -25.162089      -25.162089
             13      -9.8904024    -0.096035675       1.0672637      -12.930934      0.57985721      0.80161221       11.675184   1.1723723e-13       3.8006441       2.6201359        2.6201359      -25.021077      -25.021077
              2      -9.7684706       0.2718346      0.73510178      -13.013917        0.372567       1.8699698       5.4337767   9.6846259e-14        2.358126       1.6854955        1.6854955      -22.907932      -22.907932
              4      -11.156387       0.4367264      0.69770761      -13.001788      0.24944597       2.7335461       4.9854872    9.958915e-14       1.7760123       1.3720509        1.3720509      -25.056877      -25.056877
             28      -11.386337      0.84284999        1.296449      -12.798489      0.12445665       6.9638594       19.790148   1.5904177e-13       1.3318541      0.52621274       0.52621274      -23.825099      -23.825099
              3      -11.609176      0.86546488       1.1366105      -12.842641      0.12409413       7.3360939       13.696527   1.4366767e-13       1.3307428      0.47565997       0.47565997      -24.169672      -24.169672
             18       -10.29775       1.1553835       1.3010177      -12.843795      0.10253592       14.301564       19.999435   1.4328657e-13        1.266298      0.91983752       0.91983752      -22.435175      -22.435175
              1      -9.5718651       1.0143113       1.1899451      -12.868692      0.24686347        10.33502        15.48621   1.3530322e-13       1.7654827      0.42598427       0.42598427      -19.995699      -19.995699
              7      -11.340832      0.94761306       1.1850787      -12.858615      0.21982758       8.8636594       15.313651   1.3847928e-13       1.6589282      0.38520813       0.38520813      -23.452079      -23.452079
              4      -9.5878197       1.0091174       1.2075161      -12.866654      0.26987592       10.212156       16.125608   1.3593956e-13       1.8615552      0.39164969       0.39164969      -19.958939      -19.958939
             24      -11.020681      0.98063862       1.0153965      -12.880374      0.12729145       9.5639792       10.360877   1.3171218e-13        1.340576      0.59978687       0.59978687      -23.240936      -23.240936
              3      -10.574666       1.0476808       1.0714028      -12.859134     0.032389186       11.160428       11.786987   1.3831397e-13       1.0774303      0.82587427       0.82587427       -22.80108       -22.80108
              1      -10.059794       1.4551488       1.4994644      -12.788452      0.23901794       28.519952       31.583804   1.6276023e-13       1.7338756       1.7966431        1.7966431      -23.712874      -23.712874
              3      -10.426105        1.466019       1.3856066      -12.837904      0.31696411       29.242806       24.300017   1.4524341e-13       2.0747421       1.6008066        1.6008066      -24.053822      -24.053822
              8      -10.892013       1.1969341       1.4123183      -12.805899      0.23474787       15.737441       25.841537   1.5635109e-13       1.7169113       0.8870218        0.8870218       -23.55807       -23.55807
             13      -11.295736       1.0603569       1.4341877      -12.796415      0.22394457       11.490976       27.176138   1.5980287e-13       1.6747291      0.66836423       0.66836423      -23.928201      -23.928201
             26      -11.236448       1.0663314       1.4192234      -12.807109      0.24477606       11.650146       26.255685   1.5591605e-13       1.7570174      0.62646952       0.62646952      -23.725835      -23.725835
              3      -11.270065       1.0682055       1.4530847      -12.828118      0.26452468        11.70053       28.384726   1.4855308e-13       1.8387584      0.63591422       0.63591422      -23.811958      -23.811958
              1      -11.594516      0.65347797       1.4667265      -12.894914      0.82496409       4.5027515        29.29048   1.2737548e-13       6.6828866      0.36122657       0.36122657      -23.911485      -23.911485
             16      -10.514823      0.01318051       1.3031512      -12.892909      0.83550099       1.0308145       20.097924   1.2796502e-13       6.8470105       2.0635319        2.0635319      -25.156709      -25.156709
              3      -11.388237      0.51901666       1.1830287       -12.89953      0.72605697       3.3038221       15.241534   1.2602888e-13       5.3217807      0.31825072       0.31825072      -23.412976      -23.412976
              2      -9.3136272    -0.014873448       1.0280634      -12.940908      0.64602703      0.96633242       10.667518   1.1457562e-13       4.4261592       2.2196664        2.2196664      -23.066587      -23.066587
              9       -7.285296     0.074565026       1.2104064      -12.869773      0.91416237       1.1873125       16.233283   1.3496686e-13        8.206583       1.7572202        1.7572202      -18.085032      -18.085032
              3      -10.092305       0.1290198       1.2245524      -12.867574       1.0744626       1.3459217       16.770747   1.3565192e-13       11.870326       1.6964272        1.6964272      -23.577464      -23.577464
              5      -9.4690373      0.11626586       1.1989626      -12.874265       1.0922399       1.3069707       15.811118   1.3357788e-13       12.366304       1.7728987        1.7728987      -22.483872      -22.483872
              8      -9.8348339      0.20752561       1.0384617      -12.909082      0.86137363       1.6125961       10.926013   1.2328709e-13       7.2673091       1.2397141        1.2397141      -22.149096      -22.149096
              9      -11.207911      0.33357086      0.97232386      -12.925631       0.7943963       2.1556133       9.3826142   1.1867764e-13        6.228684      0.85600673       0.85600673      -24.127835      -24.127835
              1       -11.25382      0.38489386      0.98879564      -12.919523      0.81564649       2.4260171       9.7453097   1.2035848e-13       6.5410353       0.7031214        0.7031214      -23.913883      -23.913883
             27      -10.719126       1.0657405      0.44097466      -13.075307        0.288156       11.634306       2.7604168   8.4080115e-14       1.9415832       1.9571044        1.9571044      -25.352461      -25.352461
              8      -10.667061        1.040365      0.42803618      -13.084105      0.27016428       10.974002       2.6793915   8.2393968e-14       1.8627916       2.0269292        2.0269292      -25.387979      -25.387979
              8      -10.669485        1.009506       0.5583148      -13.061837       0.4360791       10.221298       3.6167193   8.6728645e-14       2.7294749       1.4039487        1.4039487      -24.146868      -24.146868
              2       -9.407787       1.0814514      0.83958027      -12.943143      0.37378032       12.062891       6.9116266   1.1398742e-13       2.3647232      0.64664379       0.64664379      -20.108862      -20.108862
              9      -8.8497649       1.6274605       0.6300436      -13.033892      0.21881618       42.409241       4.2662235   9.2492813e-14       1.6550693       3.2607075        3.2607075      -24.220945      -24.220945
             24      -9.1941818       1.4864845      0.60777418      -13.045746       0.2315892       30.653809       4.0529774   9.0002389e-14       1.7044694       2.7061805        2.7061805      -23.800725      -23.800725
              1      -10.248265       1.2704964      0.59537944      -13.042375      0.17520923       18.642166       3.9389407    9.070374e-14       1.4969567       2.0550405        2.0550405      -24.606611      -24.606611
             15      -10.249379       1.2725724      0.59938424      -13.041105      0.17452182       18.731491       3.9754311   9.0969349e-14       1.4945891       2.0481238        2.0481238      -24.595005      -24.595005
              1       -10.11113       1.2592905      0.60891193      -13.035902      0.24351967       18.167306       4.0636092    9.206578e-14       1.7519418       1.8650968        1.8650968      -23.952453      -23.952453
              7      -10.546291        1.257366      0.61302832      -13.036923      0.24910165       18.086978       4.1023085   9.1849438e-14       1.7746048       1.8502049        1.8502049      -24.792992      -24.792992
             30      -10.513226       1.1156729       1.0327761      -12.891479      0.10649371       13.051876       10.783907   1.2838694e-13       1.2778907      0.84105723       0.84105723      -22.708567      -22.708567
             27      -9.6195615       1.2894257       1.3374864       -12.81874     0.077333246        19.47268       21.751362   1.5179576e-13       1.1949046       1.3214711        1.3214711      -21.882065      -21.882065
             14      -11.152124      0.93849781        1.115054      -12.833291     0.073284111        8.679562       13.033289    1.467942e-13       1.1838157      0.60655253       0.60655253      -23.517353      -23.517353
              1      -10.401959       0.7697907      0.86837745      -12.876912    -0.054525699       5.8855994       7.3854583   1.3276646e-13      0.88201161      0.97735938       0.97735938      -22.758637      -22.758637
              8      -9.9192138      0.85987415       1.0216584       -12.76975     -0.16822117       7.2422606       10.511347   1.6992208e-13      0.67885783       1.1788316        1.1788316      -22.196091      -22.196091
             34      -9.5507064      0.71296164       1.0059801      -12.785426    -0.057918462       5.1637076       10.138649   1.6389797e-13      0.87514807      0.90852972       0.90852972      -20.918472      -20.918472
             13      -9.5406114      0.55827026      0.91949454      -12.782272     -0.17985528       3.6163483       8.3079627   1.6509266e-13      0.66091365       1.4346283        1.4346283      -21.950479      -21.950479
              9      -9.5490876      0.50544279      0.90171174      -12.787205     -0.17526583       3.2021583       7.9746521   1.6322828e-13      0.66793495       1.5192488        1.5192488      -22.136673      -22.136673
              9      -9.2288865      0.50283963      0.89161512      -12.789269     -0.17530896       3.1830219       7.7913931   1.6245404e-13      0.66786863       1.5301623        1.5301623      -21.518098      -21.518098
             15      -9.3446239      0.51636722      0.93082809       -12.77931     -0.18650003       3.2837283        8.527625   1.6622254e-13      0.65087856       1.5178426        1.5178426      -21.724933      -21.724933
             14      -10.861218      0.52921148       0.9237484      -12.848942     -0.03848125        3.382295       8.3897381    1.415983e-13      0.91520577       1.1066559        1.1066559      -23.935748      -23.935748
             11      -10.381918      0.52314248      0.92807491      -12.843063    -0.041384576       3.3353582       8.4737356   1.4352826e-13      0.90910788       1.1179079        1.1179079      -22.999652      -22.999652
              9       -10.01786      0.68469736      0.95268204      -12.807545    -0.063742305       4.8383508       8.9677201   1.5575965e-13      0.86349076      0.95240687       0.95240687      -21.940534      -21.940534
              6      -10.332382      0.79923186       0.9603537      -12.805049       -0.041439       6.2984235       9.1275392   1.5665732e-13      0.90899397      0.84910877       0.84910877      -22.362982      -22.362982
             43      -10.802732      0.90626843       1.0105988      -12.790124    -0.020581691       8.0587639       10.247048   1.6213458e-13      0.95371433      0.81505125       0.81505125      -23.235567      -23.235567
              4      -10.545618      0.79486248      0.97474834      -12.833834     0.036300074       6.2353737       9.4351399   1.4661093e-13       1.0871765      0.66867429       0.66867429      -22.428584      -22.428584
              2      -9.7338071      0.79472603      0.91309731      -12.846422     0.032508007       6.2334149        8.186482   1.4242239e-13       1.0777251      0.71857876       0.71857876      -20.904772      -20.904772
             41      -9.5892294       1.0633689      0.92598011       -12.79576     -0.10742332       11.570946       8.4329614    1.600443e-13      0.78086629        1.226828         1.226828      -21.632115      -21.632115
              3      -10.408761      0.76475171      0.92496167      -12.806449     -0.05040585       5.8177052       8.4132089   1.5615316e-13      0.89041845       0.8969984        0.8969984      -22.611519      -22.611519
              1      -10.678836      0.71421604       0.9338645      -12.803944    -0.012467895       5.1786438       8.5874554    1.570564e-13      0.97169978      0.82787363       0.82787363      -23.013419      -23.013419
             50      -10.304279      0.65544234      0.93355147      -12.802234    -0.061288135        4.523164       8.5812681   1.5767604e-13       0.8683841      0.98570628       0.98570628      -22.579971      -22.579971
             15      -10.283385      0.65135925       0.9323856      -12.802606    -0.058927967       4.4808381       8.5582625   1.5754127e-13      0.87311617      0.98456047       0.98456047       -22.53589       -22.53589
             15      -9.5113342      0.68236211       1.0366764      -12.781468     -0.15621458       4.8124044        10.88119   1.6539861e-13       0.6978875       1.1707046        1.1707046      -21.364078      -21.364078
             16      -9.3993272        1.096491       1.4959038      -12.630538     -0.07464024       12.487947        31.32592   2.3413263e-13      0.84209242       1.8179633        1.8179633      -22.434581      -22.434581
             10      -9.2663654        1.099574       1.4886077      -12.632427    -0.072181845       12.576913       30.804038   2.3311667e-13      0.84687274       1.7993289        1.7993289      -22.131389      -22.131389
             14      -8.1059061       1.1140689       1.3636412      -12.778792     0.065514373       13.003758       23.101555   1.6642113e-13        1.162825      0.97587112       0.97587112      -18.163555      -18.163555
             19      -8.2247143       1.2984315        1.378909      -12.771013      0.02340089       19.880692       23.928141   1.6942879e-13       1.0553606       1.5240701        1.5240701      -19.497569      -19.497569
             11      -9.5069294       1.0041834       0.7405153      -12.971866      0.27118943       10.096791        5.501933   1.0669241e-13       1.8671939      0.85747474       0.85747474      -20.728808      -20.728808
             13      -10.928172        0.903182      0.72751453      -12.989052      0.29141663       8.0016951       5.3396714   1.0255291e-13       1.9562152      0.82627422       0.82627422      -23.508893      -23.508893
              3      -10.954637       0.5086387      0.80272865      -13.011599      0.46219618       3.2258094        6.349341   9.7364619e-14       2.8986527      0.91806143       0.91806143      -23.745397      -23.745397
             18      -10.758565      0.47838978      0.80346328      -13.006802      0.40529858       3.0087755       6.3600903   9.8446091e-14       2.5427202      0.99745854       0.99745854      -23.512046      -23.512046
              7      -11.495695       0.4413077      0.75878154      -13.006532      0.36234541       2.7625345       5.7382774   9.8507114e-14        2.303273       1.1668199        1.1668199       -25.32503       -25.32503
              1      -11.513425      0.72263678      0.71503013      -13.002442      0.27198358       5.2800348       5.1883603   9.9439333e-14       1.8706114      0.92056036       0.92056036      -24.867971      -24.867971
              6      -11.764689       0.7118074       1.3460075      -12.819659       0.2193794       5.1500021       22.182345   1.5147506e-13       1.6572171      0.42594302       0.42594302      -24.381263      -24.381263
              2      -11.882222      0.91153489        1.453643      -12.876331      0.65594416       8.1570832       28.421236   1.3294423e-13       4.5283935      0.23451212       0.23451212      -24.233468      -24.233468
             11      -12.037918      0.91117368       1.4987995      -12.873831      0.59725841       8.1503015       31.535486    1.337117e-13       3.9560194      0.29431979       0.29431979      -24.664476      -24.664476
             20      -11.923819       1.1906928       1.0687314      -12.934493      0.38184751       15.512892       11.714706   1.1628043e-13       2.4090594      0.69885087       0.69885087      -25.245339      -25.245339
             28       -11.92549       1.1934387       1.0689622       -12.93429      0.39429461       15.611285       11.720934   1.1633493e-13       2.4791032      0.69327103       0.69327103      -25.237523      -25.237523
             17      -11.965187       1.1700785       1.0769739      -12.932322      0.38197863       14.793759       11.939164   1.1686337e-13       2.4097869      0.64571002       0.64571002      -25.221793      -25.221793
             24      -11.958697       1.1798168       1.0847689      -12.933596      0.38832921       15.129231        12.15539   1.1652094e-13       2.4452835      0.66352014       0.66352014      -25.244435      -25.244435
              3      -11.319035       1.2529607       1.1039592      -12.926361      0.36129479        17.90444       12.704547   1.1847832e-13       2.2977077      0.84852707       0.84852707      -24.335124      -24.335124
             10      -11.161516       1.2845116       1.0910519      -12.922465      0.35263091       19.253583       12.332522   1.1954608e-13       2.2523243      0.93630477       0.93630477      -24.195642      -24.195642
              3      -10.938323       1.1737181        1.135141      -12.926332      0.41273412       14.918258       13.650262    1.184862e-13       2.5866289      0.60866507       0.60866507      -23.093977      -23.093977
             10      -10.548609      0.77825107      0.52390945        -13.0637      0.21849699       6.0013792       3.3412536   8.6357472e-14       1.6538533       1.6083357        1.6083357      -24.313889      -24.313889
              3      -10.575191      0.90133393      0.53529651       -13.03245      0.20429482       7.9677176       3.4300189   9.2800524e-14       1.6006443        1.460666         1.460666      -24.071713      -24.071713
              2      -11.002376      0.45126191      0.78209248      -12.979083      0.59476775       2.8265841       6.0546979   1.0493414e-13       3.9333968      0.86330623       0.86330623      -23.731364      -23.731364
              2      -10.811837       0.2854402       1.0422706      -12.926588      0.34495016       1.9294796        11.02226   1.1841651e-13       2.2128407       1.1204872        1.1204872      -23.864649      -23.864649
              3      -11.425576      0.31988292       1.0080433      -12.918243      0.30901876        2.088733       10.186929   1.2071371e-13       2.0371301       1.0462513        1.0462513      -24.943655      -24.943655
              7      -11.576982      0.29998335       1.0943979      -12.896781      0.29642829       1.9951858       12.427905   1.2682906e-13       1.9789202       1.0583471        1.0583471      -25.270659      -25.270659
              1       -9.675786     0.075149125       1.1421275       -12.93284      0.62854019       1.1889104        13.87163   1.1672403e-13       4.2514805        1.760936         1.760936      -22.873444      -22.873444
              7      -9.8737178     0.091878084       1.3307546       -12.87278      0.75997368       1.2356005       21.416803   1.3403545e-13       5.7540507       1.6615101        1.6615101      -23.070456      -23.070456
              8      -10.102293    0.0068884246      0.70737675      -12.997015      0.54163894       1.0159876       5.0977291   1.0068971e-13       3.4804784       2.6100483        2.6100483      -25.424682      -25.424682
             15      -9.4531581    -0.089848212      0.69337356      -12.994684      0.54254331      0.81311465       4.9359819   1.0123161e-13       3.4877337       3.1187718        3.1187718       -25.14386       -25.14386
              3      -9.5002746    -0.072369376      0.66384135       -13.00701      0.53675285      0.84650714       4.6114908   9.8398763e-14       3.4415402       3.1237589        3.1237589      -25.248067      -25.248067
             10      -9.4792045    -0.072505202      0.66964338      -13.005348      0.52765674      0.84624243       4.6735122   9.8776221e-14       3.3702083       3.1122269        3.1122269      -25.182863      -25.182863
              4      -10.005896     0.016111254      0.73002095      -13.002709      0.40076651       1.0377942        5.370577   9.9378232e-14       2.5163237       2.6481743        2.6481743      -25.308141      -25.308141
              2      -9.8519994   -0.0033291921      0.73441855      -13.001598      0.41461834      0.99236356        5.425235   9.9632759e-14       2.5978755        2.720402         2.720402      -25.144803      -25.144803
             10      -9.3877506    -0.080967093      0.80417957      -12.979195       0.5628342      0.82991365       6.3705887   1.0490722e-13       3.6545524       2.8613088        2.8613088      -24.498119      -24.498119
              4      -9.0815353    -0.054280559      0.79029993      -12.986785      0.49608144      0.88250961       6.1702097   1.0308965e-13       3.1338734       2.7938196        2.7938196       -23.75071       -23.75071
              9      -10.017177     0.012516982      0.74429653      -12.996564      0.46808591       1.0292408       5.5500453   1.0079431e-13       2.9382308       2.5698308        2.5698308      -25.174017      -25.174017
              4      -8.2325032      0.45663372      0.78624074       -12.97581       0.4359888       2.8617634       6.1128078    1.057281e-13       2.7289074      0.91370698       0.91370698       -18.29242       -18.29242
             38      -8.7788075      0.54257196       0.5942901      -12.952276      0.96971567       3.4879637        3.929073   1.1161532e-13        9.326435       1.0182167        1.0182167      -19.594048      -19.594048
             14      -6.4786126      0.30957259      0.40892117      -13.018438      0.99402728       2.0397295       2.5640186   9.5843371e-14       9.8634145       2.2337881        2.2337881      -17.424801      -17.424801
              7      -8.0589562      0.29070595      0.51993259      -12.976944      0.94837588       1.9530167       3.3107973   1.0545233e-13       8.8792417       1.8249067        1.8249067      -19.767726      -19.767726
              5      -7.3118053      0.16492852       0.9800627      -12.945628      0.79018123       1.4619365       9.5513046   1.1333718e-13       6.1685236       1.4760784        1.4760784      -17.575767      -17.575767
              2      -7.4245371     -0.22082875       1.3230265       -12.87025      0.83678379      0.60141084       21.039067   1.3481865e-13       6.8672647       3.3404179        3.3404179       -21.52991       -21.52991
              2      -7.5419644     -0.27853219       1.2483092      -12.888636      0.80074158      0.52658418       17.713698   1.2923007e-13       6.3203566       3.6743399        3.6743399      -22.432609      -22.432609
              5      -9.6810749      0.54805191        1.011848      -12.788925     -0.12218977       3.5322539       10.276567   1.6258312e-13      0.75476235       1.2414951        1.2414951       -21.84514       -21.84514
              2      -9.7287785      0.55622693        1.038841      -12.782503     -0.13772221       3.5993736        10.93556   1.6500503e-13      0.72824546       1.2661737        1.2661737      -21.989904      -21.989904
              1      -9.1177468       0.5066962       1.1397157      -12.787627    -0.033416123       3.2114133       13.794808    1.630697e-13       0.9259422       1.0784481        1.0784481       -20.39239       -20.39239
              2      -10.427089      0.89540301       1.1622758      -12.781667     0.018445323       7.8596464       14.530342   1.6532279e-13       1.0433868      0.71423109       0.71423109       -22.28264       -22.28264
             12      -10.977884      0.84823583       1.1837826      -12.777573     0.017046694       7.0507583       15.268017   1.6688877e-13        1.040032      0.70815196       0.70815196      -23.372072      -23.372072
             45      -11.182273      0.81603327       1.1476065      -12.787178     0.037814182       6.5468632        14.04774   1.6323833e-13       1.0909735      0.64543824       0.64543824      -23.655422      -23.655422
             14      -10.564498      0.82805897       1.1846422      -12.789596     0.069588359       6.7306804       15.298265   1.6233202e-13       1.1737845      0.58642982       0.58642982      -22.301857      -22.301857
              9      -9.5736404      0.99619064       1.3496441      -12.744647     0.078955794       9.9126698       22.368875   1.8003318e-13       1.1993772      0.81613855       0.81613855      -20.779558      -20.779558
             28      -10.435777      0.86368725       1.4675778      -12.718949      0.12983257       7.3061275        29.34795   1.9100782e-13       1.3484429      0.80153563       0.80153563      -22.474625      -22.474625
              4      -10.648318       0.8654669       1.4713383      -12.717835      0.13544226        7.336128       29.603177   1.9149849e-13       1.3659735      0.79968938       0.79968938      -22.896016      -22.896016
             13      -10.464369      0.58421117       1.5406527      -12.799315       0.4796825       3.8389386       34.725838   1.5873939e-13       3.0177447      0.50534047       0.50534047      -21.939419      -21.939419
              6      -9.5748306      0.55951932       1.5794122      -12.796296      0.44068342       3.6267642       37.967521   1.5984677e-13       2.7585662      0.62783513       0.62783513      -20.405332      -20.405332
              1      -11.235419      0.44135904       1.3918019      -12.861447      0.66291535       2.7628611       24.649149   1.3757917e-13       4.6016687      0.53686278       0.53686278      -23.544563      -23.544563
              4      -9.9308783       0.2552705         1.21948      -12.885802      0.55979086       1.7999917       16.576011   1.3007624e-13       3.6290325      0.99518354       0.99518354      -21.852124      -21.852124
              6      -10.166341     0.055931805       1.0933181      -12.903978      0.92165509       1.1374487       12.397043   1.2474474e-13       8.3493966       1.8856029        1.8856029      -24.103889      -24.103889
              2      -9.8881731     0.053276628       1.1357754      -12.887585      0.95110407       1.1305158       13.670216   1.2954327e-13       8.9351956       1.8947074        1.8947074      -23.565761      -23.565761
              8      -10.509764     0.030813597       1.0683012      -12.882213       1.0275771       1.0735285       11.703108   1.3115562e-13        10.65558       2.0756826        2.0756826      -25.170894      -25.170894
              1      -8.9462294    -0.037865002       1.1614791      -12.877204       1.0387528      0.91650534       14.503709   1.3267716e-13       10.933338       2.4186009        2.4186009      -22.729661      -22.729661
              6       -9.406297     0.065895253       1.2086683      -12.873028       1.1770762       1.1638453       16.168445   1.3395898e-13       15.034058       2.1222096        2.1222096      -23.057013      -23.057013
              4       -11.17217      0.87286748       1.2664706      -12.907621      0.86026341       7.4622102       18.470158    1.237026e-13       7.2487548      0.17191715       0.17191715      -22.688174      -22.688174
             48      -3.6649618       1.4498941      0.92353622      -12.950325       1.4346715       28.176961       8.3856401    1.121179e-13       27.206424       2.4266755        2.4266755      -12.183275      -12.183275
             11      -2.9259523       1.4460653      0.89691875      -12.951002       1.4058821       27.929637       7.8871256   1.1194316e-13       25.461389       2.3627689        2.3627689      -10.577442      -10.577442
             28      -3.3586765       1.5668132      0.91151895      -12.949106       1.4612638       36.881894       8.1567837   1.1243302e-13       28.924365       2.9916445        2.9916445      -12.700642      -12.700642
             34      -3.6192791       1.5639254      0.91111197       -12.94975       1.4654816       36.637461       8.1491435    1.122665e-13       29.206639       2.9916064        2.9916064      -13.221771      -13.221771
             37      -3.8035543       1.2361251      0.73903987      -12.961888       1.4832115       17.223646        5.483273   1.0917211e-13       30.423662       2.0841467        2.0841467      -11.775402      -11.775402
              6      -7.6916517      0.34141563      0.75459678      -12.929775       1.0612811       2.1949045       5.6832503   1.1755073e-13       11.515454       1.2619537        1.2619537      -17.907211      -17.907211
             25       -8.021239      0.33212732      0.75275223      -12.930071       1.0594096       2.1484602       5.6591634    1.174706e-13       11.465938       1.2892587        1.2892587      -18.620995      -18.620995
              2      -9.9106675       1.4252763       1.0719625      -12.857006      0.98081258       26.624186       11.802186   1.3899319e-13       9.5678109       1.2974955        1.2974955      -22.416326      -22.416326
              3      -9.2728402       1.3647678       1.2460124      -12.883008      0.86639404        23.16156       17.620262   1.3091563e-13        7.351806       1.0397611        1.0397611      -20.625203      -20.625203
              6      -8.4865041      0.51941151       1.2566418      -12.860645       1.1161716       3.3068272       18.056844   1.3783371e-13       13.066872      0.61254171       0.61254171      -18.198092      -18.198092
              3      -8.2238651      0.83397616      0.86104894      -12.946101      0.67998636       6.8230124       7.2618779   1.1321373e-13       4.7861506      0.27537144       0.27537144      -16.998473      -16.998473
             17      -11.138293       1.3385961      0.96794604      -12.903231      0.74560318       21.807009       9.2885097   1.2495933e-13       5.5667687       0.9461873        0.9461873       -24.16896       -24.16896
              8      -11.414484      0.76419156       0.9189074      -12.945121      0.39292624       5.8102064       8.2967385   1.1346958e-13       2.4713044      0.35439149       0.35439149      -23.537752      -23.537752
              3       -11.54733      0.73316169      0.91360505      -12.945389      0.39247345       5.4095569       8.1960585   1.1339942e-13       2.4687292      0.37099003       0.37099003       -23.83664       -23.83664
             20       -11.56219      0.79740783      0.75620549      -12.978013      0.22542514       6.2720257       5.7043411    1.051931e-13       1.6804482      0.80976322       0.80976322      -24.743906      -24.743906
              6      -12.038838       1.1593696       1.3235194      -12.870631      0.46626269       14.433432       21.062961   1.3470032e-13       2.9259216      0.51012319       0.51012319      -25.097923      -25.097923
             25      -11.685342       0.9097308       1.3021563      -12.887714      0.57721955       8.1232683       20.051935   1.2950482e-13       3.7776312      0.12828482       0.12828482      -23.627253      -23.627253
             15      -11.892434       1.0673132       1.1736668      -12.886081      0.26578027       11.676513       14.916494   1.2999267e-13       1.8440822       0.4927399        0.4927399      -24.770347      -24.770347
              5      -11.848591       1.0662074       1.1727581      -12.886665      0.26522171       11.646821       14.885317     1.29818e-13        1.841712      0.49245878       0.49245878      -24.682099      -24.682099
             11      -12.164593      0.62231746       1.3343604       -12.87698      0.67248376       4.1909981       21.595356   1.3274551e-13       4.7041782      0.20020257       0.20020257      -24.729591      -24.729591
              2      -11.138317      0.37016446       1.5272776      -12.837402      0.59527614       2.3451167       33.672677   1.4541113e-13       3.9380039      0.86331485       0.86331485      -24.003264      -24.003264
              7      -8.9722856      0.45525626       1.4139774      -12.835191      0.35329685       2.8527011       25.940443    1.461535e-13       2.2557806      0.67400809       0.67400809      -19.292587      -19.292587
              4      -10.181476       0.3700628       1.4558733      -12.829085       0.3659114       2.3445678       28.567568   1.4822272e-13        2.322263      0.91062997       0.91062997      -22.184212      -22.184212
             12      -10.230405      0.18349945       1.5081112       -12.82643      0.52471865       1.5258065       32.218936   1.4913185e-13       3.3474851       1.4627019        1.4627019      -23.386213      -23.386213
              6      -10.475066      0.52193162       1.4086394      -12.868565      0.61067654       3.3260718       25.623554    1.353427e-13       4.0801538      0.40476824       0.40476824      -21.759669      -21.759669
              2      -11.939391      0.47560998       1.2490415      -12.896269      0.67178105       2.9895787       17.743589    1.269786e-13       4.6965727      0.41097575       0.41097575      -24.700733      -24.700733
              6      -11.964249      0.47804349       1.2486716      -12.897032      0.67434762       3.0063773       17.728485    1.267557e-13       4.7244104      0.40725361       0.40725361      -24.743005      -24.743005
              1       -11.92548      0.47752591        1.247902      -12.897548      0.67330979       3.0027966       17.697097   1.2660536e-13        4.713134      0.40883293       0.40883293      -24.668625      -24.668625
              1      -11.463029       1.0996727       1.3860256      -12.868778      0.47738966        12.57977       24.323475   1.3527636e-13       3.0018547      0.43639546       0.43639546      -23.798849      -23.798849
             11      -10.901746       1.1173126       1.1777511      -12.890421      0.27668824       13.101246       15.057437   1.2870014e-13       1.8909857      0.57102817       0.57102817      -22.945548      -22.945548
              7      -11.119167       1.1146533       1.0061356      -12.923665       0.1595915        13.02127       10.142281   1.1921613e-13       1.4440808      0.81985378       0.81985378      -23.878042      -23.878042
             22      -11.234492       1.1394497       1.1424021      -12.890454      0.22085819       13.786364       13.880404   1.2869037e-13       1.6628696      0.68486887       0.68486887      -23.838722      -23.838722
              9      -11.914167       1.0849631       1.2306003      -12.880275      0.28165798       12.160827       17.005926   1.3174236e-13        1.912749       0.5084722        0.5084722      -24.845278      -24.845278
              5      -12.116116       1.0419103       1.2572788      -12.879312      0.33214253       11.013117       18.083345   1.3203471e-13       2.1485355      0.39354748       0.39354748      -25.019326      -25.019326
              4      -10.450396      0.85270606       1.2419665      -12.872145      0.53479691       7.1237072       17.456876   1.3423182e-13       3.4260754     0.067685021      0.067685021      -21.036163      -21.036163
              4      -8.6110624      0.82380958       1.2596094      -12.865509      0.47811653       6.6651447       18.180651   1.3629834e-13        3.006883     0.093579002      0.093579002      -17.409283      -17.409283
              8      -10.352083       0.4045808       1.4147803      -12.907524       0.8895515       2.5385212       25.988447    1.237302e-13       7.7544589      0.79115802       0.79115802      -22.286482      -22.286482
              6      -9.9011048      0.39401014       1.5024994      -12.919236      0.96979268       2.4774799       31.805291    1.204381e-13        9.328089       1.0124852        1.0124852       -21.82718       -21.82718
              5      -10.183095      0.48231023        1.525161      -12.913559      0.91439899       3.0360592       33.508968   1.2202276e-13       8.2110555      0.78225133       0.78225133      -21.930693      -21.930693
              4      -10.502554      0.50159939       1.5280115      -12.911824      0.92023284        3.173945       33.729626   1.2251121e-13       8.3220982      0.75011383       0.75011383      -22.505335      -22.505335
              8      -11.105142      0.59022687        1.536673       -12.91308      0.92294231       3.8924843       34.409073    1.221575e-13       8.3741803      0.62523145       0.62523145      -23.460747      -23.460747
             15      -10.566184      0.60622711       1.5029922      -12.907312      0.88120113       4.0385653         31.8414   1.2379065e-13       7.6067847      0.51487229       0.51487229      -22.162112      -22.162112
             50      -10.505073      0.37767931      0.58015309      -13.018562      0.12420578       2.3860488       3.8032344   9.5815973e-14        1.331085       1.9811876        1.9811876       -24.97252       -24.97252
              3      -10.767495       0.4390586      0.59578962       -13.01114     0.090998099       2.7482649       3.9426627   9.7467598e-14       1.2330994       1.8299452        1.8299452       -25.19488       -25.19488
             10      -11.481487      0.63655903      0.70980168      -13.008053      0.27552333       4.3307093       5.1262724   9.8162917e-14       1.8859203        1.015967         1.015967      -24.994907      -24.994907
              1      -10.785787      0.91050492      0.53150683      -13.039678       0.1527424       8.1377608       3.4002186   9.1268797e-14       1.4214854       1.5921863        1.5921863      -24.755947      -24.755947
              6      -11.234042       1.1414167      0.74002062      -12.988086      0.23956143       13.848945       5.4956696   1.0278127e-13       1.7360468       1.1779171        1.1779171      -24.823919      -24.823919
              3      -11.269851       1.2852431      0.81782024      -12.966381      0.39544097       19.286041       6.5738567   1.0804864e-13       2.4856557       1.1793789        1.1793789      -24.898461      -24.898461
              4      -10.336319       1.1762353      0.82740335      -12.947752      0.42394115       15.004974       6.7205274   1.1278419e-13       2.6542459      0.81013895       0.81013895      -22.292916      -22.292916
              2      -11.307464       1.3449059      0.82787661      -12.951074      0.46057338       22.126154       6.7278549   1.1192477e-13       2.8878417       1.2509455        1.2509455      -25.116818      -25.116818
              5      -10.446095       1.4691428      0.84781576      -12.947116      0.42518384       29.453898       7.0439418   1.1294934e-13       2.6618516       1.6931854        1.6931854      -24.278562      -24.278562
              7      -10.679381       1.3939379       1.0958739      -12.902015      0.17429899       24.770677       12.470213   1.2530981e-13       1.4938225       1.4769468        1.4769468      -24.312656      -24.312656
             17      -10.562904       1.3037273       1.1274515       -12.90817      0.50791581       20.124604       13.410703   1.2354635e-13       3.2204445      0.83998937       0.83998937      -22.805786      -22.805786
              1      -10.615824       1.2890344       1.1281311      -12.907947      0.49779175        19.45514       13.431705    1.236097e-13       3.1462393      0.80189722       0.80189722      -22.835442      -22.835442
             33      -10.968192       1.1112935       1.0626785      -12.916255      0.62422446       12.920922       11.552566   1.2126754e-13       4.2094413      0.36300421       0.36300421      -22.662392      -22.662392
              1      -8.9135906       1.7941373       1.1049982      -12.897885        0.705872       62.249706       12.734979   1.2650706e-13        5.080097       2.9688659        2.9688659      -23.764913      -23.764913
              1      -8.0231097       1.9180688       1.1480374      -12.910063      0.48992367       82.807325       14.061686   1.2300905e-13       3.0897524       3.8246993        3.8246993      -23.695618      -23.695618
              9       -7.072125       1.9504358      0.52647779      -13.059599      0.44273722       89.214566       3.3610718   8.7176787e-14       2.7716426       5.2536636        5.2536636      -24.651577      -24.651577
              4      -6.3751558       1.9414192      0.53518773      -13.058769      0.43425469        87.38144       3.4291598    8.734351e-14       2.7180328       5.1758371        5.1758371      -23.101986      -23.101986
             17      -8.7924648       1.6745862       1.2272281      -12.891308      0.89814036       47.270068       16.874389   1.2843753e-13        7.909342       2.3937059        2.3937059      -22.372341      -22.372341
              7      -10.095401       1.7126375        1.077989      -12.929232      0.59752605       51.598554       11.967103   1.1769777e-13       3.9584581       2.5797121        2.5797121      -25.350227      -25.350227
              2      -9.8799357       1.7100337       1.0818033      -12.922044      0.51676721       51.290121       12.072668   1.1966205e-13       3.2867541       2.5767414        2.5767414      -24.913354      -24.913354
              7      -10.097658       1.6852433       1.0557301      -12.921411      0.54678796       48.444372       11.369205   1.1983651e-13       3.5219888       2.4338058        2.4338058      -25.062929      -25.062929
             15      -8.9462174       1.8958205       1.0639735      -12.935824      0.56492863       78.672054       11.587066   1.1592472e-13       3.6722194       3.7078569        3.7078569      -25.308148      -25.308148
              1      -8.8157214       1.7879962       0.7965814      -12.973924      0.27028665       61.375668       6.2601019   1.0618803e-13       1.8633166       3.5695655        3.5695655      -24.770574      -24.770574
              1      -8.9276735       1.7733225      0.77655692      -12.976303      0.25348095       59.336576       5.9780138     1.05608e-13       1.7925899       3.5373224        3.5373224      -24.929992      -24.929992
             14       -8.523175       1.7707335      0.79170071      -12.972185      0.24666506       58.983898       6.1901435   1.0661408e-13       1.7646763       3.4993012        3.4993012      -24.044953      -24.044953
              1      -8.9201856       1.7668691      0.95205278      -12.931467      0.22965019       58.461387       8.9547359   1.1709352e-13       1.6968763       3.2397759        3.2397759      -24.319923      -24.319923
              8       -8.902613       1.8297992       1.0697634      -12.919292      0.28481234       67.577044       11.742577   1.2042256e-13       1.9266922       3.4678551        3.4678551      -24.740936      -24.740936
             16      -8.1518637       1.8531797         1.07357      -12.917061      0.27277439       71.314808       11.845954   1.2104268e-13       1.8740207       3.6230696        3.6230696      -23.549867      -23.549867
              3      -8.4281693       1.8080144       1.0262994      -12.921523      0.20622051       64.270906       10.624278    1.198057e-13       1.6077574       3.4590933        3.4590933      -23.774525      -23.774525
             13      -8.8322983       1.7996547      0.87501253      -12.951468      0.28020982       63.045595       7.4991585   1.1182322e-13       1.9063815       3.4752185        3.4752185      -24.615034      -24.615034
              2      -8.5096688       1.1891926      0.72686502      -12.994784      0.34258395       15.459398       5.3316916   1.0120816e-13       2.2008171       1.1981708        1.1981708      -19.415679      -19.415679
             19      -7.0723302      0.94054838       1.5638466      -12.835899      0.51336558       8.7206405       36.630819   1.4591524e-13        3.261111       0.4098935        0.4098935      -14.964447      -14.964447
              6      -10.929551       1.3931377       1.2979755      -12.853488      0.25397477       24.725082       19.859831   1.4012386e-13       1.7946294       1.3479362        1.3479362      -24.554974      -24.554974
              1      -11.687494       1.2483905        1.161294      -12.896773      0.37289285       17.717015       14.497531   1.2683148e-13       2.3598959      0.76592433       0.76592433      -24.906837      -24.906837
              5      -10.031016       1.1655789       1.0176113      -12.894236       0.1519606       14.641274        10.41385   1.2757444e-13       1.4189288      0.87027683       0.87027683      -21.802585      -21.802585
              8      -10.167983       1.1000153      0.98848095      -12.919899      0.29336974       12.589698       9.7382506   1.2025436e-13       1.9650325      0.60031561       0.60031561      -21.536597      -21.536597
              6      -10.583986       1.1133881      0.93709499      -12.942311      0.32616475       12.983389       8.6515713   1.1420611e-13       2.1191649      0.67093249       0.67093249      -22.509837      -22.509837
              7      -11.270924      0.60718522       1.3061542      -12.800442     0.099707155       4.0474847       20.237374   1.5832797e-13       1.2580768      0.69829546       0.69829546      -23.938438      -23.938438
             23       -10.48538      0.62067367       1.2738312      -12.807328      0.13483393       4.1751653       18.785867   1.5583763e-13       1.3640614      0.59707045       0.59707045      -22.164901      -22.164901
             34      -10.486337       0.6216899       1.2739582      -12.807263      0.13476763       4.1849464       18.791359   1.5586083e-13       1.3638532      0.59611335       0.59611335      -22.164901      -22.164901
              3      -10.560714      0.72172261       1.4392316      -12.745878      0.18611474       5.2689322       27.493598    1.795238e-13       1.5350225      0.63195037       0.63195037      -22.385328      -22.385328
              6      -9.7519879      0.74386863       1.3802277      -12.753918      0.16389238       5.5445797        24.00091   1.7623091e-13       1.4584528      0.58409708       0.58409708       -20.67217       -20.67217
              5      -6.3249345       0.7801663       1.4677516      -12.738727      0.15658237       6.0279036       29.359698   1.8250435e-13       1.4341097      0.70515782       0.70515782      -14.060185      -14.060185
              9       -8.174154      0.40488819       1.3653738      -12.726466     0.057620111       2.5403186         23.1939   1.8773028e-13       1.1418791       1.3042324        1.3042324      -18.956773      -18.956773
             11      -9.6017475      0.56346925       1.6672353      -12.692559      0.20539567       3.6599003       46.476705   2.0297405e-13       1.6047067       1.2370403        1.2370403      -21.677575      -21.677575
              4      -9.3282363      0.63322053       1.7341396      -12.667304      0.18648795        4.297546       54.217511   2.1512744e-13       1.5363422       1.3973193        1.3973193      -21.451111      -21.451111
              4      -10.477968      0.80607633       1.6218123      -12.701739      0.20412182       6.3984729       41.861261   1.9872876e-13       1.6000068      0.94403478       0.94403478      -22.844006      -22.844006
              4      -9.6677457       0.1690933         1.43529       -12.74112      0.17858002       1.4760236       27.245203   1.8150159e-13       1.5086205       1.8699532        1.8699532      -23.075398      -23.075398
              4      -9.6028651      0.16446022       1.4316929      -12.741678       0.1814746        1.460361        27.02047   1.8126815e-13       1.5187091       1.8784178        1.8784178      -22.962566      -22.962566
             42      -9.5926129      0.52011975       1.3001722      -12.716593     -0.14864332       3.3122244       19.960535   1.9204661e-13      0.71016078       1.5170465        1.5170465      -22.219319      -22.219319
              2      -10.529515      0.79208614       1.4153766      -12.704095     0.085592271       6.1956396        26.02415   1.9765388e-13       1.2178457      0.85759527       0.85759527       -22.77422       -22.77422
             24      -10.461154      0.80089813       1.4278076      -12.700876     0.084572218       6.3226353       26.779815   1.9912424e-13       1.2149886      0.88103052       0.88103052      -22.684369      -22.684369
             26      -9.5138229       1.1409585        1.598808      -12.635478     0.010315904       13.834342       39.701595   2.3148462e-13       1.0240376       1.8353796        1.8353796      -22.698405      -22.698405
             15      -8.3924258       1.1142922       1.8022107      -12.595643    -0.009003167       13.010447       63.417735   2.5372157e-13      0.97948284       2.4310361        2.4310361      -21.646924      -21.646924
             11      -7.5419073      0.37551432       1.1610729      -12.793537     0.012372463       2.3741837       14.490151   1.6086559e-13       1.0288983        1.268023         1.268023       -17.61986       -17.61986
             12       -9.524286      0.32160837      0.87821339      -12.937991       1.0210765        2.097048       7.5546332   1.1534763e-13       10.497274       1.1627119        1.1627119      -21.373996      -21.373996
             23      -12.005251      0.52599285       1.1221211      -12.907994        0.838183       3.3573209        13.24711   1.2359644e-13       6.8894254      0.35709755       0.35709755      -24.724696      -24.724696
              2      -11.772244      0.32331423       1.1981358      -12.900147      0.60028212       2.1053012       15.781047   1.2584996e-13       3.9836587      0.78601319       0.78601319      -25.116514      -25.116514
              3      -11.697929      0.66580851       1.4533628       -12.85111      0.54304024       4.6324262       28.402909   1.4089334e-13       3.4917267      0.26900295       0.26900295      -23.933864      -23.933864
              5       -11.85562      0.64543727       1.1523958      -12.912588      0.61352738       4.4201527       14.203513   1.2229594e-13       4.1070253      0.16318433       0.16318433      -24.037608      -24.037608
              1       -11.76942       1.1212099       1.1785848      -12.896057      0.41558894       13.219343       15.086371   1.2704062e-13        2.603688      0.44232618       0.44232618      -24.423492      -24.423492
              8       -12.16457       1.1518978        1.179169      -12.896732      0.46279524       14.187237        15.10668   1.2684347e-13       2.9026538       0.4688603        0.4688603      -25.266861      -25.266861
              7      -10.914265      0.83125387       1.5666678      -12.828388       0.4475665       6.7803775       36.869544   1.4846077e-13       2.8026348      0.40353421       0.40353421      -22.635598      -22.635598
              1      -11.235604       0.8321183       1.5641445      -12.829303      0.44873903       6.7938867       36.655949   1.4814843e-13       2.8102116      0.39903716       0.39903716      -23.269282      -23.269282
              4      -10.232949       1.0277175       1.4252214      -12.838584      0.31569898       10.659026       26.620819   1.4501595e-13        2.068707      0.48671279       0.48671279      -21.439324      -21.439324
              8      -7.6277205       1.1152372       1.1578257      -12.868048       1.1343555       13.038787       14.382212   1.3550384e-13       13.625596      0.63990922       0.63990922      -16.535259      -16.535259
              3      -8.3831469       1.1067828       1.2873694      -12.881027      0.85573693       12.787417       19.380698   1.3151429e-13       7.1735963      0.38883949       0.38883949      -17.543973      -17.543973
              8       -12.00804      0.66875703       1.4474533      -12.861689      0.66152329       4.6639838       28.019041   1.3750256e-13       4.5869424      0.24247652       0.24247652      -24.501033      -24.501033
              4      -12.207842      0.62325171       1.3806934      -12.868011      0.62141787       4.2000234       24.026658   1.3551562e-13       4.1823259      0.23007118       0.23007118      -24.875827      -24.875827
              4      -11.270753       0.6589191       1.4116155      -12.860827         0.57574       4.5595197       25.799748   1.3777596e-13       3.7647834      0.22618322       0.22618322      -22.993873      -22.993873
              4      -8.7921727      0.81015742        1.551498      -12.809124      0.47480191       6.4588831       35.603938   1.5519438e-13       2.9840213      0.36392796       0.36392796      -18.312201      -18.312201
             35      -10.226954      0.66376873       1.7140277      -12.772213      0.48162014       4.6107198       51.763982   1.6896108e-13       3.0312387      0.74136839       0.74136839      -21.936645      -21.936645
              6      -10.245493      0.38259761       1.6333908      -12.779024      0.53610429       2.4132238       42.992311   1.6633206e-13       3.4364046       1.0410823        1.0410823      -22.573151      -22.573151
             14      -9.7081404      0.34438706       1.6307493       -12.77511       0.5459331       2.2099735       42.731611   1.6783783e-13       3.5150629       1.1402074        1.1402074      -21.696696      -21.696696
             22      -11.300885       0.7395258       1.0293508      -12.908482      0.36282212       5.4894117       10.699188   1.2345771e-13       2.3058026       0.2465079        0.2465079      -23.094786      -23.094786
              1      -11.730099      0.73817691       1.0529127      -12.906381      0.36869891       5.4723883        11.29569   1.2405645e-13       2.3372163      0.23071981       0.23071981      -23.921638      -23.921638
             11      -11.714456      0.43763605       1.3180121       -12.91294      0.96479534       2.7392776       20.797546   1.2219685e-13       9.2213676      0.70612172       0.70612172      -24.841156      -24.841156
              2      -11.707006      0.50166156       1.3590984      -12.909795      0.90460453       3.1743993       22.861166   1.2308487e-13       8.0279476      0.54601553       0.54601553      -24.506044      -24.506044
              1      -11.708345       0.6858278       1.4033081      -12.894711      0.85339178       4.8509612       25.310931   1.2743504e-13       7.1349639      0.28060022       0.28060022       -23.97789       -23.97789
              2      -11.263008      0.62764835       1.5644435      -12.874402      0.85874731       4.2427589       36.681196   1.3353594e-13       7.2234939      0.51014901       0.51014901      -23.546314      -23.546314
             30      -11.532165      0.58032054       1.5198262      -12.884982      0.90058081        3.804701       33.099863   1.3032206e-13       7.9539126       0.5474878        0.5474878      -24.159305      -24.159305
             15       -11.27798      0.57454993       1.5552036       -12.89536      0.89010119       3.7544812       35.909021   1.2724465e-13         7.76428      0.61478601       0.61478601      -23.785533      -23.785533
              2      -11.115594      0.56965321        1.518926      -12.903334      0.90625815       3.7123867       33.031327   1.2492974e-13       8.0585731      0.59629188       0.59629188      -23.423772      -23.423772
             17      -10.199207      0.57549568        1.547217      -12.869257      0.92582293       3.7626661         35.2547   1.3512734e-13       8.4299099      0.59358837       0.59358837       -21.58559       -21.58559
              9      -9.9113333      0.39005196       1.5934459       -12.86607      0.83123473       2.4550026       39.214428   1.3612244e-13       6.7800786      0.96481012       0.96481012      -21.752287      -21.752287
              9      -9.5659263      0.35740809       1.6268501      -12.866284      0.83469473       2.2772363       42.349673   1.3605559e-13       6.8343109       1.1093303        1.1093303      -21.350513      -21.350513
              8      -10.159907      0.32191171       1.6128059      -12.886035      0.88532532       2.0985132       41.002084   1.3000654e-13       7.6793652        1.242295         1.242295      -22.804403      -22.804403
              2      -9.6944157      0.44126731       1.6238864      -12.863796      0.80070738       2.7622776       42.061659   1.3683713e-13       6.3198589       0.8765782        0.8765782      -21.141988      -21.141988
              1      -9.6397813       0.3932514       1.5743597      -12.891322      0.97848573       2.4731554       37.528371   1.2843345e-13       9.5166859       1.0724248        1.0724248      -21.424412      -21.424412
             11      -10.636254      0.46518121       1.4038763      -12.887637       1.0393629       2.9186446       25.344067   1.2952789e-13        10.94871      0.75247347       0.75247347      -22.777454      -22.777454
             12      -11.493168      0.53480235       1.3180928      -12.904046      0.86667189       3.4261182       20.801412   1.2472515e-13        7.356511      0.41849984       0.41849984      -23.823336      -23.823336
              4      -12.281859      0.75239646        1.240733      -12.902297      0.73918909       5.6545293       17.407365   1.2522834e-13       5.4851573     0.096847641      0.096847641      -24.757413      -24.757413
              8      -12.200795      0.93295419       1.2885572      -12.883809      0.75531352       8.5694744       19.433776   1.3067448e-13       5.6926374      0.12898895       0.12898895      -24.659568      -24.659568
              8      -12.203107      0.93286912        1.289141      -12.883772       0.7548958       8.5677961        19.45992   1.3068566e-13       5.6871646      0.12909252       0.12909252        -24.6644        -24.6644
              2      -12.429157      0.91380821       1.2847754      -12.888886       0.7713269       8.1998935       19.265285   1.2915579e-13        5.906455      0.12628466       0.12628466      -25.110884      -25.110884
             14      -12.192537      0.92471929       1.2820986      -12.889556      0.77652293       8.4085147       19.146905   1.2895669e-13        5.977546      0.13475147       0.13475147      -24.654578      -24.654578
              4      -12.141156      0.92310548       1.2836613      -12.884488      0.77000616       8.3773273       19.215924   1.3047051e-13       5.8885201      0.12473741       0.12473741      -24.531788      -24.531788
             12      -12.366052      0.71758477       1.1876544       -12.90057      0.49822313       5.2189697       15.404739   1.2572748e-13        3.149366      0.13115594       0.13115594      -24.994415      -24.994415
              3      -11.701411      0.76726414       1.1222239      -12.912184      0.48666489       5.8514586       13.250245   1.2240983e-13       3.0666548      0.13214306       0.13214306      -23.667108      -23.667108
              5      -12.423128      0.81717162          1.1436      -12.910151      0.51385908       6.5640461       13.918744    1.229841e-13       3.2648188      0.10833594       0.10833594      -25.062927      -25.062927
              3      -11.506021      0.71573455       1.0016561       -12.94237      0.40138347       5.1967826       10.038206   1.1419058e-13        2.519901      0.31429808       0.31429808      -23.640639      -23.640639
              1      -11.595986      0.71232518      0.99941276      -12.942911      0.40551287       5.1561457       9.9864874   1.1404828e-13       2.5439752      0.31519925       0.31519925       -23.82237       -23.82237
             15      -10.640342       0.7333535       1.1460849      -12.919305       0.4396271       5.4119466       13.998611   1.2041886e-13       2.7518648       0.1925133        0.1925133      -21.665711      -21.665711
              9      -10.554149      0.94456069       1.2058078      -12.865691      0.30912725       8.8015811       16.062304   1.3624149e-13        2.037639      0.27719056       0.27719056      -21.662679      -21.662679
             21      -12.153192      0.90532434       1.1939395      -12.879135      0.40068767       8.0412643       15.629299   1.3208843e-13       2.5158669      0.16906716       0.16906716      -24.644519      -24.644519
             26      -12.396637      0.89806509       1.1984669      -12.878929      0.39961442       7.9079714       15.793082   1.3215109e-13       2.5096573      0.16693061       0.16693061      -25.127136      -25.127136
              3      -11.787405      0.87516232       1.4678001      -12.865923      0.54808315       7.5017453       29.362976   1.3616849e-13        3.532508      0.24451582       0.24451582      -24.063842      -24.063842
              9      -11.435017      0.69449161        1.542812      -12.847671      0.62845227       4.9487055       34.898922   1.4201329e-13       4.2506198      0.33746436       0.33746436      -23.544962      -23.544962
              2      -11.418681      0.68819874       1.5419573      -12.848892      0.62904852       4.8775164       34.830303   1.4161444e-13       4.2564596      0.34138837       0.34138837      -23.520138      -23.520138
             28      -11.797325      0.97071612        1.432709      -12.863348      0.51170796       9.3479444       27.083763   1.3697829e-13       3.2486876      0.28327841       0.28327841      -24.161206      -24.161206
              2      -11.975602       1.0319987       1.3758077      -12.875146      0.52434587       10.764621       23.757883   1.3330727e-13        3.344613       0.3047278        0.3047278       -24.56066       -24.56066
              1      -10.326196       1.3273103       1.4243272      -12.806274      0.18433525       21.247623       26.566065   1.5621621e-13       1.5287457       1.3297288        1.3297288      -23.311849      -23.311849
              2      -11.335512       1.2859461       1.0445888      -12.926453      0.29959245       19.317288        11.08125    1.184533e-13       1.9933908       1.0173398        1.0173398      -24.705704      -24.705704
             11      -11.341571        1.291817       1.0504443      -12.926099       0.3041464       19.580193       11.231669   1.1854975e-13       2.0144032        1.026541         1.026541      -24.736223      -24.736223
             12       -11.00038       1.3485891      0.85635367      -12.952842      0.34652428       22.314601       7.1837906   1.1146989e-13       2.2208759       1.3390438        1.3390438      -24.678847      -24.678847
              1       -11.16064       1.3486059      0.85716323      -12.952332      0.34846074       22.315464       7.1971943   1.1160087e-13       2.2308005       1.3347859        1.3347859      -24.990851      -24.990851
              7      -11.178312       1.3868077      0.90706277      -12.943623      0.35453092       24.367318       8.0735171   1.1386163e-13       2.2621996       1.3904654        1.3904654      -25.137554      -25.137554
              8      -8.2885722       1.5443718      0.49455135       -13.01929       0.5393075       35.024486       3.1228516   9.5655422e-14        3.461844       2.7599913        2.7599913      -22.097127      -22.097127
              5      -10.211722       1.4028359      0.73653044      -12.958737      0.56874731       25.283424       5.4516811   1.0996726e-13       3.7046511       1.5242234        1.5242234      -23.471891      -23.471891
             11      -10.425941       1.3816301      0.73969681      -12.958818      0.57122757       24.078539       5.4915737   1.0994676e-13       3.7258689       1.4450432        1.4450432      -23.741969      -23.741969
             13      -11.685637      0.45208535       1.0058947      -12.923462      0.83766115       2.8319485       10.136657   1.1927181e-13        6.881152      0.55695746       0.55695746      -24.485188      -24.485188
              1       -11.68288      0.47752498      0.99256449      -12.924875      0.83306394       3.0027902       9.8302483   1.1888443e-13       6.8086959      0.51014811       0.51014811      -24.386057      -24.386057
             10      -11.319503      0.53643489       1.0644086      -12.910732      0.91494022       3.4390215       11.598682   1.2281973e-13       8.2212948       0.4025398        0.4025398      -23.444086      -23.444086
              5      -9.3020702     -0.13149642      0.98318549      -12.941452      0.47769036      0.73876036       9.6202307   1.1443206e-13       3.0039338       2.9201937        2.9201937      -24.444528      -24.444528
              1       -9.040389     -0.07950824      0.63516743      -13.010507      0.19673289      0.83270613       4.3168547   9.7609753e-14       1.5730151       3.5568988        3.5568988      -25.194576      -25.194576
              8      -9.0403356     -0.07951655      0.63516348      -13.010509      0.19673865      0.83269019       4.3168154   9.7609199e-14        1.573036       3.5569523        3.5569523      -25.194576      -25.194576
              2      -7.8195674     -0.31924023      0.70336149      -12.992795      0.34004667      0.47946816       5.0508153   1.0167295e-13       2.1879967       4.6538194        4.6538194      -24.946774      -24.946774
              3      -8.5294832     -0.21821424      0.76104394      -13.000452      0.46376727      0.60504233       5.7682482   9.9895947e-14       2.9091577       3.8420122        3.8420122      -24.742991      -24.742991
              1       -8.775523    -0.020248115      0.60655035      -13.023527      0.42778472      0.95444715       4.0415723    9.472681e-14       2.6778406       3.0903733        3.0903733      -23.731793      -23.731793
             16       -9.442794      0.10691841      0.77215389      -12.959584      0.30518673        1.279141       5.9177129   1.0975293e-13       2.0192344        2.119821         2.119821       -23.12523       -23.12523
              8      -10.244608      0.34339311      0.78979366      -12.968065      0.37126562       2.2049214       6.1630211   1.0763034e-13       2.3510703       1.2192902        1.2192902      -22.927797      -22.927797
              2      -10.769644      0.38764157      0.87792294       -12.95829      0.63356137       2.4414148       7.5495826    1.100805e-13         4.30092      0.83973364       0.83973364      -23.218754      -23.218754
              2      -10.278698      0.58463427       1.6708472      -12.770478      0.44796307       3.8426804       46.864843   1.6963768e-13       2.8051951      0.77034423       0.77034423      -22.098084      -22.098084
              1      -10.242315      0.58433882       1.6705891      -12.770663      0.45537532       3.8400671       46.836999   1.6956518e-13       2.8534832      0.76480746       0.76480746      -22.014245      -22.014245
              3      -9.1152821      0.86880079      0.81288598      -12.950174      0.33125408       7.3926609       6.4995903   1.1215687e-13       2.1441446      0.52689394       0.52689394      -19.284352      -19.284352
              4      -10.135192      0.85302406      0.71909966      -12.989447      0.32398255       7.1289252        5.237206   1.0245956e-13       2.1085434      0.78083783       0.78083783      -21.832059      -21.832059
             12      -11.750619      0.82582597      0.64688059      -13.011842      0.40433484       6.6961623       4.4348669   9.7310044e-14        2.537084      0.89969164       0.89969164      -25.300621      -25.300621
             10      -11.673331      0.84903633      0.64866954      -13.009625      0.44430514       7.0637664       4.4531727   9.7808042e-14        2.781667      0.85895673       0.85895673      -25.064576      -25.064576
              4      -11.677121      0.77613377      0.63441663      -13.018227      0.39751329       5.9721922       4.3093982   9.5889952e-14       2.4975448      0.95826837       0.95826837      -25.270779      -25.270779
             17      -9.6347268      0.87162208       0.3410392      -13.090391      0.15418129        7.440842       2.1930029   8.1209912e-14       1.4262028       2.3105875        2.3105875      -23.890629      -23.890629
              1      -9.7617662      0.86399785      0.33391741      -13.092455       0.1622672       7.3113546       2.1573341   8.0824849e-14       1.4530053       2.3269089        2.3269089       -24.17735       -24.17735
              9      -8.7637386      0.85242675      0.61590311      -13.044187      0.39109461       7.1191271       4.1295536   9.0326015e-14       2.4609036       1.1252738        1.1252738      -19.778025      -19.778025
              4      -8.1686428       1.1431537      0.61571384      -12.954663    -0.077283946       13.904445       4.1277544   1.1100349e-13      0.83698188       1.8580053        1.8580053      -20.053296      -20.053296
             19      -10.582095      0.60577703      0.85099826       -12.93274      0.10914316       4.0343821       7.0957493   1.1675089e-13       1.2857104      0.88103562       0.88103562      -22.926261      -22.926261
             17      -10.920811      0.65650731      0.81394417       -12.94417     0.096385489       4.5342693       6.5154462    1.137181e-13       1.2484912      0.91713755       0.91713755      -23.675898      -23.675898
              6      -11.452224      0.37795045       1.2245229      -12.863802      0.24244398       2.3875389       16.769608   1.3683522e-13       1.7476078      0.87938029       0.87938029      -24.663209      -24.663209
              9      -11.460187       0.4718768       1.1083945       -12.88608      0.22164151       2.9639905       12.834959   1.2999312e-13       1.6658715      0.69818526       0.69818526      -24.316745      -24.316745
              5      -11.869422      0.38648834       1.0567779      -12.929406      0.43430228       2.4349404       11.396669   1.1765044e-13       2.7183306      0.75291203       0.75291203      -25.244668      -25.244668
             26      -11.479483      0.94852151      0.98394512      -12.866313     0.098919334       8.8822196       9.6370724   1.3604637e-13       1.2557967      0.61792575       0.61792575      -24.194817      -24.194817
             31      -11.479844      0.94454447      0.98404511      -12.866231      0.10134754       8.8012523       9.6392914   1.3607207e-13       1.2628377      0.61005614       0.61005614      -24.179801      -24.179801
             12      -11.511631      0.94193322      0.98294414      -12.866271     0.095709268       8.7484924       9.6148861   1.3605952e-13       1.2465488      0.61897043       0.61897043      -24.261202      -24.261202
              9      -10.215887      0.56798364       1.4322555       -12.77109      0.31473712       3.6981425       27.055493   1.6939862e-13       2.0641304      0.56412658       0.56412658      -21.560028      -21.560028
              4      -10.379332      0.24030644       1.4505857      -12.792852      0.30615184       1.7390274       28.221862   1.6111932e-13       2.0237266       1.3777705        1.3777705      -23.514205      -23.514205
              7      -11.931711      0.51453941       1.0446454      -12.936888      0.46684913       3.2699372       11.082695   1.1564113e-13       2.9298752      0.47323149       0.47323149      -24.809885      -24.809885
              1      -12.420095       0.8726327       1.1485489      -12.896312      0.68096321       7.4581773       14.078258   1.2696609e-13       4.7969281     0.055847486      0.055847486      -24.951886      -24.951886
             18      -12.514801      0.89239389       1.1545335      -12.894098      0.70106886        7.805377         14.2736   1.2761497e-13       5.0242224      0.06280191       0.06280191      -25.155206      -25.155206
              2      -12.492305      0.85228857       1.1782232      -12.885333      0.66148041       7.1168625       15.073817    1.302168e-13       4.5864895      0.03630707       0.03630707      -25.057224      -25.057224
             11      -12.422426      0.90286049       1.2757764       -12.87691      0.60158644       7.9957736       18.870196   1.3276684e-13       3.9956408     0.087987845      0.087987845      -25.020828      -25.020828
              2      -12.269831      0.90721068       1.2701418       -12.87903      0.59599186       8.0762672       18.626953   1.3212036e-13       3.9444991     0.091467114      0.091467114      -24.722596      -24.722596
              1      -8.5643269      0.90462231       1.3291587      -12.862227      0.71554871       8.0282763       21.338247   1.3733251e-13       5.1945594      0.10313137       0.10313137      -17.334917      -17.334917
              5      -10.807323     0.095240365       1.3298673      -12.891016      0.83584894       1.2452036        21.37309   1.2852386e-13       6.8524984        1.703316         1.703316      -25.021277      -25.021277
              3      -9.8135189      0.32403024        1.671787      -12.776847      0.47563126        2.108775       46.966373   1.6716797e-13       2.9897251       1.3075739        1.3075739      -22.242186      -22.242186
              4      -10.282254      0.33618269       1.6246499      -12.786516      0.54905082       2.1686162       42.135673    1.634873e-13       3.5403877       1.1396931        1.1396931      -22.843894      -22.843894
             14      -10.143011      0.33074567       1.6697349      -12.765417      0.50261626       2.1416361       46.744971   1.7162602e-13       3.1813852       1.2830617        1.2830617      -22.852145      -22.852145
              3      -10.147731      0.33093883       1.6756068      -12.763334      0.50126801       2.1425888       47.381282   1.7245113e-13        3.171524       1.2973782        1.2973782      -22.890218      -22.890218
              5      -9.5152381       0.3178297       1.5793323       -12.77264      0.39493263       2.0788813       37.960533   1.6879516e-13       2.4827479       1.2316508        1.2316508      -21.493778      -21.493778
              2      -8.1829441     -0.14769797      0.74110992      -12.941744      0.03725932       0.7117083       5.5094712   1.1435531e-13       1.0895805       3.8171366        3.8171366      -24.000161      -24.000161
             15      -8.2731333     -0.14732914       0.7565994      -12.939441    0.0030177902      0.71231298       5.7095174   1.1496333e-13       1.0069729       3.8609675        3.8609675      -24.268202      -24.268202
              9      -9.9477693      0.49117072      0.32643657       -13.10481      0.20982143       3.0986371       2.1204917   7.8557916e-14       1.6211434       2.6543655        2.6543655      -25.204269      -25.204269
              5      -9.6916717      0.57556834       0.5941283      -13.043374      0.19556113       3.7632957       3.9276095   9.0495389e-14       1.5687767       1.5601691        1.5601691      -22.503682      -22.503682
              7      -9.6794975      0.36092458      0.32179616      -13.126507      0.36141054         2.29575       2.0979549   7.4729574e-14       2.2983202       2.9326941        2.9326941      -25.224383      -25.224383
             30      -8.8509584      0.54539001      0.18738052      -13.120568      0.61871822         3.51067       1.5395029   7.5758596e-14       4.1564084       2.7425084        2.7425084      -23.186934      -23.186934
              4      -10.700268      0.39279089      0.60551799      -13.045341      0.25917535       2.4705343       4.0319765   9.0086317e-14       1.8162488       1.8200224        1.8200224      -25.040581      -25.040581
              1      -10.491401      0.42293485       0.5692303      -13.048418      0.21428279       2.6481028       3.7087734   8.9450341e-14       1.6378827        1.892396         1.892396      -24.767595      -24.767595
              2      -9.0329311      0.47661063      0.57877759      -13.040099      0.24878986       2.9964748       3.7912078   9.1180254e-14       1.7733312       1.6645923        1.6645923      -21.395047      -21.395047
              3      -9.0240341      0.47355902      0.57761905      -13.040158      0.24939105       2.9754936       3.7811077    9.116781e-14       1.7757877       1.6724345        1.6724345      -21.392937      -21.392937
              6      -11.288611       1.1979779      0.80329625      -12.974976      0.34370556       15.775311       6.3576447   1.0593117e-13       2.2065083       1.0479841        1.0479841       -24.67319       -24.67319
              7      -12.553852      0.89903061       1.1552581      -12.900171       0.6215902       7.9255719       14.297435   1.2584299e-13       4.1839858     0.078485722      0.078485722      -25.264676      -25.264676
              3      -11.171853      0.75460579      0.97314353       -12.93175       0.6965254       5.6833681       9.4003394   1.1701741e-13       4.9719345      0.16685006       0.16685006      -22.677405      -22.677405
              7      -12.300684      0.73885659       1.0005575       -12.92949      0.71111648       5.4809595       10.012845   1.1762777e-13       5.1418153      0.15634111       0.15634111       -24.91405       -24.91405
             24      -11.416616      0.78053831        1.007836      -12.919535      0.70158597       6.0330692       10.182068   1.2035512e-13       5.0302083      0.11554149       0.11554149      -23.064314      -23.064314
             19      -11.456833       0.8382681       1.6354096      -12.832293      0.50361464       6.8907755       43.192624   1.4713209e-13       3.1887072      0.48345887       0.48345887      -23.880584      -23.880584
              3       -10.23068      0.95422324       1.4434861      -12.840915      0.47796004       8.9996007       27.764262   1.4423981e-13       3.0057997       0.2842528        0.2842528      -21.029865      -21.029865
              1      -10.697148      0.97257136        1.370619      -12.863532      0.44302682       9.3879628       23.475725   1.3692042e-13       2.7734914      0.26786885       0.26786885      -21.930034      -21.930034
              3      -10.899255       0.6595354        1.350779      -12.848403      0.46328652       4.5659947       22.427404   1.4177411e-13       2.9059392      0.21656578       0.21656578      -22.231641      -22.231641
              9      -10.283643      0.65869451        1.355055      -12.847828      0.47179136       4.5571624       22.649311   1.4196193e-13       2.9634074      0.21488658       0.21488658      -20.997059      -20.997059
             35      -12.568037      0.82019164       1.2409187      -12.882208      0.50507751       6.6098505       17.414807   1.3115725e-13       3.1994661      0.08917165       0.08917165      -25.314416      -25.314416
              2      -12.228754       0.7336795       1.2635277        -12.8799      0.54583393       5.4160105        18.34542   1.3185598e-13       3.5142604     0.095225756      0.095225756      -24.647959      -24.647959
              2      -12.271471      0.88617249       1.0664501      -12.920139      0.54601935       7.6943599        11.65333   1.2018784e-13       3.5157611      0.13662486       0.13662486      -24.816193      -24.816193
              5      -12.524223      0.81654788       1.0342144        -12.9255      0.56094748       6.5546254        10.81968   1.1871342e-13       3.6387103       0.1344771        0.1344771        -25.3174        -25.3174
              4       -12.08845      0.94111657       1.0148994      -12.937195      0.50271815       8.7320572       10.349025   1.1555929e-13       3.1821317      0.24749963       0.24749963        -24.6719        -24.6719
             14      -12.205195      0.95366791       1.0397771      -12.932894       0.4891012       8.9881002       10.959156   1.1670935e-13       3.0839065      0.24612543       0.24612543      -24.902641      -24.902641
             16      -12.255106       0.9572677       1.0507047      -12.931843      0.49011805       9.0629106       11.238405   1.1699233e-13       3.0911356      0.24313513       0.24313513      -24.996482      -24.996482
             15      -12.315245      0.66997258       1.0619905      -12.938969      0.58769661       4.6770561       11.534281   1.1508823e-13       3.8698721       0.2140758        0.2140758      -25.058642      -25.058642
              5      -12.139837      0.64815718       1.1004809      -12.920861      0.41777614       4.4479222       12.603202   1.1998841e-13       2.6168338      0.27458855       0.27458855      -24.828852      -24.828852
             39      -12.272596        0.635721       1.0643551      -12.927273      0.42388183       4.3223607       11.597252   1.1822977e-13       2.6538833      0.30238562       0.30238562      -25.149964      -25.149964
              3      -11.575191      0.51724156      0.79657839      -13.004271      0.45218776       3.2903459       6.2600584   9.9021347e-14       2.8326164      0.88408425       0.88408425       -24.91855       -24.91855
              4      -10.425322       1.2881754      0.77784088      -12.969741      0.28481041         19.4167       5.9957136   1.0721576e-13       1.9266836       1.3616345        1.3616345      -23.573912      -23.573912
              2      -11.109157       0.8416882       1.1658393      -12.891962      0.41025999       6.9452551       14.650055   1.2824427e-13        2.571935      0.14980944       0.14980944      -22.517932      -22.517932
              1      -9.9215457      0.84334403       1.1669148      -12.893238      0.41758998       6.9717857       14.686382   1.2786789e-13       2.6157123      0.14631027       0.14631027      -20.135712      -20.135712
              8      -10.346098       0.8082633       1.0962892      -12.894682      0.59858966       6.4307748       12.482143   1.2744364e-13       3.9681644     0.048865608      0.048865608      -20.789927      -20.789927
              2      -9.1350179      0.85458067       1.0568306      -12.904448      0.75451429       7.1545227       11.398052   1.2460983e-13       5.6821709     0.082453234      0.082453234      -18.434942      -18.434942
             66      -11.548703      0.79458676       0.9462862      -12.873361      0.83781875       6.2314162       8.8366204   1.3385642e-13       6.8836495       0.1098772        0.1098772       -23.31716       -23.31716
             15       -11.32112      0.72458607      0.97751875      -12.871847      0.87128066        5.303787         9.49552   1.3432369e-13       7.4349947      0.13318229       0.13318229      -22.908604      -22.908604
              3      -12.043394      0.80338062       1.0680205       -12.91568      0.54502212       6.3588799       11.695547   1.2142821e-13       3.5076974      0.10990795       0.10990795      -24.306604      -24.306604
              6      -12.224447      0.62901297       1.1290604      -12.921922      0.50475764       4.2561113       13.460477   1.1969558e-13       3.1971104      0.23795539       0.23795539      -24.924804      -24.924804
              2      -12.226918      0.60800134       1.1361862      -12.920591      0.50214011       4.0550979       13.683152   1.2006285e-13       3.1778991      0.26102161       0.26102161       -24.97588       -24.97588
             26      -12.360568      0.65434785       1.0796717      -12.930058      0.47717381       4.5117794       12.013558   1.1747409e-13       3.0003631      0.25038388       0.25038388      -25.221904      -25.221904
