#        weight    minuslogpost         logphi0          loggst           logV0           logQ0            phi0             gst              V0              Q0   minuslogprior minuslogprior__0            chi2       chi2__stb
              1       136.79523      0.54599814       1.0168918      -13.031701      0.98454793       3.5155894        10.39661   9.2960655e-14       9.6504582      0.88782814       0.88782814       271.81481       271.81481
             14      -3.3036545      0.57521403       1.5750382      -12.943848      0.75357902       3.7602267       37.587043   1.1380253e-13       5.6699472      0.68578035       0.68578035      -7.9788697      -7.9788697
             11      -8.1059484       0.5429612        1.580164      -12.949803       0.7864174       3.4910913       38.033301   1.1225279e-13       6.1152949      0.77124136       0.77124136       -17.75438       -17.75438
              1      -7.6672016      0.63020775      0.48166508      -13.111678      0.43397049       4.2678363       3.0315524   7.7325344e-14       2.7162547       1.8560714        1.8560714      -19.046546      -19.046546
              7      -7.2251875      0.18489767      0.55226957      -13.076928      0.56859973       1.5307268       3.5667246   8.3766795e-14       3.7033924       2.4983268        2.4983268      -19.447029      -19.447029
              4      -7.3143818      0.85957689       1.0214383      -12.898546      0.55431037       7.2373052       10.506022    1.263147e-13       3.5835245      0.09168853       0.09168853      -14.812141      -14.812141
              4      -7.4376991      0.21110685       1.4946821      -12.897939       1.0458676       1.6259488       31.237922   1.2649153e-13       11.113928       1.6058123        1.6058123      -18.087023      -18.087023
              2      -7.3540768      0.38590367       1.4319841      -12.923589      0.99724858       2.4316646       27.038593   1.1923689e-13       9.9368466      0.98741361       0.98741361      -16.682981      -16.682981
              9      -9.0822092      0.37966614       1.4121532      -12.918833      0.96566845       2.3969896        25.83171   1.2054981e-13       9.2399251      0.93983216       0.93983216      -20.044083      -20.044083
              1      -10.464032      0.32134449       1.5570229      -12.879245      0.84687847       2.0957742       36.059763   1.3205509e-13       7.0287561       1.1208028        1.1208028      -23.169669      -23.169669
             16      -9.4032016      0.31097969       1.5002624      -12.895105      0.82681082        2.046349       31.641885   1.2731942e-13       6.7113644       1.0848927        1.0848927      -20.976189      -20.976189
             17      -10.215618      0.28055765       1.4687729      -12.908755      0.87853585        1.907909       29.428822   1.2338003e-13       7.5602446       1.1965632        1.1965632      -22.824362      -22.824362
              4      -10.042039      0.28079253       1.4669957       -12.91124      0.87935101       1.9089411       29.308645   1.2267612e-13       7.5744485       1.1993178        1.1993178      -22.482715      -22.482715
              6       -9.537963       0.2979712       1.5412232      -12.893549      0.85383372       1.9859632       34.771478    1.277764e-13       7.1422282        1.193589         1.193589      -21.463104      -21.463104
             22      -10.221278      0.35517088        1.626935      -12.876795       0.8773019       2.2655356       42.357961   1.3280219e-13       7.5387944       1.1534624        1.1534624      -22.749481      -22.749481
              9      -10.206837      0.36031302       1.6277832      -12.876609      0.87885287       2.2925194       42.440768   1.3285909e-13       7.5657654       1.1416816        1.1416816      -22.697038      -22.697038
              6      -10.292077      0.35475935       1.6201749      -12.876365      0.88222172       2.2633898       41.703727   1.3293372e-13       7.6246817       1.1457748        1.1457748      -22.875703      -22.875703
             11       -10.52697      0.42427377       1.6213163      -12.846662      0.68369453       2.6562795        41.81348   1.4234347e-13       4.8271915       0.8702161        0.8702161      -22.794373      -22.794373
             21       -10.73904      0.42277012       1.6198907      -12.847873      0.67742824       2.6470986       41.676447   1.4194714e-13       4.7580416      0.87168111       0.87168111      -23.221442      -23.221442
             12      -9.8824854      0.39740974       1.4975541      -12.866083       0.7217467       2.4969494       31.445183   1.3611851e-13       5.2692245      0.76761305       0.76761305      -21.300197      -21.300197
             38      -9.6414149      0.26015511       1.1720978      -12.892117      0.76747773       1.8203509       14.862704   1.2819862e-13       5.8543371       0.9734759        0.9734759      -21.229782      -21.229782
             19      -9.9730877      0.26065613       1.1723961      -12.892146      0.74822511       1.8224521       14.872914   1.2818982e-13       5.6004782       0.9662734        0.9662734      -21.878722      -21.878722
             10      -10.648172      0.32418141       1.2106793      -12.901834      0.52718826       2.1095091        16.24349   1.2536199e-13       3.3665747       0.8148992        0.8148992      -22.926142      -22.926142
             30      -12.102486      0.53882539       1.2337083      -12.904759      0.74857163       3.4580032       17.128064   1.2452066e-13       5.6049485      0.31450571       0.31450571      -24.833984      -24.833984
             23      -11.705557      0.34469383        1.172644      -12.910106      0.86685486       2.2115351       14.881406    1.229968e-13        7.359611      0.79484466       0.79484466      -25.000802      -25.000802
             20      -11.736315      0.34514763       1.1585613      -12.913906      0.87998117       2.2138471       14.406595   1.2192535e-13       7.5854468       0.8081046        0.8081046       -25.08884       -25.08884
             27      -11.805719      0.41121679       1.1469849       -12.90945       0.8831205       2.5776075       14.027651    1.231828e-13       7.6404774      0.62691117       0.62691117       -24.86526       -24.86526
              8      -11.361926       0.3276294       1.1497426      -12.909159      0.95770467       2.1263238       14.117005   1.2326523e-13       9.0720341      0.91094495       0.91094495      -24.545742      -24.545742
             19      -10.614498      0.32883837        1.369819      -12.872318      0.95845404       2.1322512       23.432519   1.3417807e-13       9.0877012      0.95512296       0.95512296      -23.139241      -23.139241
             21       -11.72021      0.35120188       1.2756278      -12.900749      0.96630301       2.2449252        18.86374   1.2567562e-13       9.2534356      0.87562072       0.87562072      -25.191662      -25.191662
             42      -11.660094      0.39115875       1.2657231      -12.888833      0.94073921       2.4612671       18.438392   1.2917168e-13       8.7244732      0.72058184       0.72058184      -24.761351      -24.761351
             19      -11.543543      0.55940605       1.3669327      -12.892999      0.81673344       3.6258184       23.277305   1.2793839e-13       6.5574267      0.36873996       0.36873996      -23.824565      -23.824565
              7      -11.544168      0.67523662       1.2849079      -12.885511      0.87250075       4.7340912        19.27116   1.3016349e-13       7.4559116      0.19581751       0.19581751      -23.479971      -23.479971
             13       -11.99819      0.89785172       1.3923449      -12.887892      0.66168572       7.9040871       24.679987   1.2945184e-13       4.5886584      0.17879246       0.17879246      -24.353965      -24.353965
              5      -7.5479329      0.92916753       1.3752025      -12.901062      0.62294659       8.4950812       23.724795   1.2558517e-13       4.1970737      0.20787825       0.20787825      -15.511622      -15.511622
             28      -8.3667345      0.99902977       1.2954342      -12.902674      0.67266363       9.9776845       19.743957   1.2511992e-13       4.7061268      0.21342182       0.21342182      -17.160313      -17.160313
              2      -9.0610209       1.0097266       1.2875281      -12.901601      0.67034666        10.22649       19.387782   1.2542937e-13       4.6810864      0.21926937       0.21926937      -18.560581      -18.560581
             27      -11.313317       1.0113126       1.4366608      -12.871789      0.52076442       10.263904       27.331334   1.3434188e-13       3.3171447      0.33587562       0.33587562      -23.298385      -23.298385
             10      -11.795494         1.01231       1.4353934      -12.868864      0.51846323       10.287504       27.251687   1.3524964e-13       3.2996147      0.33363515       0.33363515      -24.258258      -24.258258
              6      -11.743931       1.0309102       1.4771735      -12.863267      0.51791975       10.737674       30.003607   1.3700382e-13       3.2954881      0.40021684       0.40021684      -24.288296      -24.288296
             17      -11.319773      0.96185162       1.4853405      -12.863746      0.58113102        9.159075       30.573171   1.3685276e-13       3.8118081      0.30908764       0.30908764      -23.257722      -23.257722
              8      -10.638535      0.96203947       1.4908843      -12.862355       0.5969763       9.1630376       30.965944   1.3729183e-13       3.9534505      0.31092201       0.31092201      -21.898913      -21.898913
             29      -11.891111      0.97889074       1.4936086      -12.867263      0.57589732       9.5255648       31.160797   1.3574917e-13       3.7661475      0.34092002       0.34092002      -24.464062      -24.464062
              1      -11.211749      0.97768748       1.4460247      -12.878688       0.5572463       9.4992097       27.927026   1.3222461e-13       3.6078319      0.30194577       0.30194577       -23.02739       -23.02739
              7      -11.777204      0.98166342        1.478488      -12.857242      0.53946153       9.5865739        30.09456   1.3891782e-13       3.4630721      0.32884972       0.32884972      -24.212106      -24.212106
             12      -11.954821      0.97275857       1.5136432        -12.8487      0.54406582       9.3920106       32.631961    1.416773e-13       3.4999821      0.35759759       0.35759759      -24.624837      -24.624837
              3      -12.505672      0.96974577       1.2098554      -12.890126      0.65844937       9.3270815       16.212702    1.287875e-13       4.5545908      0.12255196       0.12255196      -25.256447      -25.256447
             23      -12.007914      0.82355247       1.1314341       -12.88701      0.71334753          6.6612       13.534248   1.2971489e-13       5.1682978     0.031919554      0.031919554      -24.079666      -24.079666
              7      -11.891524      0.84109075        1.142693      -12.897736      0.55388104       6.9357071       13.889705   1.2655061e-13       3.5799836     0.069919146      0.069919146      -23.922886      -23.922886
              4      -11.833573      0.86470505      0.73658924      -13.004602      0.38794941         7.32327       5.4524193   9.8946023e-14       2.4431459      0.75818057       0.75818057      -25.183508      -25.183508
              5      -11.065298      0.76553637       1.1332584      -12.877256      0.23323404       5.8282258        13.59122   1.3266135e-13       1.7109371       0.3282467        0.3282467      -22.787089      -22.787089
             14      -11.323064      0.57215657      0.81673949      -12.999934      0.39259745       3.7338474        6.557518   1.0001523e-13       2.4694342      0.80310643       0.80310643      -24.252341      -24.252341
              1      -11.377812      0.56713942      0.65046117      -13.028503       0.3886943       3.6909607       4.4715817   9.3647751e-14       2.4473399       1.1646853        1.1646853      -25.084995      -25.084995
              3      -11.283299      0.56285429      0.64992998      -13.033719      0.36232226       3.6547215       4.4661158   9.2529613e-14       2.3031502       1.2227575        1.2227575      -25.012113      -25.012113
             19      -11.779154      0.33294671       1.1133645      -12.925266      0.64748395       2.1525176       12.982685   1.1877757e-13       4.4410325      0.79380752       0.79380752      -25.145924      -25.145924
              2      -11.873099      0.91469474      0.85604238      -12.949287      0.32176207       8.2166491       7.1786435   1.1238623e-13       2.0977903      0.51471521       0.51471521      -24.775628      -24.775628
              2      -11.828116      0.89281213      0.82681983      -12.951871        0.282125       7.8128976       6.7115036   1.1171949e-13        1.914807      0.58545875       0.58545875       -24.82715       -24.82715
             87      -11.678032      0.99666697       1.0723643       -12.91607      0.25022774        9.923548       11.813111   1.2131941e-13       1.7792122      0.47309525       0.47309525      -24.302254      -24.302254
             63      -11.698353        1.008121       1.0791744      -12.917612      0.24910229       10.188752       11.999811   1.2088923e-13       1.7746074      0.49021982       0.49021982      -24.377146      -24.377146
              2      -10.078913       1.0399302       1.0946587      -12.905553      0.30485391       10.963019       12.435369   1.2429311e-13       2.0176875      0.43342855       0.43342855      -21.024683      -21.024683
              7        -10.6698       1.0582305       1.0885307      -12.908846      0.31088793       11.434852       12.261136    1.233542e-13       2.0459166      0.45980079       0.45980079      -22.259203      -22.259203
              6      -8.8897508       1.4951513       1.2313274      -12.873751       0.3267091       31.271688       17.034421   1.3373612e-13       2.1218227       1.6348257        1.6348257      -21.049153      -21.049153
             34      -8.2802603       1.8903818      0.81543182      -12.940463      0.65575409       77.692985       6.5378028   1.1469303e-13       4.5264121       3.8225002        3.8225002      -24.205521      -24.205521
             30      -8.6674362       1.8355342      0.83619966      -12.941578      0.65574006       68.475348       6.8580344   1.1439907e-13       4.5262658       3.4558624        3.4558624      -24.246597      -24.246597
             24      -9.9945987        1.242108       1.1132179      -12.940313      0.51073287       17.462564       12.978304   1.1473251e-13       3.2414018      0.74306079       0.74306079      -21.475319      -21.475319
             14       -10.47437       1.1833921       1.0934404      -12.913174      0.58365193       15.254293       12.400535   1.2213114e-13       3.8339984      0.50683998       0.50683998      -21.962421      -21.962421
              2      -9.3395921       1.2559018      0.97171815      -12.924283      0.60941075       18.026102       9.3695374   1.1904668e-13       4.0682792      0.74178248       0.74178248      -20.162749      -20.162749
              9      -8.8440891       1.3360737      0.99018504      -12.920401      0.41659075       21.680721       9.7765368   1.2011539e-13        2.609701       1.0559546        1.0559546      -19.800088      -19.800088
             43       -9.832125      0.70320326      0.45551868      -13.002539     -0.10852728       5.0489755       2.8544253   9.9417082e-14      0.77888388       2.1354817        2.1354817      -23.935213      -23.935213
              1      -7.3678225      0.71543736      0.48781403      -13.002265    -0.077279987       5.1932277       3.0747799   9.9479849e-14      0.83698951       1.9774385        1.9774385      -18.690522      -18.690522
             31      -8.8174411      0.73968314       0.2820438      -13.065544    -0.042225433       5.4914008        1.914449   8.5991689e-14      0.90734942       2.7192579        2.7192579      -23.073398      -23.073398
             10      -9.4422555      0.86537759      0.71023967      -12.916441    -0.080949385       7.3346195       5.1314449    1.212158e-13      0.82994749       1.2924864        1.2924864      -21.469484      -21.469484
              7      -10.730431      0.76788482       1.0487378       -12.84726      0.10475244       5.8598273       11.187623   1.4214771e-13       1.2727774      0.51785234       0.51785234      -22.496566      -22.496566
              5      -11.205935       1.2446468      0.96352887      -12.931534      0.21500896       17.564946       9.1945159   1.1707538e-13       1.6406236       1.0620904        1.0620904       -24.53605       -24.53605
             11      -12.000838       1.0287493       1.3637665       -12.87641       0.6822187        10.68438        23.10822   1.3291984e-13       4.8108155      0.25849664       0.25849664      -24.518669      -24.518669
             16      -12.084136      0.99032769       1.3551106      -12.885707       0.5924707       9.7797486       22.652211   1.3010463e-13       3.9126473      0.22672923       0.22672923      -24.621731      -24.621731
              3      -11.371031      0.76299135       1.4719866      -12.889126      0.70217096       5.7941715       29.647402   1.2908459e-13       5.0369885       0.2519489        0.2519489       -23.24596       -23.24596
              8      -11.438258      0.60138435       1.0842665      -12.886005       0.9555876        3.993782       12.141337   1.3001553e-13       9.0279179      0.29614583       0.29614583      -23.468807      -23.468807
             40      -11.221831      0.60403542       1.0160101      -12.873799       1.0122532       4.0182358       10.375525   1.3372131e-13       10.286159      0.35152753       0.35152753      -23.146717      -23.146717
              7       -11.67034       0.6027699         1.02869      -12.798208       1.1336954       4.0065438       10.682921   1.5914472e-13         13.6049      0.48859216       0.48859216      -24.317865      -24.317865
             13      -10.649978      0.64356635       1.0178671       -12.80115       1.2226731       4.4011518       10.419985    1.580703e-13       16.698334      0.59183535       0.59183535      -22.483626      -22.483626
              8      -11.922554      0.62204878       1.0412911      -12.789092       1.2190672        4.188406       10.997428   1.6252037e-13       16.560261      0.60975368       0.60975368      -25.064615      -25.064615
              8      -10.926679       1.1797276      0.99510058      -12.920181      0.33792289       15.126121       9.8878207   1.2017643e-13       2.1773231       0.7054008        0.7054008      -23.264161      -23.264161
             12      -10.598316       1.1974942       1.0008798      -12.921158      0.35163104       15.757748        10.02028   1.1990637e-13       2.2471447      0.73134166       0.73134166      -22.659315      -22.659315
              4      -11.308719       1.0774725       1.0280944       -12.91866      0.26456777       11.952879       10.668281   1.2059803e-13       1.8389409      0.58080366       0.58080366      -23.779046      -23.779046
             12      -10.861336       1.0665993       1.0151593      -12.924669      0.26268453       11.657335        10.35522   1.1894092e-13       1.8309839      0.58446651       0.58446651      -22.891605      -22.891605
             15      -11.280243       1.0463412      0.74893694      -12.968664      0.20867525       11.126054       5.6096652   1.0748204e-13       1.6168706      0.97704478       0.97704478      -24.514576      -24.514576
             68      -11.276121      0.94038088        1.051949      -12.837598       1.2479852       8.7172778       11.270651   1.4534552e-13       17.700485      0.58959253       0.58959253      -23.731427      -23.731427
             36      -11.195924      0.94411037       1.0509637      -12.837138       1.2501857       8.7924593       11.245109   1.4549977e-13         17.7904       0.5968066        0.5968066      -23.585462      -23.585462
              1      -10.661796      0.39589209      0.65135819      -13.020504       0.3682208        2.488239       4.4808271   9.5388433e-14       2.3346447       1.4853053        1.4853053      -24.294202      -24.294202
              8      -10.186133      0.42903615      0.63519727      -13.041856      0.33269918        2.685568       4.3171513   9.0812112e-14       2.1512911       1.5741421        1.5741421      -23.520551      -23.520551
              1      -10.874975      0.53514192      0.61482669      -13.049606      0.32415472       3.4287981        4.119331   8.9205986e-14       2.1093795       1.4483251        1.4483251      -24.646601      -24.646601
             22      -8.4789793      0.51432842      0.22445113      -13.146402      0.31208166        3.268349       1.6766837    7.138358e-14       2.0515479       3.0715849        3.0715849      -23.101128      -23.101128
              9       -8.087925      0.65089006      0.31008007      -13.115052      0.30387703       4.4759998       2.0421144   7.6726894e-14       2.0131541       2.4119629        2.4119629      -20.999776      -20.999776
             17      -10.097601       0.7841349      0.47957508      -13.044208      0.59901944       6.0832393       3.0169984   9.0321753e-14       3.9720933       1.2739431        1.2739431      -22.743088      -22.743088
             12      -10.028234       0.8401862      0.57973174      -12.990168      0.57695899       6.9212766       3.7995463   1.0228967e-13       3.7753654      0.82775817       0.82775817      -21.711984      -21.711984
              4      -11.354865      0.74782848       0.7192483      -13.014072      0.32812608       5.5953658       5.2389988   9.6811833e-14       2.1287569       0.8870732        0.8870732      -24.483877      -24.483877
             11      -11.422608      0.75312989       0.7081424      -13.007155      0.31433896       5.6640867       5.1067241   9.8365959e-14       2.0622388      0.88544894       0.88544894      -24.616113      -24.616113
              1      -11.731956      0.74848603       0.7003525      -13.011243      0.32013623       5.6038439        5.015942   9.7444403e-14       2.0899516      0.90972038       0.90972038      -25.283353      -25.283353
             13      -10.088818       0.5900518      0.75080687      -13.012576       0.2401693       3.8909155       5.6338707   9.7145849e-14       1.7384784       1.0837655        1.0837655      -22.345167      -22.345167
              3      -9.7360054      0.58624514      0.74687787      -13.013646      0.23921784         3.85696       5.5831317   9.6906752e-14       1.7346739       1.1000634        1.1000634      -21.672138      -21.672138
             10      -11.135997      0.56130297      0.89930634      -12.944119      0.21105589         3.64169       7.9306054   1.1373159e-13        1.625758      0.76403873       0.76403873      -23.800072      -23.800072
              4      -11.085508      0.62248236      0.91263096      -12.954042      0.60902423       4.1925897       8.1776961   1.1116233e-13       4.0646601      0.36894932       0.36894932      -22.908914      -22.908914
              3      -10.513576      0.61783003      0.90886545       -12.95554      0.60006692       4.1479168       8.1070985   1.1077963e-13       3.9816852       0.3835384        0.3835384      -21.794229      -21.794229
              3      -10.156632      0.69125769       1.6619737      -12.685357      0.17626781       4.9119925       45.917019   2.0636851e-13       1.5006099       1.1539813        1.1539813      -22.621227      -22.621227
             64      -10.278953      0.69387423       1.6680003      -12.684197      0.17921706       4.9416756        46.55864   2.0692034e-13       1.5108351       1.1625643        1.1625643      -22.883035      -22.883035
             17      -10.028797      0.73182472        1.687848      -12.660434      0.17666293       5.3929292       48.735788   2.1855781e-13       1.5019758       1.2688561        1.2688561      -22.595305      -22.595305
             12      -6.0982945      0.59754064         1.75771      -12.650754      0.13714078       3.9585911       57.241369   2.2348373e-13       1.3713262       1.6370478        1.6370478      -15.470685      -15.470685
              6      -6.1852894      0.60173344       1.7578929      -12.648803      0.14169228       3.9969935       57.265479   2.2448995e-13       1.3857736       1.6324416        1.6324416      -15.635462      -15.635462
             36      -7.6144491       0.6181104       1.9129042      -12.559262     0.042149858       4.1505954       81.828422   2.7589099e-13       1.1019195       2.6528849        2.6528849      -20.534668      -20.534668
             14      -10.508505      0.59610712       1.6428614      -12.719176      0.25943965       3.9455461       43.940131   1.9090796e-13       1.8173545      0.99435137       0.99435137      -23.005713      -23.005713
              1      -11.981349      0.73438418       1.0592251      -12.782461       1.0384274       5.4248056       11.461067   1.6502084e-13       10.925149      0.25061767       0.25061767      -24.463933      -24.463933
              5      -10.225494      0.63608906       0.9435057      -12.799103        1.053967       4.3260254       8.7802261   1.5881695e-13       11.323143      0.37838671       0.37838671      -21.207762      -21.207762
              1      -10.190417      0.63614667      0.93503743      -12.799813       1.0600069       4.3265992       8.6106796   1.5855747e-13       11.481719      0.39082093       0.39082093      -21.162475      -21.162475
             14      -11.286517      0.80493345       1.0076209      -12.765997       1.0293533        6.381657       10.177026   1.7139673e-13        10.69925      0.25758845       0.25758845       -23.08821       -23.08821
              4      -8.9769261      0.43190727      0.92346444      -12.666305       1.3795611       2.7033811       8.3842542   2.1562305e-13       23.964097       1.6072565        1.6072565      -21.168365      -21.168365
             48      -9.1814075      0.42504239      0.92359628      -12.665134       1.3827194       2.6609848       8.3867998   2.1620504e-13       24.139008       1.6348247        1.6348247      -21.632464      -21.632464
             42       -9.020688       0.6834366      0.88100515      -12.735325       1.5259383       4.8243254       7.6033529   1.8393961e-13       33.568996       1.4228774        1.4228774      -20.887131      -20.887131
             40      -9.0208568      0.68347372      0.88097297       -12.73535       1.5258983       4.8247379       7.6027895   1.8392877e-13       33.565899       1.4227086        1.4227086      -20.887131      -20.887131
              6      -9.7210359      0.65827939      0.93832697      -12.796377       1.3967293       4.5528085       8.6761484   1.5981694e-13       24.930404      0.98296254       0.98296254      -21.407997      -21.407997
             13      -8.4452166      0.62222231       1.0030515      -12.802031       1.3746186         4.19008       10.070511   1.5774987e-13        23.69292      0.93171253       0.93171253      -18.753858      -18.753858
             43      -9.1252061      0.63241473      0.99751134      -12.803271       1.3763185       4.2895796       9.9428604   1.5729995e-13       23.785843      0.92594467       0.92594467      -20.102302      -20.102302
              1      -9.3718988      0.66313968       1.0294913       -12.79618       1.3513037       4.6040462       10.702649    1.598894e-13       22.454515      0.83147207       0.83147207      -20.406742      -20.406742
              2      -9.2179111      0.61765045       1.0592732      -12.765284       1.1839033       4.1462019       11.462338   1.7167853e-13       15.272259      0.57657793       0.57657793      -19.588978      -19.588978
              1      -11.715766      0.55202477      0.80151719        -13.0102      0.45471249       3.5647146       6.3316542   9.7678818e-14       2.8491315      0.84465097       0.84465097      -25.120834      -25.120834
             35      -11.701869      0.54577277      0.79578005      -13.013655      0.46409897       3.5137655       6.2485615   9.6904788e-14       2.9113805      0.87001764       0.87001764      -25.143773      -25.143773
              3      -11.713388      0.55088691      0.78028358      -13.010873       0.4317697       3.5553873       6.0295317   9.7527576e-14       2.7025249      0.89025765       0.89025765      -25.207292      -25.207292
             25      -9.4891222      0.45822191      0.41507871       -13.11835      0.52986101       2.8722479       2.6006309   7.6146504e-14       3.3873573       2.2755974        2.2755974      -23.529439      -23.529439
             23      -10.297481      0.43389114      0.45079075      -13.086591      0.53268506       2.7157585       2.8235192   8.1923668e-14       3.4094557        2.032508         2.032508      -24.659978      -24.659978
             22      -10.317878      0.43199532       0.4510875      -13.086923       0.5334032       2.7039292       2.8254492   8.1861064e-14       3.4150982       2.0379239        2.0379239      -24.711604      -24.711604
              2      -10.169052        0.441092      0.44719441      -13.091147      0.51823046       2.7611627       2.8002346   8.1068598e-14       3.2978467       2.0600527        2.0600527      -24.458209      -24.458209
             13      -9.9900992      0.45681707      0.45306334      -13.084128      0.50749491       2.8629718       2.8383329   8.2389608e-14       3.2173248       1.9733644        1.9733644      -23.926927      -23.926927
              2      -8.5820155    -0.051528961      0.88464189      -12.940212        0.884282      0.88811875         7.66729   1.1475941e-13       7.6609389       2.5611852        2.5611852      -22.286402      -22.286402
             31      -10.255041    -0.052968038       1.0455816      -12.929372      0.68659673      0.88518075       11.106612   1.1765988e-13       4.8595575        2.378473         2.378473      -25.267028      -25.267028
              1      -10.157705    0.0039651899      0.93275879      -12.943757      0.52470927        1.009172       8.5656197   1.1382639e-13       3.3474128        2.213232         2.213232      -24.741873      -24.741873
              3      -9.2765216    -0.092996806       1.0924319      -12.915071      0.43863932      0.80724097        12.37177   1.2159872e-13        2.745613       2.6355362        2.6355362      -23.824116      -23.824116
             19      -8.9929237     -0.15052213       1.3010216      -12.884624      0.48629724      0.70709517       19.999614   1.3042947e-13       3.0640598       2.9277594        2.9277594      -23.841366      -23.841366
             10      -9.2740872     -0.14668163       1.3204027      -12.873767      0.45504436       0.7133758       20.912345    1.337312e-13       2.8513095       2.9240469        2.9240469      -24.396268      -24.396268
              2      -8.5900147     -0.14478338       1.3312685       -12.87147      0.44693977       0.7165007       21.442158   1.3444054e-13       2.7985932       2.9238159        2.9238159      -23.027661      -23.027661
              6      -9.0599852       -0.111929       1.0319696      -12.923697      0.85063616      0.77280691       10.763899   1.1920731e-13       7.0898355       2.7406336        2.7406336      -23.601237      -23.601237
              1      -9.0438074     -0.11353545       1.0336745      -12.923061      0.84998276      0.76995359       10.806236   1.1938193e-13       7.0791767       2.7471992        2.7471992      -23.582013      -23.582013
             11      -8.6154936     -0.14995734       1.2820423      -12.862775       1.0334959      0.70801533       19.144423    1.371593e-13       10.801794       3.0515931        3.0515931      -23.334173      -23.334173
              1      -9.4057295     -0.15575664       1.2424422      -12.882035       1.0655171      0.69862377       17.476005   1.3120941e-13       11.628324        3.127822         3.127822      -25.067103      -25.067103
              2      -9.5709766     0.043054073       1.3102314      -12.863171       1.0226255       1.1042161       20.428261   1.3703436e-13       10.534782       2.0478013        2.0478013      -23.237556      -23.237556
             14      -10.577846      0.20524621       1.2376537      -12.914715       1.0253443       1.6041545       17.284378   1.2169832e-13       10.600938       1.4185884        1.4185884      -23.992869      -23.992869
             26      -10.326224      0.15306657       1.2074905      -12.898591       1.0592337       1.4225468       16.124659    1.263016e-13       11.461294       1.6169803        1.6169803      -23.886409      -23.886409
              2      -9.7633782      0.14718938       1.2222308      -12.867114       1.0302596       1.4034255       16.681336   1.3579574e-13       10.721601        1.565959         1.565959      -22.658674      -22.658674
              8        -10.5694      0.34545271       1.2437429      -12.887077      0.72337333       2.2154029       17.528426   1.2969505e-13       5.2889971       0.7139998        0.7139998      -22.566799      -22.566799
              4      -9.3241097     -0.11846833       1.0307919      -12.920962      0.39413119      0.76125765       10.734749   1.1996039e-13       2.4781706         2.83874          2.83874      -24.325699      -24.325699
             72       -9.417642     -0.11713128       1.0217355      -12.923745      0.37258028      0.76360492       10.513214   1.1919404e-13       2.3581981       2.8606185        2.8606185      -24.556521      -24.556521
              7      -9.0312165    -0.087947426       0.9448889      -12.947258      0.50937335      0.81668123       8.8082351   1.1291255e-13       3.2312708       2.6971282        2.6971282      -23.456689      -23.456689
             36      -10.371044      0.19411349      0.78692234      -12.978363      0.37043842       1.5635562        6.122409   1.0510821e-13       2.3465965       1.7491899        1.7491899      -24.240468      -24.240468
              1       -10.61346      0.18092506       0.7300061      -12.994483      0.39361838       1.5167886       5.3703934   1.0127845e-13        2.475246       1.9105541        1.9105541      -25.048027      -25.048027
              9      -10.756185      0.25406446      0.69863275      -13.010114      0.34464961           1.795       4.9961187   9.7698128e-14       2.2113099       1.8060079        1.8060079      -25.124386      -25.124386
              3       -10.20817      0.28197016      0.65633906      -13.020611      0.38493695       1.9141244        4.532513   9.5365074e-14       2.4262578       1.7870139        1.7870139      -23.990368      -23.990368
             11      -10.573431      0.29403059      0.96578802      -12.949301      0.48094285       1.9680249       9.2424694   1.1238257e-13       3.0265151       1.0728498        1.0728498      -23.292562      -23.292562
             36      -10.575175      0.29457444      0.96559982      -12.949349      0.48142063       1.9704909        9.238465   1.1237004e-13       3.0298465       1.0711059        1.0711059      -23.292562      -23.292562
              5      -9.3727717      0.18028082       1.5880997      -12.789802      0.46792019       1.5145403       38.734653   1.6225507e-13       2.9371098       1.6387281        1.6387281         -22.023         -22.023
             13      -8.5718691     0.072726948       1.6936586      -12.790741      0.56827672        1.182298       49.392231   1.6190462e-13        3.700639       2.2226854        2.2226854      -21.589109      -21.589109
             20      -8.6779878      0.14714452       1.7336237      -12.772589      0.51485708       1.4032806       54.153141   1.6881515e-13       3.2723299       2.0294792        2.0294792      -21.414934      -21.414934
              6      -9.5118442      0.14052743       1.6539969      -12.773331      0.49924726       1.3820617       45.081348   1.6852699e-13       3.1568014       1.9066023        1.9066023      -22.836893      -22.836893
              5      -9.1357818     0.063519786       1.1507612      -12.933365      0.62402593       1.1574968       14.150155   1.1658297e-13       4.2075175       1.8157992        1.8157992      -21.903162      -21.903162
              2      -6.3693664    -0.094277059      0.96389568      -12.951367      0.88757687      0.80486481        9.202285   1.1184935e-13       7.7192813       2.7706893        2.7706893      -18.280111      -18.280111
              1      -6.3272567      0.14869906       1.3665611      -12.939143      0.91680265       1.4083126       23.257397   1.1504215e-13       8.2566266       1.6682766        1.6682766      -15.991067      -15.991067
              5      -4.6101904      0.11109259        1.361924      -12.948823      0.93032054       1.2914946       23.010391   1.1250621e-13       8.5176647       1.8580659        1.8580659      -12.936513      -12.936513
              4      -8.1031586     0.053206348       1.6020078       -12.91994      0.96232497       1.1303328       39.995191   1.2024315e-13       9.1690633       2.3642926        2.3642926      -20.934902      -20.934902
              3      -7.2799394     0.064751385       1.7964079      -12.912085      0.75558029       1.1607839       62.576021   1.2243773e-13       5.6961353       2.5525772        2.5525772      -19.665033      -19.665033
             23      -8.1344934     0.074204226       1.8203773      -12.890243      0.75122785       1.1863265       66.126765   1.2875301e-13       5.6393344       2.5257137        2.5257137      -21.320414      -21.320414
              6      -12.196583      0.70352532       1.2705834      -12.881705      0.61634796        5.052721       18.645904    1.313092e-13       4.1337857      0.09813466       0.09813466      -24.589436      -24.589436
              9      -12.503959      0.87511272       1.1779072      -12.890182      0.65392621       7.5008887       15.062853   1.2877086e-13       4.5074011     0.051068388      0.051068388      -25.110055      -25.110055
              1      -12.423777      0.97569879       1.0447738      -12.920874      0.62106033       9.4558112       11.085973   1.1998485e-13       4.1788841      0.18745406       0.18745406      -25.222461      -25.222461
             24      -11.751126       1.0581598        1.162416      -12.867776      0.96976765       11.432989       14.535031   1.3558876e-13       9.3275514      0.33945834       0.33945834      -24.181168      -24.181168
              3      -12.306576       1.0256182       1.1640133      -12.870081      0.99139161       10.607625       14.588588   1.3487103e-13       9.8037361      0.31872002       0.31872002      -25.250592      -25.250592
              7      -12.282509       1.0108124       1.1984352      -12.886525      0.91446582        10.25209        15.79193      1.2986e-13       8.2123191      0.25706074       0.25706074      -25.079139      -25.079139
             42      -11.535948       1.0127386        1.200699      -12.884255      0.91607947        10.29766        15.87446   1.3054041e-13       8.2428894      0.25801782       0.25801782      -23.587931      -23.587931
             31      -10.761872       1.1859448      0.81566711      -12.927709      0.69494683       15.344219       6.5413458   1.1811128e-13       4.9538954      0.69416845       0.69416845      -22.912082      -22.912082
             11      -10.912006       1.2477187      0.87412992      -12.943797      0.61131065       17.689626       7.4839336   1.1381593e-13       4.0861156      0.83699203       0.83699203      -23.497997      -23.497997
             17      -10.736251       1.3748678       0.7643173       -12.99961      0.55932588       23.706519       5.8118889   1.0008984e-13       3.6251491       1.5454179        1.5454179      -24.563337      -24.563337
              6      -9.7939232       1.4051782      0.74575348      -12.987848      0.50589861       25.420153       5.5686956    1.028377e-13       3.2055209       1.6507496        1.6507496      -22.889346      -22.889346
              2      -10.915299       1.2710407      0.73928866      -12.993368      0.56527226       18.665545       5.4864151   1.0153878e-13       3.6751262       1.2282234        1.2282234      -24.287044      -24.287044
              6      -11.151677        1.237867       0.7469422      -12.990154      0.56035278       17.292866       5.5839588   1.0229295e-13        3.633731       1.1182263        1.1182263      -24.539808      -24.539808
             24      -10.702316         1.39877      0.75837239      -13.008539      0.41683208       25.047826       5.7328739   9.8053052e-14       2.6111516        1.757583         1.757583      -24.919799      -24.919799
              6      -10.339772       1.4653131      0.68747806      -13.018126       0.4721482        29.19531       4.8694292   9.5912261e-14       2.9658433        2.107318         2.107318       -24.89418       -24.89418
             31      -10.421748       1.4651036      0.69426738      -13.016718      0.47251312       29.181231       4.9461511   9.6223589e-14       2.9683364       2.0897394        2.0897394      -25.022975      -25.022975
             24      -9.3412803       1.4315193      0.66073596      -13.001786      0.53802303       27.009672       4.5786343   9.9589524e-14       3.4516204       1.9108834        1.9108834      -22.504328      -22.504328
              3      -8.6952331       1.2025097      0.42654781      -13.091271      0.42826454       15.940784       2.6702247   8.1045549e-14       2.6808008       2.2158845        2.2158845      -21.822235      -21.822235
             17       -9.668377       1.1222812      0.41204405      -13.087125      0.36340522       13.251993       2.5825221   8.1822965e-14       2.3089005        2.111626         2.111626      -23.560006      -23.560006
             18      -10.636173       1.1774084      0.43979446      -13.067245       0.4182776       15.045563       2.7529255   8.5655462e-14       2.6198571       1.9887033        1.9887033      -25.249752      -25.249752
             20      -10.607778       1.1716641      0.43869998      -13.067932      0.42858698       14.847869       2.7459965   8.5520024e-14       2.6827919       1.9744439        1.9744439      -25.164444      -25.164444
             13      -9.9568812       1.1770951      0.39012116      -13.075262      0.50183881        15.03471       2.4553938   8.4088763e-14       3.1756952        2.099295         2.099295      -24.112352      -24.112352
              3      -10.780261        1.120925      0.47802407      -13.040923      0.63724063       13.210674       3.0062429   9.1007424e-14       4.3375114       1.5420789        1.5420789       -24.64468       -24.64468
             19      -11.695952      0.93596489       1.3077905      -12.863634      0.50724392       8.6290879       20.313767   1.3688823e-13        3.215466      0.14885063       0.14885063      -23.689605      -23.689605
             12      -11.314654       0.9337808        1.278164      -12.873615      0.52943846       8.5858006       18.974222   1.3377809e-13       3.3840632      0.12935766       0.12935766      -22.888023      -22.888023
              3      -9.9936729      0.24503717       1.3713607      -12.857609      0.56293233       1.7580741        23.51585   1.3880045e-13       3.6553783       1.0882945        1.0882945      -22.163935      -22.163935
             13      -10.102653      0.24533851       1.3712843      -12.857729      0.56179821       1.7592943       23.511713   1.3876222e-13       3.6458451       1.0876815        1.0876815       -22.38067       -22.38067
              3      -9.6377107      0.25074464       1.3779609      -12.856969      0.55558416       1.7813311       23.875961   1.3900518e-13       3.5940504       1.0767266        1.0767266      -21.428875      -21.428875
             58      -9.7288462      0.29800319       1.3786768      -12.747993      0.10782132       1.9861095       23.915351    1.786517e-13       1.2818031       1.4719197        1.4719197      -22.401532      -22.401532
             41      -9.6207081       0.2888951       1.3805887      -12.746233      0.13459917       1.9448902       24.020869   1.7937701e-13       1.3633243        1.457768         1.457768      -22.156952      -22.156952
             21      -8.8704595     0.030020326       1.3779984      -12.759014      0.12978702       1.0715695       23.878027   1.7417499e-13       1.3483015       2.4611795        2.4611795      -22.663278      -22.663278
              2      -9.6268398     -0.12067879       1.2162198      -12.879874      0.33228161      0.75739287       16.452043   1.3186398e-13       2.1492236       2.8398521        2.8398521      -24.933384      -24.933384
              9       -6.611758    -0.085250276        1.332563      -12.856685      0.33956233      0.82176894       21.506165   1.3909612e-13        2.185558       2.6735827        2.6735827      -18.570681      -18.570681
             21      -9.8106181    -0.083281953       1.2260081      -12.883585      0.34923635      0.82550184       16.827055   1.3074211e-13       2.2347881       2.6238936        2.6238936      -24.869023      -24.869023
             10      -9.2296436     -0.18449167        1.146414      -12.916988      0.42316614      0.65389547        14.00922   1.2106321e-13       2.6495135       3.1765915        3.1765915       -24.81247       -24.81247
              3      -9.3427295     -0.17805974       1.1518111      -12.914709      0.42839202      0.66365177       14.184405    1.217001e-13       2.6815878        3.129463         3.129463      -24.944385      -24.944385
              9      -9.1416084     -0.23607146       1.0750768      -12.921248      0.45649364      0.58066887       11.887123   1.1988154e-13       2.8608404       3.4823108        3.4823108      -25.247838      -25.247838
             10      -5.2703766     -0.39241912      0.61756352      -13.045621      0.74505199      0.40511738       4.1453721   9.0028255e-14       5.5597081       5.3863365        5.3863365      -21.313426      -21.313426
              4      -7.2007427     -0.33912014       0.7497852      -13.003078      0.75835882      0.45801517       5.6206327   9.9293692e-14       5.7326948       4.6090997        4.6090997      -23.619685      -23.619685
              8      -7.0535619      -0.3554407      0.74304034      -13.006966      0.77243761      0.44112259       5.5340151   9.8408778e-14       5.9215801       4.7532653        4.7532653      -23.613654      -23.613654
              1      -8.1207602      0.60723287      0.57315695        -13.0177     0.059049972       4.0479289       3.7424581   9.6006267e-14       1.1456448       1.6704414        1.6704414      -19.582403      -19.582403
             31      -10.697705      0.58055454      0.57535158      -13.024813      0.08432246       3.8067516       3.7614178   9.4446671e-14       1.2142901       1.6857695        1.6857695       -24.76695       -24.76695
             41       -10.45993      0.58372481      0.61142132      -13.019371      0.08587381       3.8346419        4.087157   9.5637685e-14       1.2186355       1.5873773        1.5873773      -24.094615      -24.094615
              4      -10.247885      0.60289745      0.61521189      -13.019908     0.079204306       4.0077207       4.1229863   9.5519576e-14       1.2000637        1.570742         1.570742      -23.637254      -23.637254
              6      -9.6676238      0.62380946      0.59865721      -13.024477     0.057705813       4.2054208       3.9687816   9.4519797e-14       1.1421044       1.6384967        1.6384967      -22.612241      -22.612241
             30      -10.372962      0.64425058      0.58604972      -13.026625     0.058394582       4.4080912       3.8552249   9.4053414e-14       1.1439172       1.6484788        1.6484788      -24.042881      -24.042881
             29      -10.082785      0.69921199      0.36650168       -13.07677     0.089258861       5.0027867       2.3254215   8.3797256e-14       1.2281711       2.3011274        2.3011274      -24.767825      -24.767825
             21      -10.024244      0.88901651       1.1027784      -12.784717      -0.1069173       7.7449125       12.670053   1.6416602e-13      0.78177666      0.99603381       0.99603381      -22.040555      -22.040555
             10      -9.3463611       0.7284559      0.36703232      -13.070588     0.011011823       5.3512581       2.3282645   8.4998567e-14       1.0256798       2.4029731        2.4029731      -23.498668      -23.498668
             13      -9.5136769      0.66593916      0.28621869      -13.099232     0.078089632         4.63382       1.9329414   7.9573329e-14       1.1969875       2.7088528        2.7088528      -24.445059      -24.445059
             12      -9.6611908      0.37394835      0.44424983      -13.066076    0.0082276423       2.3656384       2.7813128   8.5886274e-14       1.0191254       2.7495658        2.7495658      -24.821513      -24.821513
              4      -9.7615197      0.48775967      0.32237925       -13.07517     0.035670492        3.074395       2.1007736    8.410651e-14       1.0856016        2.792744         2.792744      -25.108527      -25.108527
             11       -9.535264      0.45911226      0.31993231       -13.07219     0.041098428       2.8781423       2.0889705   8.4685621e-14       1.0992549       2.8290477        2.8290477      -24.728624      -24.728624
              6      -9.4807281      0.13576437      0.51483051      -13.070271      0.27527949        1.366987       3.2721297     8.50607e-14       1.8848617       2.9620796        2.9620796      -24.885615      -24.885615
              2      -9.4790941      0.13495434      0.51262968       -13.07076      0.27538845       1.3644397       3.2555898   8.4964963e-14       1.8853347       2.9727155        2.9727155      -24.903619      -24.903619
              2      -9.2771863       0.1162268      0.48719274      -13.078775       0.3882151       1.3068532       3.0703843   8.3411265e-14       2.4446411       3.0291847        3.0291847      -24.612742      -24.612742
             23      -7.2460061         1.08147      0.48268866      -13.025805      0.52017388       12.063408       3.0387058   9.4231313e-14       3.3126372       1.4210921        1.4210921      -17.334197      -17.334197
             10      -8.2555155       0.8997483      0.54860886      -12.954927      0.71116574       7.9386802       3.5367866   1.1093608e-13       5.1423987      0.77347271       0.77347271      -18.057976      -18.057976
              4      -8.4961579      0.89946187      0.54838646      -12.954729      0.70947782        7.933446       3.5349759   1.1098678e-13       5.1224511       0.7729059        0.7729059      -18.538128      -18.538128
             23      -8.5242257      0.91503065      0.55152449      -12.951286       0.7308938       8.2230068       3.5606106      1.1187e-13       5.3813817      0.76888529       0.76888529      -18.586222      -18.586222
             21      -8.9945969      0.32972354      0.62749406      -12.971016      0.75814184       2.1366016       4.2412519   1.0690148e-13       5.7298314        1.368728         1.368728       -20.72665       -20.72665
              3      -7.0886747      0.69095297      0.92428707      -12.921979      0.67312226       4.9085472       8.4001506   1.1967987e-13       4.7110993      0.20451591       0.20451591      -14.586381      -14.586381
              6      -10.970016       1.2737357      0.65014831      -12.994514      0.58020741       18.781733       4.4683616   1.0127118e-13       3.8037101       1.3662521        1.3662521      -24.672535      -24.672535
              4      -9.8964866        1.033175      0.71048905      -12.977299      0.59970706       10.793816       5.1343923   1.0536609e-13       3.9783873      0.70575958       0.70575958      -21.204492      -21.204492
             10        -9.85168       1.0354499      0.70402869      -12.979173       0.5970383       10.850504       5.0585808   1.0491249e-13       3.9540149      0.72549362       0.72549362      -21.154347      -21.154347
              9      -11.486107       1.0607937      0.69864362      -12.986629        0.554173       11.502538       4.9962438   1.0312663e-13       3.5823911      0.81065188       0.81065188      -24.593519      -24.593519
              2      -11.914828      0.97831195      0.81011456      -12.976536      0.34045381       9.5128786       6.4582457   1.0555142e-13       2.1900489      0.68181338       0.68181338      -25.193282      -25.193282
              2      -11.532674       1.0021997      0.77120611      -12.985568      0.37126816       10.050779       5.9048125   1.0337903e-13       2.3510841      0.75432805       0.75432805      -24.574004      -24.574004
              2      -10.960937      0.78691334      0.82843162      -12.983878       0.5151548       6.1222821       6.7364582   1.0378203e-13       3.2745739      0.47092913       0.47092913      -22.863732      -22.863732
              6        -10.6934      0.78595721      0.83117807      -12.983002      0.50391873       6.1088183       6.7791941   1.0399164e-13       3.1909407      0.47078445       0.47078445      -22.328369      -22.328369
              4      -9.9659651      0.78126606       0.8110413      -12.984164      0.49859886       6.0431873       6.4720417   1.0371364e-13       3.1520918      0.49959639       0.49959639      -20.931123      -20.931123
              5      -11.306644      0.59102257      0.88749631      -12.971764      0.59878933       3.8996225       7.7178495   1.0671752e-13       3.9699892       0.4875635        0.4875635      -23.588416      -23.588416
              6       -11.04041      0.71908428      0.94545365      -12.946735       0.5913092       5.2370205       8.8196967   1.1304859e-13       3.9021971      0.24738176       0.24738176      -22.575584      -22.575584
             15      -10.639521      0.64382405       0.8847966      -12.975925      0.61601576       4.4037641       7.6700218   1.0570006e-13       4.1306249      0.43941428       0.43941428      -22.157871      -22.157871
              8      -10.984081      0.65487033       0.8974977       -12.97304      0.62150056       4.5172105       7.8976466   1.0640448e-13       4.1831223      0.40738821       0.40738821      -22.782938      -22.782938
              4      -10.802666      0.72179776      0.54574218      -13.065226      0.13940366       5.2698439        3.513518   8.6054679e-14       1.3784901       1.7197292        1.7197292      -25.044791      -25.044791
              5      -10.773857      0.72258086      0.54736941      -13.061471      0.13773847       5.2793549       3.5267072   8.6801829e-14       1.3732148       1.6975265        1.6975265      -24.942767      -24.942767
             10      -9.4638897      0.55031867       0.5528941      -13.066475      0.14645575       3.5507383       3.5718573   8.5807466e-14       1.4010568       1.8821847        1.8821847      -22.692149      -22.692149
              1      -10.443308      0.61254528      0.53407282      -13.073147      0.14081859       4.0977483       3.4203679   8.4499185e-14       1.3829886       1.8819206        1.8819206      -24.650457      -24.650457
             11      -10.716772      0.65837445       0.4644329      -13.067478      0.18243622       4.5538053         2.91362    8.560956e-14       1.5220756       1.8801631        1.8801631       -25.19387       -25.19387
              1      -9.9722052      0.45019996      0.42390545      -13.092496      0.37552861       2.8196809       2.6540277   8.0817305e-14       2.3742618       2.2059676        2.2059676      -24.356346      -24.356346
              4      -9.6880038      0.45980493      0.40987231      -13.093339      0.38114525       2.8827364       2.5696401   8.0660603e-14       2.4051671       2.2193619        2.2193619      -23.814731      -23.814731
              7      -9.9765221      0.66662328      0.49636098         -13.072      0.33375615       4.6411252       3.1358912   8.4722698e-14       2.1565332       1.6273266        1.6273266      -23.207697      -23.207697
              6      -9.2756657      0.60256537      0.45697761      -13.082099      0.48074242       4.0046575       2.8640303   8.2775376e-14       3.0251187       1.7191696        1.7191696      -21.989671      -21.989671
              6      -10.976199      0.68310708      0.74895239      -12.979838      0.73737331       4.8206665       5.6098647     1.04752e-13       5.4622719      0.56405257       0.56405257      -23.080503      -23.080503
             10      -11.385632      0.63835042      0.71145186      -13.014115      0.53416837       4.3486096       5.1457876   9.6802148e-14       3.4211205      0.81751493       0.81751493      -24.406295      -24.406295
              2      -11.131067      0.56956718      0.79864635      -13.017447      0.48303683       3.7116514       6.2899378   9.6062258e-14       3.0411429      0.83574517       0.83574517      -23.933624      -23.933624
              3      -8.1373036      0.70112752       0.4665449       -13.10575      0.51845754       5.0249011       2.9278235   7.8388008e-14       3.2995715       1.7344107        1.7344107      -19.743429      -19.743429
              4      -7.6966683       0.6397502      0.46275527      -13.110646      0.51400402       4.3626483       2.9023866   7.7509266e-14       3.2659085       1.8305153        1.8305153      -19.054367      -19.054367
              2      -7.4645525      0.23472942      0.40870669      -13.113652      0.23807244       1.7168384       2.5627526   7.6974783e-14       1.7301049       3.1552943        3.1552943      -21.239694      -21.239694
             19      -10.133401      0.55249864       0.3657623      -13.103779      0.30649508       3.5686063       2.3214659   7.8744693e-14       2.0253267        2.306761         2.306761      -24.880324      -24.880324
              4      -9.9325629      0.41502346      0.36923174      -13.112421      0.37465211          2.6003       2.3400856   7.7193248e-14       2.3694749       2.5557354        2.5557354      -24.976597      -24.976597
              4      -9.9550087      0.60162898       0.5489904      -13.046069     0.050208776       3.9960322       3.5398952   8.9935477e-14        1.122558       1.8821767        1.8821767      -23.674371      -23.674371
              1      -9.3330226      0.62989079      0.54889971       -13.07402      0.13041578       4.2647226        3.539156   8.4329672e-14        1.350255       1.8557144        1.8557144      -22.377474      -22.377474
             14      -10.080008       0.6790696      0.50766618      -13.078875      0.15571446       4.7760581       3.2185939    8.339217e-14       1.4312466       1.8791903        1.8791903      -23.918397      -23.918397
             20      -7.7362288         0.90977      0.48511757      -13.034304       0.2796788       8.1240016       3.0557482   9.2405008e-14        1.904052       1.4755906        1.4755906      -18.423639      -18.423639
             18       -10.90242      0.87249844      0.49383643      -13.039287      0.25826854       7.4558719       3.1177151   9.1350975e-14       1.8124604       1.4916971        1.4916971      -24.788234      -24.788234
              6      -10.327593      0.54956404      0.59418637      -13.024644      0.04288483       3.5445739       3.9281347   9.4483456e-14       1.1037859       1.7777881        1.7777881      -24.210763      -24.210763
             18       -10.62234       1.0839124      0.47647472      -13.060169      0.23649688        12.13144       2.9955372   8.7062573e-14       1.7238397       1.8854295        1.8854295       -25.01554       -25.01554
              1       -10.68065       1.0860858      0.49221539      -13.061598      0.23272451       12.192305       3.1060997   8.6776459e-14       1.7089309       1.8680014        1.8680014      -25.097304      -25.097304
             13      -10.684667       1.0353135      0.50036535      -13.062295      0.31968735       10.847096        3.164939   8.6637417e-14       2.0877926       1.6670656        1.6670656      -24.703465      -24.703465
             15      -10.231675      0.86392568      0.45162148      -13.058472      0.33619816       7.3101397       2.8289253   8.7403264e-14       2.1686934       1.5916949        1.5916949      -23.646741      -23.646741
             16       -10.51045      0.89600995      0.40658881      -13.070152      0.36507909       7.8706382       2.5502855   8.5084052e-14       2.3178167       1.7492508        1.7492508      -24.519402      -24.519402
             14       -11.64256      0.69335164      0.75981793      -13.019353      0.58680031       4.9357328       5.7519875   9.5641719e-14       3.8618937      0.71093427       0.71093427      -24.706989      -24.706989
             29      -11.681996       0.5270682      0.75321011      -13.020169      0.63690702       3.3656442        5.665133   9.5462206e-14       4.3341807      0.91569764       0.91569764      -25.195387      -25.195387
             19      -11.501682      0.72522586      0.62746996      -13.033032      0.60290415       5.3116061       4.2410165   9.2676126e-14       4.0077825      0.94769473       0.94769473      -24.898753      -24.898753
             11      -11.774201      0.70276866        0.658122      -13.023455      0.59781066       5.0439255       4.5511589   9.4742578e-14       3.9610531           0.865            0.865      -25.278402      -25.278402
              5      -11.815872      0.61871934      0.71188989      -13.019851      0.61845467       4.1564192       5.1509803    9.553205e-14        4.153887      0.83983914       0.83983914      -25.311421      -25.311421
              8      -11.367102      0.65523711      0.69910386      -13.027316      0.61494695       4.5210271       5.0015413   9.3904055e-14       4.1204718      0.85577454       0.85577454      -24.445754      -24.445754
              2      -10.717388      0.65921723       0.7109579      -13.028943      0.62044287       4.5626508       5.1399382   9.3552758e-14        4.172947      0.84216744       0.84216744      -23.119112      -23.119112
              2      -9.5135819      0.47784013      0.71387175      -13.032165      0.72789842       3.0049699         5.17454   9.2861353e-14       5.3443934       1.1219753        1.1219753      -21.271115      -21.271115
             14      -9.2264489      0.37033535      0.54643422      -13.022215     0.071000139       2.3460397       3.5191211   9.5013504e-14       1.1776064       2.1809697        2.1809697      -22.814837      -22.814837
             22      -10.690798      0.38128506      0.59793464      -13.014001      0.12022218       2.4059415        3.962184   9.6827516e-14       1.3189313       1.9254608        1.9254608      -25.232518      -25.232518
             22      -11.002651      0.38256562      0.64767566      -12.992338       0.2044335       2.4130461       4.4429933   1.0177997e-13       1.6011554       1.6060545        1.6060545      -25.217411      -25.217411
             80      -10.497106       0.4982056      0.62373838      -13.013268     0.047263886       3.1492389       4.2047326   9.6991125e-14       1.1149718       1.7532007        1.7532007      -24.500614      -24.500614
              4      -10.626073      0.50079873      0.62285142      -13.013603     0.047150935       3.1680989        4.196154    9.691637e-14       1.1146819       1.7515747        1.7515747      -24.755295      -24.755295
              8      -11.214632      0.49852933      0.68653943      -12.993012       0.2068863       3.1515872       4.8589164   1.0162199e-13        1.610224       1.2848486        1.2848486      -24.998961      -24.998961
              1      -11.161704      0.49835471       0.6852075      -12.998495      0.21831478       3.1503203       4.8440375    1.003472e-13       1.6531596       1.2926797        1.2926797      -24.908767      -24.908767
             12      -12.195556      0.84803055      0.90789956      -12.939545      0.31265066       7.0474264       8.0890881    1.149356e-13       2.0542375      0.42632994       0.42632994      -25.243772      -25.243772
              1      -10.362946      0.77658948      0.75254367      -12.978576       0.2811934       5.9784621       5.6564463   1.0505683e-13        1.910704      0.74426318       0.74426318      -22.214418      -22.214418
              3      -10.809992       1.1039829      0.66121333      -12.971403      0.16727277        12.70524       4.5836699   1.0680632e-13       1.4698492       1.2685101        1.2685101      -24.157005      -24.157005
              3       -10.34402       1.0647178      0.62604646      -12.978561      0.12297526       11.606941       4.2271384   1.0506046e-13       1.3273189       1.3623595        1.3623595      -23.412759      -23.412759
              9       -7.666747       1.0507259      0.61761046      -12.981174       0.1349769       11.238954       4.1458201   1.0443019e-13       1.3645105       1.3446238        1.3446238      -18.022742      -18.022742
             10      -8.4219803         1.40329      0.93720187      -12.885789    -0.082171844       25.309875       8.6537006   1.3008028e-13      0.82761462       2.0588735        2.0588735      -20.961708      -20.961708
              9      -7.7715399       1.2801335        1.252423      -12.848542     0.041202605       19.060464       17.882285   1.4172876e-13       1.0995187        1.321776         1.321776      -18.186632      -18.186632
              2      -6.7532695       1.8806194      0.28901908      -13.084303      0.58649674       75.966025       1.9454456   8.2356356e-14       3.8591951       5.4439014        5.4439014      -24.394342      -24.394342
              7      -8.0651123       1.4938656      0.59275475      -13.021884      0.15688531       31.179249       3.9152072   9.5085932e-14       1.4351104       2.7590391        2.7590391      -21.648303      -21.648303
              4        -8.93282       1.3566603      0.58444893      -13.048473      0.22298891       22.733187       3.8410409   8.9439012e-14        1.671048       2.2960291        2.2960291      -22.457698      -22.457698
              9      -10.445818       1.3968355      0.65022327      -13.022992      0.45750315       24.936499       4.4691329   9.4843566e-14       2.8674982       1.9410349        1.9410349      -24.773706      -24.773706
              1      -9.9529166        1.397493      0.66060471      -13.023384      0.47991353       24.974278       4.5772508    9.475797e-14       3.0193505       1.9141088        1.9141088      -23.734051      -23.734051
              1       -10.12925       1.3978644      0.65765564      -13.023871      0.48204062       24.995647       4.5462743   9.4651929e-14       3.0341749        1.921125         1.921125      -24.100751      -24.100751
              5      -10.708002       1.4206455      0.67310163      -13.015224      0.49700241       26.341802       4.7108756   9.6555304e-14       3.1405261       1.9303319        1.9303319      -25.276669      -25.276669
              2      -9.6901149       1.1043879       1.0559009      -12.837412    -0.053858809       12.717095       11.373678   1.4540802e-13      0.88336704       1.0979133        1.0979133      -21.576056      -21.576056
             25      -9.1759055       1.3248534       1.3316872      -12.729292    -0.076935164       21.127759       21.462839   1.8651232e-13      0.83765433         1.86721          1.86721      -22.086231      -22.086231
             13      -9.4223339       1.2986776       1.3335494       -12.72743    -0.088188787        19.89196       21.555067   1.8731386e-13      0.81622748       1.8211202        1.8211202      -22.486908      -22.486908
             16      -9.7328675       1.0196859       1.3526754      -12.637302     -0.10426666       10.463714       22.525552   2.3051438e-13      0.78656269       1.5959605        1.5959605      -22.657656      -22.657656
              1      -8.3218817       1.0260949       1.3464594      -12.635604     -0.10563134       10.619275       22.205441   2.3141761e-13      0.78409496       1.6103668        1.6103668      -19.864497      -19.864497
              4      -9.4251097       0.7544507       1.3123525      -12.715621     -0.10846267       5.6813389       20.528277   1.9247693e-13      0.77899978       1.1771917        1.1771917      -21.204603      -21.204603
             27      -9.5733763       0.5796574        1.304447      -12.699183     -0.16932879        3.798896       20.157981   1.9990188e-13      0.67712868       1.5301096        1.5301096      -22.206972      -22.206972
             31      -10.108877       1.0457855       1.1919542      -12.750081     -0.16860243       11.111828       15.558016   1.7779465e-13      0.67826214       1.3615897        1.3615897      -22.940933      -22.940933
              8      -10.590937      0.99842669       1.2075638      -12.749607     -0.15625928       9.9638388       16.127379   1.7798912e-13      0.69781568       1.2729289        1.2729289      -23.727731      -23.727731
             13      -9.1900359       1.0651023       1.2185411      -12.753917     -0.15541624       11.617221       16.540214   1.7623114e-13      0.69917156       1.3555639        1.3555639        -21.0912        -21.0912
              2      -10.224076      0.91438331       1.1543801      -12.770245    -0.043539368       8.2107591       14.268559   1.6972852e-13      0.90460843      0.87452189       0.87452189      -22.197196      -22.197196
             16      -10.278396      0.91161258       1.1506744      -12.771101    -0.044712533       8.1585425       14.147328   1.6939426e-13       0.9021681      0.87401738       0.87401738      -22.304826      -22.304826
              1      -10.915484      0.89497537       1.1853553      -12.765401    -0.036251889        7.851911       15.323405   1.7163244e-13      0.91991587      0.85859626       0.85859626       -23.54816       -23.54816
             16      -10.934157      0.84972802       1.1803683      -12.765248    -0.031397519       7.0750257       15.148454   1.7169293e-13        0.930256      0.82990011       0.82990011      -23.528114      -23.528114
              8      -9.0741242      0.90968786       1.1857158      -12.789369     0.083571692       8.1224653        15.33613   1.6241686e-13       1.2121928      0.58850174       0.58850174      -19.325252      -19.325252
             35      -10.521123      0.96098691       1.1189993      -12.802026     0.023588714       9.1408568       13.152227   1.5775154e-13       1.0558172      0.73083117       0.73083117      -22.503909      -22.503909
             11      -11.171058      0.79929877       1.1793425      -12.835481      0.13445838        6.299394       15.112715   1.4605586e-13       1.3628824      0.45198702       0.45198702       -23.24609       -23.24609
              2      -11.165841       0.7927471       1.1775215      -12.836659      0.13436987       6.2050759       15.049479   1.4566028e-13       1.3626047      0.45269148       0.45269148      -23.237065      -23.237065
              4      -11.818568       0.8380974        1.149674      -12.846536      0.15555692       6.8880675       14.114776   1.4238476e-13       1.4307275      0.41772934       0.41772934      -24.472596      -24.472596
             18      -11.545297       1.2242175       1.2421291      -12.894703      0.67510569       16.757819       17.463413   1.2743732e-13       4.7326642       0.5813519        0.5813519      -24.253299      -24.253299
             19      -11.521622       1.2971382       1.3950495      -12.889246      0.56280875       19.821577       24.834163   1.2904872e-13       3.6543383      0.89256751       0.89256751      -24.828378      -24.828378
             20      -11.204808       1.3100728       1.4104114      -12.881555      0.56310388       20.420803       25.728317   1.3135465e-13       3.6568225      0.93470032       0.93470032      -24.279017      -24.279017
              1      -11.585143       1.3203492       1.3983485      -12.881943      0.61814925       20.909767       25.023528   1.3123731e-13       4.1509667      0.94095686       0.94095686        -25.0522        -25.0522
              1      -12.231875       1.1303763       1.2850987      -12.887941      0.54554732       13.501323       19.279629   1.2943707e-13       3.5119419      0.40819898       0.40819898      -25.280147      -25.280147
              2      -11.931942       1.1253197       1.3022415      -12.878954      0.58456435       13.345035       20.055871   1.3214344e-13       3.8420618      0.38303999       0.38303999      -24.629965      -24.629965
              3      -11.112407       1.1298256       1.2235705      -12.902531      0.65822127       13.484214       16.732871   1.2516097e-13       4.5521993      0.37931127       0.37931127      -22.983437      -22.983437
             11      -11.206887       1.1425751       1.1845414      -12.910412      0.59831202       13.885935       15.294717   1.2291023e-13       3.9656284      0.41631531       0.41631531      -23.246406      -23.246406
              8      -11.318676       1.1667541       1.1765616      -12.907706       0.6370822       14.680947       15.016252   1.2367858e-13       4.3359293      0.45310581       0.45310581      -23.543563      -23.543563
             10      -10.797288       1.1799138       1.1702133      -12.909099      0.63602394        15.13261        14.79835   1.2328234e-13       4.3253767      0.48366923       0.48366923      -22.561914      -22.561914
              7      -10.750456       1.5721335       1.0754806      -12.932539      0.61957563       37.336487       11.898181   1.1680479e-13       4.1646224       1.8782861        1.8782861      -25.257485      -25.257485
             16      -10.412046        1.583228      0.97418654       -12.94001       0.6334331        38.30258       9.4229425   1.1481268e-13       4.2996499       1.9811452        1.9811452      -24.786382      -24.786382
              3      -9.0221576       1.6891243      0.73764833      -13.021872      0.43675838       48.879225        5.465732   9.5088401e-14       2.7337474        3.115396         3.115396      -24.275107      -24.275107
              2      -9.2947696        1.066315      0.65315501      -13.028407      0.49169561       11.649707       4.4994042   9.3668423e-14       3.1023844       1.1007928        1.1007928      -20.791125      -20.791125
              5      -9.6138195       1.0261269      0.73512082      -13.015118      0.53143085       10.620058       5.4340148   9.6578879e-14       3.3996237       0.8406569        0.8406569      -20.908953      -20.908953
              1      -11.604226       1.0927188      0.68892665       -12.99408       0.5666896       12.379947       4.8856983   1.0137242e-13       3.6871398      0.90133284       0.90133284      -25.011117      -25.011117
              3      -10.876909      0.67846803       0.9502476      -12.924371      0.79876933        4.769447        8.917592    1.190224e-13       6.2917192      0.23114306       0.23114306      -22.216105      -22.216105
              8      -11.842469      0.68765967      0.91973773      -12.935322      0.81024739       4.8714659       8.3126163    1.160588e-13       6.4602212       0.2761466        0.2761466       -24.23723       -24.23723
             16      -11.091938      0.22194022       1.0445675      -12.887887       1.0404174       1.6670177       11.080708   1.2945324e-13       10.975326       1.3135637        1.3135637      -24.811004      -24.811004
              1      -10.580167      0.14888567       1.1029038      -12.897904      0.92422029       1.4089178        12.67371   1.2650161e-13       8.3988591       1.4778284        1.4778284      -24.115991      -24.115991
              5      -11.346284      0.32679777       1.1782397      -12.885408      0.95565318        2.122256        15.07439   1.3019444e-13       9.0292813      0.87447317       0.87447317      -24.441515      -24.441515
              1      -10.691844      0.13414938       1.0400769       -12.91776      0.76226657       1.3619131       10.966723   1.2084812e-13       5.7845099       1.4951571        1.4951571      -24.374003      -24.374003
              2      -10.835517      0.34918949       1.0311014      -12.928597      0.58718661        2.234547       10.742401   1.1786987e-13       3.8653303      0.77943986       0.77943986      -23.229913      -23.229913
              1       -11.92769      0.52584567       1.0478243        -12.9319      0.59556413       3.3561833       11.164116   1.1697694e-13       3.9406161      0.38224488       0.38224488      -24.619871      -24.619871
             13      -10.160994      0.42479349       1.6974928      -12.765008      0.47152912       2.6594602       49.830216   1.7178767e-13       2.9616185       1.1093553        1.1093553        -22.5407        -22.5407
              9      -10.537848      0.48559181       1.7804699      -12.755334       0.5890909       3.0590869       60.321192    1.756572e-13       3.8823162       1.1172536        1.1172536      -23.310202      -23.310202
              3      -11.850769      0.47639224        1.317839      -12.870341      0.45123626       2.9949684       20.789257    1.347905e-13       2.8264172      0.48783695       0.48783695      -24.677211      -24.677211
              2      -12.153085        0.543667       1.3047917      -12.877623      0.52690843       3.4967694       20.173987   1.3254919e-13       3.3644063      0.32147699       0.32147699      -24.949125      -24.949125
             18      -11.999744      0.50806949       1.3144366      -12.872645      0.52482173       3.2215842       20.627024   1.3407722e-13       3.3482797      0.38405151       0.38405151       -24.76759       -24.76759
             11      -11.952739      0.51176506       1.3036886      -12.877956        0.512442       3.2491149       20.122809   1.3244753e-13       3.2541832      0.38280061       0.38280061       -24.67108       -24.67108
              5      -11.215084      0.65621405        1.368765       -12.87161      0.54310626       4.5312085        23.37572   1.3439712e-13       3.4922575      0.21121845       0.21121845      -22.852605      -22.852605
              1      -11.474599      0.52106327       1.1637452      -12.914656      0.50712223       3.3194282       14.579585   1.2171498e-13       3.2145651      0.37746988       0.37746988      -23.704138      -23.704138
              2      -11.963279      0.50393067       1.1215325      -12.916826      0.54244789       3.1910284       13.229167   1.2110833e-13       3.4869674       0.3934879        0.3934879      -24.713534      -24.713534
              5      -11.205517      0.54255984      0.99480574      -12.928813       0.2401122       3.4878664       9.8811101    1.178114e-13       1.7382498      0.65367601       0.65367601      -23.718387      -23.718387
              2      -11.230336      0.69306591        1.032464      -12.926551      0.40948142       4.9324866       10.776158   1.1842649e-13       2.5673284      0.26949353       0.26949353      -22.999658      -22.999658
             26      -12.156805      0.77759298      0.84555929      -12.964643      0.53824269       5.9922921       7.0074384   1.0848192e-13       3.4533666      0.37643067       0.37643067      -25.066472      -25.066472
             10      -12.343769      0.74786358      0.97762201       -12.93877      0.59029391        5.595818       9.4977779   1.1514095e-13       3.8930852      0.19406085       0.19406085      -25.075659      -25.075659
              2      -12.426262      0.75149859      0.99755832      -12.939775      0.59009189       5.6428511        9.943936   1.1487488e-13       3.8912747      0.18639567       0.18639567      -25.225316      -25.225316
             13      -12.241023      0.88650627      0.98197491      -12.939471      0.59870445       7.7002755       9.5934521   1.1495523e-13       3.9692134      0.19702315       0.19702315      -24.876093      -24.876093
             29       -12.41842      0.88236453      0.98689596      -12.937904      0.59952685       7.6271893        9.702775   1.1537083e-13       3.9767368      0.18842413       0.18842413      -25.213688      -25.213688
              6      -11.594623      0.69062585        1.203561      -12.911954       0.9767999       4.9048514        15.97942   1.2247461e-13       9.4798159      0.28330441       0.28330441      -23.755854      -23.755854
              4      -11.352935      0.70267335       1.2087924      -12.912965      0.97529843       5.0428187       16.173067   1.2218968e-13       9.4470981      0.27712963       0.27712963       -23.26013       -23.26013
              1      -11.214335      0.48577521       1.3152964      -12.872298       0.9738483        3.060379       20.667904   1.3418438e-13       9.4156066      0.54556175       0.54556175      -23.519793      -23.519793
              1       -11.52483       0.4667002       1.3794674      -12.876494      0.92758635       2.9288707       23.958931   1.3289404e-13       8.4642084      0.59654965       0.59654965       -24.24276       -24.24276
              8      -12.277984      0.56832684       1.3474803      -12.882675      0.87193313       3.7010661       22.257702   1.3101633e-13       7.4461732       0.3557168        0.3557168      -25.267401      -25.267401
              6      -12.175385      0.54535192       1.3613065      -12.879993       0.8767741       3.5103621       22.977698   1.3182766e-13        7.529638      0.40173581       0.40173581      -25.154242      -25.154242
             13      -12.514423      0.70960574       1.2908447      -12.887833      0.73512395       5.1239601       19.536409   1.2946927e-13        5.434054      0.11727587       0.11727587      -25.263397      -25.263397
             11      -12.492209      0.70991131       1.2992722      -12.886016      0.74381197       5.1275666       19.919213   1.3001228e-13       5.5438564       0.1214577        0.1214577      -25.227333      -25.227333
             12       -12.49325      0.70857699        1.280974      -12.889193      0.70294971       5.1118369       19.097388   1.2906464e-13       5.0460287       0.1090241        0.1090241      -25.204548      -25.204548
              1      -11.835958       0.6861836       1.2635871       -12.89623      0.70186708       4.8549371       18.347931   1.2699026e-13       5.0334653      0.12666856       0.12666856      -23.925253      -23.925253
             18      -12.359291      0.70892016       1.2614855      -12.894006       0.7155193       5.1158778       18.259356   1.2764207e-13       5.1942076      0.10812264       0.10812264      -24.934827      -24.934827
             10      -12.470131      0.69918303       1.3059266      -12.885278      0.72309611       5.0024532       20.226771   1.3023343e-13       5.2856221      0.12702465       0.12702465      -25.194312      -25.194312
             13      -12.453721      0.69291607       1.2973212      -12.887742      0.73018721        4.930785       19.829931   1.2949644e-13       5.3726334      0.13102738       0.13102738      -25.169497      -25.169497
             11       -12.19751      0.68176496       1.3326702      -12.871448      0.68927041       4.8057919       21.511476   1.3444718e-13       4.8895671      0.13601385       0.13601385      -24.667048      -24.667048
              2      -12.256216      0.68019035       1.3314397        -12.8723      0.68957755       4.7883992       21.450615   1.3418366e-13       4.8930263      0.13733964       0.13733964      -24.787112      -24.787112
              1       -11.90865      0.95762732       1.2271126      -12.895191       0.7189424       9.0704183       16.869904    1.272942e-13       5.2353099      0.12949601       0.12949601      -24.076292      -24.076292
              3      -11.946399      0.96004055       1.1816389      -12.904306      0.62385083       9.1209599       15.192838   1.2465052e-13       4.2058215       0.1338399        0.1338399      -24.160479      -24.160479
              9      -12.446061      0.94977059       1.2346698       -12.88576      0.50080943       8.9078027       17.166026   1.3008878e-13       3.1681769      0.15189532       0.15189532      -25.195913      -25.195913
              5      -10.724581       1.0238612       1.6151016      -12.752227      0.32001869       10.564798       41.219391   1.7691827e-13        2.089386       0.7981674        0.7981674      -23.045497      -23.045497
             23      -11.339878      0.95785614      0.97860944      -12.857104     0.060644582       9.0751987        9.519397   1.3896202e-13        1.149859      0.69358347       0.69358347      -24.066923      -24.066923
              3      -10.027291       0.9688138      0.97756244      -12.857588     0.042137044       9.3070875       9.4964752   1.3880735e-13        1.101887      0.74167278       0.74167278      -21.537927      -21.537927
              2      -9.5439067      0.97516301      0.97390557      -12.859125     0.037496405       9.4441529       9.4168483   1.3831682e-13       1.0901755      0.76038682       0.76038682      -20.608587      -20.608587
              4      -11.096119       1.0042062      0.91619147      -12.863827   -0.0076934859       10.097323       8.2450153   1.3682742e-13      0.98244108      0.92669956       0.92669956      -24.045637      -24.045637
             13      -10.730607       1.0069602      0.91615725      -12.866313    -0.012147679       10.161555       8.2443657   1.3604626e-13       0.9724165       0.9421789        0.9421789      -23.345571      -23.345571
              1      -8.9762412       1.0209174      0.89827144      -12.876686    -0.082712349       10.493429       7.9117297   1.3283555e-13      0.82658525       1.1481987        1.1481987       -20.24888       -20.24888
             16      -10.336394      0.97929859      0.79374258      -12.905284    -0.047354566       9.5345146       6.2193154   1.2436999e-13      0.89669642       1.1603373        1.1603373      -22.993462      -22.993462
              5      -9.5922514      0.98450234      0.99246155      -12.832655    0.0047459132       9.6494451       9.8279187   1.4700951e-13       1.0109878      0.81667914       0.81667914      -20.817861      -20.817861
              7      -9.7290916      0.99058923          1.0084       -12.82948    0.0096660735         9.78564         10.1953   1.4808818e-13       1.0225065       0.8055337        0.8055337      -21.069251      -21.069251
             11      -10.155308        1.000959       1.0078751      -12.831318     0.012362671       10.022107       10.182986   1.4746255e-13       1.0288751      0.81179986       0.81179986      -21.934215      -21.934215
              2      -9.9739977       1.0824081       1.0348122      -12.842293    -0.039089085       12.089493       10.834584   1.4378268e-13      0.91392575       1.0333064        1.0333064      -22.014608      -22.014608
             10      -8.2715416       1.0551042      0.93501453      -12.873437    -0.042357355       11.352833       8.6102256   1.3383282e-13      0.90707385       1.0695406        1.0695406      -18.682164      -18.682164
              8      -9.0396439      0.74448013      0.67379896      -12.922314     -0.12306932       5.5523922       4.7184457    1.195875e-13      0.75323533       1.4694044        1.4694044      -21.018097      -21.018097
             19      -9.6037019      0.45202416      0.69633777      -12.928969    -0.081215716       2.8315495       4.9697869    1.177689e-13      0.82943868       1.7229762        1.7229762      -22.653356      -22.653356
             11       -9.023182      0.32298406      0.55669632      -12.984707    -0.087480646       2.1037012        3.603266   1.0358417e-13      0.81755947       2.4819176        2.4819176      -23.010199      -23.010199
              6      -9.8715931      0.24909661      0.56698434      -12.979489    -0.058577616       1.7745842       3.6896429   1.0483623e-13      0.87382081       2.6072876        2.6072876      -24.957761      -24.957761
              5      -7.9550539      0.12506412      0.68228401      -12.911565     -0.13248074       1.3337183        4.811539    1.225844e-13      0.73708786       2.8656674        2.8656674      -21.641443      -21.641443
             15      -7.1249722      0.15034721      0.66510788      -12.917404     -0.11740605       1.4136673       4.6249589   1.2094719e-13      0.76312196       2.7628284        2.7628284      -19.775601      -19.775601
             10      -6.2886427     -0.11341926      0.89444522      -12.930578     0.011267349      0.77015961        7.842332   1.1733354e-13       1.0262835       3.4870885        3.4870885      -19.551462      -19.551462
              1      -6.9082703     -0.10533583      0.89686486      -12.929139    0.0087943099      0.78462866       7.8861469   1.1772302e-13       1.0204561       3.4419247        3.4419247       -20.70039       -20.70039
              7      -6.4946344     -0.36299462      0.85227169      -12.942187     0.095912134      0.43351625       7.1165857   1.1423861e-13       1.2471312       4.9674204        4.9674204       -22.92411       -22.92411
              5      -8.8982441     0.023789022      0.90198033       -12.91409     0.011502547       1.0563042       7.9795854   1.2187356e-13       1.0268395       2.7326348        2.7326348      -23.261758      -23.261758
              6      -7.9789763      0.22239015      0.83366223      -12.912883     0.076932281       1.6687457       6.8180822   1.2221291e-13       1.1938019       1.8310013        1.8310013      -19.619955      -19.619955
              9      -10.335523      0.32803408       0.8136706      -12.922502     0.045549511       2.1283061       6.5113434   1.1953571e-13       1.1105791       1.5926213        1.5926213      -23.856289      -23.856289
              2       -10.37916      0.35337389      0.80476121      -12.933353     0.053500954       2.2561807       6.3791264   1.1658617e-13       1.1310999       1.5409241        1.5409241      -23.840168      -23.840168
              3      -10.306233      0.61935717      0.62724185      -12.970836   -0.0077628303       4.1625281       4.2387895   1.0694592e-13      0.98228423       1.5086703        1.5086703      -23.629807      -23.629807
              4      -10.900242      0.52912997        0.725467       -13.01366       0.6289637       3.3816602       5.3145561   9.6903642e-14       4.2556284      0.91950301       0.91950301       -23.63949       -23.63949
              1      -11.417975       0.5914829      0.64826615      -13.038724      0.60701472       3.9037581       4.4490384   9.1469462e-14        4.045896       1.0645107        1.0645107      -24.964972      -24.964972
              6      -10.886429      0.57123675       0.6541162      -13.042489      0.67616237       3.7259476       4.5093734   9.0679958e-14       4.7441932       1.0967142        1.0967142      -23.966287      -23.966287
              2      -10.208713        0.566044      0.67340177      -13.047009      0.63073641       3.6816627       4.7141323   8.9741046e-14       4.2730346       1.0999645        1.0999645      -22.617355      -22.617355
              2      -10.502022      0.61781893      0.73027447      -13.038917      0.56976655       4.1478108        5.373713    9.142883e-14       3.7133557      0.92069004       0.92069004      -22.845424      -22.845424
              2      -10.821447      0.63927966      0.72072165      -13.038054      0.56278102        4.357924       5.2568024   9.1610596e-14        3.654105      0.90789292       0.90789292      -23.458679      -23.458679
             12      -11.159357      0.57764101      0.75193598      -13.034214        0.532095        3.781299       5.6485371   9.2424256e-14       3.4048266      0.93471396       0.93471396      -24.188143      -24.188143
              1      -11.511255      0.72536743       0.6818308      -13.035627      0.46045534       5.3133379       4.8065206   9.2123977e-14       2.8870568       0.9366727        0.9366727      -24.895855      -24.895855
              5      -9.6838895      0.72514899      0.85597596      -12.934921      0.73744962        5.310666       7.1775457   1.1616601e-13       5.4632317      0.27730895       0.27730895      -19.922397      -19.922397
             22      -9.4607294      0.39087519      0.47094794      -13.044757    -0.038569921       2.4596606       2.9576579   9.0207657e-14      0.91501893       2.6311626        2.6311626      -24.183784      -24.183784
              3      -9.3299679      0.77506547       0.4635703      -13.036852     0.070047885       5.9575195       2.9078386   9.1864467e-14       1.1750271       1.8469258        1.8469258      -22.353787      -22.353787
              2      -11.770448       1.0397788        1.392187      -12.832849      0.32133491       10.959199       24.671015   1.4694373e-13        2.095728      0.46235629       0.46235629      -24.465608      -24.465608
              5      -8.1780658       1.1736144       1.2138871      -12.910851      0.77585216       14.914695       16.363912   1.2278602e-13       5.9683208      0.50134042       0.50134042      -17.358812      -17.358812
             35      -10.519795       1.4575154       1.5000973      -12.891986      0.62295194       28.675789        31.62986   1.2823728e-13       4.1971254       1.5490842        1.5490842      -24.137759      -24.137759
             23      -10.502211       1.4954261       1.3912846      -12.863391      0.47110387       31.291479       24.619802   1.3696472e-13         2.95872       1.6035278        1.6035278      -24.211478      -24.211478
              2      -10.568713       1.3364734       1.3210703      -12.872444      0.42065442       21.700685       20.944517   1.3413933e-13       2.6342344       1.0113749        1.0113749      -23.160177      -23.160177
              5      -10.290909       1.4469997       1.2560569      -12.882471      0.29643626       27.989794       18.032541   1.3107764e-13       1.9789565       1.4994057        1.4994057       -23.58063       -23.58063
              1      -10.593723       1.5126969       1.2707761        -12.8756      0.27706474       32.560934       18.654175   1.3316794e-13       1.8926257       1.7872709        1.7872709      -24.761987      -24.761987
              1      -10.252019       1.5063026       1.2386701      -12.875334      0.27002775       32.085043       17.324874   1.3324949e-13       1.8622061       1.7542007        1.7542007      -24.012439      -24.012439
             12      -9.9826556       1.5044951       1.2410326      -12.874687      0.26769968       31.951782       17.419376   1.3344828e-13       1.8522503       1.7498257        1.7498257      -23.464962      -23.464962
             15      -8.8649454       1.4619795       1.3809834      -12.838756      0.36682135        28.97207       24.042709   1.4495874e-13       2.3271338       1.5281058        1.5281058      -20.786102      -20.786102
              4      -8.8873849       1.4911945        1.374417      -12.841522      0.36204284       30.988067       23.681926   1.4403823e-13       2.3016688        1.645554         1.645554      -21.065878      -21.065878
              5      -12.067951       1.2129574       1.0558998      -12.915536       0.6846253       16.328917       11.373648   1.2146867e-13       4.8375481      0.57594821       0.57594821      -25.287799      -25.287799
              3      -10.493453       0.7110692      0.79133634      -12.986336      0.64573462       5.1412556       6.1849521    1.031962e-13       4.4231801        0.511295         0.511295      -22.009495      -22.009495
             10      -9.3043584      0.74472216      0.83641043       -12.97491      0.65339254       5.5554874       6.8613636   1.0594729e-13       4.5018658      0.40378184       0.40378184       -19.41628       -19.41628
              3      -10.033772       0.8964576      0.58556235      -13.017913      0.53746953       7.8787551       3.8509009   9.5959329e-14       3.4472242       0.9697148        0.9697148      -22.006975      -22.006975
              5      -9.9059975      0.91408822      0.56490052       -13.02504      0.56138581        8.205182       3.6719818   9.4397342e-14       3.6423847       1.0428302        1.0428302      -21.897655      -21.897655
             15      -10.397556      0.82489844       0.6412631      -12.993535      0.59143027       6.6818764       4.3778724   1.0149983e-13       3.9032851      0.72740893       0.72740893      -22.249931      -22.249931
              1      -12.499058      0.74806849       1.1961736      -12.895728      0.80854578       5.5984588       15.709907   1.2713696e-13        6.434959     0.095723215      0.095723215      -25.189562      -25.189562
              4      -12.469061      0.99918105       1.2661528      -12.891009      0.64101372       9.9811606       18.456647   1.2852595e-13       4.3753593      0.17850843       0.17850843      -25.295138      -25.295138
             13      -12.377741       1.0579385       1.2497649      -12.891674       0.6114992       11.427165       17.773168   1.2832931e-13         4.08789      0.25308157       0.25308157      -25.261646      -25.261646
              1      -12.092844      0.94519354       1.2173869      -12.880813      0.63951098        8.814416       16.496312   1.3157908e-13       4.3602459     0.090863523      0.090863523      -24.367416      -24.367416
             27      -12.370441      0.92131258       1.2194695      -12.884686      0.68229119       8.3428143       16.575609   1.3041105e-13       4.8116186     0.078326073      0.078326073      -24.897535      -24.897535
             16      -11.978023      0.52874456       1.0859302      -12.896704      0.31505331       3.3786605       12.187936   1.2685176e-13       2.0656337      0.48875704       0.48875704       -24.93356       -24.93356
             44      -11.710384       0.5287793       1.0464303      -12.905611        0.284383       3.3789308       11.128339   1.2427637e-13       1.9247884      0.54911325       0.54911325      -24.518995      -24.518995
              1      -11.884994      0.53821827       1.0569097       -12.90212       0.2860386       3.4531725       11.400127   1.2527957e-13         1.93214      0.52212496       0.52212496      -24.814238      -24.814238
             12      -11.999062      0.55226739       1.0655022      -12.903743       0.2347308       3.5667066       11.627925   1.2481218e-13       1.7168438        0.568842         0.568842      -25.135807      -25.135807
             10      -11.686434       0.5478327       1.0639057      -12.900785      0.22808537       3.5304714       11.585259   1.2566522e-13       1.6907732      0.58009341       0.58009341      -24.533055      -24.533055
             20       -11.88187      0.53542951       1.0169439      -12.911716      0.23110237       3.4310694       10.397859   1.2254164e-13       1.7025598      0.63026046       0.63026046      -25.024261      -25.024261
              7      -11.941993      0.53487621       1.0500165      -12.906262      0.25784421        3.426701        11.22061   1.2409045e-13       1.8106904      0.57344436       0.57344436      -25.030875      -25.030875
              4      -12.042581      0.53288814       1.0729527      -12.899833      0.27398916       3.4110505       11.829126    1.259411e-13       1.8792699      0.53895317       0.53895317      -25.163068      -25.163068
             22      -11.855075      0.64068229       0.9534286      -12.932685       0.2945565       4.3720215        8.983149   1.1676561e-13       1.9704095      0.48329992       0.48329992       -24.67675       -24.67675
              7      -12.104487      0.63898475      0.96900236        -12.9384      0.33563782       4.3549658       9.3111293   1.1523912e-13       2.1658971      0.44452924       0.44452924      -25.098033      -25.098033
             10      -12.228148      0.98753976      0.91786332      -12.941088      0.56389933       9.7171691       8.2768164    1.145281e-13       3.6635265       0.3258579        0.3258579      -25.108012      -25.108012
             14      -11.385058      0.62375787      0.70569203      -13.009791      0.67026714       4.2049212       5.0779922   9.7770664e-14       4.6802294      0.79311649       0.79311649       -24.35635       -24.35635
              8      -11.490811      0.48884864      0.76862155      -12.997978      0.79578461       3.0821136       5.8697763   1.0046667e-13       6.2486271      0.89382269       0.89382269      -24.769267      -24.769267
             11      -12.088883      0.60173333       1.1117979      -12.898335      0.35718948       3.9969925       12.935939   1.2637618e-13       2.2760903      0.33576156       0.33576156      -24.849289      -24.849289
              9      -11.026574      0.66139035      0.80645447       -12.97874      0.72965884       4.5855386       6.4040464   1.0501715e-13        5.366101      0.50877755       0.50877755      -23.070703      -23.070703
             14      -11.349688      0.65862097      0.79830537      -12.979127      0.73713644       4.5563908       6.2850013   1.0492357e-13       5.4592934      0.52324288       0.52324288      -23.745861      -23.745861
              1      -8.5637209      0.56444855      0.75735276       -12.99238      0.67101603       3.6681623       5.7194302   1.0176996e-13       4.6883069      0.72831221       0.72831221      -18.584066      -18.584066
             17      -8.7371254      0.70947793      0.54301987      -13.066425      0.61123195       5.1224524       3.4915629   8.5817301e-14       4.0853752       1.2901574        1.2901574      -20.054566      -20.054566
              8       -9.241192      0.42619789      0.39681816      -13.087367      0.58611912       2.6680741       2.4935505   8.1777291e-14        3.855841       2.1655023        2.1655023      -22.813389      -22.813389
              9      -8.2025002      0.50814665      0.45334656      -13.066481      0.58587546       3.2221566       2.8401845   8.5806296e-14       3.8536783       1.7340822        1.7340822      -19.873165      -19.873165
              5       -9.389507      0.48444409      0.46344887      -13.073425       0.5979974       3.0510132       2.9070257   8.4445301e-14       3.9627566       1.7939291        1.7939291      -22.366872      -22.366872
              1      -8.4128652       1.1177894      0.84508379      -12.946184      0.66365579       13.115638       6.9997703   1.1319198e-13       4.6095209      0.57285714       0.57285714      -17.971445      -17.971445
              1      -7.7059474       0.9845214       1.0672006      -12.902598      0.59438511       9.6498686       11.673486    1.251418e-13       3.9299326      0.15866439       0.15866439      -15.729224      -15.729224
             23      -11.980419      0.85040834       1.1408685      -12.869444      0.85960876       7.0861174       13.831474   1.3506897e-13       7.2378363     0.070602999      0.070602999      -24.102044      -24.102044
              2      -9.5994303      0.48050884       1.1889879      -12.891397       0.8927131       3.0234921       15.452114   1.2841137e-13       7.8111162       0.4549939        0.4549939      -20.108848      -20.108848
              4      -11.602182      0.80001235       1.0947316       -12.89486      0.70702582       6.3097529       12.437458   1.2739147e-13       5.0936116       0.0443341        0.0443341      -23.293033      -23.293033
             42      -12.315055      0.70871748       1.1339802      -12.871968      0.89948861       5.1134908       13.613825    1.342863e-13       7.9339345      0.12738763       0.12738763      -24.884885      -24.884885
             15      -11.693868      0.68105671       1.1412463      -12.866658      0.91819423       4.7979609       13.843513   1.3593838e-13       8.2831254      0.15622921       0.15622921      -23.700195      -23.700195
             18      -11.949387       0.6582851       1.0822053       -12.90196      0.85917028       4.5528685       12.083848   1.2532553e-13       7.2305325       0.1854027        0.1854027      -24.269579      -24.269579
             22      -11.733951      0.88813328       1.1679018      -12.879617      0.91430677       7.7291774       14.719798   1.3194191e-13       8.2093122      0.13810151       0.13810151      -23.744105      -23.744105
             58      -11.521751      0.92687617       1.1463055      -12.884159       1.0020248       8.4503787       14.005723   1.3056916e-13       10.046731      0.24703562       0.24703562      -23.537572      -23.537572
              5       -11.43687      0.93996645       1.1649565      -12.881819       1.0008281       8.7089631       14.620309   1.3127458e-13       10.019085      0.25439666       0.25439666      -23.382532      -23.382532
              2      -11.463381      0.92838751        1.149582      -12.883934       1.0436546       8.4798372       14.111785   1.3063692e-13       11.057439      0.29615801       0.29615801      -23.519078      -23.519078
              1      -11.473515      0.93054243       1.1576896      -12.879768       1.0456089       8.5220177       14.377706   1.3189604e-13       11.107311      0.29532315       0.29532315      -23.537676      -23.537676
              3      -11.417611      0.98735528       1.1556366      -12.879746       1.0489981       9.7130423       14.309899   1.3190274e-13        11.19433      0.35001342       0.35001342      -23.535248      -23.535248
              1       -10.86821       1.1413324       1.0888398      -12.865555      0.96901988       13.846257       12.269864     1.36284e-13       9.3115049      0.48039141       0.48039141      -22.697203      -22.697203
             26      -11.457945        1.284761       1.1632809      -12.907934      0.48640338       19.264643       14.564008   1.2361352e-13       3.0648088      0.79910675       0.79910675      -24.514103      -24.514103
             10      -11.748122       1.2892357       1.0947337      -12.920719      0.51153053        19.46416       12.437517   1.2002758e-13       3.2473607      0.82362585       0.82362585      -25.143496      -25.143496
             56      -11.690088       1.3537605       1.1569647      -12.899318      0.73570935       22.581903       14.353727   1.2609049e-13       5.4413837      0.94786853       0.94786853      -25.275913      -25.275913
              8       -11.79229       1.1339554      0.99430274      -12.915599      0.68609701        13.61305       9.8696725   1.2145106e-13       4.8539691      0.42336763       0.42336763      -24.431316      -24.431316
              1      -11.905046      0.83234857       1.2814881       -12.85621      0.35612315       6.7974899        19.12001   1.3924833e-13       2.2705086      0.19719409       0.19719409      -24.204481      -24.204481
             10      -12.122001      0.96707352       1.3847893      -12.844173      0.42730101       9.2698674       24.254333   1.4316169e-13       2.6748597      0.27354526       0.27354526      -24.791092      -24.791092
             72      -12.114607      0.96964911       1.3847172      -12.844236      0.42686556       9.3250058       24.250305   1.4314099e-13       2.6721791      0.27629909       0.27629909      -24.781813      -24.781813
              5      -12.001821      0.98157955       1.3809503      -12.844266      0.43139458       9.5847227       24.040877   1.4313124e-13       2.7001916       0.2812705        0.2812705      -24.566183      -24.566183
              6      -11.767436      0.95139273       1.1306983      -12.921302      0.44651317       8.9411365       13.511338   1.1986652e-13       2.7958455      0.23241447       0.23241447      -23.999701      -23.999701
              9       -12.02129       1.1195233       1.1987702      -12.890918      0.36648595       13.168106       15.804114   1.2855292e-13       2.3253372      0.47965034       0.47965034      -25.001881      -25.001881
              3      -11.303323       1.1196782       1.3690311      -12.836064       0.2868781       13.172804       23.390047   1.4586006e-13       1.9358785       0.6129427        0.6129427      -23.832531      -23.832531
             13      -7.5852865      0.92198906       1.4888796      -12.822462      0.38238959       8.3558197       30.823332   1.5050035e-13       2.4120682      0.38422748       0.38422748      -15.939028      -15.939028
              7       -8.791925      0.77710045       1.6308744      -12.781265      0.38752327       5.9855002       42.743923   1.6547584e-13       2.4407498      0.58266407       0.58266407      -18.749178      -18.749178
             11      -10.750759      0.79720567       1.6260886       -12.78484      0.39674147       6.2691069       42.275489   1.6411937e-13       2.4931102      0.55957311       0.55957311      -22.620663      -22.620663
             20      -10.805724      0.78620253       1.6180318      -12.785848       0.4008341         6.11227       41.498441   1.6373895e-13       2.5167154      0.54244483       0.54244483      -22.696337      -22.696337
             11      -10.797883      0.76292522       1.6108506       -12.80816       0.4904052       5.7932894       40.817899   1.5553926e-13       3.0931801      0.45579452       0.45579452      -22.507354      -22.507354
              7      -11.077136      0.97297475        1.654599      -12.824037      0.41297727       9.3966869       45.143889   1.4995582e-13       2.5880774      0.65615907       0.65615907       -23.46659       -23.46659
             18        -11.2708      0.87073971       1.4634745      -12.826045      0.39979526       7.4257395       29.071975   1.4926399e-13       2.5107025      0.31105007       0.31105007      -23.163701      -23.163701
              1      -11.118576      0.82047316       1.4484367      -12.828151      0.42070692       6.6141365       28.082558   1.4854193e-13       2.6345529      0.26581616       0.26581616      -22.768783      -22.768783
             13      -10.869138       1.1337583      0.53501806      -13.061027      0.46247658       13.606873       3.4278204    8.689058e-14       2.9005248       1.6222447        1.6222447      -24.982766      -24.982766
              4      -11.052247       1.1006062      0.54179984      -13.061485      0.44841657       12.606838       3.4817681   8.6799007e-14       2.8081259       1.5596398        1.5596398      -25.223773      -25.223773
              4      -10.595195       1.1609369       0.5008743      -13.052892      0.49797629       14.485614       3.1686502   8.8533595e-14       3.1475765       1.6813339        1.6813339      -24.553057      -24.553057
              6       -10.74874      0.90911684         1.02738      -12.928577      0.24835311       8.1117926       10.650746   1.1787539e-13       1.7715488      0.44073668       0.44073668      -22.378954      -22.378954
              4      -11.208847       1.1024309      0.96078274      -12.920508      0.16258025       12.659917       9.1365606   1.2008579e-13       1.4540531       0.8069935        0.8069935      -24.031681      -24.031681
             19      -11.079884       1.1551335      0.96395699      -12.909939      0.12590221       14.293332       9.2035842   1.2304405e-13       1.3362946      0.94607066       0.94607066      -24.051909      -24.051909
             13      -10.389085      0.99644866      0.90175079       -12.92404     0.061844761       9.9185607        7.975369   1.1911318e-13        1.153041      0.88303529       0.88303529      -22.544241      -22.544241
              5      -11.123171      0.79457832       1.5961162      -12.812343      0.45300575       6.2312952       39.456285   1.5404849e-13       2.8379566      0.44758422       0.44758422       -23.14151       -23.14151
              8      -11.184425      0.72266327       1.3406655      -12.876302      0.56281495       5.2803569       21.911168   1.3295303e-13       3.6543905      0.13795146       0.13795146      -22.644753      -22.644753
              6      -12.285861      0.73817181       1.3504023      -12.873043      0.56222435       5.4723241       22.407957   1.3395455e-13       3.6494243      0.13422862       0.13422862      -24.840179      -24.840179
             10       -12.37655       0.7124852       1.2763705      -12.882666      0.58274952       5.1580459       18.896027   1.3101897e-13       3.8260401      0.10437875       0.10437875      -24.961857      -24.961857
             10      -9.6990094      0.72200123       1.2433154      -12.901545        0.604837       5.2723135        17.51118   1.2544541e-13       4.0256592      0.10828087       0.10828087       -19.61458       -19.61458
              6      -11.654317      0.72812858       1.2591595       -12.89309      0.63136323       5.3472265       18.161827   1.2791155e-13       4.2792063     0.093232137      0.093232137      -23.495098      -23.495098
              6      -11.760531      0.52254058       1.4519995       -12.86145      0.72509862       3.3307388       28.313887   1.3757824e-13       5.3100501      0.44299572       0.44299572      -24.407053      -24.407053
             30      -10.398945      0.50025496       1.4774786      -12.855122      0.68106489       3.1641347       30.024696   1.3959758e-13       4.7980513      0.50335186       0.50335186      -21.804593      -21.804593
              7      -10.700585       1.0108953        1.006934      -12.929565       0.5121529       10.254047       10.160943   1.1760763e-13       3.2520177      0.29532321       0.29532321      -21.991816      -21.991816
             10      -11.205113      0.94147798       1.0167572      -12.921178      0.52809625       8.7393269       10.393389    1.199009e-13       3.3736207      0.19450544       0.19450544      -22.799236      -22.799236
             20      -12.071116      0.88657716      0.90220346      -12.949352      0.55048123       7.7015326       7.9836862   1.1236928e-13       3.5520677      0.28894822       0.28894822      -24.720128      -24.720128
              1      -11.890335      0.87461047      0.99016649      -12.922815      0.61244511       7.4922192       9.7761192   1.1944961e-13       4.0968033      0.14305029       0.14305029       -24.06677       -24.06677
              4      -12.409193      0.89643921       0.9858804      -12.920013      0.61070587       7.8784215       9.6801125   1.2022272e-13       4.0804294      0.14867156       0.14867156      -25.115729      -25.115729
             16      -12.365882      0.91663475      0.99324597       -12.91884      0.60098992       8.2534352       9.8456858   1.2054805e-13       3.9901564      0.15631006       0.15631006      -25.044385      -25.044385
              6       -12.44685      0.91873173       0.9892817      -12.919638      0.59902787       8.2933831       9.7562226   1.2032681e-13       3.9721704        0.161662         0.161662      -25.217024      -25.217024
             14      -12.253037       0.9386737       1.0444482      -12.925696      0.38123837        8.683078       11.077664   1.1866002e-13       2.4056829      0.29625143       0.29625143      -25.098578      -25.098578
              8       -12.05957      0.93999883       1.0826498      -12.918158      0.37084445       8.7096124       12.096222   1.2073753e-13       2.3487914      0.28211241       0.28211241      -24.683365      -24.683365
              8      -11.359641       0.9625045       1.0828677      -12.939115      0.36253201       9.1728544       12.102294   1.1504958e-13       2.3042628       0.3613912        0.3613912      -23.442063      -23.442063
             37      -10.991087      0.69340871      0.81541805      -12.963787      0.36663459       4.9363814       6.5375955   1.0869588e-13       2.3261332      0.56231421       0.56231421      -23.106802      -23.106802
              5      -10.530669      0.79058237       1.0105789      -12.927265      0.49216864       6.1742238        10.24658   1.1823194e-13       3.1057653      0.17953979       0.17953979      -21.420418      -21.420418
              5      -11.181624      0.68756123       1.2047997      -12.875822      0.40378598       4.8703619       16.025061   1.3309999e-13       2.5338796      0.18434179       0.18434179      -22.731931      -22.731931
              5      -9.9031914       0.6523842       1.2296756      -12.874713      0.41590709       4.4914255       16.969755   1.3344024e-13       2.6055961      0.21106594       0.21106594      -20.228515      -20.228515
              1      -12.190476      0.61027606       1.2210854      -12.880222      0.38322204       4.0763931       16.637398   1.3175822e-13       2.4166961      0.28917812       0.28917812      -24.959308      -24.959308
             12       -12.24867      0.62582913       1.1062401      -12.916979      0.43635733       4.2250235       12.771447   1.2106566e-13       2.7312241      0.27443001       0.27443001        -25.0462        -25.0462
              2      -11.338497      0.77688439       1.1866907      -12.891053      0.38229322       5.9825231       15.370594   1.2851291e-13        2.411533       0.1777251        0.1777251      -23.032445      -23.032445
              1      -11.451052       0.7101829       1.3786307      -12.860183      0.47285835       5.1307742       23.912812    1.379803e-13        2.970697      0.20339105       0.20339105      -23.308887      -23.308887
              1      -11.889444      0.59246056       1.4316055      -12.828931      0.39372459        3.912556       27.015031   1.4827532e-13       2.4758515      0.41438407       0.41438407      -24.607657      -24.607657
             11      -12.385126      0.83811077       1.3476623      -12.869034      0.62163838       6.8882796       22.267029   1.3519663e-13         4.18445     0.099145437      0.099145437      -24.968544      -24.968544
             21      -12.254895       1.1214681       1.1831082      -12.902508      0.53812742       13.227204       15.244324   1.2516766e-13       3.4524501      0.37911322       0.37911322      -25.268017      -25.268017
              8      -11.613415       1.0627626       1.1434375      -12.925781       0.4761629       11.554805       13.913535   1.1863678e-13       2.9933872      0.35575364       0.35575364      -23.938337      -23.938337
              1      -11.690052       1.0548453         1.14302      -12.926138      0.46857121       11.346067       13.900167   1.1853924e-13        2.941516      0.34955803       0.34955803      -24.079221      -24.079221
             40      -12.146155       1.0976878       1.1112967      -12.934883      0.43542816       12.522406       12.921016   1.1617627e-13       2.7253869      0.46293461       0.46293461      -25.218179      -25.218179
              3      -8.6192365       1.1296011        1.173143      -12.910868       0.3928263       13.477244       14.898515   1.2278119e-13       2.4707358      0.50464877       0.50464877      -18.247771      -18.247771
              2      -9.4527354       1.1958651       1.1382466      -12.899188        0.412564        15.69875       13.748223   1.2612808e-13       2.5856158      0.60185087       0.60185087      -20.109173      -20.109173
              6      -10.434674      0.40972992      0.82206563       -12.91555    -0.022537679       2.5687978       6.6384339   1.2146459e-13      0.94942862       1.4952663        1.4952663      -23.859881      -23.859881
             14      -10.536635      0.41879895      0.82109884      -12.915453    -0.017296722        2.623004       6.6236724   1.2149168e-13       0.9609555       1.4625781        1.4625781      -23.998426      -23.998426
             37        -11.0789       0.8033527       1.1207219      -12.785945    0.0016406823        6.358471       13.204497   1.6370243e-13        1.003785       0.7216929        0.7216929      -23.601187      -23.601187
              3      -10.865074      0.81464404       1.1032765      -12.790052    -0.020814055       6.5259545       12.684592   1.6216145e-13      0.95320419      0.76794201       0.76794201      -23.266032      -23.266032
              3      -11.031093      0.83743634       1.0670032      -12.793402    0.0028477527       6.8775909       11.668182    1.609156e-13       1.0065787          0.7197           0.7197      -23.501586      -23.501586
             10      -10.243207      0.72280969       1.1619887      -12.785265     0.052884106       5.2821373       14.520738   1.6395904e-13       1.1294945      0.64181408       0.64181408      -21.770042      -21.770042
             31      -11.158844      0.72319239        1.163507      -12.785037     0.046075843        5.286794       14.571591     1.64045e-13       1.1119259      0.65574052       0.65574052       -23.62917       -23.62917
              1      -9.6995927      0.77095753       1.2051014      -12.797947      0.11941172       5.9014336       16.036199   1.5924018e-13       1.3164723      0.49649061       0.49649061      -20.392167      -20.392167
              9      -10.176267      0.92654519      0.79565383      -12.906706     0.013651032        8.443941       6.2467458   1.2396347e-13       1.0319319      0.97984482       0.97984482      -22.312223      -22.312223
              1      -9.0479644      0.93365167      0.84418533       -12.89272    0.0033610868       8.5832482       6.9853044   1.2802071e-13       1.0077692      0.93178024       0.93178024      -19.959489      -19.959489
             29      -8.0609087      0.86250923      0.80070342      -12.897672    -0.076916776       7.2863366       6.3198012   1.2656908e-13      0.83768979       1.1312708        1.1312708      -18.384359      -18.384359
              7      -7.9373475       1.2356505      0.49774833      -13.067221       0.3275148       17.204834       3.1459248   8.5660257e-14       2.1257628       2.0850235        2.0850235      -20.044742      -20.044742
              1      -8.0381283       1.2371127      0.49651657      -13.067194      0.32781712       17.262857       3.1370148   8.5665559e-14       2.1272431       2.0909313        2.0909313      -20.258119      -20.258119
             15       -7.422258       1.2003172      0.56907999      -13.039095       0.3947304        15.86051         3.70749   9.1391328e-14       2.4815921       1.6333494        1.6333494      -18.111215      -18.111215
             14      -8.4094119       1.1873615      0.58680735      -13.036826      0.39055548       15.394354       3.8619563   9.1870037e-14       2.4578506       1.5624708        1.5624708      -19.943765      -19.943765
              9      -10.453755      0.92889177      0.54194658      -13.049512      0.44852195       8.4896887       3.4829447   8.9225239e-14       2.8088074       1.2817363        1.2817363      -23.470983      -23.470983
              8       -10.64223      0.82918662      0.81644896      -12.964602      0.44859581       6.7481794       6.5531326   1.0849196e-13       2.8092851      0.45376458       0.45376458       -22.19199       -22.19199
             12      -11.980341      0.79858221      0.82261675      -12.958887      0.46831952       6.2890089       6.6468634   1.0992916e-13       2.9398117      0.41468206       0.41468206      -24.790045      -24.790045
              1      -11.977737      0.81044058       1.0321504      -12.925184      0.46819835       6.4630956        10.76838   1.1879992e-13       2.9389916      0.18049144       0.18049144      -24.316458      -24.316458
             21      -12.449155      0.82814733       1.0531732      -12.916185      0.64130691       6.7320499       11.302466   1.2128718e-13       4.3783141     0.091392769      0.091392769      -25.081096      -25.081096
              6      -12.248769      0.84828149       1.0478805      -12.911686      0.63851537       7.0514996       11.165559   1.2255029e-13       4.3502615     0.086631211      0.086631211        -24.6708        -24.6708
             11      -11.935932       0.8978931       1.0516863      -12.909945      0.60406039       7.9048402       11.263835   1.2304243e-13       4.0184668      0.10594621       0.10594621      -24.083756      -24.083756
              7      -11.824376      0.90686892       1.0334778      -12.916755      0.57492312       8.0699143       10.801344   1.2112806e-13       3.7577087      0.13765473       0.13765473      -23.924061      -23.924061
              6      -12.483204      0.90082904       1.1543521      -12.883342      0.77429711         7.95846       14.267639   1.3081503e-13       5.9469886     0.067319006      0.067319006      -25.101047      -25.101047
             26       -12.50659      0.90123755       1.1689205      -12.880238      0.77051106       7.9659494       14.754364   1.3175336e-13       5.8953699     0.064066349      0.064066349      -25.141312      -25.141312
             58      -12.492961      0.90425332       1.1694395      -12.880006      0.76920637        8.021458       14.772006   1.3182373e-13       5.8776858     0.065084428      0.065084428      -25.116091      -25.116091
              9       -12.55645      0.85148863       1.1987104      -12.880432      0.78521737       7.1037657       15.801939   1.3169467e-13       6.0984205      0.05639905       0.05639905      -25.225698      -25.225698
              5       -12.12921      0.86730038       1.0932228      -12.892796      0.75072043       7.3671647       12.394324   1.2799823e-13       5.6327494     0.058937671      0.058937671      -24.376294      -24.376294
              5      -12.169179      0.97327876       1.0050896      -12.916195      0.67777276       9.4032669       10.117882   1.2128442e-13       4.7618176      0.18422887       0.18422887      -24.706815      -24.706815
              4      -12.182997       1.0069509      0.99320553      -12.919149      0.67887118       10.161337       9.8447689   1.2046234e-13       4.7738765      0.23224271       0.23224271       -24.83048       -24.83048
             10      -12.219098      0.97754807      0.99398582      -12.917374      0.65524564        9.496161       9.8624728   1.2095573e-13       4.5211159      0.19578871       0.19578871      -24.829773      -24.829773
              4      -12.047917      0.99895665      0.93639656      -12.931838      0.69332156       9.9760048        8.637669   1.1699346e-13       4.9353909      0.28485524       0.28485524      -24.665544      -24.665544
             19      -12.177669        1.012119       1.0351257      -12.929149      0.58472031       10.282979       10.842407    1.177201e-13       3.8434418      0.25791813       0.25791813      -24.871175      -24.871175
              2      -10.246279       1.0899143      0.97967468      -12.936534      0.49609274       12.300261       9.5427749   1.1573522e-13       3.1339549       0.4481918        0.4481918      -21.388941      -21.388941
             10      -11.021308       1.1508373       1.0911463      -12.914523      0.46658244       14.152633       12.335204   1.2175221e-13       2.9280767      0.49423784       0.49423784      -23.031092      -23.031092
              1      -8.0069338       1.1134111       1.3011368      -12.900271      0.62060332       12.984077       20.004917   1.2581405e-13        4.174489      0.38558131       0.38558131       -16.78503       -16.78503
              6      -12.192885       1.1307258       1.3185303      -12.888286      0.64612953       13.512191       20.822377   1.2933451e-13       4.4272039       0.4066346        0.4066346       -25.19904       -25.19904
              4      -11.737468       1.0845341       1.4451652      -12.878427      0.64923101        12.14882       27.871812   1.3230395e-13       4.4589336       0.4234332        0.4234332      -24.321802      -24.321802
             36      -11.611197       1.0650228       1.4679773      -12.884487       0.6311053       11.615095       29.374961   1.3047085e-13       4.2766657      0.42850767       0.42850767      -24.079409      -24.079409
             65      -11.893306       1.0296177        1.411089      -12.887152      0.61828391       10.705764       25.768491    1.296726e-13       4.1522539      0.32132117       0.32132117      -24.429254      -24.429254
              2      -12.136382      0.94638429       1.4675398      -12.877579      0.59780133       8.8386165       29.345385   1.3256266e-13        3.960968      0.28488922       0.28488922      -24.842542      -24.842542
              7      -11.788863      0.42716459       1.2323486      -12.913637       0.9904129       2.6740196       17.074524   1.2200087e-13       9.7816676      0.71190993       0.71190993      -25.001545      -25.001545
             17      -11.952574      0.45305781       1.3201845      -12.887424      0.89622088       2.8382968        20.90184   1.2959144e-13       7.8744619      0.56888833       0.56888833      -25.042924      -25.042924
             16      -12.026816      0.44854887       1.3162057      -12.886845       0.8854419       2.8089815       20.711219   1.2976431e-13       7.6814269      0.56732284       0.56732284      -25.188277      -25.188277
             11      -10.896866      0.72408512       1.4657823      -12.890211      0.76358614       5.2976726       29.226871   1.2876224e-13       5.8021124      0.27507182       0.27507182      -22.343876      -22.343876
             23      -9.9120108      0.69148609       1.4793899      -12.916866      0.92645667       4.9145764       30.157124   1.2109713e-13       8.4422202      0.45596542       0.45596542      -20.735952      -20.735952
              4      -8.7420798      0.69106887       1.4787459      -12.914719      0.91504049       4.9098573       30.112434   1.2169733e-13        8.223193      0.44140614       0.44140614      -18.366972      -18.366972
             13      -11.107449      0.63827447       1.4965389      -12.915851      0.91475842       4.3478492       31.371764   1.2138055e-13       8.2178539       0.5127623        0.5127623      -23.240423      -23.240423
             38      -10.390772      0.69119922       1.5090431      -12.916987      0.85473988       4.9113312       32.288142   1.2106331e-13        7.157146      0.44253371       0.44253371      -21.666611      -21.666611
              3      -10.999886      0.93140142       1.5038832      -12.901592      0.66695276         8.53889       31.906795   1.2543181e-13       4.6446475      0.34815046       0.34815046      -22.696072      -22.696072
             18      -11.219266      0.94626354        1.570227      -12.887165      0.61945599       8.8361594       37.172947   1.2966863e-13       4.1634753      0.43431915       0.43431915       -23.30717       -23.30717
              4      -11.239108      0.94269694       1.5712996       -12.88706      0.62015158       8.7638904       37.264872   1.2970001e-13       4.1701491      0.43283583       0.43283583      -23.343888      -23.343888
              6       -10.03689      0.62526354       1.5693417      -12.894923      0.79212572       4.2195247       37.097245   1.2737295e-13       6.1962041       0.5155748        0.5155748      -21.104929      -21.104929
             15      -9.2765303      0.58593991       1.5664732      -12.893474      0.76177851       3.8542503        36.85303   1.2779856e-13       5.7780129        0.546812         0.546812      -19.646685      -19.646685
             13      -10.279472      0.56032277       1.6972358      -12.866381      0.90320762       3.6334799       49.800741     1.36025e-13       8.0021672      0.85329483       0.85329483      -22.265534      -22.265534
              4      -10.104517      0.56040307       1.6979616      -12.866263      0.90267787       3.6341519       49.884041   1.3606201e-13       7.9924121      0.85408939       0.85408939      -21.917212      -21.917212
              3      -11.210724      0.21005589      0.99422162      -12.939915      0.58998007       1.6220188       9.8678291   1.1483777e-13       3.8902729       1.2689148        1.2689148      -24.959278      -24.959278
             19      -11.157019      0.24709914       0.9747998      -12.938598      0.50019319        1.766441       9.4362578   1.1518662e-13       3.1636847       1.1798576        1.1798576      -24.673753      -24.673753
             20      -12.408429       0.7882226       1.0343911      -12.927437       0.5781406       6.1407667       10.824083   1.1818527e-13       3.7856512      0.13511858       0.13511858      -25.087095      -25.087095
             16      -10.948592      0.78558135      0.82508297      -12.969785      0.33084111       6.1035337       6.6847162   1.0720508e-13       2.1421067      0.57002706       0.57002706      -23.037238      -23.037238
             23      -10.012177      0.60678174      0.88071827      -12.930269      0.03749689       4.0437262       7.5983321   1.1741695e-13       1.0901767      0.98601218       0.98601218      -21.996379      -21.996379
             16       -10.48849       0.5947716      0.86184336      -12.929861     0.041530244       3.9334316       7.2751736   1.1752742e-13       1.1003485       1.0081801        1.0081801      -22.993341      -22.993341
             26      -10.640038      0.64056118      0.87547603      -12.919142     0.037429195       4.3708025       7.5071662   1.2046413e-13       1.0900068       0.9256628        0.9256628      -23.131403      -23.131403
             30      -10.196213     0.051146903      0.88715514      -12.953685      0.59262873       1.1249854       7.7117891   1.1125384e-13       3.9140713        2.028184         2.028184      -24.448794      -24.448794
              5      -8.2325704    -0.013077098      0.45463289      -13.073932      0.47988003      0.97033769       2.8486093   8.4346665e-14       3.0191176       3.5964968        3.5964968      -23.658135      -23.658135
             12      -9.2106899     0.084247552      0.47768275      -13.069122      0.44129344       1.2140807       3.0038812   8.5285985e-14       2.7624437       3.0861485        3.0861485      -24.593677      -24.593677
              1      -9.4806662      0.22923241      0.45082518      -13.082115      0.39628286       1.6952448       2.8237431   8.2772373e-14       2.4904789        2.687898         2.687898      -24.337128      -24.337128
              4      -10.020365      0.24243007        0.495442      -13.076242        0.499097       1.7475518       3.1292625   8.3899226e-14       3.1557093       2.4333393        2.4333393      -24.907408      -24.907408
              2      -10.068568      0.37544461      0.47150202      -13.074303      0.40339178       2.3738026       2.9614337   8.4274594e-14       2.5315807       2.1379486        2.1379486      -24.413034      -24.413034
              6      -10.253889      0.36852171      0.47334202       -13.07559       0.3925995       2.3362629       2.9740072    8.402538e-14       2.4694458        2.169394         2.169394      -24.846567      -24.846567
              3      -10.004339      0.47554076      0.47038091      -13.074889      0.35886928       2.9891022       2.9537988   8.4160932e-14        2.284911       1.9522547        1.9522547      -23.913187      -23.913187
              1      -9.4597571      0.46067055      0.46022008      -13.073606      0.50954589       2.8884879       2.8854934   8.4410051e-14       3.2325547       1.8837747        1.8837747      -22.687064      -22.687064
              2      -10.691883      0.55708655      0.52528451      -13.091085       0.5112507       3.6065051       3.3518495   8.1080254e-14        3.245269        1.674192         1.674192       -24.73215       -24.73215
             21      -10.640435      0.57441129      0.54563055       -13.08396      0.51535985       3.7532828        3.512615   8.2421395e-14       3.2761204       1.5607167        1.5607167      -24.402304      -24.402304
              6      -10.145942      0.76968327       0.3348105      -13.103492      0.41962663       5.8841437        2.161775   7.8796782e-14       2.6280077       2.0778183        2.0778183       -24.44752       -24.44752
              1      -9.5696375      0.40034229      0.39597491      -13.115752      0.43676656        2.513867       2.4887136   7.6603465e-14       2.7337988       2.4937898        2.4937898      -24.126854      -24.126854
              8      -9.6260913      0.40252142      0.40609511      -13.118823      0.51027621       2.5265123       2.5473881   7.6063639e-14       3.2379953        2.438402         2.438402      -24.128987      -24.128987
              8      -7.7605234      0.44278673      0.36678182      -13.132365      0.54008158       2.7719585        2.326922   7.3728477e-14       3.4680199       2.5267615        2.5267615       -20.57457       -20.57457
              2      -6.1201506       1.3816872      0.62420116      -13.021846       0.6451031       24.081703       4.2092155   9.5094174e-14       4.4167529       1.8547875        1.8547875      -15.949876      -15.949876
              2      -8.9694676       1.4915762      0.62372164      -13.011555        0.622465       31.015313       4.2045705   9.7374526e-14        4.192422        2.226321         2.226321      -22.391577      -22.391577
             10      -9.0220889       1.4878865      0.63105188      -13.009798      0.61209839       30.752927       4.2761397   9.7769265e-14       4.0935339       2.1926473        2.1926473      -22.429472      -22.429472
             17      -9.1504537       1.5745426       1.3938268      -12.847979      0.39828472       37.544176        24.76434   1.4191269e-13       2.5019851       1.9958973        1.9958973      -22.292702      -22.292702
              2      -11.873944       1.1631701       1.1642246      -12.898956      0.54415452       14.560292       14.595689   1.2619547e-13       3.5006969      0.45023489       0.45023489      -24.648357      -24.648357
              2      -10.933609       1.3335289       1.0513246      -12.930026      0.30893922        21.55405       11.254459   1.1748263e-13        2.036757        1.156864         1.156864      -24.180946      -24.180946
              4      -10.770709       1.3875899       1.0903887      -12.925689      0.31941385       24.411242       12.313705   1.1866189e-13       2.0864782       1.3069619        1.3069619      -24.155341      -24.155341
              5      -12.152752       1.0697762       1.0737504      -12.929361      0.38253227       11.742923       11.850874   1.1766283e-13       2.4128608      0.45093074       0.45093074      -25.207366      -25.207366
             17      -12.066628       1.0579093       1.0838568      -12.926354      0.39968606       11.426396       12.129888   1.1848026e-13       2.5100713      0.40848297       0.40848297      -24.950221      -24.950221
             24      -11.206705      0.77230213       1.0697307      -12.847655     0.083429398       5.9197331       11.741693   1.4201867e-13       1.2117957      0.55233362       0.55233362      -23.518076      -23.518076
             10      -11.030722      0.76895152       1.0981208      -12.834082     0.054919637       5.8742378       12.534896   1.4652726e-13       1.1348008      0.59986064       0.59986064      -23.261165      -23.261165
              6      -10.376038      0.64638813       1.1517872         -12.786     0.020069521       4.4298409       14.183625   1.6368178e-13       1.0472962      0.76564527       0.76564527      -22.283367      -22.283367
              7      -11.312993      0.90358079       1.2652137      -12.782026     0.073370106        8.009046        18.41678   1.6518618e-13       1.1840502      0.64001263       0.64001263      -23.906012      -23.906012
              4      -10.738012      0.87579573       1.2232535       -12.80629     0.093254133       7.5126946       16.720665   1.5621029e-13       1.2395217       0.5533918        0.5533918      -22.582808      -22.582808
             50      -10.069965       1.0322703       1.3346916      -12.773477     0.080100609       10.771355       21.611835   1.6847025e-13        1.202543      0.80151323       0.80151323      -21.742956      -21.742956
              6      -8.4261722      0.89376016       1.7784581      -12.665367      0.18443692       7.8299711       60.042409    2.160891e-13       1.5291036        1.429822         1.429822      -19.711988      -19.711988
             11      -9.3046671      0.67043992       1.8904017       -12.63735      0.27161904       4.6820917       77.696546   2.3048874e-13       1.8690419       1.7349871        1.7349871      -22.079308      -22.079308
              6      -9.3385334      0.72515111       1.8665106      -12.638785      0.28198231       5.3106919       73.537803   2.2972859e-13        1.914178       1.6157451        1.6157451      -21.908557      -21.908557
             10      -9.9378983        1.124923       1.7196182      -12.840035      0.51979877       13.332851       52.434623   1.4453239e-13       3.3097773      0.93395207       0.93395207      -21.743701      -21.743701
              2      -11.376076       1.1472966       1.5477626      -12.887257      0.60589235       14.037721       35.299015   1.2964119e-13       4.0354536      0.68949217       0.68949217      -24.131136      -24.131136
             10      -11.334504       1.1373728       1.5369459      -12.890821      0.62716873       13.720591       34.430705   1.2858162e-13       4.2380759      0.65587923       0.65587923      -23.980766      -23.980766
              2       -11.36641       1.1409502       1.5310791      -12.890483      0.62203309       13.834076       33.968717   1.2868176e-13       4.1882548      0.65483165       0.65483165      -24.042484      -24.042484
              2      -11.229394       1.2457969       1.1222578      -12.916012      0.23182997       17.611521       13.251279   1.2133545e-13       1.7054146       0.9615549        0.9615549      -24.381898      -24.381898
              3      -11.637799      0.45138124        1.075374      -12.915564      0.39003786       2.8273608        11.89526   1.2146077e-13       2.4549229      0.60009114       0.60009114       -24.47578       -24.47578
             21      -10.448479      0.19463448      0.97938316      -12.921464      0.75224306        1.565433       9.5363715   1.1982192e-13       5.6525323       1.2874227        1.2874227      -23.471803      -23.471803
             40      -10.600573     0.068889235      0.98750661      -12.921814      0.78848692       1.1718964       9.7164274   1.1972527e-13       6.1445052       1.8127016        1.8127016      -24.826548      -24.826548
             34      -10.636499     0.071651724      0.99253151      -12.921192      0.79114816       1.1793745       9.8295018   1.1989703e-13       6.1822728       1.7976917        1.7976917      -24.868381      -24.868381
              4      -10.024756     0.025062321      0.99118108      -12.934409      0.79675874       1.0594057       9.7989848   1.1630311e-13       6.2626587       2.0479235        2.0479235      -24.145359      -24.145359
             18      -10.208937     0.097647628       1.2032806      -12.890126       1.0493535       1.2521248       15.969105   1.2878745e-13       11.203495       1.8188946        1.8188946      -24.055663      -24.055663
              1      -9.5991554    -0.015866073       1.2746376      -12.897913       1.0630826      0.96412629        18.82078    1.264989e-13       11.563321       2.4064694        2.4064694       -24.01125       -24.01125
              3      -9.5870634   -0.0043313516       1.2828271      -12.896455       1.0621577      0.99007626        19.17905   1.2692434e-13       11.538722       2.3499593        2.3499593      -23.874045      -23.874045
              6      -7.5040424      0.22101315       1.1804138      -12.918582       1.2813968        1.663463       15.150041   1.2061958e-13       19.115992       1.7571383        1.7571383      -18.522361      -18.522361
              2      -6.6676479      0.11367692       1.4376555       -12.87221      0.60803489       1.2992027       27.394003   1.3421157e-13       4.0554111       1.6563516        1.6563516      -16.647999      -16.647999
              9      -10.263371      0.17417278       1.3377232      -12.886428      0.54094087       1.4933884        21.76322   1.2988887e-13       3.4748885       1.3597126        1.3597126      -23.246168      -23.246168
             16       -11.38311      0.21399844       1.2874859      -12.880001      0.55741279       1.6368106       19.385897   1.3182537e-13       3.6092153       1.1627524        1.1627524      -25.091725      -25.091725
              2       -11.66815      0.28205707       1.1660015      -12.897546      0.43994432       1.9145075       14.655529   1.2660582e-13       2.7538756      0.97843976       0.97843976       -25.29318       -25.29318
             17      -11.541653      0.23915847       1.1716426      -12.895005      0.46204694       1.7344368       14.847132   1.2734893e-13       2.8976568       1.1021353        1.1021353      -25.287576      -25.287576
             13      -11.509713       0.2418802       1.1656976       -12.89874      0.43934848       1.7453406       14.645277   1.2625819e-13       2.7500999       1.1142508        1.1142508      -25.247928      -25.247928
              7       -11.53107      0.24168941       1.1659391      -12.900073      0.43946955       1.7445741       14.653422   1.2587138e-13       2.7508667       1.1172344        1.1172344      -25.296609      -25.296609
              9       -11.52311      0.30636335       1.2803231      -12.871531      0.36116966       2.0247124       19.068787   1.3442161e-13       2.2970458      0.97404755       0.97404755      -24.994314      -24.994314
              5      -10.690691      0.46253209       1.1938567      -12.889229      0.43587678       2.9008955        15.62632    1.290538e-13       2.7282036      0.49495523       0.49495523      -22.371292      -22.371292
             20      -11.729231      0.67354936      0.92415113       -12.90014      0.16091306       4.7157346       8.3975215   1.2585184e-13       1.4484819      0.59099443       0.59099443       -24.64045       -24.64045
              8      -11.490048      0.87208351       1.0550067      -12.890748      0.27322765       7.4487519       11.350283   1.2860336e-13       1.8759776      0.30559227       0.30559227      -23.591281      -23.591281
              1      -11.497501      0.87204421       1.0550385      -12.890739      0.27323808       7.4480779       11.351114   1.2860585e-13       1.8760227      0.30554393       0.30554393      -23.606089      -23.606089
              5      -10.875376      0.85435251       1.0491189      -12.895029      0.27120448        7.150765       11.197444    1.273419e-13       1.8672587      0.31097026       0.31097026      -22.372693      -22.372693
              2      -11.777251      0.93511085       1.3662631      -12.855624       0.4477082       8.6121353       23.241444    1.394365e-13       2.8035493       0.2218571        0.2218571      -23.998216      -23.998216
              3      -12.548551      0.73856667       1.2088555      -12.891573      0.52011673       5.4773017       16.175418   1.2835911e-13       3.3122013     0.099634404      0.099634404      -25.296372      -25.296372
             40      -12.520668      0.90146861       1.2013218      -12.880985      0.79226429       7.9701889       15.897244   1.3152715e-13       6.1981815     0.080391304      0.080391304      -25.202119      -25.202119
              5      -12.352065      0.90959011       1.2023796      -12.883335      0.77305536       8.1206372       15.936011   1.3081732e-13        5.930009     0.081378022      0.081378022      -24.866886      -24.866886
              8      -12.578807      0.89363132       1.1870665      -12.884857      0.78651393       7.8276486       15.383901   1.3035963e-13       6.1166543     0.075809042      0.075809042      -25.309232      -25.309232
              6      -12.241134      0.89428284       1.1823109      -12.888127      0.77576139       7.8394004       15.216366   1.2938175e-13       5.9670735     0.075957499      0.075957499      -24.634183      -24.634183
             13      -12.127345      0.83309679       1.2261042       -12.87536       0.8158757        6.809211       16.830777   1.3324165e-13       6.5444884     0.068339443      0.068339443      -24.391368      -24.391368
              4      -11.150338      0.82517454       1.2279861       -12.87356      0.80987879       6.6861257       16.903868   1.3379498e-13       6.4547406     0.063191465      0.063191465       -22.42706       -22.42706
             10      -12.409069      0.84564552       1.2368574      -12.875693      0.78118952       7.0088299       17.252712   1.3313954e-13       6.0421224     0.060241028      0.060241028      -24.938619      -24.938619
             11      -12.582395      0.85662627       1.2147557      -12.880977      0.78702898       7.1883013       16.396673   1.3152955e-13       6.1239126      0.06390251       0.06390251      -25.292596      -25.292596
             24      -12.581662       0.8613258       1.2111954      -12.881921      0.78379104       7.2665087       16.262802   1.3124372e-13       6.0784246     0.064178925      0.064178925      -25.291682      -25.291682
             73      -12.344156      0.93703749       1.2000216      -12.892946      0.81842167       8.6504259        15.84972   1.2795392e-13       6.5829669       0.1327974        0.1327974      -24.953907      -24.953907
              5      -12.442106       0.9356271       1.2004691      -12.892764      0.81802611       8.6223789        15.86606   1.2800772e-13       6.5769737      0.13136067       0.13136067      -25.146933      -25.146933
             10      -11.024068       1.3975335        1.124379       -12.86107       1.1030069       24.976613       13.316159    1.376987e-13       12.676719       1.3447773        1.3447773      -24.737691      -24.737691
              2      -10.874181       1.5302051       1.0988206      -12.890439      0.83857805       33.900424       12.555114   1.2869494e-13       6.8956951       1.6442893        1.6442893      -25.036941      -25.036941
              8      -10.879053       1.5312114       1.0995406      -12.890761      0.84023024       33.979063       12.575944   1.2859934e-13       6.9219783        1.650043         1.650043      -25.058193      -25.058193
             32      -10.726603       1.5635069       1.1225224      -12.879956      0.88264037       36.602175       13.259356   1.3183912e-13       7.6320352       1.8040361        1.8040361      -25.061279      -25.061279
              8      -9.8730066        1.249793       1.1796169      -12.890134      0.93484472       17.774319       15.122266   1.2878526e-13       8.6068596      0.73628864       0.73628864       -21.21859       -21.21859
              7      -9.9753497       1.2338405       1.1425817      -12.897125      0.86320837       17.133279       13.886144   1.2672877e-13       7.2980758      0.64726975       0.64726975      -21.245239      -21.245239
             19      -9.1640683      0.57797417      0.87870017      -12.963742      0.73173451       3.7842008       7.5631057     1.08707e-13       5.3918091      0.48403843       0.48403843      -19.296213      -19.296213
             11      -11.112815      0.46554448      0.98377077      -12.919653      0.90016137       2.9210869       9.6332042   1.2032254e-13       7.9462343      0.56993276       0.56993276      -23.365495      -23.365495
              7      -11.035068      0.45878907        1.003278      -12.921742      0.93205699       2.8760012       10.075764   1.1974528e-13       8.5517893      0.60619953       0.60619953      -23.282535      -23.282535
              2      -10.587856       0.2656925      0.94387142      -12.930468       0.8355385       1.8437095       8.7876232   1.1736322e-13       6.8476019       1.1133419        1.1133419      -23.402395      -23.402395
              4      -9.4870059      0.27856025      0.98098686      -12.923044      0.89727216       1.8991543       9.5716511   1.1938676e-13       7.8935463       1.0729937        1.0729937      -21.119999      -21.119999
             23      -10.448695      0.22654798      0.99700593      -12.919845      0.97170163       1.6847985       9.9312961   1.2026933e-13       9.3691811        1.298448         1.298448      -23.494286      -23.494286
              1      -8.8714877      0.70254718      0.98733982      -12.930277      0.57432782       5.0413538       9.7126964   1.1741481e-13       3.7525616      0.19508427       0.19508427      -18.133144      -18.133144
              1      -12.109359      0.63128084       1.0662673       -12.93082      0.65121633       4.2783947       11.648427   1.1726815e-13       4.4793638      0.21927511       0.21927511      -24.657269      -24.657269
              6      -10.754274      0.33336415      0.89442666      -12.949754      0.83440747       2.1545876       7.8419967   1.1226553e-13       6.8297919      0.99101751       0.99101751      -23.490583      -23.490583
             12      -8.4640323      0.13730381      0.90988297      -12.953179      0.91327306       1.3718411       8.1261152   1.1138356e-13       8.1897955       1.7247863        1.7247863      -20.377637      -20.377637
              6      -10.101223     0.042254224       0.9184209      -12.936551      0.18850593       1.1021843       8.2874496   1.1573094e-13       1.5434975       2.3610093        2.3610093      -24.924465      -24.924465
             16      -9.4961802    -0.024079605       1.1199316      -12.900122      0.37940683      0.94606373       13.180491   1.2585717e-13       2.3955587       2.2922202        2.2922202      -23.576801      -23.576801
              8      -9.5046047    -0.091038252       1.4202328      -12.842778      0.43245603      0.81088963       26.316784    1.436223e-13       2.7067991       2.6885892        2.6885892      -24.386388      -24.386388
             10       -8.936983    -0.096820169       1.4315995       -12.83954      0.42815054      0.80016552       27.014661   1.4469716e-13       2.6800971       2.7341907        2.7341907      -23.342347      -23.342347
              2      -10.262189    0.0030495356       1.3333869      -12.869382      0.52719088       1.0070465       21.547002   1.3508831e-13        3.366595       2.0879545        2.0879545      -24.700287      -24.700287
              8      -11.485112      0.36993932       1.3137798      -12.851065      0.39808931       2.3439013       20.595855   1.4090775e-13       2.5008596      0.76012926       0.76012926      -24.490482      -24.490482
              6      -11.481795      0.37758176       1.3104086      -12.851931      0.39871755       2.3855129       20.436598   1.4062714e-13       2.5044799      0.73771856       0.73771856      -24.439027      -24.439027
             32      -11.566905      0.33126349       1.3454478      -12.847113      0.39608794       2.1441911       22.153776   1.4219588e-13       2.4893613      0.88994497       0.88994497      -24.913699      -24.913699
             28      -11.354714      0.27644656        1.361741      -12.843745      0.35397373       1.8899337       23.000697   1.4330291e-13       2.2592991       1.1094566        1.1094566       -24.92834       -24.92834
             30      -10.476885       0.2852867       1.3471765      -12.851591      0.35609973       1.9287978       22.242136   1.4073709e-13       2.2703861       1.0715668        1.0715668      -23.096903      -23.096903
             15      -9.3331125      0.70133883       1.6112934      -12.772795      0.42109881       5.0273467       40.859534   1.6873483e-13       2.6369313      0.56277933       0.56277933      -19.791784      -19.791784
              1      -9.1069334      0.75822478       1.6236048      -12.775803      0.42357791       5.7309258        42.03439   1.6757043e-13       2.6520268      0.55024501       0.55024501      -19.314357      -19.314357
              6      -10.212191      0.73658006       1.6414287      -12.773061      0.46905869        5.452304        43.79542   1.6863154e-13       2.9448195      0.56044364       0.56044364      -21.545269      -21.545269
             12      -10.564237       0.7302401       1.6674016      -12.766935      0.57138973       5.3732878       46.494505   1.7102716e-13       3.7272604      0.56994268       0.56994268      -22.268359      -22.268359
             23      -10.366448      0.67880578       1.6446869       -12.77068      0.56240176       4.7731577       44.125221   1.6955867e-13       3.6509153      0.55919919       0.55919919      -21.851295      -21.851295
             34      -10.572272      0.67808155       1.6446155      -12.770892      0.56914649       4.7652045       44.117966   1.6947573e-13       3.7080577      0.55713657       0.55713657      -22.258817      -22.258817
              5      -10.285501      0.66862547       1.6461405      -12.769744      0.57973938       4.6625711       44.273156   1.6992453e-13       3.7996132      0.56603295       0.56603295      -21.703069      -21.703069
             48      -10.858918      0.67826034       1.6875879      -12.770041      0.56286301       4.7671668       48.706609   1.6980819e-13       3.6547949       0.6407126        0.6407126      -22.999261      -22.999261
             26      -10.764303      0.64029372       1.7103321      -12.768109      0.54592419       4.3681115        51.32537   1.7056526e-13       3.5149908      0.72955261       0.72955261      -22.987711      -22.987711
              4      -10.729846      0.62645816       1.6953824      -12.768224      0.54240787       4.2311474       49.588665   1.7052029e-13       3.4866461       0.7157628        0.7157628      -22.891218      -22.891218
              1       -11.16705      0.49039984        1.575973      -12.846273      0.63822432       3.0931419       37.668039   1.4247124e-13       4.3473471      0.65522107       0.65522107      -23.644543      -23.644543
              5      -9.8846007      0.68057948       1.6463719      -12.815502      0.47282589       4.7926916       44.296757   1.5293176e-13       2.9704749      0.57058579       0.57058579      -20.910373      -20.910373
             28      -9.7252275      0.55510927       1.3835442      -12.788826      0.31871016       3.5901225       24.184893   1.6262017e-13       2.0831002      0.51189641       0.51189641      -20.474248      -20.474248
              7      -8.3385404      0.45241554       1.7785301      -12.796436      0.60579466       2.8341024       60.052367   1.5979515e-13       4.0345459       1.1294873        1.1294873      -18.936056      -18.936056
              1       -8.277521      0.63462264       1.7791232      -12.775648      0.56939479       4.3114429       60.134432   1.6763008e-13       3.7101784      0.86503983       0.86503983      -18.285122      -18.285122
             13      -9.9975235      0.38552142       1.5938196       -12.78179      0.40444293       2.4295253       39.248186   1.6527618e-13       2.5377155       1.0482001        1.0482001      -22.091447      -22.091447
              4      -9.7309948      0.37307281        1.583645      -12.786907      0.47445943        2.360874       38.339372   1.6334011e-13        2.981669       1.0073435        1.0073435      -21.476677      -21.476677
              3      -9.7738906      0.42447295       1.5735734       -12.78493      0.46320591        2.657498       37.460487   1.6408543e-13       2.9053999      0.87255861       0.87255861      -21.292898      -21.292898
             20      -10.284607      0.42698025       1.5586876      -12.793007       0.5180178       2.6728848       36.198255   1.6106211e-13       3.2962322      0.80540809       0.80540809       -22.18003       -22.18003
             10      -10.476241      0.45314398       1.6033066      -12.786238      0.50890192         2.83886       40.114986   1.6359193e-13       3.2277651      0.82759543       0.82759543      -22.607674      -22.607674
              3      -10.756357      0.97711491       1.4461699      -12.847795      0.54305667       9.4866945       27.936362   1.4197266e-13       3.4918588      0.27853813       0.27853813      -22.069789      -22.069789
              1      -9.4193581      0.47534971       1.3358042      -12.865499      0.65047531       2.9877875       21.667271   1.3630155e-13       4.4717273      0.42184566       0.42184566      -19.682407      -19.682407
             15       -11.72881      0.44185914       1.4060785      -12.857269      0.60576118       2.7660444       25.472905   1.3890918e-13       4.0342349      0.55216925       0.55216925      -24.561958      -24.561958
             11      -11.118332      0.59777044       1.0855009      -12.915705       0.6383576       3.9606862       12.175896   1.2142142e-13       4.3486815      0.22144613       0.22144613      -22.679556      -22.679556
             10      -12.182857      0.60145354       1.2046445      -12.900475      0.61171811       3.9944183       16.019336   1.2575482e-13       4.0899511      0.20004891       0.20004891      -24.765811      -24.765811
              8       -10.61162      0.92944503       1.6830129      -12.729331      0.33615548       8.5005108       48.196212   1.8649558e-13       2.1684803      0.85516272       0.85516272      -22.933565      -22.933565
             12      -10.797061      0.91019149       1.1422049      -12.795166     0.049703736       8.1318899       13.874104   1.6026338e-13       1.1212533      0.64406155       0.64406155      -22.882245      -22.882245
             17      -10.867444      0.93176074       1.1396102      -12.794399     0.030618346       8.5459578       13.791458   1.6054662e-13        1.073046      0.69773405       0.69773405      -23.130355      -23.130355
             23       -10.62861      0.89406818        1.144328      -12.801897     0.058794234       7.8355264       13.942094    1.577985e-13       1.1449703      0.61297135       0.61297135      -22.483162      -22.483162
              5      -11.119149      0.71788335       1.2454927       -12.79561     0.069917026       5.2225589       17.599193   1.6009937e-13       1.1746731       0.6262192        0.6262192      -23.490736      -23.490736
              1      -10.862101      0.68724997        1.238132      -12.801514     0.064567106       4.8668725       17.303421   1.5793765e-13       1.1602915      0.64998123       0.64998123      -23.024164      -23.024164
             11      -10.916381      0.68191761       1.2336539      -12.801644     0.064327709       4.8074814       17.125921   1.5789065e-13       1.1596521      0.65268221       0.65268221      -23.138127      -23.138127
              3      -10.351632      0.63408166       1.2077621      -12.810012     0.054100374       4.3060757       16.134746   1.5487737e-13       1.1326621      0.70447678       0.70447678      -22.112218      -22.112218
              8      -10.988013      0.38137043       1.5657097      -12.832815      0.59575397       2.4064145       36.788295   1.4695536e-13        3.942339      0.88881871       0.88881871      -23.753663      -23.753663
              1      -11.649858       0.4301251       1.2046805      -12.891097        0.554148       2.6923102       16.020662   1.2849985e-13       3.5821849      0.50573084       0.50573084      -24.311178      -24.311178
              4      -11.290358      0.44165635       1.1706906      -12.893246      0.53915571       2.7647531       14.814623   1.2786581e-13       3.4606343      0.48114346       0.48114346      -23.543003      -23.543003
              5      -8.5179684      0.65145065       1.2158429      -12.879448      0.57641726       4.4817812        16.43777   1.3199326e-13        3.770659      0.12339549       0.12339549      -17.282728      -17.282728
              2      -9.2677511     0.061575015       1.1242622      -12.869254         1.11111       1.1523251       13.312579   1.3512823e-13       12.915464       2.0220815        2.0220815      -22.579665      -22.579665
             13      -9.8218404    -0.078530859       1.1562943      -12.868995       1.0387271      0.83458224       14.331587   1.3520868e-13       10.932693       2.6220291        2.6220291      -24.887739      -24.887739
             11      -9.3624071    -0.019949857       1.1509626      -12.876738       1.0321277      0.95510285       14.156719    1.328195e-13       10.767817       2.3178735        2.3178735      -23.360561      -23.360561
              9      -9.8887437      0.11451582      0.95858981      -12.884409       1.1270233       1.3017147       9.0905426   1.3049428e-13       13.397485       1.8781445        1.8781445      -23.533776      -23.533776
              1      -11.405807       0.5155898        1.131517       -12.86268       1.1223676       3.2778555       13.536832   1.3718921e-13        13.25463      0.59868231       0.59868231      -24.008979      -24.008979
             21      -12.023271      0.42606613       1.2520572      -12.887123       0.4230285       2.6672648       17.867229   1.2968109e-13        2.648674      0.60298911       0.60298911      -25.252521      -25.252521
             25      -12.018965      0.44909486       1.2341668      -12.886595      0.40200378       2.8125151       17.146158   1.2983885e-13       2.5235027      0.56016932       0.56016932      -25.158269      -25.158269
             17      -12.329003      0.94741267       1.0453806      -12.925803      0.48975894       8.8595704       11.101472    1.186306e-13       3.0885806      0.22121809       0.22121809      -25.100442      -25.100442
             15      -12.110738        1.036751      0.99086685      -12.939776      0.37608307        10.88306       9.7918974   1.1487469e-13        2.377295      0.46118808       0.46118808      -25.143852      -25.143852
              3       -11.98912      0.68055796        1.202517      -12.869709      0.26087732       4.7924541       15.941051   1.3498671e-13       1.8233806      0.33801971       0.33801971      -24.654279      -24.654279
             65      -11.989345      0.69066367       1.2038389      -12.868043      0.25616468       4.9052785       15.989649   1.3550552e-13       1.8037016      0.33525153       0.33525153      -24.649193      -24.649193
              8       -9.787805      0.73101463        1.208746       -12.86757      0.17553366       5.3828792       16.171338   1.3565305e-13       1.4980754      0.43032848       0.43032848      -20.436267      -20.436267
             16      -9.9679633      0.75563618       1.2092274      -12.865086      0.17235961       5.6968683       16.189275   1.3643118e-13       1.4871666      0.42303019       0.42303019      -20.781987      -20.781987
              6      -10.368139      0.75617559       1.2038043      -12.863888      0.17213329       5.7039484       15.988376   1.3680812e-13       1.4863918      0.42047859       0.42047859      -21.577236      -21.577236
              1      -10.404502      0.75348978       1.2008358      -12.861008      0.16565355       5.6687824       15.879461   1.3771846e-13       1.4643792      0.42847986       0.42847986      -21.665965      -21.665965
             15      -11.256716      0.74687878        1.212635      -12.858417      0.17236356       5.5831433       16.316802    1.385425e-13       1.4871801       0.4213441        0.4213441       -23.35612       -23.35612
              3      -10.612533      0.71255084        1.108267      -12.894657      0.24086434       5.1588256       12.831191   1.2745107e-13       1.7412629      0.36607686       0.36607686      -21.957221      -21.957221
              5      -9.7488797      0.76266944       1.2268601      -12.853246      0.31230915       5.7898784       16.860099   1.4020184e-13       2.0526228      0.22326692       0.22326692      -19.944293      -19.944293
              7      -8.7667775      0.25857954       1.5592422      -12.920538      0.87099256       1.8137588       36.244507   1.2007755e-13       7.4300641       1.4110069        1.4110069      -20.355569      -20.355569
              1      -10.130878      0.32366093       1.2647779      -12.876687      0.95441312       2.1069825       18.398307   1.3283518e-13       9.0035364      0.90074827       0.90074827      -22.063252      -22.063252
             11      -9.6092309       1.4518365      0.61976601      -13.038346      0.15749746       28.303265       4.1664484   9.1548979e-14       1.4371347        2.623071         2.623071      -24.464604      -24.464604
              5       -9.396646       1.2847797      0.58026419      -13.039836      0.16420719       19.265475       3.8042074    9.123561e-14       1.4595104         2.12768          2.12768      -23.048652      -23.048652
             15      -9.2076921       1.5968144       0.6584592      -13.000784      0.23160529        39.51977       4.5546939   9.9819566e-14       1.7045325       2.8948001        2.8948001      -24.204984      -24.204984
             11      -9.2066281       1.5968536      0.65836248      -13.000814      0.23118426       39.523338       4.5536797   9.9812674e-14       1.7028808       2.8958641        2.8958641      -24.204984      -24.204984
              8      -9.0339394         1.62259      0.71553246      -12.999268      0.21759688       41.936285       5.1943649   1.0016858e-13       1.6504291       2.9479901        2.9479901      -23.963859      -23.963859
              1      -8.6487507       1.8078895      0.77849448      -12.977711      0.27516827       64.252416       6.0047438   1.0526627e-13       1.8843791        3.716342         3.716342      -24.730185      -24.730185
             14       -5.589029     -0.69305625       1.0672167      -12.927488      0.42188644      0.20274201        11.67392   1.1817125e-13       2.6417179       7.0472554        7.0472554      -25.272569      -25.272569
             10      -5.8114266     -0.37018629      0.97735908      -12.931793      0.38521143      0.42639658       9.4920295   1.1700569e-13       2.4277917       4.5000696        4.5000696      -20.622992      -20.622992
              5      -8.3832064     -0.18151206      0.68397289      -13.013776      0.29907349      0.65839714       4.8302865   9.6877793e-14       1.9910102       3.9348467        3.9348467      -24.636106      -24.636106
              2      -8.2504221     -0.17908362      0.68183657      -13.013924      0.29617146      0.66208902       4.8065844   9.6844688e-14       1.9777503       3.9276782        3.9276782      -24.356201      -24.356201
              1      -8.8788294      0.18194543      0.57577161      -13.039653      0.54897634       1.5203565       3.7650574   9.1273965e-14       3.5397806       2.2631886        2.2631886      -22.284036      -22.284036
              3      -7.6719537      0.13849051      0.56806493      -13.038847      0.64802799       1.3755947       3.6988347   9.1443507e-14       4.4465993       2.4221587        2.4221587      -20.188225      -20.188225
              8      -8.5750841      0.34923161       1.1356597      -12.898186      0.75270733       2.2347637       13.666575    1.264196e-13       5.6585783      0.70253234       0.70253234      -18.555233      -18.555233
             31      -9.3349635     0.012239582       1.1710958      -12.903841       1.3842476       1.0285836       14.828451   1.2478401e-13       24.224098        2.823518         2.823518      -24.316963      -24.316963
             10      -8.1023951     -0.13458809       0.7740135      -13.002074      0.69324443      0.73351991       5.9431063   9.9523583e-14       4.9345145        3.267373         3.267373      -22.739536      -22.739536
              1      -8.3044105     -0.15021109      0.75916856      -13.008279       0.7650221      0.70760176       5.7433934   9.8111658e-14       5.8213284       3.4165617        3.4165617      -23.441944      -23.441944
             21      -7.0797584     0.075076376       1.4752508      -12.921589      0.88086736       1.1887113       29.871068   1.1978731e-13       7.6009409       2.0201078        2.0201078      -18.199732      -18.199732
             15      -6.6303686     -0.18160842       1.9986274      -12.790316      0.60578393      0.65825108       99.684445   1.6206289e-13       4.0344463       4.3036829        4.3036829      -21.868103      -21.868103
             15      -6.9633602     -0.18543263       1.9189793      -12.764989      0.60455115      0.65248025       82.981122   1.7179524e-13       4.0230103       4.1261331        4.1261331      -22.178987      -22.178987
             20      -5.9264962     -0.11652255       1.9408941      -12.784186      0.61410856      0.76467598       87.275859   1.6436672e-13       4.1125251       3.7615324        3.7615324      -19.376057      -19.376057
              6      -6.6091674     -0.26545088        1.849175       -12.80595      0.60197595      0.54268663       70.660224   1.5633277e-13        3.999226       4.4062484        4.4062484      -22.030832      -22.030832
             73      -6.7063979     -0.26864301         1.84666      -12.806283         0.60281      0.53871242       70.252215   1.5621298e-13       4.0069138       4.4204358        4.4204358      -22.253667      -22.253667
              3      -7.6795175     -0.11712475       1.6625992      -12.840001      0.61461963      0.76361641       45.983203   1.4454354e-13       4.1173675       3.0965984        3.0965984      -21.552232      -21.552232
              1      -9.9978651       0.1394005      0.66515175       -12.99167       0.4467613       1.3784801       4.6254262   1.0193664e-13       2.7974433       2.1140536        2.1140536      -24.223837      -24.223837
              2      -10.238322      0.10620063      0.65852657      -12.993108      0.51052594       1.2770286       4.5554006   1.0159956e-13       3.2398578       2.2291167        2.2291167      -24.934877      -24.934877
             13      -10.348863      0.12421002      0.74658821      -12.979125      0.52017322        1.331098       5.5794091   1.0492406e-13       3.3126322       1.9680555        1.9680555      -24.633837      -24.633837
             16       -11.11851      0.33985306      0.70796461      -12.992682      0.50518147       2.1870215        5.104634   1.0169943e-13        3.200232       1.3255371        1.3255371      -24.888094      -24.888094
              2       -11.14767      0.28354398       0.8239367      -12.953333      0.59609958       1.9210735       6.6670958   1.1134402e-13       3.9454776       1.1798135        1.1798135      -24.654967      -24.654967
              1      -8.6332495     -0.12991089      0.93210145      -12.947044      0.65885898      0.74146236       8.5526647   1.1296823e-13       4.5588886       2.8971018        2.8971018      -23.060703      -23.060703
              5      -10.206687    -0.044540784       1.0601967      -12.919285      0.44404482      0.90252495       11.486737   1.2042459e-13       2.7800001       2.3881437        2.3881437      -25.189661      -25.189661
              6      -7.8264502      0.10133346       0.8950194      -12.961399      0.45443654       1.2627968       7.8527071   1.0929506e-13       2.8473217       1.8884997        1.8884997        -19.4299        -19.4299
             14       -9.751289    -0.043490532      0.65225358      -13.005881      0.59302434      0.90471016       4.4900749   9.8655003e-14       3.9176383       2.9667621        2.9667621      -25.436102      -25.436102
              2      -9.1665023    -0.075393593      0.64103899      -13.007212       0.6079998      0.84063295       4.3756139    9.835311e-14       4.0550835       3.1553778        3.1553778       -24.64376       -24.64376
              3      -9.2785146    -0.080386569      0.64168342      -13.006479      0.66376266      0.83102374       4.3821115   9.8519128e-14       4.6106553       3.1721482        3.1721482      -24.901326      -24.901326
              3       -10.64834      0.59447062      0.88554867      -12.944348      0.61475717       3.9307065       7.6833156   1.1367149e-13       4.1186717      0.39395755       0.39395755      -22.084595      -22.084595
              9      -11.212984      0.56342772      0.90138086      -12.949157      0.64909585       3.6595503       7.9685786   1.1241975e-13       4.4575462       0.4351589        0.4351589      -23.296286      -23.296286
             34      -10.680626      0.52318721      0.94344778      -12.940008      0.65671907       3.3357017       8.7790552   1.1481329e-13       4.5364807      0.44499432       0.44499432      -22.251241      -22.251241
             11      -10.207501      0.97308048      0.60666509      -13.031133      0.34985048       9.3989747       4.0426402   9.3082331e-14       2.2379505       1.1890038        1.1890038       -22.79301       -22.79301
             16      -10.822916       1.0372587      0.61129267      -13.030272      0.37967859        10.89579       4.0859465   9.3267061e-14       2.3970583       1.2225156        1.2225156      -24.090864      -24.090864
              5      -10.356969       1.0065312      0.60942538      -13.034426      0.38593523       10.151523       4.0684162   9.2379155e-14       2.4318413       1.2014695        1.2014695      -23.116877      -23.116877
              4      -11.071056      0.98994728      0.64150964        -13.0313      0.30792571       9.7711859       4.3803583   9.3046499e-14       2.0320094        1.193969         1.193969       -24.53005       -24.53005
             10      -10.812248      0.79547261      0.72212982       -13.02318      0.39013327       6.2441397       5.2738749   9.4802649e-14       2.4554623      0.85176135       0.85176135      -23.328018      -23.328018
             14      -10.719726       1.0345546      0.61776868      -13.007455      0.11104953       10.828158       4.1473308   9.8298027e-14       1.2913665        1.470764         1.470764       -24.38098       -24.38098
              6      -11.094697       1.0481185      0.65342462      -12.990447      0.20400123       11.171681       4.5021984   1.0222406e-13       1.5995626       1.2049948        1.2049948      -24.599383      -24.599383
              7      -10.977894       1.0325763      0.64782549      -12.993475      0.20696256       10.778946       4.4445264    1.015138e-13       1.6105068       1.2001622        1.2001622      -24.356113      -24.356113
              3      -10.021876      0.98753593      0.84282609      -12.952417      0.56972239       9.7170835       6.9634761   1.1157904e-13       3.7129781        0.418999         0.418999       -20.88175       -20.88175
              8      -9.7636536       1.1972158       1.1096683      -12.913737      0.14108244       15.747652        12.87266   1.2197289e-13        1.383829      0.97844071       0.97844071      -21.484189      -21.484189
             26      -10.453023       1.2430249       1.1389557      -12.864584     0.055463332       17.499468        13.77069   1.3658906e-13       1.1362224       1.1749661        1.1749661      -23.255978      -23.255978
              9      -10.282905       1.4084994       1.0238914       -12.92116      0.24302427       25.615295       10.565532   1.1990586e-13       1.7499445       1.4810568        1.4810568      -23.527923      -23.527923
              2      -12.348078        1.028695       1.0756923      -12.927431      0.59872921       10.683043       11.903984   1.1818672e-13       3.9694397      0.26206112       0.26206112      -25.220277      -25.220277
              6      -11.858054        1.198004       1.1984037      -12.895912      0.69892226        15.77626       15.790784   1.2708305e-13       4.9994504      0.50653964       0.50653964      -24.729186      -24.729186
             26      -10.181105       1.2554204      0.97510577      -12.931351      0.63325632       18.006131       9.4429083   1.1712486e-13       4.2979001      0.75259528       0.75259528      -21.867401      -21.867401
              2      -11.783559       1.2346684      0.93262561      -12.940794      0.49643393        17.16597       8.5629933    1.146057e-13       3.1364179      0.79351977       0.79351977      -25.154157      -25.154157
             11      -11.664812      0.98858874       1.0258754      -12.927016      0.58639419       9.7406679       10.613911   1.1829976e-13       3.8582839      0.22814068       0.22814068      -23.785905      -23.785905
              8      -12.441445      0.85804246       1.1473153      -12.877014      0.73802069       7.2117798       14.038324   1.3273528e-13       5.4704203     0.030092573      0.030092573      -24.943075      -24.943075
              2      -12.297946      0.89788517       1.1400443      -12.896018      0.63680099        7.904696        13.80525   1.2705223e-13       4.3331227     0.067273867      0.067273867       -24.73044       -24.73044
              6      -12.556812      0.93568777       1.1832202      -12.892331       0.6460132       8.6235834       15.248257   1.2813551e-13       4.4260182     0.090587219      0.090587219      -25.294798      -25.294798
              9      -12.409009      0.90584822        1.117174      -12.904674      0.67203048       8.0509702       13.097065   1.2454478e-13       4.6992709     0.085141728      0.085141728      -24.988301      -24.988301
              1      -9.8274252      0.63119654      0.93013015      -12.862249    -0.043735089       4.2775642       8.5139315   1.3732544e-13      0.90420085      0.98206114       0.98206114      -21.618973      -21.618973
              7      -9.4675713      0.11084807       1.4456506      -12.746162      0.21392882       1.2907676        27.90298   1.7940638e-13       1.6365483       2.0535332        2.0535332      -23.042209      -23.042209
              8      -9.7745464     0.068264076       1.2721054      -12.822155     0.091542947       1.1702107        18.71136   1.5060708e-13       1.2346474       2.2283413        2.2283413      -24.005775      -24.005775
             21      -9.8286953     0.024405129       1.1671221      -12.850119       0.1505749       1.0578038       14.693393   1.4121498e-13       1.4144086       2.2979587        2.2979587      -24.253308      -24.253308
             60      -10.949306       0.1703141      0.82805147      -12.955173      0.49902331       1.4801785       6.7305641   1.1087329e-13        3.155174        1.619044         1.619044        -25.1367        -25.1367
              7      -10.863374      0.14341599      0.82695629      -12.956307      0.47974037       1.3912846       6.7136129    1.105841e-13       3.0181469       1.7412398        1.7412398      -25.209227      -25.209227
              5      -11.925875      0.79597645       1.3417982      -12.804348      0.25025109       6.2513879       21.968389   1.5691043e-13       1.7793078      0.35485403       0.35485403      -24.561458      -24.561458
             15      -11.234481      0.32528564       1.2002754      -12.885022      0.42163311       2.1148796       15.858986   1.3031015e-13       2.6401774      0.84742622       0.84742622      -24.163815      -24.163815
             14      -10.746618       0.4298416       1.2694382      -12.863675      0.22970754       2.6905533         18.5968   1.3687526e-13       1.6971004      0.78895361       0.78895361      -23.071144      -23.071144
              4      -9.9925076     0.089764585       1.4223178      -12.803054      0.34577528       1.2296021       26.443433   1.5737855e-13       2.2170489       1.8842171        1.8842171      -23.753449      -23.753449
             18      -9.8931411      0.07318357       1.4239888      -12.803013      0.34843298       1.1835417       26.545371   1.5739363e-13        2.230658       1.9563105        1.9563105      -23.698903      -23.698903
             10      -9.2912551    -0.025330072       1.5225738      -12.787818       0.3876188      0.94334364       33.309938   1.6299787e-13       2.4412868       2.5168333        2.5168333      -23.616177      -23.616177
             10      -8.7861563      0.78232902       1.7011824      -12.693606      0.28494304       6.0579965       50.255366   2.0248576e-13       1.9272721       1.0073942        1.0073942      -19.587101      -19.587101
              4      -11.182592      0.67898945       1.6472337      -12.719669      0.32686621       4.7751767       44.384744   1.9069133e-13       2.1225905      0.83190362       0.83190362      -24.028991      -24.028991
              4       -11.17035      0.68020175       1.6491328      -12.719317      0.32714549       4.7885249        44.57925   1.9084594e-13       2.1239559      0.83496015       0.83496015      -24.010621      -24.010621
             17      -9.3283594      0.73312713        1.664763      -12.717473      0.30584459       5.4091264       46.212871   1.9165808e-13       2.0222954      0.85942071       0.85942071       -20.37556       -20.37556
             22      -9.6914265      0.73379723       1.6467808      -12.721194      0.29117931        5.417479       44.338479   1.9002283e-13       1.9551465      0.83427035       0.83427035      -21.051394      -21.051394
             12      -10.438465       1.0164373       1.6383892      -12.718425      0.18935842       10.385737       43.489984   1.9123831e-13       1.5465303       1.0772789        1.0772789      -23.031487      -23.031487
             14      -10.473188       1.1782096       1.2377853      -12.845079      0.14538557       15.073344       17.289616   1.4286325e-13       1.3976086      0.86140826       0.86140826      -22.669193      -22.669193
              2       -10.72831       1.2304429       1.3851218      -12.842469       0.3782039       16.999766       24.272906   1.4372465e-13       2.3889326       0.7734126        0.7734126      -23.003445      -23.003445
             15      -10.813947       1.2528003      0.80178867      -12.983747      0.54533703       17.897827       6.3356134    1.038134e-13       3.5102418       1.0728889        1.0728889      -23.773671      -23.773671
             11      -10.808951       1.2600196      0.81623049      -12.977366      0.47654919       18.197831        6.549837   1.0534984e-13       2.9960509       1.0881727        1.0881727      -23.794248      -23.794248
              6      -10.686936       1.5700774       1.0906659      -12.929063      0.49414817       37.160143       12.321566   1.1774341e-13       3.1199538       1.9033414        1.9033414      -25.180555      -25.180555
              2      -10.509213       1.5609388       1.0841668       -12.92615      0.49330213       36.386372       12.138548   1.1853591e-13       3.1138819       1.8557249        1.8557249      -24.729876      -24.729876
              2      -10.687801       1.4686118       1.0948999      -12.915873      0.59864975       29.417912       12.442277   1.2137446e-13       3.9687136       1.3964545        1.3964545      -24.168511      -24.168511
              5      -10.909716       1.4683567       1.0895365      -12.916942      0.59898495       29.400632       12.289564   1.2107609e-13       3.9717778        1.398235         1.398235      -24.615902      -24.615902
              6      -9.8159156       1.4963429      0.72359462      -13.007463      0.56723108       31.357609       5.2916927   9.8296186e-14       3.6917398       2.0875884        2.0875884      -23.807008      -23.807008
              8      -10.185632       1.4464413      0.72024707      -13.021679      0.37029243       27.953832       5.2510611   9.5130696e-14       2.3458078       2.0851407        2.0851407      -24.541546      -24.541546
              4       -9.856077       1.4429346      0.68487808      -13.032115      0.34700144       27.729028       4.8403647   9.2871978e-14       2.2233173       2.1964486        2.1964486      -24.105051      -24.105051
              4      -11.107309       1.2273075      0.73149231      -13.017141      0.42803419       16.877477       5.3888031   9.6130006e-14       2.6793793       1.3018609        1.3018609       -24.81834       -24.81834
             17      -11.093657      0.90761255      0.78221924      -13.006173      0.41878657       8.0837439       6.0564654   9.8588775e-14       2.6229292      0.70126679       0.70126679      -23.589848      -23.589848
             17      -12.356453      0.78275719      0.94676174      -12.941918      0.43945611       6.0639721       8.8463015   1.1430938e-13       2.7507816      0.28500071       0.28500071      -25.282908      -25.282908
             10       -10.70152      0.53801114      0.82788579      -12.985768       0.5241615        3.451526        6.727997   1.0333143e-13       3.3431934      0.69785821       0.69785821      -22.798756      -22.798756
             11      -8.0829805      0.70573826      0.83781138      -12.999276      0.54799265       5.0785328       6.8835327   1.0016689e-13       3.5317719      0.54031623       0.54031623      -17.246594      -17.246594
              3      -10.823448      0.72749873      0.73335121      -13.024299      0.47946872       5.3394771        5.411918   9.4558578e-14       3.0162596      0.79456611       0.79456611      -23.236028      -23.236028
             11      -10.964544       1.2039044      0.62842456      -13.023804      0.37060444       15.992061       4.2503487   9.4666388e-14       2.3474937       1.4821244        1.4821244      -24.893336      -24.893336
             17      -11.190011       1.1729527      0.73131528      -13.009105      0.30283705       14.891987       5.3866069    9.792536e-14       2.0083391       1.2612111        1.2612111      -24.902445      -24.902445
              4      -10.388058       1.2192211       0.7451229      -13.002674      0.19326255       16.566131       5.5606159   9.9386228e-14       1.5604956       1.4724903        1.4724903      -23.721096      -23.721096
             10      -10.862806      0.94549723      0.53237228      -13.063284      0.27698744       8.8205818       3.4070011   8.6440295e-14       1.8922889        1.560186         1.560186      -24.845984      -24.845984
              2      -9.3795237      0.84940265      0.37378885      -13.072729      0.24112689        7.069727       2.3647697   8.4580647e-14       1.7423159       1.9765019        1.9765019      -22.712051      -22.712051
              1      -8.9045119      0.81820738      0.33281079      -13.079937      0.24040989       6.5797195        2.151844   8.3188443e-14       1.7394418       2.1246686        2.1246686      -22.058361      -22.058361
             21      -9.5827816      0.61118831       0.4369578      -13.059262    -0.025002234       4.0849647        2.735003   8.7244449e-14      0.94405602       2.3443015        2.3443015      -23.854166      -23.854166
              8      -11.370315      0.48161519      0.75071921      -12.990199      0.61435221       3.0312042       5.6327335   1.0228236e-13       4.1148329      0.87679329       0.87679329      -24.494217      -24.494217
              3      -11.608479       1.2097999       1.1046425      -12.930156      0.65906601        16.21063       12.724553   1.1744748e-13       4.5610623       0.5955128        0.5955128      -24.407983      -24.407983
             25      -11.888854       1.2060628       1.0875516      -12.935514      0.68573077       16.071736       12.233524   1.1600736e-13       4.8498776      0.60224645       0.60224645      -24.982201      -24.982201
              6       -10.80585       1.1988144        1.123923      -12.926102       0.6723192       15.805725       13.302185    1.185491e-13        4.702396      0.55885226       0.55885226      -22.729404      -22.729404
             17      -11.056868       1.1023146       1.3591978      -12.903387      0.68540733       12.656529       22.866402   1.2491466e-13       4.8462669      0.41007288       0.41007288      -22.933881      -22.933881
              1      -11.028203       0.8584092       1.4467735      -12.881103      0.74270524       7.2178724       27.975222   1.3149125e-13       5.5297467      0.21803454       0.21803454      -22.492476      -22.492476
             10      -11.809556      0.85745886       1.4390461      -12.880472       0.7275491       7.2020953        27.48186   1.3168247e-13       5.3400964      0.20504802       0.20504802      -24.029207      -24.029207
              3      -11.814201      0.79661526       1.3878843      -12.894515      0.73841942       6.2605899       24.427798   1.2749269e-13        5.475445      0.17107558       0.17107558      -23.970553      -23.970553
             10      -9.8968905      0.74099736       1.3181277       -12.88082      0.53406601       5.5080435       20.803085   1.3157691e-13       3.4203143       0.1299987        0.1299987      -20.053778      -20.053778
             10      -12.478813      0.98052314       1.2703669      -12.890374       0.6227399       9.5614364       18.636611   1.2871411e-13       4.1950766      0.16161679       0.16161679       -25.28086       -25.28086
             11      -11.871238      0.84312267       1.3072995      -12.879591      0.68555008        6.968233       20.290814    1.319499e-13       4.8478601     0.080914258      0.080914258      -23.904305      -23.904305
              5      -11.271209      0.45764603       1.0188454      -12.932868      0.32549006       2.8684417       10.443484   1.1671656e-13       2.1158752      0.70718269       0.70718269      -23.956784      -23.956784
              6      -11.236011      0.83635242      0.69730087      -13.004702      0.33977594       6.8604472       4.9808203   9.8923187e-14       2.1866332      0.85399462       0.85399462      -24.180012      -24.180012
              2      -11.289957       0.3573893       0.7269376      -12.990623      0.62279743       2.2771377       5.3325826   1.0218266e-13       4.1956324       1.2022762        1.2022762      -24.984466      -24.984466
              2      -11.315249      0.34021492      0.70187476      -12.994627      0.60166264       2.1888446       5.0335543   1.0124476e-13       3.9963419         1.30516          1.30516      -25.240818      -25.240818
             10      -11.661208      0.59092567      0.79516609      -12.990373      0.72637999       3.8987525       6.2397341   1.0224141e-13       5.3257404      0.64376349       0.64376349      -24.609942      -24.609942
              2      -10.097474       1.2334435      0.88331513       -12.94605      0.59909756       17.117626       7.6439024   1.1322695e-13       3.9728079       0.8012623        0.8012623      -21.797473      -21.797473
             10       -10.12702       1.1326982      0.93644344      -12.937371      0.38686444         13.5737       8.6386016   1.1551258e-13         2.43705      0.63268015       0.63268015        -21.5194        -21.5194
              2      -10.015825       1.1290683      0.94115113      -12.936941      0.40382111        13.46072        8.732752   1.1562703e-13       2.5340846       0.6065319        0.6065319      -21.244714      -21.244714
             25      -11.675998       1.2270494      0.95986245      -12.938556      0.35762963       16.867449       9.1172204    1.151978e-13       2.2783982      0.86043777       0.86043777      -25.072872      -25.072872
              8      -11.433885       1.2175468       1.0038248      -12.930259       0.3357234       16.502389       10.088457   1.1741969e-13        2.166324       0.8169541        0.8169541      -24.501679      -24.501679
              4      -12.333474      0.89846661       1.1969523      -12.880633      0.52194311       7.9152859       15.738101   1.3163381e-13       3.3261598     0.086583301      0.086583301      -24.840115      -24.840115
             27      -12.402061      0.87494062       1.2095004         -12.877      0.54297474       7.4979168       16.199455   1.3273951e-13       3.4912001      0.06542005       0.06542005      -24.934961      -24.934961
              4      -10.855564      0.76910895       1.1614495      -12.897294      0.86051429       5.8763675       14.502723   1.2667954e-13       7.2529434      0.11298866       0.11298866      -21.937105      -21.937105
              1      -12.539409      0.73240325        1.199203      -12.892386      0.84356008       5.4001181       15.819873   1.2811927e-13       6.9752549      0.11570311       0.11570311      -25.310225      -25.310225
              9      -11.870271      0.67357119      0.83890534      -12.972233      0.51642389       4.7159717       6.9008938   1.0660231e-13       3.2841569      0.47258909       0.47258909      -24.685721      -24.685721
              6      -11.843506      0.49846285        1.001803       -12.93959      0.59014646       3.1511048       10.041602   1.1492392e-13       3.8917636      0.46862004       0.46862004      -24.624251      -24.624251
              4      -12.075612      0.49425436       1.0206468      -12.938414      0.58025488       3.1207168       10.486893   1.1523533e-13       3.8041259      0.46897891       0.46897891      -25.089181      -25.089181
             10      -8.7670314      0.30675734       0.7828971      -13.010341       0.4412417       2.0265501       6.0659259   9.7646921e-14       2.7621146       1.4416389        1.4416389      -20.417341      -20.417341
              4      -9.7320061     0.021044949       1.0878799      -12.930718      0.75319394       1.0496511       12.242776   1.1729555e-13       5.6649221       2.0153711        2.0153711      -23.494754      -23.494754
              8      -10.166556     0.070652504       1.1161073      -12.929245      0.73312578       1.1766641       13.064935   1.1769431e-13       5.4091096       1.7755178        1.7755178      -23.884148      -23.884148
              7      -10.042089    -0.094635232       1.0963178      -12.924973      0.66788199       0.8042013       12.482966   1.1885763e-13        4.654596       2.5812608        2.5812608        -25.2467        -25.2467
              4      -10.086286     -0.06427527       1.0909665      -12.923017      0.66509779      0.86243174       12.330098   1.1939405e-13       4.6248515       2.4137382        2.4137382      -25.000049      -25.000049
             23      -11.511244      0.30040024      0.92947479      -12.938595      0.35066236        1.997102       8.5010934   1.1518729e-13       2.2421381       1.1509541        1.1509541      -25.324396      -25.324396
             15      -11.501075      0.29414343      0.93323684      -12.938406      0.34565246       1.9685363       8.5750536   1.1523747e-13       2.2164221       1.1726281        1.1726281      -25.347406      -25.347406
              6      -11.950013      0.71878095        1.005567      -12.928047      0.32591473       5.2333641        10.12901   1.1801924e-13       2.1179452      0.34782417       0.34782417      -24.595675      -24.595675
              6      -11.813648      0.71270837      0.99623954      -12.928504      0.27542041       5.1606971       9.9137861   1.1789514e-13       1.8854734      0.41660518       0.41660518      -24.460507      -24.460507
              2      -11.897094      0.85407869       1.1261458      -12.903923      0.50703957       7.1462579       13.370442   1.2476046e-13       3.2139533      0.10420636       0.10420636      -24.002602      -24.002602
             11      -11.816847      0.97146658       1.2743067      -12.884479      0.41315652       9.3641117       18.806444    1.304731e-13       2.5891459      0.24800206       0.24800206      -24.129699      -24.129699
              3      -11.748345      0.96605436       1.3596807      -12.847889      0.40055077       9.2481392       22.891842   1.4194217e-13        2.515074      0.27487224       0.27487224      -24.046434      -24.046434
              2       -10.68302      0.72425636      0.98610663      -12.928624      0.67210242       5.2997619       9.6851561   1.1786247e-13       4.7000493      0.16450538       0.16450538       -21.69505       -21.69505
              2       -10.22401      0.39644872      0.84899622      -12.961747      0.43157406       2.4914302        7.063114   1.0920772e-13       2.7013077      0.94308562       0.94308562      -22.334191      -22.334191
             10      -10.716471      0.37577651       0.8090698       -12.95351      0.75453443       2.3756175       6.4427281   1.1129879e-13       5.6824343      0.93142061       0.93142061      -23.295784      -23.295784
              5      -10.827851      0.20397274       1.2344872      -12.916672       0.9257412       1.5994576        17.15881   1.2115141e-13       8.4283235       1.3265672        1.3265672      -24.308836      -24.308836
             13      -10.522008      0.20436102       1.2344175      -12.916466       0.9253491       1.6008882        17.15606   1.2120864e-13       8.4207175       1.3243367        1.3243367       -23.69269       -23.69269
              7      -9.7133025      0.37390538      0.42057718      -13.088158      0.14951809       2.3654043        2.633766   8.1628484e-14        1.410971       2.6683477        2.6683477        -24.7633        -24.7633
              7      -9.5003484      0.36851264      0.33279022      -13.102779      0.13218267       2.3362141       2.1517421   7.8926168e-14       1.3557595        3.031582         3.031582      -25.063861      -25.063861
              8      -9.9121427      0.38009064      0.40614796      -13.077121      0.11275595       2.3993336       2.5476981   8.3729615e-14       1.2964505       2.6832557        2.6832557      -25.190797      -25.190797
             12       -9.403729      0.36052455      0.39949468      -13.075942      0.13686444       2.2936363       2.5089654   8.3957202e-14       1.3704539       2.7020941        2.7020941      -24.211646      -24.211646
              4      -11.112856      0.82024787      0.87257719      -12.941334      0.17234168       6.6107064       7.4572241   1.1446319e-13       1.4871052      0.64951589       0.64951589      -23.524744      -23.524744
              8      -11.066712      0.88423401      0.86068149      -12.942649      0.18254328       7.6600924       7.2557363   1.1411707e-13       1.5224508      0.66325602       0.66325602      -23.459936      -23.459936
              5      -11.480064      0.78600898      0.88914882      -12.942676      0.24033487       6.1095466       7.7472723   1.1410999e-13       1.7391413      0.53918109       0.53918109       -24.03849       -24.03849
              5      -11.518778      0.36758273      0.95728537      -12.933146      0.33542673       2.3312171       9.0632794   1.1664174e-13       2.1648446      0.94192427       0.94192427      -24.921404      -24.921404
              7      -11.651408      0.44546318      0.94653516       -12.93409      0.25291914       2.7890942       8.8416876   1.1638857e-13       1.7902725       0.8605179        0.8605179      -25.023851      -25.023851
             11       -11.30312      0.32666471         1.06994      -12.924684      0.36854871       2.1216059       11.747352   1.1893673e-13       2.3364082      0.96005265       0.96005265      -24.526345      -24.526345
             13      -11.385988      0.22391266       1.1350812      -12.910133      0.38309189        1.674606       13.648383   1.2298932e-13        2.415972       1.2425906        1.2425906      -25.257156      -25.257156
             18      -10.942808     0.096484603       1.0734426      -12.930341      0.45247882       1.2487762       11.842478   1.1739746e-13       2.8345154       1.7370274        1.7370274       -25.35967       -25.35967
              5      -9.9954302      0.14225619      0.93666452       -12.93619      0.22164531       1.3875741           8.643   1.1582718e-13       1.6658861       1.8636385        1.8636385      -23.718138      -23.718138
              2      -9.4657482       0.1921354      0.67320352      -12.986402      0.37689076       1.5564508       4.7119809   1.0318051e-13       2.3817203        1.933391         1.933391      -22.798278      -22.798278
              4      -9.2194672      0.15588399      0.69482151      -12.991325      0.38184937       1.4318054       4.9524661   1.0201767e-13       2.4090697        2.055191         2.055191      -22.549316      -22.549316
              5      -10.109959      0.11016152      0.66311506       -12.99979      0.38582316       1.2887288       4.6037853   1.0004846e-13       2.4312138       2.3216055        2.3216055       -24.86313       -24.86313
              1      -10.243732      0.16458057      0.69701052      -12.992273      0.40445026       1.4607657       4.9774914    1.017951e-13       2.5377583       2.0013862        2.0013862      -24.490237      -24.490237
              6      -8.3787831     0.077417481       1.0765975      -12.889861      0.15255472       1.1951364       11.928821   1.2886619e-13       1.4208712       2.0937442        2.0937442      -20.945055      -20.945055
              1      -8.9787983     0.041543626       1.0870953      -12.885265      0.22447018       1.1003824       12.220679   1.3023708e-13       1.6767572       2.1362447        2.1362447      -22.230086      -22.230086
              5      -10.506743      0.20598408       1.3162113      -12.835833      0.24131699       1.6068824       20.711486   1.4593737e-13       1.7430787       1.4507953        1.4507953      -23.915076      -23.915076
              5      -11.988476      0.52595789      0.97645911       -12.91833      0.77236271       3.3570506         9.47238   1.2068964e-13        5.920559      0.38536163       0.38536163      -24.747675      -24.747675
              5      -12.453811      0.85587826       1.0832131      -12.910318      0.62281929       7.1759311       12.111923   1.2293678e-13       4.1958436      0.08089182       0.08089182      -25.069405      -25.069405
             18      -9.9642277      0.59271535      0.75450122      -12.993341      0.73575377       3.9148521       5.6819999   1.0154511e-13       5.4419403      0.70352341       0.70352341      -21.335502      -21.335502
              9      -11.711789       0.4543173       1.0686187      -12.894992      0.31961794       2.8465401       11.711667   1.2735268e-13       2.0874589       0.6269404        0.6269404      -24.677458      -24.677458
              9      -5.7252369      0.13495955      0.62977261      -12.891264     -0.16811887        1.364456       4.2635623   1.2845066e-13      0.67901775       2.9664082        2.9664082       -17.38329       -17.38329
             11      -4.9674161      0.46972766      0.89829311      -12.891891     0.081453934       2.9493592       7.9121245   1.2826539e-13       1.2062961       1.0317316        1.0317316      -11.998295      -11.998295
             23      -11.075454      0.47647627       1.0024957      -12.870668      0.11560991       2.9955479       10.057631   1.3468888e-13       1.3049982      0.86500655       0.86500655       -23.88092       -23.88092
              2      -10.788763      0.47363585       1.1613873      -12.826134     0.053437831         2.97602       14.500644   1.4923354e-13       1.1309355      0.94240228       0.94240228      -23.462331      -23.462331
             10      -10.854702      0.47500856       1.1938357      -12.822631     0.057039552       2.9854415       15.625562   1.5044207e-13       1.1403536      0.93880781       0.93880781       -23.58702       -23.58702
              9      -11.196895      0.58669186       1.0169837      -12.871489     0.096098829       3.8609294       10.398811   1.3443458e-13       1.2476674      0.70992002       0.70992002       -23.81363       -23.81363
              4      -9.6269628       0.6017804       1.1044495      -12.857062     0.082931149       3.9974257       12.718899   1.3897541e-13       1.2104062      0.68324966       0.68324966      -20.620425      -20.620425
              5      -10.715967      0.46019467      0.84332888      -12.912781     -0.01176586       2.8853245       6.9715426   1.2224146e-13       0.9732718       1.3295984        1.3295984      -24.091132      -24.091132
              1      -9.4235599       0.8842521      0.84079779      -12.911672    -0.033770336       7.6604114       6.9310302   1.2255417e-13       0.9251873       1.0233985        1.0233985      -20.893917      -20.893917
              4      -10.689549      0.89930073      0.88943716      -12.869714    -0.058532456        7.930503       7.7524175   1.3498515e-13      0.87391168      0.97934907       0.97934907      -23.337795      -23.337795
             23       -11.25445      0.92626417       1.2593428      -12.766115     0.041043432       8.4384789       18.169492   1.7135019e-13       1.0991158      0.73493384       0.73493384      -23.978768      -23.978768
              2      -11.322174       1.0109932      0.69195772      -12.967785      0.57482662       10.256359       4.9199164   1.0769989e-13       3.7568739      0.67705388       0.67705388      -23.998456      -23.998456
              7      -11.611848       1.0176857      0.71708069      -12.962484      0.59587819       10.415634       5.2129155   1.0902249e-13       3.9434668      0.62588847       0.62588847      -24.475473      -24.475473
             57      -10.669742      0.98357788      0.49317367      -13.011772      0.57523474       9.6289266       3.1129609   9.7325724e-14        3.760406       1.1805691        1.1805691      -23.700622      -23.700622
             24      -10.841333      0.82591262      0.51292972      -13.048698      0.56022028       6.6974985       3.2578398   8.9392675e-14       3.6326226       1.2358127        1.2358127      -24.154292      -24.154292
             10      -8.5583567      0.75631807      0.49152775      -13.047652      0.60406636         5.70582       3.1011855   8.9608223e-14       4.0185221       1.2718577        1.2718577      -19.660429      -19.660429
              1      -11.109472      0.96413018      0.95064353      -12.931784      0.62494832       9.2072552       8.9257255   1.1700806e-13       4.2164633      0.24209024       0.24209024      -22.703124      -22.703124
              3      -10.858626       1.0188775      0.96394825      -12.932121      0.18954567       10.444255        9.203399   1.1691748e-13       1.5471972      0.66429818       0.66429818      -23.045849      -23.045849
             34      -11.619735       1.0342337       0.8529529      -12.951864      0.30961875        10.82016       7.1277572   1.1172135e-13       2.0399464      0.65728537       0.65728537       -24.55404       -24.55404
             14       -12.02172       1.0575123      0.88969365      -12.944944       0.4301812       11.415956       7.7569975   1.1351566e-13        2.692658      0.52151149       0.52151149      -25.086462      -25.086462
             16      -10.882258       1.0563637      0.62250302      -13.015346      0.47235703       11.385804       4.1927891   9.6528263e-14       2.9672697       1.0866758        1.0866758      -23.937868      -23.937868
             10      -11.214069       1.2037694      0.84981891      -12.946961      0.34528014        15.98709       7.0765065   1.1298979e-13       2.2145227      0.92162619       0.92162619       -24.27139       -24.27139
             20      -10.122831       1.3038132      0.99768807      -12.923515      0.23647266       20.128584       9.9469074    1.192574e-13       1.7237436        1.160685         1.160685      -22.567031      -22.567031
              3      -11.161534       1.3177066       1.1983807      -12.880341      0.22946962       20.782923        15.78995   1.3172235e-13        1.696171       1.1171837        1.1171837      -24.557435      -24.557435
             12      -11.049072      0.16588409       1.3180938      -12.856626      0.39085275       1.4651568       20.801459   1.3911497e-13       2.4595336       1.4431144        1.4431144      -24.984372      -24.984372
             23      -11.219308      0.27575738         1.30472      -12.854009      0.34496009       1.8869369       20.170654   1.3995584e-13       2.2128913       1.0853002        1.0853002      -24.609216      -24.609216
              8      -12.105087       0.6161472       1.1154842      -12.932448      0.49170885       4.1318752       13.046207    1.168293e-13        3.102479      0.28553515       0.28553515      -24.781244      -24.781244
             11      -12.248899      0.57857157        1.105964      -12.924044      0.45879047       3.7894098        12.76333    1.191122e-13       2.8760105      0.33419817       0.33419817      -25.166195      -25.166195
              3      -12.408172      0.78500449        1.204976      -12.876664      0.37983276        6.095432       16.031567   1.3284224e-13       2.3979093      0.16291985       0.16291985      -25.142184      -25.142184
              1      -10.049236      0.63617683       1.2717479      -12.867717      0.36898496       4.3268997       18.695966   1.3560733e-13       2.3387562      0.28045229       0.28045229      -20.659377      -20.659377
              7      -11.662946      0.51018203       1.3553605      -12.913496      0.97929788       3.2372931       22.665247   1.2204041e-13        9.534499      0.60155696       0.60155696      -24.529005      -24.529005
              4      -11.552624       0.4836846       1.3342052      -12.902988      0.99410334       3.0456823       21.587643   1.2502927e-13       9.8651419      0.62993626       0.62993626       -24.36512       -24.36512
              4      -11.637225      0.40908448       1.3432077      -12.895251      0.97867089       2.5649829       22.039803   1.2727675e-13        9.520744      0.77132534       0.77132534      -24.817102      -24.817102
              1      -12.550462      0.85768099       1.2385158      -12.890102      0.75962931       7.2057799        17.31872   1.2879469e-13       5.7494898     0.076709835      0.076709835      -25.254343      -25.254343
              2      -12.587039      0.85720525       1.2419905      -12.888828      0.76069371       7.1978908        17.45784   1.2917304e-13       5.7635984     0.076351032      0.076351032      -25.326781      -25.326781
             19      -12.557751      0.85869516       1.2354664      -12.890543      0.76646534       7.2226266       17.197544   1.2866385e-13       5.8407059     0.078589835      0.078589835      -25.272682      -25.272682
              7      -12.363692       0.9032715       1.2490519      -12.893487      0.84253202       8.0033443       17.744014   1.2779476e-13       6.9587626      0.14165517       0.14165517      -25.010694      -25.010694
              4       -11.95223       1.0607984       1.3075999      -12.896138      0.77783212       11.502664       20.304855   1.2701697e-13       5.9955927       0.3106533        0.3106533      -24.525766      -24.525766
             35      -11.987464       1.0763564       1.3110333      -12.894782       0.7716051         11.9222       20.466017   1.2741435e-13       5.9102398       0.3326355        0.3326355      -24.640199      -24.640199
              8      -12.461328      0.77302438       1.3355533      -12.874924      0.74911597       5.9295861       21.654756   1.3337559e-13       5.6119781      0.10601988       0.10601988      -25.134695      -25.134695
             12      -11.296109      0.74587377       1.3483282      -12.871456      0.73435826       5.5702382       22.301199   1.3444474e-13       5.4244819      0.11663052       0.11663052      -22.825479      -22.825479
              5      -11.192762      0.70830233       1.3467236       -12.87365      0.77266417        5.108605       22.218951   1.3376733e-13       5.9246701      0.14762074       0.14762074      -22.680765      -22.680765
              1      -9.0642905       0.7025971       1.3800563      -12.862789      0.74267115       5.0419334       23.991441   1.3715481e-13       5.5293127      0.15900359       0.15900359      -18.446588      -18.446588
              8      -10.822726      0.66614197       1.4028583      -12.867335      0.75087848       4.6359844        25.28473   1.3572646e-13       5.6347997      0.21460971       0.21460971      -22.074672      -22.074672
              6      -11.279403      0.39693576       1.1177616       -12.91507      0.64881057       2.4942257       13.114797    1.215991e-13        4.454619      0.59785483       0.59785483      -23.754516      -23.754516
              7      -11.370483      0.57884699       1.0361003      -12.923128      0.89863618       3.7918137       10.866764   1.1936366e-13        7.918377      0.35911338       0.35911338      -23.459194      -23.459194
              3      -11.678248      0.45060611       1.2234506      -12.874759       1.0088057       2.8223191       16.728252   1.3342602e-13       10.204829      0.61117532       0.61117532      -24.578846      -24.578846
              9      -11.671183      0.45069939       1.2238696      -12.874661       1.0082624       2.8229253       16.744399   1.3345618e-13        10.19207      0.61040097       0.61040097      -24.563168      -24.563168
              1      -11.719176      0.58493663       1.3259949      -12.874963      0.96401634       3.8453566       21.183364   1.3336356e-13       9.2048421      0.38118773       0.38118773      -24.200727      -24.200727
             57       -12.53064      0.90498286       1.1953885      -12.884803      0.85241236       8.0349441       15.681534   1.3037567e-13       7.1188912      0.11630275       0.11630275      -25.293885      -25.293885
              6      -12.283025      0.86758488       1.1869778      -12.888513      0.88477285       7.3719925       15.380761   1.2926688e-13       7.6696023      0.12388044       0.12388044      -24.813811      -24.813811
             14      -11.950247      0.56108097       1.0614158      -12.940786      0.67653883       3.6398289       11.519028   1.1460788e-13       4.7483074      0.33752748       0.33752748      -24.575549      -24.575549
              2      -11.319236       0.2177328       1.1171451      -12.917128      0.62089886       1.6509457       13.096195   1.2102421e-13       4.1773307       1.1508746        1.1508746      -24.940222      -24.940222
              5      -9.9875458      0.16844233       1.1409795      -12.914088      0.63649748       1.4738128       13.835011   1.2187413e-13       4.3300956       1.3270432        1.3270432      -22.629178      -22.629178
             22      -11.270103      0.17540563        1.107078      -12.923478      0.58644954       1.4976338       12.796111   1.1926739e-13       3.8587758       1.3300679        1.3300679      -25.200343      -25.200343
             23      -11.128473      0.23571818       1.2431479      -12.913892      0.80270732       1.7207516       17.504427   1.2192922e-13       6.3490292       1.1320493        1.1320493      -24.521045      -24.521045
              6      -10.662568       0.2843231       1.1978162      -12.914435      0.82899119        1.924523       15.769438   1.2177679e-13       6.7451434      0.96846903       0.96846903      -23.262074      -23.262074
              1      -10.372579    -0.016417944       1.0899346      -12.920617      0.56549782      0.96290193       12.300834   1.2005581e-13       3.6770355       2.1790541        2.1790541      -25.103267      -25.103267
             11      -10.993639      0.52266833       1.3300947        -12.8215      0.23458499       3.3317187       21.384283   1.5083422e-13       1.7162675      0.61358676       0.61358676      -23.214451      -23.214451
              2      -11.375272      0.54700645       1.3312201      -12.826391        0.241003        3.523761       21.439771   1.4914518e-13       1.7418189       0.5646951        0.5646951      -23.879934      -23.879934
             22      -11.500697      0.46586365       1.2783479      -12.844422      0.18625734       2.9232344       18.982261   1.4307984e-13       1.5355266      0.76609551       0.76609551      -24.533585      -24.533585
              5      -10.894041      0.50100548        1.304347      -12.842863      0.21212929       3.1696074       20.153339   1.4359438e-13       1.6297812      0.67161691       0.67161691      -23.131316      -23.131316
             13      -11.486041      0.47440648        1.290757      -12.839916      0.19023923       2.9813055       19.532461     1.44572e-13         1.54967       0.7473949        0.7473949      -24.466872      -24.466872
              8      -10.356108      0.15415595        1.313028      -12.884182      0.49704619       1.4261196       20.560233   1.3056232e-13       3.1408427       1.4386036        1.4386036      -23.589422      -23.589422
              1      -7.3734027      0.30236351       1.7386955      -12.783791      0.51140383       2.0061505       54.789262   1.6451636e-13       3.2464135       1.4794685        1.4794685      -17.705742      -17.705742
              8      -6.5569826      0.14262822       2.1010495      -12.714966      0.42780054       1.3887633       126.19714   1.9276779e-13       2.6779381       3.2208385        3.2208385      -19.555642      -19.555642
             19      -7.4932435      0.44081921       1.9986131      -12.721449      0.45557319       2.7594289       99.681165   1.8991129e-13       2.8547836       1.9209553        1.9209553      -18.828398      -18.828398
              2      -7.8932756      0.52549002       2.0220607      -12.720464      0.43824355        3.353436        105.2109   1.9034269e-13       2.7431121       1.8397579        1.8397579      -19.466067      -19.466067
             38      -8.4161503      0.67270285       1.9513382      -12.740906      0.41837649       4.7065518       89.400146   1.8159088e-13       2.6204537       1.4101819        1.4101819      -19.652664      -19.652664
              3      -8.3490355      0.60070344       2.0490001        -12.7209      0.43951838       3.9875252       111.94382    1.901517e-13        2.751176       1.8097048        1.8097048      -20.317481      -20.317481
             12      -8.7208656      0.56166857       1.9288185      -12.735442      0.42866177        3.644757       84.882557   1.8388983e-13       2.6832539       1.4800108        1.4800108      -20.401753      -20.401753
             13      -8.3612931      0.40240947       1.9144695      -12.747095      0.51797587       2.5258611       82.123884   1.7902125e-13        3.295914       1.6773543        1.6773543      -20.077295      -20.077295
              8      -7.9247793      0.60795568       2.1247549      -12.684047      0.42172208       4.0546716       133.27692   2.0699187e-13       2.6407183       2.1737917        2.1737917      -20.197142      -20.197142
             14      -7.5119664        0.581646       2.1210844      -12.685763      0.43891664       3.8163307       132.15523   2.0617556e-13       2.7473668       2.1764998        2.1764998      -19.376932      -19.376932
              1        -8.48569      0.59678204       2.1188281      -12.678694       0.3970134       3.9516825       131.47042   2.0955868e-13       2.4946717       2.2066468        2.2066468      -21.384674      -21.384674
              6      -9.1038471      0.47094767       1.6064232       -12.77726      0.43829699       2.9576561       40.403894   1.6700905e-13       2.7434496      0.84909701       0.84909701      -19.905888      -19.905888
              4      -9.4133798      0.21184957       1.7475673      -12.753189      0.55693631       1.6287318       55.920018   1.7652704e-13       3.6052577       1.8229051        1.8229051       -22.47257       -22.47257
              4      -9.7031166      0.19630083       1.7062521      -12.768734      0.55009105       1.5714509       50.845448      1.7032e-13       3.5488779        1.772673         1.772673      -22.951579      -22.951579
             14      -8.4223137      0.42110896       1.8978622      -12.687234      0.26329477       2.6369929       79.042784   2.0547831e-13       1.8335585        1.971307         1.971307      -20.787241      -20.787241
              7      -8.5465219      0.36462786        1.975321      -12.645427      0.36581376       2.3154098       94.475898   2.2624196e-13        2.321741       2.3719721        2.3719721      -21.836988      -21.836988
              5      -8.1077726      0.37700603       1.9657299       -12.64782      0.36525383       2.3823526       92.412316   2.2499879e-13       2.3187495       2.3013774        2.3013774        -20.8183        -20.8183
              3      -9.2858253      0.33274344       1.2606418      -12.856136      0.29190339       2.1515104       18.223922   1.3927211e-13        1.958409      0.94808353       0.94808353      -20.467818      -20.467818
              2      -9.7588777      0.56414664      0.89479066       -12.94236      0.70623831       3.6656133       7.8485723   1.1419318e-13       5.0843837      0.42126845       0.42126845      -20.360292      -20.360292
              3      -11.652679      0.52798806      0.86072477      -12.951671      0.69769861       3.3727804       7.2564594   1.1177102e-13       4.9853839      0.53390557       0.53390557       -24.37317       -24.37317
              2      -11.462186      0.52282459      0.86997996      -12.949755       0.7034195       3.3329177       7.4127603   1.1226511e-13         5.05149      0.52953131       0.52953131      -23.983435      -23.983435
              2      -10.461151      0.62072603       1.3812579      -12.878498      0.70092978       4.1756686       24.057908   1.3228229e-13       5.0226137       0.2438977        0.2438977      -21.410098      -21.410098
             12      -11.319475      0.60621035       1.3733782      -12.885789      0.76943754       4.0384094       23.625348   1.3008001e-13       5.8808153      0.27929398       0.27929398      -23.197538      -23.197538
             19      -11.039595       0.4203937      0.92081984       -12.95251      0.67907461       2.6326535       8.3333542   1.1155536e-13       4.7761132      0.70676034       0.70676034      -23.492711      -23.492711
              2      -10.220029      0.34543812      0.99041227      -12.923499      0.72460899       2.2153284       9.7816534   1.1926167e-13       5.3040669      0.78762941       0.78762941      -22.015317      -22.015317
              1      -11.852357      0.53030195       1.1960911      -12.899692      0.98994618       3.3907982       15.706921   1.2598174e-13       9.7711612       0.4653199        0.4653199      -24.635354      -24.635354
             29      -11.988663      0.54426242        1.246382      -12.890368       1.0469911       3.5015669       17.635267   1.2871588e-13       11.142718       0.5089745        0.5089745      -24.995274      -24.995274
              5      -11.570345      0.44606915       1.2768662      -12.891595        1.110657       2.7929885       18.917607   1.2835277e-13       12.901997      0.79823277       0.79823277      -24.737155      -24.737155
              1      -10.936716      0.35752789       1.2909276      -12.896638        1.118742       2.2778645       19.540137     1.26871e-13       13.144438       1.0452187        1.0452187      -23.963869      -23.963869
              1      -11.659772      0.49316617       1.3663245      -12.893177       1.0229397       3.1129071       23.244732   1.2788614e-13       10.542405      0.65152591       0.65152591      -24.622597      -24.622597
              1      -11.912081      0.49065921       1.3879418       -12.88367       1.0219868       3.0949897        24.43103    1.307165e-13       10.519299      0.65982839       0.65982839      -25.143818      -25.143818
             26      -12.426301      0.65467946       1.2674722      -12.896496      0.85438359       4.5152257       18.512803   1.2691243e-13       7.1512769      0.21053365       0.21053365      -25.273669      -25.273669
              3      -12.432317      0.65441858       1.2694845      -12.896078      0.85198628       4.5125141       18.598781   1.2703468e-13       7.1119104       0.2096412        0.2096412      -25.283917      -25.283917
             17       -11.56645      0.55786529       1.2138462      -12.910436       0.8027983       3.6129778       16.362368   1.2290356e-13       6.3503593      0.30751803       0.30751803      -23.747935      -23.747935
              5      -11.948724      0.42289106       1.2249567       -12.88212       1.0426826       2.6478358       16.786366   1.3118378e-13       11.032721      0.72329153       0.72329153      -25.344031      -25.344031
             20      -11.802897      0.39122309       1.1213374      -12.897364      0.95851383       2.4616318       13.223225   1.2665885e-13       9.0889523        0.714544         0.714544      -25.034882      -25.034882
              6      -11.899381      0.45742474       1.2320921      -12.871298       1.1050736       2.8669805       17.064441   1.3449363e-13       12.737189        0.717486         0.717486      -25.233734      -25.233734
              7      -10.175445     0.011557601       1.2711381      -12.886211      0.53739943       1.0269696       18.669732   1.2995372e-13       3.4466678        2.024647         2.024647      -24.400185      -24.400185
             11      -10.191601    0.0082085872       1.2644672      -12.887706      0.52952929       1.0190807       18.385151   1.2950721e-13        3.384771       2.0431558        2.0431558      -24.469514      -24.469514
              2      -10.368929     -0.02455884        1.098378      -12.933165      0.62217362      0.94502035       12.542323   1.1663667e-13       4.1896102       2.2362126        2.2362126      -25.210283      -25.210283
              8      -8.3214163      -0.2550293       1.3932832      -12.910361      0.89852946      0.55586675       24.733366   1.2292465e-13       7.9164315       3.7175756        3.7175756      -24.077984      -24.077984
              3      -7.6408784    -0.092965896        1.460305      -12.903302       1.0643778      0.80729842       28.860577   1.2493912e-13       11.597859       2.9785956        2.9785956      -21.238948      -21.238948
              3      -10.523505      0.33132115       1.2032959      -12.873417       1.0154947       2.1444758       15.969669     1.33839e-13       10.363219      0.91349793       0.91349793      -22.874005      -22.874005
             20      -11.062959      0.32079594       1.1975489      -12.875798       1.0043127       2.0931287       15.759734   1.3310734e-13       10.099798      0.93317037       0.93317037      -23.992258      -23.992258
              6       -9.080051     -0.13549167       1.0909626      -12.906503      0.79827573      0.73199536       12.329987   1.2402158e-13       6.2845723       2.7978892        2.7978892       -23.75588       -23.75588
              3      -9.5493492    0.0089318245       1.1169415      -12.899388      0.91126729       1.0207792       13.090056   1.2607011e-13       8.1520585       2.0886488        2.0886488      -23.275996      -23.275996
              2      -9.0784021     0.026559968       1.1272895      -12.903789      0.77780684       1.0630654       13.405701   1.2479892e-13       5.9952437       1.9355706        1.9355706      -22.027945      -22.027945
              9      -9.0705344    -0.014560449       0.8666666      -12.941578      0.68803256      0.96702912       7.3564213   1.1439903e-13       4.8756504       2.3160131        2.3160131      -22.773095      -22.773095
              1        -9.70355    -0.017651967      0.84191097      -12.950003      0.72170879      0.96016978       6.9488185   1.1220107e-13       5.2687645       2.3825899        2.3825899       -24.17228       -24.17228
              1      -9.3923111    -0.085773497      0.77709435      -12.968318      0.67086986       0.8207795       5.9854162   1.0756779e-13       4.6867292       2.8613056        2.8613056      -24.507233      -24.507233
              7      -9.4309337    -0.030067225       0.7316959      -12.972909      0.64927008      0.93310985       5.3913298   1.0643655e-13       4.4593348       2.6424819        2.6424819      -24.146831      -24.146831
              4      -10.276424      0.18931463      0.76708675      -12.969679      0.55504768       1.5463743       5.8490691   1.0723122e-13       3.5896134       1.6363869        1.6363869      -23.825621      -23.825621
              6      -10.920275      0.32863348        1.413724      -12.778358      0.24811382       2.1312455        25.92531   1.6658739e-13       1.7705729       1.1446034        1.1446034      -24.129758      -24.129758
             22      -10.077896      0.12555589       1.3361623      -12.792439      0.17110952       1.3352294       21.685142   1.6127265e-13        1.482892       1.8950311        1.8950311      -23.945855      -23.945855
             10      -10.126003     0.060642321       1.3823069      -12.783762       0.2542438        1.149853       24.116089   1.6452746e-13       1.7957414       2.0990327        2.0990327      -24.450072      -24.450072
              4      -7.9644737      0.18502703       1.3485123      -12.766846      0.19439093       1.5311828       22.310655   1.7106206e-13       1.5645553       1.6596765        1.6596765        -19.2483        -19.2483
             62      -8.7351991     -0.12522208       1.2270141      -12.796386     0.072667895      0.74951085       16.866079   1.5981368e-13       1.1821372       3.2356094        3.2356094      -23.941617      -23.941617
             17      -9.6277171     0.033633164       1.2966818      -12.807123      0.12292766       1.0805209       19.800758   1.5591094e-13       1.3271734       2.3476659        2.3476659      -23.950766      -23.950766
              3      -9.5878475     0.027886742       1.2990004      -12.806763      0.13202085        1.066318       19.906751    1.560405e-13       1.3552545       2.3603453        2.3603453      -23.896386      -23.896386
              4      -8.6556095     -0.10028729        1.353921      -12.789671      0.18632588      0.79380295       22.590247   1.6230389e-13       1.5357689       2.9764818        2.9764818      -23.264183      -23.264183
             28      -9.0985715      0.20475533       1.2105506      -12.759834      -0.1504539       1.6023424       16.238676   1.7384655e-13      0.70720627       2.2457678        2.2457678      -22.688679      -22.688679
              3      -9.6948862      0.29508672       1.0667077      -12.791641    -0.067506303       1.9728166       11.660244   1.6156945e-13      0.85603929       1.6836408        1.6836408      -22.757054      -22.757054
              3      -8.9808399      0.62406116        1.013084      -12.783011     -0.16997727       4.2078588       10.305854   1.6481216e-13      0.67611836       1.2697111        1.2697111      -20.501102      -20.501102
              4      -9.0697991      0.56733324      0.70951338      -12.846351      -0.1391486       3.6926083       5.1228705   1.4244546e-13      0.72585755       1.5163562        1.5163562      -21.172311      -21.172311
              5      -8.5349279      0.56908724      0.68313029      -12.851701     -0.15550355       3.7075519        4.820924   1.4070166e-13      0.69903103       1.5987302        1.5987302      -20.267316      -20.267316
              9      -7.8020651      0.76774287      0.82408123      -12.802517     -0.17048377       5.8579123        6.669315   1.5757351e-13      0.67533028       1.2874569        1.2874569      -18.179044      -18.179044
              9      -9.5311315      0.73384448      0.98233807      -12.771135     -0.16604153       5.4180684       9.6014776   1.6938104e-13      0.68227344       1.1979451        1.1979451      -21.458153      -21.458153
              2      -9.2447684      0.87588729      0.95960455      -12.765965     -0.17719014       7.5142786       9.1118077   1.7140957e-13      0.66498195       1.2417601        1.2417601      -20.973057      -20.973057
             41      -9.1862202       1.0378578      0.98654578      -12.781778     -0.17040541        10.91083       9.6949545   1.6528057e-13      0.67545215       1.3330022        1.3330022      -21.038445      -21.038445
              7       -8.174264       1.0459082       1.0259339      -12.768633      -0.1710212       11.114968       10.615339   1.7035965e-13      0.67449511       1.3460217        1.3460217      -19.040571      -19.040571
             12      -9.5701834       1.0035376       1.0364826       -12.76934     -0.18461294       10.081789       10.876336   1.7008262e-13       0.6537129       1.3244998        1.3244998      -21.789366      -21.789366
              6      -8.6998563       1.0965595       1.0789664      -12.784122     -0.15894328       12.489916       11.994066   1.6439095e-13      0.69351637       1.3625568        1.3625568      -20.124826      -20.124826
             15      -7.7578779       1.1314778       1.1333351      -12.771821     -0.18323659       13.535608       13.593618   1.6911368e-13      0.65578791        1.503857         1.503857       -18.52347       -18.52347
              7      -8.3725697       1.1645809        1.174417       -12.79738    -0.088161378       14.607667       14.942284   1.5944843e-13        0.816279       1.3028481        1.3028481      -19.350836      -19.350836
              7      -4.9779546       1.2789709      0.93226783      -12.872641    -0.061086771        19.00951       8.5559421    1.340784e-13      0.86878683       1.5958964        1.5958964      -13.147702      -13.147702
             14      -9.1862752       1.3124275      0.72656859       -12.95158    -0.059827874       20.531825       5.3280537   1.1179426e-13      0.87130885        2.061816         2.061816      -22.496182      -22.496182
              8      -9.6474774        1.255868      0.69666983      -12.947291    -0.081807463         18.0247       4.9735883   1.1290391e-13       0.8283093       1.9821404        1.9821404      -23.259236      -23.259236
             17      -9.7077729       1.2646178       0.7087643      -12.945178    -0.071231528       18.391526       5.1140421   1.1345447e-13      0.84872789       1.9567727        1.9567727      -23.329091      -23.329091
              9      -9.7187534      0.24482065      0.78924803      -13.004003      0.37413356       1.7571978       6.1552831   9.9082615e-14       2.3666474       1.6638077        1.6638077      -22.765122      -22.765122
             16      -9.8680039      0.14500405      0.76389665      -13.010436      0.48650894       1.3963814       5.8062623    9.762559e-14       3.0655538       2.0067295        2.0067295      -23.749467      -23.749467
              1      -11.258429      0.38003839      0.67890096       -13.00011      0.69409737        2.399045       4.7742038   9.9974716e-14       4.9442153       1.2472524        1.2472524      -25.011364      -25.011364
              4      -9.8331321     0.016981403      0.66146485      -13.009958      0.38086146       1.0398756       4.5863253   9.7733063e-14       2.4035959       2.7935578        2.7935578       -25.25338       -25.25338
              5      -11.683094      0.65022427      0.76699653      -13.012082      0.36360145       4.4691432       5.8478542   9.7256359e-14        2.309944      0.84505946       0.84505946      -25.056307      -25.056307
             24      -11.570333      0.66861341      0.77117813      -13.012016      0.36475504       4.6624417       5.9044321   9.7271035e-14       2.3160879      0.82172382       0.82172382      -24.784113      -24.784113
              4      -11.785713      0.66332172      0.75950239       -13.01335       0.3663073       4.6059765       5.7478098   9.6972727e-14       2.3243809       0.8450948        0.8450948      -25.261616      -25.261616
              1      -11.667689      0.65120916      0.74539387       -13.01771      0.35576608       4.4792898       5.5640864   9.6004205e-14       2.2686426      0.90462966       0.90462966      -25.144637      -25.144637
             18       -9.857756       0.3122687      0.64760278      -13.029977      0.56330792       2.0524316       4.4422478   9.3330312e-14       3.6585409        1.639529         1.639529       -22.99457       -22.99457
              1      -10.059544       0.2788155      0.60893989      -13.042136      0.52311099       1.9002708       4.0638708   9.0753584e-14       3.3351163       1.8869626        1.8869626      -23.893013      -23.893013
              3      -9.4437681      0.26895796      0.59643998      -13.033547      0.47733435       1.8576246       3.9485712    9.256627e-14       3.0014724       1.9223751        1.9223751      -22.732286      -22.732286
              1      -9.3074004      0.27024077      0.59544147      -13.033635      0.47816772       1.8631197       3.9395033   9.2547556e-14       3.0072374       1.9199017        1.9199017      -22.454604      -22.454604
              2      -8.4401572      0.31202176      0.71907923      -13.021181      0.61723019        2.051265       5.2369596   9.5239861e-14       4.1421916       1.4769585        1.4769585      -19.834231      -19.834231
             17      -10.896433      0.65365467      0.78565467      -13.002861      0.45796827       4.5045838       6.1045643   9.9343356e-14       2.8705709      0.70044774       0.70044774      -23.193761      -23.193761
             15      -10.396458      0.30071008      0.67796425      -13.026006      0.64180802       1.9985273       4.7639177   9.4187753e-14       4.3833689       1.5910032        1.5910032      -23.974923      -23.974923
              1      -10.843154      0.48488774      0.70254731      -13.006399      0.67728147       3.0541316       5.0413553   9.8537272e-14        4.756434      0.99831827       0.99831827      -23.682944      -23.682944
              5      -11.442802      0.40646607      0.66291491      -13.012254      0.67929781       2.5495649       4.6016641   9.7217869e-14       4.7785684       1.2570567        1.2570567      -25.399717      -25.399717
              6      -10.831633      0.41227896      0.68155209       -13.01938      0.59241315       2.5839194       4.8034369     9.56358e-14       3.9121288       1.2558485        1.2558485      -24.174962      -24.174962
              1      -9.2106254       1.2767282      0.82165133      -12.980777      0.51799277       18.911597        6.632104   1.0452556e-13       3.2960423       1.1183352        1.1183352      -20.657921      -20.657921
              3      -10.314585       1.0930334       0.6834018       -13.00477      0.37457238       12.388919       4.8239389   9.8907781e-14       2.3690399       1.0780543        1.0780543      -22.785279      -22.785279
              1      -9.5776189       1.0666119       0.7011652      -13.002179      0.38231942       11.657674       5.0253371   9.9499588e-14       2.4116785      0.99060548       0.99060548      -21.136449      -21.136449
              8      -12.069291      0.80528477      0.88429206      -12.946364      0.62072005       6.3868214       7.6611163   1.1314514e-13       4.1756112      0.25820588       0.25820588      -24.654994      -24.654994
              1      -10.916157      0.70531485      0.98726936      -12.919936      0.63620799       5.0735839       9.7111208   1.2024412e-13       4.3272102       0.1558972        0.1558972      -22.144108      -22.144108
             10      -11.203593      0.55451331      0.91618002      -12.945659      0.72008555       3.5851993        8.244798    1.133289e-13       5.2491085      0.43155737       0.43155737      -23.270301      -23.270301
              4      -10.210882      0.46831562       1.1792768      -12.913797      0.45413963       2.9397853        15.11043   1.2195586e-13       2.8453758      0.51145373       0.51145373      -21.444671      -21.444671
             24      -11.206375       0.8814555       1.0688234      -12.898392      0.38621232       7.6112415       11.717187   1.2635948e-13       2.4333934      0.19501683       0.19501683      -22.802784      -22.802784
              9      -12.010355      0.84368946       1.0513678      -12.899296      0.31907516       6.9773331       11.255577   1.2609679e-13       2.0848517      0.25733046       0.25733046      -24.535371      -24.535371
              7      -11.601343      0.87751628      0.99597863      -12.927866      0.30081069       7.5425167       9.9078319   1.1806859e-13       1.9989903      0.36792091       0.36792091      -23.938528      -23.938528
             27      -11.611336      0.91278957      0.99931735      -12.925527      0.30247608        8.180683       9.9842938   1.1870609e-13       2.0066705       0.3767542        0.3767542      -23.976181      -23.976181
              2      -10.793236      0.29419799       1.1164119      -12.936493      0.63346009       1.9687836       13.074102   1.1574619e-13       4.2999172       0.9400015        0.9400015      -23.466474      -23.466474
             18      -10.684343      0.42415746       1.1365461      -12.934073      0.64505813       2.6555682       13.694497   1.1639296e-13       4.4162955      0.57802403       0.57802403      -22.524734      -22.524734
              6      -11.709513      0.57255591       1.3199383      -12.888724      0.63653406       3.7372823       20.889994   1.2920416e-13       4.3304603      0.27208847       0.27208847      -23.963203      -23.963203
              7      -11.472313       0.5604348       1.3870191      -12.875173      0.69797706       3.6344174        24.37918   1.3329895e-13       4.9885813      0.32499327       0.32499327      -23.594613      -23.594613
             22      -11.148956      0.68167166       1.4503693      -12.827222      0.39723062       4.8047596       28.207807   1.4885997e-13       2.4959198      0.33799938       0.33799938      -22.973911      -22.973911
              6      -8.7697389     0.063705975       1.7052521      -12.754313      0.51751381       1.1579931       50.728506   1.7607055e-13       3.2924092       2.3524536        2.3524536      -22.244385      -22.244385
             58      -8.2017273     -0.26973937       0.9124575      -12.895603      0.09988893      0.53735418       8.1744303    1.271737e-13       1.2586035       4.1704208        4.1704208      -24.744296      -24.744296
              3        -9.07005     0.074324007      0.97713968      -12.870057     0.084163953       1.1866537       9.4872354   1.3487863e-13        1.213847       2.2356663        2.2356663      -22.611433      -22.611433
              6      -8.0995058     0.012325364      0.91761733      -12.845866     0.013546959       1.0287868       8.2721296   1.4260474e-13       1.0316846       2.6817676        2.6817676      -21.562547      -21.562547
              5      -9.2347869     0.096369177      0.96471705       -12.83869     0.017368887       1.2484443       9.2197055   1.4498068e-13       1.0408038       2.2572504        2.2572504      -22.984075      -22.984075
             26      -9.1954088      0.23971905       1.0049475      -12.829702   -0.0017710904        1.736677       10.114571   1.4801229e-13      0.99593022       1.7204843        1.7204843      -21.831786      -21.831786
             22      -10.384107      0.27808721       1.1698185      -12.782655     0.034185488       1.8970868       14.784903   1.6494732e-13       1.0818959       1.5183111        1.5183111      -23.804837      -23.804837
              8      -8.4011604      0.26803061       1.2461166      -12.769249     0.017616786       1.8536623       17.624491   1.7011811e-13       1.0413981        1.624151         1.624151      -20.050623      -20.050623
              2      -6.2062738      0.21522708       1.3199897        -12.7382    -0.020206056       1.6414478       20.892466   1.8272591e-13      0.95453959        1.982218         1.982218      -16.376984      -16.376984
              3      -7.0905528    -0.061030036       1.1277762      -12.772278     -0.12633436      0.86890033       13.420733    1.689359e-13       0.7475937       3.3385666        3.3385666      -20.858239      -20.858239
              4      -10.842737         1.14437       1.0206765      -12.926693      0.27907008       13.943443       10.487608   1.1838793e-13       1.9013851      0.70464525       0.70464525      -23.094765      -23.094765
             17      -12.228339       1.1054246       1.0492583      -12.928574      0.65833741       12.747488       11.201038   1.1787629e-13       4.5534168      0.38127931       0.38127931      -25.219236      -25.219236
              8      -11.377395       1.0937451        1.042346      -12.924321      0.43202159       12.409238       11.024172   1.1903605e-13       2.7040928      0.44265652       0.44265652      -23.640103      -23.640103
              4      -11.333906       1.0965963        1.042228      -12.924084      0.42885641       12.490974       11.021178   1.1910104e-13       2.6844567      0.44946497       0.44946497      -23.566741      -23.566741
              4      -11.729039       1.0993392       1.0500928      -12.928491      0.30357507       12.570113       11.222581   1.1789876e-13       2.0117549      0.58583639       0.58583639      -24.629751      -24.629751
              7       -11.82267        1.305641       1.2996256      -12.888194      0.63370667       20.213476       19.935432   1.2936166e-13       4.3023592      0.82580377       0.82580377      -25.296949      -25.296949
              6      -11.692847        1.264415       1.2967057      -12.890815      0.62410168       18.382942       19.801848   1.2858338e-13       4.2082515      0.71120047       0.71120047      -24.808096      -24.808096
             25      -11.945261       1.2522453       1.3197105      -12.885068      0.63074498       17.874967        20.87904   1.3029623e-13        4.273119      0.68356095       0.68356095      -25.257644      -25.257644
              4      -11.628555       0.5986029      0.77278755      -12.992299      0.71751702       3.9682854       5.9263534   1.0178903e-13       5.2181555      0.66574375       0.66574375      -24.588598      -24.588598
              2      -10.432615       0.6029796      0.79060001      -12.982959      0.33369549       4.0084789       6.1744747   1.0400177e-13        2.156232      0.78062847       0.78062847      -22.426486      -22.426486
              4      -11.530115      0.44568726       1.2270659      -12.883273       1.1664392       2.7905336        16.86809   1.3083587e-13       14.670306      0.84955084       0.84955084      -24.759332      -24.759332
             65      -11.149497       1.0926143       1.1524423      -12.935354      0.64421511       12.376968       14.205034   1.1605023e-13       4.4077313      0.37008564       0.37008564      -23.039166      -23.039166
              2      -11.365905      0.91101391       1.1398504      -12.899262      0.57104627       8.1473037        13.79909   1.2610657e-13       3.7243138     0.094005563      0.094005563      -22.919822      -22.919822
              1       -12.19335      0.92127985       1.1487502       -12.89354      0.56394128       8.3421856       14.084784   1.2777918e-13       3.6638804     0.093759655      0.093759655       -24.57422       -24.57422
             13      -10.807502       0.7666646       1.2999501      -12.866011      0.54171426       5.8433863       19.950333   1.3614099e-13       3.4810821     0.088896829      0.088896829      -21.792797      -21.792797
              4      -8.6700182       1.1853573       1.0505697      -12.910048      0.52273453       15.323476       11.234914   1.2301326e-13       3.3322266       0.5346798        0.5346798      -18.409396      -18.409396
              9      -12.074658       1.1024883       1.0624307      -12.931788      0.55932284       12.661592       11.545978     1.17007e-13       3.6251238       0.4002638        0.4002638      -24.949844      -24.949844
              1      -11.589305      0.85421965       1.0760761      -12.920505      0.54082227       7.1485778       11.914507   1.2008676e-13       3.4739396      0.12650146       0.12650146      -23.431613      -23.431613
              9      -12.215956       0.8861159       1.0478349      -12.922547      0.45892977       7.6933573       11.164388   1.1952342e-13       2.8769331      0.19308225       0.19308225      -24.818076      -24.818076
              1      -12.118261      0.71742666       1.0863691      -12.926227      0.73296849       5.2170699        12.20026   1.1851498e-13       5.4071509      0.14009038       0.14009038      -24.516702      -24.516702
             36       -12.17382       0.7124621        1.098789      -12.922724      0.73139933       5.1577715       12.554199   1.1947476e-13       5.3876494      0.13308512       0.13308512      -24.613809      -24.613809
              3      -11.085812      0.73183523       1.3920317      -12.882987      0.82626876       5.3930597       24.662195   1.3092213e-13       6.7029929       0.2083053        0.2083053      -22.588234      -22.588234
              8      -11.346523      0.61085058       1.4629604      -12.881565      0.84068182       4.0817892       29.037575   1.3135134e-13       6.9291797      0.39101612       0.39101612      -23.475078      -23.475078
              8      -10.661917      0.70573309       1.4789093       -12.88806      0.85390879       5.0784723       30.123771   1.2940176e-13       7.1434628      0.33967433       0.33967433      -22.003183      -22.003183
             14      -11.614226      0.56486936       1.3513103      -12.903237       1.0228625       3.6717184       22.454858   1.2495768e-13       10.540531      0.53462336       0.53462336      -24.297698      -24.297698
              3      -11.317671      0.66172955       1.1978414      -12.905016      0.50740679       4.5891215       15.770351   1.2444677e-13       3.2166721      0.17801882       0.17801882      -22.991379      -22.991379
             12      -11.694306      0.88923109        1.348548      -12.876185      0.62945643       7.7487401        22.31249   1.3298891e-13       4.2604594      0.12320893       0.12320893      -23.635031      -23.635031
              2      -11.867511      0.68809559       1.4026757      -12.844511      0.51756868       4.8763581       25.274101   1.4305042e-13       3.2928252      0.20518563       0.20518563      -24.145393      -24.145393
              6      -11.813373      0.56143064       1.4361067      -12.854655      0.61485381       3.6427606        27.29648   1.3974786e-13       4.1195883      0.35593453       0.35593453      -24.338616      -24.338616
              6      -12.162367      0.72013287       1.3520134      -12.884103      0.83191573       5.2496805       22.491242   1.3058611e-13       6.7907186      0.18429639       0.18429639      -24.693326      -24.693326
             15      -11.742494      0.77020553       1.3216472      -12.897219      0.84621937       5.8912239       20.972355    1.267013e-13       7.0180971       0.1704619        0.1704619      -23.825912      -23.825912
              9       -11.74251      0.77016525        1.321672      -12.897217      0.84615001       5.8906775       20.973552   1.2670176e-13       7.0169764      0.17044595       0.17044595      -23.825912      -23.825912
              8      -11.214964      0.77100028       1.3282211      -12.899524      0.84430553       5.9020146        21.29223   1.2603055e-13       6.9872379       0.1778358        0.1778358        -22.7856        -22.7856
              1      -12.069989      0.93153075       1.4561002      -12.850623      0.51015029       8.5414332       28.582496   1.4105122e-13       3.2370566      0.26710749       0.26710749      -24.674192      -24.674192
              9      -12.154026        0.817182      0.99400516      -12.916999      0.32226841        6.564203       9.8629121   1.2105998e-13       2.1002375      0.30526357       0.30526357      -24.918578      -24.918578
             16      -11.514546      0.58025464      0.79402584      -12.998149      0.33902883       3.8041238       6.2233732     1.00427e-13       2.1828748      0.86141659       0.86141659      -24.751926      -24.751926
              4      -12.129304      0.53759699        1.359999      -12.872644       0.6499215       3.4482361       22.908623   1.3407743e-13       4.4660286      0.33376242       0.33376242      -24.926132      -24.926132
              8      -12.249287      0.93881996       1.2520568      -12.896624      0.77663922       8.6860027       17.867214   1.2687487e-13       5.9791469      0.14152994       0.14152994      -24.781633      -24.781633
              4      -12.114697      0.91076762       1.2852395      -12.873492      0.49993224       8.1426847        19.28588   1.3381592e-13       3.1617843      0.13235671       0.13235671      -24.494108      -24.494108
              4      -12.248084      0.91479408       1.2757469      -12.875158      0.48728856       8.2185288       18.868912    1.333036e-13       3.0710618      0.13876318       0.13876318      -24.773695      -24.773695
             24      -11.642221       1.0472987       1.1876443      -12.887352      0.41208978       11.150611       15.404382   1.2961274e-13       2.5827941      0.31116966       0.31116966      -23.906782      -23.906782
             12      -9.8092644      0.71328753      0.85573307      -12.884715    -0.025120251       5.1675838       7.1735325   1.3040232e-13      0.94379951       0.9550999        0.9550999      -21.528729      -21.528729
             18      -10.128389      0.70895015      0.86186149      -12.897219    0.0035047085        5.116231       7.2754773   1.2670134e-13       1.0081025      0.90881488       0.90881488      -22.074407      -22.074407
             20       -9.928244      0.90040796      0.88677968      -12.874561    -0.082326626       7.9507475       7.7051248    1.334871e-13      0.82731971       1.0447027        1.0447027      -21.945893      -21.945893
              9      -9.9833123      0.79936213      0.88316926      -12.869823    -0.087803134       6.3003131       7.6413353   1.3495115e-13      0.81695261       1.0319369        1.0319369      -22.030498      -22.030498
             18      -9.5276041       1.1039309       1.1632254      -12.838155     0.017076294        12.70372       14.562146   1.4515924e-13       1.0401029      0.93486605       0.93486605       -20.92494       -20.92494
              1      -11.184992      0.95025004       1.2725251      -12.850584      0.20875938       8.9176422       18.729452   1.4106393e-13       1.6171838      0.43047831       0.43047831       -23.23094       -23.23094
             33      -11.430331       1.0521214      0.65901691      -12.995702      0.57248965       11.275126       4.5605468   1.0099462e-13       3.7367122      0.88786522       0.88786522      -24.636392      -24.636392
             12       -11.57709       1.0934952      0.71724154      -12.996133      0.56567434         12.4021       5.2148466   1.0089441e-13       3.6785303      0.87072365       0.87072365      -24.895627      -24.895627
              2      -9.8200986       1.4890878      0.76575389      -12.989564      0.56336515       30.838115       5.8311457   1.0243206e-13       3.6590231       1.9300769        1.9300769      -23.500351      -23.500351
              5      -10.065605       1.4379282       1.1676338      -12.882284      0.83198439       27.411209       14.710717    1.311342e-13       6.7917922        1.256289         1.256289      -22.643787      -22.643787
              3      -11.846494       1.1821996       1.3265144      -12.877707      0.66217737       15.212466       21.208719   1.3252351e-13       4.5938559      0.50417952       0.50417952      -24.701347      -24.701347
             16      -11.682799       1.2514414       1.1540346      -12.914138      0.52721103       17.841911       14.257212    1.218602e-13       3.3667512      0.69728961       0.69728961      -24.760177      -24.760177
              3      -11.786191       1.2591663       1.1572125      -12.914169      0.52711898       18.162108       14.361919   1.2185145e-13       3.3660377      0.71852094       0.71852094      -25.009423      -25.009423
              2      -12.113141        1.206775       1.1584848      -12.906522      0.60814631       16.098116       14.404055   1.2401606e-13       4.0564517      0.54300644       0.54300644      -25.312294      -25.312294
             44      -10.499987       1.5803537       1.3040773      -12.889274      0.67526602       38.049917       20.140829   1.2904049e-13       4.7344117       1.8776538        1.8776538      -24.755281      -24.755281
             22       -10.60513       1.6022034       1.3478674      -12.883837      0.66486984       40.013208       22.277547    1.306661e-13       4.6224246       2.0034571        2.0034571      -25.217174      -25.217174
              5      -10.642691       1.5923065       1.3381507      -12.885479      0.65736091       39.111679       21.784656   1.3017289e-13       4.5431901       1.9515268        1.9515268      -25.188435      -25.188435
              2      -10.299565       1.4871769        1.408547      -12.885786      0.70448021       30.702722       25.618105   1.3008111e-13       5.0638427        1.552083         1.552083      -23.703297      -23.703297
              1      -10.192735       1.6244768       1.4444457      -12.878419       0.5919369        42.11888       27.825673   1.3230636e-13       3.9078411       2.2049153        2.2049153        -24.7953        -24.7953
             12      -9.5623191       1.7238018       1.3182035      -12.889447      0.56613054       52.942177       20.806714    1.289891e-13       3.6823965       2.6330503        2.6330503      -24.390739      -24.390739
              8      -9.7791186       1.2712719       1.3519379      -12.907128      0.87855995       18.675487       22.487331   1.2384329e-13       7.5606642       0.8668258        0.8668258      -21.291889      -21.291889
             15      -9.2191266       1.2597295       1.3511313      -12.895889      0.86727866       18.185678       22.445603   1.2708986e-13       7.3667963      0.80632154       0.80632154      -20.050896      -20.050896
              7      -10.976509      0.66729783       1.4486272      -12.902703      0.84277462       4.6483394       28.094881    1.251115e-13       6.9626509      0.35110554       0.35110554      -22.655229      -22.655229
              1      -10.707904      0.86741465       1.3545957      -12.899924      0.72403173       7.3691035       22.625372   1.2591448e-13       5.2970215      0.15781322       0.15781322      -21.731435      -21.731435
             17      -10.799271      0.79907398        1.535243      -12.851899      0.55700548       6.2961342       34.295965   1.4063759e-13       3.6058319      0.30596694       0.30596694      -22.210476      -22.210476
              5      -12.149445       0.5115703       1.1923829      -12.897195      0.65148949       3.2476581       15.573379   1.2670817e-13       4.4821821      0.32452763       0.32452763      -24.947945      -24.947945
              9      -11.832963      0.70133711       1.2596778      -12.889209      0.79680489       5.0273268       18.183511   1.2905986e-13       6.2633242      0.12778446       0.12778446      -23.921495      -23.921495
             14      -12.281251      0.69673437       1.0083067      -12.942796      0.66809841       4.9743274       10.193109   1.1407852e-13       4.6569161      0.20939891       0.20939891      -24.981299      -24.981299
              7      -11.674677      0.71654985       1.0223016      -12.933465      0.62574494       5.2065477       10.526926   1.1655609e-13       4.2242046      0.16939759       0.16939759       -23.68815       -23.68815
             15      -11.387287      0.86592943       1.5961275      -12.791241      0.41257572       7.3439453       39.457312   1.6171818e-13       2.5856856       0.4984294        0.4984294      -23.771432      -23.771432
             14      -11.382188      0.86497778       1.5985724      -12.790776      0.41224606       7.3278704       39.680066   1.6189144e-13       2.5837237       0.5027706        0.5027706      -23.769916      -23.769916
              4      -9.5672635      0.14677052        1.419503      -12.888682      0.87271809       1.4020727       26.272599   1.2921655e-13       7.4596438       1.5853647        1.5853647      -22.305256      -22.305256
              4      -10.285593      0.24857085        1.251137      -12.887608      0.66924336       1.7724372       17.829409   1.2953646e-13       4.6692095       1.0139705        1.0139705      -22.599127      -22.599127
              1      -10.414359      0.17804372       1.1859588      -12.892676        0.616636       1.5067587       15.344715   1.2803365e-13       4.1365283       1.2590276        1.2590276      -23.346774      -23.346774
             15      -10.875394     0.069714968       1.1703868      -12.905368      0.68090693       1.1741267       14.804262   1.2434595e-13       4.7963065       1.7243906        1.7243906      -25.199569      -25.199569
              1      -11.138682      0.41862233       1.2582684      -12.878845       1.1645508       2.6219375       18.124599    1.321768e-13       14.606657      0.91557579       0.91557579      -24.108515      -24.108515
             12      -11.747278       0.4982546       1.2454798      -12.878146       1.1259237       3.1495942       17.598669    1.323896e-13       13.363607      0.67924247       0.67924247       -24.85304       -24.85304
             10      -12.215889      0.52708869       1.2200906      -12.898117      0.90675619        3.365803        16.59933   1.2643944e-13       8.0678198      0.39930879       0.39930879      -25.230395      -25.230395
              4      -12.301299      0.60178479       1.2183271      -12.898983      0.90574906       3.9974661       16.532065    1.261878e-13       8.0491321      0.28813843       0.28813843      -25.178875      -25.178875
              4      -11.747025      0.53604561       1.2543778       -12.89324       1.0457957       3.4359403       17.962957   1.2786747e-13       11.112088       0.5291224        0.5291224      -24.552295      -24.552295
             11      -11.565326      0.76557219       1.3129074      -12.909947      0.87444793       5.8287066       20.554521   1.2304203e-13       7.4894157        0.207444         0.207444      -23.545539      -23.545539
              4      -12.362579       0.8901951       1.0817199      -12.936305      0.47002323       7.7659591       12.070352   1.1579633e-13       2.9513671      0.21558592       0.21558592       -25.15633       -25.15633
              1      -12.092359      0.91152979       1.0815604      -12.935505      0.47309195       8.1569874       12.065918   1.1600997e-13       2.9722953        0.223102         0.223102      -24.630922      -24.630922
              5      -12.422924      0.91080879       1.0803205      -12.935925      0.47527356       8.1434566       12.031519   1.1589762e-13       2.9872637      0.22257803       0.22257803      -25.291003      -25.291003
              7       -12.36625      0.90986462       1.0753322      -12.934965       0.4875477       8.1257717       11.894117   1.1615431e-13       3.0728949      0.21275804       0.21275804      -25.158016      -25.158016
              9      -12.487778      0.88976391       1.0800905      -12.934779      0.52596047       7.7582525        12.02515   1.1620408e-13       3.3570706      0.18064844       0.18064844      -25.336854      -25.336854
              1      -12.502715      0.87931371       1.0856125      -12.923257      0.52980556       7.5737979       12.179025   1.1932807e-13       3.3869248      0.14479363       0.14479363      -25.295018      -25.295018
              6      -12.471193      0.87683862       1.0842453      -12.923322      0.52318994       7.5307568       12.140745   1.1931029e-13       3.3357227      0.14715351       0.14715351      -25.236694      -25.236694
