#        weight    minuslogpost         logphi0          loggst           logV0           logQ0            phi0             gst              V0              Q0   minuslogprior minuslogprior__0            chi2       chi2__stb
             13       100.88356      0.51610736      0.22824392      -13.194343       1.5373264       3.2817641       1.6913906   6.3923051e-14       34.460883       4.4770078        4.4770078       192.81311       192.81311
             20       96.099108      0.51793929      0.22825106      -13.195812       1.5348172       3.2956364       1.6914184   6.3707135e-14       34.262354       4.4796687        4.4796687       183.23888       183.23888
              2      -2.8498611      0.60009171     0.068534789      -13.129981       0.7329936       3.9819125       1.1709404   7.4134187e-14       5.4074635       3.1398514        3.1398514      -11.979425      -11.979425
              1      -11.143946      0.70324161      0.78308979      -13.020808      0.38214052       5.0494214       6.0686179   9.5321812e-14       2.4106853       0.8051519        0.8051519      -23.898196      -23.898196
              4      -10.557948      0.92506501      0.52199166      -13.064037      0.44234766       8.4152111       3.3265316   8.6290455e-14       2.7691575       1.4045501        1.4045501      -23.924995      -23.924995
             12      -10.628163      0.91704939      0.51775704      -13.059048       0.4666788       8.2613189       3.2942537   8.7287415e-14       2.9287264       1.3628058        1.3628058      -23.981938      -23.981938
             16      -12.255578      0.86708122      0.90474054      -12.942887      0.54460955       7.3634479       8.0304622   1.1405461e-13       3.5043667      0.26282307       0.26282307      -25.036803      -25.036803
             11      -12.073853      0.81539953      0.86665958      -12.945535      0.32208377       6.5373167       7.3563025   1.1336139e-13       2.0993448      0.46146032       0.46146032      -25.070627      -25.070627
             12      -10.266393      0.83894867      0.93237093      -12.913665      0.18552053       6.9015822       8.5579734   1.2199309e-13       1.5329237      0.51778651       0.51778651       -21.56836       -21.56836
              6      -10.502628      0.95520378       1.4099577      -12.761556      0.16788235       9.0199427       25.701452   1.7315851e-13       1.4719137      0.64253203       0.64253203       -22.29032       -22.29032
             45      -10.443234      0.34655239       1.4451345       -12.87081      0.71822814       2.2210196       27.869839   1.3464484e-13       5.2267068      0.84374861       0.84374861      -22.573965      -22.573965
             40      -11.100589      0.35230059       1.4537013      -12.869423      0.72288749       2.2506118       28.425053   1.3507576e-13       5.2830836      0.83668161       0.83668161      -23.874541      -23.874541
             14      -11.139638      0.28400563      0.66233668      -13.012002      0.72529579       1.9231167       4.5955414   9.7274314e-14       5.3124615       1.6067252        1.6067252      -25.492727      -25.492727
              2       -10.53786      0.17370739       0.6641047      -13.007415      0.75875583        1.491789        4.614288   9.8307093e-14       5.7379378       1.9797931        1.9797931      -25.035307      -25.035307
              4      -10.621994      0.16726953      0.74719623      -13.000416      0.72225287       1.4698382       5.5872258     9.99043e-14       5.2753693       1.8475601        1.8475601      -24.939108      -24.939108
              7       -9.240244      0.17446837      0.78821039      -12.993259      0.77376365       1.4944052        6.140594   1.0156429e-13       5.9396882       1.7539101        1.7539101      -21.988308      -21.988308
              3       -10.27311     0.054438503      0.66993457      -13.012284      0.75581969       1.1335443       4.6766468   9.7211062e-14        5.699276       2.4937953        2.4937953       -25.53381       -25.53381
             12      -9.6078282     0.070865308      0.72310542      -13.005049      0.76464635       1.1772408       5.2857354   9.8844084e-14       5.8162939        2.312798         2.312798      -23.841252      -23.841252
              8      -8.8931476     -0.03479573       1.1271944      -12.917748      0.38167126      0.92300546       13.402765   1.2085137e-13       2.4080819        2.380106         2.380106      -22.546507      -22.546507
              3      -9.5779112    -0.048525455       1.0327868      -12.940251      0.42257493      0.89428212       10.784172   1.1474899e-13       2.6459092       2.4848508        2.4848508      -24.125524      -24.125524
             14      -9.4123067      -0.1754804       1.1710029      -12.901531      0.67165329      0.66760502       14.825278   1.2544948e-13       4.6951913       2.9972221        2.9972221      -24.819058      -24.819058
             11      -8.1725867     -0.13714039       1.1287508      -12.934007      0.44939699      0.72922175       13.450883   1.1641076e-13       2.8144724       2.9187175        2.9187175      -22.182608      -22.182608
             21      -11.831425      0.68750331       1.1265682      -12.935072      0.52436218       4.8697124       13.383454   1.1612569e-13       3.3447386      0.20675682       0.20675682      -24.076363      -24.076363
             19      -12.010899      0.70343224       1.0956701      -12.939325      0.53277398       5.0516382       12.464362   1.1499405e-13       3.4101539      0.20428501       0.20428501      -24.430367      -24.430367
             48      -12.352636      0.63937465       1.0592394      -12.936448      0.68768515       4.3588774       11.461445   1.1575831e-13       4.8717517      0.22693203       0.22693203      -25.159137      -25.159137
             34      -11.087374      0.56955022      0.81830289      -12.951345      0.84036867       3.7115065       6.5811667   1.1185479e-13       6.9241852      0.55499337       0.55499337      -23.284734      -23.284734
             12      -10.900065      0.24787262      0.93467722      -12.857864       1.2006142       1.7695899       8.6035408   1.3871886e-13       15.871361       1.4741128        1.4741128      -24.748356      -24.748356
             26      -12.147242      0.59044319       1.3336398      -12.862453      0.43049019       3.8944237       21.559557   1.3726093e-13       2.6945745      0.31508038       0.31508038      -24.924644      -24.924644
             16      -12.225229      0.58538682        1.330447      -12.866081      0.44544982       3.8493448       21.401636    1.361192e-13       2.7890084      0.31182058       0.31182058      -25.074099      -25.074099
             38      -11.225338      0.63084846      0.63701525      -13.030824      0.26773226       4.2741372        4.335261   9.3148593e-14       1.8523893       1.2501073        1.2501073      -24.950891      -24.950891
             63      -11.150388      0.60063905      0.63818918       -13.01905      0.28365646       3.9869341       4.3469954   9.5708395e-14       1.9215711        1.207093         1.207093      -24.714963      -24.714963
             76      -11.576329      0.64719934      0.69494825      -13.032406      0.37022043        4.438123       4.9539115   9.2809746e-14       2.3454189       1.0341052        1.0341052      -25.220868      -25.220868
              6       -11.17838      0.93775222      0.60636129      -13.008607      0.55962597       8.6646738       4.0398132   9.8037686e-14       3.6276549      0.90810191       0.90810191      -24.172963      -24.172963
             75      -11.396437      0.95089458      0.61316212       -13.01288      0.54466046       8.9308868       4.1035726   9.7077924e-14       3.5047776       0.9313983        0.9313983       -24.65567       -24.65567
             69      -11.698328       1.1472211      0.81117211      -12.965756      0.33373435        14.03528       6.4739913   1.0820422e-13        2.156425      0.90713238       0.90713238       -25.21092       -25.21092
             14      -11.289577       1.1514162       0.6726138      -13.013738      0.35811455       14.171511       4.7055869   9.6886114e-14       2.2809436       1.2600132        1.2600132       -25.09918       -25.09918
              9       -11.29204       1.1514781      0.65340267       -13.02114      0.36094463       14.173534       4.5019708   9.5248991e-14       2.2958559       1.3216485        1.3216485      -25.227377      -25.227377
             42      -11.182767      0.88573281      0.76627623      -12.971466      0.26777258       7.6865739       5.8381632   1.0679086e-13       1.8525612      0.73209964       0.73209964      -23.829734      -23.829734
             21      -10.843522      0.87185298      0.76637402      -12.971708      0.28221228       7.4447991       5.8394779   1.0673142e-13       1.9151918      0.70869269       0.70869269      -23.104429      -23.104429
             24      -10.859536       1.1979523      0.89436482      -12.895374      0.77797408       15.774381       7.8408802   1.2724076e-13       5.9975528      0.60134178       0.60134178      -22.921755      -22.921755
              4       -9.600545      0.77512571        1.676125      -12.698019      0.23563583       5.9583458       47.437845   2.0043861e-13       1.7204253        1.011644         1.011644      -21.224378      -21.224378
             14      -10.602492      0.79568053       1.6660733      -12.709988      0.21917419       6.2471299        46.35252   1.9499007e-13       1.6564342      0.97842728       0.97842728      -23.161838      -23.161838
             18      -10.544588      0.79606128       1.6662138       -12.71007      0.22002196       6.2526091       46.367511   1.9495325e-13       1.6596708      0.97719412       0.97719412      -23.043564      -23.043564
             15      -10.616582      0.57734007       1.7135172      -12.771562      0.56954562       3.7786796       51.703177   1.6921459e-13       3.7114672      0.79995379       0.79995379      -22.833072      -22.833072
             28      -9.9712754       0.4570703       1.6511627      -12.798691      0.54080173       2.8646416       44.788106   1.5896761e-13       3.4737754      0.87796284       0.87796284      -21.698476      -21.698476
             17      -7.7536277      0.35902688       1.7297918      -12.781341      0.45283797       2.2857403       53.677442   1.6544697e-13       2.8368605       1.3340675        1.3340675       -18.17539       -18.17539
             22      -11.044194      0.66746004      0.90410845      -12.944546      0.58293312       4.6500759       8.0187828    1.136199e-13        3.827658      0.30782892       0.30782892      -22.704046      -22.704046
              4      -11.191481      0.63537296       1.1595003      -12.899491      0.55352721       4.3188982       14.437778   1.2604003e-13       3.5770681      0.16541217       0.16541217      -22.713787      -22.713787
              4      -12.538809      0.71985771       1.0533545       -12.92842      0.64031047       5.2463554       11.307186   1.1791791e-13         4.36828      0.14422672       0.14422672      -25.366071      -25.366071
             26      -11.910305      0.35401607       1.2113909      -12.901173      0.85016156       2.2595194       16.270126   1.2555307e-13        7.082092      0.75068423       0.75068423      -25.321978      -25.321978
              7      -11.901942      0.35335305        1.194533      -12.904024      0.85098016       2.2560725       15.650673   1.2473148e-13       7.0954536      0.75355033       0.75355033      -25.310985      -25.310985
              6      -11.805936      0.35091641       1.2202757      -12.897568      0.88891691       2.2434501       16.606408    1.265995e-13       7.7431364      0.78116887       0.78116887      -25.174211      -25.174211
              9      -11.846823      0.37254458       1.2162851      -12.911946      0.92802185       2.3580043       16.454516   1.2247675e-13       8.4727003      0.77922917       0.77922917      -25.252105      -25.252105
             12      -11.917103      0.41609479        1.239682       -12.90768      0.92328623       2.6067224       17.365288   1.2368572e-13       8.3808145      0.66552073       0.66552073      -25.165247      -25.165247
              1      -10.295133      0.30107301        1.259708      -12.918753       1.1928058       2.0001981       18.184779   1.2057212e-13       15.588554        1.354431         1.354431      -23.299128      -23.299128
             19      -11.272427      0.27239873       1.3596548      -12.889836       1.0238204       1.8724004       22.890472   1.2887367e-13       10.563806       1.2130388        1.2130388      -24.970933      -24.970933
             21      -11.262629      0.28353637       1.3494942       -12.90504      0.88985097       1.9210398       22.361153    1.244399e-13       7.7598079       1.0694975        1.0694975      -24.664254      -24.664254
              6      -11.152832      0.34356722       1.3666722      -12.908933      0.93182883       2.2058055       23.263348   1.2332953e-13       8.5472976      0.94385818       0.94385818       -24.19338       -24.19338
              3      -7.8271001      0.11360673       1.5441389      -12.904483       0.8419697       1.2989928       35.005709   1.2459968e-13       6.9497584       1.8846685        1.8846685      -19.423537      -19.423537
              4      -9.1471235       0.1041037       1.5749904      -12.922505      0.89131767       1.2708775       37.582909   1.1953488e-13       7.7860586       2.0416915        2.0416915       -22.37763       -22.37763
             21      -9.0739799     -0.20722057       1.2451401      -12.879076      0.99388807      0.62055379        17.58491   1.3210653e-13       9.8602533       3.3494042        3.3494042      -24.846768      -24.846768
             33      -9.9841132      0.31836002      0.92802791      -12.674467       1.5893594       2.0814214       8.4728186   2.1160861e-13       38.847173        2.430447         2.430447       -24.82912       -24.82912
             93      -9.1199048      0.22724018      0.85977484       -12.67887       1.6821215        1.687486       7.2406048   2.0947388e-13       48.097387       3.0564865        3.0564865      -24.352783      -24.352783
             11      -6.6734572      0.11992357      0.87383683      -12.676261        1.577518       1.3180248       7.4788846   2.1073617e-13        37.80228       3.1395284        3.1395284      -19.625971      -19.625971
              3      -8.5669209      0.12500202      0.86646111      -12.637528       1.6224956       1.3335276       7.3529414   2.3039435e-13       41.927179       3.4168026        3.4168026      -23.967447      -23.967447
             24      -8.9802301      0.16254667      0.88131446       -12.64271       1.5950561       1.4539406         7.60877    2.276618e-13       39.360092       3.1459082        3.1459082      -24.252277      -24.252277
              4      -9.2808504      0.21272381      0.93470885      -12.683598       1.6382867       1.6320137       8.6041674   2.0720584e-13       43.479714       2.8930445        2.8930445       -24.34779       -24.34779
             54      -7.8812987      0.21186543      0.93162027      -12.693454       1.7298199       1.6287913        8.543194   2.0255622e-13       53.680917        3.168558         3.168558      -22.099713      -22.099713
             18      -10.018338      0.41295122      0.95189442      -12.813991       1.3268076       2.5879222       8.9514712   1.5346478e-13        21.22304       1.2170225        1.2170225      -22.470722      -22.470722
             40      -11.189681      0.42254583      0.91523248      -12.820991       1.3369702       2.6457319       8.2268292   1.5101117e-13       21.725523       1.2385252        1.2385252      -24.856412      -24.856412
             62      -11.604846      0.51489881      0.94951318      -12.777868       1.2822706       3.2726443       8.9025245    1.667755e-13        19.15449      0.93727833       0.93727833      -25.084248      -25.084248
             74      -11.186935      0.46590674      0.91652502      -12.785241       1.3156547       2.9235245       8.2513502   1.6396784e-13       20.684959       1.1143931        1.1143931      -24.602655      -24.602655
              1      -10.645882      0.60896674       1.0909236      -12.900863      0.88272879        4.064122       12.328879   1.2564256e-13       7.6335893      0.25080706       0.25080706      -21.793378      -21.793378
              9      -8.6185039      0.49454226      0.96377872      -12.945728       0.8601322       3.1227862       9.1998072   1.1331088e-13       7.2465651      0.56172438       0.56172438      -18.360457      -18.360457
             15      -10.358987      0.12402369       1.2292181      -12.862044       1.2337868        1.330527       16.951888   1.3739043e-13        17.13116       1.9655151        1.9655151      -24.649005      -24.649005
             18      -10.176528     0.089355823       1.2158358      -12.879593       1.0989386       1.2284453       16.437503   1.3194934e-13       12.558523       1.9090717        1.9090717        -24.1712        -24.1712
             19       -9.822113     0.081220648        1.132575      -12.909757      0.63681101       1.2056483       13.569849   1.2309579e-13       4.3332227       1.6792331        1.6792331      -23.002692      -23.002692
              1      -10.657054     0.079910706       1.1796505      -12.907751      0.61835771       1.2020173       15.123437    1.236657e-13       4.1529597       1.6891239        1.6891239      -24.692356      -24.692356
             49      -11.121007      0.21483944         1.22517      -12.877151      0.36189527       1.6399834       16.794615   1.3269323e-13       2.3008869       1.2594328        1.2594328       -24.76088       -24.76088
              4      -11.086835       0.2427082       1.0287693      -12.915855      0.33070163       1.7486714       10.684873    1.213795e-13       2.1414189       1.2562188        1.2562188      -24.686107      -24.686107
             19      -11.300219      0.24177623       1.0261177       -12.91692      0.32512891       1.7449229       10.619833   1.2108224e-13       2.1141165       1.2687695        1.2687695      -25.137977      -25.137977
              3       -11.31117      0.24316283       1.0251261       -12.91711      0.32448043       1.7505029       10.595614   1.2102922e-13       2.1109621       1.2654725        1.2654725      -25.153286      -25.153286
              5      -10.498344      0.26445448       1.0620288      -12.897918      0.33907635       1.8384613       11.535299   1.2649759e-13       2.1831137       1.1300292        1.1300292      -23.256747      -23.256747
              2      -11.365007      0.28418949       1.0677242      -12.896667      0.28591912        1.923931        11.68757   1.2686242e-13       1.9316086       1.1241984        1.1241984      -24.978412      -24.978412
             45      -11.303961      0.29234837       1.0446552      -12.905806      0.28333133       1.9604166       11.082947   1.2422083e-13       1.9201331       1.1234853        1.1234853      -24.854892      -24.854892
              4      -11.424782      0.29598793       1.0392233      -12.907504      0.27451002       1.9769147       10.945189   1.2373586e-13       1.8815251       1.1280763        1.1280763      -25.105717      -25.105717
             11      -10.893975      0.32825719       1.0494145      -12.917042      0.29420487       2.1293997       11.205067   1.2104804e-13       1.9688148       1.0235042        1.0235042      -23.834959      -23.834959
             18      -11.542713      0.37893197      0.96941624      -12.921931      0.28001624       2.3929409        9.320007   1.1969303e-13        1.905532      0.94266746       0.94266746      -24.970761      -24.970761
             17      -11.561692      0.42790985       1.0051688      -12.926544      0.27463062       2.6786123       10.119727   1.1842835e-13       1.8820477      0.82344165       0.82344165      -24.770267      -24.770267
             35      -12.027556      0.40849981       1.3323109      -12.876209      0.69594923       2.5615322       21.493684   1.3298134e-13       4.9653427        0.581008         0.581008      -25.217127      -25.217127
             43      -12.107435       0.4440522       1.2412333      -12.899891      0.77909796       2.7800474       17.427428   1.2592423e-13       6.0130936      0.50107354       0.50107354      -25.217018      -25.217018
              1      -11.908747      0.38261981       1.2719183      -12.894728      0.91371874       2.4133472       18.703303   1.2743011e-13       8.1982043      0.73227719       0.73227719      -25.282049      -25.282049
              9      -11.634823      0.31221315        1.263389      -12.907523      0.89544731       2.0521691       18.339563   1.2373048e-13       7.8604481      0.93455142       0.93455142      -25.138749      -25.138749
             22      -10.440714    -0.015570961       1.1812868      -12.894697       0.9518393      0.96478166       15.180526    1.274391e-13       8.9503351        2.242206         2.242206       -25.36584       -25.36584
              8      -10.344288       -0.022556       1.1562455      -12.899211       0.9576408      0.94938857       14.329978   1.2612149e-13       9.0706999       2.2863255        2.2863255      -25.261227      -25.261227
             23      -9.6022812    -0.045649098       1.2583863      -12.886128      0.97419917      0.90022465       18.129518    1.299785e-13       9.4232165       2.4294641        2.4294641      -24.063491      -24.063491
             28      -9.6553197    -0.074956008       1.2848773      -12.874277      0.99869815      0.84148038       19.269806    1.335743e-13       9.9700687        2.607202         2.607202      -24.525043      -24.525043
              9      -10.431725     0.083377977       1.3496581      -12.904011      0.95389602       1.2116522       22.369592   1.2473505e-13       8.9928226       1.8797444        1.8797444      -24.622938      -24.622938
              6      -9.8288039      0.01063331       1.3445893      -12.897544       1.0050558       1.0247863       22.110029    1.266064e-13       10.117094       2.2517942        2.2517942      -24.161196      -24.161196
              2      -10.070528   0.00094225391       1.3523176      -12.893157       1.0107848        1.002172       22.507001   1.2789195e-13       10.251439       2.3039314        2.3039314      -24.748919      -24.748919
             11      -9.0066015      0.10296245        1.418285      -12.890771      0.85484021       1.2675423       26.199019   1.2859647e-13       7.1587996       1.7576378        1.7576378      -21.528479      -21.528479
              8        -10.7325      0.42698733      0.62531661      -13.042259      0.60635686       2.6729284       4.2200404   9.0728014e-14        4.039772        1.421084         1.421084      -24.307168      -24.307168
             28      -11.067821      0.42973998      0.69382041      -12.998954      0.56215761       2.6899238       4.9410632   1.0024104e-13       3.6488635       1.1152059        1.1152059      -24.366054      -24.366054
              8      -11.273745      0.41198091      0.69849017      -12.992731      0.56731795       2.5821467       4.9944788   1.0168784e-13       3.6924783       1.1230574        1.1230574      -24.793605      -24.793605
              1       -10.72188      0.82712649       1.1593116      -12.855231      0.18290289       6.7162444       14.431503   1.3956247e-13        1.523712      0.37849071       0.37849071      -22.200742      -22.200742
              3      -11.032313      0.81039675       1.1747187      -12.856994      0.23969761       6.4624434       14.952668   1.3899715e-13       1.7365913      0.29713309       0.29713309      -22.658892      -22.658892
              2      -11.185192      0.80804015       1.1634557      -12.863497      0.23464629       6.4274714       14.569872    1.369315e-13       1.7165098      0.30788163       0.30788163      -22.986148      -22.986148
              7      -11.594033      0.71613329       1.2027748      -12.858172      0.20316842       5.2015562       15.950517   1.3862056e-13       1.5964981      0.38487056       0.38487056      -23.957807      -23.957807
             20      -10.193942      0.79573382       1.1654094      -12.834973     0.084032339       6.2478964       14.635561    1.462268e-13       1.2134792      0.54130779       0.54130779        -21.4705        -21.4705
              1      -10.204479      0.69967349      0.96800607       -12.91595      0.35441711       5.0081058       9.2897938   1.2135285e-13       2.2616069      0.31834111       0.31834111      -21.045641      -21.045641
             17      -9.1726225      0.55191696      0.79228385      -12.967369      0.29687342       3.5638299       6.1984606   1.0780299e-13       1.9809496      0.83692257       0.83692257       -20.01909       -20.01909
              2      -9.9278614      0.19819325      0.97569164      -12.890269      0.13691444       1.5783134       9.4556555   1.2874512e-13       1.3706117       1.6623949        1.6623949      -23.180513      -23.180513
              8      -10.206628      0.19880246      0.98527456      -12.886607      0.14539388        1.580529       9.6666182   1.2983539e-13       1.3976354       1.6354143        1.6354143      -23.684085      -23.684085
              8      -10.258542      0.19632162       1.0019238      -12.875173      0.12013811       1.5715262       10.044396     1.33299e-13        1.318676       1.6659463        1.6659463      -23.848977      -23.848977
             20      -9.1915915      0.28688746      0.92067654       -12.89594      0.21259012       1.9359202        8.330605   1.2707484e-13       1.6315114       1.2781753        1.2781753      -20.939534      -20.939534
             10      -8.8982852      0.23827191      0.71853448      -12.960716       0.2157634       1.7308997       5.2303949    1.094671e-13       1.6434761       1.8043363        1.8043363      -21.405243      -21.405243
              7      -7.9080905      0.67509912       1.0916554      -12.895126      0.57113509       4.7325926        12.34967   1.2731338e-13       3.7250756       0.1132589        0.1132589      -16.042699      -16.042699
              5      -10.215289      0.34642505       1.3616939      -12.865225      0.76645626       2.2203685       22.998203   1.3638775e-13       5.8405838      0.76896337       0.76896337      -21.968505      -21.968505
             23      -11.892008      0.38390429       1.3471833      -12.876076      0.74665972       2.4204956       22.242486   1.3302216e-13       5.5803279      0.66251567       0.66251567      -25.109047      -25.109047
             30      -10.407913      0.77814796       1.6421727      -12.705791      0.19822388       5.9999546       43.870514   1.9688334e-13       1.5784247      0.98021119       0.98021119      -22.776248      -22.776248
              4      -10.001955      0.65825699       1.6365968      -12.753148      0.40568255       4.5525738       43.310863   1.7654347e-13       2.5449693      0.68253978       0.68253978      -21.368989      -21.368989
              1      -11.314816      0.72663466       1.5368722      -12.774776      0.36241452       5.3288643       34.424863   1.6796682e-13       2.3036395      0.48229563       0.48229563      -23.594223      -23.594223
             26      -10.595621      0.37485315       1.4744049      -12.838243      0.50335169        2.370572       29.812945   1.4512977e-13       3.1867771      0.81753833       0.81753833      -22.826319      -22.826319
              2      -10.524998      0.27823088       1.4792214      -12.840928      0.56731218       1.8977145       30.145422   1.4423551e-13       3.6924292       1.0797246        1.0797246      -23.209445      -23.209445
             24      -10.666478       0.2806892       1.4701416      -12.844029       0.5543914        1.908487       29.521716   1.4320913e-13       3.5841931       1.0665936        1.0665936      -23.466144      -23.466144
              8      -11.710687      0.32028217       1.1661272      -12.904993      0.68043501        2.090654       14.659773   1.2445344e-13       4.7910975      0.79007816       0.79007816       -25.00153       -25.00153
             13      -11.808955      0.31161272       1.1706789      -12.905045      0.67558504       2.0493339       14.814225   1.2443861e-13       4.7378908      0.81670255       0.81670255      -25.251315      -25.251315
              8      -11.540926      0.33446988       1.1732463      -12.911583        0.632142       2.1600802       14.902058   1.2257913e-13       4.2868867      0.76479275       0.76479275      -24.611438      -24.611438
             38      -11.905581      0.42863288       1.2451171      -12.890847      0.53258981       2.6830754       17.583975   1.2857392e-13       3.4087081      0.53197906       0.53197906       -24.87512       -24.87512
              2      -10.908386      0.17980625       1.3915881      -12.887446      0.86166846       1.5128861       24.637013   1.2958475e-13       7.2722443        1.419684         1.419684      -24.656139      -24.656139
             13      -11.247653      0.21541803        1.356076      -12.890738      0.86865833       1.6421697       22.702622   1.2860616e-13       7.3902364       1.2663301        1.2663301      -25.027967      -25.027967
              3      -10.980489      0.77791188       0.9158989      -12.847253   -0.0018368164       5.9966938       8.2394629   1.4215004e-13      0.99577951      0.79244187       0.79244187      -23.545861      -23.545861
             33      -10.733699      0.78655219      0.92703577      -12.846981    -0.007881459       6.1171931       8.4534847   1.4223894e-13      0.98201595      0.79639433       0.79639433      -23.060186      -23.060186
             27      -11.415123      0.62905708       1.2242001      -12.798175     0.081619911       4.2565435       16.757147   1.5915678e-13       1.2067572      0.66746315       0.66746315      -24.165172      -24.165172
             50      -8.4731913      0.55586302       1.2072377      -12.824341     0.049209601       3.5963589       16.115274   1.4985062e-13       1.1199783      0.81364355       0.81364355       -18.57367       -18.57367
             30       -10.02974      0.54673547       1.2226005      -12.826747      0.05493651        3.521563       16.695542   1.4902281e-13       1.1348449      0.82151441       0.82151441      -21.702508      -21.702508
              6      -11.802155      0.52537405       1.0698041      -12.897919      0.28625735       3.3525407       11.743677   1.2649724e-13       1.9331135      0.53342251       0.53342251      -24.671155      -24.671155
              3       -11.84908      0.52493398       1.0617706       -12.90139       0.2748102       3.3491452       11.528442   1.2549019e-13        1.882826      0.55634216       0.55634216      -24.810844      -24.810844
              7      -10.855545      0.14480554       1.2925009      -12.877395       1.0571163       1.3957433       19.611051   1.3261892e-13       11.405551       1.6530421        1.6530421      -25.017175      -25.017175
             57       -10.59544      0.10201405       1.1800239      -12.903795      0.98495016       1.2647773       15.136447   1.2479725e-13       9.6594001       1.7448941        1.7448941      -24.680668      -24.680668
             17       -10.96509      0.10639492       1.1970042      -12.899178      0.97658889       1.2776001        15.73998    1.261311e-13       9.4752109       1.7131481        1.7131481      -25.356476      -25.356476
             47      -11.636451      0.41452041        1.326716      -12.861663      0.47978049       2.5972898       21.218565   1.3751076e-13       3.0184257      0.60333657       0.60333657      -24.479576      -24.479576
             26      -11.966208       0.3738893       1.0705337        -12.9196      0.63364963       2.3653167       11.763424   1.2033709e-13       4.3017942      0.67280116       0.67280116      -25.278019      -25.278019
             11      -11.115092      0.32275294      0.90980256      -12.942218      0.69524077        2.102582       8.1246108    1.142305e-13       4.9572494      0.94468232       0.94468232      -24.119549      -24.119549
              5      -11.676619      0.46845517       0.7586092      -13.007998      0.58410311       2.9407301       5.7360007   9.8175282e-14       3.8379836       0.9746047        0.9746047      -25.302447      -25.302447
             19      -11.093708       0.4965618      0.80578193      -12.993341      0.52554644       3.1373415       6.3941369   1.0154501e-13       3.3538717      0.82375063       0.82375063      -23.834916      -23.834916
             20      -11.233449      0.46534381      0.84160919      -12.967049       0.5930027       2.9197375       6.9439917   1.0788258e-13       3.9174431      0.72782707       0.72782707      -23.922551      -23.922551
             42      -9.1651866      0.63772257      0.25449812      -13.009496     -0.14440571       4.3423275       1.7967933   9.7837096e-14      0.71712406        2.842932         2.842932      -24.016237      -24.016237
             11      -8.7698895      0.77451888      0.28667959      -12.996282     -0.12928698       5.9500262       1.9349938   1.0085979e-13      0.74252831       2.5662783        2.5662783      -22.672336      -22.672336
            170      -9.2350345      0.80981281      0.37331426      -12.967627     -0.16971118       6.4537599       2.3621869   1.0773902e-13      0.67653274       2.3265312        2.3265312      -23.123131      -23.123131
             15      -8.8454227      0.50136753       0.3136012      -13.118514      0.40871479       3.1722509       2.0587386   7.6117841e-14       2.5628004       2.5323862        2.5323862      -22.755618      -22.755618
              9      -7.2746298     -0.40752852      0.65688906      -12.982502      0.75106836      0.39126543       4.5382567   1.0411126e-13       5.6372639       5.1471924        5.1471924      -24.843644      -24.843644
             23       -8.569897     0.024063732      0.57836027      -13.039863      0.57840835       1.0569726       3.7875665   9.1229797e-14       3.7879858       2.9250425        2.9250425      -22.989879      -22.989879
              2      -8.2247964     0.027787762      0.57148766      -13.039792      0.60175313        1.066075       3.7281009   9.1244876e-14       3.9971747        2.913987         2.913987      -22.277567      -22.277567
              1      -8.1856094    -0.014097694      0.57184993      -13.042298      0.62631964      0.96806007        3.731212   9.0719877e-14       4.2297982       3.1255459        3.1255459      -22.622311      -22.622311
             29      -8.4978792      -0.1009727      0.50020557      -13.075579      0.46606627      0.79255115       3.1637749   8.4027446e-14       2.9245986       3.9754798        3.9754798      -24.946718      -24.946718
             36      -8.3866365      0.42963633      0.24451629      -13.071577    0.0058655818       2.6892819       1.7559667   8.4805213e-14       1.0135976       3.1818911        3.1818911      -23.137055      -23.137055
             11      -9.1368025      0.32826514      0.80628011      -12.995582      0.41118135       2.1294387       6.4014758   1.0102244e-13       2.5773972       1.3119662        1.3119662      -20.897537      -20.897537
              5      -9.9185337      0.33006657      0.79637135      -12.998627      0.41744415       2.1382898       6.2570749   1.0031675e-13       2.6148342       1.3249875        1.3249875      -22.487042      -22.487042
              4      -10.420872      0.34830884      0.74472978      -12.977289      0.51542112       2.2300204       5.5555848   1.0536861e-13       3.2765826       1.1875782        1.1875782      -23.216901      -23.216901
              2      -11.084935      0.35369816      0.71794723       -12.98321       0.5289645        2.257866       5.2233272   1.0394185e-13       3.3803721       1.2240467        1.2240467      -24.617963      -24.617963
              2      -10.122441      0.74516731      0.76853496      -12.984681       0.5515662       5.5611845       5.8686061   1.0359038e-13       3.5609526       0.5357414        0.5357414      -21.316366      -21.316366
              4      -8.3768756      0.74187525      0.78860511      -12.978023      0.52982465       5.5191888       6.1461776    1.051907e-13       3.3870738       0.4975289        0.4975289      -17.748809      -17.748809
              2      -12.218604      0.51298822       1.0913015       -12.92684      0.51996764       3.2582786       12.339611   1.1834785e-13       3.3110645      0.41166453       0.41166453      -25.260538      -25.260538
              5       -11.91973      0.44663205       1.0601279      -12.927249      0.38525462       2.7966109       11.484919   1.1823622e-13       2.4280332      0.64464107       0.64464107      -25.128742      -25.128742
              5      -11.517859      0.46165764       1.0538605      -12.932836      0.36738551       2.8950605       11.320366   1.1672499e-13       2.3301587      0.64462582       0.64462582      -24.324969      -24.324969
             10      -11.163513      0.39314257       1.1255905      -12.909265      0.46905018       2.4725357       13.353357   1.2323513e-13       2.9447619      0.65897064       0.65897064      -23.644968      -23.644968
              9      -10.762362       0.4830735       1.5367793      -12.838563      0.57101279       3.0413997       34.417495    1.450229e-13       3.7240267      0.62148256       0.62148256      -22.767688      -22.767688
              4      -10.488306      0.52620482       1.5988491      -12.802142      0.50143971       3.3589599       39.705352   1.5770944e-13       3.1727782      0.67063885       0.67063885      -22.317889      -22.317889
              3       -10.97064       0.6822733       1.6341933      -12.790889      0.55843712       4.8114203        43.07183   1.6184924e-13       3.6177381      0.51785349       0.51785349      -22.976986      -22.976986
              1      -10.752565      0.70251466       1.6395769      -12.791431      0.51500905       5.0409763       43.609073   1.6164734e-13       3.2734751      0.53097728       0.53097728      -22.567085      -22.567085
              1      -10.819225      0.52934535       1.5971995      -12.798016      0.54323871       3.3833377       39.554824   1.5921489e-13       3.4933227      0.64521327       0.64521327      -22.928877      -22.928877
              8      -12.334813      0.92013707      0.98450667      -12.933735      0.64913227       8.3202634       9.6495414   1.1648363e-13         4.45792      0.19202685       0.19202685       -25.05368       -25.05368
              4      -11.966944       1.0659456       1.1718654      -12.881764      0.87978829       11.639801       14.854751   1.3129119e-13       7.5820787      0.29431004       0.29431004      -24.522508      -24.522508
              1      -11.906682       1.0040235       1.1734927      -12.881418      0.84364792       10.093075       14.910517   1.3139587e-13       6.9766657      0.18752738       0.18752738       -24.18842       -24.18842
              4      -10.653484      0.97465068        1.193706      -12.869667      0.88807122       9.4330184       15.620899   1.3499989e-13        7.728073      0.17457827       0.17457827      -21.656125      -21.656125
              1      -12.060084        1.090016       1.1268848      -12.881217      0.86845779        12.30314       13.393215   1.3145669e-13       7.3868246       0.3203736        0.3203736      -24.760915      -24.760915
             10      -11.964295      0.95497389       1.0321744      -12.920091      0.49004232       9.0151694       10.768977   1.2020112e-13       3.0905966       0.2177593        0.2177593      -24.364109      -24.364109
              3      -11.193533       1.1793084       1.1101928      -12.927347      0.67622499       15.111527       12.888217   1.1820958e-13       4.7448773      0.51758114       0.51758114      -23.422229      -23.422229
              7      -12.054938      0.84039222       1.1553108      -12.867103      0.89768939       6.9245606        14.29917    1.357991e-13       7.9011332     0.093554409      0.093554409      -24.296984      -24.296984
             12      -11.206151       0.4709947      0.93870001      -12.939966      0.74059197       2.9579763       8.6836039   1.1482424e-13       5.5029044      0.55524012       0.55524012      -23.522783      -23.522783
              3      -7.4577966      0.48890986       1.1179186      -12.889695       1.0984799       3.0825481       13.119541   1.2891559e-13       12.545267      0.64712608       0.64712608      -16.209845      -16.209845
              7      -7.4722391       1.3191697      0.73215188      -12.952712     0.083870844       20.853055       5.3969934   1.1150335e-13       1.2130281       1.7717652        1.7717652      -18.488009      -18.488009
              1      -7.8868994       1.3042505      0.60072698      -12.993097     -0.13120299       20.148861       3.9877414   1.0160208e-13      0.73925966       2.5587598        2.5587598      -20.891318      -20.891318
              7      -8.3352401       1.1469835      0.49956395      -12.991116     -0.08210924       14.027605       3.1591042   1.0206672e-13      0.82773393       2.2314381        2.2314381      -21.133357      -21.133357
             29      -9.4783075       1.0381466      0.50015895      -12.994626     -0.07351995       10.918088       3.1634353   1.0124501e-13      0.84426746       2.0382717        2.0382717      -23.033158      -23.033158
              6      -9.0332251       0.9892942       0.5230803      -13.005478     -0.06162509       9.7565035       3.3348807   9.8746484e-14      0.86771061       1.9475207        1.9475207      -21.961492      -21.961492
              3      -9.3593505      0.97571646      0.88547118      -12.893808    -0.011160393        9.456196       7.6819448   1.2770028e-13      0.97462962      0.96551008       0.96551008      -20.649721      -20.649721
              6      -9.8081208      0.91262017       1.0184591        -12.9105      0.31398129       8.1774928       10.434198   1.2288525e-13       2.0605412      0.32230445       0.32230445      -20.260851      -20.260851
              2      -11.798903      0.79408745      0.99022932      -12.916593      0.23481929        6.224256       9.7775336   1.2117342e-13       1.7171937      0.41753358       0.41753358      -24.432873      -24.432873
             18      -11.109353      0.75896133       1.1694777      -12.866566      0.20297867       5.7406534       14.773306   1.3596709e-13       1.5958008       0.3662053        0.3662053      -22.951116      -22.951116
              6      -10.811734      0.46224105      0.97926255      -12.912386      0.26575287       2.8989522       9.5337234   1.2235277e-13       1.8439658      0.73835405       0.73835405      -23.100176      -23.100176
              5      -10.109948      0.44617399      0.99233644      -12.906912       1.0468309       2.7936628       9.8250879   1.2390473e-13       11.138607      0.72644037       0.72644037      -21.672776      -21.672776
             14      -12.047206      0.57815553       1.1500585      -12.877148       1.0733657       3.7857814       14.127277   1.3269415e-13       11.840382      0.44715819       0.44715819      -24.988729      -24.988729
              9      -8.2778808     -0.12299079       1.1365636        -12.8948       1.0248147      0.75337153        13.69505     1.27409e-13       10.588019       2.8840845        2.8840845      -22.323931      -22.323931
             21      -9.9498171     -0.07156258       1.2315939      -12.877875       1.0391037      0.84808117       17.044879   1.3247238e-13       10.942176       2.6144465        2.6144465      -25.128527      -25.128527
              4      -10.117651    -0.047870473       1.2193451      -12.883597       1.0266809      0.89563184       16.570863   1.3073838e-13       10.633613       2.4782705        2.4782705      -25.191843      -25.191843
              5        -10.0292    -0.056722927       1.2191634      -12.885469       1.0124558      0.87756051       16.563932   1.3017615e-13       10.290957       2.5107994        2.5107994      -25.079999      -25.079999
             10      -9.3386149     0.043743585       1.2585453       -12.88257      0.81456345       1.1059706       18.136159   1.3104794e-13       6.5247436       1.8681599        1.8681599       -22.41355       -22.41355
             10      -9.1012921     -0.15830931       1.3617946      -12.879322       0.9323781       0.6945295       23.003535   1.3203163e-13       8.5581146       3.0701254        3.0701254      -24.342835      -24.342835
             19      -10.454018      0.25956075       1.1974014      -12.852821      0.20007436       1.8178613       15.754383   1.4033928e-13       1.5851646       1.2759368        1.2759368      -23.459909      -23.459909
              5      -11.178339      0.42210675        1.483342      -12.832747      0.53566871       2.6430583       30.432803   1.4697826e-13       3.4329598      0.69371807       0.69371807      -23.744115      -23.744115
             25      -10.660223      0.56390896       1.5580912      -12.809686      0.47042179       3.6636076       36.148579   1.5499373e-13       2.9540768      0.56087009       0.56087009      -22.442186      -22.442186
             17      -12.553414      0.76477142        1.280298      -12.890176       0.7278271       5.8179692       19.067686   1.2877266e-13       5.3435159     0.088774959      0.088774959      -25.284378      -25.284378
              9      -11.620304      0.53180527       1.4617189      -12.862215      0.69518425       3.4025559        28.95469   1.3733605e-13       4.9566043      0.43489155       0.43489155      -24.110391      -24.110391
             11      -12.034453      0.59261401       1.3901061      -12.870249      0.66553638       3.9139386       24.553088    1.348191e-13       4.6295244      0.27511335       0.27511335      -24.619132      -24.619132
              3      -12.017259      0.58889586       1.3888806      -12.870795      0.66128605        3.880573       24.483902    1.346495e-13       4.5844374      0.27959116       0.27959116        -24.5937        -24.5937
              3      -11.598701      0.85690879       1.2821206      -12.870552      0.66293462       7.1929789       19.147877   1.3472494e-13       4.6018729     0.057763436      0.057763436       -23.31293       -23.31293
              8      -11.075121       0.7464667       1.3781698      -12.859231       0.5923548       5.5778483       23.887452   1.3828316e-13       3.9116033      0.13147934       0.13147934      -22.413201      -22.413201
             15      -11.726728      0.54766505       1.3475025      -12.879245      0.64194773       3.5291088       22.258841   1.3205505e-13       4.3847792        0.316075         0.316075      -24.085607      -24.085607
              5      -11.578409       1.0529817       1.3679928      -12.862185      0.51275518       11.297483       23.334194   1.3734573e-13       3.2565308      0.31935498       0.31935498      -23.795527      -23.795527
             28      -9.1147933     0.094814514        1.719253      -12.846466      0.69258033       1.2439832       52.390552   1.4240776e-13       4.9269747       2.1537185        2.1537185      -22.537024      -22.537024
             23      -9.9435233       0.2238336        1.350343      -12.916365       1.0151112       1.6743012       22.404901    1.212369e-13       10.354074       1.4105268        1.4105268        -22.7081        -22.7081
              1      -9.8603385        0.218181       1.3701913       -12.91489       1.0280449       1.6526504       23.452616   1.2164933e-13       10.667063       1.4586949        1.4586949      -22.638067      -22.638067
              1      -10.601834      0.30130367       1.3885753      -12.905253       1.0390252       2.0012607       24.466694   1.2437892e-13       10.940198       1.1914787        1.1914787      -23.586626      -23.586626
              9      -10.558876      0.33765931       1.3969335      -12.911673      0.93946506       2.1760021       24.942129   1.2255384e-13       8.6989145       1.0000616        1.0000616      -23.117876      -23.117876
             15      -9.2999176      0.17742514       1.6132827      -12.870675      0.90752005       1.5046141       41.047125   1.3468668e-13       8.0820224       1.7301052        1.7301052      -22.060046      -22.060046
              2      -9.1099387      0.19121648       1.6107933      -12.876348      0.90345238        1.553161       40.812506   1.3293896e-13       8.0066782       1.6771364        1.6771364       -21.57415       -21.57415
              8      -9.1956581      0.19612767        1.608572      -12.877455      0.91029315       1.5708245       40.604294   1.3260053e-13       8.1337936       1.6617796        1.6617796      -21.714875      -21.714875
              8      -8.5436962     0.074557779       1.5906614      -12.901088      0.85518187       1.1872926        38.96381   1.2557758e-13       7.1644337       2.1266997        2.1266997      -21.340792      -21.340792
              3      -6.9305273     0.098763875       1.6325065      -12.891659      0.87008432       1.2553472       42.904858   1.2833365e-13       7.4145418       2.0845973        2.0845973      -18.030249      -18.030249
             17      -7.7339755      0.43763902       1.5166632      -12.906349      0.79176123       2.7392964       32.859673    1.240655e-13       6.1910061      0.77675433       0.77675433       -17.02146       -17.02146
              7      -9.7055317      0.30622278       1.4808735      -12.913919      0.83795976       2.0240572       30.260316   1.2192166e-13        6.885885       1.1165628        1.1165628      -21.644189      -21.644189
             10      -10.673715      0.11670388       1.3858675      -12.896222       0.9067653       1.3082896       24.314621   1.2699261e-13       8.0679891       1.7129963        1.7129963      -24.773423      -24.773423
             24       -10.67233      0.11752831       1.3848504      -12.896507      0.90726215       1.3107755       24.257743   1.2690929e-13       8.0772245       1.7094888        1.7094888      -24.763638      -24.763638
              5      -10.635258      0.10705787       1.3813196      -12.897237      0.89825081       1.2795518       24.061326   1.2669604e-13       7.9113538       1.7448958        1.7448958      -24.760309      -24.760309
             25      -10.161093     0.067358954       1.3856234      -12.909638      0.89571859       1.1677744       24.300961   1.2312938e-13       7.8653597       1.9439013        1.9439013      -24.209988      -24.209988
              7      -9.4915726     0.087118146       1.3583356      -12.908349      0.84408587       1.2221321       22.821048   1.2349534e-13       6.9837048       1.7961835        1.7961835      -22.575512      -22.575512
             10      -7.7725021     0.058601492        1.418871      -12.912834      0.85484949       1.1444623       26.234389   1.2222656e-13       7.1589527       1.9946917        1.9946917      -19.534388      -19.534388
             20      -9.2348818    -0.012483018       1.4662806       -12.90125      0.83821035      0.97166595       29.260424    1.255307e-13       6.8898592       2.3531642        2.3531642      -23.176092      -23.176092
              9      -10.311876      0.51379054       1.3722259      -12.904532      0.77864342       3.2643035       23.562745   1.2458574e-13       6.0068034      0.45325419       0.45325419      -21.530261      -21.530261
              4      -11.810054      0.77255754       1.2236855      -12.913283      0.90302357       5.9232156       16.737304   1.2210032e-13       7.9987767      0.18789852       0.18789852      -23.995906      -23.995906
             14      -11.810008       0.7639032       1.2267738      -12.913849      0.89164458       5.8063499       16.856748   1.2194148e-13       7.7919218      0.18395311       0.18395311      -23.987922      -23.987922
             12       -12.07931      0.81221319       1.4422148      -12.846136      0.50606892       6.4895293       27.683103   1.4251597e-13       3.2067782      0.20715044       0.20715044       -24.57292       -24.57292
              6      -11.622478      0.81324961       1.4560303      -12.844541      0.52736621       6.5050345       28.577897   1.4304061e-13       3.3679544      0.21149563       0.21149563      -23.667947      -23.667947
             35      -11.006397      0.83278571       1.1733215      -12.889221      0.33724891       6.8043353       14.904641   1.2905627e-13       2.1739468      0.21518598       0.21518598      -22.443165      -22.443165
              4      -11.442285      0.81734378       1.1924349      -12.887347      0.34746715       6.5666486       15.575245   1.2961443e-13       2.2257027      0.20428983       0.20428983      -23.293149      -23.293149
             13      -11.762074       0.7901081       1.3223998      -12.878713      0.62217658       6.1674849       21.008728   1.3221706e-13       4.1896388     0.090937815      0.090937815      -23.706023      -23.706023
             14      -12.398873       0.7190379        1.290416       -12.88073      0.54975536       5.2364614       19.517131   1.3160418e-13       3.5461358      0.11672486       0.11672486      -25.031196      -25.031196
             28       -12.42057      0.61165194       1.2986637      -12.877007      0.55448723       4.0893279       19.891324   1.3273719e-13       3.5849841      0.20959912       0.20959912      -25.260338      -25.260338
             16      -12.427304      0.61715365       1.3104204       -12.87682        0.562311       4.1414617       20.437151   1.3279441e-13       3.6501524      0.20746756       0.20746756      -25.269543      -25.269543
             13      -12.423384       0.6333365       1.3160424      -12.875574      0.56329934       4.2986937       20.703435   1.3317609e-13       3.6584687      0.19114486       0.19114486      -25.229057      -25.229057
             13      -12.303889      0.62262596       1.3076057      -12.878798      0.55081395       4.1939762       20.305127   1.3219095e-13         3.55479       0.2059974        0.2059974      -25.019773      -25.019773
             23      -11.499098       1.0448621       1.5339748      -12.818355      0.38533406       11.088226       34.195961   1.5193056e-13       2.4284773      0.57050217       0.57050217      -24.139201      -24.139201
              3      -11.747157       1.1350317       1.3658543      -12.893814      0.71655881       13.646827       23.219579    1.276986e-13       5.2066551      0.46287965       0.46287965      -24.420074      -24.420074
             21      -11.528946       1.2327127       1.1603372       -12.89609      0.76049132       17.088846       14.465625   1.2703102e-13        5.760913       0.5963757        0.5963757      -24.250644      -24.250644
             23      -12.017759      0.39104401       1.1722999      -12.904167      0.53233695       2.4606169       14.869621   1.2469051e-13        3.406724      0.62440011       0.62440011      -25.284318      -25.284318
             24      -11.677416      0.34023882       1.2068014      -12.896511      0.57925168        2.188965       16.099092   1.2690791e-13       3.7953487      0.73836914       0.73836914       -24.83157       -24.83157
             14        -12.2776      0.88304023      0.89929453       -12.95001      0.50915853       7.6390654       7.9303897    1.121993e-13       3.2296728      0.31008986       0.31008986      -25.175381      -25.175381
              1      -11.761456      0.82599101      0.88241097      -12.949744      0.49282948       6.6987074       7.6280051   1.1226791e-13       3.1104948      0.31650147       0.31650147      -24.155914      -24.155914
              6      -11.816964      0.82343958      0.88257891      -12.950063      0.49472953       6.6594686       7.6309553   1.1218549e-13       3.1241331      0.31603222       0.31603222      -24.265993      -24.265993
              1      -10.658735      0.83272679      0.98139756      -12.921768      0.51541208       6.8034123        9.580707    1.197381e-13       3.2765144      0.16668173       0.16668173      -21.650833      -21.650833
              7      -11.780338      0.83575617      0.97270492      -12.919602      0.51915891       6.8510348       9.3908503   1.2033657e-13       3.3049045      0.16459374       0.16459374      -23.889864      -23.889864
             12      -11.872744      0.99129862       1.0824951      -12.914948      0.25007046       9.8016372       12.091917   1.2163317e-13       1.7785679      0.46342963       0.46342963      -24.672347      -24.672347
             12      -12.180615       1.0070598       1.0108005      -12.938805      0.39739904       10.163887       10.251808   1.1513179e-13       2.4968878      0.39298151       0.39298151      -25.147194      -25.147194
              1       -12.16084      0.98989972       1.0060774      -12.937915      0.39560428       9.7701159        10.14092   1.1536797e-13       2.4865906      0.37452857       0.37452857      -25.070737      -25.070737
             10      -12.137611       0.7886689       1.4380372      -12.837041      0.42235544       6.1470805       27.418088   1.4553223e-13       2.6445723      0.25587076       0.25587076      -24.786964      -24.786964
              2       -12.42411      0.84392692       1.2198025      -12.887559      0.70244555       6.9811493       16.588325   1.2955118e-13       5.0401743      0.05078082       0.05078082      -24.949782      -24.949782
              1      -9.9793607       0.6006519       1.6264185      -12.826524      0.59064463        3.987052       42.307615   1.4909938e-13       3.8962304      0.56438054       0.56438054      -21.087482      -21.087482
             21       -10.40556      0.55719805       1.6264972      -12.817103      0.56835846       3.6074312        42.31528   1.5236909e-13       3.7013355      0.63255058       0.63255058      -22.076222      -22.076222
              1       -10.53239       0.5500169       1.6188261      -12.815126      0.59177769        3.548272       41.574415   1.5306417e-13       3.9064088      0.62421535       0.62421535       -22.31321       -22.31321
              5      -11.032624      0.54602022       1.6219569      -12.812223      0.59405755       3.5157681       41.875204    1.540909e-13       3.9269697      0.63616105       0.63616105       -23.33757       -23.33757
              5      -10.634922      0.48221474      0.97799618      -12.926305        1.005394       3.0353917       9.5059642   1.1849352e-13       10.124976      0.65190604       0.65190604      -22.573656      -22.573656
              2      -12.120384      0.79940694       1.2075207      -12.889589      0.43596299       6.3009632       16.125779   1.2894706e-13       2.7287453      0.13261025       0.13261025      -24.505989      -24.505989
              2      -12.482455      0.77996629       1.1524782      -12.913069      0.45550623       6.0251282        14.20621   1.2216062e-13       2.8543434      0.15280237       0.15280237      -25.270516      -25.270516
              1         -9.9863        1.087023        1.286365      -12.898316      0.66541418       12.218643       19.335927   1.2638152e-13        4.628222      0.32357248       0.32357248      -20.619745      -20.619745
              3      -11.797439       1.0635173       1.1721643      -12.884778      0.94874576       11.574902       14.864978   1.3038334e-13       8.8868072      0.35012986       0.35012986      -24.295138      -24.295138
             15      -11.845634      0.83301472       1.1751595      -12.883544      0.96304498       6.8079243       14.967852   1.3075435e-13       9.1842772      0.17113626       0.17113626       -24.03354       -24.03354
              7       -11.47707       0.8672296       1.1729346      -12.881035      0.98294085       7.3659642       14.891368   1.3151201e-13       9.6148131      0.19510761       0.19510761      -23.344355      -23.344355
              4      -11.166314       1.1769817       1.0638106      -12.820271       1.2420142       15.030787       11.582722    1.512616e-13       17.458794      0.92823212       0.92823212      -24.189092      -24.189092
             13      -11.640326        1.179647        1.053157      -12.804326       1.1163197       15.123314       11.302043   1.5691854e-13       13.071329      0.73214021       0.73214021      -24.744933      -24.744933
              1       -9.336296       1.3062159       1.0347516      -12.793306       1.2160884        20.24025       10.833071   1.6095116e-13       16.447063       1.2359606        1.2359606      -21.144513      -21.144513
              8      -9.1338273       1.2178718       1.0593562      -12.770037        1.208333       16.514744       11.464528   1.6980972e-13       16.155968       0.9992143        0.9992143      -20.266083      -20.266083
              5       -8.097866       1.1972869       1.0640982      -12.770541       1.2002681       15.750231       11.590394   1.6961284e-13       15.858718      0.93418811       0.93418811      -18.064108      -18.064108
             68      -9.6924703      0.88241597      0.87211186      -12.736132       1.0218628       7.6280928       7.4492382   1.8359818e-13       10.516296      0.40109703       0.40109703      -20.187135      -20.187135
              1      -10.652237      0.80746202      0.91647635      -12.745615       1.3714388       6.4189209       8.2504256   1.7963252e-13        23.52008      0.93346887       0.93346887      -23.171412      -23.171412
             16      -10.143412      0.80776622      0.91464285      -12.746061       1.3718974       6.4234185       8.2156674   1.7944801e-13       23.544928      0.93496154       0.93496154      -22.156747      -22.156747
             56      -10.691215      0.82802297      0.97180904       -12.73635       1.3564207       6.7301224       9.3714984   1.8350585e-13        22.72065      0.88530994       0.88530994      -23.153051      -23.153051
              8      -10.146286       1.4146777       1.0028151      -12.738503       1.1369446       25.982305       10.065031    1.825985e-13       13.707068       1.5536058        1.5536058      -23.399783      -23.399783
              2      -9.4693869       1.3960006      0.97249223      -12.750829       1.1821807       24.888605       9.3862525   1.7748875e-13       15.211804       1.5490975        1.5490975      -22.036969      -22.036969
             10      -9.4863465       1.3120626      0.96750596      -12.750824       1.1667033       20.514578       9.2791021   1.7749104e-13       14.679231       1.2507252        1.2507252      -21.474143      -21.474143
              5      -10.111807       1.2785457      0.97225628      -12.748555       1.1546792       18.990907       9.3811544   1.7842073e-13       14.278388       1.1349691        1.1349691      -22.493552      -22.493552
              7      -10.013578       1.2896727      0.98254136      -12.747035       1.1757412       19.483755       9.6059729   1.7904618e-13       14.987915       1.1985927        1.1985927      -22.424341      -22.424341
             14       -10.14469       1.2839671      0.98466172      -12.744649       1.1854859       19.229459        9.652987   1.8003264e-13       15.328015       1.2019506        1.2019506       -22.69328       -22.69328
              4      -10.216223       1.3092496      0.98373179      -12.739819       1.1303807       20.382132       9.6323397   1.8204582e-13       13.501459       1.1982813        1.1982813       -22.82901       -22.82901
             18       -10.64358       1.3710672       1.0174202      -12.728048       1.1437825       23.499962       10.409267   1.8704738e-13       13.924592       1.4281139        1.4281139      -24.143387      -24.143387
             12      -10.131352       1.4020268       1.0111548      -12.719055        1.117824       25.236365       10.260175   1.9096113e-13       13.116682       1.5207959        1.5207959      -23.304295      -23.304295
             14      -8.5414451        1.422634      0.89582395      -12.774692      0.95178491       26.462691       7.8672682   1.6799947e-13       8.9492144        1.359992         1.359992      -19.802874      -19.802874
             10      -8.5941537       1.3918522      0.91153459      -12.727665       1.0320922       24.652001       8.1570775   1.8721255e-13       10.766938       1.4048942        1.4048942      -19.998096      -19.998096
              2      -10.324081       1.1345166       1.0158499      -12.685548       1.2374208       13.630652       10.371699    2.062776e-13        17.27511       1.0763948        1.0763948      -22.800952      -22.800952
              5      -11.492081       1.1304751      0.98318582      -12.693949       1.2547944       13.504394        9.620238   2.0232556e-13       17.980195       1.0876686        1.0876686      -25.159499      -25.159499
             37      -10.323132       1.4685682       1.0340341      -12.768345       1.1042936       29.414957       10.815188   1.7047282e-13       12.714334       1.6489359        1.6489359      -23.944137      -23.944137
              2       -9.147322       1.4614445        1.058595      -12.769513       1.0882947       28.936398       11.444451   1.7001472e-13       12.254474       1.5906386        1.5906386      -21.475921      -21.475921
             24      -10.256665       1.4279004       1.0302413      -12.780289       1.0968086        26.78554       10.721148   1.6584815e-13       12.497081       1.4685079        1.4685079      -23.450345      -23.450345
             17      -10.070845       1.4540732       1.0280795      -12.779649       1.1616439       28.449404       10.667913   1.6609298e-13       14.509213       1.6668252        1.6668252      -23.475341      -23.475341
             17      -11.417402       1.2923271       1.0414239      -12.770469       1.1635955       19.603207        11.00079     1.69641e-13       14.574562        1.127411         1.127411      -25.089625      -25.089625
             46      -11.369188       1.1927724       1.0186897      -12.769404       1.1396301       15.587355       10.439741    1.700575e-13       13.792092       0.8385475        0.8385475       -24.41547       -24.41547
              3      -11.259108       1.1404439       1.0136666      -12.768975        1.162677       13.817959       10.319689   1.7022563e-13        14.54377      0.76470199       0.76470199       -24.04762       -24.04762
              3      -9.8707099      0.80477325      0.96828168      -12.752102       1.1751311       6.3793032       9.2956911   1.7696949e-13       14.966873      0.50340021       0.50340021       -20.74822       -20.74822
              3      -8.2229997      0.97771486      0.96436154      -12.764408       1.1989764       9.4998086       9.2121614   1.7202508e-13       15.811621      0.60999015       0.60999015       -17.66598       -17.66598
              1       -9.777207      0.98353692      0.99795934       -12.74774       1.3214508       9.6280185       9.9531222   1.7875594e-13       20.962875      0.86325717       0.86325717      -21.280928      -21.280928
             17      -9.7237295      0.86156486       1.0221409      -12.744104       1.3053984       7.2705098       10.523032    1.802588e-13       20.202186      0.74500578       0.74500578      -20.937471      -20.937471
              6      -10.705476      0.82996513       1.0080272      -12.728292       1.3047151       6.7602869       10.186551   1.8694242e-13       20.170426      0.77561445       0.77561445      -22.962181      -22.962181
             18      -11.520138      0.76420243       1.0101387      -12.736879       1.2665635       5.8103519       10.236198   1.8328266e-13       18.474108      0.68472426       0.68472426      -24.409725      -24.409725
             22      -11.685192      0.77588914       1.0117894      -12.736602       1.2542322        5.968829       10.275179   1.8339951e-13       17.956933      0.65802223       0.65802223      -24.686428      -24.686428
              1      -11.837494       0.7683395       1.0039713       -12.74178       1.2513468       5.8659654       10.091861   1.8122578e-13       17.838026       0.6467282        0.6467282      -24.968444      -24.968444
              1      -11.712768      0.78898879       1.0327791      -12.730376       1.1464062       6.1516099       10.783981   1.8604762e-13        14.00897      0.47550764       0.47550764      -24.376551      -24.376551
              2      -9.5887839      0.87367202       1.0554988      -12.720133       1.1745664        7.476047       11.363152   1.9048762e-13       14.947425      0.54945061       0.54945061      -20.276469      -20.276469
             29      -11.767195       0.8957378       1.0175812      -12.725892       1.1642779       7.8657077       10.413128   1.8797855e-13       14.597481      0.53943011       0.53943011       -24.61325       -24.61325
              7      -10.716642      0.95410727       1.0410626      -12.716912       1.1640393       8.9971978       10.991641   1.9190596e-13       14.589462      0.59407318       0.59407318      -22.621431      -22.621431
             18      -10.818115      0.63410654      0.97393324      -12.720066        1.211074       4.3063223       9.4174482   1.9051701e-13       16.258256      0.72440506       0.72440506       -23.08504       -23.08504
              1      -11.670384      0.63545168      0.99663028      -12.714825       1.2150841       4.3196811       9.9227095   1.9283009e-13       16.409073      0.73298797       0.73298797      -24.806745      -24.806745
              1      -11.714503       0.6196419      0.99908306      -12.715699       1.2110395       4.1652579       9.9789089    1.924426e-13       16.256965      0.74001998       0.74001998      -24.909045      -24.909045
              1      -11.708879      0.63283573      0.99849775      -12.718579       1.2079756       4.2937399       9.9654691   1.9117075e-13       16.142677      0.71271039       0.71271039      -24.843178      -24.843178
             62      -11.696348      0.64141647      0.99354406      -12.717827       1.1723949       4.3794187       9.8524459   1.9150194e-13       14.872875      0.64727919       0.64727919      -24.687253      -24.687253
              4      -11.346821      0.69045527       0.9999168       -12.71188       1.1628789       4.9029253       9.9980845   1.9414238e-13       14.550531      0.60174385       0.60174385      -23.897129      -23.897129
             20      -11.660472      0.65661412      0.99002284       -12.71706       1.1722282       4.5353845       9.7728861   1.9184054e-13       14.867165      0.63565685       0.63565685      -24.592258      -24.592258
             17      -11.519939      0.65799239      0.98841474      -12.717858       1.1740164       4.5498009       9.7367662   1.9148815e-13       14.928507      0.63599042       0.63599042      -24.311859      -24.311859
             38      -11.611579      0.60555883      0.99184762      -12.718398       1.1765371       4.0323556       9.8140354   1.9125045e-13       15.015406      0.69403603       0.69403603       -24.61123       -24.61123
             20      -11.513355      0.67548293      0.98817866      -12.710163       1.3166565       4.7367769       9.7314747    1.949114e-13       20.732732      0.90919928       0.90919928      -24.845109      -24.845109
              1      -10.601978      0.85913737      0.95029175      -12.687731       1.1242256       7.2299845       8.9184986   2.0524337e-13       13.311457      0.60208569       0.60208569      -22.408127      -22.408127
             14      -11.057642      0.89401191      0.95751048      -12.675071       1.1931059       7.8345113       9.0679785   2.1131427e-13       15.599329       0.7651887        0.7651887       -23.64566       -23.64566
              1      -11.053472      0.89501509      0.96532944      -12.678699       1.1529599       7.8526291       9.2327152   2.0955644e-13       14.221975      0.68259814       0.68259814      -23.472141      -23.472141
             15      -10.800818       1.0275426      0.94690229      -12.686976       1.1602305       10.654733        8.849165   2.0560066e-13       14.462071       0.7967984        0.7967984      -23.195232      -23.195232
              2       -10.48826      0.91410716      0.93521821      -12.676171       1.1798647       8.2055399       8.6142647   2.1077992e-13       15.130897      0.76357973       0.76357973       -22.50368       -22.50368
              3      -11.085289      0.89370297      0.96674974      -12.672564       1.1799044       7.8289402       9.2629589   2.1253768e-13        15.13228      0.74678715       0.74678715      -23.664152      -23.664152
             18      -10.113306      0.89862977      0.96164082      -12.674529       1.1265011       7.9182602       9.1546306   2.1157834e-13       13.381386      0.66064531       0.66064531      -21.547903      -21.547903
             26      -10.300672      0.90391761      0.94955224      -12.678343       1.1261933         8.01526       8.9033253   2.0972826e-13       13.371907      0.65638411       0.65638411      -21.914113      -21.914113
             18      -10.816056        0.884777       1.0052334      -12.685682       1.2346772       7.6696756       10.121233   2.0621408e-13        17.16632      0.77511619       0.77511619      -23.182344      -23.182344
             39      -10.734201      0.85791429      0.99470478      -12.685823        1.232272       7.2096518       9.8788134   2.0614711e-13       17.071514      0.76479839       0.76479839      -22.997999      -22.997999
             30      -10.967637      0.99639425      0.98190022      -12.678871       1.1608906       9.9173182       9.5918023   2.0947336e-13       14.484069      0.76875156       0.76875156      -23.472777      -23.472777
              5      -10.308172      0.96142409      0.99806403      -12.681821       1.2071318       9.1500631       9.9555219    2.080552e-13       16.111346      0.79344467       0.79344467      -22.203233      -22.203233
              3      -9.8177942      0.98245176       1.0199957       -12.68063       1.2056818       9.6039914       10.471182   2.0862666e-13       16.057641      0.80702857       0.80702857      -21.249646      -21.249646
             59      -9.7923382       1.0704706      0.85591986      -12.792751      0.94341242       11.761715       7.1766185   1.6115709e-13       8.7783404      0.44124652       0.44124652      -20.467169      -20.467169
              5      -9.3263076      0.94444046      0.85303605      -12.782178      0.91889003       8.7991448       7.1291221   1.6512866e-13       8.2964066      0.28271703       0.28271703      -19.218049      -19.218049
             14      -10.475246      0.83516149       1.0405638      -12.795188        1.060545       6.8416601       10.979025   1.6025525e-13       11.495954      0.25566677       0.25566677      -21.461826      -21.461826
             55      -11.967624      0.70119858       1.1159143      -12.904784      0.86678062       5.0257233       13.059133   1.2451345e-13        7.358353      0.15898231       0.15898231      -24.253212      -24.253212
             10      -12.175648      0.66462031       1.1306414      -12.897083      0.87389229       4.6197696       13.509566   1.2674111e-13       7.4798397       0.1780823        0.1780823       -24.70746       -24.70746
             21      -11.541063      0.56761681       1.1498106      -12.890565      0.94107767       3.6950201       14.119216   1.2865734e-13       8.7312751      0.33523406       0.33523406      -23.752594      -23.752594
              7      -11.602011      0.47853797       1.2072707      -12.894228      0.87508445       3.0098023       16.116497    1.275768e-13       7.5004005      0.45602605       0.45602605      -24.116073      -24.116073
              5      -12.479535      0.74136551       1.1810523      -12.895256      0.58761985       5.5127146       15.172332   1.2727526e-13       3.8691882     0.072361432      0.072361432      -25.103792      -25.103792
              7      -12.050703      0.73562265       1.1993279       -12.89961      0.59352475       5.4402975       15.824425   1.2600568e-13        3.922155     0.085325806      0.085325806      -24.272058      -24.272058
              1      -10.465582      0.85488224       1.0705994      -12.905603      0.52021864       7.1594925       11.765202   1.2427886e-13       3.3129787      0.10529016       0.10529016      -21.141745      -21.141745
             19      -10.894382      0.83935072       1.0946389      -12.848792      0.87802615       6.9079745       12.434802    1.416472e-13       7.5513769     0.063888812      0.063888812      -21.916541      -21.916541
             24      -10.355986      0.35785885      0.92383054      -12.854172       1.1816481       2.2796011       8.3913249   1.3990346e-13       15.193161       1.1084236        1.1084236       -22.92882       -22.92882
             21       -10.67923      0.35863346      0.94247057      -12.849381       1.1857248       2.2836706       8.7593236   1.4145527e-13        15.33645       1.0980353        1.0980353       -23.55453       -23.55453
             23      -10.341714      0.35536126      0.94340806      -12.849296        1.183951       2.2665289       8.7782523   1.4148292e-13       15.273939       1.1034086        1.1034086      -22.890244      -22.890244
             15      -10.752378      0.33958881      0.89455465      -12.852653       1.1950902       2.1856912       7.8443083   1.4039353e-13       15.670765       1.2024712        1.2024712      -23.909699      -23.909699
              4      -11.226499      0.36522305      0.90229439      -12.855261       1.2014125       2.3185851       7.9853581   1.3955279e-13       15.900563       1.1382356        1.1382356       -24.72947       -24.72947
             40      -11.027386      0.29208413        1.051902      -12.845637       1.2014384       1.9592242       11.269433   1.4267989e-13       15.901512       1.2717475        1.2717475      -24.598268      -24.598268
              2      -11.329791      0.36609617       1.0223648      -12.859291       1.1867561       2.3232512       10.528458   1.3826383e-13        15.37291       1.0485709        1.0485709      -24.756723      -24.756723
              7      -11.546292      0.56704821       1.2913848       -12.87143       0.9932121       3.6901856       19.560716   1.3445272e-13        9.844918       0.4096652        0.4096652      -23.911915      -23.911915
              1      -11.541734       0.5468371       1.2687173      -12.871445       1.0204546       3.5223872       18.565956   1.3444814e-13       10.482252      0.45834784       0.45834784      -24.000164      -24.000164
             17       -11.74873      0.48813391        1.154057      -12.900691      0.93324591       3.0770454       14.257948   1.2569237e-13       8.5752326       0.4820128        0.4820128      -24.461485      -24.461485
              2      -11.849938      0.44248076       1.2420724      -12.870478       1.0777949       2.7700063        17.46113   1.3474805e-13       11.961754      0.71559538       0.71559538      -25.131066      -25.131066
             17      -11.866221      0.43396091       1.2193489      -12.874398       1.0843848       2.7161948       16.571005   1.3353702e-13       12.144643       0.7395337        0.7395337      -25.211509      -25.211509
              4      -11.620604      0.40067119       1.2382414      -12.879246       1.0649054       2.5157715       17.307781   1.3205486e-13       11.611955      0.80602028       0.80602028      -24.853248      -24.853248
             22      -11.667111      0.40209571        1.243286      -12.879131       1.0688913        2.524037       17.509995   1.3208959e-13       11.719021      0.80959938       0.80959938      -24.953421      -24.953421
             53       -11.49266      0.43298867        1.302784      -12.863251       1.0922336       2.7101209       20.080937   1.3700886e-13       12.366125       0.7809721        0.7809721      -24.547265      -24.547265
             16      -11.734753      0.53454148       1.0863558       -12.88753      0.96969157       3.4240609       12.199886   1.2955983e-13       9.3259174      0.40986945       0.40986945      -24.289244      -24.289244
              4      -10.977934      0.59460423       1.1094811        -12.8621       1.1162808        3.931916       12.867113   1.3737246e-13       13.070157      0.46702422       0.46702422      -22.889917      -22.889917
             21      -11.151407      0.77454676        1.329902      -12.765716      0.12348694       5.9504082       21.374799   1.7150772e-13       1.3288836      0.58450711       0.58450711      -23.471828      -23.471828
             11      -10.186204      0.36080555       1.3865415      -12.796251       0.2311666       2.2951208       24.352383   1.5986336e-13       1.7028116       1.0353854        1.0353854      -22.443178      -22.443178
              1      -10.453397      0.33550923        1.385163      -12.795623      0.24108036       2.1652559       24.275208   1.6009478e-13       1.7421292       1.0914054        1.0914054      -23.089604      -23.089604
             34      -9.0043431    -0.067062611       1.4212983      -12.755882      0.21066894       0.8569143       26.381428   1.7543577e-13       1.6243101       2.8635273        2.8635273      -23.735741      -23.735741
              2      -8.5238707     -0.21159279       1.0650056      -12.904744      0.34642161      0.61433777       11.614636   1.2452475e-13       2.2203509       3.3915103        3.3915103      -23.830762      -23.830762
              3       -9.001529      0.95049065      0.47031255      -13.020988      0.44182429       8.9225841       2.9533339   9.5282231e-14       2.7658224       1.3109763        1.3109763      -20.625011      -20.625011
             24      -11.537928       1.2261656       1.1524034      -12.878327       1.0091654       16.833159       14.203761   1.3233445e-13       10.213283      0.72782213       0.72782213      -24.531499      -24.531499
              2      -11.159825       1.2212184       1.1444876      -12.881066       1.0083972       16.642493       13.947217   1.3150261e-13       10.195235      0.71747698       0.71747698      -23.754603      -23.754603
             14      -12.190579       1.0263728       1.0959393      -12.894044      0.76030558       10.626073       12.472091   1.2763103e-13       5.7584498      0.19403898       0.19403898      -24.769235      -24.769235
              1      -12.358067      0.72230631       1.0119939      -12.926419      0.73167722       5.2760186       10.280018   1.1846241e-13       5.3910979      0.15588785       0.15588785      -25.027909      -25.027909
             22      -12.341518      0.72378481       1.0101509      -12.926682      0.73197568       5.2940106       10.236486    1.183908e-13       5.3948041      0.15649794       0.15649794      -24.996032      -24.996032
              5      -8.4759405       1.4649917        1.215977      -12.906459      0.76194653       29.173716       16.442846   1.2403403e-13       5.7802488       1.3836912        1.3836912      -19.719263      -19.719263
             13      -10.345749       1.3300272       1.2779776      -12.902608      0.73254579       21.380959       18.966079   1.2513885e-13       5.4018906        0.917264         0.917264      -22.526025      -22.526025
             12      -10.257699       1.1911834       1.3539706      -12.879185      0.78954654       15.530426       22.592829   1.3207326e-13       6.1595154      0.57121625       0.57121625       -21.65783       -21.65783
              1      -11.780445       0.8172198       1.5207594      -12.842042      0.51329743       6.5647743       33.171065   1.4386595e-13       3.2605993      0.29901828       0.29901828      -24.158927      -24.158927
              4      -11.801828      0.83034615       1.5366914      -12.841557      0.50727753       6.7662205       34.410531   1.4402668e-13       3.2157148      0.32525414       0.32525414      -24.254165      -24.254165
              1      -10.501896      0.65568909       1.3849092      -12.870344      0.52089339       4.5257347       24.261029   1.3478946e-13         3.31813      0.23433471       0.23433471      -21.472462      -21.472462
              2      -10.491212      0.66709706       1.3744217      -12.872433      0.51818565        4.646191       23.682181   1.3414269e-13       3.2975064      0.21832285       0.21832285       -21.41907       -21.41907
              7      -9.5173801      0.68425839       1.3426966      -12.876807      0.50878346       4.8334629        22.01388   1.3279843e-13       3.2268848      0.18829635       0.18829635      -19.411353      -19.411353
             13      -9.2497662      0.52436047       1.1624064      -12.928362      0.57989375       3.3447254       14.534713   1.1793378e-13       3.8009639      0.37382334       0.37382334      -19.247179      -19.247179
             23      -10.904958      0.14724783       1.2805006       -12.86699      0.34338882       1.4036144       19.076582   1.3583449e-13       2.2048996       1.5493737        1.5493737      -24.908662      -24.908662
              2      -10.634511     0.084096561       1.1939192      -12.883398      0.34700159       1.2136587        15.62857   1.3079841e-13        2.223318       1.7961141        1.7961141      -24.861249      -24.861249
              2       -10.68949      0.11985528       1.2825091      -12.858919      0.28644968       1.3178175       19.165011   1.3838235e-13       1.9339697       1.7206381        1.7206381      -24.820255      -24.820255
             12        -11.0177      0.35886436        1.483439      -12.834074      0.50406648       2.2848851       30.439602   1.4652985e-13       3.1920264      0.87006246       0.87006246      -23.775524      -23.775524
              3      -10.446115      0.26758574       1.5575588      -12.812718       0.5848825       1.8517644       36.104293   1.5391552e-13       3.8448774       1.2147775        1.2147775      -23.321784      -23.321784
             31      -9.8328286       0.4771772       1.6655201      -12.873392      0.82074661       3.0003865       46.293506   1.3384674e-13       6.6183025      0.89456084       0.89456084      -21.454779      -21.454779
              7      -10.557724      0.52396972       1.6952904      -12.865009      0.83707717       3.3417174       49.578162   1.3645543e-13       6.8719054       0.8636642        0.8636642      -22.842777      -22.842777
             11      -10.363634      0.52523164        1.691039      -12.864507      0.84206962       3.3514415       49.095202   1.3661327e-13       6.9513574      0.85542569       0.85542569       -22.43812       -22.43812
             13      -10.858703      0.52975696       1.6945912      -12.862501      0.84420945       3.3865458       49.498403   1.3724587e-13       6.9856922      0.85401522       0.85401522      -23.425437      -23.425437
              2      -11.156027       1.0248518       1.1399237      -12.931398      0.56340377       10.588923       13.801417   1.1711222e-13       3.6593485      0.27410164       0.27410164      -22.860256      -22.860256
              1      -12.239882       1.0273956       1.2004335      -12.894227      0.58605133       10.651129       15.864759   1.2757705e-13       3.8552392      0.20251658       0.20251658      -24.884796      -24.884796
             10      -12.213068       1.0460149       1.2231595      -12.890126      0.55713285       11.117698       16.717044   1.2878749e-13       3.6068896      0.23746329       0.23746329      -24.901063      -24.901063
              4      -12.110247      0.79827123       1.1537828      -12.904484      0.68995449       6.2845073       14.248947   1.2459954e-13        4.897275      0.06072012       0.06072012      -24.341935      -24.341935
              2      -12.088544      0.79906865       1.1523871      -12.904424      0.69035252       6.2960569       14.203231   1.2461669e-13       4.9017654     0.060420334      0.060420334      -24.297929      -24.297929
              1      -11.923532      0.69851968       1.1657398      -12.897032      0.72499787       4.9948181         14.6467   1.2675579e-13       5.3088184     0.091050078      0.091050078      -24.029164      -24.029164
              9      -12.489057       0.8548102       1.2648975      -12.875964      0.59457359        7.158305       18.403377   1.3305647e-13       3.9316386     0.063126266      0.063126266      -25.104367      -25.104367
             13      -12.274464      0.86837555       1.0271154      -12.922074      0.56030856        7.385426       10.644258   1.1965375e-13       3.6333611      0.13862408       0.13862408      -24.826175      -24.826175
             10      -11.166887      0.89288955       1.0801075      -12.895496      0.56599353       7.8142905       12.025621   1.2720482e-13       3.6812349     0.081345167      0.081345167      -22.496464      -22.496464
              8      -10.699043      0.87181566       1.0638763      -12.897913       0.5694444       7.4441594       11.584473   1.2649904e-13       3.7106022      0.07801502       0.07801502      -21.554116      -21.554116
             19      -10.738357       0.8644915       1.0085658      -12.922963      0.51340834         7.31967       10.199194   1.1940899e-13       3.2614321      0.16594764       0.16594764      -21.808609      -21.808609
             11      -11.862681       0.8523725        1.020216      -12.923839      0.49073645       7.1182379       10.476495    1.191683e-13       3.0955402      0.17251274       0.17251274      -24.070388      -24.070388
              1      -12.250115      0.66630564        1.164103       -12.91351      0.55706402       4.6377319       14.591604   1.2203646e-13        3.606318      0.16223714       0.16223714      -24.824705      -24.824705
             22      -11.917756      0.39486626       1.0568998      -12.917701        0.408268       2.4823686       11.399866   1.2086469e-13       2.5601653      0.72481094       0.72481094      -25.285133      -25.285133
             19      -11.586948      0.50995158       1.1792338      -12.896084      0.60785149       3.2355758       15.108932   1.2703297e-13       4.0536989      0.32803346       0.32803346      -23.829963      -23.829963
             30      -12.256532      0.55360455       1.1934172      -12.894624      0.62030325       3.5777052       15.610515   1.2746054e-13       4.1716057      0.25291476       0.25291476      -25.018894      -25.018894
             13      -10.738769      0.90366998       1.3373441      -12.852184      0.52160477       8.0106909       21.744232   1.4054518e-13       3.3235695      0.13187171       0.13187171      -21.741282      -21.741282
             26      -9.5594016      0.35801005      0.63078801      -13.000148      0.10690484       2.2803949       4.2735423   9.9965843e-14        1.279101       1.8939498        1.8939498      -22.906703      -22.906703
              1      -10.919467       0.3480608      0.67769642      -13.008692      0.35772828       2.2287472       4.7609807   9.8018444e-14       2.2789158       1.5276741        1.5276741      -24.894282      -24.894282
              8      -11.080044       0.3953255      0.71522549      -12.991992      0.37035957       2.4849949       5.1906948     1.01861e-13       2.3461705       1.2648049        1.2648049      -24.689698      -24.689698
              2      -8.9449181      0.37473873      0.56571473      -13.043181      0.50065935       2.3699475       3.6788725   9.0535472e-14       3.1670823       1.7023008        1.7023008      -21.294438      -21.294438
              7      -10.176184      0.27862682      0.64575867      -12.990736      0.65895614       1.8994454        4.423425   1.0215614e-13       4.5599086       1.5554087        1.5554087      -23.463185      -23.463185
              8      -10.844258      0.24635949      0.76048013      -12.977029      0.73616498       1.7634351       5.7607646   1.0543161e-13       5.4470954        1.453013         1.453013      -24.594542      -24.594542
             29      -10.769572      0.19936477      0.64725415      -13.014206      0.60499198       1.5825767       4.4386832   9.6781917e-14        4.027096       1.9331104        1.9331104      -25.405366      -25.405366
              4      -11.309885      0.31471676      0.71268367      -13.002541      0.60447481       2.0640336       5.1604036   9.9416642e-14       4.0223033       1.3966479        1.3966479      -25.413066      -25.413066
              5      -11.227677      0.30220959      0.69915175      -13.007261      0.60358852       2.0054396       5.0020929   9.8341915e-14       4.0141031       1.4744599        1.4744599      -25.404274      -25.404274
             19      -10.112394      0.26029228       0.7758092      -12.959758      0.60039268       1.8209259       5.9677304     1.09709e-13        3.984673       1.3279255        1.3279255       -22.88064       -22.88064
              5      -10.270586      0.24639006      0.77128541      -12.961224      0.61274356       1.7635593       5.9058908   1.0933911e-13       4.0996196       1.3824812        1.3824812      -23.306135      -23.306135
              3      -9.7729013      0.16919931      0.78475632      -12.963122      0.62411255       1.4763839       6.0919499   1.0886238e-13       4.2083568       1.6524451        1.6524451      -22.850693      -22.850693
             42      -10.083001      0.16045932      0.85870001      -12.947274      0.56737954       1.4469693       7.2227072   1.1290843e-13        3.693002       1.5744396        1.5744396       -23.31488       -23.31488
             12      -9.1641057      0.25469711      0.80314367      -12.954134      0.62239461       1.7976168       6.3554115   1.1113888e-13       4.1917427       1.2936978        1.2936978      -20.915607      -20.915607
              6      -8.3915952      0.17170861      0.84273264      -12.943378      0.59554311        1.484939       6.9619779   1.1392574e-13       3.9404254       1.5262541        1.5262541      -19.835699      -19.835699
              3      -7.0901718     -0.49331333       1.1044838      -12.914523       1.0002955      0.32113428       12.719904   1.2175213e-13       10.006807       5.3991497        5.3991497      -24.978643      -24.978643
              4      -8.0190258     -0.38434234       1.2276693      -12.870413       1.0803184      0.41272204       16.891542   1.3476799e-13       12.031462       4.6207103        4.6207103      -25.279472      -25.279472
              7      -7.4231942     -0.36763498       1.1551266      -12.917077      0.98823712      0.42890886       14.293106   1.2103846e-13       9.7327848       4.4504984        4.4504984      -23.747385      -23.747385
              9       -7.379834     -0.45679007       1.1340725      -12.913622      0.96840236      0.34930912       13.616721   1.2200523e-13       9.2982744       5.0803591        5.0803591      -24.920386      -24.920386
              1      -6.8104388     -0.42196812       1.1559207      -12.894878      0.90532303      0.37847036       14.319264   1.2738617e-13         8.04124       4.7281859        4.7281859      -23.077249      -23.077249
              2       -7.943419     -0.27856952       1.0982089      -12.908132       1.0024967      0.52653892        12.53744   1.2355707e-13       10.057655       3.8352532        3.8352532      -23.557344      -23.557344
              3      -9.1540352     -0.21751856       1.1212651       -12.90388      0.95826976       0.6060123       13.221024   1.2477296e-13       9.0838459       3.3903875        3.3903875      -25.088845      -25.088845
              1      -9.3781675     -0.16682332       1.1091614      -12.904322      0.94731656      0.68104636       12.857645    1.246459e-13       8.8576101       3.0739417        3.0739417      -24.904218      -24.904218
              2      -7.7940016     -0.37371931      0.79124673      -12.980091      0.42575859      0.42294188        6.183676   1.0469099e-13       2.6653767       4.7935501        4.7935501      -25.175103      -25.175103
              1      -7.6033759     -0.38279799      0.71942556      -12.990993      0.42123822      0.41419229       5.2411376   1.0209564e-13       2.6377779       4.9945266        4.9945266      -25.195805      -25.195805
              4      -7.3452786     -0.38799212      0.68607272      -13.012118      0.35334133      0.40926809       4.8536976   9.7248214e-14       2.2560116       5.2313402        5.2313402      -25.153238      -25.153238
             24      -5.3306446     -0.32791255      0.54841667      -13.051066      0.24267052      0.46998874       3.5352219   8.8906602e-14       1.7485197       5.3709907        5.3709907      -21.403271      -21.403271
              1      -5.2667434     -0.32794508      0.54744232      -13.051136      0.24309742      0.46995353       3.5272994   8.8892281e-14       1.7502393       5.3729214        5.3729214       -21.27933       -21.27933
             11      -7.2867706     -0.25126609      0.50931394       -13.05639      0.14912449      0.56070433       3.2308288   8.7823414e-14       1.4096928       5.1134762        5.1134762      -24.800494      -24.800494
             12      -7.7655658     0.027876639      0.52678334      -13.082452      0.22062302       1.0662932       3.3634373   8.2708043e-14       1.6619694       3.5609139        3.5609139      -22.652959      -22.652959
             24      -7.7700301      -0.3480603       1.0015274      -12.882357       1.1062506      0.44868309       10.035232   1.3111232e-13       12.771757       4.4179802        4.4179802      -24.376021      -24.376021
             31      -9.8975488      0.02181473       1.1134904       -12.85494       1.1485667       1.0515132       12.986447   1.3965616e-13       14.078833       2.2505277        2.2505277      -24.296153      -24.296153
              5      -8.7164444     0.025288882       1.1354356      -12.851384       1.1082982       1.0599585       13.659526   1.4080418e-13       12.832113       2.1715303        2.1715303      -21.775949      -21.775949
             24       -10.25891     0.035012734       1.0981688      -12.858536       1.1074623       1.0839587       12.536283   1.3850453e-13       12.807438       2.1301111        2.1301111      -24.778042      -24.778042
              1      -9.2182188     0.033217992      0.98586742      -12.890928       1.0967314       1.0794884       9.6798232   1.2854996e-13       12.494859       2.1924757        2.1924757      -22.821389      -22.821389
              3      -9.9197122      0.11091393      0.99404587      -12.890165       1.0693209       1.2909634       9.8638367   1.2877596e-13       11.730618       1.8035908        1.8035908      -23.446606      -23.446606
              1       -9.860715      0.11064431      0.99309982      -12.890393       1.0691048       1.2901622        9.842373   1.2870842e-13       11.724781       1.8052202        1.8052202       -23.33187       -23.33187
             11      -9.5949225      0.10029444       1.0017449       -12.89399       1.0414247       1.2597792       10.040259    1.276469e-13       11.000812         1.81661          1.81661      -22.823065      -22.823065
             19       -9.850723      0.02342133       1.3073776      -12.875391       1.2015417       1.0554103       20.294464   1.3323212e-13       15.905295       2.4097932        2.4097932      -24.521032      -24.521032
              1      -10.309699      0.11219184       1.2866573      -12.878097       1.1949729       1.2947676       19.348945   1.3240469e-13       15.666534       1.9905374        1.9905374      -24.600474      -24.600474
              1      -10.496338      0.11095699       1.2567424      -12.875118       1.0443072       1.2910914       18.061025    1.333159e-13       11.074069       1.7551277        1.7551277      -24.502931      -24.502931
              2      -8.5460757       0.0359227       1.0649166      -12.859955       1.1929208       1.0862323       11.612256   1.3805274e-13        15.59268       2.2655771        2.2655771      -21.623306      -21.623306
             21        -8.33939     0.036238655        1.055072      -12.876035       1.1670992       1.0870228       11.351989   1.3303477e-13        14.69262       2.2397607        2.2397607      -21.158301      -21.158301
             10      -8.4193595     0.039265622       1.0180117      -12.889417       1.1245185       1.0946257       10.423456   1.2899793e-13       13.320437       2.1886921        2.1886921      -21.216103      -21.216103
              2       -8.411685    -0.087246936       1.0699896      -12.863951       1.1850073      0.81799955       11.748694   1.3678825e-13       15.311134       2.8776135        2.8776135      -22.578597      -22.578597
              4      -9.7826816    -0.098340637       1.0417246      -12.868603        1.169872      0.79736903       11.008409   1.3533086e-13       14.786726       2.9240435        2.9240435       -25.41345       -25.41345
              8      -9.6574127     -0.10495931       1.0432271      -12.869515       1.1647302      0.78530921       11.046562   1.3504694e-13       14.612691         2.95276          2.95276      -25.220345      -25.220345
              5      -9.1116255   -0.0013479694       1.0024442      -12.888131       1.1249596        0.996901       10.056439   1.2938041e-13       13.333973       2.3877065        2.3877065      -22.998664      -22.998664
             14      -9.7975051    0.0039785354       1.0250819      -12.884847       1.1293436        1.009203       10.594535   1.3036271e-13       13.469254       2.3550181        2.3550181      -24.305046      -24.305046
              3      -8.8385812      0.13185454       1.5943457      -12.860383      0.81624881       1.3547356       39.295765   1.3791674e-13       6.5501133       1.8118068        1.8118068      -21.300776      -21.300776
              5      -9.3895392      0.13057346       1.5837344      -12.864467      0.81412237       1.3507453       38.347262   1.3662588e-13       6.5181203       1.8026535        1.8026535      -22.384385      -22.384385
              3      -9.6513068     0.074272406       1.3687731      -12.870628      0.97213583       1.1865127       23.376157   1.3470146e-13       9.3785529       1.9032534        1.9032534      -23.109121      -23.109121
              8      -10.380372      0.65086091      0.68882393      -13.014568      0.23009866       4.4756994       4.8845429   9.6701193e-14       1.6986295       1.1223006        1.1223006      -23.005345      -23.005345
              4      -9.7751629      0.47756413      0.56132692      -13.029285      0.14476611       3.0030608       3.6418908   9.3479236e-14       1.3956165        1.800757         1.800757       -23.15184       -23.15184
              4      -9.4142717      0.61966694      0.24169773      -13.076396    -0.012285475       4.1654981       1.7446075   8.3869551e-14      0.97210802       2.9298575        2.9298575      -24.688258      -24.688258
             24      -8.9430502      0.61710358       0.3381674      -13.072941    -0.018798634       4.1409843       2.1785493   8.4539437e-14      0.95763799       2.6512457        2.6512457      -23.188592      -23.188592
              1      -10.239829      0.57749168       1.2424385      -12.834944      0.10832395        3.779999       17.475858   1.4623672e-13       1.2832875      0.68224685       0.68224685      -21.844153      -21.844153
              7      -10.329249      0.59499684       1.3217035      -12.831386      0.27329795       3.9354721       20.975072   1.4743969e-13       1.8762813      0.44569486       0.44569486      -21.549888      -21.549888
             23      -10.225634       0.5949813       1.3158673      -12.835469      0.25915128       3.9353313        20.69509   1.4605992e-13       1.8161482      0.46106873       0.46106873      -21.373406      -21.373406
              2      -10.240212      0.66026566       1.3211508       -12.85755       0.3545436       4.5736788       20.948398   1.3881945e-13       2.2622657      0.29175019       0.29175019      -21.063924      -21.063924
              3       -12.49593      0.80010038       1.2279317      -12.876094      0.42930099       6.3110319       16.901751    1.330167e-13       2.6872062      0.12571373       0.12571373      -25.243287      -25.243287
              4      -11.467175      0.64216636      0.95481968      -12.940893      0.34461931       4.3869872       9.0119688   1.1457941e-13       2.2111556      0.44627212       0.44627212      -23.826895      -23.826895
             33      -10.910008      0.93371252       1.3767231      -12.761214       0.1485874       8.5844508       23.808012   1.7329486e-13       1.4079505      0.62657448       0.62657448      -23.073165      -23.073165
              4       -9.768332      0.15296242       1.4709696      -12.865897      0.85188289       1.4222057       29.578052    1.361768e-13       7.1102175       1.5762042        1.5762042      -22.689072      -22.689072
              9      -11.062086      0.94156267         1.02663      -12.926394      0.48728016       8.7410312       10.632368   1.1846934e-13       3.0710024       0.2248377        0.2248377      -22.573847      -22.573847
             19      -12.338211      0.90839939       1.0567633        -12.9187      0.45466754       8.0984031       11.396284   1.2058696e-13       2.8488366      0.19669662       0.19669662      -25.069816      -25.069816
             15      -11.559518       0.9074491       1.0663934      -12.916245      0.45598395       8.0807021       11.651811   1.2127037e-13        2.857485      0.18782757       0.18782757      -23.494692      -23.494692
              9      -9.4729693      0.57468963       0.6232995      -13.052452      0.36488599       3.7556891       4.2004856   8.8623357e-14       2.3167864       1.3450761        1.3450761      -21.636091      -21.636091
              1      -8.9376648      0.56767581      0.53698133      -13.072059      0.39753274       3.6955221       3.4433513   8.4711172e-14       2.4976567       1.5966025        1.5966025      -21.068535      -21.068535
              2      -10.809838      0.41829464      0.62316502      -13.017602      0.57690724       2.6199599       4.1991851   9.6027926e-14       3.7749155        1.331391         1.331391      -24.282459      -24.282459
              6      -9.8180411      0.49293498      0.63261056      -13.009615      0.59030577       3.1112505       4.2915142   9.7810328e-14       3.8931915       1.1152969        1.1152969      -21.866676      -21.866676
              6      -10.767802      0.25415464      0.69112746      -12.993547      0.65473959       1.7953728       4.9105197   1.0149684e-13       4.5158509        1.576863         1.576863      -24.689329      -24.689329
             10       -10.50463      0.28386776      0.89335679      -12.949601      0.53509463       1.9225063       7.8227021   1.1230487e-13       3.4284248       1.1252376        1.1252376      -23.259734      -23.259734
              3      -11.163226      0.33222188      0.89217526      -12.955824      0.46714722       2.1489281       7.8014487   1.1070722e-13       2.9318869       1.0350799        1.0350799      -24.396612      -24.396612
              6      -11.418546      0.39473809      0.74295556      -13.002529      0.44001841        2.481636       5.5329349   9.9419296e-14       2.7543454       1.2129449        1.2129449      -25.262982      -25.262982
              2      -11.246463      0.39482971      0.73499768      -13.002301      0.43116039       2.4821596       5.4324743   9.9471611e-14       2.6987359       1.2288751        1.2288751      -24.950676      -24.950676
              4      -10.147846      0.16549549      0.70929723      -13.011976      0.32700975       1.4638463       5.1203215   9.7280036e-14       2.1232921        2.139925         2.139925      -24.575542      -24.575542
              9      -10.052902      0.36391329      0.96553264      -12.952332      0.68755358       2.3116032       9.2370362   1.1160101e-13       4.8702761       0.8223434        0.8223434      -21.750492      -21.750492
              7      -10.363119      0.13902242        1.167779      -12.915329      0.52051104       1.3772806       14.715636   1.2152656e-13       3.3152099       1.4833911        1.4833911      -23.693021      -23.693021
              2      -11.227442      0.21926783        1.104975       -12.93601      0.50276113       1.6567914       12.734299     1.15875e-13       3.1824466       1.2325267        1.2325267      -24.919938      -24.919938
              8      -11.540116      0.25696258       1.1075847      -12.926345      0.55722081       1.8070184       12.811048   1.1848272e-13       3.6076202       1.0528452        1.0528452      -25.185922      -25.185922
             23       -10.67485      0.21643588       1.0366918      -12.940215      0.43603604       1.6460229       10.881576   1.1475853e-13       2.7292043       1.3088692        1.3088692      -23.967438      -23.967438
              4      -10.659705      0.21024487       1.0294409      -12.933499      0.55437353       1.6227248       10.701407   1.1654685e-13       3.5840456       1.2489433        1.2489433      -23.817296      -23.817296
              2      -10.189696      0.12398807       1.0008449        -12.9375      0.65296686       1.3304179       10.019473   1.1547816e-13       4.4974553       1.5850097        1.5850097       -23.54941       -23.54941
              2      -11.223031      0.27703156       1.0944943      -12.907326      0.77930491       1.8924811       12.430663   1.2378676e-13       6.0159596       0.9461388        0.9461388       -24.33834       -24.33834
             23       -11.24446      0.29358794       1.0134599      -12.930522      0.81899171         1.96602       10.314778   1.1734868e-13       6.5916132      0.98133784       0.98133784      -24.451595      -24.451595
             39      -11.284297      0.29740503       1.0120078      -12.930898      0.81495762       1.9833759       10.280347   1.1724713e-13       6.5306682      0.96898034       0.96898034      -24.506554      -24.506554
              5      -11.343645      0.31575141       1.0064405      -12.929973      0.82872944       2.0689568       10.149402   1.1749708e-13       6.7410794      0.91974068       0.91974068      -24.526772      -24.526772
              1      -10.424356      0.26251103      0.84809307      -12.954514      0.69082162       1.8302526        7.048441   1.1104155e-13       4.9070628        1.220702         1.220702      -23.290116      -23.290116
             29      -11.200205      0.75457777      0.88637344      -12.947379       0.4012448       5.6830015       7.6979209   1.1288095e-13       2.5190965      0.38101467       0.38101467       -23.16244       -23.16244
              8      -11.552841      0.80447482      0.84724055      -12.950898      0.47307951       6.3749213       7.0346186   1.1197003e-13       2.9722101      0.36222908       0.36222908       -23.83014       -23.83014
              1      -11.238315      0.69926563       1.2471238      -12.908224      0.76495511       5.0034046       17.665413   1.2353105e-13       5.8204306      0.14538303       0.14538303      -22.767396      -22.767396
              1       -10.40768      0.63794187       1.2557569      -12.911483      0.72486221       4.3445207       18.020088   1.2260757e-13       5.3071603      0.19863132       0.19863132      -21.212622      -21.212622
              5      -10.568554      0.29360696       1.2650556       -12.88001      0.55848094       1.9661062       18.410077   1.3182277e-13       3.6181032      0.88229932       0.88229932      -22.901706      -22.901706
              7      -10.893008      0.15533737       1.3438132      -12.870811      0.59696696       1.4300044       22.070554    1.346447e-13       3.9533654       1.3997408        1.3997408      -24.585498      -24.585498
             27      -11.494272      0.22954126       1.2855037      -12.885392      0.50440651       1.6964508       19.297617   1.3019912e-13       3.1945266       1.1373554        1.1373554      -25.263255      -25.263255
             16      -10.552956      0.14859874       1.2843443      -12.874599      0.52825588       1.4079873       19.246168   1.3347527e-13       3.3748609       1.4149398        1.4149398      -23.935791      -23.935791
             59      -10.482084     0.054788086       1.0166071      -12.936914      0.34310288       1.1344571       10.389798   1.1563415e-13       2.2034484       2.0503398        2.0503398      -25.064848      -25.064848
              9       -9.974302      0.19351476      0.64157361      -13.030842      0.31831658       1.5614021       4.3810036   9.3144577e-14       2.0812132       2.2351662        2.2351662      -24.418936      -24.418936
              4      -10.692245      0.24039762      0.75979902       -12.98716       0.7790014       1.7393926        5.751737   1.0300059e-13       6.0117567       1.5249592        1.5249592      -24.434409      -24.434409
              1      -10.961374      0.92118802       1.3690691      -12.913909       0.7376201       8.3404218       23.392092   1.2192447e-13       5.4653767      0.22713949       0.22713949      -22.377027      -22.377027
              7       -10.82691      0.90078603       1.3550817      -12.904215      0.82309179        7.957672       22.650704   1.2467667e-13       6.6541378      0.21493913       0.21493913      -22.083698      -22.083698
              1       -10.27757      0.57486586       1.5179201      -12.879733      0.79303393       3.7572133       32.954906   1.3190688e-13       6.2091754      0.48273906       0.48273906      -21.520618      -21.520618
              6      -11.610629      0.37215008       1.2775796      -12.879491      0.40511296       2.3558633       18.948706   1.3198021e-13       2.5416337      0.75394944       0.75394944      -24.729157      -24.729157
              9      -10.379815     0.098680937       1.1699746      -12.890478      0.42606053       1.2551075       14.790217   1.2868318e-13       2.6672304       1.6658311        1.6658311      -24.091292      -24.091292
              4      -10.802188      0.11186847       1.1773369      -12.890376      0.41191037       1.2938039       15.043085   1.2871341e-13       2.5817273       1.6222158        1.6222158      -24.848808      -24.848808
             10      -10.544987     0.012188572       1.0678895      -12.932682      0.54218268       1.0284628        11.69202   1.1676642e-13       3.4848387       2.0797032        2.0797032      -25.249381      -25.249381
             28      -10.796841     0.048423944       1.0721031      -12.919647      0.58892366        1.117954        11.80601   1.2032416e-13       3.8808215       1.8608132        1.8608132      -25.315308      -25.315308
              1      -11.186916      0.48297568       1.3807117      -12.876355      0.70178679       3.0407147       24.027674   1.3293675e-13       5.0325349      0.45657074       0.45657074      -23.286974      -23.286974
              1      -11.923485      0.48369939       1.3893211      -12.872233      0.69641802        3.045786       24.508748   1.3420446e-13       4.9707054      0.45752675       0.45752675      -24.762023      -24.762023
              2      -11.573852      0.43843696       1.4158219      -12.868209       0.7330292        2.744334       26.050852   1.3545367e-13       5.4079068      0.58012928       0.58012928      -24.307963      -24.307963
              2      -11.600077      0.43324893       1.4138288      -12.866677      0.73556313       2.7117455       25.931567   1.3593228e-13       5.4395519      0.58886281       0.58886281      -24.377879      -24.377879
              9       -11.26029       0.3019085       1.4387217      -12.871553      0.74566941       2.0040498       27.461337   1.3441492e-13       5.5676177      0.97455948       0.97455948      -24.469698      -24.469698
              3      -11.683339      0.31610877        1.341418      -12.889045      0.77666532       2.0706599       21.949164   1.2910868e-13       5.9795062      0.87406827       0.87406827      -25.114814      -25.114814
             10      -11.533204      0.29226384       1.2207272      -12.893275      0.49566664       1.9600351       16.623682   1.2785715e-13       3.1308816      0.91630136       0.91630136      -24.899011      -24.899011
              9      -10.855083      0.26916035       1.3296652      -12.887446      0.56331497       1.8584905       21.363148   1.2958475e-13       3.6586004        1.008573         1.008573      -23.727313      -23.727313
              4      -11.628408      0.26955725       1.2974394      -12.887521       0.5674601       1.8601898        19.83533   1.2956235e-13        3.693687       0.9846533        0.9846533      -25.226122      -25.226122
              7      -10.913288      0.20366655       1.4045783      -12.861471      0.64262964       1.5983304       25.385068   1.3757159e-13       4.3916694       1.2518246        1.2518246      -24.330226      -24.330226
              1      -11.760309      0.38868427       1.0664362      -12.904197      0.28654836       2.4472834       11.652959    1.246817e-13       1.9344092      0.83757045       0.83757045       -25.19576       -25.19576
             37      -11.591484      0.41721769       1.0346995      -12.909377      0.33138298        2.613471       10.831771   1.2320349e-13       2.1447811       0.7326766        0.7326766      -24.648322      -24.648322
              6      -10.500224      0.84353861      0.52061947      -13.061841      0.35554247         6.97491       3.3160378   8.6727914e-14       2.2674748       1.4346858        1.4346858      -23.869819      -23.869819
             11      -10.442839      0.82314736      0.51126218      -13.063482      0.36284802       6.6549893       3.2453548   8.6400866e-14       2.3059401         1.45339          1.45339      -23.792458      -23.792458
              2      -10.353332      0.54808644      0.72272334      -13.010245      0.65740939       3.5325348       5.2810872   9.7668504e-14       4.5436972      0.87445324       0.87445324      -22.455571      -22.455571
              2      -10.799674       0.4859962      0.70806287      -12.989086      0.58013459       3.0619366        5.105789   1.0254499e-13       3.8030724      0.92895784       0.92895784      -23.457264      -23.457264
              3      -11.311817      0.43852498      0.70795616      -12.995234      0.57196795       2.7448902       5.1045347   1.0110357e-13       3.7322261       1.0562386        1.0562386      -24.736112      -24.736112
             16      -10.603278      0.64409392      0.60846609      -13.048333      0.41618155       4.4065014       4.0594397   8.9467816e-14       2.6072432       1.2177177        1.2177177      -23.641992      -23.641992
             11      -11.026889      0.38044784      0.78024255       -13.00001      0.61277735       2.4013078        6.028962   9.9997776e-14       4.0999386       1.1133608        1.1133608        -24.2805        -24.2805
              9      -11.598839      0.74178578       1.3311783      -12.903432      0.84037776       5.5180519       21.437705   1.2490151e-13         6.92433      0.19454964       0.19454964      -23.586778      -23.586778
              8      -12.140897      0.68758731       1.3769782      -12.884317      0.81375218       4.8706544       23.821998   1.3052173e-13       6.5125666      0.21743423       0.21743423      -24.716663      -24.716663
             13      -11.640817      0.55818129       1.3777506      -12.906917      0.89187245       3.6156076       23.864402   1.2390343e-13       7.7960112      0.45056985       0.45056985      -24.182773      -24.182773
              4      -11.646502      0.55613729       1.3791341      -12.906784      0.89194276       3.5986308       23.940551   1.2394129e-13       7.7972734      0.45472179       0.45472179      -24.202448      -24.202448
              1      -11.695146      0.36939019       1.3141755       -12.90007      0.93758207       2.3409395       20.614627   1.2587224e-13       8.6612797      0.82137451       0.82137451      -25.033041      -25.033041
              5      -10.774481       0.5595388       1.2085607      -12.890894      0.71923606       3.6269269       16.164443   1.2856012e-13       5.2388511      0.24251189       0.24251189      -22.033986      -22.033986
              1      -9.6324434      0.53153076       1.1604644      -12.924864      0.59727744       3.4004059       14.469862   1.1888745e-13       3.9561928      0.34827725       0.34827725      -19.961441      -19.961441
              5      -10.731246      0.11518773       1.3484769      -12.871559      0.49355964       1.3037302       22.308837   1.3441292e-13       3.1157288       1.6093947        1.6093947      -24.681281      -24.681281
             10      -11.152039       0.1644419       1.2798591      -12.886067      0.50035621       1.4602994       19.048427   1.2999698e-13       3.1648725        1.378963         1.378963      -25.062005      -25.062005
             15      -11.115882      0.21916949       1.1895312      -12.885629      0.39866551       1.6564163       15.471457   1.3012809e-13       2.5041798       1.2103684        1.2103684      -24.652501      -24.652501
              1      -11.127767      0.24162705       1.1824119      -12.893526      0.41000595       1.7443236       15.219905   1.2778316e-13        2.570431       1.1324915        1.1324915      -24.520518      -24.520518
             13      -10.419876     0.095553157        1.302075      -12.874519      0.58392467       1.2461007       20.048182   1.3349997e-13        3.836407        1.625983         1.625983      -24.091717      -24.091717
             13      -10.995678      0.10377743       1.3151616       -12.87453      0.52807544       1.2699231       20.661486   1.3349643e-13        3.373459       1.6194084        1.6194084      -25.230172      -25.230172
              4      -11.500046        0.349985      0.97878862        -12.9386      0.72023974       2.2386438       9.5233253   1.1518619e-13       5.2509725      0.81796568       0.81796568      -24.636024      -24.636024
             19       -11.57129      0.42676919      0.98671925      -12.916964      0.80074137       2.6715862       9.6988279   1.2106977e-13       6.3203535      0.58899523       0.58899523       -24.32057       -24.32057
              1      -9.7904037      0.55194635       1.2318989      -12.882989      0.77978195        3.564071       17.056853    1.309214e-13       6.0225713      0.26652814       0.26652814      -20.113864      -20.113864
              4      -10.030953      0.49505182       1.1312107       -12.90249      0.75864717       3.1264524       13.527286   1.2517284e-13       5.7365022      0.36909901       0.36909901      -20.800103      -20.800103
              6      -11.489211      0.58157749       1.1363079      -12.920024      0.74034761       3.8157288       13.686988   1.2021993e-13       5.4998091      0.25814456       0.25814456      -23.494712      -23.494712
             14      -11.956342      0.54739183       1.1062514       -12.90936      0.78709267       3.5268893        12.77178   1.2320822e-13       6.1248108      0.30065767       0.30065767      -24.513999      -24.513999
              3       -10.27263      0.59011209       1.0636831      -12.918223      0.76466805       3.8914557       11.579321   1.2071945e-13       5.8165846      0.25433753       0.25433753      -21.053936      -21.053936
              5      -12.336262       0.5718966       1.0908154      -12.918125      0.56565043        3.731613       12.325809   1.2074664e-13       3.6783278      0.27713271       0.27713271      -25.226789      -25.226789
              2      -12.002806      0.58472956       1.0685167      -12.924199       0.5725677       3.8435237       11.708915   1.1906963e-13       3.7373838       0.2740201        0.2740201      -24.553652      -24.553652
              8      -12.392918      0.62877795       1.0954565      -12.921197      0.57515424       4.2538087       12.458235   1.1989548e-13       3.7597091      0.20822692       0.20822692      -25.202289      -25.202289
             27      -12.345819      0.63202407       1.0942877      -12.921493      0.57747799       4.2857227       12.424751   1.1981388e-13       3.7798798      0.20477862       0.20477862      -25.101194      -25.101194
              4      -11.961408      0.63798724       1.1140549      -12.916724      0.58960163       4.3449746        13.00334   1.2113668e-13       3.8868844      0.18321928       0.18321928      -24.289254      -24.289254
              2      -12.439217       0.9503072       1.0517566      -12.920963      0.63149003       8.9188159       11.265659   1.1996019e-13       4.2804559      0.16118804       0.16118804      -25.200811      -25.200811
             14      -12.469897      0.98091379       1.0725488      -12.920314      0.57642129       9.5700408        11.81813   1.2013958e-13        3.770694      0.19555373       0.19555373      -25.330901      -25.330901
              3      -11.870307      0.75536013       1.1090027      -12.909094       0.6338053       5.6932484       12.852946   1.2328374e-13       4.3033365     0.078093942      0.078093942      -23.896801      -23.896801
              2      -11.728119       1.1911014       1.1213054      -12.907954      0.71634929       15.527495       13.222251   1.2360782e-13       5.2041438      0.50466611       0.50466611       -24.46557       -24.46557
             14      -10.506064        1.169056       1.5065609      -12.878476      0.64826156        14.75897        32.10413   1.3228922e-13       4.4489914      0.65977677       0.65977677      -22.331682      -22.331682
              1      -8.6174907       1.3482683       1.5352068      -12.875651       0.6691809       22.298123       34.293104   1.3315249e-13        4.668538       1.1798386        1.1798386      -19.594659      -19.594659
              4       -10.44093       1.6105614       0.9974442      -12.938188      0.44164673       40.790722       9.9413234   1.1529549e-13       2.7646918       2.1764939        2.1764939      -25.234848      -25.234848
              4       -9.720882        1.433403       1.1403844      -12.928627      0.59719311        27.12708       13.816067   1.1786169e-13       3.9554246       1.2898741        1.2898741      -22.021512      -22.021512
              5      -9.4457886       1.3542001       1.4415398      -12.827428       0.3496629       22.604773        27.64011   1.4878949e-13       2.2369841        1.214679         1.214679      -21.320935      -21.320935
             19      -10.951827        1.282317       1.3737831      -12.832827      0.27818157       19.156536       23.647383   1.4695101e-13       1.8974991       1.0105013        1.0105013      -23.924657      -23.924657
             19      -10.866323      0.92672779       1.4739848      -12.775297      0.32616535        8.447492       29.784124   1.6776558e-13       2.1191678      0.45562712       0.45562712        -22.6439        -22.6439
             17      -10.818548      0.99780406       1.5418449      -12.804552      0.35775036       9.9495642        34.82129   1.5683675e-13       2.2790316      0.55296982       0.55296982      -22.743035      -22.743035
             18      -10.648148      0.57839148       1.5880642      -12.796557      0.50683363       3.7878387       38.731488   1.5975062e-13       3.2124297      0.57204728       0.57204728       -22.44039       -22.44039
             33      -10.645097      0.58116359       1.6946162      -12.770436      0.51551299       3.8120939        49.50125   1.6965406e-13       3.2772758      0.78018962       0.78018962      -22.850574      -22.850574
              8      -10.673656      0.48746281       1.6633587      -12.769819      0.58236587       3.0722943       46.063683   1.6989533e-13       3.8226617      0.85187787       0.85187787      -23.051067      -23.051067
              6      -10.809621      0.51187499       1.6291853      -12.785759      0.56377371       3.2499374       42.578006   1.6377254e-13       3.6624669      0.73202202       0.73202202      -23.083286      -23.083286
              1      -10.753269      0.47700625       1.5907079      -12.793867      0.57591054       2.9992056       38.967982   1.6074319e-13       3.7662621      0.72339487       0.72339487      -22.953328      -22.953328
              2      -10.575919      0.48022887        1.585875      -12.790453      0.56718733       3.0215436       38.536744   1.6201183e-13       3.6913679      0.71455633       0.71455633       -22.58095       -22.58095
             15      -9.7317758      0.51373813       1.4083305      -12.815243      0.27156928       3.2639097        25.60534   1.5302313e-13       1.8688278      0.64725289       0.64725289      -20.758057      -20.758057
              1      -8.9318073      0.51138539       1.4098851        -12.8155      0.26982276       3.2462757       25.697156   1.5293253e-13       1.8613274       0.6552355        0.6552355      -19.174086      -19.174086
             16      -10.634979      0.69740706       1.7265555      -12.755525      0.47066474       4.9820383       53.278925   1.7558001e-13       2.9557299      0.77183294       0.77183294      -22.813625      -22.813625
             15       -10.74197      0.66141751       1.6667612      -12.771776      0.50469342       4.5858253       46.425996   1.6913149e-13       3.1966378       0.6383955        0.6383955      -22.760732      -22.760732
             17      -11.127622      0.87484019       1.6745712       -12.77209      0.40190044       7.4961832       47.268436   1.6900916e-13       2.5229023       0.6691657        0.6691657      -23.593574      -23.593574
             13       -10.45272      0.84816118       1.6595547      -12.798408      0.42224103       7.0495465       45.661977   1.5907126e-13       2.6438757      0.59099546       0.59099546       -22.08743       -22.08743
              2      -9.1668707      0.87125072       1.7372687      -12.781352      0.46921365       7.4344821       54.609569   1.6544269e-13       2.9458705      0.73237011       0.73237011      -19.798482      -19.798482
             12       -10.61846      0.84172877       1.6866352      -12.793553       0.4616368        6.945904       48.599881   1.6085957e-13       2.8949216      0.61547516       0.61547516      -22.467871      -22.467871
              4      -10.296081      0.85069729       1.8705186      -12.712753      0.37848239       7.0908336       74.219597    1.937523e-13        2.390465       1.2386553        1.2386553      -23.069473      -23.069473
              5      -10.110626      0.90316936       1.9810329      -12.727744      0.40989801       8.0014622       95.726655   1.8717847e-13       2.5697922       1.4997895        1.4997895       -23.22083       -23.22083
              8      -9.8659799      0.92184772       1.9641915      -12.728424      0.40299745       8.3531008       92.085559   1.8688587e-13       2.5292831       1.4662407        1.4662407      -22.664441      -22.664441
             30      -10.063232      0.90225192       1.9777116      -12.726824      0.39932827       7.9845771       94.997375   1.8757543e-13       2.5080043       1.5006802        1.5006802      -23.127824      -23.127824
             28      -9.3668483       1.0697099       1.7488493      -12.742192      0.23968607        11.74113       56.085332   1.8105409e-13       1.7365451        1.241464         1.241464      -21.216625      -21.216625
             16       -9.949382      0.85343099       1.2100713      -12.871555      0.46941539       7.1356081       16.220765   1.3441409e-13       2.9472393      0.09091815       0.09091815        -20.0806        -20.0806
              8      -11.552273      0.85024053       1.1173317        -12.8826      0.32825393       7.0833798       13.101821   1.3103887e-13       2.1293837      0.21379103       0.21379103      -23.532129      -23.532129
              5       -11.20448      0.52546036      0.94290483      -12.906388      0.25505567       3.3532069       8.7680867   1.2405425e-13       1.7991015      0.63914889       0.63914889      -23.687258      -23.687258
             10      -10.588032      0.59421344      0.95717677      -12.916578      0.21032748       3.9283796       9.0610134   1.2117753e-13       1.6230335      0.61086045       0.61086045      -22.397786      -22.397786
             12      -11.875555      0.62251052      0.95810054      -12.922633      0.26903814       4.1928616       9.0803073   1.1949981e-13       1.8579676      0.50765255       0.50765255      -24.766415      -24.766415
              7       -10.87771      0.52123799      0.81216761      -12.937978      0.10963357       3.3207638       6.4888481   1.1535104e-13       1.2871631       1.0590559        1.0590559      -23.873533      -23.873533
              2       -7.133426      0.75447219      0.90905131      -12.888337    -0.039440879       5.6816201       8.1105687   1.2931911e-13      0.91318574      0.93019548       0.93019548      -16.127243      -16.127243
              2      -7.8649633      0.68230998       1.1918556      -12.843749     0.097248895       4.8118267       15.554484   1.4330148e-13       1.2509758      0.57417198       0.57417198      -16.878271      -16.878271
              1      -10.751233      0.52175432       1.3123731      -12.830576      0.15073155       3.3247142       20.529249    1.477148e-13       1.4149189      0.73285897       0.73285897      -22.968184      -22.968184
             26      -11.607714      0.54113682       1.3213105      -12.829621      0.18618446       3.4764567       20.956104   1.4804011e-13       1.5352689      0.64841742       0.64841742      -24.512263      -24.512263
              2      -9.7462117      0.64192939       1.4542315      -12.752256      0.19302546        4.384594       28.459779   1.7690666e-13       1.5596439      0.68874578       0.68874578      -20.869915      -20.869915
             38      -9.0064002       1.3611233        1.054434      -12.772067       1.1168638       22.968004       11.335325   1.6901803e-13       13.087713       1.2647175        1.2647175      -20.542235      -20.542235
              3      -8.4571049       1.4450792       1.0176875      -12.801123       1.0670089       27.866291       10.415678   1.5807997e-13       11.668334       1.4804803        1.4804803       -19.87517       -19.87517
              7      -10.185078       1.5907798       1.0707957      -12.779317       1.0839571       38.974436        11.77052   1.6621977e-13       12.132689       2.1295123        2.1295123      -24.629181      -24.629181
             15      -9.2125495       1.6411034        1.022799      -12.783097      0.99197893       43.762628       10.538991   1.6477961e-13       9.8170031       2.2718329        2.2718329      -22.968765      -22.968765
              3      -11.614188       1.0058936       1.4169667      -12.885236      0.68997497       10.136629       26.119613    1.302458e-13       4.8975059      0.29158817       0.29158817      -23.811551      -23.811551
              8      -10.747676       1.3142355        1.146921      -12.922862      0.68220831       20.617477       14.025587   1.1943681e-13       4.8107004      0.86334622       0.86334622      -23.222044      -23.222044
              4       -10.34317       1.4866265       1.1934662      -12.889756      0.71992396        30.66384       15.612274   1.2889722e-13       5.2471558       1.4248173        1.4248173      -23.535974      -23.535974
             10      -10.654933       1.5147261      0.99195187      -12.890254      0.82738667       32.713431       9.8163914   1.2874975e-13       6.7202692       1.5991054        1.5991054      -24.508077      -24.508077
              1      -10.427994       1.5102975       1.0016413      -12.883182      0.84992204       32.381537       10.037865   1.3086343e-13       7.0781872        1.578242         1.578242      -24.012471      -24.012471
             14      -10.614167        1.540367       1.1334478      -12.870664      0.90414872       34.703001       13.597148   1.3469023e-13       8.0195263        1.705238         1.705238      -24.638809      -24.638809
             14      -10.693646       1.5722091       1.1027225      -12.882059      0.88266708        37.34299       12.668422   1.3120228e-13       7.6325047       1.8472403        1.8472403      -25.081772      -25.081772
             17      -10.124725       1.5955368       1.1593777      -12.874626       1.0291722       39.403686       14.433702   1.3346703e-13       10.694789       2.0859609        2.0859609      -24.421372      -24.421372
              9      -9.1039255       1.6044593      0.57990095      -13.005927      0.58471684       40.221599        3.801027   9.8644556e-14       3.8434111       2.7903649        2.7903649      -23.788581      -23.788581
              1       -9.113983        1.304726      0.82269949      -12.966203      0.43970299       20.170932       6.6481298    1.080929e-13       2.7523457       1.1946875        1.1946875      -20.617341      -20.617341
              3      -11.158725       1.2831118      0.81216426      -12.969415      0.44681397       19.191628       6.4887981   1.0729645e-13       2.7977827       1.1483886        1.1483886      -24.614227      -24.614227
              4      -11.099697       1.2795474      0.81561114      -12.968982      0.44460746       19.034762       6.5405028   1.0740335e-13       2.7836041       1.1347226        1.1347226       -24.46884       -24.46884
              2      -11.287494       1.2206876      0.80460845      -12.982294      0.46357803       16.622167       6.3768829   1.0416121e-13       2.9078904       1.0251449        1.0251449      -24.625278      -24.625278
              2      -12.175031       0.6785415       1.2275297      -12.877763      0.37109761       4.7702539       16.886113   1.3250648e-13        2.350161      0.23100372       0.23100372       -24.81207       -24.81207
             19      -10.953431      0.92225456       1.1354677      -12.869915      0.21782686       8.3609295       13.660534   1.3492268e-13       1.6513033       0.3730764        0.3730764      -22.653014      -22.653014
              4      -8.7668834      0.62087903       1.3164495      -12.879917      0.46285678         4.17714       20.722851   1.3185085e-13       2.9030651      0.26134021       0.26134021      -18.056447      -18.056447
              5       -9.409352      0.63048625       1.4192591      -12.846897      0.48007479        4.270574       26.257847   1.4226663e-13       3.0204719      0.29636439       0.29636439      -19.411433      -19.411433
              4      -9.5325642       0.4641184       1.4303155      -12.860523      0.52890271       2.9115108       26.934909   1.3787231e-13       3.3798911      0.55656501       0.55656501      -20.178258      -20.178258
              9      -11.963774       1.0248303       1.0340121      -12.938221      0.36822097       10.588399       10.814641   1.1528672e-13       2.3346456      0.43261074       0.43261074      -24.792769      -24.792769
              1      -11.613314       1.0556163      0.87995783      -12.951914      0.33715614       11.366226       7.5850392   1.1170847e-13       2.1734824      0.63321118       0.63321118       -24.49305       -24.49305
             48      -11.785798      0.49426061      0.74435182      -13.004389      0.78699498       3.1207617       5.5507519   9.8994541e-14       6.1234332      0.93728668       0.93728668      -25.446169      -25.446169
              7      -11.788963      0.49420904      0.74673898        -13.0044      0.78534687       3.1203911       5.5813464   9.8992085e-14       6.1002392      0.93371974       0.93371974      -25.445366      -25.445366
             27      -11.569498      0.49962094      0.75078884      -13.005266      0.75841187       3.1595188       5.6336367    9.879487e-14       5.7333951      0.91288757       0.91288757      -24.964772      -24.964772
              3      -11.461724      0.46206505      0.72401416      -13.012778      0.67983224       2.8977776       5.2968072   9.7100558e-14       4.7844525       1.0431256        1.0431256        -25.0097        -25.0097
              2      -11.915734      0.70133731      0.94800947      -12.935224      0.78588796        5.027329       8.8717536   1.1608509e-13       6.1078443      0.23778208       0.23778208      -24.307033      -24.307033
              2       -12.10772      0.62354229      0.99235214      -12.923995      0.77639169       4.2028345        9.825443   1.1912557e-13       5.9757399      0.25303121       0.25303121      -24.721503      -24.721503
             16      -11.853306       0.6017835      0.95487237      -12.924252      0.84073725       3.9974542       9.0130621    1.190552e-13        6.930064      0.32812693       0.32812693      -24.362866      -24.362866
              2      -11.852685      0.60167026      0.95466521      -12.924369      0.84088026       3.9964121       9.0087641   1.1902305e-13       6.9323465       0.3287482        0.3287482      -24.362866      -24.362866
              5      -11.850481      0.61114238      0.93926209      -12.923902      0.85824435       4.0845327       8.6948499   1.1915111e-13       7.2151331       0.3353851        0.3353851      -24.371732      -24.371732
              4       -10.64375      0.67251376      0.92482482      -12.939926      0.82270228       4.7045032       8.4105582   1.1483496e-13       6.6481725       0.3031185        0.3031185      -21.893736      -21.893736
              2      -9.7322805      0.45522261       0.8923046      -12.966448      0.58427235         2.85248       7.8037725    1.080319e-13       3.8394795      0.70528055       0.70528055      -20.875122      -20.875122
              1      -8.7155549       0.6313829       1.0182302      -12.927202      0.63376619       4.2794002         10.4287   1.1824922e-13       4.3029489      0.22453474       0.22453474      -17.880179      -17.880179
             13      -10.463838      0.44350022       1.1866847      -12.890873      0.59656528       2.7765162       15.370385   1.2856613e-13       3.9497106      0.45772943       0.45772943      -21.843134      -21.843134
              1      -11.155592      0.42829547       1.1783391      -12.893327      0.59650157       2.6809917       15.077841   1.2784176e-13       3.9491312      0.49439725       0.49439725      -23.299979      -23.299979
              4      -11.629354      0.38949926       1.1145853      -12.916856      0.49907468       2.4518803       13.019231   1.2110003e-13       3.1555472      0.66632271       0.66632271      -24.591353      -24.591353
              3       -10.49161     0.063934511       1.3315613      -12.901504      0.88872622       1.1586026       21.456619   1.2545734e-13       7.7397373       1.8943104        1.8943104       -24.77184       -24.77184
              3       -10.34103      0.14568681       1.5325645      -12.866132      0.79942442       1.3985784       34.085095   1.3610313e-13       6.3012168       1.6592523        1.6592523      -24.000564      -24.000564
              3      -9.6523333     0.041094038       1.3059433      -12.897805       1.0512816       1.0992438       20.227549   1.2653029e-13       11.253343       2.1347245        2.1347245      -23.574116      -23.574116
              3      -10.586786      0.45691432       1.3335896      -12.867389      0.57697525       2.8636129       21.557062   1.3570969e-13       3.7755067      0.47347051       0.47347051      -22.120513      -22.120513
             10       -11.71728      0.55514931       1.4067183       -12.85526      0.60153442       3.5904535        25.51046   1.3955311e-13       3.9951623      0.33818726       0.33818726      -24.110934      -24.110934
              2      -11.933241      0.51764831       1.3230872      -12.888059      0.73186529        3.293429       21.042007   1.2940194e-13       5.3934331      0.36656305       0.36656305      -24.599609      -24.599609
              3      -7.6851636    -0.052041789       1.2531541      -12.917758      0.95416064      0.88707065       17.912415   1.2084869e-13       8.9983036       2.4993504        2.4993504      -20.369028      -20.369028
             10      -9.9725718    -0.083381878       1.2381577      -12.911365       0.8921077      0.82531193       17.304447   1.2264093e-13       7.8002353        2.594088         2.594088      -25.133319      -25.133319
              4      -10.412174      0.27271336       1.3530114      -12.897025      0.76187249       1.8737574       22.542985   1.2675787e-13       5.7792634       1.0267369        1.0267369      -22.877822      -22.877822
              5      -11.170054      0.22766308       1.1852843      -12.912773        0.634259         1.68913         15.3209   1.2224393e-13       4.3078344        1.111553         1.111553      -24.563214      -24.563214
             12       -10.77482      0.21331381       1.1799043      -12.894358      0.69547068       1.6342324       15.132278   1.2753884e-13       4.9598744       1.1263057        1.1263057      -23.802252      -23.802252
              2      -10.764943      0.20083383      0.79726295      -12.979767      0.42996091        1.587939       6.2699338   1.0476907e-13       2.6912926        1.665952         1.665952       -24.86179       -24.86179
              7      -10.348612      0.53813119       1.3461735      -12.843545      0.27394498       3.4524802       22.190825   1.4336893e-13       1.8790787      0.55049462       0.55049462      -21.798212      -21.798212
             22      -11.748924      0.58793808       1.2998816      -12.844321      0.27686428       3.8720243       19.947186   1.4311292e-13       1.8917523      0.44029562       0.44029562      -24.378438      -24.378438
              4      -9.3606593      0.38428994       1.2894898       -12.88269      0.36586122       2.4226459       19.475552   1.3101175e-13       2.3219947      0.76922057       0.76922057       -20.25976       -20.25976
              9      -9.7479708      0.37488751       1.2843006      -12.884625      0.37105157       2.3707595       19.244233   1.3042914e-13       2.3499119      0.78844644       0.78844644      -21.072834      -21.072834
             18      -11.157937      0.13275146       1.1829727      -12.905446      0.54600599       1.3575363       15.239571   1.2432381e-13       3.5156529       1.4804205        1.4804205      -25.276715      -25.276715
             11      -11.023299     0.096603324       1.1729902        -12.9058      0.56354844       1.2491176       14.893275   1.2422239e-13       3.6605677        1.624819         1.624819      -25.296236      -25.296236
             16      -11.032682     0.099784876       1.1728562      -12.905704      0.55732761        1.258302        14.88868   1.2424989e-13       3.6085075       1.6130759        1.6130759      -25.291516      -25.291516
             20      -11.354847      0.32822551       1.0302019      -12.923287      0.38072142       2.1292444       10.720175   1.1931982e-13        2.402821      0.95021463       0.95021463      -24.610123      -24.610123
             11      -11.103841       0.3283346       1.0883937      -12.909155      0.40165479       2.1297793       12.257269   1.2326642e-13       2.5214757      0.88784385       0.88784385      -23.983371      -23.983371
              4       -11.99924        0.661865        1.258965      -12.863239       0.2821449       4.5905529       18.153693    1.370127e-13       1.9148947      0.34127867       0.34127867      -24.681036      -24.681036
              5      -11.977102      0.65837714       1.2507187      -12.867502      0.28247795       4.5538334       17.812247   1.3567431e-13       1.9163638      0.34438231       0.34438231      -24.642969      -24.642969
              2      -11.564862      0.74810778       1.1593356      -12.885676      0.24682298       5.5989654       14.432303   1.3011399e-13       1.7653181      0.32875693       0.32875693      -23.787238      -23.787238
             26      -12.148334      0.93118313       1.0786013      -12.874721      0.83133406       8.5345991       11.983985   1.3343797e-13       6.7816295      0.10153391       0.10153391      -24.499737      -24.499737
              1      -11.278599      0.94383483      0.96396874       -12.93724      0.57040708       8.7868828       9.2038331   1.1554729e-13       3.7188365      0.24385183       0.24385183      -23.044901      -23.044901
              2      -9.7652612       0.9226048       0.9464779      -12.942863      0.58680748       8.3676748       8.8405218   1.1406105e-13       3.8619574      0.24887194       0.24887194      -20.028266      -20.028266
              4      -11.525929      0.94539231      0.87238062      -12.952412      0.53206809       8.8184511       7.4538494   1.1158051e-13       3.4046157       0.3669943        0.3669943      -23.785846      -23.785846
              4      -11.499696      0.92489341      0.94108959      -12.930775      0.59136937       8.4118866       8.7315148   1.1728022e-13       3.9027377      0.22012676       0.22012676      -23.439646      -23.439646
              8      -9.5905431      0.31004001       1.5325151      -12.874554      0.94232694       2.0419261       34.081214   1.3348922e-13       8.7564272       1.1834847        1.1834847      -21.548056      -21.548056
              6      -10.961736      0.36528784       1.4731325      -12.899784      0.88469039       2.3189311       29.725726   1.2595531e-13       7.6681463      0.93907435       0.93907435      -23.801621      -23.801621
              7      -10.581278      0.42605884        1.472778       -12.88131      0.75569989         2.66722       29.701472   1.3142876e-13       5.6977041      0.69310037       0.69310037      -22.548757      -22.548757
              5      -10.992189      0.29458106       1.3936588      -12.884236      0.81915275        1.970521       24.754765   1.3054622e-13       6.5940578      0.99501974       0.99501974      -23.974417      -23.974417
             14      -11.620446      0.38107349        1.384784      -12.890019      0.86229536       2.4047697       24.254034   1.2881918e-13       7.2827493      0.77236571       0.77236571      -24.785624      -24.785624
              1      -10.955897      0.27653957       1.3421384      -12.877384      0.97507362       1.8903384       21.985605   1.3262208e-13       9.4422093       1.1156492        1.1156492      -24.143092      -24.143092
             10      -11.328065      0.41435336        1.276915      -12.883086      0.96485245        2.596291       18.919733   1.3089215e-13       9.2225804      0.68307871       0.68307871      -24.022288      -24.022288
              2      -10.843401      0.44018763       1.3870415      -12.844344      0.47671493       2.7554189       24.380439   1.4310552e-13       2.9971945      0.58296805       0.58296805      -22.852737      -22.852737
              5      -10.937019      0.44231024       1.3866681      -12.844566      0.47595065       2.7689189       24.359483   1.4303224e-13       2.9919246      0.57846374       0.57846374      -23.030965      -23.030965
             17      -10.501468      0.52314462       1.3510566      -12.844867      0.41910873       3.3353746       22.441746   1.4293329e-13       2.6248756      0.42859668       0.42859668      -21.860129      -21.860129
              3      -10.632542      0.65670961       1.5573867      -12.801797      0.46220475       4.5363819       36.089982   1.5783501e-13       2.8987099      0.45622467       0.45622467      -22.177533      -22.177533
              4      -10.612303       1.3153136        1.241426      -12.855106      0.13579758       20.668721       17.435162    1.396027e-13       1.3670915        1.246462         1.246462       -23.71753       -23.71753
              2      -10.631968       1.3169309       1.2384231      -12.856186      0.13783051       20.745835       17.315022   1.3925613e-13       1.3735058       1.2474545        1.2474545      -23.758844      -23.758844
              9      -10.225341       1.3121784        1.109621      -12.877835    0.0032865616       20.520048       12.871257   1.3248449e-13       1.0075963       1.4926941        1.4926941       -23.43607       -23.43607
             11      -9.8965497       1.3243019        1.103511      -12.868553     0.014370888       21.100946       12.691443   1.3534635e-13       1.0336438       1.4956413        1.4956413      -22.784382      -22.784382
              2      -10.102109       0.9680073       1.4523785      -12.715975     0.072807935       9.2898199       28.338607    1.923201e-13       1.1825185      0.96263238       0.96263238      -22.129483      -22.129483
             20       -10.24836      0.78825434       1.4134527      -12.810892      0.31394995       6.1412155       25.909124   1.5456372e-13       2.0603925      0.33636668       0.33636668      -21.169453      -21.169453
              2      -8.5431502      0.38187981       1.5245273      -12.822256      0.41429617       2.4092386       33.460106   1.5057201e-13       2.5959491      0.92286256       0.92286256      -18.932026      -18.932026
             14      -8.3283932      0.19226731       1.2838184      -12.859607      0.40428076       1.5569236        19.22288   1.3816347e-13        2.536768       1.3116945        1.3116945      -19.280176      -19.280176
             19      -9.1609666      0.57097334       1.8947895      -12.667412      0.31334658       3.7236885       78.485505    2.150741e-13       2.0575319       1.6860101        1.6860101      -21.693953      -21.693953
              8      -9.5577833      0.56597402       1.8841688      -12.667941       0.3059189       3.6810695       76.589423   2.1481233e-13       2.0226414        1.671949         1.671949      -22.459465      -22.459465
             15      -9.0196394      0.38554303       1.9057429      -12.684479      0.31937159       2.4296462       80.490182   2.0678587e-13       2.0862752       2.0205735        2.0205735      -22.080426      -22.080426
             15      -9.0921596      0.38611301       1.9102423      -12.684018      0.32015637        2.432837       81.328411   2.0700557e-13       2.0900485       2.0319435        2.0319435      -22.248206      -22.248206
              8      -9.0446294      0.38740924       1.9089928      -12.685744      0.31889366       2.4401091       81.094761   2.0618441e-13       2.0839805       2.0208819        2.0208819      -22.131023      -22.131023
             18      -9.1749327      0.46620371       1.8526436      -12.657014         0.25342       2.9255243        71.22682   2.2028577e-13       1.7923383       1.8775463        1.8775463      -22.104958      -22.104958
              1       -8.592978       0.4454123        1.757074      -12.665735      0.17832711       2.7887674       57.157604   2.1590633e-13       1.5077423       1.7738026        1.7738026      -20.733561      -20.733561
             42      -8.7809427      0.20621169        1.792844       -12.64432      0.21538561       1.6077247         62.0646   2.2681956e-13       1.6420471       2.5859166        2.5859166      -22.733719      -22.733719
              8      -8.7679624      0.22785272       1.5757077      -12.714213      0.19509864       1.6898678       37.645031   1.9310215e-13        1.567107       1.8747896        1.8747896      -21.285504      -21.285504
             12      -9.2497564      0.35264898        1.734789      -12.645832      0.17234421        2.252418       54.298644   2.2603122e-13       1.4871138       2.0470141        2.0470141      -22.593541      -22.593541
             49      -9.8915268      0.87817847       1.7359187      -12.641091      0.18792294       7.5540259       54.440068   2.2851219e-13       1.5414269       1.4239723        1.4239723      -22.630998      -22.630998
             13      -9.5391466      0.86690111       1.8257297      -12.638978      0.24465207       7.3603948       66.946779    2.296265e-13       1.7565158       1.5495066        1.5495066      -22.177306      -22.177306
             15       -8.896975       1.0754887       1.8595847      -12.673115      0.12851881       11.898404        72.37435   2.1226827e-13         1.34437       1.8793117        1.8793117      -21.552573      -21.552573
             18      -8.6294161       1.1212924       1.8602883      -12.668203     0.094680689       13.221856       72.491696   2.1468274e-13       1.2435999       2.0399989        2.0399989       -21.33883       -21.33883
              2      -8.6332883      0.50118646       1.4132298      -12.811132      0.26867317       3.1709286       25.895828   1.5447858e-13       1.8564069      0.68005334       0.68005334      -18.626683      -18.626683
              8      -11.327031      0.82630353       1.2377358      -12.854547      0.28239265       6.7035295       17.287643   1.3978249e-13       1.9159874      0.25803617       0.25803617      -23.170133      -23.170133
              9      -11.255051      0.82217603       1.2389746      -12.854639       0.2868783       6.6401216       17.337027   1.3975308e-13       1.9358794      0.25268079       0.25268079      -23.015464      -23.015464
              2       -12.51807      0.73376258       1.0864345      -12.935612      0.64971962       5.4170467       12.202099   1.1598122e-13       4.4639531      0.14912912       0.14912912      -25.334398      -25.334398
              1      -11.870157       1.2716088       1.0752106      -12.906653      0.72740293       18.689977       11.890786   1.2397874e-13       5.3382994      0.71211253       0.71211253      -25.164538      -25.164538
              3      -10.525589       1.2750432       0.7848827      -12.961568      0.58216674       18.838365       6.0937229   1.0925278e-13       3.8209094       1.0618192        1.0618192      -23.174817      -23.174817
             11      -11.176913        1.275375      0.82309353      -12.948326      0.53122582       18.852762       6.6541644   1.1263516e-13       3.3980191      0.99832663       0.99832663       -24.35048       -24.35048
             10      -4.5625921       1.6046623      0.62084606      -12.953022      0.65175776       40.240406       4.1768229   1.1142371e-13       4.4849516        2.511422         2.511422      -14.148028      -14.148028
              6      -7.7612093       0.9791522      0.20189343       -13.04994      0.68159704       9.5313013       1.5918181   8.9137437e-14        4.803934       2.1245453        2.1245453      -19.771509      -19.771509
             32       -7.926138       1.0370538      0.28435131      -13.027485      0.67101867       10.890651        1.924648   9.3867509e-14       4.6883354       1.8295643        1.8295643      -19.511405      -19.511405
             11      -10.764121       1.1965829      0.60353284      -13.031235      0.56596193       15.724717       4.0135884   9.3060375e-14        3.680967       1.4173133        1.4173133       -24.36287       -24.36287
              1      -9.2916087      0.90123212      0.50788987      -13.030307      0.35678272       7.9658499       3.2202521   9.3259383e-14       2.2739595       1.3143248        1.3143248      -21.211867      -21.211867
             23      -10.618985      0.86639555      0.47382952      -13.053397      0.32686222       7.3518316       2.9773475   8.8430677e-14        2.122571        1.524421         1.524421      -24.286813      -24.286813
              8      -10.787365      0.86822921      0.42126961      -13.070621      0.30122197       7.3829378       2.6379685   8.4992173e-14       2.0008843       1.7739413        1.7739413      -25.122612      -25.122612
              7      -10.796316      0.86953419      0.42250397      -13.070885      0.30530638       7.4051556       2.6454769    8.494054e-14       2.0197908       1.7681432        1.7681432      -25.128919      -25.128919
              1      -10.345538      0.88210555      0.41983944      -13.077851      0.28235688       7.6226424       2.6292958   8.3589027e-14       1.9158296       1.8490065        1.8490065      -24.389089      -24.389089
              4      -10.683233      0.84996602       0.3934908      -13.083204      0.24840374       7.0789039       2.4745191   8.2565022e-14       1.7717553        1.980196         1.980196      -25.326859      -25.326859
              4      -10.969336       1.1586242      0.58762703      -13.039203      0.56074759        14.40868       3.8692521   9.1368633e-14       3.6370359       1.4038266        1.4038266      -24.746325      -24.746325
              1      -10.796562       1.1866974      0.59458376      -13.036302      0.56465657       15.370834       3.9317307   9.1981011e-14       3.6699198       1.4363963        1.4363963      -24.465916      -24.465916
              3      -8.7899374        1.196081      0.67192589      -12.972836      0.25431393       15.706557       4.6981393   1.0645445e-13       1.7960314       1.3161275        1.3161275       -20.21213       -20.21213
              7      -9.8421427       1.1344926      0.81908981      -12.977952      0.34064822       13.629899       6.5931023   1.0520787e-13       2.1910295      0.90893971       0.90893971      -21.502165      -21.502165
              2      -10.512153         1.16953      0.74275005      -13.020052      0.41320776       14.775086       5.5303173    9.548782e-14       2.5894514       1.1771773        1.1771773       -23.37866       -23.37866
              1      -10.569422        1.170744      0.74021836      -13.020695      0.41889703       14.816445       5.4981725   9.5346627e-14       2.6235964         1.18146          1.18146      -23.501763      -23.501763
              3      -10.983655      0.78693583      0.70417674      -13.022535      0.53755519       6.1225992       5.0603056   9.4943384e-14       3.4479042      0.77704168       0.77704168      -23.521393      -23.521393
             46      -11.781963      0.76994586      0.72077531      -13.014084      0.52180568       5.8877026       5.2574519   9.6809045e-14       3.3251074      0.72503296       0.72503296      -25.013991      -25.013991
             14      -11.288203      0.51857812      0.71404156      -13.034798      0.62488474       3.3004877       5.1765637   9.2299995e-14        4.215846       1.0550145        1.0550145      -24.686435      -24.686435
              9      -10.537251      0.77309739      0.38416062       -13.08738      0.18657737       5.9305831       2.4219246    8.177495e-14       1.5366585        2.120041         2.120041      -25.314583      -25.314583
              9      -10.583307      0.85402302      0.40854539      -13.068708       0.2731974        7.145342        2.561801    8.536742e-14       1.8758469       1.8239874        1.8239874      -24.814589      -24.814589
             17      -10.162015      0.86817978      0.33542699      -13.067864      0.12035245       7.3820976       2.1648459   8.5533434e-14        1.319327       2.2456966        2.2456966      -24.815424      -24.815424
             23      -9.9771133      0.87298957      0.34959491      -13.066883      0.13189527       7.4643082       2.2366339   8.5726953e-14       1.3548627       2.1835002        2.1835002      -24.321227      -24.321227
             14      -9.7322287      0.86640367      0.34949029      -13.074893     0.098098906       7.3519691       2.2360952   8.4160298e-14       1.2534266       2.2894066        2.2894066      -24.043271      -24.043271
              1      -9.7975372      0.68208954      0.31081913      -13.121262      0.16430839        4.809385       2.0455925   7.5637701e-14       1.4598505       2.6231828        2.6231828       -24.84144       -24.84144
             11      -10.595983       0.6765732      0.47438597      -13.088404      0.28748938       4.7486832       2.9811647   8.1582403e-14       1.9386052       1.8209686        1.8209686      -24.833903      -24.833903
              1      -10.219066      0.60493966      0.53516425      -13.077389      0.36863015       4.0266108       3.4289745    8.367801e-14       2.3368463       1.6083009        1.6083009      -23.654734      -23.654734
              4      -10.553384      0.62114505      0.54579974      -13.077626      0.36803804       4.1796994       3.5139837   8.3632325e-14       2.3336624       1.5697155        1.5697155      -24.246199      -24.246199
             16      -10.695014      0.61228582      0.55498964      -13.076997       0.3785065       4.0953009       3.5891337    8.375358e-14       2.3905977       1.5482738        1.5482738      -24.486576      -24.486576
              6      -11.274752       1.1190675      0.63621919      -13.039177      0.40625089       13.154292       4.3273218   9.1374024e-14        2.548302       1.3330147        1.3330147      -25.215533      -25.215533
              4      -11.311512       1.1104486      0.63153991      -13.039396      0.40856739       12.895809       4.2809476   9.1328047e-14       2.5619308       1.3241817        1.3241817      -25.271388      -25.271388
              5      -11.296393      0.92236289       0.7234141       -13.00313      0.33107213       8.3630152       5.2894936    9.928197e-14       2.1432465       0.8553595        0.8553595      -24.303506      -24.303506
              7      -10.994806      0.92792879      0.71636474      -13.002749      0.31130683       8.4708852        5.204329   9.9368987e-14        2.047891      0.88957441       0.88957441      -23.768762      -23.768762
             10      -10.272607       1.1155789        1.107366      -12.847338       1.1156401       13.049051         12.8046    1.421223e-13       13.050889      0.59434472       0.59434472      -21.733903      -21.733903
              4       -12.21748      0.55439976       1.1584211       -12.91642      0.73353043       3.5842621       14.401943   1.2122169e-13       5.4141518      0.29049617       0.29049617      -25.015953      -25.015953
              2      -11.554516      0.58229703       0.7115391      -13.020422       0.5293135       3.8220559       5.1468215   9.5406545e-14       3.3830896       0.9165906        0.9165906      -24.942214      -24.942214
             47      -11.242961      0.60733105      0.73729751      -13.013338      0.53480317       4.0488441       5.4613185   9.6975401e-14       3.4261247      0.81380452       0.81380452       -24.11353       -24.11353
              5      -11.704858      0.61730616      0.74216388      -13.013211      0.54293526       4.1429163        5.522858    9.700384e-14       3.4908827      0.79146727       0.79146727       -24.99265       -24.99265
              8      -12.202166       0.6327007       1.1300528      -12.916752      0.72699915        4.292405       13.491268    1.211289e-13       5.3333386      0.18469515       0.18469515      -24.773722      -24.773722
              2      -10.049079      0.76872705       1.3571689      -12.856944      0.57165816       5.8712023       22.759824   1.3901328e-13       3.7295648      0.11042881       0.11042881      -20.319016      -20.319016
              6      -11.806927      0.80861434       1.2299325      -12.880552      0.38988336       6.4359748       16.979797   1.3165825e-13       2.4540497      0.16494084       0.16494084      -23.943735      -23.943735
             23      -11.374578       0.6647412       1.2093582      -12.867609      0.22082377       4.6210556       16.194152   1.3564086e-13       1.6627378      0.40668021       0.40668021      -23.562516      -23.562516
              5      -9.4572539       0.5399126      0.56059736      -12.956368     -0.11268825       3.4666708        3.635778   1.1056872e-13      0.77145705        1.940846         1.940846        -22.7962        -22.7962
             54      -8.6337541      0.41645721      0.17871296      -13.034053     -0.14896507       2.6088987       1.5090824   9.2458461e-14      0.70963483       3.5859495        3.5859495      -24.439407      -24.439407
              4       -8.277252     0.070563545      0.31868287      -13.061719    -0.038566729       1.1764231       2.0829693    8.675229e-14      0.91502565       4.2271196        4.2271196      -25.008743      -25.008743
              5      -7.9976574     0.081484062      0.23823676      -13.090524      0.03155362       1.2063798       1.7307597   8.1185099e-14       1.0753594        4.431602         4.431602      -24.858519      -24.858519
             23      -6.0499295     -0.17423458      0.25637786      -13.074871    0.0065676301      0.66952288       1.8045872    8.416446e-14       1.0152375       5.6583465        5.6583465      -23.416552      -23.416552
              2      -8.1189197     -0.10559638      0.56959464      -12.978645    -0.060075444      0.78415809       3.7118861   1.0504008e-13       0.8708123       4.1875006        4.1875006      -24.612841      -24.612841
              2      -8.5881175      -0.0894177      0.61816895      -12.967106    -0.021509668      0.81392109        4.151155   1.0786842e-13      0.95167866        3.880924         3.880924      -24.938083      -24.938083
              8      -8.4374227    -0.058948246      0.60369577      -12.972395   -0.0083173693       0.8730754       4.0150944   1.0656263e-13      0.98103077       3.7323239        3.7323239      -24.339493      -24.339493
              4      -11.418291      0.34568812      0.85825982      -12.950787      0.61403947        2.216604       7.2153901   1.1199876e-13       4.1118709      0.94897006       0.94897006      -24.734521      -24.734521
              2      -11.555537      0.38352247      0.84392068      -12.953648      0.61260225       2.4183685       6.9810489   1.1126334e-13       4.0982859       0.8691606        0.8691606      -24.849396      -24.849396
              1       -11.04652      0.58768662      0.87128286      -12.973809      0.62012145       3.8697831       7.4350322   1.0621635e-13       4.1698598      0.50866891       0.50866891      -23.110377      -23.110377
             15       -10.76859      0.40931165       1.2216498      -12.902519       1.2024714        2.566325       16.659034   1.2516437e-13       15.939378       1.0238595        1.0238595      -23.584899      -23.584899
              9      -9.5677363      0.28493995       1.2127477      -12.907968       1.1803203       1.9272584       16.321036   1.2360398e-13       15.146779       1.3423718        1.3423718      -21.820216      -21.820216
              1      -9.6919822      0.28031447       1.2099556      -12.909143       1.1769851        1.906841       16.216442   1.2326988e-13       15.030905       1.3530889        1.3530889      -22.090142      -22.090142
              1      -11.341492      0.46982087        1.440863      -12.893224       1.0522368       2.9499922       27.597074   1.2787228e-13       11.278124      0.80578129       0.80578129      -24.294546      -24.294546
              4      -11.589164       0.5192223       1.4293056       -12.88578      0.96445224       3.3053869       26.872349   1.3008292e-13       9.2140856      0.59004348       0.59004348      -24.358415      -24.358415
             29      -12.043746      0.88420402       1.0555903      -12.905582      0.67716513       7.6595635       11.365545   1.2428493e-13         4.75516     0.083281528      0.083281528      -24.254054      -24.254054
             27      -12.544459      0.78296508       1.1096325       -12.91682      0.62643515       6.0668755         12.8716      1.2111e-13       4.2309233     0.088292813      0.088292813      -25.265503      -25.265503
              8      -12.294741      0.67045925       1.0747437       -12.93107      0.67671607       4.6823002       11.878009    1.172007e-13       4.7502456      0.18020202       0.18020202      -24.949885      -24.949885
              7      -12.157089      0.70765434       1.0395774      -12.937269      0.66326456       5.1009885       10.954117   1.1553955e-13       4.6053704      0.17660398       0.17660398      -24.667386      -24.667386
              2      -12.413193      0.72612122       1.0465702      -12.930498      0.61806591        5.322568       11.131924   1.1735508e-13       4.1501702       0.1505477        0.1505477      -25.127481      -25.127481
              7      -12.168088      0.67448736      0.93239279      -12.946361      0.56247683       4.7259308       8.5584041   1.1314592e-13       3.6515464      0.29377518       0.29377518      -24.923727      -24.923727
             17      -12.131638      0.73670678      0.91605523       -12.94607      0.56340504        5.453895       8.2424294   1.1322186e-13       3.6593592      0.26399875       0.26399875      -24.791273      -24.791273
              2      -12.193741      0.73330201        0.911873      -12.947489      0.55892247       5.4113049       8.1634362   1.1285248e-13       3.6217834      0.27423424       0.27423424       -24.93595       -24.93595
             12      -11.289832       1.1782741      0.68761697      -12.999903      0.55899455       15.075582        4.870987   1.0002245e-13       3.6223845       1.0976777        1.0976777       -24.77502       -24.77502
              9      -11.801899        1.060606      0.79319595      -12.970258      0.55473105       11.497568       6.2114923   1.0708824e-13       3.5869973      0.62817051       0.62817051      -24.860139      -24.860139
             27      -11.932621       1.0672389      0.85551607      -12.950455      0.54518921       11.674516       7.1699491   1.1208446e-13       3.5090472      0.51423657       0.51423657      -24.893716      -24.893716
              6      -11.831855       1.2378164      0.93782754      -12.940176      0.56981885       17.290853       8.6661768   1.1476889e-13       3.7138029      0.76442083       0.76442083      -25.192551      -25.192551
              1      -10.149443       1.1441752      0.85010239      -12.944237       0.6334653        13.93719       7.0811272   1.1370072e-13       4.2999687      0.61544998       0.61544998      -21.529785      -21.529785
             10      -10.359977      0.50860726       1.0220285      -12.896868      0.17141366       3.2255758        10.52031   1.2680364e-13       1.4839308      0.73768189       0.73768189      -22.195318      -22.195318
             14      -11.438489      0.45963373      0.95463651      -12.933403      0.30680226       2.8816002       9.0081686   1.1657269e-13       2.0267597      0.75528419       0.75528419      -24.387546      -24.387546
             10      -9.9919277     0.039988715      0.70482769      -13.002251      0.49876458       1.0964497       5.0678959   9.9482992e-14       3.1532949       2.4986328        2.4986328      -24.981121      -24.981121
              9      -10.193459     0.045591509      0.70345445      -13.002619      0.49769544       1.1106865       5.0518966   9.9398683e-14       3.1455416       2.4767408        2.4767408        -25.3404        -25.3404
              8      -7.7302728      0.49494248       0.3619841      -13.080524      0.14461831       3.1256654       2.3013576   8.3076066e-14       1.3951417       2.5006021        2.5006021       -20.46175       -20.46175
             10      -10.979137      0.87623081      0.47349902      -13.027645      0.20637098       7.5202245       2.9750825   9.3832915e-14       1.6083145       1.5530217        1.5530217      -25.064317      -25.064317
              6      -10.908558      0.36765673      0.68698823      -12.978323      0.25265455       2.3316144       4.8639402   1.0511797e-13       1.7891821       1.4613185        1.4613185      -24.739753      -24.739753
              7      -10.497374      0.35345008      0.68822564      -12.973101      0.23248448       2.2565766       4.8778186   1.0638968e-13       1.7079867       1.5071916        1.5071916      -24.009131      -24.009131
             15      -9.9885481       0.3572588       0.8246994      -12.963582      0.32257192       2.2764536       6.6788148   1.0874708e-13       2.1017058       1.1787831        1.1787831      -22.334662      -22.334662
              2      -10.133446      0.60013417      0.60809204      -13.030002      0.16696762       3.9823018       4.0559449   9.3325059e-14       1.4688168       1.4795366        1.4795366      -23.225965      -23.225965
             17      -10.633458      0.57822377      0.61826619      -13.029109      0.17770992       3.7863763       4.1520846    9.351717e-14       1.5056011       1.4694762        1.4694762      -24.205869      -24.205869
              5      -10.967233      0.59165549      0.59108392      -13.041527      0.14949964       3.9053097       3.9001734   9.0880891e-14       1.4109111        1.608181         1.608181      -25.150828      -25.150828
              3      -8.6212373      0.60718853      0.55045772      -13.072322      0.10909621       4.0475156       3.5518754     8.46599e-14       1.2855714       1.9069866        1.9069866      -21.056448      -21.056448
              5      -8.7341182      0.59604703      0.55802968      -13.064186     0.071029781       3.9450002       3.6143456   8.6260825e-14       1.1776867       1.9304794        1.9304794      -21.329195      -21.329195
              2      -7.9033861       1.0041891      0.53842733      -13.074361      0.22738757       10.096924       3.4548351   8.4263382e-14       1.6880588       1.7378853        1.7378853      -19.282543      -19.282543
             11      -9.5283258      0.73687592      0.69159144      -13.040947      0.39833602       5.4560195       4.9157686   9.1002365e-14       2.5022806      0.99192955       0.99192955      -21.040511      -21.040511
             22      -10.420922      0.75869452      0.61076772      -13.049671      0.48005522       5.7371277       4.0810105   8.9192642e-14       3.0203358       1.0992668        1.0992668      -23.040378      -23.040378
             29      -10.403621      0.98674602       0.5554662      -13.038969      0.10149053       9.6994256       3.5930743   9.1417768e-14       1.2632535       1.6945744        1.6945744       -24.19639       -24.19639
              7      -11.306681      0.97178997      0.59788411      -13.040107      0.44825991       9.3710869        3.961723     9.11786e-14       2.8071131       1.1626315        1.1626315      -24.938625      -24.938625
              2      -11.893058      0.79637251      0.69429278      -13.006758      0.55396618       6.2570916       4.9464404   9.8456066e-14       3.5806855      0.71203338       0.71203338      -25.210184      -25.210184
              1      -10.822504      0.81515038      0.77779451      -12.986171      0.38856253       6.5335675       5.9950735   1.0323557e-13       2.4465975       0.6222304        0.6222304      -22.889468      -22.889468
              3      -10.189733       1.1763357      0.82102141      -12.978178      0.39159468       15.008445       6.6224914   1.0515298e-13       2.4637389      0.94486108       0.94486108      -22.269189      -22.269189
              3      -9.8115039       1.2787581      0.60311176      -13.033418     0.056867284       19.000198       4.0096989   9.2593746e-14       1.1399014       2.2310682        2.2310682      -24.085144      -24.085144
             16      -10.530326       1.4395629       1.3151506      -12.862254      0.44221979        27.51458       20.660963   1.3732396e-13       2.7683423       1.3398813        1.3398813      -23.740414      -23.740414
              3      -11.311053       1.1369811       1.2265418       -12.89407      0.53422414       13.708222       16.847745   1.2762323e-13       3.4215598      0.40832445       0.40832445      -23.438754      -23.438754
              1      -11.690753       0.9130243       1.4918249      -12.865365      0.54503736       8.1851058       31.033083   1.3634366e-13       3.5078205       0.2938226        0.2938226       -23.96915       -23.96915
             10      -10.927675      0.28818083       1.3201853      -12.899353       1.0643991       1.9416942       20.901879   1.2608037e-13       11.598428       1.1982537        1.1982537      -24.251857      -24.251857
              4      -11.241794      0.27385057       1.3246782      -12.887347       1.0393298       1.8786703       21.119236   1.2961429e-13       10.947873       1.1962554        1.1962554      -24.876098      -24.876098
             13      -11.258646      0.27419694       1.3270389      -12.886555       1.0394304       1.8801692       21.234345   1.2985099e-13       10.950411        1.195738         1.195738      -24.908767      -24.908767
             24      -11.844934      0.41240285       1.3438466      -12.886107      0.97878932       2.5846566       22.072248   1.2998479e-13       9.5233407      0.74948735       0.74948735      -25.188842      -25.188842
             25      -10.783294      0.26185663       1.2228802      -12.909103        1.083199       1.8274968       16.706296   1.2328117e-13       12.111529       1.2764732        1.2764732      -24.119534      -24.119534
             21      -10.882206       0.2981912       1.2374803      -12.902142       1.1254642       1.9869695       17.277475   1.2527308e-13       13.349476          1.2119           1.2119      -24.188212      -24.188212
              1      -10.915181      0.14035509       1.2831896      -12.883014       1.0473297       1.3815134       19.195067   1.3091387e-13       11.151407       1.6608917        1.6608917      -25.152146      -25.152146
              3      -11.146754      0.21566136       1.3018466      -12.886203       1.0372108         1.64309       20.037639    1.299561e-13       10.894588       1.3760441        1.3760441      -25.045596      -25.045596
              8      -11.135765      0.23251873       1.2780349      -12.890362       1.0529282       1.7081214       18.968585    1.287177e-13       11.296091       1.3280072        1.3280072      -24.927545      -24.927545
             14      -11.171417      0.24966578       1.2820667      -12.890422       1.0663952       1.7769114         19.1455   1.2869996e-13       11.651859       1.2884094        1.2884094      -24.919653      -24.919653
              3      -9.9832042    0.0047911943        1.368606      -12.875918       1.0239425       1.0110932       23.367163   1.3307054e-13       10.566777       2.2888581        2.2888581      -24.544124      -24.544124
              7      -7.3572274     -0.45759282       1.3400464      -12.881453       1.0217644      0.34866405       21.879953   1.3138537e-13       10.513914       5.1696306        5.1696306      -25.053716      -25.053716
              2      -7.0644829     -0.34422875       1.2963371      -12.907536      0.82158967       0.4526591       19.785048   1.2372677e-13       6.6311625        4.187879         4.187879      -22.504724      -22.504724
              1      -10.490566       0.9375707      0.96287741      -12.928735      0.60284617       8.6610531       9.1807342    1.178324e-13       4.0072475      0.20893545       0.20893545      -21.399003      -21.399003
              1        -11.6491       0.9095346      0.90725899       -12.93973      0.64144544       8.1195993       8.0771657   1.1488683e-13       4.3797109      0.24841625       0.24841625      -23.795032      -23.795032
             10      -11.617312      0.89964709      0.73770714       -12.99508      0.48571668       7.9368303       5.4664721    1.011393e-13       3.0599665      0.65836475       0.65836475      -24.551354      -24.551354
              8       -10.62856       1.1169264      0.40630689      -13.089274      0.45288456       13.089601       2.5486306    8.141905e-14       2.8371647       2.0536259        2.0536259      -25.364372      -25.364372
              1      -10.271414       1.1467927      0.52880911      -13.059722      0.39980572       14.021443       3.3791627   8.7152084e-14        2.510763       1.7016415        1.7016415      -23.946111      -23.946111
              1      -10.900978       1.0077811      0.48594873      -13.059014      0.34035043       10.180781        3.061602   8.7294248e-14       2.1895277       1.6218998        1.6218998      -25.045755      -25.045755
             17       -10.84572      0.52112755      0.74859391      -13.035451      0.69554807       3.3199195       5.6052361   9.2161314e-14       4.9607583       1.0058232        1.0058232      -23.703087      -23.703087
              3      -11.318143      0.53050889      0.65201245      -13.039178      0.48357399       3.3924143       4.4875826   9.1373831e-14       3.0449067       1.2021324        1.2021324      -25.040551      -25.040551
              5      -8.3707219     -0.32371924       1.0189245      -12.940396      0.57306183      0.47454867       10.445386   1.1471069e-13       3.7416385       4.0649656        4.0649656      -24.871375      -24.871375
              2      -8.5601536      0.50470106      0.61132245      -13.052484       0.2433974       3.1966939       4.0862266    8.861669e-14       1.7514486       1.6244784        1.6244784      -20.369264      -20.369264
              3      -11.178826      0.79541888      0.75882235      -12.999442      0.48898859       6.2433672       5.7388166   1.0012846e-13        3.083107       0.6244319        0.6244319      -23.606516      -23.606516
              2      -11.094615      0.90594799      0.91714832      -12.908959      0.13248764         8.05282       8.2632011   1.2332225e-13       1.3567119      0.63094402       0.63094402      -23.451118      -23.451118
             15      -11.194522       0.9048538      0.91539921       -12.90972      0.12893318       8.0325567       8.2299882   1.2310626e-13       1.3456533      0.63930014       0.63930014      -23.667645      -23.667645
              7      -10.869743      0.83132333      0.72504306      -12.959372      0.17605471       6.7814619       5.3093709   1.0980654e-13       1.4998738      0.86196043       0.86196043      -23.463408      -23.463408
              7      -9.5257317      0.73193701      0.73637466      -12.963361      0.23642827       5.3943237       5.4497259   1.0880258e-13       1.7235674      0.78681617       0.78681617      -20.625096      -20.625096
             11      -11.394226       1.0189986       0.7451771       -12.99814      0.26407924        10.44717       5.5613099   1.0042913e-13       1.8368734      0.97939289       0.97939289      -24.747238      -24.747238
              1      -9.7397763       1.2386727      0.71520654      -12.989707      0.27686373       17.324977       5.1904683   1.0239838e-13         1.89175       1.3908772        1.3908772      -22.261307      -22.261307
              1       -11.60941       1.1088375      0.72283228      -13.008975      0.41283255       12.848057       5.2824122   9.7954659e-14       2.5872152       1.0333676        1.0333676      -25.285555      -25.285555
             18      -11.508569       1.1105637      0.70474927      -13.013175      0.40975086       12.899227       5.0669809   9.7011934e-14       2.5689216         1.08307          1.08307      -25.183278      -25.183278
              5       -9.888679        1.128579      0.80642426      -12.996173      0.42228274       13.445564        6.403601   1.0088499e-13       2.6441296      0.90561521       0.90561521      -21.588588      -21.588588
             18      -11.692128       1.1256377      0.78982262      -13.000035      0.42033999       13.354809       6.1634321   9.9991848e-14       2.6323279      0.93598031       0.93598031      -25.256217      -25.256217
              7      -11.695131        1.100075      0.77574062      -12.996356      0.40943198        12.59143       5.9667882   1.0084269e-13       2.5670361      0.89940639       0.89940639      -25.189075      -25.189075
             30      -9.2033352       1.4241561      0.58255759      -13.040219     0.043390192         26.5556       3.8243497   9.1155024e-14        1.105071       2.8048438        2.8048438      -24.016358      -24.016358
             30      -8.5036549       1.4200269      0.62586182      -13.035881      0.08969777        26.30431       4.2253415    9.207019e-14       1.2294129       2.6000084        2.6000084      -22.207327      -22.207327
              4      -8.6189994       0.3640241      0.99180022      -12.924592      0.49339798       2.3121931       9.8129643   1.1896202e-13       3.1145692      0.78261536       0.78261536      -18.803229      -18.803229
              3      -11.698661      0.38809045       1.1857787       -12.88764      0.33487122       2.4439395       15.338352   1.2952695e-13       2.1620773      0.75696168       0.75696168      -24.911246      -24.911246
             15      -12.246659       0.6046258       1.1499851      -12.892954      0.34987706       4.0237019        14.12489   1.2795177e-13       2.2380875      0.33181143       0.33181143      -25.156942      -25.156942
             18      -11.011621      0.33876969      0.99963043      -12.942056      0.47684634       2.1815727       9.9914939   1.1427305e-13       2.9981016      0.90461186       0.90461186      -23.832466      -23.832466
              4      -7.5995475     -0.30339948       1.1539182      -12.919138      0.73479559      0.49727945       14.253392    1.204652e-13        5.429947       3.8502003        3.8502003      -22.899496      -22.899496
              4      -7.0957853     -0.28387031       1.1496491      -12.923664       0.7544981       0.5201513       14.113968   1.1921647e-13       5.6819591       3.7347506        3.7347506      -21.661072      -21.661072
              1      -4.8672694     -0.26592113       1.1394789      -12.924802      0.77711826      0.54209933       13.787291   1.1890441e-13       5.9857456       3.6260357        3.6260357       -16.98661       -16.98661
             10      -3.6244457     -0.83219012       1.2522752      -12.903101        1.106069      0.14716681         17.8762   1.2499685e-13       12.766418       8.5563981        8.5563981      -24.361688      -24.361688
              3      -4.6380799     -0.75158228       1.3080526      -12.886382      0.89529346      0.17718123       20.326034   1.2990254e-13        7.857664       7.5498876        7.5498876      -24.375935      -24.375935
              6      -8.1721358      -0.2328809      0.95762173      -12.930569      0.80914927      0.58495048       9.0703015   1.1733581e-13       6.4439072       3.4866554        3.4866554      -23.317582      -23.317582
              4      -8.4802686     -0.20481636         0.94628      -12.929745      0.83586316      0.62399863       8.8364942   1.1755871e-13       6.8527227       3.3299145        3.3299145      -23.620366      -23.620366
              3      -8.3976674     -0.20297541      0.94457485      -12.929624      0.83268132      0.62664935        8.801868   1.1759154e-13          6.8027       3.3176227        3.3176227       -23.43058       -23.43058
             10      -10.767249      0.17615268       1.1661887       -12.91697      0.88258401       1.5002122       14.661849   1.2106817e-13       7.6310449       1.3797754        1.3797754      -24.294049      -24.294049
              3      -11.026017      0.13019508       1.2325455      -12.906636       0.9360466        1.349569       17.082268   1.2398344e-13       8.6307114       1.6008934        1.6008934      -25.253822      -25.253822
              5      -10.922817      0.13136978       1.2025503      -12.903643      0.99289373       1.3532243       15.942276   1.2484107e-13       9.8377035       1.6351772        1.6351772      -25.115987      -25.115987
              2      -11.197067      0.29253946       1.1365115      -12.905028       1.0003593       1.9612794       13.693405    1.244434e-13       10.008277       1.0511999        1.0511999      -24.496535      -24.496535
              6       -11.38455      0.31956341       1.1172171      -12.907292      0.98118046       2.0871969       13.098364   1.2379647e-13       9.5759189      0.95258283       0.95258283      -24.674266      -24.674266
              9      -11.514535      0.73715456       0.7621358      -12.969902      0.63830066       5.4595212       5.7827684   1.0717604e-13       4.3481113      0.47242081       0.47242081      -23.973913      -23.973913
              1      -11.239215      0.93615464       1.0236434      -12.926581      0.69256737       8.6328588       10.559502   1.1841846e-13       4.9268276      0.17005387       0.17005387      -22.818537      -22.818537
              4       -11.02063      0.78574139      0.77866386      -12.928931      0.72268131       6.1057834       6.0070861   1.1777944e-13       5.2805761      0.31921308       0.31921308      -22.679687      -22.679687
              9      -9.7457902      0.77861972      0.94351731       -12.90811      0.55422935       6.0064757       8.7804608   1.2356357e-13       3.5828559      0.14276773       0.14276773      -19.777116      -19.777116
              7      -9.5863204      0.77665696      0.94434362      -12.907785      0.55080236       5.9793911        8.797183   1.2365602e-13       3.5546951      0.14330106       0.14330106      -19.459243      -19.459243
              3      -8.8758126       1.4209606       0.9674537       -12.94277      0.66303155       26.360922       9.2779858   1.1408542e-13       4.6029001       1.3127085        1.3127085      -20.377042      -20.377042
              5      -11.205246       1.4340566       1.0722843      -12.918291      0.67120275       27.167936       11.810936   1.2070044e-13        4.690323       1.2631914        1.2631914      -24.936874      -24.936874
              3      -10.516382       1.5714935       1.1205179      -12.906746      0.67418307       37.281508       13.198298   1.2395199e-13       4.7226207       1.8095402        1.8095402      -24.651844      -24.651844
             12       -10.33636       1.5750332       1.1155373       -12.90737      0.66808852       37.586612       13.047801   1.2377404e-13         4.65681       1.8270565        1.8270565      -24.326833      -24.326833
              5      -8.9089248       1.7331424       1.1228392      -12.910961      0.46167377       54.093162       13.269032   1.2275487e-13        2.895168       2.7089996        2.7089996      -23.235849      -23.235849
              1      -9.5968014       1.7324357        1.120873      -12.915572      0.45964194        54.00521       13.209095   1.2145853e-13       2.8816547       2.7161885        2.7161885       -24.62598       -24.62598
              6      -10.624571      0.15433864      0.68103138      -13.015216      0.68002146       1.4267196       4.7976812   9.6556987e-14       4.7865374        2.051094         2.051094      -25.351329      -25.351329
             38      -10.017735      0.41430846      0.58953473      -13.020892      0.75106405       2.5960225       3.8862858   9.5303298e-14       5.6372079        1.413464         1.413464      -22.862398      -22.862398
              1      -10.007451      0.41439781      0.58910255      -13.020878      0.75065625       2.5965567       3.8824203   9.5306283e-14        5.631917       1.4138651        1.4138651      -22.842631      -22.842631
              1      -10.593955      0.18787778      0.79369568      -12.965149      0.74473879       1.5412666       6.2186438   1.0835549e-13          5.5557       1.5841246        1.5841246      -24.356159      -24.356159
              4      -9.3439328     0.085070852       0.7326046      -12.978571      0.81302581       1.2163844       5.4026222   1.0505807e-13       6.5016833       2.1502199        2.1502199      -22.988305      -22.988305
              7      -9.1791539      0.66691023       1.0703021      -12.907798      0.56743162       4.6441927       11.757152   1.2365227e-13       3.6934449      0.14754809       0.14754809      -18.653404      -18.653404
              6       -11.39424      0.75319229       1.3560728      -12.871012      0.74606556       5.6649006       22.702453   1.3458229e-13       5.5726986      0.12233216       0.12233216      -23.033145      -23.033145
              2      -11.044923      0.39377585       1.2918624      -12.903748       0.7844601       2.4761437       19.582239   1.2481073e-13       6.0877962      0.65468378       0.65468378      -23.399215      -23.399215
              7      -11.123688      0.39591391        1.283974      -12.905666      0.78819831        2.488364       19.229765   1.2426081e-13       6.1404233      0.64988317       0.64988317      -23.547143      -23.547143
              7      -11.135451      0.39834586       1.2873808      -12.904837      0.79063991       2.5023374       19.381206   1.2449815e-13       6.1750419      0.64510019       0.64510019      -23.561102      -23.561102
             18      -11.145233      0.43813233       1.4505756      -12.862969      0.84058878       2.7424097       28.221209   1.3709799e-13       6.9276954      0.65463279       0.65463279      -23.599731      -23.599731
              4      -11.263177        0.431477       1.4475733      -12.863613      0.84030363       2.7007041       28.026785   1.3689489e-13       6.9231482      0.66681114       0.66681114      -23.859977      -23.859977
              3      -11.043732       0.4396884       1.4294797      -12.866323      0.85286559       2.7522533       26.883121   1.3604321e-13       7.1263244      0.63833018       0.63833018      -23.364124      -23.364124
              1      -10.679455      0.43432276       1.5366358       -12.86224      0.73213583       2.7184588       34.406129   1.3732819e-13       5.3967939      0.73106187       0.73106187      -22.821035      -22.821035
              8      -10.529244        0.629187       1.5713139      -12.874465      0.84397602       4.2578171       37.266095   1.3351646e-13       6.9819386       0.5102652        0.5102652      -22.079017      -22.079017
             17      -9.9382784      0.56295989       1.5791135      -12.864085      0.98139331       3.6556103       37.941415   1.3674622e-13       9.5806133      0.70686925       0.70686925      -21.290295      -21.290295
              8      -10.475371      0.87023097       1.6534689      -12.872829      0.67336891        7.417046       45.026572   1.3402053e-13       4.7137757      0.50742019       0.50742019      -21.965582      -21.965582
             52      -10.381809      0.73834156       1.6758332      -12.863738      0.74053328       5.4744634       47.405983   1.3685531e-13       5.5021609      0.55367273       0.55367273      -21.870963      -21.870963
             11      -9.3730824       1.5031499      0.99257949      -12.940581      0.29459668       31.852964        9.830588    1.146618e-13       1.9705918       1.8443762        1.8443762      -22.434917      -22.434917
              5      -8.7071771       1.5195027      0.98064417      -12.926107      0.13143094       33.075217       9.5641013   1.1854763e-13       1.3534149       2.1228912        2.1228912      -21.660136      -21.660136
              3      -9.7951103       1.6381134      0.90089013      -12.947815      0.27967662       43.462369       7.9595797   1.1276784e-13       1.9040424       2.5579372        2.5579372      -24.706095      -24.706095
              1      -8.2221414       1.8331361       1.0471767      -12.914688      0.16249281       68.098268       11.147479   1.2170607e-13       1.4537603       3.6598503        3.6598503      -23.763983      -23.763983
             14      -8.9154596       1.8719664       1.3777932      -12.873874      0.58735017       74.467428       23.866747   1.3369848e-13       3.8667863       3.5357812        3.5357812      -24.902481      -24.902481
             14      -9.8284477       1.7403287       1.0552276      -12.917343      0.61154901       54.995691       11.356058   1.2096414e-13       4.0883588       2.7062361        2.7062361      -25.069368      -25.069368
              2      -9.9512458       1.2999406       1.0455912      -12.915884      0.41904492       19.949896       11.106858   1.2137134e-13         2.62449      0.91357103       0.91357103      -21.729634      -21.729634
              6      -9.1307381       1.7729373       1.1210411       -12.91157      0.37660358       59.283969       13.214206   1.2258279e-13       2.3801459        3.005638         3.005638      -24.272752      -24.272752
              2       -10.56205       1.5759093       1.1045056       -12.92693       0.4116643        37.66251       12.720541   1.1832327e-13       2.5802649       1.9814989        1.9814989      -25.087098      -25.087098
              1      -11.237992      0.49902603       1.1099435      -12.886207      0.95509094       3.1551937       12.880819   1.2995511e-13       9.0175995      0.45524137       0.45524137      -23.386467      -23.386467
             17      -10.942515     0.075168562       1.1888034      -12.899789      0.60177131       1.1889636       15.445551   1.2595363e-13        3.997342       1.7002105        1.7002105      -25.285451      -25.285451
              2      -10.038686     0.045234496       1.1656199      -12.899507      0.67329292       1.1097739       14.642657   1.2603547e-13       4.7129509       1.8239837        1.8239837      -23.725339      -23.725339
              2      -5.1929226       0.1919701      0.88608279       -12.98082      0.55979824       1.5558585       7.6927708   1.0451538e-13       3.6290942       1.5445663        1.5445663      -13.474978      -13.474978
              2      -9.4347574      0.34406206      0.85862755      -12.965149      0.48579675       2.2083203       7.2215022   1.0835549e-13       3.0605308       1.0482014        1.0482014      -20.965918      -20.965918
              1      -9.2056197      0.32449008      0.85707444      -12.966982      0.48880772        2.111009        7.195723   1.0789926e-13       3.0818232       1.1104255        1.1104255      -20.632091      -20.632091
              6      -10.816573      0.36201957       1.1863736      -12.910584      0.59881484       2.3015455       15.359376   1.2286154e-13       3.9702224       0.6940178        0.6940178      -23.021182      -23.021182
              2      -8.3233559      0.42362147      0.31412739      -13.137663      0.19585642       2.6522928       2.0612345    7.283447e-14       1.5698437       3.0868389        3.0868389       -22.82039       -22.82039
              2      -8.8657755       0.3568173      0.15766007      -13.151161      0.35477809       2.2741406       1.4376728   7.0605644e-14       2.2634875       3.6328292        3.6328292      -24.997209      -24.997209
             26      -11.122537       1.0543291      0.47681324      -13.055312      0.52546229       11.332587        2.997873   8.8041533e-14       3.3532219       1.5418032        1.5418032       -25.32868       -25.32868
              5      -12.111034       1.0021324       1.0633377      -12.879868      0.88247749        10.04922       11.570116   1.3186569e-13       7.6291736      0.20879636       0.20879636      -24.639661      -24.639661
              2      -12.253282      0.98694754       1.0519952      -12.888306      0.83946528       9.7039274       11.271849   1.2932843e-13       6.9097969      0.17936897       0.17936897      -24.865302      -24.865302
              9      -11.090383       1.1289914       1.0569774      -12.856136      0.92583203       13.458337       11.401905   1.3927197e-13       8.4300865       0.4140507        0.4140507      -23.008867      -23.008867
             20      -12.195939       1.0296542       1.1020402      -12.856767       1.0101041       10.706665       12.648533   1.3906973e-13       10.235382      0.32934027       0.32934027      -25.050559      -25.050559
             13      -11.711399       1.0775775       1.1052199       -12.83912       1.0153614        11.95577        12.74148    1.448371e-13        10.36004      0.39553545       0.39553545      -24.213869      -24.213869
             10      -11.228598         1.07813       1.1208737      -12.835447       1.0310139       11.970989       13.209114   1.4606734e-13       10.740237      0.41300682       0.41300682       -23.28321       -23.28321
             15      -11.463969       1.1245926       0.9805206      -12.885854      0.85946309       13.322711       9.5613804   1.3006057e-13       7.2354091      0.41678417       0.41678417      -23.761507      -23.761507
              1       -10.67116       1.4762753       1.0503665      -12.799173       1.2270455        29.94162       11.229658   1.5879156e-13       16.867299       1.8438241        1.8438241      -25.029969      -25.029969
             38      -11.168821       1.2254234       1.0173183      -12.793894       1.2623833       16.804416       10.406825    1.607335e-13       18.297144       1.1051745        1.1051745      -24.547991      -24.547991
             44      -9.9527915       1.5480563       1.0476257      -12.811007       1.1171653       35.322897       11.159012    1.545228e-13       13.096802       1.9628499        1.9628499      -23.831283      -23.831283
             33      -10.665197       1.5335246       1.0614461      -12.808338       1.1331796       34.160531       11.519831   1.5547548e-13       13.588754       1.9204045        1.9204045      -25.171203      -25.171203
              1      -10.011182        1.510335       1.0627389      -12.800347        1.195026       32.384334       11.554173   1.5836258e-13        15.66845       1.9242586        1.9242586       -23.87088       -23.87088
             11      -10.348743        1.294024       1.0010467      -12.782457      0.98615955       19.679951       10.024131   1.6502232e-13       9.6863365      0.89736708       0.89736708      -22.492219      -22.492219
              3      -10.234702        1.318785       0.9998992      -12.782861      0.99409182       20.834592       9.9976792   1.6486916e-13       9.8648804       0.9798812        0.9798812      -22.429167      -22.429167
              3      -8.6560567        1.366114      0.96673321      -12.788845      0.92639653       23.233466       9.2626065   1.6261285e-13       8.4410512       1.0775857        1.0775857      -19.467285      -19.467285
             60      -10.777103        1.223572      0.97749889       -12.77158       1.3458772       16.732932       9.4950857   1.6920765e-13       22.175693       1.3127001        1.3127001      -24.179606      -24.179606
              6      -9.5649552      0.95863469        1.005206      -12.837645       1.3438013       9.0914822       10.120594   1.4533007e-13       22.069945      0.81543224       0.81543224      -20.760775      -20.760775
             74      -9.5741972      0.94705504      0.99525735      -12.838631       1.3617874       8.8522779       9.8913907   1.4500044e-13       23.003153      0.85001541       0.85001541      -20.848425      -20.848425
             53      -9.3250277      0.95427668      0.99187172      -12.838979       1.3470453       9.0007081         9.81458   1.4488403e-13       22.235416      0.82478292       0.82478292      -20.299621      -20.299621
              3      -11.180586      0.91533367       1.0301079      -12.824245       1.3149711       8.2287462       10.717855   1.4988379e-13       20.652426      0.70963938       0.70963938       -23.78045       -23.78045
             75      -11.098345      0.93927025       1.0349657      -12.824836       1.3006906       8.6950132       10.838413   1.4968016e-13       19.984377      0.69525553       0.69525553      -23.587202      -23.587202
              9       -11.65754      0.83183908       1.0213067       -12.79261       1.2650888       6.7895201        10.50284   1.6120937e-13       18.411486      0.59239006       0.59239006      -24.499861      -24.499861
             12      -11.847862      0.87588316       1.0409234      -12.791963       1.2526178       7.5142071       10.988121   1.6144968e-13       17.890306      0.57427876       0.57427876      -24.844281      -24.844281
             38      -12.025125      0.87579657       1.0436172       -12.79172        1.239415        7.512709       11.056488   1.6154003e-13       17.354614      0.54887988       0.54887988       -25.14801       -25.14801
             19      -10.866485       0.8304376       1.0467146      -12.791816         1.26641       6.7676454       11.135626   1.6150434e-13       18.467578      0.58783622       0.58783622      -22.908642      -22.908642
             20       -10.84031      0.79433172      0.99182135      -12.812541       1.3362915       6.2277579       9.8134418   1.5397794e-13       21.691596      0.73946117       0.73946117      -23.159542      -23.159542
             36      -10.554231      0.12083056       1.0226519      -12.870126       1.2121712       1.3207802       10.535422   1.3485722e-13       16.299384       1.9440714        1.9440714      -24.996605      -24.996605
              4      -11.067031      0.95331672       1.1172029      -12.892738      0.87011096       8.9808351       13.097937   1.2801547e-13       7.4149967        0.164539         0.164539       -22.46314       -22.46314
              3      -11.713798      0.91029266       1.1805469      -12.904322      0.60042619       8.1337844       15.154686   1.2464587e-13       3.9849804      0.10056655       0.10056655      -23.628729      -23.628729
              3      -10.602818      0.30125437       1.3404723      -12.906146       1.0684408       2.0010336       21.901423   1.2412351e-13       11.706871       1.1899859        1.1899859      -23.585607      -23.585607
              5       -11.71239      0.86144856       1.3229057      -12.895139      0.83496132        7.268563       21.033215   1.2730961e-13       6.8385074      0.16409993       0.16409993      -23.752979      -23.752979
              1      -11.489771      0.86315025       1.2744886      -12.905693      0.82373964       7.2970991       18.814325   1.2425299e-13       6.6640714      0.14822882       0.14822882         -23.276         -23.276
              9      -12.330799      0.90923634        1.264342      -12.894772       0.8382722       8.1140249       18.379852    1.274173e-13       6.8908406      0.15197237       0.15197237      -24.965543      -24.965543
             23      -12.479667       0.7742519       1.1772844      -12.900476      0.65601366       5.9463696       15.041266   1.2575474e-13       4.5291182     0.059914012      0.059914012      -25.079162      -25.079162
             12      -12.157496      0.82603688       1.1463901      -12.910375      0.68342804        6.699415       14.008451   1.2292082e-13       4.8242303     0.071415739      0.071415739      -24.457824      -24.457824
              1      -12.502246      0.77002494       1.1820202      -12.902621      0.71760292       5.8887747       15.206184   1.2513507e-13       5.2191877     0.069604492      0.069604492        -25.1437        -25.1437
              2      -12.024565      0.99212989       1.0737805      -12.923132      0.43707598        9.820416       11.851696   1.1936257e-13       2.7357473      0.28681195       0.28681195      -24.622754      -24.622754
              5      -10.340713       1.0070292       1.0153315      -12.932128      0.45446121        10.16317       10.359327   1.1691548e-13       2.8474834      0.32867608       0.32867608      -21.338778      -21.338778
              7      -11.555174       1.0236066       1.0733058      -12.922904      0.44390166       10.558607       11.838749   1.1942534e-13       2.7790839      0.31874958       0.31874958      -23.747847      -23.747847
             10      -8.9597306        1.553808       1.8125138      -12.798198       0.4193046       35.793819       64.940222   1.5914817e-13       2.6260598       2.5799289        2.5799289      -23.079319      -23.079319
              3      -7.6407543       1.6109295       1.8004888        -12.8141      0.42355781       40.825307       63.166793   1.5342622e-13       2.6519041       2.8073667        2.8073667      -20.896242      -20.896242
              1      -8.1879216       1.6316378       1.8377603      -12.805794      0.41280639       42.819127       68.827235   1.5638885e-13       2.5870594       3.0099038        3.0099038      -22.395651      -22.395651
              6      -7.7624813       1.4137138       1.7442071      -12.822489      0.44216364       25.924703       55.489032   1.5049114e-13       2.7679844       1.8299464        1.8299464      -19.184855      -19.184855
              1      -7.4025314      0.75720508       2.0848004      -12.717298      0.41658178       5.7174855       121.56272   1.9173529e-13       2.6096471       1.8281861        1.8281861      -18.461435      -18.461435
             14      -8.7244838      0.72407966       2.0623202      -12.725624      0.42155635       5.2976061       115.43041   1.8809438e-13       2.6397108       1.7440513        1.7440513       -20.93707       -20.93707
              3      -8.4227817       0.8117695       2.0123792      -12.735294      0.41642571       6.4829026       102.89143   1.8395267e-13       2.6087094       1.5462239        1.5462239      -19.938011      -19.938011
             39      -8.7468623      0.37146899       1.8145602      -12.885254      0.74599257       2.3521715       65.246953   1.3024062e-13       5.5717622       1.4461738        1.4461738      -20.386072      -20.386072
             59      -9.5873798      0.52404132       1.8291954      -12.838412      0.61758431       3.3422684       67.483157   1.4507357e-13       4.1455705       1.0991202        1.0991202         -21.373         -21.373
              3      -10.027138    -0.094208744       1.3305872      -12.884996      0.75448422      0.80499143       21.408547    1.303179e-13       5.6817775       2.5890346        2.5890346      -25.232345      -25.232345
             30      -11.004858      0.12940262        1.030934      -12.936143       0.3908689       1.3471086       10.738262    1.158396e-13        2.459625       1.6725583        1.6725583      -25.354832      -25.354832
              4      -9.2223564     -0.10232444       1.0735803      -12.916657      0.40046239      0.79008817       11.846233   1.2115538e-13       2.5145623       2.7234996        2.7234996      -23.891712      -23.891712
              2      -10.834871      0.67657269       1.4382858       -12.80507      0.33357885       4.7486776       27.433787   1.5665002e-13        2.155653      0.39584012       0.39584012      -22.461423      -22.461423
              4      -9.4214833      0.90534977       1.7631516      -12.675621      0.22323865       8.0417352       57.963095   2.1104684e-13       1.6720092       1.3053886        1.3053886      -21.453744      -21.453744
             23      -9.1551333      0.60289938       1.9429949      -12.672793      0.36219066       4.0077385        87.69906   2.1242568e-13       2.3024524       1.7026115        1.7026115       -21.71549       -21.71549
             43      -10.129924       0.8410321        1.698086      -12.745851       0.3889902       6.9347706        49.89833   1.7953497e-13        2.449008       0.7580699        0.7580699      -21.775987      -21.775987
              2      -10.203395      0.83990826       1.6970561      -12.746037      0.39049599       6.9168484       49.780133   1.7945806e-13        2.457514      0.75411485       0.75411485       -21.91502       -21.91502
             14      -8.7647645        0.546634       1.8651959      -12.742665      0.42274013       3.5207404        73.31552   1.8085669e-13       2.6469158       1.3234791        1.3234791      -20.176487      -20.176487
              6      -8.9079905      0.59139248        1.897508      -12.729164      0.38962466       3.9029454       78.978334   1.8656758e-13       2.4525883       1.3993813        1.3993813      -20.614744      -20.614744
              5      -9.7726712      0.84098899       1.6084107      -12.887392      0.64558569       6.9340823       40.589215   1.2960104e-13       4.4216636      0.44058412       0.44058412      -20.426511      -20.426511
              3      -11.231243        0.546415       1.0510784      -12.935181      0.72209399       3.5189655        11.24808   1.1609642e-13       5.2734397      0.35210051       0.35210051      -23.166688      -23.166688
             10      -11.036368      0.99466731       1.3022156      -12.914088      0.77264399       9.8779611       20.054676   1.2187422e-13       5.9243948      0.25333154       0.25333154      -22.579399      -22.579399
             30      -10.703298      0.80254099       1.4087043       -12.87139       0.7398233       6.3465979       25.627385   1.3446527e-13       5.4931733      0.15865767       0.15865767      -21.723911      -21.723911
             14      -12.374151      0.64255475       1.0867257      -12.932755      0.67136056       4.3909122       12.210283   1.1674671e-13       4.6920276       0.2088281        0.2088281      -25.165958      -25.165958
              4      -11.545977      0.68130348       1.1394392      -12.924549      0.73698358        4.800688        13.78603   1.1897359e-13       5.4573723      0.15987702       0.15987702      -23.411709      -23.411709
              7      -11.662431      0.73911341       1.2522173      -12.898332      0.69534278       5.4842015       17.873818   1.2637684e-13        4.958414     0.092835298      0.092835298      -23.510533      -23.510533
              1      -11.638507      0.65874351       1.4270524      -12.875006      0.84758274       4.5576766       26.733292   1.3335038e-13       7.0401633      0.29555397       0.29555397      -23.868122      -23.868122
              2      -9.6880658      0.67389056       1.3118225      -12.910483      0.94876948       4.7194409       20.503238   1.2289024e-13       8.8872927      0.31734165       0.31734165      -20.010815      -20.010815
              1      -9.2606494      0.63924681         1.28239      -12.921898       0.9755815       4.3575944       19.159757    1.197023e-13       9.4532579      0.38248541       0.38248541       -19.28627       -19.28627
              1      -10.977644      0.32924564       1.3503066      -12.905547      0.85654378       2.1342517       22.403022   1.2429484e-13       7.1869361      0.90945983       0.90945983      -23.774208      -23.774208
             13       -10.25662       0.3782615       1.4769724      -12.902846      0.84443008       2.3892495       29.989719   1.2507033e-13        6.989242      0.88915647       0.88915647      -22.291554      -22.291554
              3      -9.0804386      0.72346666       1.3885672      -12.923781      0.84169537       5.2901339       24.466238   1.1918417e-13       6.9453698      0.29438871       0.29438871      -18.749655      -18.749655
             23      -11.903178      0.71168644      0.97765479        -12.9392      0.61580342       5.1485679       9.4984949   1.1502709e-13       4.1286058      0.20760668       0.20760668      -24.221569      -24.221569
              4      -10.846009      0.57916049       1.2371217      -12.888755      0.70625003       3.7945518       17.263216   1.2919489e-13       5.0845208      0.21864711       0.21864711      -22.129312      -22.129312
             15      -11.302362      0.56429545       1.2325104      -12.890916       0.6974567       3.6668694       17.080886   1.2855347e-13       4.9826078      0.24073055       0.24073055      -23.086186      -23.086186
              4      -10.970044       0.5534512        1.138767       -12.91041      0.70681575       3.5764421       13.764708    1.229107e-13       5.0911484      0.27279532       0.27279532      -22.485678      -22.485678
              2      -11.669369       0.6151183       1.3383393      -12.869544      0.59385238       4.1220979       21.794117   1.3503797e-13       3.9251149      0.21176384       0.21176384      -23.762267      -23.762267
              2      -11.639589      0.50417745       1.4222746      -12.866632      0.71290311       3.1928422       26.440802   1.3594657e-13       5.1630118      0.44655153       0.44655153       -24.17228       -24.17228
              9      -11.452497       0.6967906      0.99879312      -12.952572      0.49086876       4.9749715       9.9722492   1.1153931e-13       3.0964834      0.29289473       0.29289473      -23.490784      -23.490784
             12      -11.323348       1.1592407      0.74256386      -12.955977      0.61071132       14.429148       5.5279469   1.1066832e-13       4.0804806      0.80494952       0.80494952      -24.256595      -24.256595
             15      -11.206953       1.1637385      0.73951423      -12.954226      0.58192289       14.579361       5.4892654   1.1111526e-13       3.8187646      0.81969468       0.81969468      -24.053295      -24.053295
              1      -9.9491815        1.463485      0.95326964      -12.889254      0.80741364       29.072675       8.9798615   1.2904631e-13       6.4182059       1.3975371        1.3975371      -22.693437      -22.693437
             67      -9.5967839       1.4267013       0.7749268      -12.896436      0.80176461       26.711683       5.9556176   1.2692983e-13       6.3352624       1.4230445        1.4230445      -22.039657      -22.039657
              1      -9.5969985       1.4258658      0.77525668      -12.896422      0.80184775       26.660349       5.9601429   1.2693407e-13       6.3364754       1.4195576        1.4195576      -22.033112      -22.033112
             22      -10.696149       1.3666356       1.0486749      -12.802945       1.0501667       23.261384       11.186001   1.5741811e-13       11.224492       1.1667583        1.1667583      -23.725815      -23.725815
             15      -10.890269       1.3685961       1.0519425      -12.800422        1.063368       23.366632       11.270483   1.5833546e-13       11.570923       1.1906596        1.1906596      -24.161857      -24.161857
             28      -11.117978       1.3666459       1.0636836       -12.80056       1.0283301       23.261936       11.579334   1.5828494e-13        10.67407       1.1383984        1.1383984      -24.512752      -24.512752
             21      -10.615176       1.0962073      0.95386094      -12.820525       0.9469207       12.479789       8.9920961   1.5117321e-13       8.8495401      0.40204719       0.40204719      -22.034446      -22.034446
             12       -11.81632      0.64935193         1.10296      -12.849684       1.1384919       4.4601753       12.675352   1.4135641e-13       13.755992      0.42875796       0.42875796      -24.490155      -24.490155
              1      -8.1936588       0.4251693      0.95862769      -12.912476      0.78266112       2.6617625       9.0913356   1.2232734e-13       6.0626308      0.59006772       0.59006772      -17.567453      -17.567453
              6      -9.9692375      0.24024927      0.93492827      -12.919434      0.85221158       1.7387986       8.6085156   1.2038312e-13       7.1156009       1.1878216        1.1878216      -22.314118      -22.314118
             16      -10.942611      0.27107561      0.94635038      -12.921622      0.82429553       1.8667046       8.8379264   1.1977814e-13       6.6726067        1.066827         1.066827      -24.018876      -24.018876
             11      -10.413938      0.83336567      0.75631942      -12.924863      0.72631639        6.813428       5.7058377   1.1888771e-13       5.3249606      0.33664072       0.33664072      -21.501157      -21.501157
              6      -9.8881241      0.72953686      0.76578612      -12.941856      0.74744082       5.3645941       5.8315784   1.1432567e-13       5.5903734      0.39240189       0.39240189      -20.561052      -20.561052
             12      -9.9923543      0.71313551      0.83261194      -12.951583      0.79816657       5.1657753       6.8016133    1.117935e-13       6.2829929      0.37316181       0.37316181      -20.731032      -20.731032
              3      -10.411728       0.5781013      0.98268585      -12.921777      0.74742978       3.7853087       9.6091693   1.1973563e-13       5.5902313      0.30111535       0.30111535      -21.425688      -21.425688
             17      -12.454495      0.77569849       1.0426005      -12.923747      0.67796911       5.9662094       11.030634   1.1919362e-13        4.763971      0.11317196       0.11317196      -25.135335      -25.135335
              4      -11.582358      0.57747295       1.1902097      -12.889114        1.021353       3.7798359       15.495646   1.2908799e-13       10.503958      0.40743485       0.40743485      -23.979585      -23.979585
             23      -12.220425      0.88099075       1.1117136      -12.877529      0.82881599       7.6031008       12.933427   1.3257792e-13       6.7424229     0.071908878      0.071908878      -24.584667      -24.584667
             10      -12.065389      0.81043153       1.1371853      -12.866068      0.87123125       6.4629609       13.714669   1.3612321e-13       7.4341487     0.069683551      0.069683551      -24.270146      -24.270146
              9      -11.518695      0.56943858       1.2756195       -12.87923        1.041357       3.7105525        18.86338   1.3205951e-13       10.999095      0.46149872       0.46149872      -23.960387      -23.960387
              4      -11.089841      0.41932413       1.2567962      -12.868749       1.0892066       2.6261778       18.063265   1.3528543e-13       12.280233       0.7888802        0.7888802      -23.757443      -23.757443
              9      -11.707705      0.43506306       1.2728986      -12.869764       1.0908868       2.7230967       18.745566   1.3496946e-13       12.327836      0.76373171       0.76373171      -24.942873      -24.942873
              6      -8.1341763      0.29180942       1.0234512      -12.899805      0.99948526       1.9579853       10.554829   1.2594916e-13       9.9881548       1.0586753        1.0586753      -18.385703      -18.385703
             16      -9.6531265     0.082835262      0.81083449      -12.954758      0.77495664        1.210139       6.4689604   1.1097931e-13       5.9560268        1.969735         1.969735      -23.245723      -23.245723
             20      -10.260988      0.24049552      0.67739574      -12.980629       0.7830179       1.7397847       4.7576856   1.0456138e-13       6.0676133       1.6150963        1.6150963      -23.752169      -23.752169
             19      -10.257658      0.24094909      0.67487756      -12.981139      0.79063904       1.7416027       4.7301788   1.0443869e-13       6.1750296       1.6222347        1.6222347      -23.759786      -23.759786
              1      -10.877431      0.23521979      0.65898008      -12.983684      0.78460862        1.718778         4.56016   1.0382832e-13       6.0898785       1.6741188        1.6741188        -25.1031        -25.1031
              6      -10.693359       0.2397844      0.65129713      -12.986595       0.7945171       1.7369383       4.4801972   1.0313467e-13       6.2304167       1.6856855        1.6856855      -24.758089      -24.758089
              2      -10.646141       0.3044403      0.64430872      -12.987385      0.74815734       2.0157668       4.4086815   1.0294727e-13       5.5996043       1.4739192        1.4739192      -24.240119      -24.240119
              2      -11.098828      0.61420753      0.90835113      -12.941136       0.4038714       4.1134624       8.0975033   1.1451538e-13       2.5343781      0.45145615       0.45145615      -23.100568      -23.100568
             11      -11.952727      0.57277459      0.89983773      -12.954339      0.41849407       3.7391647       7.9403149   1.1108639e-13       2.6211633      0.53891175       0.53891175      -24.983278      -24.983278
             19       -10.16557      0.60094329       1.1712809      -12.898477      0.38816217        3.989728       14.834771   1.2633473e-13       2.4443431       0.3115257        0.3115257       -20.95419       -20.95419
              2      -12.172722      0.62772079       1.0905248       -12.93109      0.40028304       4.2434666       12.317563   1.1719517e-13        2.513524      0.33633321       0.33633321      -25.018111      -25.018111
              9      -10.626744      0.69285817       1.0431958      -12.934367      0.34949736       4.9301277       11.045766   1.1631433e-13       2.2361316      0.34261803       0.34261803      -21.938725      -21.938725
             10      -10.742092      0.59771234       0.5131237      -13.086254      0.45675753       3.9601564       3.2592952   8.1987242e-14       2.8625794       1.6440405        1.6440405      -24.772266      -24.772266
              3      -10.698204      0.58989483      0.51839683      -13.085618      0.46067197       3.8895094       3.2991102   8.2107285e-14       2.8884973       1.6367064        1.6367064      -24.669821      -24.669821
             18      -11.552653      0.52561613      0.71167041      -13.018366      0.77872604       3.3544099       5.1483778   9.5859184e-14       6.0079463      0.98366749       0.98366749      -25.072641      -25.072641
             30      -11.991797      0.62399759       1.3145795      -12.892437       0.9747654       4.2072429       20.633813   1.2810399e-13       9.4355104      0.35977842       0.35977842      -24.703151      -24.703151
              4      -11.681276       1.1101009      0.91829069      -12.932311      0.68366113       12.885489       8.2849652   1.1686628e-13       4.8268203      0.46101531       0.46101531      -24.284583      -24.284583
             16      -11.833539       1.1505894      0.87990249      -12.939826      0.67208469       14.144559       7.5840727   1.1486141e-13       4.6998575       0.5880281        0.5880281      -24.843134      -24.843134
              6      -11.199508       1.1374045      0.94883597      -12.926787       0.7115905       13.721592       8.8886533   1.1836213e-13       5.1474306      0.48182718       0.48182718      -23.362671      -23.362671
             16      -11.535273       1.1338672      0.95448179      -12.925732      0.71159493       13.610284       9.0049601    1.186501e-13       5.1474831      0.46904486       0.46904486      -24.008635      -24.008635
              8      -8.4356214       1.2119653      0.93241168      -12.919208      0.48524417        16.29166       8.5587763   1.2044592e-13       3.0566391        0.689173         0.689173      -18.249589      -18.249589
              8       -9.818681       1.2327031       1.1143005      -12.884023      0.12392885       17.088469       13.010695   1.3061027e-13       1.3302365       1.0421136        1.0421136      -21.721589      -21.721589
              3      -10.189861      0.92787544       1.1226818      -12.870126      0.21899136       8.4698446       13.264221   1.3485725e-13        1.655737      0.37510965       0.37510965      -21.129941      -21.129941
             33      -11.247949      0.93464833       1.3316991      -12.812223      0.20807019       8.6029684        21.46343   1.5409097e-13       1.6146195      0.44993263       0.44993263      -23.395764      -23.395764
             20      -11.503634      0.84193022       1.3710799      -12.793478      0.23573942       6.9491266       23.500653   1.6088743e-13       1.7208358      0.40756258       0.40756258      -23.822393      -23.822393
              6      -11.620713      0.83906939       1.3704694      -12.793592      0.23530744        6.903501       23.467641   1.6084499e-13       1.7191249      0.40705024       0.40705024      -24.055527      -24.055527
             32      -11.285094      0.69137631       1.1270554      -12.914207      0.90962491       4.9133342       13.398476    1.218409e-13        8.121288      0.21563573       0.21563573      -23.001459      -23.001459
             20      -11.373897      0.35972381      0.75823449      -13.000211      0.61149328       2.2894112       5.7310538   9.9951386e-14       4.0878343        1.196249         1.196249      -25.140291      -25.140291
             32      -11.968128       1.1478534      0.91797693      -12.939213       0.6339057        14.05573       8.2789818   1.1502353e-13       4.3043314       0.5535804        0.5535804      -25.043416      -25.043416
              3      -11.563654       1.1700936      0.92635255      -12.937614      0.61719345       14.794272       8.4401964   1.1544784e-13       4.1418412      0.59258401       0.59258401      -24.312475      -24.312475
              3      -10.080075       1.2505044      0.99455941      -12.926729      0.59699336       17.803458       9.8755072   1.1837804e-13       3.9536057      0.72506677       0.72506677      -21.610284      -21.610284
             10      -12.350123       1.0593371       1.0808476      -12.926407      0.63122042       11.464025       12.046133   1.1846585e-13       4.2777995      0.29636244       0.29636244       -25.29297       -25.29297
              4      -12.375466       1.0460739       1.0849655       -12.93143      0.64152096       11.119208       12.160895   1.1710358e-13       4.3804726      0.28791873       0.28791873       -25.32677       -25.32677
              4      -12.299908       1.0165583       1.0926191      -12.930118      0.63022251       10.388629       12.377107   1.1745776e-13       4.2679813      0.24563171       0.24563171      -25.091079      -25.091079
              9      -12.290548       1.0702805       1.1079198      -12.932582      0.49368093       11.756567       12.820939   1.1679345e-13        3.116599      0.37332793       0.37332793      -25.327751      -25.327751
              9      -11.824107       1.1637563       1.0358262      -12.931531      0.60103328       14.579957       10.859909   1.1707642e-13       3.9905548      0.51352101       0.51352101      -24.675255      -24.675255
              8      -11.711591        1.201396        1.041599      -12.929151      0.54845435       15.899958       11.005226   1.1771974e-13       3.5355286      0.60632659       0.60632659      -24.635835      -24.635835
             26      -11.703875       1.1393974      0.97772263      -12.940725      0.57210652       13.784702       9.4999787   1.1462378e-13       3.7334172      0.51829287       0.51829287      -24.444335      -24.444335
              1      -10.663324       1.3359793       1.1498213      -12.911075      0.73321278       21.676008       14.119565   1.2272275e-13       5.4101933      0.91178453       0.91178453      -23.150218      -23.150218
             12      -11.671004       1.3435656       1.1457585       -12.90215      0.74112378       22.057975       13.988094   1.2527078e-13       5.5096471      0.91995485       0.91995485      -25.181919      -25.181919
              5      -11.122763       1.4977699        1.144303      -12.904691      0.71725107       31.460813       13.941292   1.2454006e-13       5.2149611       1.4880084        1.4880084      -25.221543      -25.221543
              4      -9.9586669       1.4923748       1.2277066      -12.886156      0.79061522       31.072397       16.892993   1.2997014e-13       6.1746908       1.4736169        1.4736169      -22.864568      -22.864568
              9      -8.2864599       1.4937738       1.2812998      -12.879102      0.81094487       31.172654       19.111722   1.3209853e-13       6.4706047       1.5030425        1.5030425      -19.579005      -19.579005
              9      -8.4106453       1.4931068        1.243319      -12.884668        0.888321       31.124816       17.511325   1.3041636e-13       7.7325191       1.5351732        1.5351732      -19.891637      -19.891637
             63      -11.481018       1.2756671        1.081661      -12.849631        1.078701       18.865448       12.068713   1.4137398e-13       11.986737      0.91847642       0.91847642      -24.798988      -24.798988
             99      -10.580867       1.2072795      0.82692495      -12.868643      0.88652108       16.116825       6.7131284   1.3531846e-13       7.7005382      0.70512952       0.70512952      -22.571993      -22.571993
              6      -9.9205709       1.4000576      0.85665085      -12.861736      0.89238139       25.122199       7.1887082    1.374879e-13       7.8051525       1.2481472        1.2481472      -22.337436      -22.337436
              9      -10.138992       1.3888328      0.84372421      -12.864007      0.88881956       24.481204       6.9778915   1.3677068e-13        7.741401       1.2200759        1.2200759      -22.718136      -22.718136
              5      -9.5208585       1.2684574       1.0170041      -12.901272      0.81282204       18.554848         10.3993   1.2552449e-13       6.4986334      0.73651355       0.73651355      -20.514744      -20.514744
             55      -11.735248       0.9845212       1.1600409      -12.866126      0.94124654       9.6498641        14.45576   1.3610491e-13       8.7346708      0.21717755       0.21717755       -23.90485       -23.90485
              3      -11.073331      0.92478608       1.0093951       -12.90146      0.70116288        8.409808       10.218686   1.2546993e-13       5.0253102      0.11411126       0.11411126      -22.374885      -22.374885
              1      -10.871175       1.1310669      0.92768577      -12.924505      0.70335467       13.522807       8.4661464    1.189857e-13       5.0507361       0.4761396        0.4761396      -22.694629      -22.694629
              1       -12.06706       1.1411767      0.94660326      -12.921612      0.67758253       13.841295       8.8430741   1.1978109e-13       4.7597323      0.47536674       0.47536674      -25.084854      -25.084854
             20      -12.053747        1.141131      0.94652736       -12.92163      0.67753726       13.839837       8.8415286   1.1977602e-13       4.7592363      0.47536211       0.47536211      -25.058217      -25.058217
              6      -12.204741      0.75642632       1.1102124      -12.924408      0.45294195       5.7072425       12.888797   1.1901228e-13       2.8375397      0.18463617       0.18463617      -24.778753      -24.778753
              4      -12.297002      0.78686826       1.1449573      -12.916046      0.43254893       6.1216467       13.962311   1.2132611e-13       2.7073782      0.17403864       0.17403864      -24.942081      -24.942081
             11      -12.354036      0.92997154       1.0988976      -12.917913      0.48576899       8.5108227       12.557339   1.2080546e-13       3.0603351      0.18283022       0.18283022      -25.073733      -25.073733
              6      -10.357538      0.16582728      0.79175315      -12.979329      0.65719931       1.4649651       6.1908909   1.0487469e-13       4.5414999       1.7114453        1.7114453      -24.137966      -24.137966
              7      -9.6889786      0.31891345      0.78611187      -12.987683      0.75727707       2.0840755       6.1109942    1.028768e-13       5.7184334       1.2363124        1.2363124      -21.850582      -21.850582
              1      -11.118469      0.44327149      0.64781125      -13.016888      0.71636511       2.7750543       4.4443807   9.6186074e-14       5.2043333       1.2199778        1.2199778      -24.676894      -24.676894
              5      -10.340957      0.37379345      0.69492745       -13.01681      0.31565507       2.3647947       4.9536743   9.6203223e-14       2.0684978       1.5137996        1.5137996      -23.709514      -23.709514
              7      -9.8547835      0.59359255      0.31781057      -13.127866      0.22755434       3.9227673       2.0787897   7.4496226e-14       1.6887071       2.6467353        2.6467353      -25.003037      -25.003037
              9      -9.9137459      0.66011062      0.34020091      -13.130652      0.27017747       4.5720463       2.1887739   7.4019813e-14       1.8628482       2.4739934        2.4739934      -24.775478      -24.775478
              1      -10.605033      0.79056956      0.55804286      -13.064916       0.4274547       6.1740417       3.6144553   8.6116036e-14       2.6758065       1.3109039        1.3109039      -23.831874      -23.831874
             17      -10.249561      0.49579359      0.77665424      -13.014605      0.74496287       3.1317969       5.9793536   9.6693065e-14       5.5585673      0.92612343       0.92612343       -22.35137       -22.35137
             14      -9.7001074      0.41918677      0.39325499      -13.117486      0.38487233       2.6253473       2.4731758   7.6298167e-14       2.4258968        2.510381         2.510381      -24.420977      -24.420977
              8      -11.245766      0.18346443       1.2334752      -12.885946      0.42517947       1.5256834       17.118873   1.3003307e-13       2.6618248       1.3340322        1.3340322      -25.159597      -25.159597
              3      -11.408738        0.341579       1.1268671      -12.916452      0.67065574       2.1957303       13.392667    1.212128e-13       4.6844191      0.74813263       0.74813263       -24.31374       -24.31374
              7      -11.774109      0.31051517       1.0744517      -12.933204      0.70787682       2.0441613       11.870026   1.1662618e-13       5.1036022      0.88550363       0.88550363      -25.319225      -25.319225
             25      -12.160135      0.53499283       1.1304296      -12.921308      0.71546254       3.4276213       13.502978    1.198649e-13       5.1935288      0.32713349       0.32713349      -24.974537      -24.974537
             14      -12.359539      0.56152428       1.0903628      -12.921922      0.72047661       3.6435462       12.312968   1.1969554e-13       5.2538372      0.28866397       0.28866397      -25.296407      -25.296407
             12      -11.404061      0.75698187       1.0631727      -12.917582      0.71747142       5.7145478        11.56572   1.2089766e-13       5.2176077      0.10312067       0.10312067      -23.014362      -23.014362
              6      -11.288391       1.2768019       1.2908276      -12.895432      0.81835529       18.914806       19.535638   1.2722359e-13       6.5819608      0.78338705       0.78338705      -24.143556      -24.143556
              2      -11.289408       1.2769736       1.2907406       -12.89541      0.81898114       18.922286       19.531724   1.2723013e-13       6.5914527      0.78408897       0.78408897      -24.146993      -24.146993
              7      -11.302616       1.2716247       1.2891799      -12.895175      0.81521247       18.690662       19.461659    1.272991e-13       6.5345016      0.76597862       0.76597862       -24.13719       -24.13719
             15      -11.557556       1.2685126       1.2831161      -12.896382        0.803706       18.557208       19.191819   1.2694564e-13       6.3636458      0.75064997       0.75064997      -24.616412      -24.616412
              3      -11.210815       1.2718983       1.1745719      -12.882613       1.0188421       18.702443       14.947615   1.3103486e-13       10.443405      0.86874657       0.86874657      -24.159123      -24.159123
             10      -10.702298      0.78095551       1.1428614      -12.885058       1.0978614       6.0388676       13.895091   1.3029916e-13       12.527414      0.32933172       0.32933172       -22.06326       -22.06326
             17      -11.616068      0.76561085       1.1536588      -12.881343       1.0862217       5.8292254        14.24488   1.3141859e-13       12.196121      0.31259869       0.31259869      -23.857334      -23.857334
              1      -12.029413      0.52657789       1.0611665      -12.915323      0.97962049       3.3618466       11.512417   1.2152832e-13       9.5415842      0.48832227       0.48832227       -25.03547       -25.03547
              1      -10.529011      0.55768921       1.0926443      -12.916895      0.97897901       3.6115132       12.377825   1.2108918e-13       9.5275012      0.43580831       0.43580831      -21.929638      -21.929638
              9      -11.071393      0.66302787       1.1287773      -12.893851      0.78526927       4.6028612       13.451705   1.2768755e-13       6.0991493      0.12735393       0.12735393      -22.397494      -22.397494
             13      -11.795588       0.6461689       1.0842194      -12.905753      0.77350267       4.4276053       12.140021   1.2423584e-13       5.9361199       0.1625721        0.1625721      -23.916321      -23.916321
             17        -12.3371      0.72531067       1.1207046      -12.898936      0.79939078       5.3126435       13.203973   1.2620124e-13       6.3007287     0.097687936      0.097687936      -24.869576      -24.869576
