#        weight    minuslogpost         logphi0          loggst           logV0           logQ0            phi0             gst              V0              Q0   minuslogprior minuslogprior__0            chi2       chi2__stb
              6      -8.1807228      0.79785522       1.2582305       -12.85922      0.86001041       6.2784903       18.123018   1.3828642e-13       7.2445333     0.088799788      0.088799788      -16.539045      -16.539045
              6      -8.6109532      0.85583324       1.3186731      -12.870718      0.66079135       7.1751872       20.829227   1.3467335e-13       4.5792183     0.080258687      0.080258687      -17.382424      -17.382424
              1      -8.6008067      0.92274388        1.304531      -12.866864      0.63035101        8.370355       20.161879   1.3587392e-13       4.2692443      0.10077846       0.10077846       -17.40317       -17.40317
             12      -8.5044683      0.95809096       1.3300671      -12.875635      0.50758132       9.0801068       21.382922   1.3315742e-13        3.217965      0.19491121       0.19491121      -17.398759      -17.398759
              5      -7.4503689       0.8552777        1.322163      -12.891242      0.50727983       7.1660148       20.997279   1.2845714e-13       3.2157319      0.15196003       0.15196003      -15.204658      -15.204658
              1      -6.8015522      0.88061725       1.3562843      -12.889317      0.52834811       7.5965649       22.713511   1.2902765e-13       3.3755777      0.17299471       0.17299471      -13.949094      -13.949094
              1      -6.5253569       0.9017204       1.3789694      -12.881536      0.45300228        7.974811       23.931469   1.3136018e-13       2.8379339       0.2345944        0.2345944      -13.519903      -13.519903
              6      -6.6097961      0.81656678       1.3778194      -12.869159       0.4868643       6.5549108       23.868188   1.3515763e-13       3.0680632      0.17203736       0.17203736      -13.563667      -13.563667
             12      -8.3725075      0.85904146        1.369155      -12.873836      0.49919584       7.2283881       23.396723    1.337099e-13       3.1564276      0.16960105       0.16960105      -17.084217      -17.084217
              5      -8.1891172      0.86238162       1.3475473      -12.869614      0.47416423       7.2841959       22.261133   1.3501631e-13        2.979643      0.16297029       0.16297029      -16.704175      -16.704175
              4      -8.3241212      0.85777969       1.3572702      -12.870015      0.46593065       7.2074176       22.765133   1.3489152e-13       2.9236854      0.17507684       0.17507684      -16.998396      -16.998396
              1      -8.4837232      0.90967255       1.3573015      -12.875699       0.5716312       8.1221788       22.766773   1.3313768e-13       3.7293333      0.15318368       0.15318368      -17.273814      -17.273814
             15      -8.0257042      0.94372556       1.3642891      -12.862396      0.58765657       8.7846722       23.136044   1.3727887e-13       3.8695153       0.1640649        0.1640649      -16.379538      -16.379538
              1      -7.0022078      0.78337217       1.4005483      -12.858046      0.66841559       6.0725649       25.150598   1.3866076e-13       4.6603184      0.13162143       0.13162143      -14.267658      -14.267658
              3      -7.0868201      0.78227197       1.3996947      -12.858459      0.67208628       6.0572008       25.101214   1.3852908e-13       4.6998747      0.13134853       0.13134853      -14.436337      -14.436337
              3      -7.6137874      0.77901331       1.3952196       -12.87647       0.6083349       6.0119216       24.843892   1.3290169e-13       4.0582136      0.15181837       0.15181837      -15.531211      -15.531211
             11      -7.9047059      0.92629317       1.4156461      -12.869063      0.43809061       8.4390424        26.04031   1.3518772e-13       2.7421462      0.28044877       0.28044877      -16.370309      -16.370309
             14      -7.9992173      0.93847292       1.4015707      -12.874506      0.45352248       8.6790646       25.209876   1.3350384e-13       2.8413352      0.27043421       0.27043421      -16.539303      -16.539303
              1       -8.436618       0.8233666       1.3902745       -12.86851      0.54390192       6.6583497       24.562607   1.3535999e-13       3.4986615       0.1546998        0.1546998      -17.182636      -17.182636
              9       -8.264484      0.85792097       1.3801561      -12.876925      0.63763727       7.2097626       23.996953   1.3276243e-13       4.3414747      0.13783691       0.13783691      -16.804642      -16.804642
              6      -7.4318947      0.74066011       1.3636299      -12.858793      0.83371056       5.5037678       23.100951   1.3842248e-13        6.818841      0.15645813       0.15645813      -15.176706      -15.176706
              2      -7.9664585      0.80916363       1.3249287      -12.858077      0.75682096       6.4441201       21.131419   1.3865099e-13       5.7124309     0.079334141      0.079334141      -16.091585      -16.091585
              2      -6.7663746      0.77402598       1.3339877      -12.868874      0.62177388       5.9432771       21.576831   1.3524646e-13       4.1857558     0.090535088      0.090535088      -13.713819      -13.713819
              3      -7.7159663      0.72099553       1.3330422       -12.86787      0.62083815       5.2601186       21.529911   1.3555954e-13       4.1767469      0.10929521       0.10929521      -15.650523      -15.650523
              6      -6.4279627      0.72297668       1.3270213      -12.866216      0.63219073       5.2841688       21.233487   1.3607691e-13       4.2873677      0.10069938       0.10069938      -13.057324      -13.057324
              3      -8.4069611      0.63383797       1.2929402      -12.884809      0.82136004       4.3036602         19.6309   1.3037398e-13       6.6276573      0.20880956       0.20880956      -17.231541      -17.231541
              1      -6.9489567      0.78264716       1.2916878      -12.880074      0.80803599        6.062436        19.57437   1.3180333e-13       6.4274098      0.10273299       0.10273299      -14.103379      -14.103379
              1      -7.9156561      0.78034907       1.3125314      -12.874303      0.86232199       6.0304409       20.536736   1.3356638e-13       7.2831959      0.13844363       0.13844363      -16.108199      -16.108199
             16       -7.445538      0.79072149       1.3334629      -12.884532       0.8041078        6.176202       21.550777    1.304571e-13       6.3695361      0.13345435       0.13345435      -15.157985      -15.157985
              5      -7.3029139      0.97620265       1.3300615      -12.866683      0.47628599       9.4667879       21.382646   1.3593058e-13       2.9942357      0.21997091       0.21997091       -15.04577       -15.04577
              3      -7.4984845      0.82676338       1.3007708      -12.875233      0.61060211       6.7106314       19.988067   1.3328058e-13       4.0794546     0.073771715      0.073771715      -15.144512      -15.144512
              1      -8.4024191       0.8520123       1.2665303      -12.882116      0.60783565       7.1123365       18.472695   1.3118503e-13       4.0535511     0.068334855      0.068334855      -16.941508      -16.941508
              2      -7.7705768      0.77623419       1.2659073      -12.889784      0.72260378       5.9735732       18.446217   1.2888911e-13       5.2796336     0.076846073      0.076846073      -15.694846      -15.694846
              1      -8.0312288      0.78721144       1.2888475      -12.896583      0.62564342        6.126486       19.446771   1.2688692e-13       4.2232172     0.096402736      0.096402736      -16.255263      -16.255263
              2      -8.0926076      0.90050159       1.3333602      -12.860023      0.65286513       7.9524618       21.545678   1.3803115e-13        4.496402     0.098640922      0.098640922      -16.382497      -16.382497
              6      -8.0231378      0.90239395       1.3313486      -12.859209      0.65317663       7.9871889       21.446115   1.3829019e-13       4.4996282     0.097518664      0.097518664      -16.241313      -16.241313
              5      -8.5660861      0.78233121       1.3587533      -12.875839      0.63241065       6.0580271       22.843011   1.3309477e-13       4.2895393      0.11460614       0.11460614      -17.361385      -17.361385
             12      -8.4992465      0.68906209       1.3535505      -12.875976       0.7149652       4.8872222       22.570985   1.3305276e-13       5.1875846      0.15459429       0.15459429      -17.307682      -17.307682
              3      -8.3905074      0.73461784       1.3614414      -12.880066      0.69844713        5.427725       22.984835    1.318057e-13       4.9939838      0.13682804       0.13682804      -17.054671      -17.054671
              1      -8.4995678      0.75709066       1.3623396      -12.878217      0.69688988       5.7159795       23.032423    1.323679e-13       4.9761089      0.12616514       0.12616514      -17.251466      -17.251466
              5      -8.5337866      0.81640834        1.279513      -12.890316      0.53516263       6.5525197       19.033254   1.2873119e-13       3.4289617      0.10497458       0.10497458      -17.277522      -17.277522
              4      -8.4309954      0.81242988       1.2668558      -12.890588      0.54152339       6.4927679       18.486545   1.2865065e-13       3.4795524     0.096010088      0.096010088      -17.054011      -17.054011
              8      -8.2514423      0.78070145       1.2152854      -12.899754      0.61541988        6.035336       16.416681   1.2596381e-13       4.1249613     0.071414273      0.071414273      -16.645713      -16.645713
              9      -8.3242842      0.74518528       1.3045498      -12.889684      0.62478755       5.5614148        20.16275   1.2891877e-13       4.2149026      0.10611656       0.10611656      -16.860801      -16.860801
              3      -8.3766217      0.76877115       1.3051281       -12.88913      0.67719158       5.8717986        20.18962   1.2908314e-13       4.7554496     0.095047056      0.095047056      -16.943337      -16.943337
              4      -8.3669203      0.76884169       1.3051532      -12.889194      0.67740422       5.8727524       20.190785   1.2906432e-13       4.7577785      0.09514902       0.09514902      -16.924139      -16.924139
              1      -8.3316259      0.77750876        1.306049      -12.885516      0.70039061       5.9911302       20.232476   1.3016187e-13       5.0163821     0.089801747      0.089801747      -16.842855      -16.842855
              7      -6.5688366      0.80674562       1.2070522      -12.878292      0.66854847       6.4083411       16.108392   1.3234522e-13       4.6617446      0.02866575       0.02866575      -13.195005      -13.195005
              4      -6.7091514      0.87571345        1.223288       -12.87732      0.68015845       7.5112714       16.721991   1.3264153e-13       4.7880475     0.045535544      0.045535544      -13.509374      -13.509374
             13      -7.3955136      0.79673603       1.2127464      -12.868031      0.71965428       6.2623312       16.320987   1.3550928e-13       5.2438985     0.023456775      0.023456775      -14.837941      -14.837941
              5      -8.3504948      0.85835244       1.1917663      -12.855312      0.72763117       7.2169291       15.551285   1.3953671e-13       5.3411057     0.013951638      0.013951638      -16.728893      -16.728893
              3      -7.8760273      0.88217315       1.1941943      -12.853747      0.72483598        7.623829       15.638472   1.4004028e-13       5.3068399     0.021437865      0.021437865       -15.79493       -15.79493
              5      -8.2374496      0.88885774       1.1673759      -12.840525      0.69296707       7.7420816       14.701982   1.4436931e-13       4.9313641    0.0075892136     0.0075892136      -16.490078      -16.490078
             17      -8.4504334      0.88859138       1.1678707      -12.843663      0.69443496       7.7373346       14.718741   1.4332997e-13         4.94806    0.0089662535     0.0089662535      -16.918799      -16.918799
              8      -8.4774948      0.88937275       1.1671958      -12.844392      0.69409919        7.751268       14.695885    1.430895e-13        4.944236    0.0095326599     0.0095326599      -16.974055      -16.974055
              2       -8.119811      0.85288184       1.1472696      -12.837885      0.76859986       7.1265911       14.036848   1.4524956e-13       5.8694832    0.0066219269     0.0066219269      -16.252866      -16.252866
              2      -7.2822995       0.8070337       1.2279588      -12.865208      0.81729892       6.4125933       16.902806   1.3639313e-13       6.5659703     0.057228159      0.057228159      -14.679055      -14.679055
              2      -8.3289614      0.85987618       1.1850601      -12.908546      0.48686093       7.2422945       15.312992   1.2343953e-13       3.0680394      0.13310343       0.13310343       -16.92413       -16.92413
              1      -8.1452653      0.83709683        1.192259      -12.909486      0.46170347       6.8722164       15.568939   1.2317248e-13        2.895366      0.14736372       0.14736372      -16.585258      -16.585258
              2      -6.3554143      0.82130902        1.211996       -12.89358      0.53942303       6.6268787        16.29281   1.2776741e-13       3.4627651       0.0796388        0.0796388      -12.870106      -12.870106
             27      -8.5346054      0.80060908       1.1984985      -12.908536      0.53585185       6.3184286       15.794233   1.2344232e-13       3.4344077      0.10454178       0.10454178      -17.278294      -17.278294
              4       -8.109455      0.97246257       1.4019798       -12.85913      0.34534188       9.3856113       25.233631   1.3831515e-13       2.2148375      0.37949252       0.37949252      -16.977895      -16.977895
              9      -7.3748697      0.95143043        1.400982      -12.857221      0.33220365       8.9419128       25.175725   1.3892447e-13       2.1488379      0.37188553       0.37188553       -15.49351       -15.49351
              1      -7.0890624      0.81958932       1.4198041      -12.841944      0.44068918       6.6006898       26.290818    1.438985e-13       2.7586029      0.22290289       0.22290289      -14.623931      -14.623931
              2      -7.7866385      0.82504344       1.3880582      -12.861416      0.71610217       6.6841077       24.437579   1.3758898e-13       5.2011834      0.12476576       0.12476576      -15.822808      -15.822808
              3      -7.5378816      0.82331575       1.3809917      -12.859285      0.71277542       6.6575701       24.043169   1.3826591e-13       5.1614939      0.11590515       0.11590515      -15.307574      -15.307574
              2      -7.8339297      0.83195812       1.3878544      -12.861108      0.69071619       6.7913813       24.426113   1.3768681e-13       4.9058717      0.12210348       0.12210348      -15.912066      -15.912066
              1      -7.8217898      0.83525287       1.3888274      -12.861129      0.69214698       6.8430998       24.480899   1.3768009e-13       4.9220608      0.12357592       0.12357592      -15.890731      -15.890731
             12       -7.797605      0.77405421        1.397515       -12.88125      0.82907839       5.9436635       24.975547   1.3144687e-13       6.7464979      0.19772551       0.19772551      -15.990661      -15.990661
              3      -7.9486003      0.81128005       1.4931867      -12.882813      0.73274165       6.4756006       31.130541   1.3097463e-13       5.4043274       0.2670253        0.2670253      -16.431251      -16.431251
              4      -7.9096855      0.72223866       1.2629612      -12.883533      0.73025544       5.2751968       18.321509   1.3075753e-13       5.3734776     0.087758237      0.087758237      -15.994888      -15.994888
              3      -5.6793375      0.70778773       1.2692452      -12.878539      0.70524978       5.1025554       18.588539   1.3226994e-13       5.0728239     0.088500821      0.088500821      -11.535677      -11.535677
              4       -8.169684      0.69658956       1.3214099      -12.877255      0.94291249       4.9726691         20.9609   1.3266152e-13       8.7682412       0.2463059        0.2463059       -16.83198       -16.83198
             12      -7.5553131      0.70345929       1.3274842      -12.881137      0.89777365       5.0519528        21.25613     1.31481e-13       7.9026665      0.21393101       0.21393101      -15.538488      -15.538488
              7      -7.6774714      0.70871362       1.3301824      -12.882536      0.90452102       5.1134454       21.388603   1.3105818e-13       8.0264041      0.21955824       0.21955824      -15.794059      -15.794059
              3      -8.3473886      0.71148176       1.3496072      -12.881176      0.68543993        5.146142       22.366973   1.3146906e-13       4.8466307      0.14004696       0.14004696      -16.974871      -16.974871
             10      -8.5183468      0.70704834       1.3492407      -12.878206      0.69142743       5.0938756       22.348105   1.3237121e-13       4.9139126      0.13898392       0.13898392      -17.314661      -17.314661
              6      -8.5188506      0.70701953       1.3491779      -12.878188      0.69139018       5.0935377       22.344872   1.3237677e-13       4.9134911      0.13892651       0.13892651      -17.315554      -17.315554
              5       -8.379452      0.67218713       1.3856301       -12.86834      0.74143075       4.7009662       24.301334   1.3541287e-13       5.5135427      0.19186372       0.19186372      -17.142632      -17.142632
              8      -8.1204029      0.67258523       1.3723859       -12.86561      0.70656287       4.7052774       23.571429   1.3626692e-13       5.0881847      0.17065203       0.17065203       -16.58211       -16.58211
              2      -8.3133934      0.70322109       1.4205804      -12.865037      0.68882881       5.0491827       26.337855   1.3644676e-13       4.8845978      0.19124396       0.19124396      -17.009275      -17.009275
              4      -8.2356977      0.68790239       1.4112613      -12.866336      0.69580599       4.8741893        25.77872   1.3603926e-13       4.9637053      0.19430784       0.19430784      -16.860011      -16.860011
              8      -7.9579019       0.7083319       1.3982381      -12.883034      0.90084132        5.108953       25.017165   1.3090781e-13        7.958685      0.27461347       0.27461347      -16.465031      -16.465031
             18      -8.3438856       0.7039357       1.4025859      -12.873061      0.86641383       5.0574978       25.268873   1.3394893e-13        7.352141      0.24470218       0.24470218      -17.177175      -17.177175
              1      -8.2299281      0.76585555       1.4224598      -12.876413      0.76819174       5.8325108        26.45208   1.3291908e-13         5.86397      0.19239632       0.19239632      -16.844649      -16.844649
              7       -8.261172      0.74907773       1.4127951      -12.873513      0.71176711        5.611484        25.86992   1.3380948e-13       5.1495242      0.17124812       0.17124812       -16.86484       -16.86484
              7      -8.3193531      0.83741331       1.4408782      -12.864225       0.6612859       6.8772263       27.598038   1.3670199e-13       4.5844358      0.17842955       0.17842955      -16.995565      -16.995565
              7      -8.2569389      0.73931512       1.4884319      -12.850989      0.65145347       5.4867493       30.791573   1.4093246e-13       4.4818103      0.23803718       0.23803718      -16.989952      -16.989952
              2       -8.298784      0.75958692       1.4959444      -12.854439      0.65886201       5.7489287        31.32885   1.3981732e-13       4.5589204      0.24208137       0.24208137      -17.081731      -17.081731
             10      -8.3106181      0.76861699        1.493331       -12.85474      0.64836472       5.8697147       31.140888   1.3972043e-13       4.4500482      0.23686364       0.23686364      -17.094964      -17.094964
              1      -8.1490787      0.80907168       1.4849189      -12.865887      0.65404321        6.442756       30.543509   1.3617989e-13       4.5086156      0.22995982       0.22995982      -16.758077      -16.758077
              5      -8.3470577      0.82087787       1.4869755      -12.864988      0.66619725        6.620303       30.688488   1.3646206e-13       4.6365746      0.23164201       0.23164201      -17.157399      -17.157399
              6       -7.854214      0.87514259       1.5011422      -12.867856      0.58915196       7.5014046       31.706055   1.3556394e-13       3.8828621      0.27487141       0.27487141      -16.258171      -16.258171
              6      -7.8333618       1.0716049       1.4640392      -12.850094      0.26174117       11.792473       29.109798   1.4122323e-13        1.827011      0.66513938       0.66513938      -16.997002      -16.997002
             10      -7.5553294        1.070959       1.4647448      -12.849571       0.2448291       11.774947       29.157135    1.413932e-13        1.757232      0.68745042       0.68745042       -16.48556       -16.48556
              1       -7.190795      0.97351966       1.3778435      -12.867506      0.32041142       9.4084841        23.86951   1.3567305e-13       2.0912763      0.39309099       0.39309099      -15.167772      -15.167772
             10      -2.8063688      0.92747075       1.3690556      -12.852127      0.28677294       8.4619557       23.391366   1.4056371e-13       1.9354098      0.37361263       0.37361263       -6.359963       -6.359963
              7      -7.4275418       1.0209951       1.3535617      -12.855829      0.22183615       10.495305       22.571564   1.3937047e-13       1.6666183      0.54299311       0.54299311       -15.94107       -15.94107
              3      -7.7477897       1.0657919       1.3008125      -12.877198      0.23080378       11.635684       19.989989   1.3267904e-13       1.7013896        0.576939         0.576939      -16.649457      -16.649457
              8      -6.9913679       1.0865578       1.2981655      -12.877893      0.24647334       12.205561       19.868519   1.3246679e-13       1.7638975      0.58758953       0.58758953      -15.157915      -15.157915
              5      -7.0052129       1.0977669       1.2994175      -12.878244      0.24209075       12.524688       19.925879   1.3235962e-13        1.746187      0.61388737       0.61388737      -15.238201      -15.238201
              3      -5.9381791       0.9713028       1.2916204      -12.901666      0.36904448       9.3605809       19.571334   1.2541049e-13       2.3390768      0.32529528       0.32529528      -12.526949      -12.526949
             12      -6.2996781      0.90759006       1.1987635      -12.906762      0.55639572       8.0833253       15.803872   1.2394762e-13       3.6007728      0.12080736       0.12080736      -12.840971      -12.840971
              7      -7.5553946      0.84720098       1.1606181      -12.922131      0.56575755       7.0339776       14.474984   1.1963804e-13       3.6792352      0.11858672       0.11858672      -15.347963      -15.347963
              4      -7.4196307      0.83302919       1.1672846      -12.907342      0.50905403       6.8081511       14.698892   1.2378207e-13       3.2288958      0.10930932       0.10930932       -15.05788       -15.05788
              1      -7.9607958      0.81732968       1.1683799      -12.909344      0.52102902       6.5664354       14.736009   1.2321276e-13       3.3191663      0.10619499       0.10619499      -16.133982      -16.133982
              9      -7.0877194      0.78646658       1.1852195      -12.899324      0.53167303       6.1159874       15.318615   1.2608876e-13         3.40152     0.087164509      0.087164509      -14.349768      -14.349768
             11      -7.0701717      0.82043598       1.1832798      -12.888176      0.38682573       6.6135705       15.250348   1.2936722e-13       2.4368328      0.16507548       0.16507548      -14.470494      -14.470494
             14      -7.8440806      0.90623058       1.2221331      -12.895194      0.40965764       8.0580616       16.677583   1.2729357e-13       2.5683703      0.19435152       0.19435152      -16.076864      -16.076864
              9      -7.1392539      0.90904187        1.175634      -12.903055      0.40170491       8.1103925       14.984215   1.2500999e-13       2.5217667      0.20427633       0.20427633      -14.687061      -14.687061
              9      -6.5580414       0.8929683       1.1616413      -12.902063      0.39941845       7.8157076       14.509126   1.2529593e-13       2.5085251      0.19337376       0.19337376       -13.50283       -13.50283
              3      -7.3802931      0.84093836       1.1684266      -12.884381      0.37923303       6.9332739       14.737593   1.3050241e-13       2.3946003      0.16614929       0.16614929      -15.092885      -15.092885
              1      -6.3606274      0.88413889       1.1570901      -12.873074      0.30263275       7.6584149       14.357872   1.3394477e-13       2.0073946      0.24482451       0.24482451      -13.210904      -13.210904
              3      -7.3794764       1.0532273       1.1001364      -12.919497      0.16845918       11.303874        12.59321   1.2036581e-13         1.47387      0.67251234       0.67251234      -16.103977      -16.103977
              9      -7.8666324       1.0390135       1.1050026      -12.924207      0.23752554       10.939905       12.735108   1.1906733e-13       1.7279276      0.55851864       0.55851864      -16.850302      -16.850302
              6      -7.4504878      0.95319178       1.0550308      -12.934921      0.38844669       8.9782518       11.350914   1.1616596e-13        2.445945      0.32217046       0.32217046      -15.545317      -15.545317
              5      -7.9652872      0.99825942      0.96815871       -12.96667      0.34702911        9.960002       9.2930593   1.0797667e-13       2.2234589      0.53580074       0.53580074      -17.002176      -17.002176
             11      -7.9706269      0.99975191      0.96812458      -12.966766      0.34410619        9.994289        9.292329   1.0795272e-13       2.2085447       0.5409058        0.5409058      -17.023065      -17.023065
              3      -7.5292042        1.009103      0.95588489      -12.952932      0.36635159       10.211817       9.0340999   1.1144696e-13        2.324618      0.49116584       0.49116584       -16.04074       -16.04074
              2      -8.0033166       1.0312565      0.96425272      -12.956326      0.34220375       10.746238       9.2098535   1.1057924e-13       2.1988912      0.54972999       0.54972999      -17.106093      -17.106093
             26      -7.6391987       1.0005625      0.93653575      -12.967716       0.3058963       10.012961       8.6404378   1.0771697e-13       2.0225362      0.60596442       0.60596442      -16.490326      -16.490326
              3      -7.6749014       1.0025086      0.93719447       -12.96782      0.30266849       10.057929       8.6535533    1.076911e-13       2.0075598      0.61196323       0.61196323      -16.573729      -16.573729
              1      -8.0350371      0.96903958      0.93732519      -12.970597      0.30468982       9.3119274       8.6561584   1.0700472e-13       2.0169253      0.58373879       0.58373879      -17.237552      -17.237552
              6      -8.0044456      0.97291631      0.93836993      -12.971923      0.30112067       9.3954225       8.6770066   1.0667845e-13       2.0004176      0.59571644       0.59571644      -17.200324      -17.200324
              1      -8.0035218      0.97445622      0.93841194      -12.972108      0.30063241       9.4287955       8.6778461   1.0663303e-13       1.9981699      0.59843856       0.59843856      -17.203921      -17.203921
              2      -8.1229103      0.97926007       0.9414047      -12.971839      0.32516772       9.5336689       8.7378523   1.0669907e-13       2.1143054      0.57211688       0.57211688      -17.390054      -17.390054
             10      -5.9654821       0.9609403      0.95967634       -12.97389      0.29732318        9.139876       9.1133141   1.0619646e-13       1.9830021      0.58338655       0.58338655      -13.097737      -13.097737
              1      -8.2105338       1.0006558       1.0323412      -12.943493      0.37650161       10.015111       10.773113   1.1389558e-13       2.3795871      0.41033053       0.41033053      -17.241729      -17.241729
              7      -8.1727539      0.89787805       1.0315401      -12.942873      0.46467497       7.9045664       10.753258   1.1405836e-13       2.9152444      0.25202955       0.25202955      -16.849567      -16.849567
             12      -8.4269535       0.8817008       1.0355212      -12.946761      0.46284195       7.6155416       10.852285   1.1304176e-13        2.902966      0.25552357       0.25552357      -17.364954      -17.364954
              3      -8.1382446      0.84067544       1.0208086      -12.947276      0.48442361       6.9290779       10.490799   1.1290779e-13       3.0508693       0.2356388        0.2356388      -16.747767      -16.747767
             15      -8.1428496      0.77306623       1.0530847      -12.938683      0.57947556       5.9301576       11.300164   1.1516419e-13       3.7973057      0.16171219       0.16171219      -16.609124      -16.609124
              2      -8.1413869      0.75984352       1.0598033      -12.937088      0.57997568       5.7523264       11.476337    1.155879e-13       3.8016811      0.15932899       0.15932899      -16.601432      -16.601432
              4      -7.8450955      0.77828097       1.0587019      -12.940446      0.64226525       6.0017925       11.447269   1.1469743e-13       4.3879861      0.15255254       0.15255254      -15.995296      -15.995296
             10      -7.0818642      0.76525544       1.0823342      -12.947213      0.59207573        5.824457       12.087436   1.1292432e-13       3.9090905      0.17911849       0.17911849      -14.521965      -14.521965
             11      -7.0116743      0.74054552       1.0740174      -12.945016      0.56398475       5.5023159       11.858163   1.1349689e-13       3.6642471        0.190845         0.190845      -14.405039      -14.405039
             13      -8.1682545      0.71503908       1.0745119      -12.943909      0.64825724       5.1884672       11.871671   1.1378663e-13        4.448947      0.18350195       0.18350195      -16.703513      -16.703513
              4      -8.5089796      0.72726098       1.0732438      -12.940061      0.64908782       5.3365549       11.837058   1.1479924e-13       4.4574637      0.16622199       0.16622199      -17.350403      -17.350403
              3      -5.6935895      0.77669995       1.0957028      -12.937482       0.6593628        5.979983         12.4653   1.1548308e-13       4.5641804      0.13828768       0.13828768      -11.663754      -11.663754
              1      -7.3284736      0.88173659       1.1035773      -12.908989       0.5470916       7.6161693       12.693381   1.2331357e-13        3.524452      0.10572956       0.10572956      -14.868406      -14.868406
              7      -7.7664411       0.9278967       1.1087272      -12.919885      0.45267117       8.4702592       12.844796   1.2025824e-13       2.8357711      0.20660699       0.20660699      -15.946096      -15.946096
              3      -7.4731132      0.95423461       1.0955853      -12.913967      0.45752255       8.9998363       12.461929   1.2190821e-13       2.8676263       0.2117366        0.2117366        -15.3697        -15.3697
              8      -7.1446837      0.91612198          1.1124      -12.920434      0.31711752       8.2436963       12.953884   1.2010631e-13       2.0754751      0.32460305       0.32460305      -14.938573      -14.938573
              2      -6.4382464      0.93558516       1.1177273      -12.910701      0.33599015       8.6215461       13.113764   1.2282858e-13       2.1676549      0.29590449       0.29590449      -13.468302      -13.468302
              8      -6.4112499       1.0364453       1.1218631      -12.914499      0.25775932       10.875402       13.239242   1.2175909e-13       1.8103365      0.50494439       0.50494439      -13.832389      -13.832389
              2      -6.3580036       1.0616165       1.0748598      -12.920594      0.31631746       11.524352       11.881187   1.2006206e-13       2.0716551      0.48575916       0.48575916      -13.687526      -13.687526
             15      -7.4689171       1.0397998       1.0411613      -12.938628      0.30206137       10.959728        10.99414   1.1517875e-13       2.0047553      0.52329776       0.52329776       -15.98443       -15.98443
             15      -7.6652335       1.0479807       1.0274442      -12.942139      0.30145839       11.168137        10.65232    1.142513e-13       2.0019738      0.54931824       0.54931824      -16.429104      -16.429104
              6      -7.8645806       1.0002835      0.97979593      -12.946916      0.38675447       10.006531       9.5454396   1.1300154e-13        2.436433      0.43092771       0.43092771      -16.591017      -16.591017
             15      -7.3304771       1.0121601      0.97923424      -12.947052      0.40430525       10.283953        9.533102   1.1296597e-13       2.5369111      0.43006344       0.43006344      -15.521081      -15.521081
             14      -7.8204185      0.95321069       0.9678037       -12.97048      0.35510575       8.9786426        9.285466   1.0703358e-13       2.2651958      0.49593376       0.49593376      -16.632705      -16.632705
              5      -7.1473955      0.88850601      0.97298447      -12.967133      0.37776829       7.7358138        9.396897   1.0786171e-13       2.3865376      0.41654929       0.41654929       -15.12789       -15.12789
              4      -7.7642415      0.96132034      0.96403388      -12.951539      0.42051934       9.1478776       9.2052138     1.11805e-13       2.6334152      0.38376027       0.38376027      -16.296003      -16.296003
             14      -4.9321053      0.93279177      0.96165232      -12.949954      0.40925385       8.5662703       9.1548729    1.122138e-13       2.5659834      0.36609042       0.36609042      -10.596392      -10.596392
              4      -5.3125618       1.0272049      0.94703306      -12.956726      0.26836866       10.646452       8.8518298   1.1047752e-13       1.8551057      0.64249715       0.64249715      -11.910118      -11.910118
              5      -3.6506294       1.0678946      0.92953613      -12.957856        0.232335       11.692156       8.5022942   1.1019034e-13       1.7073989      0.76415294       0.76415294      -8.8295647      -8.8295647
              8      -5.8791274        1.019491      0.93652266      -12.954027      0.21758185        10.45902       8.6401773   1.1116631e-13        1.650372      0.70081681       0.70081681      -13.159888      -13.159888
              2      -7.4409572      0.99900285      0.93316405      -12.951663      0.19804381        9.977066       8.5736164   1.1177295e-13       1.5777704      0.70041179       0.70041179      -16.282738      -16.282738
              4      -7.3475095       1.0500976      0.93770603      -12.966284      0.23700897       11.222707       8.6637524   1.0807277e-13       1.7258735      0.75333393       0.75333393      -16.201687      -16.201687
              1      -7.6569668        1.076903       0.9347067      -12.968227      0.24966222       11.937216       8.6041248   1.0759023e-13       1.7768969      0.78529098       0.78529098      -16.884516      -16.884516
              6      -7.6762912       1.0713553      0.94071961      -12.968347      0.29218615       11.785699       8.7240795   1.0756064e-13       1.9596845      0.71819271       0.71819271      -16.788968      -16.788968
             10      -7.3086935       1.0963928       0.9695222       -12.97056      0.19616519       12.485123       9.3222811   1.0701389e-13       1.5709602      0.88308487       0.88308487      -16.383557      -16.383557
              1      -7.4470287       1.1057012      0.96369541      -12.962441      0.13773155       12.755609       9.1980424   1.0903328e-13       1.3731929      0.97015845       0.97015845      -16.834374      -16.834374
             52      -7.4131098       1.1180298      0.96812847      -12.959613      0.15929581       13.122899       9.2924123   1.0974553e-13       1.4430979      0.94456415       0.94456415      -16.715348      -16.715348
             11      -7.5615634       1.0772846      0.96357542      -12.965944      0.18197164       11.947708       9.1955016   1.0815729e-13       1.5204482      0.86064013       0.86064013      -16.844407      -16.844407
              2       -8.068236       1.0055989      0.94891093       -12.97005      0.29565676       10.129755       8.8901877   1.0713968e-13       1.9754078      0.62451589       0.62451589      -17.385504      -17.385504
             12      -8.0053201      0.98632916      0.95521228      -12.968123      0.29151231       9.6901201       9.0201192   1.0761593e-13       1.9566462      0.59771876       0.59771876      -17.206078      -17.206078
              3      -7.1231681      0.93551899      0.98373372      -12.959004      0.30572798       8.6202327       9.6323825   1.0989969e-13       2.0217525      0.48949628       0.48949628      -15.225329      -15.225329
              7      -8.0010266      0.97319905      0.96719112       -12.94487      0.44021804       9.4015411       9.2723779   1.1353494e-13       2.7556118      0.35837736       0.35837736      -16.718808      -16.718808
             14      -7.9663976        1.034786      0.98275425      -12.947304      0.35422927       10.833928       9.6106829   1.1290049e-13       2.2606289      0.50516954       0.50516954      -16.943134      -16.943134
              4      -8.2974581      0.85798153       1.0591766      -12.938273      0.44697847       7.2107681       11.459787   1.1527278e-13       2.7988426      0.22819769       0.22819769      -17.051312      -17.051312
             12      -8.3030877      0.83295718       1.0581258      -12.943662       0.4720131       6.8070224       11.432095    1.138512e-13       2.9649208       0.2212314        0.2212314      -17.048638      -17.048638
              1      -8.0046605      0.78347527       1.0424426      -12.938934      0.52093945       6.0740067       11.026625   1.1509764e-13       3.3184819      0.18540683       0.18540683      -16.380135      -16.380135
              2      -7.8803203      0.77753828       1.0432612       -12.93699      0.51899737       5.9915375       11.047428   1.1561385e-13       3.3036754      0.18195265       0.18195265      -16.124546      -16.124546
              3      -7.7387583       0.7485939       1.0657965      -12.939344      0.67753346        5.605236       11.635807   1.1498895e-13       4.7591945      0.15571506       0.15571506      -15.788947      -15.788947
              6       -8.361809      0.77313748        1.092504      -12.937955      0.59505063       5.9311306       12.373825   1.1535722e-13       3.9359596      0.14914176       0.14914176      -17.021902      -17.021902
              2      -6.3306938      0.87331506       1.0307012      -12.961436       0.4460386       7.4699047       10.732507   1.0928591e-13       2.7927921      0.31069058       0.31069058      -13.282769      -13.282769
              4       -6.295056      0.87370452       1.0306771      -12.961582      0.44627824       7.4766065       10.731912    1.092492e-13       2.7943335      0.31114967       0.31114967      -13.212411      -13.212411
              4      -5.3804512      0.86970851       1.0509441      -12.946918      0.37966422       7.4081286       11.244603   1.1300095e-13       2.3969789      0.31390893       0.31390893       -11.38872       -11.38872
              3      -8.0791166      0.94006916       1.0567542      -12.931462      0.44949956        8.711023       11.396046    1.170948e-13       2.8151372      0.25263036       0.25263036      -16.663494      -16.663494
              1      -8.1114571      0.96085852       1.0499389      -12.924734      0.47287343       9.1381551       11.218606   1.1892295e-13       2.9708001      0.23937776       0.23937776       -16.70167       -16.70167
             10      -7.1449137       1.0219322      0.86899177       -12.95751      0.13594545       10.517977       7.3959126   1.1027816e-13        1.367557      0.89582699       0.89582699      -16.081481      -16.081481
              3       -7.113058       1.0245803      0.86815896      -12.957523      0.13437729       10.582306       7.3817436   1.1027505e-13        1.362628      0.90270143       0.90270143      -16.031519      -16.031519
             13       -7.166194      0.99506837      0.87674154      -12.967431      0.18302519       9.8870872       7.5290735   1.0778768e-13       1.5241411      0.81200398       0.81200398      -15.956396      -15.956396
             27      -6.9201308       0.9534514      0.89146194      -12.914298      0.12981049       8.9836205       7.7886455   1.2181547e-13       1.3483744      0.69988836       0.69988836      -15.240038      -15.240038
              6      -7.0688207      0.94363963      0.89298797      -12.930032      0.17525544       8.7829343       7.8160616   1.1748106e-13       1.4971159      0.65102925       0.65102925        -15.4397        -15.4397
             11      -7.0740805      0.92009438      0.88938869      -12.933445      0.20718396       8.3194455       7.7515524   1.1656153e-13        1.611328      0.59590572       0.59590572      -15.339973      -15.339973
              8      -6.3003859      0.93534931      0.82266338      -12.935129      0.13714367       8.6168654       6.6475771   1.1611025e-13       1.3713353      0.78470969       0.78470969      -14.170191      -14.170191
              7      -5.9727449      0.93491852      0.82237881      -12.933761      0.13238149       8.6083224       6.6432227   1.1647678e-13       1.3563804       0.7893436        0.7893436      -13.524177      -13.524177
              3      -6.4489674      0.99306929      0.85339021      -12.980319      0.25148338       9.8416811       7.1349382   1.0463586e-13       1.7843637      0.77595848       0.77595848      -14.449852      -14.449852
             24      -4.9175243      0.96246852      0.82772599      -12.943951      0.11881673       9.1720945       6.7255219   1.1377563e-13       1.3146699      0.85858011       0.85858011      -11.552209      -11.552209
             12      -6.6637468      0.99246926      0.84090549      -12.940151      0.10255893       9.8280931       6.9327492   1.1477535e-13       1.2663651      0.89458824       0.89458824       -15.11667       -15.11667
              5      -7.2939873      0.96293793      0.89801172      -12.953853      0.20109212       9.1820136       7.9069996   1.1121085e-13       1.5888837      0.69021477       0.69021477      -15.968404      -15.968404
             10      -7.4770999       1.0262142      0.94005935        -12.9537      0.17143683       10.622192       8.7108262   1.1124989e-13         1.48401      0.77724925       0.77724925      -16.508698      -16.508698
              4      -6.9487718      0.98718025      0.91434791      -12.954009      0.18120454       9.7091285       8.2100899   1.1117094e-13        1.517765      0.73352367       0.73352367      -15.364591      -15.364591
             11      -7.6676426       1.0735852      0.92679267      -12.971933      0.17944602       11.846367       8.4487542    1.066761e-13       1.5116318      0.90158307       0.90158307      -17.138451      -17.138451
              8      -7.6531239       1.1319672       0.9444326      -12.972143       0.1598782       13.550871       8.7989854    1.066246e-13       1.4450345       1.0257517        1.0257517      -17.357751      -17.357751
              1      -6.9552004       1.0860634      0.93249489      -12.953692      0.12079576       12.191674       8.5604163   1.1125212e-13       1.3206744      0.95662104       0.95662104      -15.823643      -15.823643
              7      -7.2686797         1.08655      0.93323687      -12.953728      0.10855547       12.205345       8.5750541   1.1124285e-13       1.2839717      0.97908894       0.97908894      -16.495537      -16.495537
              1       -7.498525       1.0182558        1.016336      -12.953214      0.24153922       10.429314       10.383314   1.1137455e-13       1.7439709      0.62302363       0.62302363      -16.243097      -16.243097
             17      -6.9942505       0.9984047       1.0115347      -12.955249      0.25368635       9.9633342       10.269154   1.1085386e-13       1.7934379      0.59081528       0.59081528      -15.170132      -15.170132
              6      -8.1716183      0.93304867      0.93357735      -12.972501      0.37423777        8.571339       8.5817794   1.0653669e-13       2.3672154      0.48806429       0.48806429      -17.319365      -17.319365
             13      -8.1519865       0.9211246       0.9324538      -12.974273          0.3682       8.3392039       8.5596065   1.0610291e-13       2.3345329      0.49255369       0.49255369       -17.28908       -17.28908
              6      -8.1626637      0.92275132      0.93055569      -12.972996      0.37603661       8.3704984       8.5222778    1.064154e-13       2.3770407      0.48278922       0.48278922      -17.290906      -17.290906
              1      -7.9636822      0.92383112      0.92859935      -12.970925      0.37200346       8.3913362       8.4839745   1.0692405e-13        2.355068      0.48136683       0.48136683      -16.890098      -16.890098
              1       -7.012405      0.81413772       1.0340114      -12.942781      0.42653569       6.5183506       10.814623   1.1408246e-13       2.6701502      0.25583217       0.25583217      -14.536474      -14.536474
              6      -6.9906434        0.876551      0.98181189      -12.926396      0.56430646       7.5257711       9.5898518   1.1846883e-13       3.6669624      0.16867609       0.16867609      -14.318639      -14.318639
              8      -3.7860867       0.8917512       0.9845318      -12.914731      0.55078353       7.7938348       9.6500996   1.2169406e-13        3.554541      0.15221934       0.15221934       -7.876612       -7.876612
              8      -4.8819621      0.79583933       1.0448017      -12.929449      0.56036071       6.2494145       11.086684     1.17639e-13       3.6337974      0.14203601       0.14203601      -10.047996      -10.047996
              4      -8.2026403      0.81428558       1.0369713      -12.942219      0.54897432       6.5205702       10.888581   1.1423032e-13       3.5397641      0.18165292       0.18165292      -16.768586      -16.768586
             18      -8.4802203      0.82144551       1.0758663      -12.937086      0.50657888       6.6289617       11.908754    1.155883e-13       3.2105459      0.17855925       0.17855925      -17.317559      -17.317559
             16      -7.9123324      0.91495093       1.0238531      -12.952086      0.36312867       8.2214975       10.564601   1.1166412e-13       2.3074307      0.37527171       0.37527171      -16.575208      -16.575208
             14       -7.718061      0.91198414       1.0242123      -12.951606      0.35769036       8.1655254       10.573343   1.1178775e-13       2.2787168      0.37729291       0.37729291      -16.190708      -16.190708
              5      -8.1418186      0.86119745       1.0147762      -12.947265      0.39862756       7.2643615       10.346088   1.1291068e-13        2.503961      0.30585514       0.30585514      -16.895348      -16.895348
             15      -7.1244126      0.98637388       1.0951263      -12.932829      0.26935545       9.6911179       12.448766   1.1672699e-13       1.8593256      0.47356011       0.47356011      -15.195945      -15.195945
              4      -7.3582805      0.97973867       1.0995777      -12.933468      0.28812991       9.5441811       12.577019   1.1655535e-13       1.9414666      0.44419794       0.44419794      -15.604957      -15.604957
             23      -7.3537265      0.98149351       1.0992841      -12.934628      0.29119782        9.582824       12.568518   1.1624443e-13       1.9552299      0.44527751       0.44527751      -15.598008      -15.598008
              5      -7.7360189       1.0499677       1.1170304      -12.928187      0.33769615       11.219349       13.092737   1.1798128e-13       2.1761867      0.45933174       0.45933174      -16.390701      -16.390701
             15      -7.4782117       1.1080271        1.071203      -12.944566      0.19278538       12.824106       11.781564   1.1361465e-13        1.558782      0.79108096       0.79108096      -16.538585      -16.538585
              9      -6.7642738       1.1018856       1.0794815      -12.944132      0.18202917       12.644033         12.0083   1.1372806e-13       1.5206497      0.79444995       0.79444995      -15.117448      -15.117448
              8      -7.2038099       1.0691715       1.0689015      -12.946651      0.22648862       11.726584       11.719296   1.1307042e-13       1.6845683      0.68209484       0.68209484      -15.771809      -15.771809
              4      -7.2051494       1.0479584       1.0573127      -12.934925      0.26736413       11.167564        11.41071   1.1616492e-13       1.8508198      0.56412976       0.56412976      -15.538558      -15.538558
              4      -8.0514595       1.0291747       1.0460378      -12.948526      0.29016748       10.694851       11.118286   1.1258332e-13       1.9505967      0.55018149       0.55018149      -17.203282      -17.203282
              2      -7.8349212       1.0324005       1.0404591      -12.951844      0.29259012       10.774585       10.976379   1.1172653e-13       1.9615082       0.5629424        0.5629424      -16.795727      -16.795727
              5      -7.4187335        1.039794       1.0503406      -12.951743      0.27365494       10.959583       11.228988   1.1175253e-13       1.8778242      0.59383115       0.59383115      -16.025129      -16.025129
              3       -5.132716       1.0164334       1.0190947      -12.955475      0.22139446       10.385642       10.449481   1.1079627e-13       1.6649242      0.65538124       0.65538124      -11.576194      -11.576194
              9      -4.9272959      0.91149885       1.0149212      -12.925791      0.32071531       8.1564063       10.349543   1.1863383e-13       2.0927402      0.34937473       0.34937473      -10.553341      -10.553341
              1      -7.8788035      0.88323808       1.0277574      -12.930579      0.34011171       7.6425463       10.660004   1.1733329e-13       2.1883244      0.32080048       0.32080048      -16.399208      -16.399208
              4      -6.1183857      0.82505424       1.0152397      -12.928611      0.35303574       6.6842739       10.357136   1.1786626e-13       2.2544247      0.29146297       0.29146297      -12.819697      -12.819697
             16      -8.0998993       0.8532212       1.0381337      -12.934289      0.38921862        7.132162       10.917763   1.1633525e-13       2.4502964      0.26842041       0.26842041      -16.736639      -16.736639
              2      -8.3422938      0.86650258       1.0459793       -12.94262      0.43430389       7.3536437       11.116788   1.1412489e-13       2.7183407      0.25532616       0.25532616       -17.19524       -17.19524
              1      -7.1969151      0.89602816       1.0402609       -12.93747      0.41369217       7.8709682       10.971371   1.1548631e-13       2.5923413      0.27152717       0.27152717      -14.936884      -14.936884
              7      -7.2947005      0.85160129       1.0285462      -12.920313      0.62691472       7.1056087       10.679384   1.2013991e-13       4.2355978      0.11305452       0.11305452       -14.81551       -14.81551
             23      -6.7673194      0.88959272       1.0402352      -12.923275      0.29420723        7.755195       10.970721    1.193233e-13       1.9688255      0.35448707       0.35448707      -14.243613      -14.243613
             29      -6.7464161      0.84147656       1.0037419      -12.924968      0.32448302       6.9418714       10.086534   1.1885909e-13       2.1109747       0.3197377        0.3197377      -14.132308      -14.132308
             10      -8.1310275      0.92681396       1.0104348      -12.949498      0.35502136       8.4491684       10.243181   1.1233149e-13       2.2647557      0.38826279       0.38826279      -17.038581      -17.038581
              1      -7.5926822       0.9370815       1.0024794      -12.948428      0.35299033       8.6513025       10.057254   1.1260868e-13        2.254189      0.39778267       0.39778267       -15.98093       -15.98093
             18      -7.5982291      0.96413352       1.0045724        -12.9537      0.28714431       9.2073261       10.105839   1.1125005e-13       1.9370655      0.51018565       0.51018565      -16.216829      -16.216829
              6      -8.0121798      0.98528826       1.0006731      -12.951781      0.28386172       9.6669229       10.015511   1.1174257e-13       1.9224795      0.53090275       0.53090275      -17.086165      -17.086165
              4      -7.7135729       1.0063221       1.0694196      -12.933832       0.3036447       10.146636       11.733284   1.1645752e-13       2.0120775      0.45937203       0.45937203       -16.34589       -16.34589
              7      -7.7765237       1.0808822        1.084071      -12.940935      0.24078909       12.047092       12.135873   1.1456852e-13       1.7409612      0.66199152       0.66199152       -16.87703       -16.87703
              3      -7.9728563      0.82007935        1.226139      -12.896371      0.53383809       6.6081418       16.832126   1.2694894e-13       3.4185197     0.091418011      0.091418011      -16.128549      -16.128549
              2      -8.2704653      0.88700643       1.2200868      -12.900198      0.47683289       7.7091488       16.599188   1.2583527e-13       2.9980087      0.14335313       0.14335313      -16.827637      -16.827637
              3      -8.1734928      0.86224505       1.1719105      -12.907047      0.53641284       7.2819057       14.856294   1.2386633e-13       3.4388469      0.10305193       0.10305193       -16.55309       -16.55309
              3       -6.512015      0.90729171       1.1115957      -12.917856      0.55358483       8.0777742       12.929917   1.2082152e-13       3.5775427      0.13458865       0.13458865      -13.293207      -13.293207
              9      -8.2813453      0.97659991       1.1242183      -12.908141       0.4623352       9.4754514       13.311234   1.2355469e-13       2.8995807      0.21625394       0.21625394      -16.995199      -16.995199
              3      -8.2809124      0.97456726       1.1244246      -12.907955      0.46580354       9.4312066       13.317557   1.2360762e-13       2.9228299       0.2115652        0.2115652      -16.984955      -16.984955
             19      -7.9467306        1.029378       1.1599821      -12.922459      0.29157546       10.699856       14.453802   1.1954752e-13       1.9569308      0.47271203       0.47271203      -16.838885      -16.838885
              7      -7.6909799      0.96972667       1.1655496      -12.923592      0.39919938       9.3266713       14.640286   1.1923624e-13         2.50726      0.29532126       0.29532126      -15.972602      -15.972602
              5      -8.4143439      0.95080552       1.1423484      -12.913322      0.46238778       8.9290554       13.878687   1.2208934e-13       2.8999318      0.20385778       0.20385778      -17.236403      -17.236403
              6      -8.3918091       0.7181835       1.3123163       -12.88107      0.62016383       5.2261696       20.526568   1.3150129e-13       4.1702667      0.11226559       0.11226559      -17.008149      -17.008149
              5      -7.7527201      0.72312533       1.3097529      -12.882631      0.59385642       5.2859778       20.405767   1.3102952e-13       3.9251514      0.11522864       0.11522864      -15.735898      -15.735898
             13      -8.4011291       0.6833181       1.3157754       -12.87921      0.67886009       4.8230093       20.690711   1.3206574e-13       4.7737546      0.13183356       0.13183356      -17.065925      -17.065925
              1      -7.7946474      0.82622589       1.3954586      -12.866287      0.50247761       6.7023313       24.857563   1.3605452e-13       3.1803697      0.17701243       0.17701243       -15.94332       -15.94332
              9      -8.3821806      0.96872341       1.3766869      -12.874023      0.53576774       9.3051506       23.806026   1.3365239e-13       3.4337426      0.22663837       0.22663837      -17.217638      -17.217638
             12       -8.258031      0.86702916       1.3454362      -12.867896      0.43581022       7.3625653       22.153185   1.3555144e-13       2.7277855      0.18759047       0.18759047      -16.891243      -16.891243
              5      -8.5215525      0.90838438        1.369669      -12.874539      0.52271293       8.0981232        23.42443   1.3349368e-13       3.3320609      0.18054392       0.18054392      -17.404193      -17.404193
              2      -8.4121063      0.91173587       1.3604673      -12.877487      0.46633498       8.1608589       22.933338    1.325907e-13       2.9264087      0.21022523       0.21022523      -17.244663      -17.244663
             20      -8.3597898      0.90139621        1.359981      -12.879006      0.48187433       7.9688603       22.907675   1.3212769e-13       3.0330134      0.19600498       0.19600498       -17.11159       -17.11159
              2      -8.4956678      0.87415482       1.3703923       -12.87326      0.51810579       7.4843626       23.463472   1.3388761e-13       3.2969001      0.16526949       0.16526949      -17.321875      -17.321875
              3      -8.5602883      0.90087754       1.3548679      -12.872093      0.61336037       7.9593489       22.639557   1.3424769e-13       4.1054463      0.13173893       0.13173893      -17.384055      -17.384055
              9      -8.5293121      0.88702942       1.3535957      -12.867438      0.64567303        7.709557       22.573332   1.3569446e-13       4.4225528      0.11473726       0.11473726      -17.288099      -17.288099
             15      -8.5293298      0.88693646       1.3535105      -12.867432      0.64556521       7.7079068       22.568907   1.3569627e-13        4.421455      0.11462837       0.11462837      -17.287916      -17.287916
              3       -8.542321      0.88870588       1.3515083      -12.867709      0.64102753       7.7393748       22.465098   1.3560984e-13       4.3754984      0.11450076       0.11450076      -17.313644      -17.313644
              8      -8.5546019       0.8911237       1.3532235      -12.868569      0.62880055        7.782582       22.553993    1.353414e-13       4.2540301      0.11922156       0.11922156      -17.347647      -17.347647
              3      -7.6078337      0.90737569       1.3570358       -12.86512       0.5498063       8.0793364       22.752852   1.3642066e-13       3.5465518      0.14767042       0.14767042      -15.511008      -15.511008
             16       -8.090113      0.87390028       1.5333575      -12.845924      0.51410243       7.4799773       34.147391   1.4258566e-13       3.2666487      0.32981621       0.32981621      -16.839858      -16.839858
              8      -8.1727847      0.87430157       1.5367547      -12.844436       0.5213221       7.4868921       34.415551   1.4307516e-13        3.321407       0.3305536        0.3305536      -17.006677      -17.006677
              1      -7.3189563      0.80675396       1.5101918      -12.863006      0.62440107       6.4084642       32.373663   1.3708626e-13       4.2111535      0.26275464       0.26275464      -15.163422      -15.163422
             17      -7.4412411      0.78874455       1.5782247      -12.875301      0.74216774       6.1481513       37.863846   1.3325977e-13       5.5229071      0.38216224       0.38216224      -15.646807      -15.646807
             20       -7.460088      0.82954871       1.5750463      -12.879818      0.70097401        6.753808       37.587747   1.3188081e-13       5.0231253      0.37522656       0.37522656      -15.670629      -15.670629
              2        -7.28276      0.85044988       1.5769689      -12.889442      0.68183525       7.0867952       37.754515   1.2899049e-13       4.8065698      0.39421123       0.39421123      -15.353942      -15.353942
              3      -6.8297478      0.83527811       1.5563905      -12.889734      0.69085038       6.8434975       36.007297   1.2890397e-13       4.9073878      0.36075247       0.36075247      -14.381001      -14.381001
              2      -7.0553166      0.85312153       1.5967161      -12.874549      0.64120445       7.1305255       39.510823   1.3349083e-13       4.3772812      0.40694362       0.40694362       -14.92452       -14.92452
              4      -7.3459507      0.90489448       1.5932523      -12.857811      0.54218781       8.0333092       39.196955   1.3873598e-13       3.4848799      0.43052073       0.43052073      -15.552943      -15.552943
              1      -6.5018662      0.97136146       1.8024345      -12.818946      0.43571505       9.3618452       63.450415   1.5172379e-13       2.7271878      0.94573298       0.94573298      -14.895198      -14.895198
              2      -6.7286029        0.948237       1.8202088      -12.805228        0.449727       8.8764028       66.101122   1.5659284e-13       2.8166118      0.96103362       0.96103362      -15.379273      -15.379273
              7      -7.7965796      0.91158586       1.6223855        -12.8449       0.5312035       8.1580405       41.916551   1.4292237e-13       3.3978445      0.47969258       0.47969258      -16.552544      -16.552544
              9       -7.129829       0.9139443       1.5214428      -12.904335      0.64117005       8.2024634         33.2233    1.246422e-13       4.3769345      0.36630834       0.36630834      -14.992275      -14.992275
              3      -7.3192898      0.93974031       1.5742691      -12.881724      0.58075696       8.7044294        37.52054   1.3130331e-13       3.8085263      0.43614802       0.43614802      -15.510876      -15.510876
              9      -6.6703944      0.86737369       1.1594324      -12.924948      0.42964927       7.3684084       14.435518   1.1886438e-13        2.689362      0.20605995       0.20605995      -13.752909      -13.752909
              2      -8.1480736      0.81476406       1.1286793      -12.929338      0.50747403       6.5277583       13.448668   1.1766887e-13       3.2171702      0.15434741       0.15434741      -16.604842      -16.604842
              6      -8.1991327      0.89621532      0.96806048      -12.963675      0.38555619       7.8743609       9.2909577   1.0872383e-13       2.4297198      0.40399348       0.40399348      -17.206252      -17.206252
              2       -7.847159      0.84623684      0.92395891      -12.976717      0.42349825       7.0183793       8.3938057   1.0550753e-13       2.6515404      0.42517917       0.42517917      -16.544676      -16.544676
             11      -7.4276722      0.99925856      0.69911147      -13.036615      0.26306993       9.9829423       5.0016289   9.1914658e-14       1.8326095       1.1975455        1.1975455      -17.250435      -17.250435
              4      -7.4321344      0.96453952      0.67360726      -13.044902      0.33700373       9.2159375       4.7163634   9.0177414e-14       2.1727198        1.154141         1.154141      -17.172551      -17.172551
              4       -7.824444       1.0288968      0.86198764      -12.991182      0.25932001       10.688008       7.2775909   1.0205123e-13       1.8168539      0.84281884       0.84281884      -17.334526      -17.334526
              6      -7.7858571       1.0310979      0.85672654      -12.992171      0.25189902       10.742316        7.189961    1.018191e-13       1.7860722      0.86435933       0.86435933      -17.300433      -17.300433
              7      -7.4678648      0.98093098      0.80664154      -13.010808      0.34197704       9.5704195       6.4068054    9.754209e-14       2.1977437      0.82513225       0.82513225      -16.585994      -16.585994
              6      -7.7750621      0.94381022      0.79120237      -13.008929      0.40230658       8.7863848       6.1830445   9.7964972e-14       2.5252628      0.74189751       0.74189751      -17.033919      -17.033919
              6      -7.9152941      0.90623056      0.92000073      -12.971804      0.37583141       8.0580611       8.3176516   1.0670764e-13       2.3759178      0.47553509       0.47553509      -16.781658      -16.781658
              4      -8.1214146      0.84636784       1.0177324      -12.940975      0.40102744       7.0204968       10.416753   1.1455799e-13        2.517836      0.28090274       0.28090274      -16.804635      -16.804635
              1       -6.727907      0.79375821        1.136919      -12.907149      0.42680362       6.2195391       13.706262   1.2383726e-13        2.671798      0.15858391       0.15858391      -13.772982      -13.772982
              9      -6.8012738      0.79486983       1.1374883        -12.9069      0.42577889       6.2354792       13.724239   1.2390826e-13       2.6655013      0.15881909       0.15881909      -13.920186      -13.920186
              3      -6.3321161      0.79050566       1.0122969      -12.962266      0.59932988       6.1731334       10.287192   1.0907724e-13       3.9749336      0.23685081       0.23685081      -13.137934      -13.137934
             11      -8.2505157      0.84319028      0.97284058      -12.964495      0.52324825       6.9693179       9.3937842    1.085188e-13       3.3361706      0.28985014       0.28985014      -17.080732      -17.080732
              2      -8.1129383      0.83754948      0.96321558      -12.969032      0.52179091       6.8793829       9.1878856   1.0739107e-13       3.3249943      0.31000682       0.31000682       -16.84589       -16.84589
              3       -6.903745      0.92804536      0.96307637      -12.952811      0.49760367       8.4731592       9.1849409   1.1147788e-13       3.1448771      0.30892487       0.30892487       -14.42534       -14.42534
              5       -7.453664      0.91213037      0.74805355      -12.996918      0.49222823       8.1682753       5.5982662   1.0071221e-13       3.1061915      0.65582996       0.65582996      -16.218988      -16.218988
              5       -7.585948      0.90339102      0.81064996      -12.979006      0.50740744       8.0055472       6.4662122   1.0495276e-13       3.2166769      0.49903362       0.49903362      -16.169963      -16.169963
              7      -7.2384293      0.90101698      0.81099267      -12.977541      0.50526137       7.9619048       6.4713169    1.053075e-13       3.2008209      0.49310435       0.49310435      -15.463067      -15.463067
              2      -6.7824699      0.85095706      0.74574629       -12.98435      0.57465265       7.0950761       5.5686035   1.0366928e-13       3.7553692      0.54679401       0.54679401      -14.658528      -14.658528
              1      -6.3723791      0.83266306      0.74713346       -12.98501      0.58926461        6.802414       5.5864184   1.0351175e-13       3.8838694      0.54005127       0.54005127      -13.824861      -13.824861
              3      -7.4062504      0.81534887      0.78742639      -12.975034      0.62620012       6.5365543       6.1295189   1.0591702e-13       4.2286343      0.44546273       0.44546273      -15.703426      -15.703426
              6      -6.7949418      0.74618638      0.94284556      -12.927171      0.72699834       5.5742492         8.76689   1.1825753e-13       5.3333285      0.17976101       0.17976101      -13.949406      -13.949406
              4      -7.3705366       0.7387021      0.91280634      -12.935992      0.73636848       5.4790101        8.180999   1.1587995e-13       5.4496484      0.22726787       0.22726787      -15.195609      -15.195609
              2      -7.5534804      0.76657457      0.74739653      -12.998334       0.6541777       5.8421752       5.5898033   1.0038439e-13        4.510012      0.58774989       0.58774989      -16.282461      -16.282461
              5      -7.2486282      0.76814313      0.76628846      -12.996681      0.66045779       5.8633137       5.8383276   1.0076716e-13       4.5757026      0.55666418       0.55666418      -15.610585      -15.610585
              6      -7.6382882       0.7606834      0.79182092      -12.993052      0.66018885       5.7634616        6.191857   1.0161279e-13         4.57287      0.51401887       0.51401887      -16.304614      -16.304614
              5       -7.743003      0.75907788      0.79566809      -12.990084      0.65386818       5.7421943       6.2469508   1.0230939e-13       4.5067989       0.4985701        0.4985701      -16.483146      -16.483146
              2      -7.6481284       0.7623922      0.79106079      -12.990792      0.64772873       5.7861835       6.1810291   1.0214276e-13       4.4435363      0.50589317       0.50589317      -16.308043      -16.308043
              6      -7.1323932      0.82311465      0.78404592      -12.989846      0.57526012       6.6544881        6.081993   1.0236548e-13       3.7606258       0.5167565        0.5167565      -15.298299      -15.298299
              1      -6.0969214      0.83685494      0.75703497      -12.995864      0.54861617       6.8683899       5.7152465   1.0095689e-13       3.5368462      0.58422266       0.58422266      -13.362288      -13.362288
              2       -7.560108       1.0298895      0.87711085      -12.974162      0.33639679       10.712468       7.5354788   1.0612988e-13       2.1696855      0.67399124       0.67399124      -16.468199      -16.468199
              1      -7.6603965      0.91740675       0.9085016      -12.964045       0.4966342       8.2681195       8.1003092   1.0863136e-13       3.1378646       0.3728991        0.3728991      -16.066591      -16.066591
              3      -8.0323418      0.95515558       1.1542486      -12.912389      0.47588746       9.0189418       14.264238   1.2235189e-13       2.9914893      0.19802392       0.19802392      -16.460732      -16.460732
              3      -8.1706487       1.0472154       1.1344232      -12.915423      0.34640993       11.148475        13.62772   1.2150025e-13       2.2202912      0.41680445       0.41680445      -17.174906      -17.174906
              7      -8.2518301      0.99634779       1.1114359      -12.922416      0.40754623       9.9162574        12.92516   1.1955959e-13       2.5559139      0.30974857       0.30974857      -17.123157      -17.123157
             10      -7.5306182       1.0774977       1.0469561      -12.950362      0.26520322       11.953572       11.141818    1.121084e-13       1.8416336      0.65787427       0.65787427      -16.376985      -16.376985
              1      -7.9919944       1.0856468       1.0132469      -12.952144      0.25211975       12.179987        10.30972   1.1164939e-13       1.7869802      0.70450592       0.70450592      -17.393001      -17.393001
              5      -5.8830817      0.98513887       1.1914999      -12.894364      0.40092784       9.6635983       15.541749     1.27537e-13       2.5172586      0.25557366       0.25557366      -12.277311      -12.277311
              1      -8.2970659      0.88493629       1.2044582      -12.898574      0.57338922       7.6724893       16.012466   1.2630651e-13       3.7444602     0.089767277      0.089767277      -16.773666      -16.773666
              4      -8.4476636      0.87935312       1.2346328      -12.892276      0.55259569       7.5744851       17.164564   1.2815152e-13       3.5694039     0.094058017      0.094058017      -17.083443      -17.083443
              2      -8.0656169        0.861289       1.2733009      -12.883408      0.56631001       7.2658931        18.76294   1.3079514e-13       3.6839185     0.087068937      0.087068937      -16.305372      -16.305372
              1      -8.4958356      0.84191901       1.2692104      -12.886453      0.59768745       6.9489472       18.587048    1.298815e-13       3.9599295      0.07582201       0.07582201      -17.143315      -17.143315
              2      -8.4625858       0.8633775       1.1937297       -12.90809      0.47668614       7.3009185       15.621749   1.2356924e-13       2.9969958      0.14146638       0.14146638      -17.208104      -17.208104
              2      -8.3903284      0.90384093       1.3106989      -12.888111      0.51649696       8.0138449       20.450263   1.2938656e-13       3.2847094       0.1548263        0.1548263      -17.090309      -17.090309
              2      -7.6690777       1.0254648       1.1937778      -12.912827      0.37532453        10.60388       15.623482   1.2222869e-13       2.3731464       0.3616055        0.3616055      -16.061367      -16.061367
              8       -7.535137       1.0134658       1.2035898       -12.90992      0.39965831       10.314919       15.980479   1.2304954e-13        2.509911      0.32090191       0.32090191      -15.712078      -15.712078
              6      -7.6351694      0.99923377       1.1977449      -12.901308      0.36989503       9.9823724        15.76685   1.2551408e-13       2.3436623      0.31324234       0.31324234      -15.896823      -15.896823
              3      -7.6899937       1.1231592       1.2156608      -12.899195      0.14906228       13.278811       16.430877   1.2612603e-13       1.4094909      0.79543991       0.79543991      -16.970867      -16.970867
              2      -6.9848437       1.0771324       1.2031407      -12.910705      0.20332636       11.943523       15.963964    1.228272e-13       1.5970789      0.64650016       0.64650016      -15.262688      -15.262688
              4      -6.7232467       1.0764895       1.1727994      -12.918818      0.19978086       11.925854       14.886732     1.20554e-13       1.5840937      0.66130681       0.66130681      -14.769107      -14.769107
              1        -7.21689       1.0289133       1.1329401      -12.929942      0.26239289       10.688415        13.58126   1.1750551e-13       1.8297548      0.52497553       0.52497553      -15.483731      -15.483731
              5      -7.1658173       1.0249631       1.1353036      -12.928736      0.26137274       10.591636       13.655375   1.1783214e-13       1.8254618      0.51826013       0.51826013      -15.368155      -15.368155
              1      -6.8782225      0.78990959       1.1013075       -12.91698      0.69028003       6.1646665       12.627212   1.2106531e-13       4.9009473     0.086078371      0.086078371      -13.928602      -13.928602
              4      -6.8980725      0.76191419       1.0889113      -12.922016      0.71408212       5.7798183       12.271887   1.1966973e-13       5.1770471      0.10718369       0.10718369      -14.010512      -14.010512
              3      -8.1359464        0.540182       1.2478831      -12.861989       1.0783365       3.4688219       17.696326   1.3740756e-13       11.976681      0.52160876       0.52160876       -17.31511       -17.31511
              4      -6.5079262      0.49276257       1.2229056      -12.866206       1.1688489       3.1100156       16.707274   1.3607982e-13       14.751932      0.73433075       0.73433075      -14.484514      -14.484514
             15        -6.32831      0.40651718       1.2899085      -12.853262       1.2947795        2.549865        19.49434   1.4019669e-13       19.714217       1.1741286        1.1741286      -15.004877      -15.004877
              5      -4.7493474      0.38103961       1.2325318      -12.873745       1.3278138       2.4045821        17.08173   1.3373811e-13       21.272267       1.2987964        1.2987964      -12.096287      -12.096287
              3      -5.4163285       0.4404072       1.1998252      -12.872224       1.3105811       2.7568123       15.842555   1.3420714e-13       20.444718       1.1061774        1.1061774      -13.045012      -13.045012
              1      -7.7527339      0.48268592       1.1804455      -12.843519       1.1956348       3.0386866       15.151148   1.4337747e-13       15.690427      0.77070361       0.77070361      -17.046875      -17.046875
              5      -7.8178395      0.49126343       1.1718263      -12.845162       1.1636771       3.0992987       14.853415   1.4283617e-13       14.577299      0.69982874       0.69982874      -17.035336      -17.035336
              8      -5.6100535      0.63620288       1.1640269      -12.827966      0.98655787       4.3271593       14.589047   1.4860535e-13       9.6952246      0.24245889       0.24245889      -11.705025      -11.705025
              5       -8.304299      0.75793998       1.1455367      -12.834414       0.8587227       5.7271687       13.980952   1.4641525e-13       7.2230846     0.051493071      0.051493071      -16.711584      -16.711584
              5      -7.9613712      0.76441508       1.1602757      -12.830103      0.85335716       5.8131975       14.463578   1.4787564e-13       7.1343952     0.047117379      0.047117379      -16.016977      -16.016977
              1      -8.4366335      0.75616239       1.1500454      -12.833636      0.87946589       5.7037751       14.126851   1.4667774e-13       7.5764522     0.065898827      0.065898827      -17.005065      -17.005065
              8      -8.4918848      0.72511461        1.164971      -12.831748      0.91772299       5.3102456       14.620794   1.4731667e-13       8.2741424      0.10935035       0.10935035       -17.20247       -17.20247
              7      -8.3690076      0.69849532        1.185268      -12.829923      0.95789035        4.994538       15.320325   1.4793721e-13       9.0759134      0.16411368       0.16411368      -17.066243      -17.066243
             12      -8.3537317      0.67834773       1.1856569      -12.830631      0.98100185       4.7681261        15.33405   1.4769615e-13       9.5719814      0.20189534       0.20189534      -17.111254      -17.111254
             18      -8.5244956      0.69794252       1.1779704      -12.830811      0.96995374       4.9881846       15.065044   1.4763477e-13       9.3315491      0.17470022       0.17470022      -17.398392      -17.398392
              2      -8.4976328      0.69170735       1.1717898      -12.830981      0.97143787       4.9170809       14.852164   1.4757727e-13       9.3634925      0.17941595       0.17941595      -17.354098      -17.354098
              6      -8.4073127      0.69656442       1.1615336      -12.832847      0.96057736       4.9723813       14.505531   1.4694424e-13       9.1322409       0.1641511        0.1641511      -17.142928      -17.142928
              3      -7.4709751      0.64530103        1.127243      -12.830174      0.98497565       4.4187663       13.404265   1.4785164e-13       9.6599671      0.22853888       0.22853888      -15.399028      -15.399028
             17      -7.4391659      0.64444356       1.0790258      -12.841822      0.96703875       4.4100505       11.995705   1.4393884e-13       9.2691251      0.21745974       0.21745974      -15.313251      -15.313251
              5      -7.5199004      0.63493702       1.0797769      -12.846757      0.97237512        4.314565        12.01647   1.4231258e-13       9.3837217      0.23473895       0.23473895      -15.509279      -15.509279
              2      -7.4822588      0.63261894       1.0785935      -12.852473      0.98507644       4.2915971       11.983771   1.4045176e-13       9.6622092      0.25363038       0.25363038      -15.471778      -15.471778
              6      -7.4926979      0.40949586       1.1673008      -12.833652       1.2997642       2.5674137        14.69944   1.4667237e-13       19.941793       1.1228761        1.1228761      -17.231148      -17.231148
              1       -7.169031      0.42478216       1.1502788      -12.836912       1.2779988       2.6593908       14.134446   1.4557551e-13       18.967005       1.0411103        1.0411103      -16.420283      -16.420283
              3      -7.1020265       0.4252031       1.1488393      -12.838598       1.2737037       2.6619697       14.087675   1.4501143e-13       18.780353       1.0320142        1.0320142      -16.268081      -16.268081
              5      -6.1097982      0.41192209       1.1393515      -12.832973       1.2523099        2.581797       13.783245   1.4690182e-13       17.877629       1.0198576        1.0198576      -14.259312      -14.259312
              3       -5.946162      0.44754213       1.0994773      -12.834794       1.2035782       2.8024775       12.574112   1.4628696e-13       15.980052      0.84956791       0.84956791       -13.59146       -13.59146
             25      -7.6587596      0.44921575       1.1445811      -12.812264       1.3031022       2.8132981        13.95022   1.5407643e-13       20.095657       1.0363292        1.0363292      -17.390178      -17.390178
              1      -8.0794152      0.57648577        1.131177      -12.812485       1.1498691       3.7712539       13.526238   1.5399781e-13       14.121118      0.52767606       0.52767606      -17.214182      -17.214182
              3      -8.1196971      0.63095834       1.1373929      -12.837824       1.0128361       4.2752188       13.721224   1.4527016e-13       10.299972      0.27561616       0.27561616      -16.790627      -16.790627
              8      -8.0924127      0.61123366       1.1555115      -12.836781       1.0306745       4.0853913       14.305779   1.4561924e-13       10.731848      0.32008206       0.32008206       -16.82499       -16.82499
              5      -7.9949998      0.58614214       1.1564153      -12.834147       1.0646729       3.8560454        14.33558   1.4650524e-13       11.605742      0.39372405       0.39372405      -16.777448      -16.777448
              1       -7.903613       0.6099522       1.1085263      -12.841638       1.0197571       4.0733545       12.838856   1.4399996e-13        10.46543       0.3087975        0.3087975      -16.424821      -16.424821
              1      -7.4663437      0.73503147       1.0825019      -12.900666       0.7513641        5.432897       12.092105   1.2569968e-13       5.6411039     0.081757329      0.081757329      -15.096202      -15.096202
              1      -8.0802174      0.72448768       1.0958493      -12.913077      0.76011782       5.3025855       12.469508   1.2215823e-13       5.7559607      0.11237421       0.11237421      -16.385183      -16.385183
              3      -8.3258067       1.0028488       1.2893248      -12.877576      0.45407261       10.065811       19.468157   1.3256361e-13       2.8449367      0.24925191       0.24925191      -17.150117      -17.150117
              3      -2.7246469       0.6887351        1.386812      -12.846976      0.91064948       4.8835439       24.367557   1.4224062e-13       8.1404699      0.25015241       0.25015241      -5.9495987      -5.9495987
              2      -8.0918779      0.67220845       1.2703493      -12.864023      0.88365601        4.701197       18.635855   1.3676557e-13       7.6499044       0.1724088        0.1724088      -16.528573      -16.528573
              5      -8.2836599      0.69393643       1.3016011      -12.873622       0.8747499       4.9423833       20.026316   1.3377585e-13       7.4946248      0.17734342       0.17734342      -16.922007      -16.922007
              3      -6.8966388      0.66685803       1.4201724      -12.855651      0.83550409       4.6436345       26.313121   1.3942774e-13       6.8470593      0.25552284       0.25552284      -14.304323      -14.304323
              3      -6.5299549      0.57773817       1.4368401      -12.853749      0.94250895        3.782145       27.342621   1.4003979e-13       8.7600977      0.45041664       0.45041664      -13.960743      -13.960743
              2      -7.8839689      0.57244222       1.3650605      -12.878473      0.96779699       3.7363041       23.177177   1.3228987e-13       9.2853225       0.4369359        0.4369359       -16.64181       -16.64181
              3       -8.256685      0.64586447       1.3265967       -12.88282      0.85047798       4.4245027       21.212739   1.3097248e-13       7.0872538      0.23133796       0.23133796      -16.976046      -16.976046
              1       -8.125995      0.65660122         1.31357      -12.886193      0.83421304       4.5352499       20.585908   1.2995929e-13       6.8267349      0.20763427       0.20763427      -16.667259      -16.667259
              4      -8.5195711      0.69380373       1.3662796      -12.876107      0.76234192       4.9408734       23.242325   1.3301279e-13       5.7855136      0.17269944       0.17269944      -17.384541      -17.384541
              6      -8.1764972      0.70432249       1.4337747      -12.871656      0.77521993       5.0620041       27.150306   1.3438281e-13       5.9596386      0.22935643       0.22935643      -16.811707      -16.811707
              2      -8.5378178      0.71616202       1.3616131      -12.877189      0.73281561       5.2019002       22.993927   1.3268162e-13       5.4052479      0.14815688       0.14815688      -17.371949      -17.371949
              7      -7.2963738      0.80033449       1.3112642      -12.895675      0.59034645       6.3144348       20.476898   1.2715256e-13       3.8935563      0.11416914       0.11416914      -14.821086      -14.821086
              1        -8.37272      0.83164969       1.3547758      -12.879441      0.54493595       6.7865599       22.634757   1.3199534e-13       3.5070015       0.1372643        0.1372643      -17.019969      -17.019969
              7      -8.2715675      0.82057098       1.3003895      -12.882672      0.56278205       6.6156265       19.970525   1.3101704e-13       3.6541136     0.095331498      0.095331498      -16.733798      -16.733798
              1      -7.7215565      0.92665253       1.2880176      -12.878486      0.38542811       8.4460283       19.409647    1.322859e-13       2.4290033      0.23426851       0.23426851       -15.91165       -15.91165
              2      -7.9189948      0.86509159       1.1616427      -12.890515      0.34823745        7.329791       14.509176   1.2867235e-13       2.2296539      0.21110635       0.21110635      -16.260202      -16.260202
             13      -7.8702022      0.86880954       1.1622232      -12.889094      0.34436554       7.3928099       14.528582   1.2909384e-13       2.2098639      0.21428502       0.21428502      -16.168974      -16.168974
              1      -7.7804557      0.86070272       1.1488166      -12.889544      0.34687498       7.2560911       14.086937   1.2896033e-13       2.2226699      0.20811399       0.20811399      -15.977139      -15.977139
              7      -8.3340075      0.71382141       1.0482755      -12.937009      0.69500592       5.1739403       11.175719   1.1560892e-13       4.9545694      0.17103372       0.17103372      -17.010082      -17.010082
             22      -7.5691047      0.60672643      0.90603501      -12.971174      0.84002694       4.0432112       8.0544337   1.0686273e-13       6.9187388      0.49154078       0.49154078      -16.121291      -16.121291
              2      -7.8834761      0.72977649       0.7598063      -13.009925       0.6577483       5.3675548       5.7518335   9.7740616e-14       4.5472445      0.63569115       0.63569115      -17.038335      -17.038335
              1      -6.9902045      0.83545361      0.55382476      -13.064859      0.38811479       6.8462634       3.5795197   8.6127271e-14       2.4440764       1.3525837        1.3525837      -16.685576      -16.685576
             12      -6.0520272      0.97488076      0.42963763      -13.101786      0.36628097       9.4380171         2.68929   7.9106789e-14         2.32424       1.9494962        1.9494962      -16.003047      -16.003047
              1      -6.3073715      0.99926197       0.4048945      -13.105845      0.33141279       9.9830207       2.5403555   7.8370885e-14       2.1449284       2.0985413        2.0985413      -16.811825      -16.811825
              1      -6.5120673       1.0560444        0.450402      -13.102646      0.22664815       11.377436        2.820993   7.8950275e-14       1.6851872       2.1756059        2.1756059      -17.375346      -17.375346
              4       -6.005694       1.0471111      0.42217518      -13.106412      0.22107117       11.145796       2.6434749   7.8268704e-14       1.6636853       2.2622758        2.2622758       -16.53594       -16.53594
              1      -5.9450717       1.0674024      0.40032195      -13.112627      0.20745532       11.678913       2.5137492   7.7156513e-14       1.6123351       2.4082021        2.4082021      -16.706548      -16.706548
              2      -6.0349845       1.0832638      0.41837683      -13.116569      0.18457796       12.113336       2.6204558   7.6459375e-14       1.5296003       2.4518605        2.4518605       -16.97369       -16.97369
              3       -5.825697      0.98755037      0.31065088      -13.146293      0.28618853       9.7174066       2.0448002   7.1401466e-14       1.9328072       2.6772318        2.6772318      -17.005858      -17.005858
              6      -4.2077207      0.87678392      0.13878595      -13.193369      0.43712353       7.5298083       1.3765309   6.4066469e-14       2.7360469       3.3637835        3.3637835      -15.143008      -15.143008
              7      -4.0841676      0.92596466       0.1081817      -13.188243      0.41525603       8.4326613       1.2828672   6.4827141e-14       2.6016929       3.4677923        3.4677923       -15.10392       -15.10392
             13      -4.6461909      0.91252763      0.10921493      -13.185256      0.42710119       8.1757506       1.2859229   6.5274601e-14       2.6736293       3.4200231        3.4200231      -16.132428      -16.132428
             11      -5.1093214      0.96184066      0.17095509      -13.173672      0.35885866       9.1588439       1.4823648   6.7039137e-14       2.2848551       3.2122401        3.2122401      -16.643123      -16.643123
              6      -5.4602638      0.97641654      0.21990501      -13.161984      0.32136634       9.4714515        1.659224   6.8867739e-14       2.0958796       3.0145277        3.0145277      -16.949583      -16.949583
              4      -4.8338116      0.97070462      0.25034056      -13.155117      0.35700615       9.3476968       1.7796744   6.9965397e-14       2.2751296       2.8233259        2.8233259      -15.314275      -15.314275
              3      -5.6738667       1.0716031      0.50242287      -13.096469      0.21512415       11.792424       3.1799689    8.008135e-14       1.6410588       2.0603218        2.0603218      -15.468377      -15.468377
              9      -6.6190109       1.0418232      0.77197931      -13.014538      0.17776572       11.010909       5.9153345   9.6707922e-14       1.5057945       1.1730422        1.1730422      -15.584106      -15.584106
             10      -6.9976403       1.0527586      0.78939921      -13.012638      0.18738481       11.291682       6.1574262   9.7131881e-14       1.5395181        1.144532         1.144532      -16.284345      -16.284345
              4       -7.019296       1.0452235      0.78259737      -13.013138      0.18910456       11.097458       6.0617409   9.7020176e-14       1.5456265       1.1410862        1.1410862      -16.320764      -16.320764
              4      -6.6350742       1.0263382      0.76726697      -13.017948      0.20173699       10.625227       5.8514968   9.5951595e-14       1.5912448       1.1361991        1.1361991      -15.542547      -15.542547
              6      -6.0351771      0.92294133       0.8669775      -12.995537      0.44619369       8.3741614       7.3616895    1.010329e-13       2.7937895      0.55886824       0.55886824      -13.188091      -13.188091
              3      -7.3334852       1.0209785      0.77100305      -13.021016      0.26022662       10.494904       5.9020522   9.5276118e-14       1.8206506       1.0559764        1.0559764      -16.778923      -16.778923
              2      -6.4696902       1.0390894      0.77834751      -13.022257      0.22793634       10.941815        6.002712   9.5004279e-14       1.6901931       1.1215724        1.1215724      -15.182525      -15.182525
              2      -6.8784967       1.0796439      0.96385236       -12.97438      0.21429242        12.01279       9.2013672   1.0607672e-13        1.637919      0.84427233       0.84427233      -15.445538      -15.445538
              2      -6.5669146        1.055784      0.90452671      -12.982745      0.18157662       11.370616       8.0265092   1.0405301e-13       1.5190659      0.92608821       0.92608821      -14.986006      -14.986006
              2      -7.0502741       1.1352009      0.72602922      -13.025111      0.11376529       13.652145       5.3214406   9.4381911e-14       1.2994671       1.5463859        1.5463859       -17.19332       -17.19332
              3      -7.1378941       1.1337486      0.74211702      -13.022256       0.1169825       13.606567       5.5222622   9.5004362e-14       1.3091292       1.5027983        1.5027983      -17.281385      -17.281385
              1      -7.0634702       1.0932746      0.73187017      -13.030518      0.17287164         12.3958       5.3934936   9.3214234e-14        1.488921       1.3871163        1.3871163      -16.901173      -16.901173
              1      -7.1955108       1.0710576      0.72842353      -13.031262      0.20121063       11.777621       5.3508593   9.3054712e-14       1.5893174       1.3146829        1.3146829      -17.020387      -17.020387
              4      -6.8127111       1.0764905      0.69769866      -13.041383       0.1911818       11.925883       4.9853845   9.0911029e-14        1.553037       1.4329893        1.4329893      -16.491401      -16.491401
              1      -7.1427684         1.04335      0.70486712      -13.038427      0.23356469       11.049687       5.0683561   9.1531994e-14       1.7122402       1.2947882        1.2947882      -16.875113      -16.875113
              4      -7.0474549       1.0435347      0.71149639      -13.037561      0.23867218       11.054387       5.1463153   9.1714797e-14       1.7324958       1.2740547        1.2740547      -16.643019      -16.643019
              2       -7.035879       1.1055304      0.68235499       -13.04308      0.18358534       12.750592       4.8123254   9.0556621e-14       1.5261083       1.5255391        1.5255391      -17.122836      -17.122836
             10       -7.025349       1.1221269      0.67784171      -13.043687      0.16282833       13.247286       4.7625737   9.0430096e-14       1.4548839       1.5993208        1.5993208       -17.24934       -17.24934
              1      -5.4018681       1.0388071      0.69330768      -13.048786      0.23818944       10.934705       4.9352332   8.9374636e-14       1.7305711       1.3529775        1.3529775      -13.509691      -13.509691
              2      -7.1917046      0.84454802      0.61786729      -13.043375       0.5183737       6.9911404       4.1482727   9.0494984e-14       3.2989346       1.0275974        1.0275974      -16.438604      -16.438604
              1      -7.3064181      0.94338704      0.65363016       -13.04229      0.29926257       8.7778275       4.5043295   9.0721533e-14       1.9918772       1.1964995        1.1964995      -17.005835      -17.005835
              4       -7.360221      0.93555432      0.62663677       -13.05455      0.31799186        8.620934       4.2328879   8.8196304e-14       2.0796577       1.2787399        1.2787399      -17.277922      -17.277922
              3      -5.8234726      0.86357327      0.60737291      -13.049837      0.43087521       7.3042103       4.0492343   8.9158574e-14       2.6969644       1.1401737        1.1401737      -13.927293      -13.927293
              2      -5.7311406      0.85973746      0.61091883      -13.048423      0.43863689       7.2399816       4.0824308   8.9449223e-14       2.7455976        1.119291         1.119291      -13.700863      -13.700863
              5      -7.4638256      0.84400988      0.60435793      -13.057247      0.49585029       6.9824829       4.0212209   8.7650312e-14       3.1322058       1.1378027        1.1378027      -17.203257      -17.203257
              2      -7.3110978      0.77028927      0.64023612      -13.055259      0.55938074       5.8923599       4.3675322   8.8052437e-14       3.6256071       1.0380835        1.0380835      -16.698363      -16.698363
              1      -7.6523904      0.73630463      0.63973534      -13.048909      0.60173356       5.4488472        4.362499   8.9349352e-14       3.9969946       1.0041931        1.0041931      -17.313167      -17.313167
              5      -8.0265894      0.84965629      0.91304175      -12.970353      0.39588675       7.0738572       8.1854348   1.0706485e-13       2.4882084      0.43406033       0.43406033      -16.921299      -16.921299
              6      -8.0351513      0.85634285      0.93380452      -12.966824      0.39229035       7.1836117       8.5862696    1.079383e-13       2.4676886      0.41273576       0.41273576      -16.895774      -16.895774
              3      -7.7360508      0.91904702      0.97485782      -12.962057      0.33842635       8.2994062       9.4375185   1.0912959e-13       2.1798487      0.45538125       0.45538125      -16.382864      -16.382864
              2      -7.8172446      0.90186618      0.95594779      -12.965727      0.35291295       7.9774883       9.0354085   1.0821149e-13       2.2537874      0.45218501       0.45218501      -16.538859      -16.538859
             17      -7.8158274      0.91458897      0.93331712      -12.963279      0.33358286       8.2146482       8.5766387   1.0882301e-13       2.1556729      0.48558036       0.48558036      -16.602816      -16.602816
              3      -8.2035621      0.64395661       1.4263726      -12.871683      0.85245083       4.4051085       26.691479   1.3437464e-13        7.119522      0.30813215       0.30813215      -17.023389      -17.023389
              5       -7.634972      0.69648097       1.4429132      -12.883747      0.86200918       4.9714258        27.72766   1.3069325e-13       7.2779519      0.30244471       0.30244471      -15.874833      -15.874833
              6      -7.0922223      0.70216647       1.4386847      -12.886326      0.85182035       5.0369364       27.458999   1.2991952e-13       7.1091938      0.29140823       0.29140823      -14.767261      -14.767261
              1      -8.3881817      0.81161784       1.4176422      -12.871946       0.6528858       6.4806391       26.160267   1.3429331e-13        4.496616      0.15998677       0.15998677      -17.096337      -17.096337
              3      -7.1361622      0.84333954       1.4739128      -12.868051        0.572964       6.9717137       29.779187   1.3550294e-13       3.7407958      0.23605763       0.23605763       -14.74444       -14.74444
              1      -7.1380508      0.83823199       1.4818894       -12.86713      0.58155957       6.8902026       30.331188   1.3579071e-13       3.8155713      0.24145195       0.24145195      -14.759005      -14.759005
              1       -8.218734      0.75718514       1.4706531       -12.86335      0.75302188       5.7172232       29.556508   1.3697781e-13       5.6626782      0.23027404       0.23027404      -16.898016      -16.898016
              1      -6.2528959      0.75546342       1.6430757      -12.820372      0.67297428       5.6946026       43.961824   1.5122661e-13       4.7094943      0.45993695       0.45993695      -13.425666      -13.425666
              3      -6.8935471       0.8099802       1.6568386      -12.824088      0.61890976        6.456248        45.37729   1.4993802e-13       4.1582419      0.47926415       0.47926415      -14.745623      -14.745623
              4      -7.8475972       0.7468079        1.635034      -12.834861      0.68266652       5.5822322       43.155291   1.4626439e-13       4.8157786      0.45003827       0.45003827      -16.595271      -16.595271
              3      -5.1847386       0.8870689       1.9254513      -12.790465      0.52445807       7.7102578       84.227002   1.6200739e-13       3.3454772       1.1591874        1.1591874      -12.687852      -12.687852
              6      -5.4044634      0.82835323       1.8994949      -12.816542      0.59750317       6.7352424       79.340496   1.5256596e-13       3.9582495       1.0333163        1.0333163      -12.875559      -12.875559
              2      -5.6921541      0.82602946       1.9034584      -12.815915      0.60307454       6.6993004       80.067896   1.5278648e-13       4.0093553       1.0426269        1.0426269      -13.469562      -13.469562
              7      -5.8195796      0.81086225       1.8616495       -12.82868       0.6450874       6.4693739       72.719275   1.4836113e-13       4.4165932      0.92575248       0.92575248      -13.490664      -13.490664
             31      -6.2714312      0.79513685        1.864711      -12.814808      0.63494888       6.2393141       73.233709    1.531763e-13       4.3146828      0.93625881       0.93625881       -14.41538       -14.41538
              4      -6.9850257      0.82194862       1.5418891      -12.879444       0.6837824       6.6366454       34.824835   1.3199455e-13       4.8281682      0.32281414       0.32281414       -14.61568       -14.61568
              6      -7.5514733      0.80093477       1.5012854      -12.885094      0.73540327       6.3231688       31.716509   1.3028835e-13       5.4375501      0.28161465       0.28161465      -15.666176      -15.666176
             17       -7.599013        0.796196       1.4844135      -12.887067      0.74955981        6.254549       30.507981   1.2969803e-13       5.6177164      0.26672747       0.26672747      -15.731481      -15.731481
              1      -7.4268206      0.73632112      0.82673935      -12.969148      0.70873023       5.4490541       6.7102601   1.0736244e-13       5.1136409      0.39903948       0.39903948       -15.65172       -15.65172
             13      -7.2337299      0.76153374      0.67782623       -13.02959      0.60157989       5.7747574       4.7624039   9.3413562e-14       3.9955805      0.83512013       0.83512013        -16.1377        -16.1377
              9      -7.7018755      0.78145191      0.68744923      -13.033273      0.56333276        6.045774        4.869106   9.2624672e-14       3.6587502      0.84471729       0.84471729      -17.093186      -17.093186
             12      -7.5182131      0.64759027      0.91569833      -12.967613      0.74636009       4.4421198       8.2356586   1.0774252e-13       5.5764792      0.38864863       0.38864863      -15.813723      -15.813723
              1       -7.123051      0.67695391       0.9214291      -12.957944      0.74267104       4.7528479       8.3450531   1.1016805e-13       5.5293113      0.32541467       0.32541467      -14.896931      -14.896931
              4      -6.7972746      0.68302195      0.91853692      -12.958074      0.73263613       4.8197216       8.2896639   1.1013514e-13       5.4030145      0.32073959       0.32073959      -14.236028      -14.236028
              4      -7.1242216      0.74600171      0.80862153      -13.002164      0.65566755       5.5718795       6.4360814   9.9503063e-14       4.5255102      0.53847176       0.53847176      -15.325387      -15.325387
              7      -7.7273112      0.65652015      0.92849908      -12.978442      0.73476141       4.5344033       8.4820159    1.050892e-13       5.4295196      0.40701209       0.40701209      -16.268647      -16.268647
             11       -7.699621       0.6550698        0.931485      -12.977807      0.73711634       4.5192857       8.5405335   1.0524292e-13       5.4590408      0.40460728       0.40460728      -16.208457      -16.208457
             15      -8.2081853      0.82947433       1.1564906      -12.911834      0.44421801       6.7526514       14.338067    1.225085e-13        2.781109      0.15679364       0.15679364      -16.729958      -16.729958
              1      -6.1655542      0.87548795      0.99086415      -12.930577      0.34110283       7.5073722       9.7918364   1.1733382e-13       2.1933242      0.33066623       0.33066623      -12.992441      -12.992441
              1      -6.2972843      0.96994995      0.88946965      -12.967834      0.20742796       9.3314677       7.7529976   1.0768779e-13       1.6122336      0.73943822       0.73943822      -14.073445      -14.073445
              1      -7.3195115       1.0248179       1.0487073       -12.92138      0.18564594       10.588097       11.186837   1.1984505e-13       1.5333664      0.61842408       0.61842408      -15.875871      -15.875871
              3      -6.8242295       1.0367086       1.0341553      -12.932193       0.1602193       10.881996       10.818209   1.1689809e-13       1.4461699      0.70551262       0.70551262      -15.059484      -15.059484
              1      -6.2525521      0.96108004       1.5962495      -12.831502      0.46187374       9.1428172       39.468396   1.4740005e-13       2.8965014       0.5076328        0.5076328       -13.52037       -13.52037
              2      -7.6211234      0.97929347        1.551051      -12.843803      0.44359081       9.5344022       35.567308   1.4328363e-13       2.7770954      0.47138723       0.47138723      -16.185021      -16.185021
              6      -8.0692408      0.97464354        1.528914      -12.852207      0.43694087       9.4328632       33.799789   1.4053762e-13       2.7348963      0.44442395       0.44442395      -17.027329      -17.027329
              4      -6.6228109      0.57741468        1.688575      -12.847388      0.93345661       3.7793289       48.817434   1.4210578e-13       8.5793939      0.82131084       0.82131084      -14.888243      -14.888243
             10      -6.9070071      0.64021188       1.5214588      -12.889566      0.94981414       4.3672885       33.224525   1.2895382e-13        8.908696      0.52513134       0.52513134      -14.864277      -14.864277
              2       -7.190462      0.69061475       1.4333154      -12.883725      0.85536998       4.9047259       27.121607   1.3069967e-13       7.1675376      0.29199111       0.29199111      -14.964906      -14.964906
              3      -7.4290895      0.71605105       1.6658318      -12.849555       0.7702553       5.2005712       46.326749   1.4139867e-13       5.8918991      0.54371172       0.54371172      -15.945603      -15.945603
              1      -7.0033488      0.70244211       1.6727802       -12.84848      0.79225038       5.0401343       47.073903   1.4174898e-13       6.1979829      0.57267111       0.57267111       -15.15204       -15.15204
             18      -6.1671659      0.83642692       1.9003545      -12.781726      0.54395565        6.861624       79.497681   1.6530062e-13       3.4990943       1.0749689        1.0749689       -14.48427       -14.48427
              2      -6.1731426      0.84132655       1.9213021      -12.776441        0.538342        6.939474       83.426131   1.6732428e-13       3.4541564       1.1407623        1.1407623       -14.62781       -14.62781
             12      -4.8122936      0.86321746       1.9755372       -12.76667      0.52797863       7.2982285       94.522938   1.7113138e-13       3.3727071       1.3174647        1.3174647      -12.259517      -12.259517
             11      -6.0956384      0.69851256       1.6136074      -12.838463      0.78646574       4.9947363       41.077821    1.450564e-13       6.1159755      0.46230052       0.46230052      -13.115878      -13.115878
              9      -6.9397608      0.80780401       1.5621189      -12.896127      0.73538179       6.4239774       36.485384   1.2702033e-13       5.4372811      0.38462116       0.38462116      -14.648764      -14.648764
             21      -6.2096328      0.76159669       1.4857148      -12.927517      0.85208814       5.7755944       30.599531   1.1816353e-13       7.1135788      0.39929639       0.39929639      -13.217858      -13.217858
             15      -6.7035482      0.92593952        1.784471      -12.830648       0.5128546       8.4321731       60.879494    1.476904e-13       3.2572763      0.81785628       0.81785628      -15.042809      -15.042809
              8       -4.325104      0.82447734        1.952177      -12.695397      0.41754265       6.6754007       89.572971   2.0165218e-13       2.6154273       1.4721625        1.4721625      -11.594533      -11.594533
              8      -5.5977641      0.86618634       1.7242597      -12.739841      0.34485321       7.3482909       52.998022   1.8203652e-13       2.2123468      0.87264168       0.87264168      -12.940812      -12.940812
              6       -5.051867      0.86961906       1.6293482      -12.723012      0.29415651       7.4066029       42.593976   1.8922932e-13       1.9685956      0.78752957       0.78752957      -11.678793      -11.678793
              1      -6.0256222      0.86676556       1.6611216       -12.71655      0.29475426       7.3580979       45.827021   1.9206577e-13        1.971307      0.85932699       0.85932699      -13.769898      -13.769898
              3       -6.617388      0.86221554       1.6781225      -12.734367      0.32585081       7.2814108        47.65654   1.8434563e-13       2.1176336      0.81138564       0.81138564      -14.857547      -14.857547
              7      -6.6281336      0.86204044       1.6778259      -12.734431      0.32622069       7.2784758       47.624002   1.8431859e-13       2.1194379      0.81021449       0.81021449      -14.876696      -14.876696
              4      -5.2441541      0.95565389       1.7433974       -12.71925       0.2534945        9.029296       55.385664   1.9087524e-13       1.7926459       1.1234876        1.1234876      -12.735283      -12.735283
              5      -5.4074114      0.95710616       1.7445076      -12.719063      0.25090396       9.0595403       55.527428   1.9095751e-13       1.7819846       1.1311167        1.1311167      -13.077056      -13.077056
              1      -4.3976583      0.96863299       1.6863867      -12.731169      0.23845058       9.3032136       48.572082   1.8570796e-13        1.731612       1.0111752        1.0111752      -10.817667      -10.817667
             24      -5.1382117      0.91583951       1.5921409      -12.731792      0.24080456       8.2383361        39.09677    1.854421e-13       1.7410232      0.79671608       0.79671608      -11.869856      -11.869856
              2      -5.3032361      0.95068757       1.7281389       -12.71045      0.20619568       8.9266307       53.473537   1.9478258e-13       1.6076655       1.1775275        1.1775275      -12.961527      -12.961527
             11      -5.7641951       0.9229134       1.8517416      -12.675931      0.24879895       8.3736229       71.079044   2.1089652e-13       1.7733683       1.4883711        1.4883711      -14.505132      -14.505132
             17      -5.7688215      0.90541142       1.8440939      -12.675764      0.26826118       8.0428768       69.838347   2.1097758e-13       1.8546466       1.4330336        1.4330336       -14.40371       -14.40371
              1        -5.89002       1.0772699       1.6793028      -12.716072     0.076980829       11.947304        47.78623   1.9227743e-13       1.1939354       1.4411462        1.4411462      -14.662332      -14.662332
              2      -6.0027199       1.0783334       1.6654704      -12.720481     0.072812051       11.976596       46.288211   1.9033502e-13       1.1825297       1.4134368        1.4134368      -14.832313      -14.832313
              1      -3.8502561       1.2105032       1.6601093      -12.720309    -0.044830082       16.236901       45.720319   1.9041065e-13      0.90192395       1.9204072        1.9204072      -11.541327      -11.541327
              7      -5.2239036       1.2314692       1.6192661       -12.71559     -0.10735495       17.039984       41.616555   1.9249094e-13      0.78098924       2.0628986        2.0628986      -14.573605      -14.573605
              4      -4.7241264       1.2336119       1.6466629      -12.707176     -0.10381259       17.124263        44.32644   1.9625664e-13       0.7873855       2.1305107        2.1305107      -13.709274      -13.709274
             41      -4.9552161       1.2294487       1.6003729      -12.720088     -0.10174952       16.960894       39.844915   1.9050726e-13      0.79113478       2.0004224        2.0004224      -13.911277      -13.911277
             23      -4.9372041       1.2293037       1.6004935      -12.720095     -0.10148354       16.955231       39.855982   1.9050431e-13      0.79161945       1.9995719        1.9995719      -13.873552      -13.873552
              5       -3.449137       1.2328068       1.5464923      -12.729947     -0.13924726       17.092547       35.195921   1.8623152e-13      0.72569268       1.9977456        1.9977456      -10.893765      -10.893765
              5      -5.1072891       1.0882208       1.7286823      -12.674247     0.025353092        12.25239        53.54048   2.1171573e-13       1.0601153       1.7914568        1.7914568      -13.797492      -13.797492
             20      -4.5918535       1.1602891       1.4042087      -12.735615     -0.12112142       14.464023       25.363474   1.8381653e-13      0.75662133       1.5958659        1.5958659      -12.375439      -12.375439
             13      -5.6720055      0.97093958       1.4826141      -12.693703     0.057652913       9.3527554       30.381845   2.0244047e-13       1.1419653       1.0951332        1.0951332      -13.534277      -13.534277
             13      -5.5540347      0.96823482        1.479267      -12.694743     0.061916924       9.2946882       30.148591   2.0195603e-13       1.1532326       1.0767119        1.0767119      -13.261493      -13.261493
             30      -5.6081163       0.9591489       1.5613796      -12.666301     0.062190525       9.1022529       36.423329   2.1562474e-13       1.1539594        1.278765         1.278765      -13.773763      -13.773763
             16      -5.5705227      0.95698081       1.5633106      -12.665568     0.065320486       9.0569259       36.585637   2.1598901e-13        1.162306       1.2764058        1.2764058      -13.693857      -13.693857
             19      -5.5873064      0.99207274       1.4786425      -12.679436      0.00698817       9.8191239       30.105268   2.0920127e-13        1.016221       1.2639435        1.2639435        -13.7025        -13.7025
             13      -5.3897981       1.0052471       1.2804504      -12.704142    -0.061085203       10.121551       19.074378   1.9763241e-13      0.86878997       1.1778366        1.1778366       -13.13527       -13.13527
              2      -4.7919936        1.117311       1.3166751      -12.693637     -0.16953642       13.101199       20.733618   2.0247091e-13      0.67680504       1.6774046        1.6774046      -12.938796      -12.938796
             39      -4.9208376       1.0817687       1.2698096      -12.679157     -0.16899431       12.071708       18.612708   2.0933561e-13      0.67765038       1.6341489        1.6341489      -13.109973      -13.109973
              4      -4.9452043       1.0818345       1.2687809      -12.679351     -0.16819255       12.073537       18.568676   2.0924212e-13      0.67890256        1.630874         1.630874      -13.152157      -13.152157
              1      -4.9302752       1.0861155       1.2568054      -12.681799     -0.17272286        12.19314       18.063646   2.0806581e-13      0.67185745       1.6359913        1.6359913      -13.132533      -13.132533
             14      -4.9614596       1.1151493       1.1539289      -12.720702     -0.19122814       13.036148       14.253743   1.9023826e-13      0.64383097        1.592993         1.592993      -13.108905      -13.108905
              3       -4.004272       1.2490588       1.0927607      -12.739543     -0.31490366       17.744297       12.381142   1.8216156e-13      0.48427978       2.2205444        2.2205444      -12.449633      -12.449633
              9      -3.9542973       1.2452499       1.1047374      -12.737675     -0.30840977       17.589352       12.727334   1.8294682e-13       0.4915755       2.1927631        2.1927631      -12.294121      -12.294121
              2      -4.0881423       1.2317007       1.1073866       -12.73628      -0.2969106       17.049072       12.805206   1.8353567e-13      0.50476519        2.124259         2.124259      -12.424803      -12.424803
             48      -4.4893929       1.2327899       1.1121797      -12.737175     -0.29876744       17.091884       12.947315    1.831578e-13      0.50261166       2.1307972        2.1307972       -13.24038       -13.24038
             11      -4.0017762       1.2268647       1.1533229      -12.730628     -0.27997074       16.860276       14.233867   1.8593964e-13      0.52484282       2.0732148        2.0732148      -12.149982      -12.149982
              2      -3.8602207       1.1660351       1.1968518      -12.729102     -0.22513802       14.656663       15.734458    1.865941e-13      0.59547288       1.7789504        1.7789504      -11.278342      -11.278342
             14      -3.3987732       1.1570552       1.2007104        -12.7283     -0.21811472       14.356718       15.874877   1.8693915e-13        0.605181       1.7424867        1.7424867       -10.28252       -10.28252
              7      -3.2809758       1.0127804       1.4054824      -12.702519    0.0056503963       10.298653       25.437966    1.983724e-13       1.0130955       1.1360516        1.1360516      -8.8340548      -8.8340548
             15      -4.6358218       1.0802786        1.500146      -12.647896     -0.10648319       12.030359        31.63341   2.2495912e-13      0.78255849        1.797732         1.797732      -12.867108      -12.867108
              7        -5.42924       1.0251418        1.569204      -12.671741    0.0028066668       10.595997       37.085485   2.1294102e-13       1.0064835       1.4654018        1.4654018      -13.789284      -13.789284
             10      -5.3009611       1.0221432       1.5500332       -12.67535      0.01052521       10.523087       35.484047   2.1117843e-13       1.0245313       1.4029663        1.4029663      -13.407855      -13.407855
              2      -5.4489412       1.0033495       1.6629626       -12.66389     0.056112439       10.077422       46.021694   2.1682547e-13       1.1379219       1.5170335        1.5170335      -13.931949      -13.931949
              3      -7.1558095      0.99399201       1.1018881      -12.873702      0.13382839       9.8626134       12.644104   1.3375139e-13       1.3609068      0.57578934       0.57578934      -15.463198      -15.463198
              6      -6.9995876       1.0091813       1.0697483      -12.878993      0.11307152       10.213658       11.742169   1.3213175e-13       1.2973929      0.64042596       0.64042596      -15.280027      -15.280027
              2      -6.6689755       0.9778047       1.1031344      -12.873064      0.13829875        9.501774       12.680443   1.3394794e-13       1.3749875      0.55012896       0.55012896      -14.438209      -14.438209
              8      -7.0900328      0.97364241       1.1482087      -12.860024      0.14973621       9.4111437       14.067232   1.3803067e-13       1.4116798      0.51423073       0.51423073      -15.208527      -15.208527
             18       -7.286234      0.91297425       1.3681185       -12.80941      0.24785077       8.1841627        23.34095   1.5509204e-13       1.7695008      0.40785727       0.40785727      -15.388183      -15.388183
              6      -5.2993558      0.89399056       1.3802678      -12.766946      0.21365942       7.8341262       24.003126   1.7102299e-13       1.6355334      0.49367225       0.49367225      -11.586056      -11.586056
              5       -4.886996      0.93359858       1.4171843      -12.765446      0.19129132       8.5821991       26.132702   1.7161454e-13       1.5534287      0.58950121       0.58950121      -10.952994      -10.952994
              5      -6.5422731       1.1827671       1.4501955      -12.806521     0.015735223       15.232356        28.19652   1.5612719e-13       1.0368961       1.2812955        1.2812955      -15.647137      -15.647137
              7      -6.9259999       1.0880059       1.3103748      -12.838583     0.085084964       12.246327       20.435005   1.4501639e-13        1.216424       0.8298208        0.8298208      -15.511641      -15.511641
              3      -6.8838615       1.0962679       1.4661623      -12.847701      0.19997018       12.481534       29.252451    1.420036e-13       1.5847844      0.79475727       0.79475727      -15.357238      -15.357238
              4      -7.6503572       1.0848182       1.4638784      -12.846304      0.22511075        12.15677       29.099024   1.4246105e-13       1.6792322      0.73473584       0.73473584      -16.770186      -16.770186
              6      -7.6602739       1.0846874       1.4632794      -12.846391      0.22549078       12.153109       29.058918   1.4243261e-13       1.6807023      0.73331141       0.73331141      -16.787171      -16.787171
              1      -7.8244237       1.0039621       1.5439453      -12.833542      0.34365648       10.091648       34.990113   1.4670954e-13       2.2062589      0.57363045       0.57363045      -16.796108      -16.796108
             15      -7.7955033       1.0025964       1.5445845      -12.833056      0.34684815       10.059963       35.041648   1.4687368e-13       2.2225326      0.56952579       0.56952579      -16.730058      -16.730058
              3      -8.3115998      0.96820525       1.3354336      -12.877924      0.38592083       9.2940553        21.64879   1.3245734e-13       2.4317607      0.29846958       0.29846958      -17.220139      -17.220139
              1      -8.3351717      0.93463074        1.343483      -12.880797      0.42870164       8.6026199       22.053776   1.3158389e-13       2.6835002      0.24352755       0.24352755      -17.157399      -17.157399
              2       -8.025436      0.97150421       1.0566755      -12.934841      0.28851004        9.364923       11.393982   1.1618743e-13       1.9431666      0.44541388       0.44541388        -16.9417        -16.9417
             11      -7.5349671       1.0232987      0.87673111      -12.993735      0.27551568       10.551124       7.5288928   1.0145307e-13       1.8858871      0.81195708       0.81195708      -16.693848      -16.693848
              3      -6.7737381       1.0411861      0.81316681       -12.99652      0.22599157       10.994769       6.5037945   1.0080445e-13       1.6826414      0.97466138       0.97466138      -15.496799      -15.496799
             18      -7.8161447      0.99975074      0.92433953       -12.97107      0.32695716       9.9942622       8.4011652   1.0688836e-13        2.123035      0.60054403       0.60054403      -16.833377      -16.833377
              3      -7.7481094      0.91604446      0.89525524      -12.980427      0.46018637       8.2422248       7.8569726   1.0461004e-13       2.8852694      0.46226755       0.46226755      -16.420754      -16.420754
              5      -8.1669711      0.82383784      0.86070354      -12.986799      0.55024254       6.6655785       7.2561047   1.0308633e-13       3.5501159      0.43484071       0.43484071      -17.203624      -17.203624
              1         -8.0753      0.87072732      0.82735626      -12.996744      0.48805296       7.4255277       6.7197987   1.0075263e-13        3.076472      0.54665363       0.54665363      -17.243907      -17.243907
              7      -7.0462929      0.86764945       1.0080845      -12.951113      0.37251243       7.3730886       10.187895    1.119146e-13       2.3578297      0.34588921       0.34588921      -14.784364      -14.784364
             11      -7.1523779      0.69852796        1.126522      -12.915974      0.67845061       4.9949134        13.38203   1.2134618e-13       4.7692558      0.11954033       0.11954033      -14.543836      -14.543836
              3      -4.7614877      0.72658213       1.2681837      -12.877079      0.66505415       5.3282198       18.543156   1.3271541e-13       4.6243868      0.07318741       0.07318741      -9.6693502      -9.6693502
             16      -8.1328142      0.59339313       1.2922143      -12.864679      0.98060919       3.9209665       19.598114   1.3655921e-13       9.5633311      0.35333357       0.35333357      -16.972295      -16.972295
              2      -7.7602693      0.64077692       1.4270585      -12.872974      0.95083982       4.3729742       26.733667   1.3397565e-13       8.9297608      0.38838734       0.38838734      -16.297313      -16.297313
              3      -7.5414712      0.64779475       1.4121504      -12.875045      0.95986167       4.4442118       25.831546    1.333383e-13       9.1172039      0.37688151       0.37688151      -15.836705      -15.836705
              2      -7.0543564      0.71373569       1.0890899      -12.904544      0.80682038       5.1729191       12.276933   1.2458227e-13       6.4094444      0.11940636       0.11940636      -14.347525      -14.347525
              1      -8.5992515      0.84784669       1.2453966      -12.896921      0.55695721       7.0444434       17.595298   1.2678837e-13       3.6054312      0.09461479       0.09461479      -17.387732      -17.387732
              1      -8.1319778      0.96097546       1.1602045      -12.909437      0.43051728       9.1406158       14.461204   1.2318636e-13       2.6947425      0.22953684       0.22953684      -16.723029      -16.723029
              9       -6.566599       0.8857395       1.4183324      -12.858037       0.6532976       7.6866924       26.201875   1.3866375e-13       4.5008817      0.16415689       0.16415689      -13.461512      -13.461512
              1      -5.8869845      0.73042051       1.2919194      -12.884545      0.86155819       5.3755203       19.584814   1.3045329e-13        7.270398      0.15528964       0.15528964      -12.084548      -12.084548
             14      -6.6476726      0.69002295      0.78119584      -12.994436      0.75671002        4.898047       6.0422103   1.0128934e-13       5.7109718      0.58115389       0.58115389      -14.457653      -14.457653
              3      -7.6066567      0.85386118      0.70299945      -13.038048      0.45824862       7.1426799       5.0466066   9.1611986e-14       2.8724245      0.90266833       0.90266833       -17.01865       -17.01865
              5      -7.0350878      0.88926087      0.50675846      -13.086188      0.37301995       7.7492714       3.2118737   8.1999742e-14       2.3605866       1.6068825        1.6068825      -17.283941      -17.283941
              1      -6.9086503      0.89047324      0.51264935      -13.084546      0.34099047       7.7709344       3.2557373     8.23103e-14       2.1927568       1.6172382        1.6172382      -17.051777      -17.051777
              6      -6.9104372       0.8910589       0.5110584      -13.084803      0.33991307       7.7814208       3.2438324   8.2261544e-14       2.1873237       1.6235974        1.6235974      -17.068069      -17.068069
              3      -6.5080399      0.95001522      0.66857048      -13.049868      0.30302336       8.9128217       4.6619808   8.9152279e-14       2.0092009       1.2139902        1.2139902       -15.44406       -15.44406
              6      -7.1095361       1.0917123       1.0051087      -12.963235      0.20916494       12.351289       10.118328   1.0883421e-13       1.6186947      0.81417496       0.81417496      -15.847422      -15.847422
              6       -7.782915       1.0907075       1.0818537      -12.940848      0.22215315       12.322746        12.07407   1.1459149e-13       1.6678353      0.70480699       0.70480699      -16.975444      -16.975444
              6      -7.2949837       1.0998912       1.0572988      -12.949268      0.20152795       12.586101       11.410345   1.1239122e-13        1.590479      0.77973505       0.77973505      -16.149438      -16.149438
              3      -8.0284856       1.0643903       1.0737679      -12.940558      0.24811928       11.598192       11.851351   1.1466785e-13       1.7705952      0.62625706       0.62625706      -17.309485      -17.309485
              3      -7.8297311       1.0247432       1.2432779      -12.893751      0.31864757       10.586276       17.509669   1.2771701e-13          2.0828      0.40062181       0.40062181      -16.460706      -16.460706
             13      -5.4381043       1.1992147      0.98373655      -12.914012    -0.079560992       15.820301       9.6324454    1.218956e-13      0.83260499       1.4730034        1.4730034      -13.822215      -13.822215
              5      -5.1828415       1.2185056      0.98624302      -12.908531     -0.10788499        16.53886       9.6881984   1.2344361e-13      0.78003666       1.5770394        1.5770394      -13.519762      -13.519762
              5      -5.1063356       1.2189009      0.84890649      -12.927508     -0.14650598        16.55392       7.0616548    1.181658e-13      0.71366439       1.8161201        1.8161201      -13.844911      -13.844911
              5      -4.9071398       1.0780992      0.92865882      -12.900559     0.017110369        11.97014       8.4851362   1.2573053e-13       1.0401845       1.0179326        1.0179326      -11.850145      -11.850145
              1       -6.716126      0.99165121       1.0292285      -12.883837      0.12073547       9.8095981       10.696174   1.3066609e-13       1.3204911      0.62311196       0.62311196      -14.678476      -14.678476
              9      -3.5527726      0.96739577      0.87706821      -12.973403      0.19726047       9.2767482        7.534739   1.0631569e-13       1.5749272       0.7819598        0.7819598      -8.6694648      -8.6694648
              1      -3.6512288      0.94029004      0.76407445      -13.016904      0.25438594       8.7154546       5.8086398   9.6182457e-14       1.7963292      0.97036638       0.97036638      -9.2431904      -9.2431904
              3      -3.4160137      0.94656137      0.76412175      -13.017355      0.24773142        8.842221       5.8092725   9.6082606e-14       1.7690146       0.9864254        0.9864254      -8.8048783      -8.8048783
             25      -5.3866237       0.8171693       0.6384274      -12.998275      0.64823797        6.564011       4.3493804   1.0039793e-13       4.4487496      0.74217027       0.74217027      -12.257588      -12.257588
              6      -5.4293982      0.73239256      0.58404708      -13.038182      0.70713934       5.3999851       3.8374884   9.1583625e-14       5.0949431       1.0426121        1.0426121      -12.944021      -12.944021
             12      -5.3393165      0.73456529      0.58285963      -13.038206      0.70546451       5.4270684       3.8270103    9.157861e-14       5.0753327       1.0436982        1.0436982      -12.766029      -12.766029
             13      -6.8115495      0.70451756      0.69981177       -12.99727      0.74143349       5.0642782       5.0097005   1.0063062e-13       5.5135776      0.68509129       0.68509129      -14.993282      -14.993282
              5      -6.6403781      0.70764628      0.67369939      -13.003962      0.75186797       5.1008938       4.7173641   9.9091868e-14       5.6476525       0.7528871        0.7528871       -14.78653       -14.78653
              3      -6.7816845      0.71144869      0.65836532      -13.008226      0.74270667         5.14575       4.5537095     9.81238e-14       5.5297649      0.79065061       0.79065061       -15.14467       -15.14467
              2      -5.6030586      0.78020379      0.98759253      -12.925015      0.66357283        6.028424       9.7183499   1.1884608e-13       4.6086405      0.13512678       0.13512678      -11.476371      -11.476371
              9      -6.1641054      0.87040462       1.3052534      -12.874983      0.38013034       7.4200122       20.195444   1.3335743e-13        2.399553      0.21549819       0.21549819      -12.759207      -12.759207
             27      -7.7611865       0.8685641       1.3261453      -12.848858      0.36406105        7.388633       21.190699   1.4162562e-13       2.3123898      0.22109024       0.22109024      -15.964553      -15.964553
              5      -8.3680609      0.88119343      0.99197245      -12.953811      0.49442895       7.6066499       9.8168566   1.1122163e-13       3.1219716      0.27305251       0.27305251      -17.282227      -17.282227
              1      -8.3703558       0.8700634       1.0220779      -12.947078      0.51940619       7.4141847       10.521506   1.1295931e-13       3.3067868      0.22361768       0.22361768      -17.187947      -17.187947
