#        weight    minuslogpost         logphi0          loggst           logV0           logQ0            phi0             gst              V0              Q0   minuslogprior minuslogprior__0            chi2       chi2__stb
             10       15.668951      0.51458433       1.0765227      -12.770049       1.3602651       3.2702754       11.926765   1.6980536e-13       22.922665       1.0661182        1.0661182       29.205667       29.205667
              3      -2.7521855      0.49960361      0.98262005      -12.794516       1.2313583       3.1593927       9.6077136   1.6050325e-13       17.035632       0.8348382        0.8348382      -7.1740474      -7.1740474
              8      -3.1465665      0.49899001      0.98231866      -12.794467       1.2304101       3.1549321       9.6010484   1.6052129e-13        16.99848      0.83443631       0.83443631      -7.9620056      -7.9620056
              4      -5.8787219      0.68178672      0.92927795      -12.844304      0.91739865       4.8060326       8.4972414   1.4311847e-13       8.2679654      0.20085389       0.20085389      -12.159152      -12.159152
             17      -5.6506435       0.7598526      0.90626491      -12.832128      0.85822007       5.7524466       8.0586985   1.4718802e-13       7.2147297       0.1280924        0.1280924      -11.557472      -11.557472
              7       -5.365121      0.87042411      0.94089289      -12.831307      0.70407894       7.4203453       8.7275608   1.4746652e-13       5.0591661     0.050437204      0.050437204      -10.831116      -10.831116
             18      -6.1107723      0.81073576      0.93261211        -12.8221       0.7878783       6.4674899       8.5627273   1.5062589e-13       6.1359004     0.065888054      0.065888054      -12.353321      -12.353321
              5      -6.0067148      0.81817768      0.93114091      -12.821787      0.77882671       6.5792696       8.5337696   1.5073462e-13       6.0093391     0.063617837      0.063617837      -12.140665      -12.140665
             19      -5.6290052      0.73540083      0.90103659      -12.830024      0.86887247       5.4375196       7.9622644    1.479026e-13       7.3938812      0.14782675       0.14782675      -11.553664      -11.553664
              4       -5.642035      0.65800046       0.8340977      -12.824827      0.97669443       4.5498855       6.8249221   1.4968326e-13        9.477514      0.34862606       0.34862606      -11.981322      -11.981322
              6      -5.6171432       0.6581182      0.83354942      -12.824068      0.97624106       4.5511191       6.8163114   1.4994509e-13       9.4676252      0.34860905       0.34860905      -11.931504      -11.931504
              6      -4.5007522      0.52377697      0.83441645      -12.837958       1.1364951       3.3402346       6.8299332   1.4522516e-13       13.692889      0.73103178       0.73103178      -10.463568      -10.463568
              5       -3.694861      0.55493902      0.80087516      -12.865674        1.053691       3.5887154       6.3223009   1.3624678e-13        11.31595      0.61764814       0.61764814      -8.6250184      -8.6250184
              4      -1.5613038      0.64075941      0.80934238      -12.852606      0.95512935        4.372798        6.446773   1.4040881e-13       9.0183971      0.37925155       0.37925155      -3.8811107      -3.8811107
             26      -6.1100298      0.56932714      0.85973319      -12.885437       1.0195219       3.7096005       7.2399103   1.3018574e-13       10.459764      0.52028893       0.52028893      -13.260637      -13.260637
              9      -6.1851215      0.57587671      0.85910299      -12.884596        1.019342       3.7659687       7.2294123   1.3043795e-13       10.455434       0.5099999        0.5099999      -13.390243      -13.390243
              5      -6.1699942      0.57605079      0.85910401      -12.884626        1.019431       3.7674785       7.2294293   1.3042897e-13       10.457576      0.50989623       0.50989623      -13.359781      -13.359781
             17       -6.824987      0.63812922      0.90761836      -12.899629       0.9134063       4.3463952       8.0838521   1.2600008e-13       8.1923085       0.3150202        0.3150202      -14.280014      -14.280014
              6      -6.9289137      0.63334836      0.91091589      -12.896162      0.92977568       4.2988111       8.1454651   1.2701008e-13       8.5069853      0.32513251       0.32513251      -14.508092      -14.508092
              1      -5.2829756      0.66177988      0.89068303      -12.900889      0.87517258       4.5896533        7.774689   1.2563508e-13       7.5019227      0.27900665       0.27900665      -11.123965      -11.123965
             29        -5.89289      0.56535961      0.87521878      -12.918227      0.97366674       3.6758655       7.5027206   1.2071831e-13       9.4116711      0.52408406       0.52408406      -12.833948      -12.833948
              8        -5.50641      0.53349409      0.87289608      -12.914858        1.015652        3.415813       7.4627017   1.2165848e-13       10.366973      0.61366617       0.61366617      -12.240152      -12.240152
             53      -6.2734448      0.59666654      0.86760289      -12.912445      0.94925218       3.9506316       7.3722982   1.2233622e-13       8.8971759      0.45124059       0.45124059      -13.449371      -13.449371
             11      -5.6215499      0.59486307      0.86712338      -12.912788      0.94630353       3.9342601       7.3641628   1.2223974e-13        8.836973      0.45203972       0.45203972      -12.147179      -12.147179
              6      -6.9582824      0.61576132      0.88301608      -12.926367      0.91843674       4.1282056       7.6386406   1.1847678e-13       8.2877518      0.41947126       0.41947126      -14.755507      -14.755507
             13      -6.9581713      0.61584868      0.88116574      -12.926629      0.91817388       4.1290361        7.606165   1.1840514e-13       8.2827371      0.42131092       0.42131092      -14.758964      -14.758964
             19      -6.7312624      0.62160797      0.88353652      -12.927204      0.91352591        4.184157          7.6478   1.1824849e-13       8.1945651      0.41033138       0.41033138      -14.283188      -14.283188
              7      -6.5924122      0.60577812      0.88240821      -12.912839      0.95064994       4.0343922       7.6279566   1.2222513e-13       8.9258574      0.42929769       0.42929769       -14.04342       -14.04342
             45      -6.6405702      0.50994965      0.89501309      -12.916217       1.0469017       3.2355614        7.852593   1.2127825e-13       11.140423      0.67673204       0.67673204      -14.634604      -14.634604
             14      -5.5788106      0.58597799      0.83413949      -12.899994      0.98134709       3.8545882       6.8255788   1.2589436e-13       9.5795937      0.50325126       0.50325126      -12.164124      -12.164124
             24      -6.1546355      0.58073803      0.83274475      -12.914833      0.97339244       3.8083603       6.8036936   1.2166536e-13       9.4057286      0.53317505       0.53317505      -13.375621      -13.375621
              9      -5.9696521      0.59596386      0.85910804      -12.913324      0.94851965       3.9442448       7.2294963   1.2208876e-13       8.8821817      0.46085017       0.46085017      -12.861004      -12.861004
              4      -5.5113252      0.59198864       0.8565039      -12.914983      0.94862204       3.9083068        7.186276    1.216234e-13       8.8842759      0.47205867       0.47205867      -11.966768      -11.966768
             12      -5.9012044      0.70751311      0.89509739      -12.867662      0.88396772       5.0993299       7.8541174   1.3562448e-13       7.6553971      0.19937069       0.19937069       -12.20115       -12.20115
             73       -6.024474      0.70500794      0.89432716      -12.867853      0.88590963       5.0699997       7.8402004   1.3556487e-13       7.6897041      0.20312273       0.20312273      -12.455194      -12.455194
              3      -6.3585183      0.69013599      0.89458444      -12.869579      0.88687325        4.899322       7.8448463   1.3502715e-13       7.7067852      0.21561966       0.21561966      -13.148276      -13.148276
             11      -5.5949186       0.6714238       1.0624236      -12.858334       0.9455363       4.6927109        11.54579   1.3856889e-13       8.8213753      0.18516699       0.18516699      -11.560171      -11.560171
             27       -7.612277      0.74964653       1.0259377      -12.875452      0.80997043       5.6188382       10.615432   1.3321356e-13       6.4561027     0.071944934      0.071944934      -15.368444      -15.368444
             40       -7.346233      0.74913656       1.0208541      -12.869927      0.82209226       5.6122441         10.4919   1.3491908e-13       6.6388409     0.073344521      0.073344521      -14.839155      -14.839155
              3      -8.4779325       0.7836618       1.0866701      -12.927324      0.64169797       6.0766161       12.208719   1.1821588e-13       4.3822583      0.11273953       0.11273953      -17.181344      -17.181344
              2      -8.0701543       0.8810734       1.0902913      -12.919549      0.53360368       7.6045478       12.310943   1.2035143e-13       3.4166751      0.13474392       0.13474392      -16.409796      -16.409796
              2      -6.9181623      0.90722972       1.0904073      -12.931675      0.51974629       8.0766214       12.314232   1.1703754e-13       3.3093774       0.1834984        0.1834984      -14.203321      -14.203321
             19      -8.1991145       1.0058294       1.0457716      -12.946322      0.34216581       10.135133       11.111473   1.1315623e-13       2.1986992      0.45516165       0.45516165      -17.308552      -17.308552
              8      -8.2251714       1.0099722       1.0401939      -12.944252      0.34275068       10.232275       10.969679   1.1369666e-13       2.2016622      0.45499403       0.45499403      -17.360331      -17.360331
              4      -7.5221479       1.0052766       1.0268437      -12.927927      0.18883616       10.122239       10.637602   1.1805198e-13       1.5446716      0.61122334       0.61122334      -16.266743      -16.266743
              1      -7.2681526       1.0018966       1.0348997      -12.930472       0.1978959       10.043767       10.836767   1.1736205e-13       1.5772332      0.59718041       0.59718041      -15.730666      -15.730666
              2      -7.5317111       1.0018447       1.0312793      -12.931032      0.20224354       10.042567       10.746804   1.1721077e-13       1.5931018      0.59301611       0.59301611      -16.249454      -16.249454
              3      -7.3266178      0.99589149       1.0295496      -12.928849       0.1970779       9.9058441       10.704087    1.178016e-13       1.5742652      0.58916594       0.58916594      -15.831567      -15.831567
             30       -7.732331       1.0198658       1.0204225      -12.940451      0.22283372       10.468049       10.481478    1.146963e-13       1.6704509      0.61283538       0.61283538      -16.690333      -16.690333
              1      -7.0156626      0.99102275       1.0299657      -12.941403      0.23094624        9.795413       10.714347    1.144451e-13       1.7019478      0.56682241       0.56682241       -15.16497       -15.16497
             11      -7.7149407      0.97796186       1.0197085      -12.935393      0.24763436        9.505213       10.464258   1.1603968e-13       1.7686193      0.51690491       0.51690491      -16.463691      -16.463691
             30      -7.6847172      0.97849134       1.0200213      -12.934684      0.24598157       9.5168088         10.4718   1.1622941e-13       1.7619013      0.51772292       0.51772292       -16.40488       -16.40488
              2      -6.9702423      0.97885448      0.99904294      -12.932489      0.23230825       9.5247696       9.9779871   1.1681833e-13       1.7072938      0.53945966       0.53945966      -15.019404      -15.019404
              2      -6.9979851      0.98826304      0.99567452      -12.942717      0.21036079       9.7333656       9.9008965   1.1409935e-13        1.623158       0.6101939        0.6101939      -15.216358      -15.216358
             11      -7.6252821       1.0006283      0.99064148      -12.941156      0.21305153       10.014477       9.7868174   1.1451008e-13       1.6332457      0.61773917       0.61773917      -16.486043      -16.486043
              3      -8.1910375      0.77038155       0.9623013      -12.955866      0.64995077       5.8936121       9.1685635   1.1069651e-13       4.4663296      0.23581049       0.23581049      -16.853696      -16.853696
              7      -8.1631987      0.77107376      0.96186097      -12.956565      0.64863688       5.9030133       9.1592723   1.1051858e-13       4.4528378      0.23815905       0.23815905      -16.802716      -16.802716
             15      -7.4491192      0.73621363      0.95316859      -12.957968      0.64190603       5.4477056       8.9777723   1.1016209e-13       4.3843582      0.26006806       0.26006806      -15.418375      -15.418375
             33      -7.4352559      0.73598412      0.94069696      -12.953927      0.67692723       5.4448275       8.7236244   1.1119178e-13       4.7525558       0.2539746        0.2539746      -15.378461      -15.378461
              2      -7.9167913       1.0522087       1.0685217      -12.944081      0.27787307       11.277392        11.70905   1.1374163e-13       1.8961517      0.57967073       0.57967073      -16.992924      -16.992924
              7      -7.8344453       1.0733537       1.0746921      -12.941497      0.22654855       11.840055         11.8766   1.1442025e-13       1.6848008      0.67289754       0.67289754      -17.014686      -17.014686
              1      -8.0839122       1.0343852        1.076459      -12.935936      0.28176583       10.823936       11.925018   1.1589481e-13        1.913224      0.52596043       0.52596043      -17.219745      -17.219745
              2      -7.3253651       1.0629264       1.0700886       -12.93012      0.28862249       11.559164       11.751372    1.174572e-13       1.9436698      0.54438687       0.54438687      -15.739504      -15.739504
              1      -7.2933038      0.97252382      0.97731131      -12.942424      0.24633837       9.3869353       9.4909855   1.1417619e-13       1.7633494      0.55029478       0.55029478      -15.687197      -15.687197
              4      -7.9133716      0.85420725      0.97519795      -12.933444      0.60299209       7.1483737       9.4449127    1.165617e-13       4.0085942      0.17170835       0.17170835       -16.17016       -16.17016
             11      -7.7701755       0.8567926       1.0101311       -12.91344      0.61392633       7.1910549       10.236019   1.2205613e-13       4.1107998      0.10768246       0.10768246      -15.755716      -15.755716
              6      -7.8093808      0.86102764       1.0096824      -12.913091      0.62464675       7.2615217       10.225449    1.221544e-13       4.2135364        0.106645         0.106645      -15.832051      -15.832051
              5      -7.7986942      0.84399811       1.0287462       -12.91985      0.63015268       6.9822936       10.684303   1.2026795e-13       4.2672952      0.10983221       0.10983221      -15.817053      -15.817053
             20      -7.7681957      0.93400698       1.0023725      -12.931581      0.48777802       8.5902732       10.054779   1.1706275e-13       3.0745249      0.24055011       0.24055011      -16.017492      -16.017492
              5      -7.7307212      0.92712341       1.0012469      -12.933056      0.49101168       8.4551907       10.028753   1.1666594e-13       3.0975026      0.23795524       0.23795524      -15.937353      -15.937353
             16      -7.8797841      0.89813586       1.0020446      -12.911644       0.5788467       7.9092602       10.047189   1.2256197e-13       3.7918111      0.13185121       0.13185121      -16.023271      -16.023271
              7      -7.8273033      0.86660725      0.98615892      -12.913948      0.61742824       7.3554162       9.6863223   1.2191364e-13        4.144081        0.121272         0.121272      -15.897151      -15.897151
             25      -7.1873464      0.98807505       1.0633763      -12.888359      0.14807877       9.7291533       11.571143   1.2931265e-13       1.4063026      0.56970006       0.56970006      -15.514093      -15.514093
              3      -6.3380433       1.1288659        1.022392      -12.870697    -0.053164375       13.454449       10.529118   1.3468006e-13      0.88478067       1.1741968        1.1741968       -15.02448       -15.02448
             19      -5.5644322       1.1838405       1.0154627      -12.871191      -0.1184179       15.270053       10.362455   1.3452683e-13      0.76134605       1.4518705        1.4518705      -14.032605      -14.032605
              9      -5.9634979       1.1902714       1.0181211      -12.870765     -0.11116034       15.497848       10.426082   1.3465891e-13      0.77417592       1.4465877        1.4465877      -14.820171      -14.820171
              9      -5.8289034       1.1879836       1.0169705      -12.871763     -0.11787867       15.416424       10.398494   1.3434976e-13      0.76229194       1.4599762        1.4599762      -14.577759      -14.577759
              7      -6.1856535       1.1445971       1.0421206      -12.868921      -0.0657975       13.950736       11.018452   1.3523188e-13      0.85941415       1.2271399        1.2271399      -14.825587      -14.825587
              2      -4.9509819       1.1540352       1.0458427      -12.868647    -0.052869184       14.257233        11.11329    1.353171e-13      0.88538226       1.2145849        1.2145849      -12.331134      -12.331134
              2      -6.4698891       1.0399525       1.0550943      -12.859555     0.040260397       10.963583       11.352573   1.3817983e-13       1.0971358      0.80240191       0.80240191      -14.544582      -14.544582
             12      -5.6819639       1.0173693       1.0826162       -12.85642     0.081075546       10.408047       12.095287    1.391809e-13       1.2052456      0.68468661       0.68468661      -12.733301      -12.733301
              4      -6.8009824      0.99545942       1.0819325      -12.858387     0.096001076       9.8959939       12.076261   1.3855201e-13       1.2473866      0.63231354       0.63231354      -14.866592      -14.866592
              8       -6.029328       1.1954655      0.99396134      -12.882133     -0.11071116       15.684314        9.861917    1.311798e-13      0.77497704       1.4810136        1.4810136      -15.020683      -15.020683
              1      -5.9657977       1.1912861      0.99309137      -12.881698     -0.11492886         15.5341       9.8421815   1.3131112e-13       0.7674872       1.4818527        1.4818527      -14.895301      -14.895301
              3       3.2885637       1.1721858      0.99587541      -12.886451     -0.12180512       14.865716       9.9054774   1.2988203e-13      0.75543114       1.4621813        1.4621813       3.6527647       3.6527647
              1      0.70065991       1.1914277      0.99648091       -12.88337    -0.069143712       15.539167       9.9192974   1.3080668e-13      0.85281786       1.3698481        1.3698481      -1.3383764      -1.3383764
              2       3.2616747       1.0706935      0.87972029      -12.864706    -0.039119378       11.767752       7.5808917   1.3655076e-13      0.91386201       1.1170962        1.1170962       4.2891571       4.2891571
             12      -1.9507016       1.0292338      0.88449549      -12.871864    0.0039541022       10.696306       7.6647059   1.3431842e-13       1.0091462      0.96472402       0.96472402      -5.8308512      -5.8308512
              5      -1.2162289       1.0303099      0.88232308      -12.870168    0.0010933795       10.722843       7.6264614   1.3484408e-13       1.0025208      0.97223301       0.97223301      -4.3769238      -4.3769238
              7      -1.3569931       1.0316821      0.88117838      -12.869786   -0.0019145123       10.756774       7.6063863   1.3496266e-13      0.99560137      0.98112286       0.98112286      -4.6762319      -4.6762319
              4      -7.0052575       1.0044723      0.91451921      -12.927102      0.11391509       10.103509       8.2133288   1.1827631e-13       1.2999154      0.79204394       0.79204394      -15.594603      -15.594603
              8      -6.6907029      0.97490092      0.91121762       -12.93728      0.17891139       9.4384552       8.1511262   1.1553661e-13       1.5097721      0.67839166       0.67839166      -14.738189      -14.738189
              2      -5.5068848       1.0591042      0.94689506      -12.948969      0.16987578       11.457877       8.8490177   1.1246853e-13       1.4786854      0.80732148       0.80732148      -12.628413      -12.628413
              4      -7.5358538      0.92242621      0.95165471      -12.975092      0.36897388       8.3642347       8.9465317   1.0590292e-13       2.3386966      0.48382169       0.48382169      -16.039351      -16.039351
              3      -7.8276179      0.93741304      0.92186341      -12.972039       0.3693641       8.6579095       8.3534025   1.0664996e-13       2.3407989      0.50217429       0.50217429      -16.659584      -16.659584
              9      -7.8923057      0.94724204      0.91975023       -12.97304       0.3676875       8.8560904       8.3128554   1.0640449e-13       2.3317796      0.51659734       0.51659734      -16.817806      -16.817806
              1      -8.0200612      0.96877637      0.90643401      -12.971846      0.39709761       9.3062854       8.0618369   1.0669748e-13       2.4951555      0.51369769       0.51369769      -17.067518      -17.067518
              4      -7.2149706       1.0905819      0.88959024      -12.982457      0.14409623       12.319183       7.7551507   1.0412204e-13       1.3934655       1.0531851        1.0531851      -16.536311      -16.536311
              4      -7.5561062       1.1024255      0.89066359      -12.981989      0.17378282        12.65976        7.774341   1.0423433e-13       1.4920481       1.0218598        1.0218598      -17.155932      -17.155932
             11       -6.603236       1.1029433       0.8938866      -12.974939      0.20545902       12.674865        7.832251   1.0594025e-13       1.6049408      0.94503248       0.94503248      -15.096537      -15.096537
             13      -7.1134224       1.0834097      0.87410692       -12.99168      0.17010823       12.117407       7.4835371   1.0193414e-13        1.479477       1.0465414        1.0465414      -16.319928      -16.319928
              1      -7.0941579       1.0835947      0.87441108      -12.991661      0.16966398       12.122571       7.4887801   1.0193857e-13       1.4779644       1.0472328        1.0472328      -16.282781      -16.282781
             19      -7.1618184      0.94127085      0.82560928      -12.968691       0.2078774       8.7351596       6.6928221   1.0747542e-13       1.6139029      0.77440699       0.77440699      -15.872451      -15.872451
             21       -6.662245      0.94743649      0.74444935      -12.996508      0.46808258       8.8600565       5.5519986   1.0080721e-13       2.9382083      0.69886513       0.69886513       -14.72222       -14.72222
              4      -7.0390171       1.0570207      0.75671765      -12.999015      0.33170003        11.40304       5.7110722   1.0022716e-13       2.1463474      0.93914482       0.93914482      -15.956324      -15.956324
             21      -7.2235799       1.0622382      0.75644033      -13.001428      0.31732604        11.54086       5.7074265   9.9671644e-14       2.0764718      0.97352052       0.97352052      -16.394201      -16.394201
             27       -7.396999       1.0609609      0.71768587      -13.026161      0.25530972       11.506969       5.2201847   9.4154126e-14       1.8001543       1.2115398        1.2115398      -17.217078      -17.217078
             14      -7.3667593       1.0593866      0.71719572      -13.025716      0.27641835       11.465332       5.2142965    9.425065e-14       1.8898109       1.1801037        1.1801037      -17.093726      -17.093726
             20      -7.4218551       1.0604413      0.71747866      -13.025627      0.26727976        11.49321       5.2176947   9.4269895e-14       1.8504602       1.1926436        1.1926436      -17.228997      -17.228997
              6      -6.3158896       1.0363901      0.70781809      -13.017237      0.17720641       10.874018       5.1029121   9.6108726e-14       1.5038565       1.2627583        1.2627583      -15.157296      -15.157296
              7      -6.3305962       1.0160596      0.71396756      -13.014592      0.15108549       10.376708       5.1756818   9.6695913e-14       1.4160725        1.258354         1.258354        -15.1779        -15.1779
             36      -6.6997828       1.0651924      0.72307943      -13.004594      0.10691478       11.619633       5.2854192   9.8947879e-14       1.2791303       1.3471332        1.3471332      -16.093832      -16.093832
             13      -5.8240385       0.9812185      0.62804046      -12.996394     0.091690389       9.5767577       4.2465912   1.0083377e-13       1.2350666       1.3785104        1.3785104      -14.405098      -14.405098
             14      -6.1133753       1.0294456      0.60883276      -12.996287     0.045025653       10.701524       4.0628685   1.0085857e-13       1.1092403       1.5588592        1.5588592      -15.344469      -15.344469
              7      -6.2306287      0.99848669      0.63155477      -12.983609      0.06164378       9.9652154       4.2810941   1.0384627e-13       1.1525076       1.3984677        1.3984677      -15.258193      -15.258193
              2      -4.1730777       1.0171335      0.62975682      -12.986347      0.06936749       10.402399       4.2634073   1.0319362e-13       1.1731877       1.4190367        1.4190367      -11.184229      -11.184229
              9      -4.5977615       0.9416623       0.5562429      -12.987096      0.10248999       8.7430368        3.599506    1.030158e-13       1.2661641       1.4157587        1.4157587       -12.02704       -12.02704
              2      -5.6301421      0.97147735      0.68049005      -13.025655      0.26438751       9.3643439       4.7917048     9.42638e-14       1.8381778       1.1399828        1.1399828       -13.54025       -13.54025
             14      -7.1212919      0.95785191      0.66856155      -13.036428      0.25110589       9.0751102       4.6618849   9.1954235e-14       1.7828134       1.2165261        1.2165261      -16.675636      -16.675636
             29       -3.440981      0.84132829      0.61890827      -13.039733      0.57625588       6.9395018       4.1582277   9.1257252e-14       3.7692581      0.98358227       0.98358227      -8.8491266      -8.8491266
              6       -5.414689      0.73314485      0.59105106      -13.044011       0.6403271       5.4093471       3.8998783   9.0362649e-14       4.3684473       1.0583261        1.0583261       -12.94603       -12.94603
             10      -1.9515384      0.65377632      0.53454443      -13.052004      0.72979245       4.5058457       3.4240841   8.8714703e-14       5.3677521       1.2707727        1.2707727      -6.4446222      -6.4446222
             17      -4.3130469      0.67237699      0.53036167      -13.054632      0.71948101       4.7030217       3.3912645   8.8179671e-14       5.2418068       1.2750625        1.2750625      -11.176219      -11.176219
              9      -6.3956501      0.64343869       0.5376194      -13.059508      0.75542096       4.3998583        3.448414    8.719507e-14       5.6940458       1.3224585        1.3224585      -15.436217      -15.436217
             18      -6.7684716      0.74395156      0.63462522       -13.05637      0.61053689       5.5456385       4.3114686   8.7827422e-14       4.0788421       1.0483334        1.0483334       -15.63361       -15.63361
             10      -7.3128902      0.74760765      0.63320129      -13.055049      0.59879667       5.5925213       4.2973555   8.8095042e-14       3.9700564       1.0443834        1.0443834      -16.714547      -16.714547
             27      -7.3620275      0.74541918      0.63685212      -13.053895       0.6008829       5.5644108       4.3336329   8.8329404e-14       3.9891733       1.0323382        1.0323382      -16.788731      -16.788731
              1      -7.2028823      0.74203467      0.63605388       -13.05401        0.611246       5.5212152       4.3256749   8.8305931e-14       4.0855074       1.0335933        1.0335933      -16.472951      -16.472951
              3      -6.8273419      0.72447393      0.62724396      -13.047494      0.59483738       5.3024176       4.2388101   8.9640879e-14       3.9340274       1.0248687        1.0248687      -15.704421      -15.704421
             12       -6.724065      0.77872747      0.62028348       -13.04705      0.55575319       6.0079661       4.1714158   8.9732575e-14       3.5954495       1.0266731        1.0266731      -15.501476      -15.501476
             10      -7.3146094      0.78948836      0.61515018      -13.055814      0.56569159       6.1586903       4.1224005   8.7939972e-14       3.6786764       1.0778758        1.0778758       -16.78497       -16.78497
              1      -4.4808228      0.85355739      0.67972313      -13.025187      0.46183932       7.1376853       4.7832505   9.4365421e-14       2.8962718      0.87083699       0.87083699       -10.70332       -10.70332
              6      -6.9298705      0.58757851        0.709533      -13.003287      0.88001933       3.8688198        5.123102   9.9245888e-14       7.5861135      0.87747363       0.87747363      -15.614688      -15.614688
             23      -6.9694413      0.58909201      0.70937988      -13.003472      0.87721764       3.8823261        5.121296   9.9203801e-14       7.5373319      0.87451971       0.87451971      -15.687922      -15.687922
             25      -7.0256408      0.58864298      0.70915539      -13.003492      0.87635778       3.8783141       5.1186494   9.9199075e-14       7.5224234      0.87494414       0.87494414       -15.80117       -15.80117
             20      -7.0579808      0.60355329      0.72222889      -12.998826       0.8513552       4.0137774        5.275078   1.0027063e-13       7.1015836      0.80174057       0.80174057      -15.719443      -15.719443
              7      -7.5590824      0.73100905      0.71177992      -13.014247      0.68001707         5.38281       5.1496761   9.6772741e-14       4.7864891      0.71806978       0.71806978      -16.554304      -16.554304
             32      -7.4506543       0.6833949      0.75094661       -12.99904      0.75486365       4.8238623       5.6356837   1.0022119e-13       5.6867436       0.6414215        0.6414215      -16.184152      -16.184152
              7      -7.2211732      0.64771437      0.76669771      -12.995789      0.77709032       4.4433893       5.8438319   1.0097423e-13       5.9853606      0.64686356       0.64686356      -15.736074      -15.736074
             16      -7.3459649      0.87223074      0.76500304      -13.006522      0.47972681       7.4512775       5.8210729   9.8509523e-14       3.0180527      0.66311722       0.66311722      -16.018164      -16.018164
              2      -7.7029467      0.92689898      0.75611075      -13.008321        0.445235       8.4508225       5.7030969   9.8102289e-14       2.7876291      0.73428248       0.73428248      -16.874458      -16.874458
              8      -7.6786957      0.91419275      0.74643916      -13.011265      0.45915444       8.2071571       5.5774946   9.7439553e-14       2.8784218      0.74142279       0.74142279      -16.840237      -16.840237
              4      -7.6898188      0.92159612      0.75117589      -13.012346      0.44604257        8.348263       5.6386597   9.7197228e-14       2.7928176      0.75417239       0.75417239      -16.887982      -16.887982
              2      -6.7013781      0.86024782      0.74836789       -13.01329      0.43236578       7.2484946       5.6023198   9.6986138e-14       2.7062367      0.74255196       0.74255196       -14.88786       -14.88786
              2      -7.7487025      0.92526283      0.74938713      -13.020283      0.33846777        8.419045       5.6154832   9.5437092e-14       2.1800566      0.89176549       0.89176549      -17.280936      -17.280936
             10      -7.0247615      0.91272938      0.75781934      -13.021047      0.32814583       8.1795493       5.7255781   9.5269339e-14       2.1288538      0.88776431       0.88776431      -15.825052      -15.825052
              1      -5.8105228      0.77313515      0.80165522       -13.01457      0.48577603       5.9310987        6.333667   9.6700674e-14       3.0603847      0.64578602       0.64578602      -12.912618      -12.912618
              6      -7.6566991      0.84254182      0.79354225      -12.988378      0.56227203       6.9589197       6.2164472   1.0271231e-13       3.6498249      0.50689266       0.50689266      -16.327183      -16.327183
              1      -4.2860436      0.89595023      0.78212452      -12.986118      0.54603794       7.8695559       6.0551446   1.0324812e-13       3.5159116      0.53596297       0.53596297      -9.6440132      -9.6440132
              9      -7.0609921      0.87654059      0.76081266       -13.02033      0.36756477       7.5255907       5.7651772   9.5426694e-14       2.3311207      0.82136808       0.82136808       -15.76472       -15.76472
              1      -7.6138057      0.93188899        0.792768      -13.005281      0.30043735       8.5484818       6.2053745   9.8791426e-14       1.9972726      0.81994275       0.81994275      -16.867497      -16.867497
             48       -7.131179      0.71863318      0.86195533      -13.000094      0.58924271       5.2315837       7.2770495   9.9978449e-14       3.8836735      0.50024914       0.50024914      -15.262856      -15.262856
              6       -6.894261      0.75308742      0.86247552      -13.001273       0.5551008       5.6635328       7.2857711   9.9707413e-14       3.5900525      0.49972521       0.49972521      -14.787972      -14.787972
              4      -7.5923357       0.7817427       0.8502029      -12.959409        0.670288       6.0498235       7.0827661   1.0979723e-13       4.6804542      0.32678345       0.32678345      -15.838238      -15.838238
              6      -7.1793758      0.77408227      0.86088512      -12.958987      0.69101499       5.9440475       7.2591391   1.0990383e-13       4.9092482       0.3180888        0.3180888      -14.994929      -14.994929
             30      -7.3430629      0.73404478       0.8669792      -12.961226      0.70652561       5.4205678       7.3617184   1.0933883e-13       5.0877482      0.33530461       0.33530461      -15.356735      -15.356735
             36      -7.5142938      0.76308927      0.87090598      -12.969215      0.65010963       5.7954781        7.428583   1.0734585e-13       4.4679636      0.34587727       0.34587727      -15.720342      -15.720342
             29      -7.8683355      0.77058874      0.87456945       -12.96764      0.65265388       5.8964245       7.4915114   1.0773585e-13       4.4942154      0.33520108       0.33520108      -16.407073      -16.407073
              4      -7.0429315      0.97367047      0.96136868      -12.950946       0.3969823       9.4117519       9.1488958   1.1195764e-13       2.4944931      0.41493085       0.41493085      -14.915725      -14.915725
              5      -7.8373977      0.94990113      0.92771188      -12.968453      0.31512942       8.9104806       8.4666554   1.0753437e-13       2.0659957      0.55320248       0.55320248        -16.7812        -16.7812
              2      -7.9659529      0.93313541      0.92741103       -12.96832      0.31829546       8.5730511       8.4607922   1.0756727e-13        2.081112      0.53610716       0.53610716       -17.00412       -17.00412
              1      -8.0659517      0.90294251       1.1206179      -12.921176      0.45976832       7.9972839       13.201337   1.1990132e-13       2.8824934      0.18868767       0.18868767      -16.509279      -16.509279
              9      -7.5931704      0.88860955       1.1317556        -12.9168      0.45989356       7.7376584       13.544269   1.2111568e-13       2.8833247      0.17160304       0.17160304      -15.529547      -15.529547
             11      -8.0466444      0.79161217      0.88256207      -12.969971       0.6243423       6.1888816       7.6306594   1.0715906e-13       4.2105837      0.33548741       0.33548741      -16.764264      -16.764264
              2      -8.0446099      0.78269093      0.88009384       -12.97158      0.62869683        6.063047       7.5874151   1.0676271e-13       4.2530142       0.3438432        0.3438432      -16.776906      -16.776906
             14      -7.9087382      0.76833285      0.82305987      -12.987105      0.64360449       5.8658756       6.6536488    1.030137e-13       4.4015383      0.45557087       0.45557087      -16.728618      -16.728618
              1      -5.9557201      0.68672939      0.79400108      -12.995572      0.68006946       4.8610422       6.2230184   1.0102469e-13       4.7870665      0.56096729       0.56096729      -13.033375      -13.033375
              6       -8.306703      0.76540042      0.90324346      -12.982128      0.55636819       5.8264017       8.0028275   1.0420108e-13       3.6005446      0.38559787       0.38559787      -17.384602      -17.384602
              2      -8.1459595      0.76604472      0.88085426      -12.984227      0.53677334       5.8350519       7.6007116   1.0369853e-13       3.4417026       0.4187065        0.4187065      -17.129332      -17.129332
             15      -7.9040261      0.76305525      0.83883966      -13.002485      0.54543962       5.7950242       6.8998502    9.942954e-14        3.511071      0.52730379       0.52730379       -16.86266       -16.86266
              3      -6.7916004      0.79879462       0.9025859      -12.992223      0.52544396       6.2920855       7.9907198    1.018069e-13       3.3530804      0.43225947       0.43225947       -14.44772       -14.44772
              1      -7.4782955      0.80631212      0.89453636      -12.991551      0.51715979       6.4019477       7.8439779   1.0196458e-13       3.2897265      0.43928099       0.43928099      -15.835153      -15.835153
              5       -8.080714      0.69975086      0.99075186      -12.962818      0.68140826        5.008998        9.789305   1.0893867e-13       4.8018464      0.27630368       0.27630368      -16.714035      -16.714035
              6      -8.2896946      0.81532287       1.0650527      -12.936295      0.59840152       6.5361629       11.615895   1.1579898e-13       3.9664457      0.14357877       0.14357877      -16.866547      -16.866547
             17      -8.5014537      0.81051431       1.0858813      -12.928325      0.60016873       6.4641929       12.186565   1.1794367e-13       3.9826187      0.11937853       0.11937853      -17.241664      -17.241664
              1       -8.396531      0.80906112       1.1136983      -12.923952      0.61479123       6.4425992       12.992666    1.191374e-13       4.1189946      0.10390583       0.10390583      -17.000874      -17.000874
              4      -8.4982191      0.78698795       1.1266301      -12.919453       0.6219748        6.123334       13.385361   1.2037786e-13       4.1876926     0.094024075      0.094024075      -17.184486      -17.184486
              1      -8.5283864      0.69929456       1.2601631      -12.894101      0.69451204        5.003738       18.203843   1.2761412e-13       4.9489383      0.11132441       0.11132441      -17.279422      -17.279422
              4      -8.5144286      0.67463217       1.2335407      -12.899974      0.71666212       4.7275069       17.121458   1.2590021e-13       5.2078938      0.13115223       0.13115223      -17.291162      -17.291162
             19      -8.2819955      0.66520034       1.2009068      -12.913542      0.71979362       4.6259436       15.882058   1.2202749e-13       5.2455813      0.15550975       0.15550975      -16.875011      -16.875011
              1      -8.1895141      0.66121249       1.2019581      -12.913911      0.72101863        4.583661       15.920552   1.2192403e-13       5.2603983      0.16035747       0.16035747      -16.699743      -16.699743
              1       -8.349573       0.6997547        1.266355       -12.89664      0.66189241       5.0090423       18.465243    1.268704e-13       4.5908427       0.1172371        0.1172371       -16.93362       -16.93362
              7        -8.28401      0.68127911       1.3836931      -12.876049      0.89276111       4.8004186       24.193191   1.3303057e-13       7.8119797      0.26493774       0.26493774      -17.097895      -17.097895
             16       -8.127422      0.65862562       1.3754144      -12.880267       0.9508436       4.5564397       23.736378   1.3174452e-13       8.9298385      0.33025764       0.33025764      -16.915359      -16.915359
              5      -7.4065196      0.58765273       1.3342316       -12.88619      0.92653494       3.8694811       21.588956   1.2996024e-13       8.4437417      0.36459036       0.36459036       -15.54222       -15.54222
              4      -7.9833773      0.60488823       1.4630699      -12.855303       0.8545229       4.0261341       29.044904   1.3953961e-13       7.1535712      0.37912693       0.37912693      -16.725008      -16.725008
             13      -7.9131277      0.59348373       1.4695105      -12.855475      0.88290375       3.9217845       29.478851   1.3948407e-13       7.6366652      0.42004527       0.42004527      -16.666346      -16.666346
              1      -7.9140319      0.59335284       1.4693554      -12.855501       0.8830698       3.9206028       29.468323   1.3947589e-13       7.6395855      0.42016645       0.42016645      -16.668397      -16.668397
             13      -8.0148393      0.58851435       1.4745472      -12.871182      0.96223523       3.8771656       29.822718   1.3452973e-13       9.1671689      0.51294918       0.51294918      -17.055577      -17.055577
              1      -7.7914183      0.56847097       1.4830528      -12.871962       1.0005037       3.7022946       30.412549   1.3428825e-13       10.011604      0.59148302       0.59148302      -16.765803      -16.765803
              4      -7.6947173      0.59643291       1.4519618      -12.883759      0.98693287        3.948507       28.311433   1.3068967e-13       9.7035996      0.51640655       0.51640655      -16.422248      -16.422248
              4      -7.7502386      0.59501607       1.4456332      -12.883793      0.99364334       3.9356464       27.901863   1.3067937e-13       9.8546985       0.5182024        0.5182024      -16.536882      -16.536882
              2      -7.9999854      0.57733813       1.4297083       -12.87521      0.98688589       3.7786627       26.897277   1.3328759e-13         9.70255      0.50655674       0.50655674      -17.013084      -17.013084
              1      -8.3032272      0.85540357       1.0392266      -12.950703      0.49189259        7.168092       10.945274   1.1202029e-13       3.1037919      0.23901394       0.23901394      -17.084482      -17.084482
              2      -8.2406526      0.97994986       1.0335949      -12.948662        0.332235       9.5488234       10.804258     1.12548e-13        2.148993      0.44766477       0.44766477      -17.376635      -17.376635
              6      -8.2644031      0.97834589       1.0548582      -12.945105      0.35109993        9.513622       11.346402   1.1347361e-13       2.2443983      0.41003265       0.41003265      -17.348871      -17.348871
              4      -8.1932961      0.93161958       1.0886579      -12.939363      0.40359955       8.5431805       12.264726   1.1498399e-13       2.5327921      0.29793749       0.29793749      -16.982467      -16.982467
              5      -8.2295859      0.92278538       1.0474669      -12.941981      0.38378379       8.3711549       11.154931   1.1429287e-13       2.4198241      0.32412536       0.32412536      -17.107423      -17.107423
              5      -8.2602075      0.97405902       1.2586109      -12.892714      0.35625346        9.420176       18.138899   1.2802254e-13         2.27119      0.30766279       0.30766279      -17.135741      -17.135741
              2      -8.2255615      0.94374229       1.3228009      -12.883737      0.39488086       8.7850107       21.028144   1.3069608e-13        2.482452      0.26770513       0.26770513      -16.986533      -16.986533
              3      -8.1399121       1.0576173       1.1090803      -12.931523      0.28124519       11.418717       12.855242   1.1707835e-13       1.9109318      0.54496511       0.54496511      -17.369754      -17.369754
              8      -8.1696919        1.025312       1.0951699      -12.929988      0.32717792       10.600149       12.450016   1.1749298e-13       2.1241145      0.44263663       0.44263663      -17.224657      -17.224657
              7      -8.2529667       1.0308964       1.1129792      -12.928681      0.32296391       10.737332       12.971173   1.1784722e-13       2.1036036      0.45037031       0.45037031      -17.406674      -17.406674
              3      -8.2412987       1.0341334       1.1214545      -12.927328      0.32012991       10.817663        13.22679   1.1821495e-13       2.0899212      0.45445064       0.45445064      -17.391499      -17.391499
              8      -7.7722893      0.99545012       1.1223157      -12.919816      0.30223792        9.895782       13.253047   1.2027752e-13       2.0055705      0.40981387       0.40981387      -16.364206      -16.364206
              2      -7.4167367      0.98582746       1.1333845       -12.91599      0.32634917       9.6789324       13.595165   1.2134164e-13        2.120065      0.36338312       0.36338312       -15.56024       -15.56024
              1      -8.1179086      0.76103206        1.092248      -12.939693      0.61248088       5.7680905       12.366533   1.1489661e-13       4.0971408      0.15349051       0.15349051      -16.542798      -16.542798
              3      -8.5130983      0.84426584       1.0891628      -12.936212      0.51276385       6.9865993       12.278995   1.1582113e-13       3.2565958      0.17430076       0.17430076      -17.374798      -17.374798
              1      -8.5885965      0.77822052       1.3618302      -12.871975       0.7232217       6.0009571       23.005424   1.3428421e-13       5.2871508      0.11630305       0.11630305      -17.409799      -17.409799
              3      -7.8062721      0.79437525        1.418026      -12.867861      0.76837566       6.2283821       26.183396    1.355624e-13       5.8664539       0.1728746        0.1728746      -15.958293      -15.958293
              1      -7.3638281      0.80130323       1.4302791      -12.864666      0.75466579       6.3285356        26.93265   1.3656332e-13       5.6841534       0.1777495        0.1777495      -15.083155      -15.083155
              5      -8.1282519      0.78419689       1.0179872      -12.952452      0.50500423       6.0841076       10.422866   1.1157024e-13       3.1989262      0.24004359       0.24004359      -16.736591      -16.736591
              6      -8.0750372      0.91838756       0.9408954      -12.968084      0.34513423       8.2868133       8.7276113   1.0762563e-13       2.2137788      0.48708042       0.48708042      -17.124235      -17.124235
              4      -8.0734593      0.99159292      0.98129774       -12.96209      0.29726477       9.8082815       9.5785053   1.0912144e-13       1.9827355      0.56245833       0.56245833      -17.271835      -17.271835
              3      -8.1381188       1.0111759       1.0766161      -12.935988      0.28742622       10.260674       11.929333   1.1588092e-13       1.9383233      0.48931605       0.48931605       -17.25487       -17.25487
              1      -7.6326658      0.99643111       1.0758192      -12.944979      0.32008711       9.9181601       11.907461   1.1350668e-13       2.0897152      0.45847321       0.45847321      -16.182278      -16.182278
              2      -7.2792466       1.0274607       1.0472959      -12.951319      0.26177534       10.652725       11.150539   1.1186151e-13       1.8271548       0.5921699        0.5921699      -15.742833      -15.742833
              5      -6.4523158       1.0264903       1.0166549      -12.963347      0.27353665        10.62895       10.390942   1.0880595e-13       1.8773128      0.62309793       0.62309793      -14.150828      -14.150828
              1      -6.1352705       1.0307689       1.0216878      -12.963168      0.27094555        10.73418       10.512059   1.0885082e-13       1.8661457      0.62970912       0.62970912      -13.529959      -13.529959
              2      -6.6649975       1.0448081       1.0432133      -12.953182      0.31740125       11.086848       11.046211   1.1138288e-13       2.0768314      0.55406533       0.55406533      -14.438126      -14.438126
             14      -8.0792237      0.92793352       1.2860714      -12.884145      0.46592542       8.4709773       19.322859   1.3057355e-13       2.9236503      0.17829719       0.17829719      -16.515042      -16.515042
              2      -8.1052574      0.91143024       1.2813133      -12.885069      0.48422643       8.1551178       19.112317   1.3029609e-13       3.0494845      0.15464203       0.15464203      -16.519799      -16.519799
              6      -8.1144583      0.77759393       1.2384828      -12.888122      0.66998005       5.9923053       17.317404   1.2938335e-13       4.6771365     0.056757471      0.056757471      -16.342432      -16.342432
              3      -6.5427183      0.82743479       1.2986499       -12.89246      0.48716243       6.7210138       19.890693   1.2809727e-13       3.0701701      0.14465383       0.14465383      -13.374744      -13.374744
              3       -8.102515       0.8704003       1.3163135      -12.876031      0.42226894       7.4199383       20.716364   1.3303585e-13       2.6440456      0.18744104       0.18744104      -16.579912      -16.579912
              2      -8.2096187      0.82129645       1.2951797      -12.873853      0.46672564       6.6266869       19.732389   1.3370478e-13       2.9290423      0.12875716       0.12875716      -16.676752      -16.676752
              1      -7.0866733      0.81979657        1.310855      -12.869597      0.50341027       6.6038404       20.457616   1.3502144e-13        3.187207      0.11189658       0.11189658       -14.39714       -14.39714
              9      -7.5860149      0.73970127       1.6740522      -12.801232      0.61882982         5.49163       47.211984   1.5804052e-13       4.1574767       0.5335092        0.5335092      -16.239048      -16.239048
             10      -7.5795375      0.73901285       1.6738349        -12.8011      0.61958872       5.4829319       47.188366   1.5808852e-13        4.164748      0.53334882       0.53334882      -16.225773      -16.225773
              1      -7.4863897      0.81867848       1.6552875      -12.796174      0.49509615       6.5868608       45.215514   1.5989169e-13       3.1267715      0.53103221       0.53103221      -16.034844      -16.034844
              1      -6.6879465      0.78899173       1.6328519      -12.804162      0.51904114       6.1516515       42.938999   1.5697767e-13       3.3040084      0.47474307       0.47474307      -14.325379      -14.325379
              5      -7.1658622      0.74785967       1.7172953      -12.795161      0.62540676       5.5957676        52.15492   1.6026516e-13       4.2209165      0.61851322       0.61851322      -15.568751      -15.568751
              1      -7.2866708      0.97669841       1.5600035      -12.807591      0.30926234       9.4776007       36.308097   1.5574318e-13        2.038273      0.60870748       0.60870748      -15.790756      -15.790756
              4      -7.8993295      0.95608831       1.4473041      -12.840203      0.33265806       9.0383324       28.009417   1.4447627e-13       2.1510874      0.41396094       0.41396094      -16.626581      -16.626581
              1        -7.42761       0.9388403       1.3014886      -12.840875      0.24094472       8.6864095       20.021131   1.4425311e-13       1.7415852       0.3865749        0.3865749       -15.62837       -15.62837
              7      -7.7578767      0.83314387       1.2591116      -12.854371      0.36352269       6.8099491       18.159824   1.3983932e-13       2.3095251       0.1770418        0.1770418      -15.869837      -15.869837
              6       -7.774064      0.81655495       1.2640896      -12.853068      0.38230815       6.5547321       18.369175    1.402593e-13        2.411616      0.15914122       0.15914122      -15.866411      -15.866411
              7      -7.1837204      0.80776932       1.1976264      -12.887736      0.45960639       6.4234644       15.762549   1.2949827e-13       2.8814188      0.10969451       0.10969451       -14.58683       -14.58683
              4      -7.3781619      0.86923725       1.2861208      -12.874405      0.43288043       7.4000943       19.325056   1.3353496e-13       2.7094456      0.15804643       0.15804643      -15.072417      -15.072417
              6      -8.0108072      0.78471183       1.4378905      -12.849677      0.57096491       6.0913258       27.408827   1.4135884e-13       3.7236162      0.17914915       0.17914915      -16.379913      -16.379913
              6       -7.552877      0.86883885       1.4317939      -12.832425      0.37877323       7.3933088       27.026755   1.4708734e-13       2.3920664      0.29451478       0.29451478      -15.694784      -15.694784
              1      -7.1904863      0.85929335       1.4062077      -12.841759       0.3886398       7.2325818       25.480487   1.4395981e-13       2.4470329      0.25885829       0.25885829      -14.898689      -14.898689
              3      -7.5782953       0.8751448       1.4122274      -12.859251      0.62598655       7.5014427       25.836126   1.3827664e-13       4.2265552      0.15702343       0.15702343      -15.470637      -15.470637
              9      -7.2208629      0.89251108       1.4150021      -12.857678      0.61403421       7.8074836       26.001722   1.3877856e-13       4.1118211       0.1680488        0.1680488      -14.777823      -14.777823
              8      -7.8557368      0.89215095       1.4099467      -12.841688      0.38416868       7.8010121       25.700806   1.4398318e-13       2.4219695      0.27946188       0.27946188      -16.270397      -16.270397
              4      -6.6999128      0.90747214       1.4710647      -12.848924      0.40091274       8.0811308       29.584535   1.4160411e-13       2.5171711      0.34339596       0.34339596      -14.086617      -14.086617
             10      -6.2385299       1.1163515       1.7830757      -12.776688      0.19290348       13.072286       60.684205     1.67229e-13       1.5592059       1.4115871        1.4115871      -15.300234      -15.300234
             11      -4.9965916      0.96044276       1.8091541      -12.760968      0.37087629        9.129411       64.439787   1.7339328e-13       2.3489636       1.0554878        1.0554878      -12.104159      -12.104159
              5      -5.8578245      0.93866349       1.8304587      -12.752432      0.37813579       8.6828739       67.679741   1.7683484e-13        2.388558       1.0954189        1.0954189      -13.906487      -13.906487
              7      -5.3144539      0.78553732       1.6910344      -12.782249      0.55671622        6.102915       49.094673   1.6510136e-13       3.6034311      0.58408586       0.58408586      -11.797079      -11.797079
              6      -7.6957605      0.77447485        1.593447      -12.802492      0.53001294        5.949423        39.21453   1.5758258e-13       3.3885425      0.40638117       0.40638117      -16.204283      -16.204283
              3      -7.6350308      0.82206168       1.6141091       -12.80418      0.50042102       6.6383734       41.125304   1.5697108e-13       3.1653448      0.45083281       0.45083281      -16.171727      -16.171727
              3      -7.6426285      0.82133218       1.6109773      -12.805118      0.50209816       6.6272321       40.829807   1.5663246e-13       3.1775922      0.44413187       0.44413187      -16.173521      -16.173521
              1      -7.4334686      0.88774045       1.5657036      -12.838418       0.4749536       7.7221895       36.787786   1.4507131e-13       2.9850637      0.40226573       0.40226573      -15.671469      -15.671469
              2      -7.9523408      0.80268478       1.6004261      -12.838089      0.62694866       6.3486996       39.849799   1.4518148e-13       4.2359288      0.38194967       0.38194967      -16.668581      -16.668581
              4       -8.076889      0.95297349       1.5260874      -12.849752       0.4433945       8.9737402        33.58052   1.4133444e-13       2.7758404      0.41414556       0.41414556      -16.982069      -16.982069
              4      -6.8891651      0.88692852       1.5848705      -12.834901      0.46867938       7.7077659       38.447711    1.462512e-13       2.9422487      0.43483124       0.43483124      -14.647993      -14.647993
              2      -7.6809649      0.88530398       1.5985319      -12.831996       0.4862679       7.6789878       39.676363   1.4723268e-13       3.0638528      0.44470919       0.44470919      -16.251348      -16.251348
              4      -7.7724511      0.88965808        1.588683      -12.832374      0.47863644       7.7563622       38.786717   1.4710457e-13       3.0104848      0.43538696       0.43538696      -16.415676      -16.415676
              2      -7.5509429      0.90605098        1.582566      -12.832602       0.4509015       8.0547299       38.244236   1.4702741e-13       2.8242393      0.45258141       0.45258141      -16.007049      -16.007049
              5      -7.9892527      0.75604475       1.4767906      -12.869918      0.72817255       5.7022302       29.977166   1.3492169e-13       5.3477679      0.23879131       0.23879131      -16.456088      -16.456088
              1      -7.9298981      0.75677311        1.477141      -12.870103      0.72530391       5.7118016       30.001366   1.3486435e-13       5.3125608      0.23863022       0.23863022      -16.337057      -16.337057
              1      -7.3794702      0.74136486       1.5601917      -12.845813      0.73341493       5.5127063       36.323837   1.4262206e-13       5.4127121      0.34030567       0.34030567      -15.439552      -15.439552
             10      -7.7923729        0.626983        1.545185      -12.859675      0.85900546       4.2362639       35.090133   1.3814162e-13       7.2277889       0.4674325        0.4674325      -16.519611      -16.519611
              3      -6.1279445      0.62234738       1.5665081      -12.860049      0.92496462       4.1912868       36.855988   1.3802279e-13       8.4132659       0.5529368        0.5529368      -13.361763      -13.361763
              2      -7.9594783      0.64835032       1.5756606      -12.833782      0.76683259       4.4499007       37.640953   1.4662833e-13       5.8456471      0.43400419       0.43400419      -16.786965      -16.786965
              7      -7.9804759       0.6995654       1.5742634      -12.833613      0.71053427       5.0068594       37.520045   1.4668538e-13        5.134927      0.37638996       0.37638996      -16.713732      -16.713732
              4      -7.6059308      0.75445257       1.5736914      -12.827737      0.63920374       5.6813634       37.470665   1.4868351e-13       4.3571623      0.34517496       0.34517496      -15.902212      -15.902212
              4      -6.9841784      0.73093223       1.5222199      -12.833208      0.66414988       5.3818579       33.282806   1.4682223e-13       4.6147681      0.27875708       0.27875708      -14.525871      -14.525871
              2       -6.667675      0.88545795        1.464718      -12.874889      0.55547406       7.6817108       29.155332   1.3338629e-13       3.5931393      0.25216431       0.25216431      -13.839679      -13.839679
              1      -6.7577222      0.88467996       1.4669223      -12.874348      0.55706967       7.6679622       29.303687   1.3355248e-13        3.606365      0.25320591       0.25320591      -14.021856      -14.021856
              5      -6.8011798      0.90171493       1.4483217      -12.855991      0.41338452       7.9747105       28.075124    1.393185e-13       2.5905055      0.30775285       0.30775285      -14.217865      -14.217865
              2      -7.0443572      0.76051304       1.2835338      -12.866517      0.52142827       5.7612011       19.210286   1.3598262e-13       3.3222191     0.090508968      0.090508968      -14.269732      -14.269732
              1      -8.0798916      0.79271553        1.311302      -12.861779       0.4675842       6.2046248        20.47868   1.3747405e-13       2.9348385       0.1265696        0.1265696      -16.412922      -16.412922
              6      -7.6717851      0.90669344       1.1753228      -12.875654      0.27606787       8.0666541       14.973483   1.3315134e-13       1.8882864      0.29494501       0.29494501       -15.93346       -15.93346
              4      -8.5506352      0.81266519       1.2570298      -12.898423       0.5915225       6.4962868       18.072981   1.2635047e-13       3.9041141       0.0878372        0.0878372      -17.276945      -17.276945
              7        -8.40376       0.8062073        1.278921      -12.894478      0.62142417       6.4004028       19.007324   1.2750353e-13       4.1823865     0.086237712      0.086237712      -16.979995      -16.979995
              5      -8.3356267      0.79835431       1.2934581      -12.892134      0.63583615       6.2857096       19.654325   1.2819344e-13       4.3235069     0.089235549      0.089235549      -16.849725      -16.849725
              2      -8.4929063      0.80423796       1.2907547       -12.89169      0.62023946       6.3714453       19.532361   1.2832462e-13        4.170993     0.088604159      0.088604159      -17.163021      -17.163021
              1      -8.1548456      0.81792052       1.2716932      -12.899447      0.58122307       6.5753749       18.693612   1.2605308e-13       3.8126161     0.099755487      0.099755487      -16.509202      -16.509202
             10      -8.2798008      0.80371453       1.2777721       -12.89746      0.59179807       6.3637708       18.957108   1.2663095e-13       3.9065921     0.096689843      0.096689843      -16.752981      -16.752981
              2      -8.2111295      0.73455578       1.1367389      -12.918211      0.64561916       5.4269494       13.700578   1.2072274e-13       4.4220043      0.10491325       0.10491325      -16.632086      -16.632086
             11      -8.4307847      0.85065912       1.0630251      -12.934121      0.55819352       7.0902104        11.56179   1.1638012e-13       3.6157094      0.15463186       0.15463186      -17.170833      -17.170833
              2      -7.3419475      0.86042183      0.67944803      -13.036693       0.3686051       7.2513995       4.7802216   9.1898146e-14       2.3367115       1.0065564        1.0065564      -16.697008      -16.697008
              1       -6.702339      0.90535149      0.62592038      -13.038585      0.30021462       8.0417672       4.2259113   9.1498753e-14       1.9962486       1.1959786        1.1959786      -15.796635      -15.796635
             11      -7.5453615      0.95601742      0.69616379      -13.034244      0.30994175       9.0368573       4.9677964   9.2417937e-14       2.0414641       1.0881896        1.0881896      -17.267102      -17.267102
              7      -6.0284405       1.0635147      0.54311554      -13.085425      0.21134752       11.574833       3.4923322   8.2143894e-14         1.62685       1.8993921        1.8993921      -15.855665      -15.855665
              8      -6.6941196       1.0586663      0.50565603      -13.089693      0.21088437        11.44633       3.2037309   8.1340621e-14        1.625116       1.9963599        1.9963599      -17.380959      -17.380959
              3      -5.1229283       1.1539275      0.47932723      -13.036129    -0.087625023       14.253696       3.0152771   9.2017682e-14      0.81728773       2.5065439        2.5065439      -15.258944      -15.258944
              7       -7.653873        1.014519      0.82140092      -12.999489      0.25353871       10.339964       6.6282812   1.0011771e-13       1.7928284      0.90507917       0.90507917      -17.117904      -17.117904
              9      -7.7400177      0.80073965       0.8992541      -12.974238      0.43357451       6.3203285       7.9296515   1.0611135e-13       2.7137792      0.42272351       0.42272351      -16.325482      -16.325482
              1      -6.8275684      0.77041508      0.92591918      -12.961443      0.50453218       5.8940672       8.4317784   1.0928404e-13       3.1954512      0.31861779       0.31861779      -14.292372      -14.292372
              7      -8.4179598      0.80179006      0.96939527      -12.965385      0.54220641       6.3356337       9.3195569   1.0829655e-13       3.4850291       0.2834072        0.2834072      -17.402734      -17.402734
              5      -8.3978397      0.80414482      0.98741946      -12.961971      0.54277668        6.370079       9.7144778   1.0915128e-13       3.4896083      0.26289409       0.26289409      -17.321468      -17.321468
              1      -8.2028126      0.81478449      0.98294049      -12.963631      0.55034736       6.5280653       9.6148052   1.0873497e-13       3.5509729      0.26737524       0.26737524      -16.940376      -16.940376
              1      -8.3126787      0.88133458      0.95250914      -12.968459      0.43801615       7.6091226       8.9641505   1.0753293e-13       2.7416761       0.3780538        0.3780538      -17.381465      -17.381465
              4      -6.7698828       1.1629465      0.90705829      -12.980163     0.074520069       14.552797       8.0734338    1.046736e-13       1.1871896       1.2957358        1.2957358      -16.131237      -16.131237
              8      -7.8198552       1.1091409       1.0878944      -12.932562      0.19795539       12.857037       12.243184   1.1679877e-13       1.5774492      0.75008582       0.75008582      -17.139882      -17.139882
              3      -8.5168781      0.81772825       1.2834637      -12.888503      0.57383028       6.5724646       19.207184   1.2926968e-13       3.7482649     0.090142704      0.090142704      -17.214042      -17.214042
              2      -8.5740914      0.79908765       1.2471844      -12.896478      0.59733105       6.2963324       17.667879   1.2691773e-13       3.9566811     0.079044945      0.079044945      -17.306273      -17.306273
              3       -7.281156      0.93544999       1.0731978       -12.89269      0.22287374       8.6188632       11.835804   1.2802955e-13       1.6706049      0.40944039       0.40944039      -15.381193      -15.381193
              1      -5.2370028      0.80406205       1.0392954      -12.936124      0.66179574       6.3688652       10.947006   1.1584458e-13       4.5898209      0.14149632       0.14149632      -10.756998      -10.756998
              1      -6.7450215      0.83535109      0.99094704      -12.937752      0.62701598       6.8446475       9.7937054    1.154111e-13       4.2365856      0.16770821       0.16770821      -13.825459      -13.825459
              1      -7.8549094      0.80294052       0.9631393      -12.941608      0.65202803       6.3524393       9.1862721   1.1439101e-13       4.4877435      0.18814679       0.18814679      -16.086112      -16.086112
              6      -7.7747183      0.65354023       1.2166548      -12.863468      0.90741168        4.503397       16.468528   1.3694066e-13       8.0800059      0.18354895       0.18354895      -15.916535      -15.916535
             20      -7.9395802      0.60918299       1.1358925      -12.883969      0.94929065       4.0661462       13.673905   1.3062628e-13       8.8979642      0.27579595       0.27579595      -16.430752      -16.430752
              9      -8.0625247      0.65834244       1.0974788      -12.891806      0.87231386       4.5534696       12.516382   1.2829023e-13       7.4527039      0.17466776       0.17466776      -16.474385      -16.474385
              2      -8.0443231       0.7933622       1.2847933      -12.875475      0.76383678       6.2138705       19.266075   1.3320624e-13       5.8054619      0.07446588       0.07446588      -16.237578      -16.237578
              3      -8.0213868       0.7936251       1.2842012      -12.875594      0.76374075       6.2176332        19.23983   1.3316979e-13       5.8041783     0.074219267      0.074219267      -16.191212      -16.191212
              4      -8.2636753      0.80673495       1.2858789      -12.874554      0.74276012       6.4081837       19.314297    1.334891e-13       5.5304455     0.067227319      0.067227319      -16.661805      -16.661805
              3      -8.5791938      0.80094226       1.3257407      -12.870752      0.75499961       6.3232778       21.170967   1.3466294e-13       5.6885242     0.091699527      0.091699527      -17.341787      -17.341787
              3      -8.4386626      0.84645213       1.1685251      -12.890274      0.64249229       7.0218594       14.740937   1.2874359e-13       4.3902807     0.041633171      0.041633171      -16.960592      -16.960592
              8      -8.3778053      0.82250484       1.1486761      -12.889307      0.67826962       6.6451507       14.082381    1.290307e-13       4.7672686     0.033281871      0.033281871      -16.822174      -16.822174
              1      -8.4310176       0.9072454       1.1911723      -12.877235      0.60020483       8.0769129       15.530031   1.3266761e-13       3.9829498     0.058412344      0.058412344       -16.97886       -16.97886
              1      -8.3051867      0.91618295       1.1716276       -12.88225      0.58883779       8.2448537       14.846621    1.311444e-13       3.8800542     0.069084439      0.069084439      -16.748542      -16.748542
              5      -7.1939166      0.91867839       1.1925255      -12.884364      0.60080527       8.2923646       15.578494    1.305078e-13       3.9884602     0.075210332      0.075210332      -14.538254      -14.538254
             21      -8.3894647       0.9658843       1.2111627       -12.87747      0.53597533       9.2445186       16.261579   1.3259591e-13       3.4353844      0.12956582       0.12956582      -17.038061      -17.038061
              2      -6.4702011      0.96316965        1.391233      -12.855745      0.51205523        9.186914       24.616877   1.3939743e-13       3.2512864      0.22816024       0.22816024      -13.396723      -13.396723
              2      -5.9127733      0.94083727       1.2056484      -12.915745      0.48198196       8.7264433       16.056409    1.214102e-13       3.0337652      0.20005399       0.20005399      -12.225655      -12.225655
             11      -7.5763256      0.72355574       1.2675413      -12.896212      0.60211334        5.291219        18.51575   1.2699529e-13       4.0004914      0.10977796       0.10977796      -15.372207      -15.372207
              6      -8.1566446      0.84069341       1.3070299      -12.868835      0.43003645       6.9293646       20.278226   1.3525865e-13       2.6917607      0.15904484       0.15904484      -16.631379      -16.631379
              7      -8.0318123      0.88506343       1.4041463      -12.856885      0.45474927       7.6747357        25.35983   1.3903215e-13       2.8493728       0.2223102        0.2223102      -16.508245      -16.508245
              1      -6.5373624      0.86417434       1.1554693      -12.931225      0.47339738       7.3143264       14.304389   1.1715873e-13       2.9743864      0.18923542       0.18923542      -13.453196      -13.453196
              3      -7.2198763      0.90940868      0.98483048      -12.950295      0.44087984       8.1172454       9.6567388   1.1212556e-13       2.7598142      0.31483527       0.31483527      -15.069423      -15.069423
              4      -8.4883817      0.77956931       1.1276608      -12.919099      0.65234178       6.0196232       13.417166   1.2047612e-13       4.4909868     0.091457246      0.091457246      -17.159678      -17.159678
              8      -8.0707546       0.8295985       1.1129794      -12.923001      0.60577438       6.7545824       12.971179   1.1939857e-13       4.0343575      0.10439685       0.10439685      -16.350303      -16.350303
              2      -8.1248248      0.82835785       1.1158452      -12.922222      0.60687731        6.735314       13.057053   1.1961277e-13       4.0446162      0.10215665       0.10215665      -16.453963      -16.453963
              2      -8.2696756       0.8319046       1.1288114      -12.917469      0.60749201       6.7905446        13.45276   1.2092918e-13       4.0503449     0.091700428      0.091700428      -16.722752      -16.722752
              6      -6.9486483      0.91973905         1.15708       -12.92699      0.38854288       8.3126414        14.35754   1.1830687e-13       2.4464868      0.27141939       0.27141939      -14.440135      -14.440135
              1      -7.3264255      0.90389002       1.1537633      -12.926676      0.40734072       8.0147507       14.248309   1.1839254e-13       2.5547048      0.24409796       0.24409796      -15.141047      -15.141047
              6      -7.8358777      0.90376076       1.1802757      -12.918069      0.41076283       8.0123656       15.145225   1.2076206e-13       2.5749146      0.22525973       0.22525973      -16.122275      -16.122275
              8      -8.3921134      0.89068087       1.1562446       -12.91656      0.41465689       7.7746504       14.329948   1.2118245e-13       2.5981061      0.20794792       0.20794792      -17.200123      -17.200123
              1      -8.3927192      0.88871471       1.1618362      -12.914767      0.41672163       7.7395321       14.515639   1.2168374e-13       2.6104876       0.2021559        0.2021559       -17.18975       -17.18975
              1      -8.3272419      0.90124271       1.1497374      -12.915907      0.39557634       7.9660442       14.116838   1.2136499e-13       2.4864306      0.22752484       0.22752484      -17.109533      -17.109533
              3       -8.371555      0.89718193       1.2010211      -12.912379      0.45576126       7.8919065        15.88624   1.2235471e-13       2.8560201       0.1800319        0.1800319      -17.103174      -17.103174
              6      -7.6044714      0.75321959       1.1004354      -12.929509       0.6877503       5.6652566       12.601882   1.1762265e-13       4.8724827      0.12423886       0.12423886       -15.45742       -15.45742
              1      -7.4933075      0.75306387       1.0977463      -12.930413      0.68829161       5.6632257       12.524092   1.1737818e-13       4.8785596      0.12680343       0.12680343      -15.240222      -15.240222
              9      -7.5023727      0.95652361       0.8831644      -12.980656      0.34816675       9.0473962       7.6412498    1.045547e-13       2.2292909      0.59946757       0.59946757      -16.203681      -16.203681
              2      -7.8139838      0.99381363      0.88819555      -12.980911      0.26926208       9.8585634       7.7302859   1.0449354e-13       1.8589259      0.72552433       0.72552433      -17.079016      -17.079016
              3      -8.2626195      0.91318085       1.2544446      -12.890794      0.40205191        8.188057       17.965718   1.2858952e-13       2.5237824      0.21084896       0.21084896      -16.946937      -16.946937
              2      -6.8196021      0.95522337       1.4861624      -12.842373      0.43234819       9.0203495       30.631089   1.4375645e-13       2.7061271      0.36772675       0.36772675      -14.374658      -14.374658
              8      -6.5616683       1.0382649       1.6151636      -12.769018      0.18643199       10.921062       41.225279   1.7020875e-13       1.5361442      0.97180605       0.97180605      -15.066949      -15.066949
              4      -6.6960445       1.0293752       1.6329192      -12.763609      0.19038379       10.699788       42.945652   1.7234205e-13       1.5501859      0.99195436       0.99195436      -15.375998      -15.375998
              1      -4.5042964        1.075468       1.6030085      -12.768335      0.10857392       11.897837       40.087459   1.7047657e-13       1.2840263       1.1393868        1.1393868      -11.287366      -11.287366
              7      -5.1736799       1.0926466       1.6508097      -12.762437       0.1098983        12.37789       44.751714   1.7280755e-13       1.2879479        1.256857         1.256857      -12.861074      -12.861074
              8      -6.1299331       1.1197607       1.6864916      -12.742379     0.083758239       13.175305       48.583809   1.8097593e-13       1.2127136       1.4557205        1.4557205      -15.171307      -15.171307
              3      -1.6081948       1.0437586       1.4722365      -12.794152      0.18288311       11.060089       29.664465     1.60638e-13       1.5236426      0.75128894       0.75128894      -4.7189674      -4.7189674
              7      -1.7666033       1.0605442        1.474551      -12.791457      0.15942149       11.495933        29.82298   1.6163777e-13       1.4435156      0.81852579       0.81852579      -5.1702581      -5.1702581
              6      -3.2801898       1.0553919       1.8068818      -12.729868      0.21198889       11.360354       64.103507   1.8626511e-13       1.6292544         1.41675          1.41675      -9.3938795      -9.3938795
              1      -6.1179249      0.97895231       1.1264601      -12.873786      0.18207894       9.5269154       13.380121   1.3372545e-13       1.5208239      0.47935604       0.47935604      -13.194562      -13.194562
              5      -5.8558991        1.122989       0.9010132      -12.979915     0.091875527       13.273608       7.9618354   1.0473327e-13       1.2355932       1.1861512        1.1861512      -14.084101      -14.084101
              5      -6.0306318        1.130353      0.89511191      -12.983968      0.09497157       13.500599       7.8543801   1.0376041e-13       1.2444331       1.2141751        1.2141751      -14.489614      -14.489614
              7      -6.3708947       1.1275496      0.89548102      -12.982758      0.09841291        13.41373       7.8610583   1.0405003e-13       1.2543332       1.1975141        1.1975141      -15.136818      -15.136818
              2      -7.3717659      0.94363905        0.861029      -12.985311      0.37373436       8.7829226       7.2615445   1.0344021e-13        2.364473      0.59965056       0.59965056      -15.942833      -15.942833
              2      -7.9335342      0.95075672      0.81841924      -12.998314      0.40086253       8.9280523         6.58293   1.0038905e-13       2.5168801      0.67388114       0.67388114      -17.214831      -17.214831
              5      -7.8884961      0.94573733      0.86226913      -12.992575      0.39921876       8.8254595       7.2823095   1.0172437e-13       2.5073719      0.60545887       0.60545887       -16.98791       -16.98791
              6       -7.132336      0.93186953      0.84281265      -12.999033      0.42770143       8.5480988       6.9632607   1.0022297e-13       2.6773271      0.61554546       0.61554546      -15.495763      -15.495763
              4      -6.9485417      0.95418468       0.7982702      -13.009325      0.40422107       8.9988017       6.2844923   9.7875712e-14       2.5364194      0.74272949       0.74272949      -15.382542      -15.382542
              5      -7.1847401      0.94473314      0.93973735      -12.978566      0.40384256       8.8050766       8.7043701   1.0505907e-13       2.5342098       0.4882329        0.4882329      -15.345946      -15.345946
              4      -7.9853416      0.98561657      0.89124248      -12.986419       0.3129696       9.6742336       7.7847108   1.0317666e-13       2.0557467      0.68163622       0.68163622      -17.333956      -17.333956
              2      -7.9961908       0.8140086        1.236731      -12.892856      0.67197783        6.516413       17.247693   1.2798049e-13       4.6987013     0.060168114      0.060168114      -16.112718      -16.112718
              5      -7.5713456      0.76855895        1.378415      -12.863854      0.64279856       5.8689302        23.90094   1.3681893e-13       4.3933779      0.12036704       0.12036704      -15.383425      -15.383425
              3      -7.8596932      0.79407915       1.4299891      -12.867007      0.58554803       6.2241371       26.914675   1.3582912e-13        3.850774      0.17908505       0.17908505      -16.077557      -16.077557
              3      -8.1532344      0.73328004       1.5188307      -12.847099      0.69668554       5.4110313       33.024081    1.422006e-13       4.9737682      0.27941575       0.27941575        -16.8653        -16.8653
              4      -8.2516336      0.75421627       1.5225059        -12.8536      0.70299764        5.678273       33.304725   1.4008775e-13       5.0465856      0.28058619       0.28058619       -17.06444       -17.06444
              1      -7.5690121      0.86260037       1.2528646      -12.887344      0.47049365       7.2878658       17.900478   1.2961511e-13       2.9545657      0.12976553       0.12976553      -15.397555      -15.397555
             11      -7.9895076      0.91152252        1.381619      -12.856972      0.39555083       8.1568509       24.077922    1.390043e-13       2.4862845      0.26200169       0.26200169      -16.503018      -16.503018
              1      -7.9441657      0.92192344       1.3849661       -12.85424      0.37532136       8.3545573       24.264207   1.3988133e-13       2.3731291       0.2882354        0.2882354      -16.464802      -16.464802
              4      -6.7796774       1.1072513       1.0720405      -12.929559       0.1850056       12.801219       11.804306   1.1760909e-13       1.5311072      0.76134278       0.76134278       -15.08204       -15.08204
              3      -8.3139787       0.9882678       1.3425793      -12.874966       0.4383311       9.7334723       22.007937   1.3336248e-13       2.7436651      0.27684886       0.27684886      -17.181655      -17.181655
             30      -8.3984563      0.99584921       1.3524577      -12.877408      0.43889502       9.9048798       22.514264   1.3261483e-13         2.74723      0.29542433       0.29542433      -17.387761      -17.387761
              2      -6.0019584      0.99673599       1.4331891       -12.85075      0.42145513       9.9251251       27.113723   1.4101005e-13       2.6390956      0.36031597       0.36031597      -12.724549      -12.724549
              4      -7.8019567       1.0474499       1.2195663      -12.895852      0.34136105       11.154495       16.579305   1.2710058e-13       2.1946287      0.40104888       0.40104888      -16.406011      -16.406011
              7      -7.9438504       1.0434197       1.1317908      -12.920831       0.2809017        11.05146       13.545367   1.1999654e-13        1.909421      0.49887704       0.49887704      -16.885455      -16.885455
              4      -7.4293935       0.9841084       1.1273963      -12.896384      0.46107485       9.6406963       13.408997    1.269452e-13       2.8911782       0.2030376        0.2030376      -15.264862      -15.264862
              4      -8.4605856       0.9763749       1.3054853      -12.876247      0.49151322       9.4705434       20.206231   1.3296972e-13       3.1010818      0.20507554       0.20507554      -17.331322      -17.331322
              8      -8.5453142      0.94968353       1.3204546      -12.869524      0.56309605       8.9060173       20.914843    1.350441e-13       3.6567566      0.14997807       0.14997807      -17.390584      -17.390584
              7      -8.2852745      0.91758476       1.4366851      -12.862987      0.54936054       8.2715093       27.332861   1.3709233e-13       3.5429134      0.22767055       0.22767055       -17.02589       -17.02589
              2      -8.1591551       0.8938509       1.3979248      -12.864292      0.56588665       7.8316072       24.999123     1.36681e-13       3.6803291      0.16987603       0.16987603      -16.658062      -16.658062
              1      -5.5771741      0.93481209       1.4332605      -12.849489       0.5052466       8.6062131        27.11818   1.4141993e-13        3.200712       0.2459751        0.2459751      -11.646298      -11.646298
              8      -7.7801219       1.0972811       1.0514066      -12.940124      0.17698588       12.510686       11.256583   1.1478267e-13       1.5030931      0.78850756       0.78850756      -17.137259      -17.137259
              9      -8.0770608       1.0562107       1.0644746       -12.94123      0.25379742       11.381792       11.600443   1.1449063e-13       1.7938967      0.60974932       0.60974932       -17.37362       -17.37362
              4      -6.3939579       1.0586685       1.0329408      -12.938034      0.24462391       11.446389       10.787998    1.153362e-13        1.756402      0.62492304       0.62492304      -14.037762      -14.037762
              1      -6.4021081       1.0587143       1.0330638      -12.938033      0.24471434       11.447597       10.791053   1.1533644e-13       1.7567677      0.62482765       0.62482765      -14.053871      -14.053871
             15      -7.1991612       1.0736779       1.0952074      -12.925813       0.2406517       11.848897        12.45109   1.1862806e-13       1.7404105      0.61009732       0.61009732      -15.618517      -15.618517
              9      -6.5343947       1.1239192        1.063242      -12.930635      0.16116563        13.30207       11.567566   1.1731805e-13       1.4493245      0.83470858       0.83470858      -14.738207      -14.738207
              3      -8.1655034      0.94533963       1.0768336      -12.924198      0.48241103       8.8173814       11.935307   1.1906977e-13       3.0367639      0.21357257       0.21357257      -16.758152      -16.758152
              2      -5.1750282      0.87609055        1.275941       -12.87353      0.54200623       7.5177963       18.877348   1.3380416e-13       3.4834231     0.089921287      0.089921287      -10.529899      -10.529899
              1      -5.9509881       0.8328909       1.3029822      -12.897313        0.633237       6.8059836       20.090103   1.2667395e-13       4.2977089      0.10495244       0.10495244      -12.111881      -12.111881
             10      -6.5332145      0.87517664       1.3711199      -12.878975      0.73879631       7.5019928       23.502816   1.3213732e-13       5.4801988      0.14501986       0.14501986      -13.356469      -13.356469
              4      -7.8692026      0.87593235       1.3585731      -12.886865      0.73666271       7.5150583       22.833531   1.2975828e-13       5.4533417       0.1452826        0.1452826       -16.02897       -16.02897
              1      -5.9764281      0.92505701       1.2897375       -12.89534      0.55021456       8.4150561       19.486664   1.2725062e-13       3.5498873      0.15198918       0.15198918      -12.256835      -12.256835
              3      -8.5094986      0.95117719       1.3482939      -12.874324      0.52464118       8.9367002       22.299436   1.3355982e-13        3.346888      0.19259724       0.19259724      -17.404192      -17.404192
              1      -8.5132375      0.95100829       1.3513802      -12.873264      0.52469577       8.9332254       22.458471   1.3388617e-13       3.3473087      0.19361549       0.19361549      -17.413706      -17.413706
              6      -8.3781707      0.75049745        1.168641      -12.880721      0.77520867       5.6298582       14.744871   1.3160694e-13       5.9594842     0.052749358      0.052749358       -16.86184       -16.86184
              1      -6.9792032      0.71067464       1.2654733      -12.863434      0.81609911       5.1365869       18.427792   1.3695112e-13       6.5478559      0.10159329       0.10159329      -14.161593      -14.161593
              1      -7.1645558      0.70657156       1.2667361      -12.864343      0.82020668       5.0882865       18.481454   1.3666503e-13       6.6100795      0.10762146       0.10762146      -14.544354      -14.544354
              4      -8.2123013      0.72059582       1.1172119      -12.895821      0.78242887       5.2552795       13.098209   1.2710986e-13       6.0593894     0.088016586      0.088016586      -16.600636      -16.600636
              8      -8.1392894      0.69878212       1.0862951      -12.899571      0.81148463       4.9978374       12.198181   1.2601682e-13       6.4786517      0.12214039       0.12214039       -16.52286       -16.52286
              2      -7.1299226       0.6808175        1.480445      -12.856516      0.84602228        4.795319        30.23048   1.3915033e-13       7.0149129      0.31877042       0.31877042      -14.897386      -14.897386
              4       -7.770956      0.85862889       1.5337223       -12.83349      0.47253734       7.2215245       34.176082   1.4672684e-13        2.968502      0.34439699       0.34439699      -16.230706      -16.230706
              5      -7.4521187       0.8584918       1.5528778      -12.829182      0.46680538       7.2192454       35.717228   1.4818984e-13       2.9295801      0.37519306       0.37519306      -15.654624      -15.654624
              2       -7.322719      0.84826342       1.6378654      -12.804642      0.49694129       7.0512063       43.437562   1.5680414e-13       3.1400842      0.49758896       0.49758896      -15.640616      -15.640616
             10      -7.0395419      0.74406147       1.6318521      -12.785964      0.55836892       5.5470421       42.840257   1.6369517e-13         3.61717       0.4815011        0.4815011      -15.042086      -15.042086
              5       -6.791601      0.74048507       1.5834129      -12.806695      0.59668804       5.5015501       38.318887   1.5606477e-13       3.9508273      0.37655624       0.37655624      -14.336314      -14.336314
              1      -7.9878548      0.99796853       1.2508807      -12.892444      0.36813071       9.9533329       17.818892   1.2810202e-13       2.3341605      0.31714195       0.31714195      -16.609994      -16.609994
              1      -8.2456616      0.95931015       1.2615146      -12.888784      0.44794856       9.1056331       18.260581   1.2918616e-13       2.8051014      0.20970733       0.20970733      -16.910738      -16.910738
             25      -6.9788223      0.95783081      0.72722116      -13.035147       0.3361431       9.0746694       5.3360656   9.2225866e-14       2.1684185       1.0212856        1.0212856      -16.000216      -16.000216
              5      -7.5773001      0.90740119      0.69243262      -13.040418      0.38617584       8.0798107       4.9252992   9.1113252e-14        2.433189       1.0103092        1.0103092      -17.175219      -17.175219
             10      -7.6837612      0.86528917      0.73323097      -13.027297      0.47224196       7.3331263       5.4104198   9.3908109e-14       2.9664836      0.80147695       0.80147695      -16.970476      -16.970476
              5      -7.7786606      0.85753267      0.72311193      -13.029358      0.41687014       7.2033194       5.2858146   9.3463391e-14       2.6113804      0.86302957       0.86302957       -17.28338       -17.28338
              1      -7.5429759      0.85577554      0.75602447      -13.024082      0.42147486        7.174234       5.7019639   9.4605744e-14       2.6392155      0.79020953       0.79020953      -16.666371      -16.666371
              1      -5.3309337      0.84828992      0.79998109      -13.010897      0.53601534       7.0516365       6.3092988   9.7522175e-14       3.4357008      0.60530476       0.60530476      -11.872477      -11.872477
             10      -7.1299997      0.71905512      0.98942417       -12.93161      0.73022257        5.236669       9.7594236   1.1705495e-13       5.3730709      0.17962286       0.17962286      -14.619245      -14.619245
              7      -6.9324138      0.74135566      0.97436814      -12.933807      0.70422323       5.5125896       9.4268834   1.1646446e-13       5.0608473      0.17741146       0.17741146      -14.219651      -14.219651
              2      -7.9701218      0.81719919      0.86390306      -12.973453      0.59801581       6.5644628        7.309759   1.0630331e-13       3.9629246      0.36743214       0.36743214      -16.675108      -16.675108
             10      -8.2120132      0.81883898       1.3379042       -12.88539      0.61963248       6.5892954       21.772296   1.3019967e-13       4.1651676      0.11049664       0.11049664       -16.64502       -16.64502
              4      -7.2681107      0.88271258        1.520216      -12.805702      0.38005518       7.6333043       33.129583   1.5642214e-13       2.3991377      0.41035524       0.41035524      -15.356932      -15.356932
              1      -5.5340486      0.91308932       1.6225196      -12.780315      0.31576587       8.1863313       41.929487   1.6583844e-13       2.0690256      0.67094758       0.67094758      -12.409992      -12.409992
             19      -5.9932904      0.96977807       1.5836231      -12.772837      0.25730931       9.3277751       38.337437   1.6871873e-13       1.8084617      0.73229837       0.73229837      -13.451177      -13.451177
             10      -6.8143034       1.0647517        1.497288      -12.786663      0.11876511       11.607848        31.42592   1.6343192e-13       1.3145137      0.92748609       0.92748609      -15.483579      -15.483579
              7      -6.8422279       1.0952132       1.3661657      -12.816143     0.069301379       12.451258       23.236233    1.527063e-13       1.1730091      0.91269508       0.91269508      -15.509846      -15.509846
             33      -6.8507631       1.0940637       1.3678715      -12.814856     0.071158997       12.418344        23.32768   1.5315939e-13       1.1780372      0.90884355       0.90884355      -15.519213      -15.519213
             16      -6.8930364       1.1133418       1.2108502      -12.861996      0.04827946       12.982006        16.24988   1.3740537e-13       1.1175822       0.9125968        0.9125968      -15.611266      -15.611266
              7      -7.4596987        1.037853       1.2811172      -12.864363      0.17792478       10.910708       19.103687   1.3665851e-13       1.5063461      0.59035795       0.59035795      -16.100113      -16.100113
             14      -6.8172037       1.0257495       1.2481542      -12.870547      0.21014468       10.610834       17.707375    1.347265e-13       1.6223505      0.51456354       0.51456354      -14.663534      -14.663534
             11      -7.0596565       1.1314265       1.2882811      -12.859099     0.087098961       13.534009       19.421425   1.3832509e-13       1.2220781      0.90263898       0.90263898      -15.924591      -15.924591
             14      -7.1866016       1.1123048       1.2885365      -12.860861      0.11119295       12.951046        19.43285   1.3776495e-13       1.2917931        0.823776         0.823776      -16.020755      -16.020755
              3      -7.1896329       1.1218313       1.1218616      -12.901639     0.072815049       13.238272       13.239196   1.2541822e-13       1.1825378      0.92001428       0.92001428      -16.219294      -16.219294
              6      -6.9339311       1.0663912       1.0834568       -12.92229      0.19279449       11.651752       12.118721   1.1959419e-13       1.5588147      0.66181955       0.66181955      -15.191501      -15.191501
             11      -8.2463301      0.97829029       1.3966701      -12.867827      0.37866446       9.5124041       24.927006    1.355728e-13       2.3914673      0.35509796       0.35509796      -17.202856      -17.202856
              8      -7.4234432      0.86351017       1.4017907      -12.859246      0.60285223       7.3031492        25.22265   1.3827827e-13       4.0073034      0.14667459       0.14667459      -15.140236      -15.140236
              7      -8.3957416      0.84110287        1.335728      -12.869415      0.65135151       6.9359008       21.663467   1.3507824e-13       4.4807582     0.087974388      0.087974388      -16.967432      -16.967432
             20      -8.6034764      0.84260324       1.2812938       -12.88197       0.6311408       6.9599039       19.111455   1.3122892e-13       4.2770153      0.07017669       0.07017669      -17.347306      -17.347306
              5      -8.5889023      0.82184908        1.263794      -12.883189       0.6549346       6.6351246       18.356674   1.3086116e-13       4.5178791     0.058154059      0.058154059      -17.294113      -17.294113
              6      -7.8536877      0.85390121       1.2154796       -12.90096      0.60740654       7.1433381       16.424025    1.256147e-13       4.0495479     0.077903993      0.077903993      -15.863183      -15.863183
             18      -6.7367155      0.88037557        1.212058      -12.873596      0.30499454       7.5923387       16.295138   1.3378381e-13        2.018341      0.25307166       0.25307166      -13.979574      -13.979574
             13      -7.2860012      0.88533817       1.2075982      -12.871564      0.29830197       7.6795924       16.128657   1.3441138e-13       1.9874763      0.25950841       0.25950841      -15.091019      -15.091019
             20      -6.8777098        0.862889       1.1772752      -12.880356      0.31720292       7.2927109       15.040947   1.3171773e-13       2.0758833      0.23210542       0.23210542      -14.219631      -14.219631
              3      -7.0891983      0.86308882        1.181178      -12.871557      0.33233723       7.2960672       15.176723   1.3441361e-13       2.1494989      0.20528752       0.20528752      -14.588972      -14.588972
              2      -7.5070532      0.86883863       1.3065631      -12.850989      0.36057104       7.3933052        20.25644    1.409324e-13       2.2938818      0.21277334       0.21277334      -15.439653      -15.439653
              2      -6.9149594      0.81772025       1.2746906      -12.864838      0.39545159       6.5723434       18.823077   1.3650915e-13       2.4857165      0.16229438       0.16229438      -14.154508      -14.154508
              2      -6.9420452      0.93768259      0.75719235      -13.024891      0.32014117       8.6632848        5.717318   9.4429892e-14       2.0899754      0.93294861       0.93294861      -15.749988      -15.749988
              1      -6.3255142      0.76848803      0.79014002      -12.993682      0.60723711        5.867972       6.1679383   1.0146547e-13       4.0479683       0.5221565        0.5221565      -13.695341      -13.695341
              6      -6.0905413      0.72760373      0.43337032      -13.098602      0.60423188       5.3407682       2.7125036   7.9688891e-14       4.0200539       1.7182309        1.7182309      -15.617544      -15.617544
              3      -5.7929052      0.80001799      0.40575106      -13.108196      0.48757027       6.3098349       2.5453708   7.7947848e-14       3.0730546       1.8743738        1.8743738      -15.334558      -15.334558
              3      -6.1850179      0.79022037      0.53183685      -13.071814       0.4769893       6.1690796       3.4028034   8.4758995e-14       2.9990887       1.3682729        1.3682729      -15.106582      -15.106582
              5      -7.0227454      0.84047905      0.51081059      -13.082569      0.40694057       6.9259452       3.2419819   8.2685811e-14        2.552352        1.529343         1.529343      -17.104177      -17.104177
              4      -7.5454998      0.68800211      0.85829037      -12.994433      0.70331293       4.8753085       7.2158978    1.012902e-13       5.0502507      0.49209351       0.49209351      -16.075187      -16.075187
              3      -7.6693727      0.70843691      0.81038316      -13.008641      0.65907323       5.1101884       6.4622411   9.8029938e-14       4.5611382      0.58350286       0.58350286      -16.505751      -16.505751
              2      -7.5488769      0.70742897      0.80970083      -13.009187      0.66227801        5.098342       6.4520961   9.7906745e-14       4.5949206      0.58719137       0.58719137      -16.272137      -16.272137
              1       -7.805615       0.6785937      0.76716119       -13.01034      0.71947253       4.7708273       5.8500717     9.76473e-14       5.2417044      0.66571923       0.66571923      -16.942668      -16.942668
              5      -7.2528168      0.72886093      0.72657348      -13.016013      0.64262393       5.3562511       5.3281136   9.6379943e-14       4.3916117      0.70755185       0.70755185      -15.920737      -15.920737
              1       -7.079484      0.66888024        0.834314      -13.002179       0.7248367       4.6653072       6.8283221   9.9499576e-14       5.3068487      0.56543507       0.56543507      -15.289838      -15.289838
              5      -8.1074809      0.72051237      0.98566676      -12.965565      0.63307828       5.2542698       9.6753516   1.0825165e-13       4.2961385      0.27679569       0.27679569      -16.768553      -16.768553
              5      -8.3360655      0.77621787       0.9466462      -12.971505      0.58305249       5.9733488       8.8439484    1.067812e-13       3.8287102      0.30659303       0.30659303      -17.285317      -17.285317
              2      -7.5762866      0.89838114      0.89630466      -12.985976      0.36942666       7.9137283       7.8759809   1.0328194e-13       2.3411361      0.54693669       0.54693669      -16.246447      -16.246447
              2      -8.2144259      0.90189427       1.0068175       -12.95203       0.4272335       7.9780043       10.158216   1.1167862e-13        2.674444      0.31672532       0.31672532      -17.062302      -17.062302
              1      -7.8217316      0.87950279      0.97089471      -12.957954      0.45588885       7.5770959       9.3517892   1.1016571e-13       2.8568593      0.31959096       0.31959096      -16.282645      -16.282645
              1      -8.2532593      0.89352351      0.92388825      -12.973557      0.46607407       7.8257057       8.3924401   1.0627792e-13       2.9246512      0.39978173       0.39978173      -17.306082      -17.306082
              2      -4.4670698      0.83203158       1.0335104      -12.956905      0.57832192       6.7925302       10.802155   1.1043197e-13       3.7872321      0.21788398       0.21788398      -9.3699075      -9.3699075
              4      -7.1036444      0.80906744       1.1029306      -12.934957      0.60884636        6.442693       12.674492   1.1615637e-13       4.0629957       0.1330188        0.1330188      -14.473326      -14.473326
             16       -8.275787      0.91363238      0.95643545      -12.966882      0.44056444       8.1965743       9.0455598   1.0792406e-13       2.7578106      0.38539907       0.38539907      -17.322372      -17.322372
              6      -7.9345753       1.0017531       1.1278589      -12.916055      0.26364477       10.040448       13.423288   1.2132352e-13       1.8350368      0.45697968       0.45697968       -16.78311       -16.78311
              1      -7.2514516       1.0015156       1.1824974      -12.902212      0.29829193       10.034959         15.2229   1.2525287e-13       1.9874304      0.39162373       0.39162373      -15.286151      -15.286151
             32        -8.04686       1.0541294       1.1057225      -12.919674      0.33947162       11.327378       12.756235   1.2031678e-13       2.1851015       0.4436549        0.4436549       -16.98103       -16.98103
              2       -7.131118       0.8797298       1.6719876      -12.789186      0.43885182       7.5810577       46.988072   1.6248525e-13       2.7469567      0.61839849       0.61839849      -15.499033      -15.499033
              2      -7.1442182      0.89686672       1.7538248      -12.782548      0.43947188       7.8861806       56.731575   1.6498784e-13       2.7508815      0.79865253       0.79865253      -15.885741      -15.885741
              7      -7.2094033      0.93736848       1.6742058      -12.791994      0.36416258       8.6570211       47.228679   1.6143814e-13       2.3129305      0.71899125       0.71899125      -15.856789      -15.856789
              8      -7.2371773      0.94310508       1.6695215      -12.796819      0.36668313       8.7721304       46.722011   1.5965459e-13       2.3263933      0.70860985       0.70860985      -15.891574      -15.891574
              4      -7.4657428      0.84441421       1.3666269      -12.817048      0.33295999       6.9889866        23.26092   1.5238847e-13       2.1525834      0.27194303       0.27194303      -15.475372      -15.475372
              9      -7.4558599      0.85089153       1.4302544      -12.814537      0.37188607       7.0940056       26.931116    1.532721e-13       2.3544315      0.29469442       0.29469442      -15.501109      -15.501109
              5      -8.4315354      0.97878401       1.3111377      -12.883832      0.45346507       9.5232243       20.470935   1.3066767e-13       2.8409597      0.24535262       0.24535262      -17.353776      -17.353776
              8      -8.4501977      0.98107421       1.3182838      -12.881548      0.44570785       9.5735765       20.810563   1.3135664e-13        2.790666      0.25479633       0.25479633      -17.409988      -17.409988
              8      -8.5384945      0.88963903       1.2686067      -12.881913       0.5774663       7.7560219       18.561227   1.3124619e-13       3.7797781     0.090132733      0.090132733      -17.257254      -17.257254
              3      -7.9787934      0.86509935       1.2921572       -12.87399      0.60099497        7.329922       19.595536   1.3366264e-13       3.9902028     0.077114238      0.077114238      -16.111815      -16.111815
              1      -6.4721151      0.88817896       1.2960499      -12.872636      0.53822442       7.7299905       19.771969   1.3407995e-13       3.4532213      0.10707324       0.10707324      -13.158377      -13.158377
              8      -7.2576072      0.91538135       1.2435308      -12.886104      0.49614122       8.2296497       17.519867   1.2998585e-13       3.1343048      0.13331233       0.13331233      -14.781839      -14.781839
              1       -8.086343       1.0122968       1.4049986        -12.8654      0.33022523       10.287192       25.409644   1.3633256e-13       2.1390711      0.44793866       0.44793866      -17.068563      -17.068563
             18      -7.6685804      0.89758869       1.5461445      -12.810185      0.38240477       7.8993014       35.167745   1.5481579e-13       2.4121526      0.45021668       0.45021668      -16.237594      -16.237594
             13      -8.5417817       0.7892449        1.277168        -12.8923      0.64831686       6.1552387       18.930758   1.2814449e-13       4.4495579     0.080192774      0.080192774      -17.243949      -17.243949
              2      -7.5544595      0.97763803       1.4520739      -12.871606      0.44889842       9.4981283       28.318741   1.3439822e-13       2.8112432      0.35826299       0.35826299      -15.825445      -15.825445
              2      -7.9214175       1.0236562        1.397962      -12.873345      0.34803229       10.559812       25.001267   1.3386116e-13       2.2286008       0.4447937        0.4447937      -16.732422      -16.732422
              1      -8.4097403      0.96712373       1.1813244      -12.911223      0.40151905       9.2709392       15.181838   1.2268095e-13       2.5206877      0.26626406       0.26626406      -17.352009      -17.352009
              2      -8.4973328      0.76599453        1.378043      -12.874147       0.7373954       5.8343776       23.880476   1.3361436e-13       5.4625496      0.13845032       0.13845032      -17.271566      -17.271566
             14       -8.196868      0.74165308       1.3874184      -12.876953      0.79172497       5.5163661       24.401605   1.3275396e-13       6.1904892      0.17580477       0.17580477      -16.745345      -16.745345
              1      -4.0150042      0.83078005       1.5129851      -12.839806      0.64714545        6.772984       32.582549    1.446084e-13       4.4375723      0.25048062       0.25048062      -8.5309696      -8.5309696
              8      -5.8823849      0.85877813       1.4646034      -12.880908      0.61171809       7.2240065       29.147638   1.3155037e-13       4.0899508      0.23441331       0.23441331      -12.233596      -12.233596
             12       -7.284279      0.85652922       1.5825258      -12.886424      0.67661561        7.186695       38.240698   1.2989009e-13        4.749147      0.39978165       0.39978165      -15.368121      -15.368121
             11        -6.77485      0.85608719       1.5590061      -12.894811      0.67615351       7.1793842       36.224812   1.2740579e-13       4.7440965      0.37649026       0.37649026       -14.30268       -14.30268
              2       -7.288681      0.85791394       1.5445757      -12.894609      0.69309114        7.209646       35.040936   1.2746491e-13       4.9327731      0.35620993       0.35620993      -15.289782      -15.289782
              6      -6.0238695      0.96856744       1.8028308      -12.836504      0.48035835       9.3018096       63.508348   1.4571212e-13       3.0224446      0.91473764       0.91473764      -13.877214      -13.877214
              2      -6.9186429      0.83981429       1.6701241      -12.876212       0.6686911        6.915352       46.786886   1.3298051e-13       4.6632758      0.53427703       0.53427703       -14.90584       -14.90584
              8      -6.5516001      0.94805684       1.4216915      -12.860801      0.35409097       8.8727214       26.405322   1.3778406e-13       2.2599091      0.36955057       0.36955057      -13.842301      -13.842301
              4      -5.5683339      0.77306554       1.3556974      -12.891167      0.72678724        5.930148       22.682837   1.2847938e-13       5.3307367      0.13913255       0.13913255      -11.414933      -11.414933
              1      -5.7266507      0.89226191       1.2996621      -12.900998      0.45816023       7.8030054       19.937106   1.2560364e-13       2.8718399       0.1975167        0.1975167      -11.848335      -11.848335
              3      -6.0480192       1.0891751       1.8358349      -12.735155      0.17155033       12.279343       68.522772   1.8401134e-13       1.4843979       1.5907421        1.5907421      -15.277523      -15.277523
              2      -5.8541214       1.0939428       1.8337083      -12.737906      0.16493727       12.414887       68.188049   1.8284967e-13        1.461966       1.5985432        1.5985432      -14.905329      -14.905329
              2      -6.2356437       1.0424181        1.707934      -12.776366      0.25827673       11.026003       51.042737   1.6735304e-13       1.8124946        1.036683         1.036683      -14.544653      -14.544653
              1      -6.0652014      0.94810993       1.7096867      -12.787178      0.39292638       8.8738059       51.249154   1.6323841e-13       2.4713052      0.77417466       0.77417466      -13.678752      -13.678752
              5      -7.2157923      0.95730676       1.7094643      -12.792922      0.37834367       9.0637259       51.222916   1.6109345e-13       2.3897016      0.79020846       0.79020846      -16.012002      -16.012002
              5      -8.0207023      0.83376489       1.4456603      -12.876664      0.67731719       6.8196941       27.903605   1.3284223e-13       4.7568252      0.19685413       0.19685413      -16.435113      -16.435113
              3      -6.2517318      0.63414767       1.5015234      -12.910052      0.98419525       4.3067303       31.733893   1.2301214e-13       9.6426244       0.5749748        0.5749748      -13.653413      -13.653413
             12      -6.5171831      0.66687659       1.4742105      -12.902474      0.92073374       4.6438329       29.799603   1.2517747e-13       8.3317023      0.43523786       0.43523786      -13.904842      -13.904842
              1      -7.6789359      0.76753088       1.3840413      -12.892992      0.85541883       5.8550537       24.212595   1.2794053e-13       7.1683439      0.21926854       0.21926854      -15.796409      -15.796409
              1      -7.9089212       1.0425585       1.1715251        -12.9087      0.24494018       11.029568       14.843117   1.2339581e-13       1.7576815      0.52313364       0.52313364       -16.86411       -16.86411
             29      -7.8224423       1.0397174       1.1664922      -12.909552      0.25271535        10.95765       14.672096   1.2315379e-13       1.7894326      0.50947092       0.50947092      -16.663826      -16.663826
