#        weight    minuslogpost         logphi0          loggst           logV0           logQ0            phi0             gst              V0              Q0   minuslogprior minuslogprior__0            chi2       chi2__stb
              4       493.31874      0.64743256       1.3570637      -12.913158       1.1612139        4.440507       22.754313   1.2213558e-13       14.494856      0.64771289       0.64771289       985.34206       985.34206
             13    -0.074516081      0.69344456       1.3064057        -12.9378       1.0260987       4.9367889       20.249099   1.1539849e-13        10.61937       0.4441319        0.4441319       -1.037296       -1.037296
              8     0.022159801      0.69414274       1.3056502      -12.938116       1.0258316       4.9447318       20.213902   1.1531445e-13        10.61284      0.44370204       0.44370204     -0.84308448     -0.84308448
              7      -2.2955976       0.7184163       1.3376879      -12.949759      0.98168383       5.2289718       21.761451   1.1226421e-13       9.5870243      0.43542041       0.43542041       -5.462036       -5.462036
             46      -5.3247034      0.69481138        1.336957        -12.9463       0.9894954       4.9523505       21.724858   1.1316195e-13       9.7610244      0.44764201       0.44764201      -11.544691      -11.544691
             10      -5.2888462      0.68784355       1.2989011      -12.940699       1.0120352        4.873529       19.902199   1.1463068e-13       10.280997      0.43539188       0.43539188      -11.448476      -11.448476
              7      -5.0111376      0.68853466       1.2993788       -12.94978        1.020064       4.8812906       19.924104   1.1225874e-13       10.472829      0.47044534       0.47044534      -10.963166      -10.963166
              4      -8.3713382       0.6528926       1.2727685      -12.883036      0.83242592       4.4966864       18.739953   1.3090747e-13       6.7987007      0.18147933       0.18147933      -17.105635      -17.105635
              8       -8.595381      0.84449364       1.3054123      -12.886282       0.5599867       6.9902649       20.202836   1.2993257e-13       3.6306694       0.1077094        0.1077094      -17.406181      -17.406181
              6      -8.3726033      0.91494446       1.2848951      -12.893599      0.49030851       8.2213751       19.270594   1.2776176e-13       3.0924915      0.16841512       0.16841512      -17.082037      -17.082037
              3      -7.0198816      0.90072522        1.300236      -12.898839      0.48598982       7.9565578       19.963469   1.2622945e-13       3.0618917      0.18063704       0.18063704      -14.401037      -14.401037
              4      -5.8528693      0.90521538       1.3089846       -12.90078      0.48204109       8.0392472       20.369699   1.2566666e-13       3.0341782      0.19450554       0.19450554       -12.09475       -12.09475
              7      -6.5710061      0.93029829       1.2767291      -12.903123       0.4857782       8.5172283       18.911636   1.2499057e-13          3.0604       0.1936982        0.1936982      -13.529409      -13.529409
              7      -6.5716306      0.93379333       1.2757936      -12.903076      0.48381403       8.5860484       18.870944   1.2500397e-13       3.0465902       0.1968368        0.1968368      -13.536935      -13.536935
              7      -7.5331095       0.9844373       1.2345223      -12.888721      0.50173538           9.648       17.160199   1.2920496e-13        3.174939      0.18846096       0.18846096      -15.443141      -15.443141
             35      -8.3373892      0.93082773        1.250219      -12.875741      0.58673099       8.5276178       17.791763   1.3312473e-13       3.8612773     0.095499115      0.095499115      -16.865777      -16.865777
              8      -8.1513413      0.94161945       1.2483018      -12.872245      0.59567312        8.742174       17.713394   1.3420066e-13       3.9416052     0.096471449      0.096471449      -16.495626      -16.495626
              8      -7.4071641      0.81996827        1.116183      -12.919604      0.52323552       6.6064518       13.067215   1.2033625e-13       3.3360728      0.12342906       0.12342906      -15.061186      -15.061186
             11        -8.40267      0.78757167       1.1061992      -12.926885       0.5294502       6.1315697       12.770244   1.1833546e-13       3.3841546      0.13947609       0.13947609      -17.084292      -17.084292
              2      -8.2867948       0.7869045       1.1210672      -12.921672      0.52980539       6.1221575       13.215001   1.1976434e-13       3.3869235      0.12663653       0.12663653      -16.826863      -16.826863
             19       -8.562393      0.78780894       1.1031563      -12.931244      0.56988226       6.1349205       12.681083   1.1715369e-13       3.7143451      0.13494547       0.13494547      -17.394677      -17.394677
             12      -8.5471221       0.7921878       1.0775517      -12.937882      0.57939589       6.1970899       11.955058   1.1537663e-13       3.7966091       0.1516191        0.1516191      -17.397482      -17.397482
             14      -8.5239269      0.79075633       1.0792203      -12.937223      0.54762301       6.1766974        12.00108   1.1555175e-13       3.5287672      0.16055223       0.16055223      -17.368958      -17.368958
              4      -8.4339875      0.79016015       1.0861343      -12.934316      0.51847163       6.1682242       12.193667   1.1632788e-13       3.2996785      0.16478256       0.16478256       -17.19754       -17.19754
             16      -8.4810282      0.78270395       1.0881423      -12.933218      0.56902977       6.0632287       12.250175   1.1662246e-13       3.7070613      0.14238376       0.14238376      -17.246824      -17.246824
              5      -8.3662162      0.94447603       1.0789265      -12.930404      0.44451776       8.7998655       11.992962    1.173806e-13       2.7830292      0.25298458       0.25298458      -17.238402      -17.238402
              1      -7.3411603      0.95438366        1.072274      -12.925511      0.48582071       9.0029255       11.810655   1.1871044e-13       3.0606996      0.22299059       0.22299059      -15.128302      -15.128302
              5      -6.6606708       0.9523176       1.0669282      -12.917108      0.51487541       8.9601978       11.666167    1.210298e-13        3.272468      0.18690795       0.18690795      -13.695157      -13.695157
             19      -6.0313335      0.69221247       1.1349806      -12.937632      0.66763549       4.9228031       13.645223   1.1544314e-13       4.6519548      0.17694573       0.17694573      -12.416558      -12.416558
             13      -5.5500472      0.69663745       1.1342018      -12.937625      0.71165563       4.9732175       13.620775     1.15445e-13       5.1482026      0.17689149       0.17689149      -11.453877      -11.453877
              5      -7.5104059      0.81802775       1.1579208       -12.88901      0.65565074       6.5769987       14.385361   1.2911895e-13       4.5253351     0.033674634      0.033674634      -15.088161      -15.088161
             24      -8.3693904      0.90396069       1.1044719      -12.931003      0.40354344        8.016055       12.719555   1.1721877e-13       2.5324649      0.25673661       0.25673661      -17.252254      -17.252254
             10      -8.0487525      0.90934633       1.1018828      -12.932561      0.37916474       8.1160802       12.643951   1.1679895e-13       2.3942238      0.28592266       0.28592266       -16.66935       -16.66935
              9      -7.8788785      0.88577969       1.1083139       -12.92713      0.38152468       7.6874037       12.832578   1.1826881e-13       2.4072693       0.2573877        0.2573877      -16.272532      -16.272532
              2      -8.4379392      0.89839784       1.1233743      -12.914671      0.53026669       7.9140327       13.285391   1.2171075e-13        3.390523      0.13210107       0.13210107       -17.14008       -17.14008
              4      -8.4292991      0.83272323       1.1623246      -12.913695      0.47183787       6.8033565       14.531973   1.2198463e-13       2.9637248      0.14303002       0.14303002      -17.144658      -17.144658
             15      -8.3274773      0.84580859        1.162318      -12.912184       0.4658879       7.0114621       14.531751   1.2240974e-13       2.9233977      0.14592593       0.14592593      -16.946806      -16.946806
              2      -5.7759343      0.82261552       1.1373404      -12.909258      0.53732031       6.6468445       13.719566   1.2323737e-13         3.44604     0.095530108      0.095530108      -11.742929      -11.742929
             10      -7.1271718      0.78284857       1.1499522      -12.890526      0.74660072       6.0652481        14.12382   1.2866917e-13       5.5795699     0.047216833      0.047216833      -14.348777      -14.348777
             20      -8.1426339      0.67472295       1.1698382      -12.893717      0.81612182       4.7284952       14.785575   1.2772703e-13       6.5481983      0.13444729       0.13444729      -16.554162      -16.554162
              2      -8.4424639      0.69769718       1.3595411      -12.877786      0.70333576       4.9853676       22.884481   1.3249957e-13       5.0505161       0.1540023        0.1540023      -17.192932      -17.192932
             17      -7.7746514      0.68743594       1.3626985      -12.878343      0.68015061        4.868957       23.051465   1.3232963e-13        4.787961      0.16286591       0.16286591      -15.875035      -15.875035
              9      -7.7940565      0.71638095       1.3486496      -12.881658      0.64735295       5.2045232       22.317708   1.3132343e-13       4.4396931      0.13725368       0.13725368       -15.86262       -15.86262
              4      -7.9511525      0.70733682       1.3485611      -12.871272      0.72428468       5.0972604       22.313161   1.3450173e-13       5.3001075       0.1342558        0.1342558      -16.170816      -16.170816
              6      -8.3925892      0.64163543       1.3572815      -12.868902      0.91228249       4.3816272       22.765724    1.352379e-13       8.1711369      0.28485226       0.28485226      -17.354883      -17.354883
              6      -8.6272143      0.77586693       1.2573362      -12.859423      0.81351262       5.9685238       18.085735   1.3822201e-13       6.5089752     0.066210129      0.066210129      -17.386849      -17.386849
              4      -8.2102776      0.80696418       1.2494514       -12.87259      0.69970049       6.4115669       17.760346   1.3409417e-13        5.008417     0.039061127      0.039061127      -16.498677      -16.498677
              5      -7.8768308      0.65944487       1.1219748      -12.883143      0.87554669        4.565043       13.242647   1.3087508e-13       7.5083877      0.16189668       0.16189668      -16.077455      -16.077455
              8      -7.7708911      0.65617802       1.1224414       -12.88603      0.87060463       4.5308327       13.256881   1.3000797e-13       7.4234301      0.16575666       0.16575666      -15.873296      -15.873296
             13      -7.4782864      0.61229086       1.1250301      -12.886225      0.91759783       4.0953484       13.336139   1.2994961e-13       8.2717583      0.24754648       0.24754648      -15.451666      -15.451666
              1      -7.8686154       0.6153106        1.124746      -12.886334      0.92109241       4.1239235       13.327417   1.2991686e-13        8.338586      0.24696283       0.24696283      -16.231156      -16.231156
             16      -7.4963492      0.61808349       1.1210598      -12.885853      0.91300197       4.1503382       13.214777   1.3006092e-13       8.1846849      0.23641457       0.23641457      -15.465527      -15.465527
             13      -7.7052889      0.59400694        1.116431      -12.862918      0.99472399       3.9265121       13.074677   1.3711394e-13       9.8792504      0.31508021       0.31508021      -16.040738      -16.040738
            112      -7.0623088      0.50261323       1.0370973      -12.825929       1.1704503        3.181363        10.89174   1.4930378e-13       14.806427      0.69187202       0.69187202      -15.508362      -15.508362
              1      -5.3670633      0.45674944       1.1355621      -12.835709       1.2815708        2.862526       13.663505   1.4597911e-13       19.123651      0.97523353       0.97523353      -12.684594      -12.684594
              1      -8.0996192      0.63148919       1.1666514      -12.816598       1.0766599       4.2804477       14.677478   1.5254626e-13       11.930534      0.35520633       0.35520633      -16.909651      -16.909651
              1      -7.7139311      0.66350706       1.1323603      -12.818668      0.98743782       4.6079426       13.563143   1.5182098e-13       9.7148884      0.21411891       0.21411891        -15.8561        -15.8561
              4      -7.6869758       0.5524289       1.1117817      -12.844078       1.0808441       3.5680333       12.935453   1.4319313e-13       12.046035      0.46563175       0.46563175      -16.305215      -16.305215
             17      -7.9605135      0.58325404       1.1395454      -12.833529       1.0671384       3.8304874         13.7894   1.4671369e-13       11.671815      0.39915418       0.39915418      -16.719335      -16.719335
             26      -7.7574775      0.47652336       1.2134556      -12.851679       1.1971922       2.9958727       16.347661    1.407086e-13       15.746797      0.79882326       0.79882326      -17.112601      -17.112601
             10       -7.727641       0.5597948       1.2012213      -12.852102       1.1674817       3.6290654       15.893563   1.4057186e-13       14.705564      0.59834483       0.59834483      -16.651972      -16.651972
              5      -7.9754878      0.52252775       1.2234445      -12.877669        1.032159       3.3306405       16.728018   1.3253527e-13       10.768594        0.500508         0.500508      -16.951992      -16.951992
              9      -8.0901411      0.53300816       1.2192444      -12.880556       1.0189529       3.4119932        16.56702   1.3165696e-13       10.446069      0.46950268       0.46950268      -17.119288      -17.119288
              3      -7.9569873      0.53071784       1.2184693      -12.879457       1.0159596       3.3940469       16.537477   1.3199045e-13       10.374318      0.46824949       0.46824949      -16.850474      -16.850474
              3      -8.1351721      0.77407232       1.2112005       -12.87709      0.77067592       5.9439113       16.262994   1.3271202e-13       5.8976083     0.049669208      0.049669208      -16.369683      -16.369683
              5      -6.4483225       0.7394285       1.2287373      -12.881115      0.72108185       5.4881819        16.93313   1.3148753e-13       5.2611641      0.05965916       0.05965916      -13.015963      -13.015963
             12      -8.2620964      0.76176739       1.2326045      -12.877559      0.77893756        5.777865       17.084589   1.3256855e-13       6.0108731     0.063780353      0.063780353      -16.651753      -16.651753
              3      -8.2740695      0.77800687       1.1755616      -12.854501      0.81861904       5.9980056       14.981719   1.3979746e-13       6.5859593     0.037547523      0.037547523      -16.623234      -16.623234
             10      -8.3929311      0.69716366       1.1157064      -12.796816       1.0384703       4.9792469       13.052881   1.5965536e-13       10.926229      0.25355605       0.25355605      -17.292974      -17.292974
              2      -8.3125211      0.68090738        1.119497      -12.795022        1.053156       4.7963115       13.167309   1.6031643e-13       11.302019      0.28479653       0.28479653      -17.194635      -17.194635
             10      -8.1514952      0.58435688       1.1831067      -12.851494       1.0420919       3.8402268       15.244272    1.407688e-13       11.017724      0.37982077       0.37982077      -17.062632      -17.062632
              1      -7.3626089      0.59365297       1.1517882      -12.818423        1.166197       3.9233131       14.183658   1.5190656e-13       14.662127      0.53040766       0.53040766      -15.786033      -15.786033
              6      -8.0755858       0.7513332        1.142571      -12.810636      0.97518327       5.6407025       13.885802   1.5465486e-13       9.4445935      0.14916778       0.14916778      -16.449507      -16.449507
              4      -8.1103202      0.57617655        1.131981      -12.814212        1.136201       3.7685697       13.551302   1.5338687e-13       13.683621      0.50654475       0.50654475       -17.23373       -17.23373
              8      -7.6352427       0.7015349       1.1116997      -12.817534       1.0498262       5.0296168       12.933011   1.5221815e-13       11.215696      0.25586209       0.25586209       -15.78221       -15.78221
             11      -7.1345796      0.64367212       1.1197387      -12.819834       1.0738296       4.4022238       13.174637   1.5141407e-13       11.853036      0.33455516       0.33455516      -14.938269      -14.938269
              1      -7.8600008      0.62592957       1.1268143       -12.81733        1.085176       4.2260007       13.391041   1.5228965e-13        12.16679      0.36907955       0.36907955      -16.458161      -16.458161
              4       -7.600682      0.66416804       1.1978872      -12.858587       1.0650816       4.6149611       15.772017   1.3848833e-13       11.616669      0.32725815       0.32725815       -15.85588       -15.85588
             14      -6.9512999      0.70598377       1.0405532      -12.857939      0.89395812       5.0814045       10.978758   1.3869508e-13        7.833541      0.12224476       0.12224476      -14.147089      -14.147089
              1      -6.1502077      0.79339456       1.0454373      -12.870389      0.78018214       6.2143336       11.102921   1.3477545e-13       6.0281235     0.037641653      0.037641653      -12.375699      -12.375699
             16      -7.8720292      0.69596139       1.0574202      -12.894841      0.82657914       4.9654817       11.413534   1.2739706e-13       6.7077851      0.12815126       0.12815126      -16.000361      -16.000361
              2      -8.1672663        0.835001       1.0538633      -12.939602       0.4367873       6.8391323       11.320439   1.1492074e-13       2.7339294      0.23556529       0.23556529      -16.805663      -16.805663
             14      -8.1524143        0.834826       1.0538902      -12.939811      0.43715472       6.8363769       11.321141   1.1486532e-13       2.7362434      0.23583419       0.23583419      -16.776497      -16.776497
              6      -8.0923308      0.84974831       1.0555313      -12.936591      0.44870274       7.0753561       11.364002   1.1572003e-13       2.8099769      0.22109185       0.22109185      -16.626845      -16.626845
              2      -8.3234219      0.82257799       1.0592354      -12.938081      0.48518094       6.6462701       11.461341   1.1532378e-13       3.0561942      0.19633072       0.19633072      -17.039505      -17.039505
             10       -8.315943      0.85289714       1.0353905      -12.939635      0.56000906       7.1268421        10.84902   1.1491199e-13       3.6308563      0.17612544       0.17612544      -16.984137      -16.984137
              2      -8.2693261      0.85384738       1.0393865      -12.939608      0.55901194       7.1424528       10.949305   1.1491892e-13       3.6225296      0.17550348       0.17550348      -16.889659      -16.889659
              9      -7.8652156      0.79658735       1.0387472      -12.927658      0.44110287       6.2601877       10.933197   1.1812513e-13       2.7612318      0.20399649       0.20399649      -16.138424      -16.138424
              2      -7.7271654      0.79834928       1.0388519      -12.927577       0.4429291       6.2856368       10.935833   1.1814707e-13       2.7728674      0.20228248       0.20228248      -15.858896      -15.858896
             13      -8.0962252      0.82125935       1.0400378      -12.931529      0.41682891       6.6261208       10.965735   1.1707697e-13       2.6111325      0.23189465       0.23189465       -16.65624       -16.65624
              6       -6.854045      0.78804506      0.99491543      -12.957702      0.62939629       6.1382569       9.8836062   1.1022956e-13       4.2598695       0.2241698        0.2241698       -14.15643       -14.15643
             27      -7.7230963      0.76465561       1.0081281      -12.958883      0.62344221        5.816418        10.18892   1.0993029e-13       4.2018661      0.22823438       0.22823438      -15.902661      -15.902661
              2      -8.1276152      0.71817393      0.96667177      -12.960665      0.63847737       5.2260545        9.261296   1.0948003e-13       4.3498809      0.27073965       0.27073965       -16.79671       -16.79671
             13      -6.4057268      0.68742585      0.97839408      -12.972629      0.69687233       4.8688439       9.5146777   1.0650529e-13       4.9759079      0.32546981       0.32546981      -13.462393      -13.462393
              5      -7.9143218      0.67129746       0.9690768      -12.965636      0.73295626       4.6913459       9.3127254   1.0823415e-13       5.4069986      0.32437302       0.32437302       -16.47739       -16.47739
              2      -7.8889856      0.67144942      0.97015488      -12.967229      0.72362642       4.6929878       9.3358718   1.0783779e-13       5.2920802      0.32725266       0.32725266      -16.432476      -16.432476
             80      -7.9405677       0.6227434      0.95570524      -12.945812      0.84294134       4.1951104       9.0303637    1.132892e-13       6.9653243      0.36061211       0.36061211       -16.60236       -16.60236
              4      -4.8539543      0.73935197      0.97682178       -12.97768      0.57760117       5.4872149       9.4802934   1.0527379e-13        3.780952       0.3256603        0.3256603      -10.359229      -10.359229
              3      -6.1369505      0.70989667      0.95992472      -12.933652      0.74173251       5.1273938       9.1185277   1.1650605e-13        5.517375      0.20759304       0.20759304      -12.689087      -12.689087
              6      -7.5362639      0.77827789      0.97631104      -12.950025      0.66334198       6.0017499        9.469151   1.1219551e-13       4.6061914      0.20836173       0.20836173      -15.489251      -15.489251
             18      -8.1793523      0.86603173      0.91902238       -12.97513      0.41379568       7.3456754       8.2989353   1.0589363e-13       2.5929592      0.43608182       0.43608182      -17.230868      -17.230868
              5      -8.0604643      0.85025793      0.91670887      -12.971311      0.41450282       7.0836636       8.2548439   1.0682906e-13       2.5971846      0.41904919       0.41904919      -16.959027      -16.959027
              1      -6.3851961      0.87856447      0.90719812      -12.968886      0.45034881        7.560743       8.0760336   1.0742702e-13       2.8206475      0.39912205       0.39912205      -13.568636      -13.568636
              1       -7.938099      0.86796906      0.89960024      -12.977063      0.46835904       7.3785166        7.935974   1.0542331e-13       2.9400793      0.41759884       0.41759884      -16.711396      -16.711396
             11      -7.9707754      0.88129554      0.89867032      -12.977971      0.44963321       7.6084387       7.9189995    1.052031e-13       2.8160037      0.43947169       0.43947169      -16.820494      -16.820494
              4      -7.9206639      0.91629099      0.89441869      -12.978579      0.33065747        8.246905       7.8418529   1.0505603e-13       2.1412012      0.57101927       0.57101927      -16.983366      -16.983366
              4      -7.9402747      0.96666614      0.87950647      -12.985093       0.3388315       9.2611761       7.5771601   1.0349205e-13       2.1818832      0.63834353       0.63834353      -17.157236      -17.157236
             42      -8.1053222      0.89112216      0.87892505       -12.97982      0.47740611       7.7825543       7.5670229   1.0475623e-13       3.0019684      0.44803297       0.44803297       -17.10671       -17.10671
              3      -8.0648642      0.88831808      0.87982936      -12.978289      0.48336432       7.7324671       7.5827958   1.0512618e-13        3.043437      0.43666266       0.43666266      -17.003054      -17.003054
              5      -6.4177273      0.83955803      0.86487398      -12.979458      0.49810249       6.9112727       7.3261192   1.0484372e-13       3.1484913      0.42965364       0.42965364      -13.694762      -13.694762
              2       -5.904068      0.93849587      0.86706959      -12.969313      0.43390381       8.6795233       7.3632507   1.0732168e-13       2.7158377      0.48019696       0.48019696       -12.76853       -12.76853
              4      -7.5306649      0.93142093      0.87796873      -12.961834      0.49612338       8.5392736       7.5503785   1.0918585e-13        3.134176      0.39934543       0.39934543      -15.860021      -15.860021
              5      -7.5781118      0.92193485      0.87689358      -12.956147      0.50368441       8.3547767       7.5317098   1.1062491e-13       3.1892195      0.37121697       0.37121697      -15.898658      -15.898658
             33      -7.5962764      0.80678812      0.88103902      -12.961592      0.39196316       6.4089682       7.6039459    1.092467e-13       2.4658302      0.42809433       0.42809433      -16.048742      -16.048742
              1      -7.6200266      0.67738962      0.94425156      -12.963512      0.68585351       4.7576186       8.7953182   1.0876479e-13       4.8512484      0.31986445       0.31986445      -15.879782      -15.879782
             13      -7.2527539      0.67258755      0.93662836      -12.962245      0.70885915       4.7053025       8.6422806    1.090826e-13       5.1151592      0.32655499       0.32655499      -15.158618      -15.158618
             14      -8.0782966      0.65510004      0.92800129       -12.96002      0.78364468       4.5196004       8.4722993   1.0964275e-13       6.0763766      0.35950825       0.35950825       -16.87561       -16.87561
             11      -8.0236432      0.65986095      0.92419491      -12.959462      0.78650684       4.5694187       8.3983681   1.0978372e-13       6.1165544      0.35692497       0.35692497      -16.761136      -16.761136
              5      -8.0149611      0.79075615      0.83431069      -12.993483      0.59418071       6.1766949       6.8282701   1.0151182e-13       3.9280835      0.47315318       0.47315318      -16.976229      -16.976229
              6      -7.8030321      0.80932943      0.80640643      -12.986949      0.60362344       6.4465807        6.403338   1.0305065e-13       4.0144259      0.47273179       0.47273179      -16.551528      -16.551528
             10       -7.234339      0.82852073       0.7912207      -12.998437      0.57786508       6.7378405       6.1833054   1.0036066e-13       3.7832504      0.54307435       0.54307435      -15.554827      -15.554827
              5      -7.7051349      0.83727214      0.77431748      -13.002291      0.55748169       6.8749911       5.9472675   9.9473861e-14       3.6097879      0.58670321       0.58670321      -16.583676      -16.583676
              1      -7.5403602      0.80366551      0.77101976      -13.006901      0.55083562       6.3630525       5.9022793   9.8423567e-14       3.5549673      0.61102837       0.61102837      -16.302777      -16.302777
              6      -7.0541584      0.88923331       0.7279761      -13.015412      0.50115972       7.7487797       5.3453495   9.6513536e-14       3.1707333      0.74514575       0.74514575      -15.598608      -15.598608
              7      -7.9985102      0.75502143      0.75239006      -13.020824      0.56457788         5.68881        5.654446   9.5318139e-14       3.6692549      0.70141752       0.70141752      -17.399856      -17.399856
              5      -7.8137752      0.82141846      0.73008021      -13.027619      0.45575928       6.6285489       5.3713099   9.3838403e-14       2.8560071      0.80961306       0.80961306      -17.246776      -17.246776
             18      -7.7704354      0.86397074      0.74666103      -13.018578      0.45923146       7.3108982       5.5803447   9.5812534e-14       2.8789324      0.75067571       0.75067571      -17.042222      -17.042222
              7      -6.1731484      0.92324605      0.69938707      -13.013752      0.27908676       8.3800393        5.004804   9.6883029e-14       1.9014581       0.9977953        0.9977953      -14.341887      -14.341887
              5       -7.066127        0.895178      0.72224882      -13.021292      0.42122071       7.8555754       5.2753201   9.5215512e-14       2.6376715      0.83683352       0.83683352      -15.805921      -15.805921
              4      -7.0927474      0.88802291      0.73807898      -13.007307      0.32261986       7.7272135       5.4711545   9.8331588e-14       2.1019378      0.84358071       0.84358071      -15.872656      -15.872656
              2      -6.5264598      0.93397086      0.72257847      -13.020119      0.36344069       8.5895588       5.2793259   9.5473125e-14       2.3090891      0.90694121       0.90694121      -14.866802      -14.866802
             13      -7.1559356      0.86304307      0.71185994      -13.014183      0.34403006       7.2952986       5.1506251   9.6787031e-14       2.2081576       0.8768065        0.8768065      -16.065484      -16.065484
              9      -7.2728017      0.83728708       0.7214738      -12.999362      0.32249137       6.8752276       5.2659144   1.0014699e-13        2.101316      0.81624925       0.81624925      -16.178102      -16.178102
             12      -4.8728419      0.78318377      0.75199923      -12.997709      0.44831275       6.0699312       5.6493597   1.0052896e-13       2.8074546       0.6537501        0.6537501      -11.053184      -11.053184
              7      -3.7995825      0.77763032      0.75394896      -12.996334      0.46160872       5.9928074       5.6747791   1.0084778e-13       2.8947344      0.63743689       0.63743689      -8.8740387      -8.8740387
             16      -7.3218259      0.75878773      0.81286066      -12.997605      0.57134489       5.7383591       6.4992113   1.0055303e-13       3.7268755      0.52522683       0.52522683      -15.694105      -15.694105
              5      -6.9927328      0.80359167       0.8418967      -13.000035      0.57351238       6.3619707       6.9485902   9.9991972e-14       3.7455223       0.4973267        0.4973267      -14.980119      -14.980119
              3      -6.0762412      0.81582456      0.51887405      -13.062451      0.58762985       6.5437178       3.3027374   8.6606193e-14       3.8692772       1.2904573        1.2904573      -14.733397      -14.733397
              4      -6.1322925      0.81459944      0.51946307       -13.06186      0.58927318       6.5252844       3.3072199   8.6724198e-14        3.883946       1.2854244        1.2854244      -14.835434      -14.835434
             15      -5.9205676      0.89985991      0.54688665      -13.068405      0.46974404       7.9407206       3.5227891   8.5426908e-14       2.9494704       1.3453103        1.3453103      -14.531756      -14.531756
             25      -7.0664339      0.83550533      0.50852345      -13.084618      0.49911715       6.8470788       3.2249535   8.2296678e-14       3.1558558       1.4816129        1.4816129      -17.096093      -17.096093
              2      -7.1756024      0.77570851      0.51882445      -13.082521      0.48246506        5.966347       3.3023602   8.2695019e-14       3.0371417        1.458685         1.458685      -17.268575      -17.268575
              3      -7.1567535      0.77613087      0.51923012      -13.081728      0.49016854       5.9721522       3.3054464   8.2845993e-14       3.0914949        1.448328         1.448328      -17.210163      -17.210163
              2      -7.0240616      0.76914332      0.51884846      -13.078507      0.47958562       5.8768326       3.3025429   8.3462814e-14       3.0170716       1.4373485        1.4373485       -16.92282       -16.92282
              9      -6.9404184         0.76729      0.51195175      -13.079468      0.47833964        5.851807       3.2505118   8.3278353e-14       3.0084281       1.4587863        1.4587863      -16.798409      -16.798409
             22      -6.9428126      0.79504579      0.51542833      -13.085972       0.4525037        6.238006        3.276637   8.2040428e-14       2.8346778       1.5036949        1.5036949      -16.893015      -16.893015
              2      -6.9455163      0.79609387       0.5154004       -13.08626      0.45314342       6.2530783       3.2764263   8.1986132e-14       2.8388564       1.5050061        1.5050061      -16.901045      -16.901045
             10      -7.1855271       0.8004642      0.51613476      -13.084467      0.46645805       6.3163212       3.2819712   8.2325308e-14       2.9272381       1.4829485        1.4829485      -17.336951      -17.336951
              8      -7.1079657      0.85183448      0.52122165      -13.081643       0.4313758       7.1094251       3.3206389   8.2862277e-14       2.7000748       1.4846492        1.4846492       -17.18523       -17.18523
              2      -7.7317368      0.87128756      0.69948717      -13.037119      0.41989272       7.4351128       5.0059576   9.1808027e-14       2.6296183      0.93697633       0.93697633      -17.337426      -17.337426
              6      -7.7658869      0.87101611        0.697957       -13.03672      0.42474148        7.430467       4.9883509   9.1892515e-14       2.6591417      0.93319551       0.93319551      -17.398165      -17.398165
              3      -7.4304792      0.75024681      0.70680354      -13.012119      0.66802017         5.62661       5.0910052   9.7247969e-14       4.6560772      0.70708618       0.70708618      -16.275131      -16.275131
             30      -7.5212996      0.75497829       0.7059163      -13.013988      0.65246516        5.688245       5.0806151   9.6830566e-14       4.4922628      0.71548251       0.71548251      -16.473564      -16.473564
             24      -7.1989463      0.82408626      0.71980884      -12.995813      0.60896743       6.6693923       5.2457651   1.0096866e-13       4.0641285      0.61393617       0.61393617      -15.625765      -15.625765
              6      -7.5116239      0.82141092      0.73784045      -13.001197      0.59259943       6.6284337       5.4681504   9.9724724e-14       3.9138072      0.61542029       0.61542029      -16.254088      -16.254088
              5      -7.6627865      0.78405973      0.74551745      -13.005012      0.61694821       6.0821865       5.5656699   9.8852624e-14        4.139503      0.61857777       0.61857777      -16.562728      -16.562728
             23      -7.6312551      0.65677525      0.68374332      -13.034375       0.7276884       4.5370676       4.8277338   9.2390041e-14       5.3418096      0.91308114       0.91308114      -17.088673      -17.088673
             33      -7.6862085      0.88614052      0.75361529      -13.017107      0.41573106       7.6937934       5.6704208   9.6137582e-14       2.6045401      0.77619984       0.77619984      -16.924817      -16.924817
              2       -7.765895       0.8971516      0.74635035      -13.020515      0.44910329       7.8913554       5.5763541   9.5385986e-14       2.8125697      0.78109239       0.78109239      -17.093975      -17.093975
             16      -7.7962438      0.91053922      0.74952667      -13.018211      0.41352142       8.1384035       5.6172877   9.5893356e-14       2.5913222      0.80118123       0.80118123       -17.19485       -17.19485
              7      -7.8890343      0.88722962      0.74769655      -13.023367      0.41915504       7.7131116       5.5936662   9.4761787e-14       2.6251556      0.81072158       0.81072158      -17.399512      -17.399512
              4      -7.8612534      0.90006701      0.76473694      -13.019808      0.39419488        7.944508       5.8175073   9.5541525e-14        2.478534      0.80022794       0.80022794      -17.322963      -17.322963
             29      -7.8145464      0.95500754      0.78365042       -13.01459      0.35848455       9.0158679       6.0764568   9.6696268e-14       2.2828877      0.82622411       0.82622411      -17.281541      -17.281541
              9      -7.1663624      0.96774431      0.79870155      -13.013614      0.36329446       9.2841963       6.2907373   9.6913839e-14       2.3083117      0.81152647       0.81152647      -15.955778      -15.955778
              2      -7.3036848       1.0175637       0.8222254      -12.996957      0.27751366       10.412709       6.6408764   1.0070322e-13       1.8945831      0.86611509       0.86611509        -16.3396        -16.3396
              1      -7.5906402       1.0059558      0.82156651      -12.998802      0.27070589       10.138082       6.6308088   1.0027626e-13       1.8651162      0.86907406       0.86907406      -16.919428      -16.919428
             16      -7.6832874      0.99359746      0.82701543      -12.996424      0.25848309       9.8536574        6.714527   1.0082676e-13       1.8133561      0.85562334       0.85562334      -17.077821      -17.077821
             21       -7.455445       1.0626811      0.76612892       -13.01773      0.19932798       11.552636       5.8361833   9.5999802e-14       1.5824426       1.1915203        1.1915203      -17.293931      -17.293931
             13      -7.1135205       1.0413325      0.76630117      -13.011391       0.2573497       10.998476       5.8384984    9.741127e-14       1.8086299       1.0484717        1.0484717      -16.323984      -16.323984
              4      -7.1448689      0.99875528      0.77057263      -13.021753      0.27138289       9.9713802       5.8962057   9.5114655e-14       1.8680259       1.0186641        1.0186641      -16.327066      -16.327066
              2       -7.172374      0.99151377       0.7731725       -13.02026      0.27222883       9.8064942       5.9316088   9.5442101e-14       1.8716681         0.99939          0.99939      -16.343528      -16.343528
              3      -7.2026283       1.0006448      0.73794654      -13.008943      0.19333344       10.014858       5.4694863   9.7961858e-14       1.5607503       1.1140442        1.1140442      -16.633345      -16.633345
              1      -7.0281139       1.0017889      0.74370683      -13.006031        0.197424       10.041277       5.5425144   9.8620937e-14       1.5755203       1.0888176        1.0888176      -16.233863      -16.233863
              5      -6.3562423        1.057725      0.76685435      -13.017326      0.16271759        11.42155         5.84594   9.6089001e-14       1.4545129       1.2392895        1.2392895      -15.191064      -15.191064
              5      -6.1069628       1.0204351      0.76558982       -13.01852      0.19969029       10.481783       5.8289432   9.5825247e-14       1.5837634       1.1364248        1.1364248      -14.486775      -14.486775
              1      -6.3899585       1.0279465      0.77540829      -13.015268       0.1942049       10.664647        5.962224   9.6545522e-14       1.5638853       1.1277328        1.1277328      -15.035383      -15.035383
              7      -7.1530964       1.0017297       0.6962799      -13.028789      0.20869886       10.039907       4.9691247   9.3585962e-14       1.6169585       1.2419436        1.2419436       -16.79008       -16.79008
              3      -7.2112906       1.0697571      0.71932514      -13.025071      0.27186993       11.742407       5.2399258   9.4390682e-14        1.870122       1.1957788        1.1957788      -16.814139      -16.814139
              9      -7.1732355       1.0831859      0.72851462      -13.023726      0.20493511       12.111165       5.3519817    9.468351e-14       1.6030059        1.291869         1.291869      -16.930209      -16.930209
              7       -7.378527       1.0812188      0.72744421      -13.025721      0.21841512       12.056432       5.3388069   9.4249574e-14       1.6535416        1.279634         1.279634      -17.316322      -17.316322
              5      -7.4762884      0.94930552      0.69771551      -13.024926      0.41436865       8.8982688        4.985578   9.4422102e-14       2.5963824      0.93066729       0.93066729      -16.813911      -16.813911
              7      -7.3286747      0.98009023      0.68630387      -13.024155       0.3800887       9.5519102       4.8562817   9.4589886e-14       2.3993229       1.0025605        1.0025605       -16.66247       -16.66247
              3      -7.3928735      0.97832263      0.68739691      -13.025053      0.38401555       9.5131124       4.8685194   9.4394563e-14       2.4211158      0.99977709       0.99977709      -16.785301      -16.785301
              7      -6.2195588      0.98955031      0.68822558      -13.024879      0.33795411       9.7622586       4.8778179   9.4432401e-14       2.1774797       1.0554224        1.0554224      -14.549962      -14.549962
             10      -6.6738031       1.0885016      0.68884656      -13.037167      0.13339638       12.260313       4.8847975   9.1797904e-14       1.3595537       1.5390828        1.5390828      -16.425772      -16.425772
              2      -6.1152771       1.1148793      0.71874746      -13.038889       0.1563073       13.028045       5.2329605   9.1434601e-14       1.4332016       1.5123922        1.5123922      -15.255339      -15.255339
              1      -7.2520667       1.0507898      0.70622886      -13.027666      0.26345819       11.240608        5.084273   9.3828387e-14       1.8342486       1.2090374        1.2090374      -16.922208      -16.922208
             25      -7.5360999       1.0258473      0.71430637      -13.031169       0.2755185       10.613223       5.1797211   9.3074622e-14       1.8858993        1.164911         1.164911      -17.402022      -17.402022
             15      -7.4505927       1.0448155      0.71063691      -13.028002      0.27859136       11.087036       5.1361406   9.3755869e-14       1.8992904       1.1763403        1.1763403      -17.253866      -17.253866
             10       -7.404477       1.0384943      0.70818582      -13.029208      0.27063862       10.926832       5.1072348   9.3495874e-14       1.8648273       1.1870506        1.1870506      -17.183055      -17.183055
              9      -7.4207631       1.0403606      0.70969818      -13.029259      0.26699209        10.97389       5.1250509   9.3484838e-14       1.8492349        1.192471         1.192471      -17.226468      -17.226468
              6      -7.3056827       1.0405526      0.70380545      -13.029772      0.26490451       10.978743       5.0559812   9.3374397e-14       1.8403673        1.206365         1.206365      -17.024095      -17.024095
              8      -7.4846219       1.0076745      0.69661311      -13.034845      0.27823979       10.178282       4.9729387   9.2290176e-14       1.8977535       1.1824231        1.1824231       -17.33409       -17.33409
             10      -7.4805966       1.0129154      0.70169442      -13.034989       0.2584813       10.301854       5.0314646   9.2259374e-14       1.8133486        1.207779         1.207779      -17.376751      -17.376751
              1      -7.2356426       1.0343109       0.6904886      -13.032995      0.20207393       10.822083       4.9033016    9.268397e-14       1.5924798       1.3219231        1.3219231      -17.115131      -17.115131
              1       -7.286087      0.98037324      0.61902699      -13.050396      0.35347682       9.5581368       4.1593646   8.9043866e-14       2.2567155        1.270587         1.270587      -17.113348      -17.113348
             10      -7.2991865      0.97920646      0.62213497      -13.056954      0.32797411       9.5324922       4.1892374   8.7709432e-14       2.1280122        1.327121         1.327121      -17.252615      -17.252615
              1      -6.8680274      0.96886931      0.61459602      -13.052545      0.29185574       9.3082772       4.1171436   8.8604378e-14       1.9581941       1.3477371        1.3477371      -16.431529      -16.431529
              9      -7.0619701      0.93201112      0.61166062      -13.056199      0.29186774        8.550886       4.0894097   8.7862056e-14       1.9582482       1.3418667        1.3418667      -16.807674      -16.807674
              2      -7.0663496      0.97447672       0.6343112      -13.045033      0.34557259       9.4292406       4.3083522   9.0150168e-14       2.2160145       1.2182783        1.2182783      -16.569256      -16.569256
              7      -6.9174649       0.9748339      0.64766166      -13.047098      0.36780445       9.4369989       4.4428501   8.9722608e-14       2.3324076       1.1850551        1.1850551       -16.20504       -16.20504
              5      -6.7284894      0.98994322      0.64861188      -13.046914      0.35412825       9.7710947       4.4525815   8.9760581e-14       2.2601031       1.2118349        1.2118349      -15.880649      -15.880649
             15      -6.6821596      0.99075342      0.64772702      -13.046887      0.35472817       9.7893401       4.4435188   8.9766295e-14       2.2632273       1.2133913        1.2133913      -15.791102      -15.791102
             19      -7.1943901       1.0041939      0.66823928      -13.047938      0.27462045       10.097035       4.6584268   8.9549231e-14       1.8820036       1.2935534        1.2935534      -16.975887      -16.975887
              7      -7.2448271       1.0237524      0.69772251      -13.039314      0.27816052       10.562151       4.9856583   9.1345204e-14       1.8974071       1.2235107        1.2235107      -16.936675      -16.936675
              3      -6.9215915      0.99586747      0.68106753      -13.032448      0.24960048       9.9052962       4.7980805   9.2800793e-14       1.7766443       1.2175352        1.2175352      -16.278253      -16.278253
              2      -7.1494909      0.98477585      0.68930069      -13.031529      0.26307492        9.655524        4.889908   9.2997492e-14       1.8326305       1.1705963        1.1705963      -16.640174      -16.640174
              4      -8.1009657      0.99664112      0.96332198      -12.958276      0.37310756       9.9229572        9.190137   1.1008405e-13       2.3610629      0.48277962       0.48277962      -17.167491      -17.167491
             15      -7.9462015        1.018251      0.91872636      -12.971524      0.32922217         10.4292       8.2932806   1.0677657e-13       2.1341364      0.62561189       0.62561189      -17.143627      -17.143627
              3      -8.2364442      0.93090641       1.3636326      -12.879643      0.45587546       8.5291629       23.101096   1.3193413e-13       2.8567712      0.23543748       0.23543748      -16.943763      -16.943763
              2      -8.2805013      0.97104877       1.4094288      -12.864954      0.40300486       9.3551073       25.670173   1.3647282e-13       2.5293263      0.33551888       0.33551888       -17.23204       -17.23204
              3      -8.1971232      0.98183585       1.4262702      -12.866741      0.40450495       9.5903807       26.685185   1.3591223e-13       2.5380779      0.36396477       0.36396477      -17.122176      -17.122176
              2      -8.3245863      0.88113337       1.4469178      -12.870436      0.59873954       7.6055981       27.984515   1.3476106e-13       3.9695341      0.21190609       0.21190609      -17.072985      -17.072985
              6      -8.1890816      0.85623701       1.5028224      -12.857326      0.61148078       7.1818612       31.828959   1.3889104e-13       4.0877166      0.25639575       0.25639575      -16.890955      -16.890955
              1      -8.2423464      0.90866457       1.4991641      -12.861745      0.54179905       8.1033495       31.561971   1.3748479e-13       3.4817617      0.29859647       0.29859647      -17.081886      -17.081886
              3       -8.301952      0.97206113       1.3809547      -12.875096      0.51719069       9.3769399       24.041122   1.3332271e-13       3.2899605      0.24345877       0.24345877      -17.090822      -17.090822
              2      -7.2144374      0.82595367       1.2382503      -12.891979      0.67694751       6.6981315       17.308137   1.2823915e-13       4.7527778     0.060111508      0.060111508      -14.549098      -14.549098
              1      -7.0105848      0.87343935       1.2145382        -12.8902      0.63629236       7.4720428       16.388462   1.2876556e-13       4.3280509     0.061262785      0.061262785      -14.143695      -14.143695
              1        -7.08131      0.87691543       1.2130866      -12.889945      0.63233619       7.5320888       16.333775   1.2884122e-13       4.2888039     0.062179232      0.062179232      -14.286979      -14.286979
              1      -8.1541219       0.8924205       1.3161235      -12.865492      0.61289133       7.8058554       20.707299   1.3630395e-13       4.1010148     0.091902422      0.091902422      -16.492049      -16.492049
              2      -8.0522311       0.8596396       1.3460219       -12.86246       0.7150984       7.2383504       22.183084   1.3725877e-13        5.189176     0.096507222      0.096507222      -16.297477      -16.297477
              2      -7.9622884        0.859674       1.3479332      -12.862416      0.71743772       7.2389238       22.280923   1.3727267e-13       5.2172028     0.098331933      0.098331933      -16.121241      -16.121241
              1      -7.5009684      0.59811217       1.3951926      -12.882226      0.98138267        3.963804       24.842343   1.3115172e-13       9.5803785      0.44731561       0.44731561      -15.896568      -15.896568
              8      -7.7995498      0.60367049       1.4060446      -12.879851      0.97090858       4.0148607       25.470921   1.3187084e-13       9.3520878      0.43699283       0.43699283      -16.473085      -16.473085
              4      -8.3709271      0.64619124       1.3666856       -12.87596      0.85958819       4.4278331       23.264064   1.3305764e-13       7.2374936      0.25871425       0.25871425      -17.259283      -17.259283
              4      -8.0523712      0.66253969        1.413895       -12.86335       0.8687117       4.5976901       25.935522   1.3697759e-13       7.3911446      0.27924919       0.27924919      -16.663241      -16.663241
              5        -7.78378      0.68179176       1.4204588      -12.865407      0.88443461       4.8060885       26.330483   1.3633051e-13       7.6636314       0.2824015        0.2824015      -16.132363      -16.132363
              7      -7.7506322      0.68701712       1.4789589      -12.861054      0.84200389       4.8642639       30.127208   1.3770391e-13       6.9503054      0.31356373       0.31356373      -16.128392      -16.128392
              2      -7.7257246      0.67636088       1.4358385      -12.865436      0.88570862       4.7463622        27.27963   1.3632136e-13       7.6861459      0.30390713       0.30390713      -16.059263      -16.059263
              6      -7.3652415      0.59545513       1.4233246        -12.8588      0.93773154       3.9396272       26.504802   1.3842023e-13       8.6642613      0.41159398       0.41159398      -15.553671      -15.553671
              1      -7.2257825      0.59040447       1.4149479      -12.858688      0.95306003       3.8940764       25.998474   1.3845607e-13       8.9755285      0.42340927       0.42340927      -15.298384      -15.298384
              5      -7.9612634      0.64471822       1.3820441      -12.878435       0.8699406       4.4128404       24.101502   1.3230147e-13       7.4120886      0.28330901       0.28330901      -16.489145      -16.489145
              5      -7.6509097      0.68284444       1.3847858      -12.880488      0.85105471        4.817752       24.254135   1.3167771e-13       7.0966717       0.2427059        0.2427059      -15.787231      -15.787231
              2      -7.4030081      0.82523507       1.3776214      -12.882658      0.68808456       6.6870577       23.857307   1.3102144e-13       4.8762343      0.13628031       0.13628031      -15.078577      -15.078577
              1      -6.1072915      0.75315975       1.0016323      -12.944321      0.70943171       5.6644761       10.037655   1.1367879e-13       5.1219073      0.18984421       0.18984421      -12.594271      -12.594271
              2      -6.8470466      0.65585022       1.0239766       -12.93544      0.75857715       4.5274141       10.567606   1.1602716e-13       5.7355774      0.23031518       0.23031518      -14.154724      -14.154724
             18      -6.5854786      0.56816983       1.1050071      -12.899143      0.93438567       3.6997283       12.735239   1.2614132e-13        8.597767      0.34190334       0.34190334      -13.854764      -13.854764
              3       -6.043968      0.58067432       1.1225143      -12.897034      0.91101615       3.8078017       13.259109   1.2675538e-13       8.1473458      0.30052976       0.30052976      -12.688995      -12.688995
              1      -7.2609596      0.62453486       1.0707525      -12.917004      0.83903169       4.2124509       11.769351   1.2105877e-13       6.9029017      0.24036325       0.24036325      -15.002646      -15.002646
              8      -6.9634945      0.63452523       1.0754799      -12.915363      0.82514729        4.310476       11.898162   1.2151705e-13       6.6857062      0.21762403       0.21762403      -14.362237      -14.362237
              1       -7.224671      0.66200991        1.101318      -12.915934      0.83689221       4.5920849       12.627519   1.2135723e-13       6.8689793      0.19519347       0.19519347      -14.839729      -14.839729
              2      -8.3683368       0.7137153       1.0843758      -12.921053      0.74500641       5.1726762       12.144393   1.1993524e-13       5.5591246      0.13301843       0.13301843       -17.00271       -17.00271
              4      -8.1475298      0.70878433       1.0804467      -12.925703      0.74999804        5.114278       12.035018   1.1865807e-13       5.6233879      0.14877429       0.14877429      -16.592608      -16.592608
              4       -7.606425      0.71241467       1.2532188      -12.893521      0.78776601       5.1572082       17.915081    1.277848e-13       6.1343142       0.1210118        0.1210118      -15.454874      -15.454874
              1      -7.8374216      0.73962277       1.1608533      -12.908464      0.58324572       5.4906375       14.482827   1.2346271e-13        3.830414     0.095156148      0.095156148      -15.865155      -15.865155
              7      -8.2877262      0.74599661       1.1619829      -12.911696      0.58147537        5.571814       14.520543    1.225474e-13       3.8148316     0.099775695      0.099775695      -16.775004      -16.775004
              7      -8.3537107      0.75129958       1.1634242      -12.911283      0.56772517       5.6402659       14.568815   1.2266396e-13       3.6959422      0.10129868       0.10129868      -16.910019      -16.910019
              2      -8.0534477      0.73655523       1.1592869      -12.909801      0.58392345       5.4519922       14.430682   1.2308316e-13       3.8363962     0.098810262      0.098810262      -16.304516      -16.304516
             10      -8.3122182       0.7864192       1.2074933      -12.902838      0.51295226       6.1153201        16.12476    1.250726e-13       3.2580089      0.10823902       0.10823902      -16.840914      -16.840914
              2      -8.0114985      0.86348042       1.3566091      -12.852797      0.40069968       7.3026489       22.730505    1.403471e-13       2.5159365      0.21092785       0.21092785      -16.444853      -16.444853
              1       -7.917597      0.87202832       1.3061455      -12.859274      0.37173411       7.4478053       20.236969   1.3826941e-13       2.3536079      0.20871191       0.20871191      -16.252618      -16.252618
              4      -8.0004734      0.89574534       1.2930818      -12.866772      0.35420964       7.8658441       19.637299   1.3590268e-13       2.2605267       0.2353659        0.2353659      -16.471679      -16.471679
              1      -7.9870401      0.88964895       1.3003291      -12.865043      0.35743544       7.7561991       19.967751   1.3644479e-13       2.2773797      0.23176362       0.23176362      -16.437607      -16.437607
              3      -6.5749895      0.88716161       1.3859015      -12.876067      0.44691781       7.7119039       24.316524   1.3302502e-13       2.7984517      0.23073105       0.23073105      -13.611441      -13.611441
              8       -5.346412       1.0792265       1.5550242      -12.790588      0.17040172       12.001251       35.894197   1.6196172e-13       1.4804772      0.93945753       0.93945753      -12.571739      -12.571739
              1      -6.1037502      0.99668411       1.5196301      -12.787798       0.2226889       9.9239394       33.084921   1.6300544e-13        1.669894      0.69780211       0.69780211      -13.603105      -13.603105
              1       -6.109329       1.1185384       1.4293349      -12.782735     0.011974775       13.138278       26.874158   1.6491702e-13       1.0279566       1.1517733        1.1517733      -14.522205      -14.522205
              8      -5.9426696       1.1235558       1.4277769      -12.782188    0.0036509906       13.290944       26.777926   1.6512451e-13       1.0084422        1.177951         1.177951      -14.241241      -14.241241
              2      -5.2502761       1.1136908       1.4461951      -12.771884   0.00054195279       12.992442       27.937985   1.6908941e-13       1.0012487       1.1981423        1.1981423      -12.896837      -12.896837
             13      -4.9039913       1.1148957       1.4484423      -12.771603   -0.0020371127       13.028539       28.082923   1.6919857e-13      0.99532036       1.2088377        1.2088377      -12.225658      -12.225658
              1      -4.6247842       1.1426068       1.4000031      -12.780821    -0.039653522       13.886947       25.119043   1.6564515e-13      0.91273873       1.2850831        1.2850831      -11.819734      -11.819734
             13      -6.4269423       1.1584524       1.4551297      -12.818011     0.079114773       14.402982       28.518702   1.5205097e-13       1.1998163       1.1027245        1.1027245      -15.059334      -15.059334
              1      -6.3888792       1.0106633       1.2982125      -12.875739      0.35130729       10.248571       19.870669   1.3312532e-13       2.2454702      0.35014103       0.35014103       -13.47804       -13.47804
              1      -6.3940957       1.0015315       1.3311169      -12.868162      0.40096668       10.035327       21.434674    1.354684e-13       2.5174838      0.30562675       0.30562675      -13.399445      -13.399445
              5      -7.7733238      0.92896592       1.4724134      -12.853058      0.50107945       8.4911385       29.676551   1.4026253e-13       3.1701473      0.29087934       0.29087934      -16.128406      -16.128406
              3      -6.9893015      0.98314518       1.4962087      -12.842284      0.40678311       9.6193379        31.34792   1.4378575e-13       2.5514268      0.42781463       0.42781463      -14.834232      -14.834232
              9       -7.248546      0.94335589       1.4222213      -12.846541      0.37738032       8.7771978       26.437559   1.4238327e-13       2.3844066      0.33352974       0.33352974      -15.164152      -15.164152
              5      -7.0481119      0.77772836       1.2725696      -12.882264      0.59470498       5.9941604       18.731371   1.3114016e-13       3.9328282     0.072746248      0.072746248      -14.241716      -14.241716
              3       -8.190169       0.7818148       1.2813973      -12.885368      0.58182544       6.0508279       19.116014   1.3020634e-13       3.8179079     0.084432811      0.084432811      -16.549204      -16.549204
              3      -8.4751396      0.77663379       1.2617943      -12.892509      0.59570412       5.9790721       18.272345   1.2808292e-13       3.9418866     0.082659738      0.082659738      -17.115599      -17.115599
              4      -8.5965001      0.82981712       1.2938598      -12.888125      0.60296573       6.7579834       19.672512   1.2938221e-13       4.0083508     0.088967574      0.088967574      -17.370935      -17.370935
              2       -8.083402      0.85093756       1.2999848      -12.881535      0.52626133       7.0947576       19.951925   1.3136059e-13        3.359397      0.11271155       0.11271155      -16.392227      -16.392227
              5      -8.0081901      0.86556531       1.2910537      -12.881947      0.48140193       7.3377905       19.545809   1.3123595e-13       3.0297161      0.13601909       0.13601909      -16.288418      -16.288418
              1      -7.7862104      0.94407283       1.2735724      -12.884683      0.38696261       8.7916994       18.774674   1.3041186e-13        2.437601      0.24643079       0.24643079      -16.065282      -16.065282
              3      -8.2566314      0.94557071       1.3377546       -12.87642      0.42872115       8.8220743       21.764796   1.3291688e-13       2.6836208      0.24207983       0.24207983      -16.997422      -16.997422
              4       -8.019026      0.94813398       1.4015612      -12.875805      0.46899325       8.8742975       25.209322   1.3310504e-13       2.9443758      0.26931742       0.26931742      -16.576687      -16.576687
              2       -7.881462      0.96998218       1.2940484      -12.882364      0.38468822       9.3321601       19.681058   1.3111014e-13       2.4248686      0.27959265       0.27959265      -16.322109      -16.322109
              7        -7.87162      0.96905021       1.2924177      -12.882597      0.38424609       9.3121554       19.607298   1.3103963e-13       2.4224013      0.27846354       0.27846354      -16.300167      -16.300167
              5      -8.3474213      0.96737974       1.1648106      -12.916266      0.35705749       9.2764058       14.615398   1.2126467e-13       2.2753986      0.31600821       0.31600821      -17.326859      -17.326859
              2      -6.0475989       1.0265075       1.3686506      -12.889017      0.37442456        10.62937       23.369564   1.2911691e-13       2.3682337      0.41686258       0.41686258      -12.928923      -12.928923
              2      -6.5492096       1.0760464       1.4452647      -12.848188      0.20063496       11.913693         27.8782   1.4184449e-13       1.5872121      0.73633765       0.73633765      -14.571095      -14.571095
              9      -6.2424419       1.0780785       1.4571591      -12.847595       0.2023737       11.969568       28.652276   1.4203815e-13       1.5935794      0.75014687       0.75014687      -13.985178      -13.985178
              4       -5.850958       1.0621879       1.4664912      -12.846865      0.21956736       11.539525       29.274618   1.4227701e-13       1.6579345      0.71025624       0.71025624      -13.122429      -13.122429
              5      -7.6290714       1.0528188        1.484306      -12.838974      0.26894072       11.293247       30.500432   1.4488599e-13       1.8575509      0.64655524       0.64655524      -16.551253      -16.551253
              3      -7.5783891        1.049733       1.4937567      -12.836511      0.27257534        11.21329       31.171427   1.4570975e-13        1.873162       0.6485774        0.6485774      -16.453933      -16.453933
              2      -7.3697263       1.0825428       1.4483034      -12.843497      0.19671964       12.093243       28.073943   1.4338486e-13       1.5729671      0.75388746       0.75388746      -16.247228      -16.247228
              5      -7.6814144       1.0184996        1.298135      -12.880528       0.3221747       10.435173       19.867123    1.316656e-13       2.0997844      0.39722522       0.39722522      -16.157279      -16.157279
              4      -8.1282538      0.74291766       1.5323406      -12.837765      0.62966102       5.5324521       34.067523    1.452897e-13       4.2624669      0.29104386       0.29104386      -16.838595      -16.838595
             12      -8.0200323      0.74033566       1.5908372      -12.836218       0.6719927       5.4996577       38.979588   1.4580826e-13       4.6988622      0.37794574       0.37794574      -16.795956      -16.795956
              2      -7.9999341      0.73464133       1.5858559      -12.837762      0.67731599       5.4280186       38.535049    1.452908e-13        4.756812       0.3730407        0.3730407       -16.74595       -16.74595
              1      -7.4216941      0.83547328       1.5021999      -12.891725      0.73043546       6.8465737       31.783365    1.283144e-13       5.3757054      0.29335399       0.29335399      -15.430096      -15.430096
              1      -6.2351474      0.85431987       1.5712866      -12.887579      0.69584788       7.1502276       37.263752   1.2954517e-13       4.9641841       0.3844402        0.3844402      -13.239175      -13.239175
             16      -6.0526196      0.86158322       1.4506074      -12.932656      0.75393774       7.2708172       28.223272   1.1677348e-13       5.6746325      0.32752425       0.32752425      -12.760288      -12.760288
              3      -4.0237487      0.88384401       1.4533505      -12.938665      0.73963201       7.6532167       28.402105   1.1516891e-13       5.4907543      0.35121879       0.35121879       -8.749935       -8.749935
              1      -4.9637607      0.86341271       1.4324743      -12.944907      0.74965764       7.3015105        27.06913   1.1352527e-13        5.618982      0.34036353       0.34036353      -10.608249      -10.608249
             26      -5.5140252      0.85985887       1.4575705      -12.939504      0.75913476       7.2420059       28.679431   1.1494661e-13       5.7429464      0.35472332       0.35472332      -11.737497      -11.737497
             16       -5.992218      0.88593244       1.4444937      -12.936037      0.71938622       7.6901081       27.828751   1.1586781e-13       5.2406628      0.33102356       0.33102356      -12.646483      -12.646483
             28      -6.5957282      0.88098504       1.4808399      -12.924038      0.71083617       7.6030008       30.257979   1.1911379e-13       5.1384978      0.34002094       0.34002094      -13.871498      -13.871498
              5      -6.4573762      0.88354703       1.4873984      -12.922204      0.70868106       7.6479851       30.718386   1.1961784e-13        5.113062      0.34470343       0.34470343      -13.604159      -13.604159
              5      -6.7845667      0.85970815       1.4864912      -12.919015       0.7282861       7.2394929       30.654288   1.2049941e-13       5.3491664      0.33074596       0.33074596      -14.230625      -14.230625
              1      -5.8847451      0.81353253       1.1192966      -12.941509      0.56039891       6.5092736       13.161235   1.1441716e-13       3.6341171      0.16339217       0.16339217      -12.096275      -12.096275
              6      -8.0329999      0.54525493       1.3230326      -12.870599       1.0952988       3.5095783       21.039364   1.3471045e-13       12.453712      0.58758666       0.58758666      -17.241173      -17.241173
             10      -7.4739431      0.55465843       1.3077706      -12.867041        1.120727       3.5863976       20.312838   1.3581855e-13       13.204652      0.59519911       0.59519911      -16.138284      -16.138284
             10      -8.3151392      0.61676216       1.2869378      -12.861793       1.0205923       4.1377301       19.361445   1.3746964e-13       10.485575      0.36180678       0.36180678      -17.353892      -17.353892
              2      -8.3778036      0.67135263       1.2939008      -12.868429      0.92777466        4.691942        19.67437   1.3538508e-13       8.4678794      0.22469477       0.22469477      -17.204997      -17.204997
              2      -8.5923195      0.81211334       1.2730775      -12.866798      0.73091861       6.4880374       18.753292   1.3589453e-13       5.3816892     0.049017698      0.049017698      -17.282674      -17.282674
             17        -7.77382      0.81266883       1.2933874      -12.862277      0.71118836       6.4963413       19.651123   1.3731658e-13       5.1426665     0.052647968      0.052647968      -15.652936      -15.652936
              5      -8.2037734      0.69654456       1.3747271      -12.864995      0.83406024       4.9721538        23.69884   1.3645998e-13       6.8243335      0.19626947       0.19626947      -16.800086      -16.800086
              3      -7.7337564      0.65699079       1.3713185      -12.891337      0.98180196       4.5393199       23.513568   1.2842903e-13       9.5896324      0.37443651       0.37443651      -16.216386      -16.216386
              9      -6.5591741      0.69228582       1.4134796      -12.854806      0.83553291       4.9236347       25.910725   1.3969938e-13       6.8475136      0.22791171       0.22791171      -13.574172      -13.574172
              1       -6.609434      0.57002832       1.2966815      -12.880725       1.0613022       3.7155945       19.800744   1.3160581e-13       11.516015      0.49946393       0.49946393      -14.217796      -14.217796
             11      -7.0420277      0.54441868       1.3426789      -12.890354       1.1375854       3.5028269       22.012981   1.2871988e-13       13.727309      0.69128589       0.69128589      -15.466627      -15.466627
              6      -6.9188069       0.5414133       1.3426311      -12.890509       1.1427803       3.4786706       22.010562   1.2867395e-13       13.892496      0.70434434       0.70434434      -15.246303      -15.246303
              4      -6.7704064      0.60128674        1.370042      -12.889749       1.0616181       3.9928845       23.444554   1.2889933e-13       11.524394      0.52394756       0.52394756      -14.588708      -14.588708
              8        -5.92255      0.60654084       1.3776277      -12.886994       1.0560598       4.0414838       23.857654   1.2971972e-13        11.37784      0.51270616       0.51270616      -12.870512      -12.870512
              1       -8.234063      0.64640196       1.3977829      -12.868029      0.91838322        4.429982       24.990959   1.3550977e-13       8.2867306      0.31977952       0.31977952      -17.107685      -17.107685
              1      -8.2710589      0.65533609       1.3600456      -12.874971      0.90524347       4.5220576       22.911082   1.3336092e-13       8.0397672      0.27498609       0.27498609       -17.09209       -17.09209
              1      -8.1107156      0.66527726       1.3609137      -12.877033      0.89658758       4.6267631       22.956922   1.3272941e-13       7.8811134      0.26261022       0.26261022      -16.746652      -16.746652
              4      -8.1004318      0.65866685       1.3643031      -12.877309      0.91801303       4.5568722       23.136791   1.3264497e-13       8.2796701      0.28841657       0.28841657      -16.777697      -16.777697
              3      -7.4611804      0.66881946       1.3610234      -12.883215      0.91742823       4.6646542       22.962722   1.3085339e-13       8.2685286      0.28401829       0.28401829      -15.490397      -15.490397
              2      -8.0159816      0.65896307        1.359689      -12.879479      0.93941395       4.5599814       22.892276   1.3198387e-13       8.6978909      0.30526214       0.30526214      -16.642487      -16.642487
             10      -7.7731215      0.69312473        1.349121      -12.881255      0.90044685       4.9331547       22.341945   1.3144527e-13       7.9514596      0.23931831       0.23931831       -16.02488       -16.02488
             12      -6.9829473      0.70771763       1.3346018      -12.884002      0.85007614       5.1017318       21.607366   1.3061646e-13       7.0806991      0.18835069       0.18835069      -14.342596      -14.342596
              5      -8.3426517      0.65631946       1.3308163      -12.869095      0.87786495       4.5323085       21.419846   1.3517759e-13       7.5485746      0.22492965       0.22492965      -17.135163      -17.135163
              7      -7.8313891      0.93316675       1.1027207      -12.924245      0.49329691       8.5736698       12.668369   1.1905694e-13       3.1138444      0.19512245       0.19512245      -16.053023      -16.053023
              1      -7.6967492      0.92637103       1.2452011      -12.880456      0.59385398       8.4405555       17.587377    1.316873e-13       3.9251294     0.094361275      0.094361275      -15.582221      -15.582221
              2      -7.1525324      0.89240506       1.0695279      -12.893519      0.58652667       7.8055779       11.736211   1.2778538e-13       3.8594611     0.073357947      0.073357947      -14.451781      -14.451781
              7      -6.4197288       0.9389127       1.1026845      -12.893892      0.57069009       8.6878577       12.667314   1.2767573e-13       3.7212607      0.10403352       0.10403352      -13.047525      -13.047525
              4      -6.7485386      0.87981786       1.0724772      -12.892367      0.64125805       7.5825949       11.816182   1.2812462e-13       4.3778215     0.055656536      0.055656536       -13.60839       -13.60839
              3      -7.5553276       0.8743147      0.99616703      -12.905783      0.62589358       7.4871184        9.912131   1.2422716e-13       4.2256505      0.10168759       0.10168759       -15.31403       -15.31403
              3      -6.0810276      0.75598345       0.8957246      -12.927626      0.75858846       5.7014254       7.8654685    1.181338e-13       5.7357269      0.21764853       0.21764853      -12.597352      -12.597352
              7      -5.9389814      0.72658166      0.62862306      -12.984887      0.75745496        5.328214       4.2522918   1.0354112e-13       5.7207762      0.73900104       0.73900104      -13.355965      -13.355965
             11       -6.683123      0.77178764      0.71557343      -12.990461      0.68581472       5.9127244       5.1948551   1.0222074e-13       4.8508151      0.59725624       0.59725624      -14.560758      -14.560758
              5      -7.8267818      0.86565465      0.73587016      -13.021107      0.47037377       7.3393002       5.4433989   9.5256215e-14       2.9537502       0.7697421        0.7697421      -17.193048      -17.193048
              5      -7.7601764       1.0073776      0.88248933      -12.979235      0.33688054       10.171327       7.6293814   1.0489753e-13       2.1721036      0.65921521       0.65921521      -16.838783      -16.838783
              2      -8.0283499      0.99393181      0.90849602      -12.975767      0.36312147       9.8612463       8.1002052   1.0573853e-13       2.3073925       0.5838682        0.5838682      -17.224436      -17.224436
              2      -7.6541795       1.0232271       0.9353595      -12.967845      0.21446266       10.549383       8.6170676   1.0768487e-13       1.6385612      0.75592032       0.75592032        -16.8202        -16.8202
              3      -7.2340865        1.038064      0.94654276      -12.964323      0.18624535       10.916011       8.8418422    1.085618e-13       1.5354842      0.79970234       0.79970234      -16.067578      -16.067578
              1      -7.1987927        1.040988      0.94856708      -12.963088      0.18054012       10.989754       8.8831516   1.0887082e-13       1.5154448      0.80742171       0.80742171      -16.012429      -16.012429
              1      -6.8088198      0.98146628      0.99432478      -12.948489      0.31892062       9.5822232       9.8701733   1.1259278e-13       2.0841099      0.47794133       0.47794133      -14.573522      -14.573522
              1      -8.3130347      0.92619049       1.0978086      -12.930436      0.37137246       8.4370475       12.525892    1.173719e-13       2.3516488      0.29906967       0.29906967      -17.224209      -17.224209
              1         -8.0072       0.8892502       1.0591403      -12.932912      0.38457704        7.749081        11.45883   1.1670456e-13        2.424248      0.27698279       0.27698279      -16.568366      -16.568366
              3      -8.5282444      0.89735952       1.3432213      -12.878046       0.5184973       7.8951343       22.040494   1.3242015e-13       3.2998735      0.15934461       0.15934461      -17.375178      -17.375178
              3      -8.2682803      0.87777636       1.3433383      -12.883603      0.55784803        7.547035       22.046431   1.3073652e-13       3.6128342      0.14122812       0.14122812      -16.819017      -16.819017
              4      -8.0290216      0.87742831       1.3521903      -12.883476      0.57092353       7.5409891       22.500404   1.3077464e-13       3.7232614      0.14341475       0.14341475      -16.344873      -16.344873
              2      -8.0478663      0.78610088        1.347475      -12.853318      0.48176544       6.1108395       22.257429   1.4017873e-13        3.032253      0.13782451       0.13782451      -16.371382      -16.371382
              1       -8.036739      0.91399384        1.203137      -12.897547      0.37196831       8.2033992       15.963826   1.2660577e-13       2.3548775      0.23099811       0.23099811      -16.535474      -16.535474
              4      -6.3588795      0.88557702        1.198118      -12.896182      0.44385549       7.6838172         15.7804   1.2700407e-13       2.7787885       0.1512385        0.1512385      -13.020236      -13.020236
              3      -6.6370517      0.94738452       1.2255385      -12.886297       0.3409865       8.8589962       16.808871   1.2992819e-13       2.1927368      0.27565599       0.27565599      -13.825415      -13.825415
             15      -7.9011892      0.90083082       1.3107727      -12.872842      0.40703141       7.9584926       20.453737   1.3401635e-13       2.5528859      0.20624864       0.20624864      -16.214876      -16.214876
              3      -8.0992951      0.87758049        1.315519       -12.88742      0.46721534       7.5436319       20.678499    1.295926e-13       2.9323469      0.17253869       0.17253869      -16.543668      -16.543668
              6      -8.1195325      0.68513796        1.465329      -12.860377      0.72917197       4.8432619       29.196377   1.3791859e-13       5.3600887      0.25473182       0.25473182      -16.748529      -16.748529
              6       -7.744202      0.69180731       1.4209228      -12.870975      0.71329829       4.9182128       26.358631   1.3459387e-13       5.1677119      0.20821171       0.20821171      -15.904827      -15.904827
              3       -6.290697         0.70743       1.3749235      -12.887697      0.72318312       5.0983542       23.709559   1.2951002e-13       5.2866812      0.17732908       0.17732908      -12.936052      -12.936052
              1      -7.7711238      0.82545799       1.4540493      -12.855493      0.51748933        6.690491       28.447838   1.3947831e-13       3.2922236      0.22111804       0.22111804      -15.984484      -15.984484
              1      -8.1893764      0.82056884       1.4512309      -12.853692      0.52768126       6.6155939       28.263824   1.4005807e-13       3.3703986      0.21144865       0.21144865       -16.80165       -16.80165
              3      -7.4492686      0.84158053        1.351486      -12.869297      0.44728973       6.9435334       22.463941    1.351149e-13       2.8008492       0.1786865        0.1786865       -15.25591       -15.25591
              2      -7.5981627      0.97835793       1.1097971      -12.932107      0.30175507       9.5138858       12.876477   1.1692102e-13       2.0033419      0.42218766       0.42218766      -16.040701      -16.040701
              2      -8.1465584      0.95840783       1.0812778      -12.939226       0.3458594       9.0867342       12.058069   1.1502011e-13       2.2174784      0.37521836       0.37521836      -17.043554      -17.043554
              3      -8.3202275      0.92627906        1.128475      -12.922894       0.4003795       8.4387682       13.442344   1.1942806e-13       2.5140823      0.25333308       0.25333308      -17.147121      -17.147121
              1      -7.9900527       1.0423242      0.96452981       -12.96565      0.25676053        11.02362       9.2157315   1.0823059e-13       1.8061779      0.69746165       0.69746165      -17.375029      -17.375029
              8      -7.9067559      0.88192502      0.83596497      -13.001251      0.40071333       7.6194744       6.8543293   9.9712355e-14       2.5160156      0.62480627       0.62480627      -17.063124      -17.063124
              5      -7.5824275      0.74345278      0.76828176      -13.000104      0.67569475       5.5392732       5.8651856   9.9976076e-14       4.7390877        0.576719         0.576719      -16.318293      -16.318293
              1      -7.0621552       1.0019064       1.4422516       -12.85564      0.46709667       10.043993       27.685451   1.3943126e-13       2.9315457      0.34620049       0.34620049      -14.816711      -14.816711
              8      -7.6241635      0.85329095       1.4278463      -12.870347       0.7073804       7.1333076       26.782204   1.3478868e-13       5.0977719      0.17637499       0.17637499      -15.601077      -15.601077
              2      -7.4992501      0.88028757       1.4226358      -12.866541      0.67119882       7.5908003       26.462803   1.3597486e-13       4.6902805      0.17352285       0.17352285      -15.345546      -15.345546
              2      -8.4718628      0.92470579        1.126014      -12.924094      0.45743166       8.4082533       13.366387   1.1909838e-13       2.8670262      0.21068066       0.21068066      -17.365087      -17.365087
              2      -8.4442148      0.92019973       1.1217134      -12.925539      0.46529189       8.3214639       13.234678   1.1870289e-13       2.9193885      0.20577888       0.20577888      -17.299987      -17.299987
              5      -8.4561938      0.89659095       1.1249433      -12.923089      0.47527367       7.8811747       13.333474   1.1937421e-13       2.9872644      0.17966549       0.17966549      -17.271719      -17.271719
              1      -7.7924616      0.92285471       1.1074481      -12.922788      0.43726531       8.3724914        12.80702   1.1945718e-13       2.7369402      0.22105534       0.22105534      -16.027034      -16.027034
              8      -7.8067088      0.89996298       1.2377016      -12.907585      0.44592608       7.9426052        17.28628   1.2371298e-13       2.7920685      0.19110031       0.19110031      -15.995618      -15.995618
              2      -8.6116463      0.74552081       1.2495433      -12.898622      0.66255627        5.565713       17.764103   1.2629263e-13       4.5978655     0.088306173      0.088306173      -17.399905      -17.399905
              4      -8.0955172      0.70758189       1.1103842      -12.935655      0.64718756       5.1001375       12.893897   1.1596975e-13       4.4380027      0.16186173       0.16186173      -16.514758      -16.514758
              3       -7.992013      0.69058551       1.1401752      -12.929491      0.69097172       4.9043958       13.809411   1.1762759e-13       4.9087591      0.15809637       0.15809637      -16.300219      -16.300219
              2       -8.480777      0.70702999       1.2669708      -12.891801      0.67824103       5.0936605       18.491444   1.2829194e-13       4.7669548      0.10488947       0.10488947      -17.171333      -17.171333
             12      -8.4244634      0.69841985       1.2660682      -12.891305      0.68550303       4.9936701       18.453053   1.2843835e-13        4.847335      0.10961259       0.10961259      -17.068152      -17.068152
              6      -8.3298453      0.69318007       1.2635279      -12.890774      0.68579559       4.9337833        18.34543   1.2859562e-13       4.8506014       0.1111783        0.1111783      -16.882047      -16.882047
              4      -8.0895573      0.70732949       1.2766118      -12.885309       0.6571356       5.0971744       18.906528   1.3022397e-13       4.5408338     0.099810122      0.099810122      -16.378735      -16.378735
             19      -8.4723945      0.63593942       1.2382823      -12.894535      0.83069591        4.324535       17.309412   1.2748663e-13        6.771672      0.19927009       0.19927009      -17.343329      -17.343329
              2      -8.4756308      0.63687237       1.2365943      -12.894967      0.82976622        4.333835       17.242265   1.2736004e-13       6.7571914      0.19783998       0.19783998      -17.346942      -17.346942
              2      -7.6209146       0.8466505       1.4255981      -12.846673      0.48215373       7.0250675       26.643921   1.4233992e-13       3.0349653      0.20689293       0.20689293      -15.655615      -15.655615
              2      -6.7009711      0.89903876       1.3305821      -12.855964      0.32324842       7.9257207       21.408298   1.3932731e-13       2.1049822      0.28539578       0.28539578      -13.972734      -13.972734
              3      -6.7272487      0.77795995       1.3354988      -12.847492      0.48664805       5.9973577        21.65204     1.42072e-13       3.0665359      0.12367885       0.12367885      -13.701855      -13.701855
              8      -6.4290173      0.87369925       1.5500883      -12.803999      0.37151418       7.4765158       35.488557   1.5703651e-13       2.3524163      0.45816264       0.45816264       -13.77436       -13.77436
              4      -5.7035577      0.92363569       1.3690334      -12.850884      0.38442332        8.387561       23.390172   1.4096661e-13       2.4233901      0.26460477       0.26460477      -11.936325      -11.936325
             91      -6.0688381       1.1488824        1.478173      -12.759785     -0.02559372       14.089073       30.072739   1.7386606e-13      0.94277114       1.3786964        1.3786964      -14.895069      -14.895069
              1       -5.904804       1.1297948       1.6225486      -12.738394     0.035553107       13.483258       41.932289   1.8264435e-13       1.0853083       1.4608842        1.4608842      -14.731376      -14.731376
             11      -4.6339364       1.0917765       1.6518238      -12.732832     0.057679762       12.353115       44.856337   1.8499855e-13       1.1420359       1.4111234        1.4111234      -12.090119      -12.090119
              7       -5.011177       1.0760877         1.60836      -12.741802     0.068407266       11.914825       40.584478   1.8121681e-13       1.1705966       1.2692845        1.2692845      -12.560923      -12.560923
             10      -6.0235732        1.012974       1.7199023      -12.719078      0.17158423       10.303244       52.468943   1.9095092e-13       1.4845138       1.2559472        1.2559472      -14.559041      -14.559041
              3      -4.9854864      0.98258743       1.8291009      -12.692608      0.21830192        9.606992       67.468477   2.0295147e-13       1.6531106       1.4704748        1.4704748      -12.911922      -12.911922
             21      -5.9117786      0.98479714       1.8341025      -12.698215      0.21661262       9.6559973       68.249976   2.0034786e-13       1.6466929       1.4701053        1.4701053      -14.763768      -14.763768
              1      -7.1753905      0.85844144      0.77022457       -12.98278      0.30479146       7.2184082       5.8914822   1.0404459e-13       2.0173974      0.71255367       0.71255367      -15.775888      -15.775888
             16      -7.2703647      0.83807366      0.79843422      -12.977561      0.33554723       6.8876911       6.2868662   1.0530252e-13       2.1654454      0.62116487       0.62116487      -15.783059      -15.783059
              1      -7.9720802      0.86104597       1.2185605      -12.883194      0.38562332       7.2618282       16.540951   1.3085973e-13       2.4300954      0.17592946       0.17592946      -16.296019      -16.296019
              1      -8.0718764       0.8142091       1.2520808      -12.885304      0.48730879       6.5194221         17.8682   1.3022538e-13       3.0712049      0.10806442       0.10806442      -16.359882      -16.359882
              1      -7.8928124      0.72750079       1.3925565      -12.877325      0.68710792       5.3395025       24.692012   1.3264017e-13       4.8652809      0.16321163       0.16321163      -16.112048      -16.112048
              5      -8.0899138      0.72397082       1.3964641      -12.875542      0.69473205       5.2962785       24.915182   1.3318573e-13        4.951446      0.16707599       0.16707599       -16.51398       -16.51398
              2      -8.2708557      0.72200514       1.4112827      -12.871942      0.70744752       5.2723611       25.779986   1.3429429e-13       5.0985598      0.17969643       0.17969643      -16.901104      -16.901104
              1      -7.3745457      0.75686785       1.2604731      -12.904374      0.60309844       5.7130478       18.216843   1.2463111e-13       4.0095759      0.10658024       0.10658024      -14.962252      -14.962252
             18      -7.4996812      0.78583463       1.4624481      -12.829952      0.48280082       6.1070944       29.003347   1.4792723e-13       3.0394907       0.2401137        0.2401137       -15.47959       -15.47959
              9      -7.3704858      0.78663408        1.464641      -12.829619      0.48070008       6.1183467       29.150164   1.4804051e-13       3.0248238      0.24380913       0.24380913       -15.22859       -15.22859
             23      -7.4531675      0.78882989       1.3929063      -12.848427      0.47645292       6.1493595        24.71191   1.4176624e-13       2.9953869      0.17658813       0.17658813      -15.259511      -15.259511
             10      -7.3084729      0.88651194       1.7162535      -12.785877       0.4363267       7.7003762       52.029962   1.6372796e-13       2.7310314      0.71341357       0.71341357      -16.043773      -16.043773
              2      -6.0641954      0.88809395       1.7508005      -12.774149      0.44602343       7.7284775       56.337874   1.6820951e-13       2.7926945      0.79231161       0.79231161      -13.713014      -13.713014
              4      -6.1043144      0.84758674       1.8842846      -12.742182      0.45507446       7.0402282       76.609841   1.8105804e-13       2.8515071       1.1426103        1.1426103      -14.493849      -14.493849
             10      -5.9467735       0.9804939       1.7109496      -12.750907      0.24071336       9.5607927       51.398397   1.7745699e-13       1.7406576       1.0289508        1.0289508      -13.951449      -13.951449
              4      -6.6647806      0.95329668       1.6775498      -12.753685      0.26474894       8.9804208       47.593733   1.7632558e-13       1.8397082      0.90023114       0.90023114      -15.130024      -15.130024
             34       -6.406162      0.94721229       1.5811415      -12.767085      0.26306763       8.8554837       38.118998   1.7096794e-13       1.8325998      0.70816411       0.70816411      -14.228652      -14.228652
             11      -6.6199012       0.9780429       1.5502099      -12.767126      0.19322712        9.506987       35.498495   1.7095191e-13       1.5603683      0.78895743       0.78895743      -14.817717      -14.817717
             26      -6.4780361       1.0498894       1.6001436       -12.76072      0.13547212       11.217328       39.823881   1.7349238e-13       1.3660674       1.0589803        1.0589803      -15.074033      -15.074033
             35      -6.4557356       1.0501043       1.6022331      -12.759964      0.13471422       11.222878       40.015947   1.7379442e-13       1.3636855       1.0652194        1.0652194       -15.04191       -15.04191
              1      -6.4167479       1.0722157       1.5443633      -12.773815      0.10514984       11.809071         35.0238     1.68339e-13       1.2739425       1.0421437        1.0421437      -14.917783      -14.917783
              3      -4.4678082       1.0905429       1.5511094      -12.774527     0.076945016       12.318078       35.572093   1.6806347e-13       1.1938369       1.1340453        1.1340453      -11.203707      -11.203707
              1      -3.9421391       1.1339362       1.4162656      -12.800879    0.0067847816       13.612446       26.077479   1.5816893e-13       1.0157452       1.1643273        1.1643273      -10.212933      -10.212933
             33      -4.2510114       1.1361646        1.422326      -12.799581    0.0068956816       13.682473       26.443928   1.5864219e-13       1.0160046       1.1754332        1.1754332      -10.852889      -10.852889
              1      -2.9646065       1.0699931       1.6159478      -12.789418      0.15392988       11.748789       41.299782   1.6239835e-13       1.4253774       1.0501126        1.0501126      -8.0294381      -8.0294381
              5      -6.5691445      0.94401923       1.3995449      -12.835613      0.32041363       8.7906144       25.092556   1.4601153e-13        2.091287      0.36629979       0.36629979      -13.870889      -13.870889
              2      -7.9794209      0.91395931       1.1806113      -12.910838      0.36732543       8.2027468       15.156932   1.2278966e-13       2.3298364      0.25523468       0.25523468      -16.469311      -16.469311
              5      -8.3502064      0.90146315       1.2307857       -12.89881      0.40520753       7.9700885       17.013186   1.2623804e-13       2.5421872      0.20484034       0.20484034      -17.110093      -17.110093
              3      -6.7342345      0.82297879       1.8417792      -12.759449      0.51094018       6.6524067       69.467104   1.7400057e-13       3.2429495      0.96641211       0.96641211      -15.401293      -15.401293
              1       -6.989524      0.81724104       1.5736601      -12.818422      0.48912737       6.5650954       37.467962   1.5190706e-13       3.0840923      0.38657388       0.38657388      -14.752196      -14.752196
              5      -7.9134008      0.87493736       1.5228091      -12.827813      0.43637864       7.4978606       33.327986   1.4865745e-13       2.7313581      0.35891439       0.35891439       -16.54463       -16.54463
              1      -8.0423275      0.86040384       1.4663865      -12.838508      0.45325928        7.251099       29.267557    1.450414e-13       2.8396138      0.27134756       0.27134756       -16.62735       -16.62735
              4      -8.3301505      0.80330501       1.4279185      -12.860842       0.5619463       6.3577729       26.786654   1.3777107e-13       3.6470885      0.17765525       0.17765525      -17.015611      -17.015611
              3      -5.5404036      0.79625594       1.3522251      -12.891091      0.57579139       6.2554123       22.502205   1.2850162e-13       3.7652289      0.14067204       0.14067204      -11.362151      -11.362151
              2      -4.7110344      0.89066686      0.89761927      -12.962267      0.47267359       7.7743997       7.8998578   1.0907685e-13       2.9694334      0.37440089       0.37440089      -10.170871      -10.170871
              5      -4.7218725      0.90973106      0.85574751      -12.971622      0.45500626       8.1232732       7.1737709   1.0675242e-13       2.8510594      0.46334602       0.46334602      -10.370437      -10.370437
              1      -8.1728605      0.85255356      0.91756238      -12.971869      0.50812567       7.1212062        8.271083   1.0669187e-13        3.222001      0.35807223       0.35807223      -17.061865      -17.061865
              2      -7.9961846      0.84159131       1.0036106      -12.948376      0.52393513       6.9437058       10.083485    1.126221e-13       3.3414512      0.22442281       0.22442281      -16.441215      -16.441215
              6      -7.5160769       1.0547652      0.75622818      -13.020937      0.22203342       11.343974       5.7046391   9.5293367e-14       1.6673755       1.1730743        1.1730743      -17.378302      -17.378302
              5      -7.6737735      0.81782648        1.333383       -12.88743      0.79150565       6.5739512       21.546811   1.2958967e-13       6.1873638      0.13120567       0.13120567      -15.609958      -15.609958
              3      -7.6080103      0.73126971       1.2704434      -12.902603      0.65699078       5.3860417       18.639893   1.2514029e-13       4.5393198      0.11193351       0.11193351      -15.439888      -15.439888
              2      -8.4192717      0.79662607       1.1425552      -12.924468      0.53652129       6.2607458       13.885298   1.1899581e-13       3.4397058      0.12995662       0.12995662      -17.098457      -17.098457
              4      -8.3343495      0.63484385       1.1235476      -12.912885      0.83946591       4.3136395       13.290692   1.2221241e-13       6.9098069      0.21613931       0.21613931      -17.100978      -17.100978
              1      -8.3372483      0.63495805       1.1251428      -12.912453      0.83857918        4.314774         13.3396   1.2233383e-13        6.895713      0.21463673       0.21463673       -17.10377       -17.10377
              9      -8.3248663      0.63343692       1.1223452      -12.912581      0.84013631       4.2996878       13.253946    1.222979e-13       6.9204815      0.21737002       0.21737002      -17.084473      -17.084473
              6      -8.2538975      0.64377448        1.112446      -12.915606      0.81483954       4.4032615       12.955257   1.2144914e-13       6.5288928      0.20004069       0.20004069      -16.907876      -16.907876
              5      -8.1860562       0.6358529       1.1143578      -12.914255      0.82550349       4.3236736       13.012412   1.2182742e-13        6.691192      0.21055904       0.21055904       -16.79323       -16.79323
              3       -7.794243      0.62719343       1.0781831      -12.922314      0.86077631       4.2383169       11.972453   1.1958757e-13       7.2573207      0.26114124       0.26114124      -16.110769      -16.110769
              5      -7.9702071      0.58473748       1.1195812      -12.904429      0.91419224       3.8435937       13.169861   1.2461519e-13       8.2071476      0.31089055       0.31089055      -16.562195      -16.562195
              2      -7.7634873      0.67692282       1.4514038      -12.857559      0.82023803       4.7525076       28.275077   1.3881657e-13       6.6105567       0.2743767        0.2743767      -16.075728      -16.075728
              5      -7.8485301      0.68031902       1.4475586       -12.85836      0.81625233       4.7898181        28.02584   1.3856066e-13       6.5501663      0.26600163       0.26600163      -16.229063      -16.229063
             11      -8.2353769      0.77753405       1.2082865      -12.901556      0.61189354       5.9914792       16.154239   1.2544219e-13       4.0916035     0.073729503      0.073729503      -16.618213      -16.618213
              6      -8.2711296      0.77928265       1.1268559       -12.91389      0.67976196       6.0156513       13.392322    1.219299e-13       4.7836783     0.079899025      0.079899025      -16.702057      -16.702057
              1       -8.464302      0.78192493       1.2031274      -12.895192      0.67506163       6.0523625       15.963472   1.2729398e-13        4.732184     0.055174727      0.055174727      -17.038953      -17.038953
              4      -8.5007943       0.6479674       1.2937649       -12.88614      0.80704561       4.4459789       19.668213   1.2997515e-13       6.4127692      0.18988939       0.18988939      -17.381367      -17.381367
              2       -8.466932      0.65202436       1.2865938      -12.886568      0.79864622       4.4877056       19.346118   1.2984689e-13        6.289936      0.17870936       0.17870936      -17.291283      -17.291283
              1      -8.1465163      0.66568245       1.3044575      -12.880131        0.779456       4.6310818       20.158465   1.3178584e-13       6.0180529      0.16028987       0.16028987      -16.613612      -16.613612
              1      -7.0414641      0.90696296      0.91334929        -12.9856      0.37084249       8.0716619       8.1912333   1.0337119e-13       2.3487808      0.53622701       0.53622701      -15.155382      -15.155382
              3      -6.4443702      0.91021335      0.93518743      -12.984418      0.39244935       8.1322993       8.6136541   1.0365308e-13       2.4685922      0.49874816       0.49874816      -13.886237      -13.886237
              6      -5.7890803      0.49828147       1.3656757       -12.87543       1.1763594       3.1497891       23.210029   1.3322006e-13       15.009264      0.83144311       0.83144311      -13.241047      -13.241047
              6      -7.0879126      0.39661086       1.1530913      -12.831591       1.3309943       2.4923605       14.226277   1.4736982e-13       21.428623        1.218114         1.218114      -16.612053      -16.612053
             16      -7.1531172      0.39005528       1.1657264      -12.832614       1.3001857       2.4550214       14.646247   1.4702334e-13       19.961156       1.1716068        1.1716068      -16.649448      -16.649448
              1      -8.2182181      0.59261111        1.235417      -12.848526       1.0837751       3.9139125       17.195585   1.4173408e-13       12.127608      0.43640881       0.43640881      -17.309254      -17.309254
              9      -8.1458975      0.56310153       1.3055535      -12.868028       1.0671434       3.6568027       20.209405   1.3551029e-13       11.671951      0.50766001       0.50766001      -17.307115      -17.307115
              9      -8.1156798      0.56977126       1.2985059      -12.869248       1.0469295        3.713396       19.884097   1.3513003e-13       11.141137      0.46910099       0.46910099      -17.169562      -17.169562
             14      -7.9342417      0.51736811       1.2286632      -12.862586         1.10926       3.2913048       16.930243   1.3721879e-13       12.860563      0.59614439       0.59614439      -17.060772      -17.060772
              4      -8.0466091      0.66150339        1.258758      -12.867295      0.95012597       4.5867322       18.145041   1.3573903e-13        8.915095      0.23305435       0.23305435      -16.559327      -16.559327
              1      -8.3784727      0.68045912       1.2657005      -12.863203      0.94091803       4.7913635       18.437437   1.3702403e-13       8.7280661      0.20810703       0.20810703      -17.173159      -17.173159
              5      -7.6767237      0.59268432       1.2264717       -12.85918       1.0713087       3.9145723       16.845027   1.3829941e-13       11.784434      0.42372056       0.42372056      -16.200889      -16.200889
             14      -8.1279293      0.64404096       1.2095974      -12.857957      0.97815271       4.4059641       16.203072   1.3868926e-13        9.509391      0.24914922       0.24914922      -16.754157      -16.754157
              4      -7.0388007       0.6824676      0.98378135      -12.897984       0.8452124       4.8135734       9.6334389   1.2647818e-13       7.0018436      0.17899925       0.17899925        -14.4356        -14.4356
             18      -7.0506477      0.77748206       1.2485974      -12.845041      0.80357654       5.9907619       17.725456   1.4287597e-13       6.3617492     0.047913075      0.047913075      -14.197121      -14.197121
             10      -8.2189794      0.65547921       1.1498744      -12.839216      0.98557194       4.5235481        14.12129   1.4480523e-13       9.6732394      0.22280059       0.22280059       -16.88356       -16.88356
              3      -7.9546739      0.80302937       1.1287839      -12.857834       0.7784476        6.353739       13.451907   1.3872848e-13       6.0040957     0.014820489      0.014820489      -15.938989      -15.938989
              3      -8.2599163      0.80592052       1.1486266      -12.852458      0.76710093       6.3961777       14.080775   1.4045643e-13       5.8492601     0.008153269      0.008153269      -16.536139      -16.536139
              5      -6.5771345      0.72771908       1.2123211      -12.832904      0.88417225       5.3421869       16.305012     1.46925e-13       7.6590032     0.093836931      0.093836931      -13.341943      -13.341943
             14      -5.9066147      0.61832328       1.2178987      -12.869771        1.022662       4.1526304       16.515764   1.3496731e-13       10.535666      0.33895084       0.33895084      -12.491131      -12.491131
              8      -7.2219543      0.62358615       1.2981999      -12.850387       1.0021124        4.203259       19.870094   1.4112791e-13       10.048758      0.33139358       0.33139358      -15.106696      -15.106696
              9      -8.4381892      0.65061823       1.2569188      -12.855972      0.97320232       4.4731991       18.068364    1.393245e-13       9.4016118      0.25445369       0.25445369      -17.385286      -17.385286
             18      -8.1822132      0.64279081       1.2110883      -12.854249       0.9932617       4.3932995       16.258792   1.3987861e-13       9.8460423      0.26371748       0.26371748      -16.891861      -16.891861
              2      -8.2242608      0.64353494       1.2117993      -12.853682      0.99294215       4.4008335       16.285433   1.4006138e-13       9.8388005      0.26245018       0.26245018      -16.973422      -16.973422
              4      -7.9485145       0.7089552       1.1783445      -12.894743      0.80467987       5.1162905       15.078027   1.2742583e-13       6.3779318      0.10774681       0.10774681      -16.112523      -16.112523
              7      -8.2638677      0.84481605       1.1878134      -12.906098       0.5390807       6.9954564       15.410382   1.2413728e-13       3.4600366     0.098819193      0.098819193      -16.725374      -16.725374
             10      -7.5199823       0.7791008       1.3146911      -12.870826      0.86492249       6.0131328       20.639114   1.3464006e-13       7.3269375      0.13779146       0.13779146      -15.315548      -15.315548
              3      -6.0959836      0.78686975       1.3370891      -12.864233      0.84650283       6.1216677       21.731468   1.3669963e-13       7.0226792      0.13426492       0.13426492      -12.460497      -12.460497
              6      -5.0019341       0.7856646       1.3414345      -12.861396      0.84902645       6.1047038       21.949998   1.3759528e-13       7.0636058      0.13660425       0.13660425      -10.277077      -10.277077
              9      -4.9176204      0.85392938       1.2414678      -12.879559       0.7436023       7.1438015       17.436841   1.3195963e-13       5.5411806     0.057387219      0.057387219      -9.9500152      -9.9500152
              1      -7.1479402       1.0439825       1.2155482       -12.87675      0.15063691       11.065792       16.426619   1.3281576e-13       1.4146106      0.62839287       0.62839287      -15.552666      -15.552666
              7      -6.8000357       1.0928897       1.1429926      -12.882738     0.086641613       12.384821        13.89929   1.3099728e-13       1.2207918      0.81208845       0.81208845      -15.224248      -15.224248
              1      -6.6824826       1.0163353       1.3463131      -12.837654      0.20345905       10.383298       22.197962   1.4532682e-13       1.5975669      0.54910235       0.54910235       -14.46317       -14.46317
              8      -7.4169307      0.88847239       1.1171081      -12.870691      0.24796982        7.735215       13.095078   1.3468196e-13        1.769986      0.31166281       0.31166281      -15.457187      -15.457187
              8      -6.1646199      0.89487349       1.3757957       -12.80264      0.27526103       7.8500694       23.757226   1.5752891e-13       1.8847816      0.37113869       0.37113869      -13.071517      -13.071517
              7      -6.1445781       1.1174903       1.2375611       -12.85005     0.055258051       13.106608       17.280689   1.4123746e-13       1.1356854      0.90681097       0.90681097      -14.102778      -14.102778
              5      -5.6479959       1.1041599       1.0661228      -12.876365     0.020716217       12.710421       11.644552   1.3293373e-13       1.0488568      0.95930124       0.95930124      -13.214594      -13.214594
             18      -6.0121159       1.1463586      0.83765007      -12.923324     -0.07360831       14.007434       6.8809764   1.1930982e-13       0.8440957       1.4693928        1.4693928      -14.963018      -14.963018
              4      -6.1351582       1.1478618      0.95686727      -12.882059    -0.087088093       14.056001       9.0545584   1.3120224e-13      0.81829879       1.3367614        1.3367614      -14.943839      -14.943839
              1      -6.0388652        1.141454       1.0007669      -12.874801    -0.075383701       13.850136       10.017673   1.3341325e-13      0.84065209       1.2645946        1.2645946       -14.60692       -14.60692
             19       -6.050294       1.1407743       1.0160506      -12.871931    -0.071870231       13.828475       10.376492   1.3429781e-13      0.84748061       1.2455282        1.2455282      -14.591644      -14.591644
             15      -4.6819091       1.1216569       1.0351209      -12.870962     -0.05567716       13.232957       10.842287    1.345979e-13       0.8796762       1.1626784        1.1626784      -11.689175      -11.689175
              7      -3.0539447       1.0991734       1.1481985      -12.842666    -0.029506749       12.565317       14.066904   1.4365945e-13      0.93431485       1.0285337        1.0285337      -8.1649567      -8.1649567
             17      -2.4178102        1.135905      0.96815914      -12.885975    -0.087138969       13.674297       9.2930686   1.3002457e-13      0.81820293       1.3123891        1.3123891      -7.4603985      -7.4603985
              4      -6.0102443       1.1200353      0.93587139      -12.888988    -0.051890645        13.18364       8.6272303   1.2912561e-13      0.88737943        1.220686         1.220686      -14.461861      -14.461861
              6      -6.1455411       1.1368312      0.91684505       -12.89441    -0.077309578       13.703489       8.2574329   1.2752351e-13      0.83693248       1.3348597        1.3348597      -14.960801      -14.960801
              7      -6.1647085       1.1416696      0.95284492      -12.883433    -0.079927584       13.857013        8.971084   1.3078787e-13      0.83190247       1.3109693        1.3109693      -14.951356      -14.951356
             10      -6.0994774       1.1492493      0.94110637      -12.885167    -0.089737312       14.100979       8.7318522   1.3026644e-13      0.81332232       1.3597874        1.3597874       -14.91853       -14.91853
              1      -4.2946172      0.99748763       1.2304591      -12.817523      0.12047938       9.9423176       17.000399   1.5222193e-13       1.3197127      0.59525508       0.59525508      -9.7797445      -9.7797445
             11      -7.0641242      0.92458013       1.0398652      -12.880682      0.18794132       8.4058208       10.961379   1.3161887e-13       1.5414922      0.44373805       0.44373805      -15.015724      -15.015724
              5      -7.2611879      0.90695549       1.1215987      -12.861345      0.20869301        8.071523       13.231185   1.3761152e-13       1.6169367      0.36825878       0.36825878      -15.258893      -15.258893
              6      -7.2747077       0.9039149       1.1258747      -12.859939      0.21255356       8.0152098       13.362099    1.380578e-13       1.6313741      0.35961964       0.35961964      -15.268655      -15.268655
             42      -7.2768369      0.90305847       1.1088734       -12.87083      0.23138849       7.9994195       12.849121   1.3463875e-13       1.7036818      0.34259981       0.34259981      -15.238873      -15.238873
              3      -7.2290846      0.90654371       1.1132876      -12.871267      0.23321465       8.0638736       12.980387   1.3450342e-13       1.7108607      0.34232468       0.34232468      -15.142818      -15.142818
              8      -7.2507736      0.90761878       1.1148515      -12.870806      0.23153198         8.08386       13.027213   1.3464627e-13       1.7042448       0.3447863        0.3447863       -15.19112       -15.19112
             10      -7.5787733      0.91947091      0.89817619      -12.957562      0.26632722       8.3075106       7.9099947   1.1026517e-13       1.8464061       0.5753871        0.5753871      -16.308321      -16.308321
             11      -8.3539881      0.79188487       1.0335981      -12.944347      0.50493743       6.1927688       10.804336   1.1367176e-13       3.1984343       0.2099399        0.2099399      -17.127856      -17.127856
             20      -8.3995467       0.7828866       1.1111127      -12.925867      0.51398107       6.0657793       12.915543   1.1861324e-13        3.265736      0.14488035       0.14488035      -17.088854      -17.088854
             17      -8.4025124      0.77677949       1.0898482      -12.930169      0.52580542       5.9810783       12.298387   1.1744394e-13       3.3558723      0.15245169       0.15245169      -17.109928      -17.109928
             35      -8.4413415      0.71656575       1.1875799      -12.906758      0.60034979       5.2067382         15.4021    1.239487e-13       3.9842794      0.10401028       0.10401028      -17.090704      -17.090704
             15      -8.2882632      0.72769148        1.332939      -12.868373       0.5875527       5.3418475       21.524796   1.3540248e-13         3.86859      0.11312685       0.11312685       -16.80278       -16.80278
             15      -8.1816784      0.70658559       1.2826028       -12.88372      0.64742803       5.0884509       19.169149   1.3070139e-13       4.4404607      0.10176868       0.10176868      -16.566894      -16.566894
             14      -8.1889134      0.84943114      0.91009599      -12.977458      0.45098025        7.070191       8.1301019   1.0532763e-13       2.8247515      0.41767959       0.41767959      -17.213186      -17.213186
              1      -7.4202747      0.70872772       1.4231259      -12.899637      0.91180186       5.1136113       26.492677   1.2599785e-13       8.1620991      0.33410925       0.33410925      -15.508768      -15.508768
             19      -6.8051341      0.70996307       1.3849117      -12.911206      0.92353639       5.1281778       24.261168   1.2268575e-13       8.3856434        0.328014         0.328014      -14.266296      -14.266296
             14      -5.9710989       0.7300535        1.444046      -12.932251       0.8943777       5.3709795       27.800075   1.1688247e-13       7.8411128      0.40261095       0.40261095       -12.74742       -12.74742
