#        weight    minuslogpost         logphi0          loggst           logV0           logQ0            phi0             gst              V0              Q0   minuslogprior minuslogprior__0            chi2       chi2__stb
              2       29.572095      0.41265283       1.2316585      -12.928547       1.4103032       2.5861447       17.047412   1.1788341e-13       25.721908       1.5076351        1.5076351       56.128919       56.128919
              6       22.242504      0.48798033       1.2325674      -12.936813       1.3187593       3.0759575       17.083126   1.1566089e-13       20.833359       1.1576585        1.1576585       42.169692       42.169692
             14       7.5787586      0.48536884       1.2506779      -12.944919       1.3031996       3.0575167       17.810573   1.1352228e-13       20.100164       1.1602694        1.1602694       12.836978       12.836978
              5      -3.6745511      0.53422884       1.2454381      -12.939091       1.2297407       3.4215969       17.596978   1.1505604e-13       16.972298      0.90963399       0.90963399      -9.1683702      -9.1683702
             12      -4.1513038      0.53480191       1.2422262      -12.938494       1.2280484       3.4261148       17.467315   1.1521414e-13       16.906292      0.90260212       0.90260212      -10.107812      -10.107812
             12      -5.8813819      0.63311422       1.2604643      -12.916676       1.0949422       4.2964941       18.216472   1.2115012e-13        12.44349      0.50845397       0.50845397      -12.779672      -12.779672
              1      -6.3943203      0.61255901        1.267442      -12.909673        1.105421       4.0978779       18.511516   1.2311967e-13       12.747381      0.53518691       0.53518691      -13.859014      -13.859014
              5      -6.4193116       0.6823704       1.2450583      -12.896869       1.0396957       4.8124962       17.581596   1.2680334e-13       10.957101      0.34518076       0.34518076      -13.528985      -13.528985
              1      -6.3773756      0.68228918       1.2452418      -12.894928       1.0397727       4.8115963       17.589027   1.2737148e-13       10.959045      0.34211123       0.34211123      -13.438974      -13.438974
              8      -7.0789188      0.64640916       1.2937352      -12.896112       1.0349003       4.4300554       19.666866   1.2702457e-13       10.836782        0.394854         0.394854      -14.947546      -14.947546
              2      -6.8294371      0.66335659       1.2809717      -12.900436       1.0400321       4.6063464       19.097286   1.2576634e-13       10.965592      0.38532714       0.38532714      -14.429528      -14.429528
             10      -7.1659826      0.54506638       1.2448631      -12.847179       1.0790598       3.5080549       17.573695   1.4217414e-13       11.996645       0.5027895        0.5027895      -15.337544      -15.337544
              7      -7.5424352      0.77668162       1.2146733      -12.828753      0.88629775       5.9797307       16.393563    1.483361e-13       7.6965794     0.078082789      0.078082789      -15.241036      -15.241036
              7      -7.2222491      0.84469742       1.1535516      -12.876705      0.65472145       6.9935458       14.241363    1.328296e-13       4.5156623     0.019364281      0.019364281      -14.483227      -14.483227
             10      -7.3189638      0.86365592       1.2676796      -12.833759      0.29588687       7.3056005       18.521645   1.4663618e-13       1.9764547      0.25302509       0.25302509      -15.143978      -15.143978
             36      -7.0460952      0.86412593       1.2681575      -12.832743      0.29820387       7.3135112       18.542037   1.4697964e-13       1.9870275      0.25041664       0.25041664      -14.593024      -14.593024
              2      -7.3371969      0.77266595       1.2474249      -12.882573        0.676134       5.9246944       17.677665   1.3104684e-13       4.7438833     0.053644789      0.053644789      -14.781683      -14.781683
              5      -8.5430182      0.74581743       1.3123828      -12.886816      0.64689175       5.5695157       20.529709   1.2977284e-13       4.4349808      0.10426159       0.10426159       -17.29456       -17.29456
              1      -8.0906091      0.91110083       1.1639965      -12.908195      0.53454201       8.1489345       14.588024    1.235392e-13       3.4240651      0.12718589       0.12718589       -16.43559       -16.43559
              3      -7.9440313      0.86602757       1.1587042      -12.894331      0.35965473        7.345605       14.411333   1.2754653e-13       2.2890471       0.2055364        0.2055364      -16.299135      -16.299135
              4      -7.9665149      0.86537236       1.1592557      -12.894829      0.35501184       7.3345311       14.429646   1.2740057e-13       2.2647061      0.21091273       0.21091273      -16.354855      -16.354855
             10      -7.6675005        0.601386        1.082023      -12.864228      0.99842956       3.9937972       12.078778   1.3670102e-13       9.9639045      0.31328804       0.31328804      -15.961577      -15.961577
             31      -7.1104933      0.58853854       1.0794452      -12.866888      0.99109393       3.8773815       12.007294   1.3586634e-13       9.7970185      0.32521345       0.32521345      -14.871414      -14.871414
             22       -7.721723      0.59465006       1.0805758      -12.867613      0.99482273        3.932331       12.038594   1.3563978e-13       9.8814967      0.32163003       0.32163003      -16.086706      -16.086706
              3      -6.8386705      0.56591229       1.0894941      -12.867707       1.0126702       3.6805463       12.288364   1.3561041e-13       10.296041      0.38020892       0.38020892      -14.437759      -14.437759
              1      -6.5700874      0.60509355       1.1012416      -12.856834       1.0234047       4.0280379       12.625298   1.3904852e-13       10.553698       0.3282557        0.3282557      -13.796686      -13.796686
              3      -3.0170636      0.65414712       1.1359013      -12.872286       1.0999624       4.5096945       13.674181   1.3418804e-13       12.588163      0.38700001       0.38700001      -6.8081273      -6.8081273
             16      -5.4707378      0.59880814       1.1381666      -12.883901       1.1943893       3.9701612       13.745692   1.3064693e-13       15.645493      0.61089374       0.61089374      -12.163263      -12.163263
              1      -8.2116301      0.66329792       1.2165204      -12.888838      0.82334901       4.6057241       16.463433   1.2917015e-13         6.65808      0.15167961       0.15167961      -16.726619      -16.726619
              9      -8.3015066      0.60795601        1.223644      -12.897875      0.83801395       4.0546746       16.735705   1.2650998e-13       6.8867441      0.23537542       0.23537542      -17.073764      -17.073764
              1      -8.3717851      0.64013112        1.205012      -12.898836      0.84522379       4.3664764       16.032898    1.262305e-13       7.0020271      0.19878987       0.19878987       -17.14115       -17.14115
              4      -8.3358128      0.64595434       1.2056509      -12.895763       0.8516409       4.4254184       16.056502    1.271268e-13       7.1062569      0.19150028       0.19150028      -17.054626      -17.054626
             12      -8.1239918      0.64271581       1.1279606      -12.887206      0.89798582       4.3925409       13.426432   1.2965655e-13       7.9065282      0.20000484       0.20000484      -16.647993      -16.647993
              1      -8.0007812      0.64257848       1.1120422      -12.872235      0.92835893       4.3911521       12.943217    1.342038e-13       8.4792791      0.20474127       0.20474127      -16.411045      -16.411045
             18       -7.983356      0.70573246       1.1108636      -12.868175      0.86836641        5.078465       12.908137   1.3546438e-13       7.3852705      0.10314142       0.10314142      -16.172995      -16.172995
              9      -7.9111068      0.68192871        1.113518      -12.869255      0.87980827       4.8076042       12.987274   1.3512785e-13       7.5824275      0.12873488       0.12873488      -16.079683      -16.079683
              9      -8.2283489      0.73473086       1.1369165      -12.899286      0.74630681       5.4291377       13.706182   1.2609967e-13       5.5757951      0.07601792       0.07601792      -16.608734      -16.608734
              3      -7.7006284      0.62996853       1.1707135      -12.917083       0.8262267       4.2654861       14.815403   1.2103664e-13       6.7023437      0.22763782       0.22763782      -15.856533      -15.856533
              3      -8.1557711      0.66688268       1.2692156      -12.874844      0.84776568       4.6438981       18.587272   1.3340019e-13       7.0431296      0.16484378       0.16484378       -16.64123       -16.64123
              8      -8.4266508      0.67680963       1.2726118       -12.87666      0.86423937       4.7512691       18.733191   1.3284346e-13       7.3154217      0.17054355       0.17054355      -17.194389      -17.194389
              4      -8.4255433      0.67304613       1.2774899      -12.874578      0.87713226       4.7102735       18.944797   1.3348192e-13       7.5358502       0.1821993        0.1821993      -17.215485      -17.215485
              1      -8.4611334       0.6680299       1.2607729       -12.87692      0.86225074       4.6561815       18.229423   1.3276378e-13       7.2820012      0.17102109       0.17102109      -17.264309      -17.264309
              2      -8.3220723      0.68755047       1.2563458      -12.872001      0.88056022       4.8702412       18.044538   1.3427612e-13       7.5955674      0.15948109       0.15948109      -16.963107      -16.963107
              3      -8.4790783      0.81975984       1.2597702      -12.851531       0.7821274       6.6032819       18.187383   1.4075681e-13       6.0551847     0.044793574      0.044793574      -17.047744      -17.047744
              2      -8.2376706      0.84274255       1.2685215      -12.857213      0.79500917       6.9621367       18.557587   1.3892724e-13       6.2374801     0.060995341      0.060995341      -16.597332      -16.597332
              1      -8.3915997      0.78586401       1.2630808      -12.865092      0.81211066       6.1075076       18.326553   1.3642929e-13       6.4879972     0.071563416      0.071563416      -16.926326      -16.926326
              1      -8.5335068      0.83163378       1.2377496      -12.874235      0.68418602       6.7863114       17.288193   1.3358723e-13       4.8326575     0.036052527      0.036052527      -17.139119      -17.139119
              2      -8.1755141      0.84441768       1.2328839      -12.876858      0.68935309       6.9890424       17.095583   1.3278286e-13        4.890498     0.039726808      0.039726808      -16.430482      -16.430482
              2      -7.9580979      0.79976388       1.2236542       -12.87861      0.68976474        6.306144       16.736097   1.3224815e-13       4.8951357     0.035580463      0.035580463      -15.987357      -15.987357
              4      -8.3951282      0.80484651       1.2218583      -12.877409      0.70134489       6.3803795       16.667034   1.3261451e-13       5.0274168     0.034196079      0.034196079      -16.858648      -16.858648
              6      -7.9970737        0.698158       1.2104478      -12.870359      0.84003155       4.9906602       16.234832   1.3478492e-13       6.9188123      0.10694335       0.10694335      -16.208034      -16.208034
              3      -7.7932981      0.68017639       1.1992995      -12.868952      0.86377483       4.7882453        15.82339   1.3522229e-13       7.3076011      0.12966742       0.12966742      -15.845931      -15.845931
              9      -8.0168799      0.70284078       1.1881901      -12.824272      0.99003192       5.0447631       15.423755   1.4987465e-13       9.7730905      0.19357132       0.19357132      -16.420902      -16.420902
              2        -7.75781      0.71081688       1.1856999      -12.825803      0.99692726       5.1382695       15.335568   1.4934715e-13       9.9294973      0.19529425       0.19529425      -15.906208      -15.906208
              7      -7.9787246      0.61468488        1.218585      -12.841838       1.0246078       4.1179861       16.541886   1.4393355e-13       10.582976      0.32497853       0.32497853      -16.607406      -16.607406
              1      -7.4734214      0.42267714       1.2144932      -12.841382       1.3048176        2.646532       16.386763   1.4408461e-13       20.175191       1.1155734        1.1155734       -17.17799       -17.17799
              7       -6.283473      0.52228787       1.3790246      -12.869313       1.1279503       3.3288013       23.934514   1.3510986e-13       13.426113      0.71612286       0.71612286      -13.999192      -13.999192
              7      -5.3609116      0.63436725       1.3545832      -12.903392      0.99966181       4.3089082       22.624718   1.2491322e-13        9.992216      0.42281259       0.42281259      -11.567448      -11.567448
              3      -7.5803005      0.63497507       1.3786937      -12.888888      0.98228023       4.3149431       23.916286    1.291552e-13       9.6001989      0.39950096       0.39950096      -15.959603      -15.959603
              3      -6.6932929      0.72557882        1.413507       -12.88778      0.89692429       5.3159247       25.912363   1.2948504e-13       7.8872261      0.28371004       0.28371004      -13.954006      -13.954006
              1      -7.7816045       0.7028311       1.4055834      -12.892588      0.90610341       5.0446506       25.443883   1.2805962e-13       8.0557024      0.30365855       0.30365855      -16.170526      -16.170526
             14      -8.0348443      0.74734338       1.3743758      -12.886933      0.86072239       5.5891194       23.679676   1.2973791e-13       7.2564197      0.21105315       0.21105315      -16.491795      -16.491795
             22      -7.6958031      0.62158091       1.3537427      -12.881193       1.0274038       4.1838963       22.580976   1.3146403e-13       10.651329      0.43161436       0.43161436      -16.254835      -16.254835
              2      -7.6816219      0.64664148       1.3336991      -12.889778       1.0075081       4.4324259       21.562501   1.2889093e-13       10.174383      0.37930623       0.37930623      -16.121856      -16.121856
              2      -8.4319319      0.63896595       1.3069387      -12.871581      0.91917194       4.3547773       20.273966   1.3440614e-13       8.3017938      0.25951076       0.25951076      -17.382885      -17.382885
             14      -7.3915102      0.61900712       1.4012445      -12.890585      0.98983046       4.1591743       25.190949   1.2865168e-13        9.768558      0.44857599       0.44857599      -15.680172      -15.680172
              8      -6.6380279      0.56181239       1.4492841      -12.894932       1.0737616       3.6459641       28.137406   1.2737032e-13       11.851179      0.68153953       0.68153953      -14.639135      -14.639135
              8      -6.1917768      0.56458847       1.4701572      -12.902605        1.039113       3.6693443       29.522777   1.2513979e-13       10.942409       0.6714849        0.6714849      -13.726524      -13.726524
              5      -6.1910495      0.56458565       1.4701572      -12.902605       1.0391075       3.6693205       29.522777    1.251398e-13       10.942273      0.67148248       0.67148248      -13.725064      -13.725064
              2      -6.4464008      0.64959897       1.4506173      -12.919959      0.97648697       4.4627131       28.223917   1.2023784e-13       9.4729877      0.51057832       0.51057832      -13.913958      -13.913958
              4      -6.5789422      0.65135924       1.4512249      -12.919909      0.97681771        4.480838       28.263433   1.2025164e-13       9.4802045      0.50977845       0.50977845      -14.177441      -14.177441
              7      -6.7512967      0.64557673        1.463346      -12.913894      0.98138731       4.4215723       29.063371    1.219286e-13        9.580481      0.52084323       0.52084323       -14.54428       -14.54428
              3      -6.7419604      0.64086344       1.4752297      -12.914258      0.97606188       4.3738455       29.869618   1.2182656e-13         9.46372      0.53524834       0.53524834      -14.554417      -14.554417
              9      -6.6262679      0.64743057       1.4737086      -12.914202      0.97741194       4.4404866       29.765189   1.2184214e-13        9.493185      0.52801373       0.52801373      -14.308563      -14.308563
             11      -8.2772997      0.65020794       1.4347676      -12.870728      0.86910942       4.4689751       27.212449   1.3467033e-13       7.3979165      0.32026979       0.32026979      -17.195139      -17.195139
              5      -7.1513534      0.66341764       1.4277383      -12.869191      0.92906936       4.6069939       26.775546   1.3514783e-13        8.493161      0.34389637       0.34389637        -14.9905        -14.9905
             10      -7.3544938      0.58676307       1.3996112      -12.859845      0.96248282       3.8615625       25.096385   1.3808781e-13       9.1723965      0.42304426       0.42304426      -15.555076      -15.555076
              1        -8.01634      0.69108108        1.198971      -12.902863      0.70064337       4.9099953       15.811426   1.2506534e-13       5.0193025      0.11023783       0.11023783      -16.253156      -16.253156
              1      -8.1434047      0.83694131       1.2399316      -12.893101      0.49502149       6.8697559       17.375272   1.2790843e-13       3.1262341      0.11241985       0.11241985      -16.511649      -16.511649
              8      -8.4535933      0.84661745       1.2489527      -12.895232      0.52950225       7.0245329       17.739961   1.2728243e-13       3.3845602      0.10413903       0.10413903      -17.115465      -17.115465
              6      -8.6131821      0.82589503       1.2462809      -12.897153      0.57873715       6.6972272       17.631162   1.2672042e-13       3.7908548     0.084883628      0.084883628      -17.396132      -17.396132
              9      -8.5294107       0.7699572       1.2388799      -12.903085      0.60741202       5.8878563       17.333244   1.2500155e-13        4.049599     0.089932691      0.089932691      -17.238687      -17.238687
              4      -8.4798413      0.78268129       1.2386231      -12.903839      0.59377581       6.0629124       17.322998   1.2478447e-13        3.924423     0.091564365      0.091564365      -17.142811      -17.142811
              5      -8.4948439      0.80694558       1.2469605       -12.89588      0.57538664       6.4112923       17.658771   1.2709248e-13       3.7617215     0.083363702      0.083363702      -17.156415      -17.156415
              2      -7.3558941      0.76756459       1.1632878      -12.884239      0.72327768       5.8555081       14.564239    1.305451e-13       5.2878324     0.037663458      0.037663458      -14.787115      -14.787115
              3      -3.0689057      0.86177868       1.1568789      -12.882864      0.70293205       7.2740902       14.350891   1.3095928e-13       5.0458234     0.033942279      0.033942279       -6.205696       -6.205696
             15      -8.3708656      0.83312483       1.1629977       -12.86239       0.7273164       6.8096507       14.554514   1.3728101e-13       5.3372359    0.0087681508     0.0087681508      -16.759267      -16.759267
             11      -8.1524148      0.86351379        1.123511      -12.867844      0.68360823       7.3032101       13.289573   1.3556759e-13       4.8262324     0.012479566      0.012479566      -16.329789      -16.329789
             19       -8.127371      0.65734962       1.1335993      -12.879907      0.89071998        4.543072        13.60189   1.3185386e-13       7.7753506      0.17034241       0.17034241      -16.595427      -16.595427
              4      -8.1370665      0.65829485       1.1335952      -12.880702      0.89298342       4.5529707       13.601763    1.316127e-13       7.8159797      0.17217258       0.17217258      -16.618478      -16.618478
              1      -7.6947166      0.58229794       1.1440316      -12.884868      0.95501704       3.8220639       13.932581   1.3035628e-13        9.016065      0.31789228       0.31789228      -16.025218      -16.025218
              6      -8.0009008      0.58551838       1.1459091       -12.88471       0.9596153       3.8505111       13.992946   1.3040373e-13       9.1120334      0.31773077       0.31773077      -16.637263      -16.637263
              9      -7.9791178       0.5850235       1.1457751      -12.884743      0.95920646       3.8461259       13.988626   1.3039382e-13       9.1034595      0.31805402       0.31805402      -16.594344      -16.594344
              9      -7.7377646      0.83694392       1.1771995       -12.87577      0.34862758       6.8697973       15.038327   1.3311578e-13       2.2316577      0.18590891       0.18590891      -15.847347      -15.847347
              1      -8.0928081      0.96022806       1.2001657       -12.91218      0.35994714       9.1248988        15.85498   1.2241097e-13       2.2905888      0.30525237       0.30525237      -16.796121      -16.796121
             14      -8.1217324       1.0542502       1.4291774      -12.867264      0.35124729        11.33053       26.864415   1.3574866e-13         2.24516      0.50839534       0.50839534      -17.260255      -17.260255
             21      -8.1323692       1.0499075       1.4294945       -12.86708      0.35466912       11.217795       26.884037   1.3580635e-13       2.2629196      0.49871279       0.49871279      -17.262164      -17.262164
             31      -8.1488547       1.0392788       1.4253941      -12.863668      0.34734499       10.946588       26.631404   1.3687743e-13       2.2250767      0.48362308       0.48362308      -17.264955      -17.264955
              3      -8.0819357       1.0507114       1.4268545      -12.866353      0.33378758        11.23858       26.721113   1.3603373e-13       2.1566893       0.5183399        0.5183399      -17.200551      -17.200551
              2      -8.0043473       1.0392747       1.3972939      -12.862742      0.28448218       10.946486       24.962833   1.3716952e-13       1.9252281      0.52667256       0.52667256       -17.06204       -17.06204
             27      -7.8684224       1.0618893       1.3976598       -12.86264      0.28518625       11.531593       24.983872   1.3720173e-13       1.9283517      0.55879163       0.55879163      -16.854428      -16.854428
             27      -7.7873292       1.0727926       1.3962403      -12.862744      0.27724353       11.824767       24.902346   1.3716897e-13       1.8934051      0.58441782       0.58441782      -16.743494      -16.743494
              5      -7.9932313       1.0871104       1.3754861      -12.870318      0.27128359       12.221104       23.740293    1.347976e-13       1.8675988      0.60397665       0.60397665      -17.194416      -17.194416
              1      -7.4266092       1.0437923       1.3606585      -12.864711      0.28397731       11.060947       22.943438   1.3654929e-13       1.9229913       0.5029208        0.5029208       -15.85906       -15.85906
              8      -7.8151866       1.1010288       1.4199669      -12.859295      0.24396009       12.619112       26.300673   1.3826259e-13       1.7537193      0.69602798       0.69602798      -17.022429      -17.022429
              7       -7.706737       1.0751737       1.4052041      -12.859757      0.26859721       11.889777        25.42167   1.3811581e-13       1.8560822      0.60532691       0.60532691      -16.624128      -16.624128
              2      -6.8018226       1.0509267       1.3981828      -12.855946      0.29424322       11.244151       25.013981   1.3933313e-13       1.9689887      0.52636416       0.52636416      -14.656374      -14.656374
              8      -7.3876281       1.0526844       1.3977195      -12.857345      0.28076584       11.289752        24.98731    1.388848e-13       1.9088238      0.54622226       0.54622226      -15.867701      -15.867701
             34      -7.5449189        1.099036        1.380235      -12.864023      0.24192118       12.561341       24.001314   1.3676569e-13       1.7455053      0.66139564       0.66139564      -16.412629      -16.412629
             28      -7.7185491       1.0963185       1.3815646      -12.864551      0.23916114       12.482987       24.074907   1.3659942e-13       1.7344474      0.66221234       0.66221234      -16.761523      -16.761523
              4      -7.5427915       1.0467088       1.3957876      -12.868696      0.27674293       11.135477       24.876403   1.3530188e-13       1.8912238      0.55124746       0.55124746      -16.188078      -16.188078
             10      -7.5281947       1.0484865       1.3951715      -12.868301      0.27207806        11.18115       24.841141   1.3542513e-13       1.8710184       0.5587641        0.5587641      -16.173918      -16.173918
              7      -7.9079216       1.0550177       1.3861023      -12.862033      0.25259862        11.35057       24.327772    1.373937e-13       1.7889517      0.57949383       0.57949383      -16.974831      -16.974831
              1      -7.2126272      0.98905065       1.4912723      -12.820687      0.25986185       9.7510334       30.993622     1.51117e-13       1.8191221      0.58415861       0.58415861      -15.593572      -15.593572
             22      -7.2258714      0.98811933       1.4910052       -12.82056      0.26065494       9.7301453       30.974567   1.5116098e-13       1.8224471      0.58178037       0.58178037      -15.615304      -15.615304
              1      -6.6871075      0.84781296       1.4972474      -12.789909       0.3412458       7.0438963       31.422983   1.6221508e-13       2.1940463      0.41728079       0.41728079      -14.208777      -14.208777
             17      -7.0491228       1.0498245       1.6063748      -12.791101       0.2132986       11.215651       40.399392   1.6177053e-13       1.6341751       0.9087364        0.9087364      -15.915718      -15.915718
              7      -6.9669593       1.0499899       1.6036053      -12.788733      0.19678814       11.219923       40.142583   1.6265484e-13       1.5732152      0.93119966       0.93119966      -15.796318      -15.796318
              5      -6.8500153       1.0506491       1.6012867      -12.789233      0.20993046       11.236967       39.928841   1.6246759e-13       1.6215504      0.90802882       0.90802882      -15.516088      -15.516088
              4      -7.9339983       1.0770745       1.4403501      -12.857476      0.27769365       11.941929       27.564499   1.3884289e-13       1.8953684      0.63132457       0.63132457      -17.130646      -17.130646
             24      -7.9295138       1.0776594       1.4393368      -12.859105      0.27337919       11.958024       27.500259   1.3832323e-13       1.8766323      0.63796647       0.63796647      -17.134961      -17.134961
              7      -8.0363616      0.88201962       1.4457683      -12.845451      0.42276126       7.6211344       27.910545   1.4274115e-13       2.6470446      0.28110855       0.28110855       -16.63494       -16.63494
              4      -7.8889001      0.87723726       1.4447123      -12.844072      0.44688925       7.5376724       27.842761   1.4319508e-13       2.7982676       0.2589999        0.2589999        -16.2958        -16.2958
              4      -8.2685073      0.78247037       1.3565901      -12.868939      0.53759931       6.0599685       22.729511   1.3522615e-13       3.4482544      0.13051295       0.13051295      -16.798041      -16.798041
              9      -8.3976183      0.93702412       1.2866238      -12.888933      0.50143526       8.6501596       19.347452   1.2914187e-13       3.1727457      0.17108643       0.17108643      -17.137409      -17.137409
              1      -8.3606143      0.85270456       1.3252362      -12.886153      0.52416785       7.1236826       21.146388   1.2997118e-13       3.3432423      0.13729428       0.13729428      -16.995817      -16.995817
             14      -8.5704961      0.83118401       1.3167075      -12.882389      0.58458319       6.7792869       20.735165   1.3110248e-13       3.8422285     0.099745294      0.099745294      -17.340483      -17.340483
             14      -8.5589464      0.82753584       1.3178883      -12.882199      0.58282545       6.7225778       20.791619   1.3115983e-13       3.8267091      0.10035838       0.10035838       -17.31861       -17.31861
              4      -8.3394753      0.87344218       1.3115388      -12.884261      0.59396077       7.4720915       20.489852   1.3053875e-13       3.9260947       0.1070792        0.1070792      -16.893109      -16.893109
              5       -8.326635      0.88102356       1.3063629       -12.88329      0.59635674       7.6036752       20.247105   1.3083067e-13       3.9478145      0.10482904       0.10482904      -16.862928      -16.862928
              8      -8.4205252        0.729101       1.3051741      -12.880598       0.6023039       5.3592128       20.191755   1.3164429e-13       4.0022471      0.10454196       0.10454196      -17.050134      -17.050134
              5       -8.403484      0.73200559       1.3055933      -12.879495      0.60563104       5.3951757       20.211255   1.3197901e-13       4.0330262      0.10124537       0.10124537      -17.009459      -17.009459
              3      -7.5970262      0.77353881        1.306231      -12.876737      0.59314159        5.936614       20.240954   1.3281972e-13       3.9186962     0.086290396      0.086290396      -15.366633      -15.366633
              2      -7.6521652      0.74823982       1.3436386      -12.871138      0.55325921       5.6006679       22.061679    1.345432e-13       3.5748614      0.12589818       0.12589818      -15.556127      -15.556127
              2      -6.8415227      0.74165892       1.3452929      -12.874109      0.56064956       5.5164402       22.145878   1.3362598e-13        3.636215      0.13053302       0.13053302      -13.944111      -13.944111
              5      -7.5110909      0.75144746       1.3856381      -12.859754      0.80096878       5.6421867       24.301783   1.3811671e-13        6.323664      0.15629505       0.15629505      -15.334772      -15.334772
             10      -8.4949272      0.87095862       1.4077869      -12.868122      0.62897407       7.4294835       25.573305   1.3548103e-13         4.25573      0.15890489       0.15890489      -17.307664      -17.307664
              2      -8.4888104      0.87798957       1.4072847       -12.86935       0.6365142        7.550741       25.543752    1.350983e-13       4.3302622      0.16153692       0.16153692      -17.300695      -17.300695
              1      -7.9739908      0.83781467       1.3907497      -12.864183      0.57689888       6.8835849         24.5895   1.3671536e-13       3.7748429      0.14101151       0.14101151      -16.230005      -16.230005
              9      -7.9458662      0.82434432       1.3859479       -12.86471      0.61142029       6.6733564       24.319121   1.3654941e-13       4.0871473      0.12718842       0.12718842      -16.146109      -16.146109
              3      -8.3964827      0.89286065       1.3814537      -12.876225      0.54683405       7.8137705       24.068761    1.329765e-13       3.5223625      0.17405644       0.17405644      -17.141078      -17.141078
             13       -8.459015      0.90272457       1.3795035      -12.875351       0.5400426       7.9932717        23.96092   1.3324455e-13       3.4677087      0.17916935       0.17916935      -17.276369      -17.276369
             15      -8.3991153      0.96340805       1.4089437      -12.868056      0.52675984       9.1919584       25.641517   1.3550132e-13       3.3632553      0.24921355       0.24921355      -17.296658      -17.296658
              3      -8.4251831       0.9583722       1.4096027      -12.868345       0.5069041        9.085989       25.680455   1.3541129e-13        3.212951      0.25536016       0.25536016      -17.361087      -17.361087
              5      -8.4601787      0.87403495       1.4117632      -12.868664      0.53569549       7.4822971       25.808524   1.3531192e-13       3.4331715      0.19051219       0.19051219      -17.301382      -17.301382
              6      -8.4213522       0.8712863       1.4072477      -12.872747       0.6005074       7.4350912       25.541574    1.340456e-13       3.9857257       0.1684642        0.1684642      -17.179633      -17.179633
              2      -8.1774117      0.86308418       1.4248483      -12.863824      0.64534438       7.2959891       26.597959   1.3682831e-13       4.4192074       0.1676991        0.1676991      -16.690222      -16.690222
             11      -8.4194125      0.87329554        1.389694      -12.875234      0.68498509       7.4695689       24.529797   1.3328026e-13       4.8415575      0.14848369       0.14848369      -17.135792      -17.135792
              9      -8.4415915      0.87160032       1.3890146      -12.875306      0.68056302       7.4404692       24.491454   1.3325818e-13       4.7925099       0.1470997        0.1470997      -17.177382      -17.177382
              3       -8.561224      0.83124415       1.3689839      -12.869348      0.67688087       6.7802256       23.387505   1.3509889e-13       4.7520486      0.11256301       0.11256301      -17.347574      -17.347574
              1      -8.2736349      0.85329721       1.3585606      -12.866579      0.63884603       7.1334104       22.832874   1.3596311e-13        4.353575      0.10639724       0.10639724      -16.760064      -16.760064
              2      -8.3791061      0.85413958       1.3570577      -12.867287      0.64300237         7.14726       22.753996   1.3574147e-13       4.3954401      0.10574077       0.10574077      -16.969694      -16.969694
              4      -7.5100369      0.82370365       1.3510901      -12.864351      0.65147754       6.6635191       22.443477   1.3666227e-13       4.4820587     0.092373828      0.092373828      -15.204822      -15.204822
             12      -7.7572696      0.79910021       1.3565977      -12.859509      0.75312415       6.2965145       22.729908   1.3819442e-13       5.6640118      0.10381526       0.10381526       -15.72217       -15.72217
              6      -6.7023801      0.88763887       1.3497904       -12.85362      0.65293081       7.7203834       22.376409   1.4008127e-13       4.4970821     0.099742329      0.099742329      -13.604245      -13.604245
             14      -6.6921549      0.86026244       1.3541541      -12.855404      0.65900751       7.2487385       22.602375   1.3950709e-13        4.560448     0.093832606      0.093832606      -13.571975      -13.571975
              1      -8.0661143      0.84347387       1.3865492      -12.865142      0.60343744       6.9738704       24.352815   1.3641371e-13       4.0127069      0.13236627       0.13236627      -16.396961      -16.396961
              2      -8.2569201      0.87438875       1.4072972      -12.864081      0.60953247       7.4883951       25.544488   1.3674748e-13       4.0694196      0.15877897       0.15877897      -16.831398      -16.831398
              9      -8.2196624      0.75367132       1.4266957      -12.874061      0.75273859       5.6711524       26.711344   1.3364063e-13       5.6589857      0.19309997       0.19309997      -16.825525      -16.825525
              7      -8.0666463      0.82354067       1.4912838      -12.852906      0.55666129        6.661019       30.994444   1.4031186e-13       3.6029754      0.24750495       0.24750495      -16.628303      -16.628303
              8      -7.8491254      0.99175664       1.4543102      -12.861117      0.49086728       9.8119796       28.464938   1.3768384e-13       3.0964728       0.3381735        0.3381735      -16.374598      -16.374598
              4      -5.6989997       0.9359294       1.5143368       -12.87248      0.60617299       8.6283828        32.68412   1.3412802e-13       4.0380621      0.32827373       0.32827373      -12.054547      -12.054547
              5       -6.175744      0.91504368       1.4914799      -12.869558      0.49990276       8.2232536       31.008436   1.3503361e-13       3.1615697      0.32026713       0.32026713      -12.992022      -12.992022
             14      -5.9859508      0.79869335       1.5159861      -12.842062      0.52594918       6.2906185       32.808476   1.4385917e-13       3.3569833      0.28674797       0.28674797      -12.545397      -12.545397
              8      -7.5033807      0.77176318       1.5197298      -12.840365      0.57339972       5.9123914       33.092516   1.4442244e-13       3.7445507      0.27714754       0.27714754      -15.561057      -15.561057
              2      -7.2158482      0.73011199       1.5139128      -12.839506      0.60747505        5.371703        32.65223   1.4470842e-13       4.0501867      0.27546408       0.27546408      -14.982625      -14.982625
              4      -8.1350719      0.75082221       1.4979934      -12.838998      0.60817755       5.6340696       31.477002   1.4487784e-13       4.0567435      0.24524677       0.24524677      -16.760637      -16.760637
              3      -8.2815199      0.87537999       1.4761689      -12.865773      0.58518452       7.5055063       29.934283   1.3621576e-13       3.8475522      0.24233703       0.24233703      -17.047714      -17.047714
              2      -8.0990359      0.93916031       1.4922419      -12.872022      0.55416402       8.6928125       31.062894   1.3426969e-13       3.5823171      0.31601351       0.31601351      -16.830099      -16.830099
             16      -7.4806292       0.8890874       1.4835521      -12.872591      0.57763788       7.7461766       30.447533   1.3409382e-13       3.7812717      0.26671322       0.26671322      -15.494685      -15.494685
              5      -6.9642707      0.88524901       1.5080083      -12.862064      0.52128411       7.6780159       32.211304   1.3738388e-13       3.3211165       0.3074512        0.3074512      -14.543444      -14.543444
              8      -6.7625005      0.78484322       1.5705286      -12.841802      0.68363595        6.093169       37.198773   1.4394551e-13       4.8265404      0.33509536       0.33509536      -14.195192      -14.195192
              1      -7.1150452      0.79612543       1.5640254      -12.847203      0.68300802       6.2535327       36.645901   1.4216652e-13        4.819567      0.32623146       0.32623146      -14.882553      -14.882553
              6      -6.7539668      0.84859115       1.5669586      -12.844931      0.62237198       7.0565294        36.89424   1.4291209e-13       4.1915243      0.33614177       0.33614177      -14.180217      -14.180217
             17      -6.7760753      0.85749175       1.5681739      -12.839329       0.5906908       7.2026407       36.997626   1.4476752e-13       3.8966446      0.34426354       0.34426354      -14.240678      -14.240678
             12      -6.8552123      0.85518811       1.5800658      -12.833463      0.57209225       7.1645367       38.024699    1.467361e-13       3.7332945      0.36576232       0.36576232      -14.441949      -14.441949
              4      -7.2065342      0.96523564       1.5677294      -12.865915      0.49187786       9.2307214       36.959784   1.3617098e-13       3.1036866      0.46730554       0.46730554       -15.34768       -15.34768
             11      -7.8926833      0.95069466       1.5629814      -12.864629      0.52944869       8.9267765        36.55791   1.3657481e-13       3.3841429      0.42668152       0.42668152       -16.63873       -16.63873
              7      -6.7639738      0.81900862       1.5041045      -12.887036      0.70566052       6.5918697       31.923056   1.2970708e-13       5.0776237      0.28295083       0.28295083      -14.093849      -14.093849
              2       -6.500666      0.87751801       1.5096428      -12.872944       0.6683344       7.5425468       32.332758   1.3398506e-13       4.6594472      0.28252398       0.28252398       -13.56638       -13.56638
              5      -6.9033743       0.8794769       1.5195966      -12.868891      0.65246707       7.5766443       33.082365   1.3524114e-13       4.4922826       0.2927061        0.2927061      -14.392161      -14.392161
              1      -7.8240201      0.83985057       1.4786491      -12.865391      0.58892774       6.9159297       30.105724    1.363354e-13       3.8808579      0.23401721       0.23401721      -16.116075      -16.116075
              1      -8.1445769      0.97001672       1.4765418      -12.859718       0.4863385       9.3329022       29.960002   1.3812809e-13       3.0643509      0.34363588       0.34363588      -16.976426      -16.976426
             25      -8.2997068      0.89096844       1.4539942      -12.874165      0.63215071       7.7798001       28.444232   1.3360875e-13       4.2869727      0.22292748       0.22292748      -17.045269      -17.045269
              4      -7.8768362      0.89434854       1.4586524      -12.875278      0.65173837       7.8405864        28.75096    1.332668e-13       4.4847513      0.22964556       0.22964556      -16.212964      -16.212964
              4      -7.9152952      0.89203267       1.4588415       -12.87509      0.65298756       7.7988878       28.763486   1.3332457e-13       4.4976697      0.22842535       0.22842535      -16.287441      -16.287441
              2      -7.8067528      0.88589897       1.4626139      -12.852104      0.44767614       7.6895153       29.014423   1.4057109e-13       2.8033424      0.28708525       0.28708525      -16.187676      -16.187676
              1      -7.7884692      0.88562264       1.4627875      -12.852112      0.44768246       7.6846243        29.02602    1.405684e-13       2.8033832      0.28716526       0.28716526      -16.151269      -16.151269
             11      -8.0881009      0.89550226       1.4655934      -12.851701      0.44918614       7.8614428        29.21416   1.4070164e-13       2.8131063      0.29388545       0.29388545      -16.763973      -16.763973
              8      -7.9991752      0.88740433       1.4621195      -12.847116      0.46818215       7.7162151       28.981411   1.4219484e-13        2.938882      0.27022775       0.27022775      -16.538806      -16.538806
              5      -8.0905349       0.8884511       1.4750061      -12.846389        0.446333       7.7348359       29.854248   1.4243304e-13       2.7946859       0.3007023        0.3007023      -16.782474      -16.782474
              8      -8.0913998       0.8615791       1.4784531      -12.843463      0.48928755       7.2707481       30.092139   1.4339613e-13       3.0852301      0.26516552       0.26516552      -16.713131      -16.713131
              3      -8.1365646      0.85481292       1.4814635      -12.842946      0.49358228       7.1583498       30.301458   1.4356682e-13       3.1158912      0.26426049       0.26426049       -16.80165       -16.80165
              7       -8.067187      0.88239569       1.4896508      -12.841103      0.46482766       7.6277366       30.878114   1.4417718e-13       2.9162695      0.30100794       0.30100794       -16.73639       -16.73639
              2      -8.1219262      0.88030098       1.4893036      -12.841364      0.45590992       7.5910347       30.853443   1.4409071e-13       2.8569979      0.30579921       0.30579921      -16.855451      -16.855451
              9      -7.7887353      0.88121484       1.4982729      -12.831667        0.442286       7.6070249        31.49727   1.4734422e-13       2.7687644      0.32465725       0.32465725      -16.226785      -16.226785
              8      -7.9021776      0.93994417       1.5186937      -12.831592      0.38512253       8.7085163       33.013658   1.4736959e-13       2.4272948       0.4344465        0.4344465      -16.673248      -16.673248
              9      -7.3388214      0.93636342       1.5158867      -12.833949       0.3678672       8.6370099       32.800974   1.4657202e-13       2.3327446      0.44467416       0.44467416      -15.566991      -15.566991
             14      -7.9356258      0.94051822       1.5268234      -12.833169      0.39704749       8.7200348       33.637477   1.4683531e-13       2.4948675      0.43567576       0.43567576      -16.742603      -16.742603
             10      -7.6524771      0.94878196       1.5278801      -12.832859      0.40289496       8.8875481       33.719421   1.4694043e-13       2.5286864      0.43866913       0.43866913      -16.182292      -16.182292
              5      -7.5097492      0.94237205       1.5264052      -12.832733      0.41308641       8.7573368         33.6051   1.4698285e-13       2.5887279      0.42275817       0.42275817      -15.865015      -15.865015
              4      -6.8160858      0.93240617       1.5213411      -12.830473      0.42506161       8.5586677       33.215525   1.4774996e-13       2.6611025      0.39807311       0.39807311      -14.428318      -14.428318
              1      -7.1817628      0.91366559       1.5290834      -12.835186      0.47034201       8.1972012       33.812977     1.46155e-13       2.9535342      0.36462699       0.36462699       -15.09278       -15.09278
              4      -7.4333188      0.91363957       1.5331583      -12.833215      0.40460581         8.19671       34.131733   1.4681979e-13       2.5386674       0.4191767        0.4191767      -15.704991      -15.704991
              2      -7.3035982      0.91109293       1.5317984      -12.832736      0.40250554       8.1487863       34.025024   1.4698206e-13       2.5264199      0.41740475       0.41740475      -15.442006      -15.442006
              2      -7.7028135      0.98731511       1.5355188       -12.82478      0.31596124       9.7121438       34.317749   1.4969931e-13       2.0699566      0.57246456       0.57246456      -16.550556      -16.550556
              1      -7.5404986       1.0272672       1.5452655      -12.837618      0.31349087       10.647979       35.096638   1.4533908e-13       2.0582156      0.63871261       0.63871261      -16.358422      -16.358422
              4      -7.6578055      0.83868499       1.4934598       -12.86487      0.68470471       6.8973933       31.150124   1.3649923e-13       4.8384327      0.24223649       0.24223649      -15.800084      -15.800084
              5      -8.2266428       0.8264113        1.528786      -12.849555      0.58854335       6.7051932       33.789831   1.4139844e-13       3.8774245      0.28591627       0.28591627      -17.025118      -17.025118
              5      -7.8017449      0.77671718       1.4389663      -12.857472      0.68965986       5.9802203       27.476808   1.3884429e-13       4.8939537      0.17266175       0.17266175      -15.948813      -15.948813
              1      -7.8028689       0.7445957       1.3909035      -12.879601      0.76204964       5.5538698       24.598212   1.3194683e-13       5.7816212       0.1706773        0.1706773      -15.947092      -15.947092
              2      -8.5291421       0.7813109       1.3747412      -12.874543      0.62437953       6.0438114       23.699609   1.3349254e-13       4.2109447      0.12776914       0.12776914      -17.313823      -17.313823
              4      -8.3154647      0.79244237        1.351882       -12.88216      0.65468499       6.2007235       22.484435   1.3117164e-13       4.5152832      0.11406237       0.11406237      -16.859054      -16.859054
              3      -8.5395064      0.75462575       1.3763434      -12.875083      0.69939666       5.6836293       23.787204   1.3332654e-13       5.0049145      0.13530711       0.13530711      -17.349627      -17.349627
             16       -7.541826      0.64015849       1.3882574      -12.860658      0.89059599       4.3667516       24.448794    1.378293e-13        7.773131      0.28883071       0.28883071      -15.661314      -15.661314
              7      -8.4322913      0.69331632       1.4220621      -12.867601      0.81445641       4.9353315       26.427868   1.3564352e-13       6.5231357      0.23631217       0.23631217      -17.337207      -17.337207
              3      -8.2649191      0.70580928       1.4054751      -12.863408      0.70886564       5.0793633        25.43754   1.3695935e-13       5.1152355      0.17488958       0.17488958      -16.879617      -16.879617
              9      -8.3390057      0.86472819       1.4792472      -12.860311      0.56474328       7.3236603       30.147216   1.3793952e-13       3.6706526      0.24349045       0.24349045      -17.164992      -17.164992
              7      -8.0721953      0.84142561       1.4129133      -12.875767       0.6297015        6.941057       25.876961   1.3311673e-13       4.2628642      0.16448278       0.16448278      -16.473356      -16.473356
              8        -8.51234      0.86613946       1.4060652      -12.870985      0.64510883       7.3474977       25.472123   1.3459056e-13       4.4168111      0.15698721       0.15698721      -17.338654      -17.338654
              8      -8.5071464      0.85456036       1.4049707      -12.871686      0.66154675       7.1541883       25.408014   1.3437368e-13       4.5871903      0.15246806       0.15246806      -17.319229      -17.319229
             15      -8.3455022      0.86194491       1.4059315       -12.86898      0.67747385       7.2768749       25.464283   1.3521351e-13       4.7585414      0.15265201       0.15265201      -16.996308      -16.996308
             19       -8.466567      0.80345282       1.4017266      -12.866081      0.58179475       6.3599371       25.218928   1.3611906e-13        3.817638      0.14983162       0.14983162      -17.232797      -17.232797
              1      -8.2642271      0.83371078       1.4012072      -12.864034      0.56492668       6.8188443       25.188783   1.3676222e-13        3.672203        0.153924         0.153924      -16.836302      -16.836302
             15      -7.3648501      0.87740975       1.3871123      -12.882464      0.56807326       7.5406668       24.384415   1.3107992e-13       3.6989057      0.17277899       0.17277899      -15.075258      -15.075258
              8      -7.5577584      0.88401732       1.3911972      -12.884149      0.65647751       7.6562715       24.614849   1.3057218e-13       4.5339581      0.16570681       0.16570681       -15.44693       -15.44693
              8      -8.1445878      0.80380994       1.3716638      -12.861398      0.52493841        6.365169       23.532268   1.3759477e-13       3.3491794       0.1391507        0.1391507      -16.567477      -16.567477
              1      -7.3157493      0.79572669       1.3794608      -12.862645      0.61689762       6.2477939       23.958564   1.3720034e-13       4.1390209      0.11864173       0.11864173      -14.868782      -14.868782
             10      -8.2995333      0.88126185       1.3759733      -12.864956      0.63298994       7.6078483       23.766941   1.3647222e-13       4.2952648      0.12967173       0.12967173       -16.85841       -16.85841
             17      -8.3389707      0.83654311       1.3652821        -12.8705      0.54348612         6.86346       23.189002   1.3474115e-13       3.4953134      0.13642992       0.13642992      -16.950801      -16.950801
              5      -8.4747435      0.86239902        1.409054      -12.866868      0.60651951       7.2844878       25.648031   1.3587267e-13       4.0412853      0.15965752       0.15965752      -17.268802      -17.268802
              8      -7.8789437      0.75705915       1.3764005      -12.881472      0.67924251       5.7155648       23.790332   1.3137952e-13         4.77796      0.14131722       0.14131722      -16.040522      -16.040522
             11      -8.3612085      0.73531366       1.3644252      -12.878189       0.6608749       5.4364282       23.143298   1.3237663e-13       4.5800994      0.13510757       0.13510757      -16.992632      -16.992632
              6      -8.4211557      0.71376911       1.3545953      -12.873072      0.67223832       5.1733172       22.625348   1.3394535e-13       4.7015204      0.13203008       0.13203008      -17.106371      -17.106371
              1      -8.2651081      0.67618398        1.344621      -12.874175      0.72760102       4.7444293       22.111644   1.3360565e-13       5.3407348      0.15761012       0.15761012      -16.845436      -16.845436
             11      -8.1343977       0.6874537       1.3457372      -12.872824       0.7150825       4.8691561       22.168543   1.3402188e-13        5.188986      0.14591767       0.14591767      -16.560631      -16.560631
              2      -8.4568185      0.75537453       1.3416441      -12.867692      0.77101361       5.6934372       21.960596   1.3561517e-13       5.9021957      0.11409165       0.11409165       -17.14182       -17.14182
              3      -7.9376402      0.69146693        1.324808      -12.874353      0.76109997       4.9143596       21.125549   1.3355093e-13       5.7689924      0.13983922       0.13983922      -16.154959      -16.154959
              9       -7.999405      0.69291682       1.2770188       -12.87445      0.80834564       4.9307936       18.924255   1.3352099e-13       6.4319941      0.12728657       0.12728657      -16.253383      -16.253383
              2      -8.1917058      0.75744896       1.2780258      -12.869263      0.85238818       5.7206972       18.968185   1.3512547e-13       7.1184949      0.11178735       0.11178735      -16.606986      -16.606986
              2      -8.3788522      0.72455803       1.2752629      -12.866105       0.9152706       5.3034446       18.847896   1.3611153e-13       8.2275514      0.16516228       0.16516228      -17.088029      -17.088029
              2       -7.247603      0.75854347        1.253768      -12.873389      0.88323864       5.7351327        17.93775   1.3384786e-13       7.6425562      0.12399801       0.12399801      -14.743202      -14.743202
              7      -7.8833585      0.76465132       1.2544868      -12.874267      0.89982929       5.8163605       17.967464    1.335773e-13       7.9401607      0.13560543       0.13560543      -16.037928      -16.037928
              8      -7.9726465      0.84637268       1.2766796      -12.871495      0.74852027        7.020575       18.909482   1.3443275e-13       5.6042858     0.063797636      0.063797636      -16.072888      -16.072888
              1      -8.2571061      0.75152747       1.2225363      -12.887701      0.72013509       5.6432264       16.693071   1.2950869e-13       5.2497073     0.061865329      0.061865329      -16.637943      -16.637943
              3      -7.3146456      0.76296111       1.2153126       -12.88318      0.70747074       5.7937681       16.417711   1.3086399e-13       5.0988324      0.04725587       0.04725587      -14.723803      -14.723803
             38       -8.152038      0.75141475       1.3232894      -12.868571      0.53638383       5.6417619       21.051809   1.3534103e-13       3.4386172      0.11383356       0.11383356      -16.531743      -16.531743
              9      -8.0331363      0.75917176       1.3318631      -12.864536      0.54615353       5.7434356       21.471535   1.3660428e-13       3.5168474      0.10925883       0.10925883       -16.28479       -16.28479
              1      -8.1091587      0.78951714       1.3554454      -12.878209      0.76023948       6.1590984       22.669678   1.3237032e-13       5.7575733      0.12563019       0.12563019      -16.469578      -16.469578
              4      -8.2674786      0.80530036       1.3576919      -12.876825      0.73736989       6.3870507        22.78725     1.32793e-13       5.4622289      0.11838249       0.11838249      -16.771722      -16.771722
              1      -8.5966334      0.80481669       1.3371698      -12.874042      0.70582122       6.3799415        21.73551   1.3364674e-13        5.079503     0.093525518      0.093525518      -17.380318      -17.380318
              3      -8.0088559      0.87421626       1.2905377      -12.882845      0.62900935       7.4854216       19.522601   1.3096494e-13       4.2560758     0.085943977      0.085943977        -16.1896        -16.1896
              2      -8.2949568      0.85439934       1.2326246       -12.90004      0.58646173       7.1515362       17.085379   1.2588084e-13       3.8588841     0.087286784      0.087286784      -16.764487      -16.764487
              1      -8.5485209       0.9082938       1.3010862      -12.887018      0.50037705       8.0964343       20.002589   1.2971257e-13       3.1650243      0.15798531       0.15798531      -17.413012      -17.413012
              1      -8.4971212      0.87621693       1.3056676      -12.884394      0.51387101       7.5199843       20.214714    1.304985e-13       3.2649085      0.13423368       0.13423368       -17.26271       -17.26271
              2      -8.2342948      0.79587227       1.4456239      -12.862868      0.70621713       6.2498885       27.901267   1.3712993e-13       5.0841357      0.18334349       0.18334349      -16.835277      -16.835277
              1      -8.5415391      0.80273102       1.3956886      -12.869237      0.66551109       6.3493756       24.870733   1.3513344e-13       4.6292549      0.13529952       0.13529952      -17.353677      -17.353677
              1       -8.474436       0.7947117       1.3977897      -12.867499      0.67547799       6.2332092       24.991349   1.3567539e-13        4.736723      0.13616141       0.13616141      -17.221195      -17.221195
              2      -6.4339219      0.84110652       1.4663142       -12.84488      0.56861982        6.935959       29.262685   1.4292902e-13       3.7035637      0.21032168       0.21032168      -13.288487      -13.288487
              1      -6.1047758      0.85277538       1.2881522      -12.901004      0.48695321       7.1248444       19.415662   1.2560182e-13       3.0686913      0.15771328       0.15771328      -12.524978      -12.524978
              2       -8.224995       0.9259199       1.2061127      -12.909502      0.39327662       8.4317922       16.073584   1.2316807e-13        2.473299       0.2424661        0.2424661      -16.934922      -16.934922
              1      -7.9915251      0.93648457       1.2147335      -12.910863      0.39667808       8.6394196       16.395834   1.2278269e-13       2.4927463      0.25255821       0.25255821      -16.488167      -16.488167
              3      -7.5857248      0.92763627       1.2023124      -12.916871      0.41988921       8.4651815       15.933546   1.2109591e-13       2.6295971      0.23554931       0.23554931      -15.642548      -15.642548
              4      -8.4462173      0.70465857        1.366469      -12.877625      0.76313846       5.0659229       23.252466   1.3254857e-13       5.7961345      0.16766338       0.16766338      -17.227761      -17.227761
              3      -8.4792715      0.70566829       1.3998373      -12.871689      0.75241668       5.0777146       25.109458   1.3437272e-13       5.6547926      0.18688579       0.18688579      -17.332315      -17.332315
              2      -8.4799601      0.70387331       1.4027753      -12.871091      0.75604371       5.0567713       25.279898   1.3455778e-13       5.7022166      0.19122349       0.19122349      -17.342367      -17.342367
              1      -8.4866017      0.70643602       1.4035818      -12.870767      0.75261597       5.0866987       25.326887   1.3465827e-13       5.6573881      0.18904425       0.18904425      -17.351292      -17.351292
              6      -8.3299481      0.69666045       1.3877393      -12.867092      0.71576511       4.9734808        24.41964   1.3580262e-13       5.1971483      0.16871198       0.16871198       -16.99732       -16.99732
              9      -8.3538951      0.68383149       1.3757316      -12.873182      0.70114118        4.828714       23.753718   1.3391145e-13       5.0250592      0.17198605       0.17198605      -17.051762      -17.051762
              1      -8.3726852       0.7699296       1.3692799      -12.869476       0.5739911       5.8874821       23.403449    1.350592e-13       3.7496532      0.13101845       0.13101845      -17.007407      -17.007407
              6      -8.4207751       0.7806838       1.2254369      -12.896887        0.639468       6.0350907       16.804938   1.2679831e-13       4.3598144     0.066684557      0.066684557      -16.974919      -16.974919
              4      -8.4411037      0.76867953       1.2433115      -12.892285      0.66535419         5.87056       17.511024   1.2814884e-13       4.6275827     0.067314211      0.067314211      -17.016836      -17.016836
              2      -8.4299846      0.76967909       1.2428957      -12.892359      0.66325297        5.884087       17.494264     1.28127e-13       4.6052474     0.067030483      0.067030483       -16.99403       -16.99403
              1      -8.2624533      0.67506519       1.1939379      -12.904905      0.73479384       4.7322229       15.629242   1.2447877e-13       5.4299251       0.1307178        0.1307178      -16.786342      -16.786342
              8      -8.5128686      0.65681078       1.1847741      -12.908166      0.78408776       4.5374387       15.302911   1.2354747e-13        6.082579      0.16563033       0.16563033      -17.356998      -17.356998
              3      -7.3472613      0.77151981      0.96891175      -12.964834      0.49373875       5.9090793       9.3091868   1.0843419e-13        3.117014      0.30989566       0.30989566      -15.314314      -15.314314
              1      -7.9246739      0.80292036       0.9147513      -12.962038       0.4214847       6.3521443       8.2177192    1.091345e-13       2.6392753      0.37881048       0.37881048      -16.606969      -16.606969
              1      -7.8035825      0.82595191      0.87107795      -12.975618      0.40542094       6.6981044       7.4315252   1.0577471e-13       2.5434368       0.4735892        0.4735892      -16.554343      -16.554343
              3      -7.7446128      0.89281411      0.93732192      -12.962277      0.36364065       7.8129332        8.656093   1.0907447e-13       2.3101525      0.43630845       0.43630845      -16.361843      -16.361843
              4      -7.5971492       1.0027449      0.84812752      -12.987753      0.23615905       10.063404       7.0490001   1.0286021e-13       1.7224993      0.84123911       0.84123911      -16.876777      -16.876777
              1      -6.9583816       1.0545711      0.79553098      -12.981667      0.10929744       11.338905        6.244979   1.0431161e-13       1.2861672       1.1444573        1.1444573      -16.205678      -16.205678
             12      -6.2834182       1.0751927      0.78289762      -12.987091     0.074226069       11.890296       6.0659331   1.0301694e-13       1.1863862       1.2769289        1.2769289      -15.120694      -15.120694
              2      -6.0732393       1.0952347      0.69626025      -12.999192     0.047120115       12.451874          4.9689   1.0018616e-13       1.1146028       1.5259152        1.5259152      -15.198309      -15.198309
              7       -6.164038       1.1709445      0.65450223      -13.034039     0.034046335       14.823286       4.5133834   9.2461448e-14       1.0815493       1.9238641        1.9238641      -16.175804      -16.175804
              1      -6.0444997       1.1620678      0.64735056      -13.037468     0.054044771       14.523383       4.4396687    9.173442e-14       1.1325171       1.8930712        1.8930712      -15.875142      -15.875142
              7      -6.1308397       1.1530582      0.65335531      -13.041301      0.04148411       14.225195       4.5014798   9.0928272e-14       1.1002316       1.9095228        1.9095228      -16.080725      -16.080725
             14      -6.6040707       1.1643515      0.75434898       -13.01932     0.060740024       14.599955       5.6800085   9.5648802e-14       1.1501117       1.6418118        1.6418118      -16.491765      -16.491765
              3      -7.5916728      0.99496427       0.8486712      -12.988669      0.33595455       9.8847177       7.0578301   1.0264342e-13       2.1674772      0.71154189       0.71154189      -16.606429      -16.606429
              2      -7.2592739      0.80666959      0.72547746      -13.009635      0.58017204       6.4072193       5.3146841   9.7805902e-14       3.8034004      0.67145542       0.67145542      -15.861459      -15.861459
              1      -7.1466518       0.8162646       0.7201496      -13.008177       0.5760264       6.5503515       5.2498828   9.8134689e-14        3.767267      0.67355326       0.67355326       -15.64041       -15.64041
              1      -7.3361383      0.97362942       0.9309086      -12.967194      0.32406298       9.4108623        8.529206    1.078465e-13       2.1089339      0.55828624       0.55828624      -15.788849      -15.788849
              3      -7.7008005      0.75772092       1.1980632      -12.910522      0.69075652       5.7242807       15.778408     1.22879e-13       4.9063274     0.089225606      0.089225606      -15.580052      -15.580052
              3        -8.45149      0.73805206       1.2026107      -12.904701      0.65708126       5.4708153       15.944491   1.2453727e-13       4.5402657     0.085770693      0.085770693      -17.074521      -17.074521
              1      -7.0748326      0.75943237      0.98480799      -12.951177      0.57505312       5.7468831       9.6562387   1.1189818e-13       3.7588337      0.22651686       0.22651686      -14.602699      -14.602699
              1      -7.6385474      0.90125862       1.0871852      -12.920552      0.32026809        7.966336       12.223209    1.200737e-13       2.0905863      0.31433692       0.31433692      -15.905769      -15.905769
              4       -7.509285      0.90396208       1.0766651      -12.922095       0.3114006       8.0160807       11.930678   1.1964792e-13       2.0483332      0.33095499       0.33095499       -15.68048       -15.68048
              4      -7.7592485      0.99585944       1.0859234      -12.918767      0.23394824        9.905113       12.187747   1.2056828e-13        1.713753      0.49877963       0.49877963      -16.516056      -16.516056
              5      -7.7126267      0.99066654       1.0905381      -12.918338      0.24655111       9.7873821       12.317939    1.206874e-13       1.7642134      0.47405246       0.47405246      -16.373358      -16.373358
              3      -7.8173262      0.98703814       1.1140327      -12.914849      0.26035847        9.705952       13.002676   1.2166096e-13       1.8212035      0.44238373       0.44238373       -16.51942       -16.51942
              5        -7.91557      0.99492144      0.89224438      -12.980785      0.32835884       9.8837428       7.8026905   1.0452369e-13       2.1298982       0.6521334        0.6521334      -17.135407      -17.135407
              2      -7.9224333      0.97456645      0.93854341      -12.967409      0.29321918        9.431189       8.6804735   1.0779305e-13       1.9643514      0.59110447       0.59110447      -17.027075      -17.027075
              9      -7.5324143      0.96813048      0.98415722      -12.966073      0.31764393       9.2924553         9.64178   1.0812534e-13       2.0779923      0.52654878       0.52654878      -16.117926      -16.117926
              7      -8.0398754      0.69563671       1.1740959      -12.914223      0.75358974       4.9617709        14.93124   1.2183647e-13       5.6700872      0.13435216       0.13435216      -16.348455      -16.348455
              4      -8.4961003      0.67590366       1.0952325      -12.932166      0.70147663       4.7413679        12.45181   1.1690526e-13       5.0289421      0.17766281       0.17766281      -17.347526      -17.347526
              3      -8.4852955       0.6857008       1.1247635      -12.923491      0.71014737       4.8495428       13.327955   1.1926379e-13       5.1303544      0.14853887       0.14853887      -17.267669      -17.267669
              9      -7.9762367      0.70190237       1.1744994      -12.920919       0.7023732       5.0338744       14.945119   1.1997243e-13       5.0393347       0.1350281        0.1350281       -16.22253       -16.22253
              2      -7.5042066      0.72807558        1.170059      -12.923618      0.67917744        5.346574       14.793093   1.1922909e-13       4.7772441      0.12361844       0.12361844       -15.25565       -15.25565
              1      -8.1795147      0.82514989        1.183545      -12.899305      0.44773968       6.6857463       15.259663   1.2609413e-13       2.8037526      0.13418424       0.13418424      -16.627398      -16.627398
              4      -7.7920639      0.82564129       1.5106738      -12.837887      0.54869838       6.6933155       32.409608   1.4524898e-13       3.5375157      0.26859086       0.26859086      -16.121309      -16.121309
              7      -7.5574477      0.82288222       1.5121125      -12.833845      0.53948412       6.6509276       32.517153   1.4660725e-13       3.4632522      0.27294034       0.27294034      -15.660776      -15.660776
              4      -7.8715607      0.80430304       1.4497618      -12.847091      0.55403884       6.3724001       28.168374   1.4220318e-13       3.5812846       0.1947133        0.1947133      -16.132548      -16.132548
              4      -8.1906983        0.601466       1.4369807      -12.867892      0.86987745       3.9945329       27.351474   1.3555256e-13       7.4110108      0.37470191       0.37470191        -17.1308        -17.1308
              3      -6.5945883       0.6141824       1.4747403      -12.872666      0.85895841       4.1132243       29.835979   1.3407066e-13       7.2270059      0.40078339       0.40078339      -13.990743      -13.990743
              5      -5.9689522      0.61002282       1.4564309      -12.876902      0.85986361       4.0740169       28.604272   1.3276952e-13       7.2420848      0.38971946       0.38971946      -12.717343      -12.717343
              1        -8.05368      0.63756339       1.5349572      -12.853486      0.84595312       4.3407361       34.273403   1.4012457e-13       7.0137959      0.42871708       0.42871708      -16.964794      -16.964794
              1      -6.2694767      0.85490688       1.2232342      -12.899253      0.63469772       7.1598988       16.719921   1.2610937e-13       4.3121883     0.073563529      0.073563529      -12.686081      -12.686081
              4      -8.2077031      0.83152712      0.94788643       -12.95592      0.58167876       6.7846449       8.8692405   1.1068287e-13       3.8166186      0.25201815       0.25201815      -16.919442      -16.919442
              2      -8.2785629      0.91219291       1.1140876      -12.927608       0.3809001       8.1694517       13.004318   1.1813855e-13       2.4038098      0.27299681       0.27299681      -17.103119      -17.103119
              1      -7.9734887      0.87909293       1.0824589      -12.916909      0.34740766       7.5699485       12.090907   1.2108509e-13       2.2253978      0.26663912       0.26663912      -16.480256      -16.480256
              2      -7.9525918      0.88162898       1.0836128      -12.916367      0.34486544       7.6142824       12.123075   1.2123633e-13       2.2124091        0.269021         0.269021      -16.443226      -16.443226
              3       -5.335806      0.89139997        1.128485      -12.904003      0.38091477       7.7875343       13.442653   1.2473744e-13        2.403891      0.21018077       0.21018077      -11.091973      -11.091973
              3      -6.6816588      0.91655463       1.1959906      -12.890416      0.35591362       8.2519129       15.703289   1.2870165e-13       2.2694134      0.23473889       0.23473889      -13.832795      -13.832795
              7      -7.5720085      0.98031821       1.1945798      -12.897019      0.42352576       9.5569257       15.652361   1.2675967e-13       2.6517084      0.23705124       0.23705124      -15.618119      -15.618119
              5      -8.4117224        0.963751       1.2024041      -12.898606      0.46101069       9.1992198       15.936908   1.2629724e-13       2.8907511      0.19828802       0.19828802      -17.220021      -17.220021
              1      -8.5417236       0.6805196       1.2629488      -12.893515      0.73820783       4.7920308       18.320986   1.2778654e-13        5.472778      0.13234143       0.13234143       -17.34813       -17.34813
              1      -8.1240707      0.70112823       1.2326635      -12.894769      0.71712613       5.0249094        17.08691   1.2741798e-13        5.213461      0.10212684       0.10212684      -16.452395      -16.452395
              1      -8.1638837      0.70060174       1.2290454       -12.89579      0.71739642       5.0188213       16.945148   1.2711886e-13       5.2167067      0.10287386       0.10287386      -16.533515      -16.533515
              2      -7.2647326      0.69839867       1.2202387      -12.894543      0.69731419       4.9934266       16.604995   1.2748436e-13        4.980973     0.096533889      0.096533889      -14.722533      -14.722533
              6      -7.6473189      0.69016278       1.2513186      -12.889514      0.70081286       4.8996243       17.836869   1.2896932e-13       5.0212617      0.10689222       0.10689222      -15.508422      -15.508422
              2      -8.3704104      0.92588659       1.1252866       -12.92657      0.38872538       8.4311457       13.344018   1.1842137e-13       2.4475151      0.27214784       0.27214784      -17.285116      -17.285116
              4      -8.2026876      0.95614331       1.0939614      -12.936105      0.40822766       9.0394772        12.41542   1.1584969e-13       2.5599274      0.30434202       0.30434202      -17.014059      -17.014059
              4      -8.3580125      0.95644859       1.1306448      -12.922859      0.39467728       9.0458334        13.50967   1.1943751e-13       2.4812886      0.28209698       0.28209698      -17.280219      -17.280219
              2      -7.5438458      0.98448871       1.1132011      -12.926302        0.427582       9.6491423       12.977799   1.1849447e-13       2.6765909      0.28978967       0.28978967      -15.667271      -15.667271
              3      -7.3403794      0.94712076       1.1537649      -12.915523      0.48831926       8.8536176       14.248359    1.214721e-13       3.0783589      0.19034218       0.19034218      -15.061443      -15.061443
              8      -7.7313058      0.94716866       1.1757875      -12.907855      0.49677352       8.8545941       14.989511   1.2363591e-13       3.1388714      0.17294384       0.17294384      -15.808499      -15.808499
             12      -8.2322782      0.95390129       1.1712619      -12.908519      0.47570527       8.9929316       14.834124    1.234472e-13       2.9902347      0.19157028       0.19157028      -16.847697      -16.847697
              4      -8.4343209      0.95390923       1.1760806      -12.907404      0.46383308       8.9930959       14.999631   1.2376443e-13       2.9095986      0.19788458       0.19788458      -17.264411      -17.264411
              6       -8.411486      0.94731524       1.0981533      -12.928469      0.43569817       8.8575831       12.535837   1.1790467e-13       2.7270818      0.25485935       0.25485935      -17.332691      -17.332691
              4       -6.059046      0.94282034        1.009944      -12.966482      0.40292347       8.7663809        10.23161   1.0802343e-13       2.5288524      0.40955838       0.40955838      -12.937209      -12.937209
              5      -6.0620512      0.94253513       1.0099318      -12.966484      0.40315603       8.7606258       10.231323   1.0802292e-13       2.5302068      0.40914274       0.40914274      -12.942388      -12.942388
              5       -6.830377        1.080932        1.018924      -12.921368     0.082166977       12.048474       10.445375   1.1984826e-13       1.2082783       0.8890412        0.8890412      -15.438836      -15.438836
             15      -7.0660717       1.0825865       1.0089307      -12.921451     0.079645146       12.094461       10.207766   1.1982547e-13       1.2012825       0.9004221        0.9004221      -15.932988      -15.932988
              1      -7.0562134       1.0763018       1.0172959      -12.918176     0.083642828       11.920702       10.406289   1.2073242e-13       1.2123913       0.8720621        0.8720621      -15.856551      -15.856551
              6         -6.9542       1.0901699      0.98540009      -12.919193     0.058367152       12.307502       9.6694125    1.204501e-13       1.1438449      0.95931978       0.95931978       -15.82704       -15.82704
             10      -6.8631137       1.0889498       0.9796048      -12.919576     0.059632394       12.272972       9.5412396   1.2034401e-13       1.1471822      0.95837931       0.95837931      -15.642986      -15.642986
              8      -6.5652608      0.93304378      0.93575418      -12.909455      0.17894099       8.5712425       8.6249023   1.2318148e-13        1.509875      0.55989863       0.55989863      -14.250319      -14.250319
              4      -6.0795011      0.93172638      0.88383927      -12.926147      0.18645658       8.5452816       7.6531331   1.1853668e-13       1.5362312      0.62186414       0.62186414      -13.402731      -13.402731
              2      -6.8073712      0.93022934      0.89898199      -12.922959      0.18362337       8.5158761       7.9246848   1.1941012e-13       1.5262419      0.60568213       0.60568213      -14.826107      -14.826107
              1       -6.341654       1.1356457      0.96783513      -12.892059    -0.050338677       13.666134        9.286138   1.2821564e-13      0.89055618       1.2332277        1.2332277      -15.149763      -15.149763
              2      -6.2484033       1.1370256      0.97133062      -12.891422    -0.047831698       13.709627       9.3611805   1.2840393e-13      0.89571181       1.2272574        1.2272574      -14.951321      -14.951321
              1      -5.1020777       1.1664457      0.97986239       -12.89087    -0.091773121       14.670525       9.5469004   1.2856714e-13      0.80951869        1.388143         1.388143      -12.980441      -12.980441
              6      -6.2818249       1.1510166      0.98215253      -12.900788    -0.049329887       14.158478       9.5973763   1.2566442e-13      0.89262719        1.269537         1.269537      -15.102724      -15.102724
              3      -6.3582042       1.1576617       0.9805595      -12.904558     -0.03876342       14.376781       9.5622369    1.245781e-13      0.91461134       1.2666472        1.2666472      -15.249703      -15.249703
              4      -6.4291431       1.1749223      0.97873584      -12.911701    -0.051395784       14.959679       9.5221679   1.2254598e-13      0.88839113       1.3481346        1.3481346      -15.554555      -15.554555
              2      -7.1770543       0.9680543       1.0853753      -12.926154      0.33318557       9.2908255       12.172375   1.1853484e-13       2.1537018      0.36334018       0.36334018      -15.080789      -15.080789
              5      -7.0905119       1.0868175       1.0657603      -12.948877      0.22387964       12.212863       11.634836   1.1249227e-13       1.6744788       0.7214521        0.7214521      -15.623928      -15.623928
              1      -6.9908664       1.0053367       1.0371843      -12.957292      0.31794167        10.12364       10.893923   1.1033356e-13       2.0794174      0.51689337       0.51689337       -15.01552       -15.01552
              8      -8.1283624       1.0220972       1.0087672      -12.955893      0.30900128       10.521973       10.203924   1.1068964e-13       2.0370481      0.55286268       0.55286268       -17.36245       -17.36245
              9       -8.025318       1.0045045      0.99601267      -12.957609       0.3545822        10.10426       9.9086084   1.1025326e-13       2.2624667       0.4921341        0.4921341      -17.034904      -17.034904
              2      -8.4656557      0.71461372       1.1664775      -12.911472      0.69928421        5.183388         14.6716    1.226107e-13       5.0036187       0.1047626        0.1047626      -17.140837      -17.140837
              1      -8.0057905       0.8896344       1.5116731      -12.836424      0.44052754       7.7559393       32.484271   1.4573918e-13       2.7575763      0.34848363       0.34848363      -16.708548      -16.708548
              3      -7.8460686      0.95765447       1.4036074      -12.844076      0.30696383       9.0709854       25.328381   1.4319365e-13       2.0275138      0.40028433       0.40028433      -16.492706      -16.492706
              2      -7.8588361      0.93410891       1.3901755      -12.845866      0.33205588       8.5922896       24.557012   1.4260485e-13       2.1481068      0.34078015       0.34078015      -16.399232      -16.399232
              4      -6.8349664       1.0362745       1.3131378      -12.863931      0.23834964       10.871125        20.56543   1.3679466e-13       1.7312095      0.51684268       0.51684268      -14.703618      -14.703618
              7      -7.9878351      0.70183385       1.2352382      -12.893818       0.6568709       5.0330801        17.18851   1.2769741e-13        4.538067     0.097326678      0.097326678      -16.170324      -16.170324
             10       -7.706801      0.71806244       1.2264961      -12.910061      0.63795279       5.2247131       16.845972   1.2300961e-13       4.3446299      0.11535595       0.11535595      -15.644314      -15.644314
              2       -6.454824      0.87266486       1.0509623      -12.920444      0.36646982       7.4587296       11.245074    1.201036e-13       2.3252509      0.25863139       0.25863139      -13.426911      -13.426911
              2      -7.5964543      0.78830236       1.1692862      -12.922707      0.54098753       6.1418946       14.766794   1.1947938e-13       3.4752618      0.12808136       0.12808136      -15.449071      -15.449071
              2      -8.0958865      0.75935485       1.2571829      -12.898491      0.69094085       5.7458575       18.079356   1.2633059e-13       4.9084102     0.087479782      0.087479782      -16.366733      -16.366733
              1      -8.1253228      0.76128509       1.2533732      -12.899073      0.68755201       5.7714521       17.921452   1.2616141e-13       4.8702585     0.085921874      0.085921874      -16.422489      -16.422489
              4      -7.8502334      0.60269106       1.2150209      -12.884236      0.90565033       4.0058166       16.406689   1.3054628e-13       8.0473026      0.26224423       0.26224423      -16.224955      -16.224955
              3      -7.2570635      0.55022712       1.2612091      -12.876538      0.96156155       3.5499899       18.247741   1.3288087e-13       9.1529596      0.39333837       0.39333837      -15.300804      -15.300804
              9       -7.755452      0.64003267       1.2992431      -12.895733      0.78347415       4.3654867       19.917879   1.2713558e-13        6.073991      0.20662657       0.20662657      -15.924157      -15.924157
              6       -8.353271      0.65602476       1.3165895      -12.888181      0.76668886        4.529234       20.729532   1.2936573e-13       5.8437127      0.18403453       0.18403453      -17.074611      -17.074611
              2      -7.9098559       0.6733717       1.3493299      -12.870722      0.77638982        4.713806       22.352694   1.3467228e-13       5.9757143       0.1730009        0.1730009      -16.165714      -16.165714
              1      -8.5642464      0.70139334        1.275085      -12.891521      0.74620033       5.0279777       18.840176   1.2837464e-13       5.5744282       0.1220781        0.1220781      -17.372649      -17.372649
              5      -8.5720767      0.74417414       1.2928456        -12.8848      0.72975107       5.5484814       19.626622   1.3037678e-13       5.3672407     0.095278462      0.095278462       -17.33471       -17.33471
              3      -7.4247875       0.7141507       1.4187892      -12.858045      0.79322961       5.1778648       26.229449    1.386611e-13       6.2119738      0.20134466       0.20134466      -15.252264      -15.252264
              5       -8.165829       0.6809923       1.3504352      -12.864686      0.86203474       4.7972495       22.409657   1.3655707e-13       7.2783803      0.20367448       0.20367448      -16.739007      -16.739007
              5       -7.892466      0.66541363       1.3040551      -12.882566      0.86746055       4.6282161       20.139799   1.3104896e-13       7.3698822      0.20811281       0.20811281      -16.201158      -16.201158
              1       -7.039212      0.93053153       1.3025955      -12.892648      0.52806623       8.5218037       20.072223   1.2804184e-13       3.3733875      0.16841798       0.16841798       -14.41526       -14.41526
              2      -7.6976297      0.96331522       1.2697498      -12.862908      0.25110034       9.1899939       18.610147   1.3711727e-13       1.7827906      0.38966162       0.38966162      -16.174583      -16.174583
              1      -6.8340303      0.97719173      0.95900257       -12.92647      0.18374032       9.4883727       9.0991866   1.1844855e-13        1.526653       0.6148454        0.6148454      -14.897751      -14.897751
              2      -7.5572698       1.0105373        1.026528      -12.942734      0.22237226       10.245598       10.629871   1.1409473e-13       1.6686769       0.6063372        0.6063372      -16.327214      -16.327214
              1      -7.8045028        1.017958       1.0452483      -12.937838      0.22446421       10.422167       11.098092   1.1538827e-13       1.6767341      0.59343348       0.59343348      -16.795873      -16.795873
              4      -7.8096019       1.0150331       1.0481071      -12.937258      0.22794816       10.352211       11.171387   1.1554245e-13       1.6902392      0.58250359       0.58250359      -16.784211      -16.784211
              6      -7.8598015       1.0086697       1.0348811      -12.938265      0.23316339       10.201634       10.836301   1.1527506e-13       1.7106588      0.57368417       0.57368417      -16.866971      -16.866971
              1      -7.7996444       1.0252404       1.0726519      -12.928185      0.21252124       10.598403       11.820938   1.1798189e-13       1.6312527      0.58933381       0.58933381      -16.777956      -16.777956
              9      -6.5377062      0.96602529       1.0414396      -12.915786      0.19616033       9.2475202       11.001188    1.213986e-13       1.5709426      0.52592489       0.52592489      -14.127262      -14.127262
              2      -7.3934276      0.94507551      0.98558502      -12.923973      0.21206484       8.8120206       9.6735307   1.1913168e-13       1.6295393        0.522847         0.522847      -15.832549      -15.832549
              2      -7.3206273      0.94197357      0.99915445      -12.921489      0.21628562       8.7493053       9.9805495   1.1981495e-13       1.6454535      0.50232605       0.50232605      -15.645907      -15.645907
              1      -7.2714745      0.92306474         1.00349       -12.92437      0.26695795       8.3765413       10.080684   1.1902276e-13       1.8490896      0.42317412       0.42317412      -15.389297      -15.389297
              6      -7.2970192      0.92356241       1.0041349      -12.924204      0.26610295       8.3861458       10.095665   1.1906825e-13       1.8454528      0.42397368       0.42397368      -15.441986      -15.441986
              2      -8.1884443      0.96349886       1.3588351      -12.880228      0.41469704       9.1938806       22.847309    1.317565e-13       2.5983463      0.29022058       0.29022058       -16.95733       -16.95733
              6      -8.5492866      0.91497874       1.3000482       -12.88479      0.52192996       8.2220239       19.954837   1.3037967e-13       3.3260591      0.14716376       0.14716376      -17.392901      -17.392901
              2      -8.2016864       0.9619508       1.2846065      -12.883807       0.4503682       9.1611669       19.257792   1.3067504e-13       2.8207734      0.21513427       0.21513427      -16.833641      -16.833641
              1       -8.249337       1.0378475       1.3451287      -12.874862      0.38855567       10.910572       22.137504   1.3339453e-13       2.4465589      0.38040744       0.38040744      -17.259489      -17.259489
              2      -7.5311419       1.0308586       1.3712775      -12.865872      0.38583759       10.736399       23.511348   1.3618444e-13       2.4312946      0.38498775       0.38498775      -15.832259      -15.832259
              2      -8.2975815      0.97029536       1.4526484      -12.867105      0.48563583       9.3388922       28.356222   1.3579851e-13        3.059397      0.32291504       0.32291504      -17.240993      -17.240993
              5      -8.2111227       1.0042828       1.4688427      -12.861944      0.42247248       10.099104        29.43355   1.3742178e-13       2.6452851      0.41706208       0.41706208      -17.256369      -17.256369
              1      -8.3549706      0.83188996       1.4670687      -12.857594      0.59881744       6.7903156       29.313568   1.3880527e-13       3.9702462      0.20958132       0.20958132      -17.129104      -17.129104
              1      -8.4181305      0.83791873       1.2517766       -12.89261       0.5679341       6.8852343       17.855687   1.2805309e-13       3.6977207     0.084522958      0.084522958      -17.005307      -17.005307
             10      -7.8879335      0.87913729        1.317671      -12.889458      0.56393985       7.5707218       20.781218   1.2898578e-13       3.6638682      0.12981391       0.12981391      -16.035495      -16.035495
              1      -8.5598521      0.75754234         1.36885      -12.874564      0.66361514       5.7219274       23.380295   1.3348608e-13       4.6090894      0.12564278       0.12564278       -17.37099       -17.37099
              4      -8.5461592      0.75321438       1.3615398      -12.877561      0.67082073       5.6651887       22.990044    1.325681e-13        4.686199      0.12462032       0.12462032      -17.341559      -17.341559
              4      -7.9494185       0.8907428       1.3800608      -12.852867      0.38003421       7.7757592       23.991689   1.4032445e-13       2.3990219      0.26046933       0.26046933      -16.419776      -16.419776
              4       -7.945642      0.99765619       1.3546036      -12.862233       0.2859505       9.9461771       22.625783   1.3733048e-13       1.9317481       0.4347714        0.4347714      -16.760827      -16.760827
              5       -7.848997      0.97271571       1.3626983      -12.858892      0.29595087       9.3910838       23.051454   1.3839112e-13        1.976746      0.40001695       0.40001695      -16.498028      -16.498028
              1      -7.5682475      0.98995872       1.3338715      -12.851412      0.24763615       9.7714434        21.57106   1.4079534e-13       1.7686266      0.45203628       0.45203628      -16.040568      -16.040568
              1      -8.2652734      0.74459208       1.1857601       -12.88654      0.77655755       5.5538236       15.337696   1.2985541e-13       5.9780225     0.067004736      0.067004736      -16.664556      -16.664556
              2      -7.2186916      0.74461331       1.3291258      -12.853923      0.83758809       5.5540951       21.336629   1.3998343e-13       6.8799944      0.12650873       0.12650873      -14.690401      -14.690401
              6      -8.1704231      0.66576505       1.3059981      -12.882127      0.85535504       4.6319627       20.230104   1.3118168e-13        7.167291      0.20080714       0.20080714      -16.742461      -16.742461
              2       -8.567415      0.72749076       1.3318881       -12.87099      0.81045175       5.3393792       21.472772   1.3458904e-13       6.4632619      0.13785814       0.13785814      -17.410546      -17.410546
              1      -8.5672938      0.72757246       1.3321776      -12.870948      0.81051268       5.3403837       21.487088   1.3460201e-13       6.4641687      0.13800909       0.13800909      -17.410606      -17.410606
              2      -8.3508088      0.71714937       1.3475014      -12.866775      0.81334172       5.2137401       22.258783   1.3590167e-13       6.5064144      0.15205579       0.15205579      -17.005729      -17.005729
              8      -8.1108753      0.74494408       1.3449062      -12.866155      0.76403659       5.5583268       22.126167   1.3609573e-13       5.8081336      0.11661209       0.11661209      -16.454975      -16.454975
              3      -8.5628722      0.73755126       1.3470943      -12.869966      0.80361813       5.4645104       22.237928    1.349069e-13       6.3623584      0.14030115       0.14030115      -17.406347      -17.406347
              1      -8.1664741      0.81670622       1.2091349      -12.889826      0.68324778       6.5570156       16.185826   1.2887653e-13       4.8222285     0.046079248      0.046079248      -16.425107      -16.425107
              1      -8.1145562      0.81682999       1.2129085      -12.888604      0.68740446       6.5588846        16.32708   1.2923983e-13       4.8686041     0.045605397      0.045605397      -16.320323      -16.320323
              5      -8.0249834      0.83555809       1.0904721      -12.922983      0.61076055       6.8479107       12.316069   1.1940352e-13       4.0809432      0.10563481       0.10563481      -16.261236      -16.261236
              6      -7.9306454      0.69386682       1.0921277      -12.924586      0.71494158       4.9415912        12.36311   1.1896353e-13       5.1873026      0.14723145       0.14723145      -16.155754      -16.155754
              4      -7.5604238       0.7183541       1.1185024       -12.92919      0.71686833       5.2282229       13.137187   1.1770898e-13       5.2103671      0.14185931       0.14185931      -15.404566      -15.404566
              3      -8.5264837      0.88791467       1.3389224      -12.873691      0.57971276       7.7252878       21.823401    1.337546e-13       3.7993803      0.12246168       0.12246168      -17.297891      -17.297891
              8      -8.2188762      0.61185518       1.1475813      -12.901734      0.88299214       4.0912421       14.046928   1.2539076e-13       7.6382196      0.24879492       0.24879492      -16.935342      -16.935342
              1        -8.25288      0.61257435       1.1488956      -12.901019      0.88804841       4.0980226         14.0895   1.2559744e-13       7.7276672       0.2503239        0.2503239      -17.006408      -17.006408
              3      -7.9918185      0.60832323       1.1426075      -12.904666      0.90106847       4.0581046        13.88697    1.245473e-13       7.9628489       0.2713504        0.2713504      -16.526338      -16.526338
              2      -7.8900584      0.63678898       1.1835321      -12.874838      0.93880826       4.3330029        15.25921   1.3340195e-13       8.6857687      0.22944943       0.22944943      -16.239016      -16.239016
              1      -7.6463743      0.64505498       1.1778319      -12.876122      0.93101023       4.4162635       15.060242   1.3300818e-13       8.5312021      0.21456079       0.21456079       -15.72187       -15.72187
              9       -7.638006      0.66224039        1.154635       -12.87789      0.87095992       4.5945226       14.276937   1.3246767e-13       7.4295057      0.15126004       0.15126004      -15.578532      -15.578532
              3      -8.1031506       0.6986729       1.1357973      -12.886746      0.82080755       4.9965806       13.670907   1.2979374e-13       6.6192312      0.10407613       0.10407613      -16.414453      -16.414453
              1      -8.3774447      0.66662476       1.2623659      -12.853643      0.95878426        4.641141       18.296409   1.4007373e-13       9.0946139      0.22665439       0.22665439      -17.208198      -17.208198
              6      -8.2711953      0.68440446       1.2720924      -12.853138      0.94079993       4.8350889       18.710802   1.4023692e-13       8.7256931      0.20014951       0.20014951       -16.94269       -16.94269
              1      -7.5719605      0.64827132       1.2414113      -12.872351       1.0433601       4.4490913       17.434573   1.3416801e-13       11.049945      0.34302433       0.34302433       -15.82997       -15.82997
              8      -5.7454298      0.63067155       1.2642993      -12.865639       1.0808513       4.2723965       18.378044   1.3625755e-13       12.046233       0.4126429        0.4126429      -12.316145      -12.316145
              3      -7.5363955      0.72719342       1.1501267      -12.847444       1.0140204       5.3357248       14.129498   1.4208748e-13       10.328098      0.20531719       0.20531719      -15.483425      -15.483425
              1      -6.9430503       0.7258478        1.139091      -12.853561       1.0231224       5.3192181       13.774979   1.4010017e-13       10.546841      0.21924683       0.21924683      -14.324594      -14.324594
             20      -8.2308487      0.74374509       1.1953964      -12.847497      0.94084995       5.5430027       15.681819   1.4207008e-13        8.726698      0.13219593       0.13219593      -16.726089      -16.726089
              9      -8.3876987      0.68698553       1.2314604      -12.844943       0.9731857         4.86391        17.03964   1.4290808e-13        9.401252      0.20560356       0.20560356      -17.186604      -17.186604
              6      -8.3749228      0.67025586        1.188346      -12.844838      0.97049952       4.6801079       15.429293   1.4294275e-13       9.3432834      0.20307435       0.20307435      -17.155994      -17.155994
              2      -8.4319351      0.66793273       1.1914011      -12.843386      0.97119433       4.6551399       15.538214    1.434214e-13       9.3582432      0.20580652       0.20580652      -17.275483      -17.275483
              8      -8.4720831      0.70444427       1.1798948       -12.84108      0.92971001       5.0634237       15.131948   1.4418506e-13       8.5056991      0.13659591       0.13659591      -17.217358      -17.217358
              3      -8.3539843      0.72795224       1.1634076      -12.846701      0.87528941       5.3450557       14.568258   1.4233069e-13        7.503941     0.081270356      0.081270356      -16.870509      -16.870509
             10      -8.1280826      0.62061851        1.205723      -12.844069       1.0878359        4.174635       16.059167    1.431959e-13       12.241534       0.3948497        0.3948497      -17.045865      -17.045865
              5      -8.1565515      0.62072491       1.2140084       -12.84253       1.0774247       4.1756579       16.368483   1.4370434e-13       11.951564      0.38253633       0.38253633      -17.078176      -17.078176
             10      -6.6860326      0.59073769       1.2077243      -12.836211        1.140129       3.8970654       16.133342    1.458105e-13       13.807943      0.50552669       0.50552669      -14.383118      -14.383118
             11      -7.6762677      0.85202457       1.1696417      -12.826318       0.7558302       7.1125376       14.778886   1.4917026e-13       5.6994139    0.0033655129     0.0033655129      -15.359266      -15.359266
              5      -8.5683101      0.82505304       1.3711348      -12.869334      0.69692212       6.6842554       23.503621   1.3510316e-13       4.9764784      0.11499211       0.11499211      -17.366604      -17.366604
              4      -7.9385208      0.71858121       1.3837783      -12.878981      0.81621997       5.2309577       24.197936   1.3213522e-13       6.5496783      0.19720169       0.19720169      -16.271445      -16.271445
             12      -7.9269768      0.70205829       1.4267444      -12.863336      0.84015046       5.0356819       26.714335    1.369823e-13        6.920707      0.24438398       0.24438398      -16.342722      -16.342722
             12      -8.4143683      0.73470242       1.4633404      -12.862325      0.73217508       5.4287822       29.062995   1.3730146e-13       5.3972816      0.22441488       0.22441488      -17.277566      -17.277566
              4      -7.8030819      0.74671166       1.6161393      -12.823212      0.64853386       5.5809954       41.317998   1.5024095e-13       4.4517817      0.41636617       0.41636617      -16.438896      -16.438896
              7      -7.7811272       0.7568704       1.6024107      -12.826932      0.61738297       5.7130813        40.03231   1.4895945e-13       4.1436491      0.39324287       0.39324287       -16.34874       -16.34874
              1      -8.0520826      0.68757708       1.4995207      -12.870268      0.83072372       4.8705396       31.587895   1.3481319e-13       6.7721056      0.34201086       0.34201086      -16.788187      -16.788187
             18      -7.6432123      0.66976762       1.6030293      -12.863116      0.83977775       4.6748494       40.089376   1.3705142e-13       6.9147702      0.50715012       0.50715012      -16.300725      -16.300725
             17      -6.9772088       0.7537382        1.551321       -12.86998      0.73236929       5.6720258       35.589424   1.3490236e-13       5.3996958      0.34122402       0.34122402      -14.636866      -14.636866
             13      -7.5942305      0.75234228        1.606116       -12.85906      0.72738095        5.653824       40.375326   1.3833752e-13       5.3380292      0.41655688       0.41655688      -16.021575      -16.021575
              5      -7.4334012      0.75521086       1.5926523      -12.861639      0.72359532       5.6912919       39.142835   1.3751849e-13       5.2917013      0.39490466       0.39490466      -15.656612      -15.656612
             10      -6.1696777      0.75327773       1.5510891      -12.872892       0.7307863       5.6660151        35.57043   1.3400114e-13       5.3800499      0.34396282       0.34396282      -13.027281      -13.027281
              3      -6.6761975      0.76226242       1.5750492      -12.866204      0.71148321       5.7844546       37.587998   1.3608054e-13       5.1461591      0.36698059       0.36698059      -14.086356      -14.086356
              4      -7.2156009         0.72864       1.5706665      -12.864985      0.75382953        5.353527       37.210588   1.3646309e-13       5.6732188      0.38123251       0.38123251      -15.193667      -15.193667
             14      -7.0765192      0.56798764       1.4908334      -12.883363       1.0334963       3.6981766       30.962312   1.3080889e-13       10.801804      0.65388008       0.65388008      -15.460799      -15.460799
             17      -7.2182973      0.55576196       1.3967833      -12.894437       1.0961915       3.5955221       24.933503   1.2751545e-13       12.479338      0.66583378       0.66583378      -15.768262      -15.768262
              5       -7.474865      0.56406519        1.405132      -12.890443       1.0743514       3.6649258       25.417454   1.2869359e-13       11.867285      0.62514984       0.62514984       -16.20003       -16.20003
              1      -7.6065599      0.57148935       1.3965398      -12.880923       1.0121842       3.7281155       24.919525    1.315458e-13       10.284524      0.51617444       0.51617444      -16.245469      -16.245469
              6      -7.5890855      0.57369546       1.4027821      -12.880949       1.0060403       3.7471015       25.280292   1.3153787e-13       10.140055      0.51219348       0.51219348      -16.202558      -16.202558
              4      -6.7289826      0.65181625       1.2277171      -12.890893      0.75897467       4.4855557       16.893403   1.2856029e-13       5.7408298      0.14361038       0.14361038      -13.745186      -13.745186
              4      -7.5570981      0.68514689       1.0707454      -12.923753      0.79718367       4.8433616       11.769159   1.1919196e-13       6.2687892      0.17813906       0.17813906      -15.470474      -15.470474
              1      -7.6401253      0.65166067       1.0501717      -12.918435      0.82097074       4.4839491       11.224622   1.2066058e-13       6.6217189      0.20993276       0.20993276      -15.700116      -15.700116
              1      -7.8891373      0.63121002       1.1216304      -12.897249      0.87505151       4.2776971       13.232151   1.2669245e-13       7.4998316      0.21191884       0.21191884      -16.202112      -16.202112
              2      -8.1759165      0.63988891        1.129413      -12.899873      0.87415196       4.3640419       13.471409   1.2592946e-13       7.4843132      0.20686956       0.20686956      -16.765572      -16.765572
              2      -7.2036324      0.65903762       1.2343143      -12.882906      0.81624451       4.5607642       17.151981   1.3094665e-13       6.5500484      0.14975487       0.14975487      -14.706775      -14.706775
              3      -8.2760369      0.65774551       1.0433383      -12.931952      0.79444385       4.5472153       11.049391   1.1696293e-13        6.229366      0.22633776       0.22633776      -17.004749      -17.004749
              4      -6.9577673      0.83305381       1.3795905      -12.856331      0.69417323       6.8085372       23.965721   1.3920947e-13       4.9450789      0.11117608       0.11117608      -14.137887      -14.137887
              6      -6.6119983      0.86041382       1.3565918      -12.854098      0.67187667       7.2512657       22.729599    1.399271e-13       4.6976069     0.094806062      0.094806062      -13.413609      -13.413609
              3       -6.013302      0.89748233       1.4015806      -12.852953       0.5974646       7.8973672       25.210449   1.4029661e-13        3.957898      0.15720591       0.15720591      -12.341016      -12.341016
              5      -6.0230195      0.89601288        1.399685      -12.853111      0.59663071       7.8706913       25.100653    1.402454e-13       3.9503058      0.15492075       0.15492075       -12.35588       -12.35588
              5      -7.0081069      0.80031684       1.4422829      -12.850098      0.60524122       6.3141782       27.687443   1.4122197e-13       4.0294078      0.17358363       0.17358363      -14.363381      -14.363381
              3      -7.9109272      0.78107597       1.3814378      -12.865199       0.6572547       6.0405428       24.067875   1.3639585e-13       4.5420792       0.1207606        0.1207606      -16.063376      -16.063376
              2      -8.4387261        0.790477       1.4494948      -12.860471      0.63162693        6.172726       28.151064   1.3788871e-13       4.2818055      0.18589913       0.18589913       -17.24925       -17.24925
              1      -6.4897843      0.60452177       1.3197277      -12.861149      0.92544043       4.0227382       20.879864   1.3767379e-13       8.4224886      0.30218622       0.30218622      -13.583941      -13.583941
              2      -6.7018018      0.60276495       1.3250772      -12.860336      0.93535136       4.0064982       21.138646   1.3793181e-13       8.6169061      0.31585958       0.31585958      -14.035323      -14.035323
              9      -8.0498052      0.54100904       1.3765879      -12.867139       1.0158536       3.4754339         23.8006    1.357879e-13       10.371787      0.53277053       0.53277053      -17.165152      -17.165152
              4      -8.0825091       0.5390342       1.3721999      -12.867863       1.0173526       3.4596662       23.561335   1.3556158e-13       10.407649      0.53462137       0.53462137      -17.234261      -17.234261
             12      -7.7458875      0.53231361       1.3923741      -12.863827       1.0303743       3.4065409       24.681645   1.3682747e-13       10.724431      0.57505045       0.57505045      -16.641876      -16.641876
              1       -7.064429      0.59319524       1.3382869      -12.860849      0.94903175       3.9191802       21.791488   1.3776878e-13       8.8926613      0.35040467       0.35040467      -14.829667      -14.829667
              5      -8.5480253      0.71753404        1.179867      -12.912975       0.7013998         5.21836       15.130977   1.2218708e-13       5.0280524      0.10886814       0.10886814      -17.313787      -17.313787
              3      -8.4814239      0.67491676       1.3310697      -12.882239      0.79039634       4.7306058       21.432346   1.3114775e-13       6.1715797      0.17746456       0.17746456      -17.317777      -17.317777
              5      -7.7906742      0.73386532       1.3987803       -12.87789      0.69865186       5.4183283       25.048419   1.3246772e-13       4.9963386      0.16765491       0.16765491      -15.916658      -15.916658
              6      -7.9494849      0.63581735       1.2888787      -12.893245       0.8372293       4.3233197       19.448169   1.2786586e-13        6.874313      0.22563077       0.22563077      -16.350231      -16.350231
              5      -7.8962832      0.63647248       1.2870209      -12.893895      0.83635332       4.3298463       19.365149   1.2767475e-13       6.8604614      0.22445879       0.22445879      -16.241484      -16.241484
              3      -8.2948466      0.76631284         1.11637      -12.914185       0.6716384       5.8386553       13.072843   1.2184712e-13       4.6950303     0.083287021      0.083287021      -16.756267      -16.756267
              3      -7.8304306      0.67639822      0.99148376      -12.929567      0.81318597       4.7467704       9.8058165   1.1760694e-13       6.5040815      0.23076166       0.23076166      -16.122385      -16.122385
              1      -6.9544887      0.58558528       1.1635538      -12.893201      0.96826122       3.8511043       14.573164   1.2787896e-13       9.2952531      0.34106739       0.34106739      -14.591112      -14.591112
              1       -8.260226      0.86308739       1.0756571      -12.939234       0.4376488        7.296043       11.903019   1.1501803e-13        2.739358       0.2361714        0.2361714      -16.992795      -16.992795
              1      -8.1025737      0.84292093       1.0689243      -12.938845      0.43925383       6.9649969       11.719912   1.1512103e-13       2.7495007       0.2299155        0.2299155      -16.664978      -16.664978
              3      -6.1050323        0.894299      0.42393859       -13.10223      0.33712429       7.8396919       2.6542302   7.9026011e-14        2.173323       1.9358399        1.9358399      -16.081744      -16.081744
              4      -6.1482006      0.88912318      0.44605442      -13.098101      0.37473796        7.746815       2.7928938   7.9780945e-14       2.3699433         1.81582          1.81582      -15.928041      -15.928041
              8      -6.2504718      0.88893677      0.44646766      -13.098488      0.37421217       7.7434905       2.7955525   7.9709781e-14       2.3670758       1.8178135        1.8178135      -16.136571      -16.136571
              1      -7.4373215      0.81888017      0.64134701      -13.044664       0.4279443       6.5899204       4.3787184   9.0226875e-14       2.6788247       1.0487957        1.0487957      -16.972234      -16.972234
              3      -7.4018434      0.80976148      0.65686319      -13.040671      0.45056057       6.4529972       4.5379864   9.1060195e-14       2.8220231      0.98582714       0.98582714      -16.775341      -16.775341
             11        -7.26047      0.73253474      0.72658783      -13.033781      0.55990797       5.4017533       5.3282897    9.251642e-14       3.6300112      0.80877117       0.80877117      -16.138482      -16.138482
              2      -7.2524564      0.77421601      0.65446018       -13.04578       0.4686109       5.9458782       4.5129464    8.999533e-14       2.9417848       1.0082397        1.0082397      -16.521392      -16.521392
              3      -6.2015797      0.77936777       0.9116224      -12.962948      0.49109314       6.0168304       8.1587269   1.0890613e-13       3.0980836       0.3389663        0.3389663      -13.081092      -13.081092
              8      -7.3174813      0.80546443      0.90200611      -12.963035      0.42838671        6.389464       7.9800591   1.0888417e-13        2.681555      0.38584023       0.38584023      -15.406643      -15.406643
             11      -7.6467123      0.79724432      0.91263651      -12.962751      0.44174715       6.2696648       8.1778004   1.0895539e-13       2.7653312      0.36746926       0.36746926      -16.028363      -16.028363
              1      -5.2284652       0.9630946      0.83374089      -12.984957      0.30622831       9.1853266       6.8193171   1.0352441e-13        2.024083      0.71266088       0.71266088      -11.882252      -11.882252
              8       -7.224195      0.82243002      0.69248403      -13.008043      0.59154088        6.644006       4.9258823   9.8164972e-14       3.9042793      0.70843018       0.70843018       -15.86525       -15.86525
              5      -7.3662649      0.81500078      0.73751296      -12.999464      0.59459562       6.5313172       5.4640285   1.0012359e-13       3.9318381      0.60780707       0.60780707      -15.948144      -15.948144
              2      -6.8629046      0.80462918      0.74940255      -12.994072      0.60417634       6.3771874       5.6156825   1.0137426e-13       4.0195398      0.56814183       0.56814183      -14.862093      -14.862093
              3       -6.565543      0.80050654      0.76457516      -12.989253       0.6085245        6.316937       5.8153406   1.0250549e-13       4.0599857      0.52926747       0.52926747      -14.189621      -14.189621
              2      -7.2745829      0.86761643      0.92605664      -12.971421      0.53268082        7.372528       8.4344476   1.0680199e-13       3.4094225      0.34337892       0.34337892      -15.235924      -15.235924
              1       -7.906838      0.96517486      0.90270649      -12.976602      0.36727826       9.2294296       7.9929389   1.0553529e-13       2.3295834       0.5577947        0.5577947      -16.929265      -16.929265
             17      -8.3700708      0.92642023       1.4594284      -12.865744      0.54363192       8.4415118       28.802381   1.3622468e-13        3.496487      0.26404992       0.26404992      -17.268242      -17.268242
             16      -8.5569849      0.78031911       1.3000175      -12.868503      0.75398834        6.030025       19.953426   1.3536195e-13       5.6752937     0.074560422      0.074560422      -17.263091      -17.263091
             11       -8.368754       0.7536214       1.3030033       -12.86603      0.78353835       5.6705005       20.091082   1.3613519e-13       6.0748891     0.090708657      0.090708657      -16.918925      -16.918925
              8      -8.3724448      0.76754532       1.2991127      -12.866715       0.7639871       5.8552483       19.911902    1.359206e-13       5.8074717     0.077999366      0.077999366      -16.900888      -16.900888
             21      -8.3961323      0.91705445       1.3724181      -12.875368       0.6195605       8.2614152       23.573174   1.3323905e-13       4.1644773      0.15876261       0.15876261       -17.10979       -17.10979
              3      -5.5007308      0.87025518       1.4030149      -12.851331      0.62174257       7.4174595       25.293848   1.4082164e-13       4.1854539       0.1409455        0.1409455      -11.283353      -11.283353
              8      -5.2766124      0.87405106       1.3928843      -12.851149      0.61855912       7.4825746       24.710659   1.4088053e-13       4.1548861      0.13307679       0.13307679      -10.819378      -10.819378
              2       -7.308284      0.89231665       1.4042123      -12.858115      0.59409278       7.8039891       25.363683   1.3863875e-13       3.9272883      0.16172777       0.16172777      -14.940023      -14.940023
             19      -8.2394545      0.97193501       1.4734186      -12.867346      0.50036028       9.3742172       29.745317   1.3572307e-13       3.1649021      0.34080162       0.34080162      -17.160512      -17.160512
             12      -8.0345578      0.99391877       1.5072404      -12.864875      0.46364502       9.8609504       32.154398   1.3649764e-13        2.908339      0.42634698       0.42634698       -16.92181       -16.92181
              9      -7.8092679      0.99697244       1.5780057      -12.849964      0.44490059       9.9305302       37.844752   1.4126547e-13       2.7854835      0.53371928       0.53371928      -16.685974      -16.685974
             13      -7.8699065      0.91482818       1.6079048       -12.83499      0.48060322       8.2191742       40.541963   1.4622096e-13       3.0241492      0.48015755       0.48015755      -16.700128      -16.700128
             20      -8.1052934      0.81393192       1.5418257      -12.840356      0.56555296       6.5152626       34.819753   1.4442553e-13       3.6775024      0.30615502       0.30615502      -16.822897      -16.822897
              1      -5.4799104      0.79705529       1.4628342      -12.876078      0.62984168       6.2669364       29.029141   1.3302163e-13       4.2642404      0.21704476       0.21704476       -11.39391       -11.39391
              3      -7.7905945      0.66962565       1.2240955      -12.911429      0.73681545       4.6733214       16.753111   1.2262281e-13         5.45526      0.15789115       0.15789115      -15.896971      -15.896971
              8      -4.4857804      0.73641246      0.33148488      -13.128764      0.64505055       5.4502002       2.1452844   7.4342372e-14       4.4162185       2.1753449        2.1753449      -13.322251      -13.322251
             13      -3.8770094      0.87128927      0.32428426      -13.146538      0.44790646       7.4351421       2.1100088   7.1361134e-14       2.8048294       2.4000627        2.4000627      -12.554144      -12.554144
              4      -3.9520732      0.87035711      0.32298024      -13.146486      0.44975552       7.4192005       2.1036827   7.1369669e-14       2.8167968       2.4015803        2.4015803      -12.707307      -12.707307
              1      -4.2830567      0.89163339      0.24077265      -13.137745      0.22646939       7.7917209       1.7408953   7.2820781e-14       1.6844937       2.8206463        2.8206463      -14.207406      -14.207406
              4      -5.7676714       0.9287243      0.47178393      -13.065979      0.21958986       8.4864156       2.9633567    8.590556e-14       1.6580203       1.7700174        1.7700174      -15.075378      -15.075378
              2      -5.7878285      0.92737906      0.47219454      -13.065857      0.22102242       8.4601694       2.9661598   8.5929545e-14       1.6634985       1.7653653        1.7653653      -15.106387      -15.106387
              6      -5.7821336      0.92738156      0.47220497      -13.065855      0.22100642        8.460218        2.966231   8.5929954e-14       1.6634372       1.7653551        1.7653551      -15.094978      -15.094978
              6      -5.8668205      0.91914837      0.47637593      -13.065394      0.20365754       8.3013432       2.9948559   8.6021343e-14       1.5982972       1.7735508        1.7735508      -15.280743      -15.280743
              2      -6.0411119      0.89127115      0.57109638      -13.066282      0.30864259       7.7852247       3.7247436   8.5845536e-14       2.0353663       1.4278946        1.4278946      -14.938013      -14.938013
              1      -6.3423947      0.75860357       0.9691613      -12.952811      0.56962125       5.7359264       9.3145375   1.1147795e-13       3.7121135      0.24116957       0.24116957      -13.167128      -13.167128
              6      -6.9421396      0.75058802      0.99610902      -12.947757      0.58180856       5.6310324        9.910807   1.1278293e-13       3.8177594      0.21227972       0.21227972      -14.308839      -14.308839
              4      -6.9421419      0.75339856       0.9845044      -12.950707      0.57593804       5.6675918       9.6494908    1.120194e-13       3.7665006      0.22696469       0.22696469      -14.338213      -14.338213
              3      -7.9004269      0.85888388      0.95763239      -12.959078      0.37877567       7.2257658       9.0705243   1.0988081e-13       2.3920799      0.38591483       0.38591483      -16.572683      -16.572683
              6      -7.8510549      0.67229979      0.90070127      -12.986547       0.6985842       4.7021859       7.9561189   1.0314607e-13       4.9955602      0.43757204       0.43757204      -16.577254      -16.577254
              3      -7.7232218      0.67565325      0.91059746      -12.984139      0.70237827       4.7386349       8.1394951   1.0371975e-13       5.0393935      0.41862578       0.41862578      -16.283695      -16.283695
              1      -8.3928774      0.75139391       1.2199607      -12.907269      0.60019899       5.6414911       16.594368   1.2380295e-13       3.9828962     0.098069959      0.098069959      -16.981895      -16.981895
              3      -8.5635604      0.69999465       1.2810654      -12.890331      0.71197423       5.0118105       19.101407   1.2872673e-13       5.1519807      0.11754411       0.11754411      -17.362209      -17.362209
             36       -8.537353      0.86152463       1.3904188      -12.869371      0.65160382       7.2698363       24.570775   1.3509186e-13       4.4833621      0.13842878       0.13842878      -17.351563      -17.351563
              9      -8.4261671      0.90640876        1.395385      -12.867146      0.57180523       8.0613683       24.853351   1.3578578e-13        3.730828      0.17511955       0.17511955      -17.202573      -17.202573
              2      -8.0439971      0.91178892       1.4552862      -12.870625      0.54462624       8.1618559       28.528977   1.3470244e-13       3.5045014      0.25436992       0.25436992      -16.596734      -16.596734
              4      -7.7335882      0.93455204       1.4448143      -12.874578      0.52801056       8.6010613         27.8493   1.3348194e-13       3.3729551      0.26958014       0.26958014      -16.006337      -16.006337
              4      -7.5962697      0.95767236       1.4689727       -12.87608      0.52374804       9.0713591       29.442362   1.3302098e-13       3.3400121      0.32014696       0.32014696      -15.832833      -15.832833
             25      -7.9964817      0.99310333       1.5330288      -12.864041      0.47760817       9.8424526       34.121556   1.3676008e-13       3.0033654      0.45109032       0.45109032      -16.895144      -16.895144
              5      -7.9926916      0.99263415       1.5345997       -12.86355       0.4785319       9.8318252       34.245198   1.3691465e-13       3.0097602      0.45177621       0.45177621      -16.888936      -16.888936
              4      -7.5322806      0.94867297       1.5056208        -12.8625      0.55238587       8.8853178        32.03471   1.3724617e-13       3.5676798      0.33202446       0.33202446       -15.72861       -15.72861
              2      -8.0136838      0.83662414       1.4955101      -12.879792      0.69606623       6.8647408        31.29753   1.3188885e-13       4.9666806      0.26234865       0.26234865      -16.552065      -16.552065
              2      -7.8901647      0.86985127       1.4553577      -12.881413      0.65775927       7.4105641       28.533676    1.313974e-13       4.5473593      0.22292336       0.22292336      -16.226176      -16.226176
              1      -7.7163112      0.86877656       1.4490816      -12.882614      0.65835503       7.3922485        28.12429   1.3103474e-13       4.5536016      0.21702081       0.21702081      -15.866664      -15.866664
              1      -7.4099751      0.87389547       1.5421212      -12.869568        0.647565       7.4798944       34.843453   1.3503057e-13       4.4418614      0.32323906       0.32323906      -15.466428      -15.466428
              8      -7.9623398      0.86789039       1.5396902      -12.868112       0.6383491       7.3771801       34.648956   1.3548412e-13       4.3485964      0.31676768       0.31676768      -16.558215      -16.558215
             12      -8.1359904      0.87780219        1.498907      -12.866776      0.62788172       7.5474837       31.543293   1.3590147e-13       4.2450394      0.26443534       0.26443534      -16.800851      -16.800851
              5      -6.3509891       1.0071151       1.8140588      -12.811514      0.38595725       10.165182       65.171661   1.5434268e-13       2.4319646       1.0550058        1.0550058       -14.81199       -14.81199
             27       -6.510893      0.99139563       1.7691435      -12.815745      0.42198256       9.8038268       58.768354   1.5284649e-13       2.6423026       0.9015272        0.9015272       -14.82484       -14.82484
              4      -6.7326719      0.88459248       1.7307609      -12.809571      0.52011663       7.6664177       53.797353   1.5503472e-13       3.3122006       0.6755547        0.6755547      -14.816453      -14.816453
              3      -6.5860481      0.87911593       1.7209475      -12.810886      0.52878459       7.5703496       52.595369   1.5456584e-13        3.378972      0.64830283       0.64830283      -14.468702      -14.468702
             11      -8.1477262      0.97416129       1.3786708      -12.875202      0.39192328       9.4223945       23.915024   1.3329026e-13       2.4656038       0.3305251        0.3305251      -16.956503      -16.956503
              4      -8.1309962      0.91853125        1.217866      -12.897905        0.391723       8.2895557        16.51452   1.2650136e-13        2.464467      0.22067355       0.22067355      -16.703339      -16.703339
              1      -7.2660983      0.84310614       1.1815827      -12.897332      0.44361112       6.9679678        15.19087   1.2666844e-13       2.7772254      0.13578488       0.13578488      -14.803766      -14.803766
              9      -7.9137565       0.8179557       1.1338416      -12.915645      0.49271156       6.5759075       13.609482   1.2143819e-13       3.1096503       0.1306702        0.1306702      -16.088853      -16.088853
              2      -7.2351138       0.7113028       1.3966226      -12.858564      0.83973304       5.1440218        24.92428   1.3849569e-13       6.9140584      0.20407658       0.20407658      -14.878381      -14.878381
              5      -4.5037666      0.53253191       1.2218581      -12.877184       1.1090447       3.4082536       16.667025   1.3268324e-13       12.854188       0.5829278        0.5829278      -10.173389      -10.173389
              2      -6.6869477      0.51557556       1.2453651      -12.872533        1.119931        3.277748       17.594021   1.3411192e-13       13.180472      0.63169616       0.63169616      -14.637288      -14.637288
              6      -7.2207938      0.50587805       1.2527485      -12.868985       1.1385212       3.2053691       17.895694   1.3521201e-13       13.756919      0.67654849       0.67654849      -15.794685      -15.794685
              9      -8.0290389      0.51449299       1.2808727      -12.860794        1.137608       3.2695877       19.092936   1.3778639e-13       13.728022      0.66574437       0.66574437      -17.389566      -17.389566
             11      -8.1131975      0.69124721       1.2637486      -12.851303      0.91678314       4.9118739       18.354756   1.4083057e-13       8.2562558      0.16924518       0.16924518      -16.564885      -16.564885
              3      -7.6671462      0.77847175       1.0361929      -12.885403      0.74776311       6.0044295       10.869082   1.3019577e-13       5.5945236     0.051390452      0.051390452      -15.437073      -15.437073
              1      -7.7181819      0.79581465       1.0508694      -12.882936      0.72902769       6.2490594       11.242668   1.3093736e-13       5.3583082     0.037188614      0.037188614      -15.510741      -15.510741
             11      -7.4915256      0.74935063       1.2727225      -12.855015      0.91093193       5.6150112       18.737967   1.3963191e-13       8.1457659      0.13977127       0.13977127      -15.262594      -15.262594
              6      -7.4599966      0.75216887       1.2740232      -12.855056       0.9070653       5.6515668       18.794174   1.3961881e-13       8.0735642      0.13642347       0.13642347       -15.19284       -15.19284
              3      -6.5877642      0.66755867       1.2756082      -12.878839      0.94181395       4.6511321       18.862888   1.3217858e-13       8.7460902       0.2419904        0.2419904      -13.659509      -13.659509
             17      -6.5649428      0.66755225       1.2751171      -12.878892      0.94155666       4.6510634       18.841569   1.3216253e-13       8.7409102      0.24157412       0.24157412      -13.613034      -13.613034
             24      -8.2371117      0.63282891       1.3145238      -12.871355      0.99124115       4.2936724       20.631166   1.3447606e-13       9.8003401      0.33807025       0.33807025      -17.150364      -17.150364
              3      -7.4412463      0.67402713       1.3551413      -12.872927      0.96227275       4.7209254        22.65381   1.3399015e-13       9.1679609      0.30138508       0.30138508      -15.485263      -15.485263
              2      -7.7958719      0.86232012        1.431796      -12.860471      0.64289762       7.2831644       27.026883   1.3788895e-13       4.3943801      0.17199459       0.17199459      -15.935733      -15.935733
              8      -8.3603652      0.90214087       1.2851127      -12.879943      0.59715147       7.9825357       19.280252   1.3184283e-13       3.9550454     0.097595269      0.097595269      -16.915921      -16.915921
              6      -8.0425463      0.91988184       1.2908452      -12.882343      0.57717964       8.3153751       19.536431   1.3111626e-13        3.777284      0.12008886       0.12008886       -16.32527       -16.32527
              5      -8.4113687      0.97755683         1.21918      -12.905586      0.38917403       9.4963526       16.564563   1.2428374e-13       2.4500448      0.28644006       0.28644006      -17.395618      -17.395618
              5      -8.2749316      0.95851808       1.2681023      -12.890467      0.41668487       9.0890414       18.539683   1.2868645e-13       2.6102666      0.23882624       0.23882624      -17.027516      -17.027516
              5      -8.1102651       1.0611397       1.1450973      -12.921313      0.25427138       11.511705       13.966814   1.1986348e-13       1.7958555      0.56130677       0.56130677      -17.343144      -17.343144
             11      -6.0358376       0.9760264       1.3584897      -12.890707      0.45891414       9.4629469        22.82915   1.2861539e-13       2.8768296      0.28394187       0.28394187      -12.639559      -12.639559
             12      -7.5405756       1.0165139        1.421968      -12.876246      0.41979752       10.387568       26.422141   1.3297012e-13        2.629042      0.39681531       0.39681531      -15.874782      -15.874782
              2       -3.165578      0.93494688       1.4716923      -12.866993      0.40578332       8.6088844       29.627313   1.3583345e-13       2.5455599      0.37259886       0.37259886      -7.0763537      -7.0763537
              4      -8.1037306       0.9298849       1.4691907       -12.85995      0.45911243       8.5091249       29.457151   1.3805418e-13       2.8781434      0.31852271       0.31852271      -16.844507      -16.844507
             13      -8.1687433        0.886398        1.458339      -12.859927      0.58180818       7.6983561        28.73022   1.3806149e-13       3.8177561      0.22136115       0.22136115      -16.780209      -16.780209
              3      -8.3809408      0.88742964       1.4313093      -12.864086      0.57844067       7.7166649       26.996612   1.3674574e-13       3.7882677      0.19639786       0.19639786      -17.154677      -17.154677
              2      -8.0702324      0.91218491       1.4603171      -12.859063      0.55267411       8.1693013       28.861383   1.3833657e-13       3.5700485      0.24623555       0.24623555      -16.632936      -16.632936
              3      -4.9812846      0.99184487       1.3120202      -12.868804      0.38535197       9.8139732       20.512578   1.3526814e-13       2.4285775      0.29620347       0.29620347      -10.554976      -10.554976
             11      -5.2434993      0.96879174       1.3215228      -12.867444      0.39683296       9.3066149       20.966346    1.356926e-13       2.4936354      0.26727108       0.26727108      -11.021541      -11.021541
              3      -7.4671066      0.93559578       1.6229363      -12.857129      0.54043328        8.621757       41.969744   1.3895399e-13       3.4708295      0.50068593       0.50068593      -15.935585      -15.935585
              2      -7.3095602      0.94602522       1.6396142      -12.853211      0.52362265       8.8313118       43.612826   1.4021329e-13       3.3390479      0.54270408       0.54270408      -15.704528      -15.704528
              1      -7.0023476      0.94893478       1.6576383       -12.84932      0.51763978        8.890676       45.460925   1.4147509e-13       3.2933644      0.57819874       0.57819874      -15.161093      -15.161093
              5      -7.0708468      0.96230967       1.4544566       -12.85264      0.34635711       9.1687403       28.474529   1.4039775e-13       2.2200211      0.41945133       0.41945133      -14.980596      -14.980596
             18      -6.9012001      0.83662506       1.6094166      -12.816816      0.54227594       6.8647553       40.683341   1.5246972e-13       3.4855871      0.42025449       0.42025449      -14.642909      -14.642909
              3      -8.2374624      0.86096822       1.2652433      -12.851776      0.71696007       7.2605283       18.418033   1.4067726e-13       5.2114679     0.037607398      0.037607398       -16.55014       -16.55014
              6      -8.6160116      0.86360638       1.2446003      -12.854987      0.71496482       7.3047672       17.563065   1.3964118e-13       5.1875801     0.030790748      0.030790748      -17.293605      -17.293605
              9      -8.6208882      0.85507967       1.2614681      -12.861288       0.7296138        7.162748       18.258628   1.3762952e-13       5.3655444     0.043591935      0.043591935       -17.32896       -17.32896
             25      -8.5590157      0.85246694       1.2296328      -12.859814      0.70587288        7.119786       16.968082   1.3809769e-13       5.0801072     0.024148551      0.024148551      -17.166328      -17.166328
             16      -8.5504527      0.85463089       1.2313895      -12.859832      0.70255369       7.1553502       17.036858   1.3809198e-13       5.0414294      0.02498981       0.02498981      -17.150885      -17.150885
             13      -8.5515492      0.85422298       1.2323615      -12.859693      0.70346763       7.1486327       17.075029   1.3813617e-13       5.0520498     0.025242202      0.025242202      -17.153583      -17.153583
              1      -8.4240311      0.85870434       1.2145789      -12.859182      0.69306511       7.2227793       16.389998    1.382988e-13       4.9324774      0.01874265       0.01874265      -16.885547      -16.885547
             14       -8.412728      0.86271645       1.2212551      -12.857698      0.69181594        7.289814       16.643899   1.3877212e-13       4.9183104     0.020881968      0.020881968       -16.86722       -16.86722
             11      -8.3775404      0.86149069       1.2230342      -12.857172      0.69334128       7.2692681       16.712222   1.3894032e-13       4.9356151      0.02083522       0.02083522      -16.796751      -16.796751
             23      -7.7498586      0.82566472       1.2034197      -12.859773      0.71449835       6.6936765        15.97422    1.381106e-13       5.1820112      0.01213259       0.01213259      -15.523982      -15.523982
             31      -8.0719794      0.81757642       1.2029561      -12.861388      0.72569249       6.5701671       15.957177   1.3759785e-13       5.3173162     0.014769204      0.014769204      -16.173497      -16.173497
              4      -6.0103454       0.7004902      0.88943907      -12.843857      0.90043297       5.0175325       7.7524517    1.432659e-13       7.9512054      0.20272971       0.20272971       -12.42615       -12.42615
             12      -4.0851118      0.77215571       1.0212358       -12.82598      0.87286206       5.9177376       10.501124   1.4928622e-13       7.4621171     0.071511977      0.071511977      -8.3132475      -8.3132475
